datetime,observation,naive,forecast,residual
2024-03-04 23:30:00,31.63551796666667,36.55361176666667,36.7012,5.065680611214191
2024-03-05 00:00:00,29.807451083333333,37.44365835,34.34129,4.533838436930338
2024-03-05 00:30:00,27.986238466666663,47.01877975,32.011898,4.025659574104822
2024-03-05 01:00:00,26.07450365,46.71256075,29.290844,3.2163403136230464
2024-03-05 01:30:00,26.9762161,30.49790433333333,29.092113,2.1158973948730484
2024-03-05 02:00:00,26.93110783333333,30.98176675,28.357891,1.4267832494303434
2024-03-05 02:30:00,27.93224073333333,31.71368325,27.593884,-0.33835721892903337
2024-03-05 03:00:00,27.394241,31.521758450000004,28.367672,0.9734309665527334
2024-03-05 03:30:00,30.85655671666667,30.602086016666664,30.19038,-0.6661766202311235
2024-03-05 04:00:00,27.878208866666668,30.90068095,27.53683,-0.3413779645670587
2024-03-05 04:30:00,28.79828276666667,29.99991998333333,28.482693,-0.3155900481608107
2024-03-05 05:00:00,31.840959816666665,35.02120621666666,29.018871,-2.822088509293618
2024-03-05 05:30:00,31.5390428,38.50231003333333,31.462215,-0.07682737641601634
2024-03-05 06:00:00,29.64681215,34.493385966666665,31.099026,1.4522135763183606
2024-03-05 06:30:00,26.91099275,30.79275065,22.623425,-4.2875682199707015
2024-03-05 07:00:00,15.700023449999998,16.26771165,9.4961815,-6.203841961962889
2024-03-05 07:30:00,-12.14904945,-10.275585733333331,-7.963215,4.185834575732422
2024-03-05 08:00:00,-45.8831505,-42.61249375,-27.40636,18.476789873779296
2024-03-05 08:30:00,-73.42719841666667,-71.62125513333334,-50.43384,22.993356711344404
2024-03-05 09:00:00,-98.97559405,-93.98419595,-75.35326,23.62233782441406
2024-03-05 09:30:00,-116.49176381666666,-120.1624824,-97.35003,19.141734824967443
2024-03-05 10:00:00,-144.75511668333334,-136.88993501666667,-114.21943,30.53568766722006
2024-03-05 10:30:00,-155.4420133,-144.07275006666666,-130.36342,25.07859472089845
2024-03-05 11:00:00,-176.98254169999998,-145.31743896666669,-143.87802,33.10452045976561
2024-03-05 11:30:00,-185.6870405,-142.7056681,-150.00034,35.68670480664062
2024-03-05 12:00:00,-181.62104511666664,-143.61873838333335,-154.80283,26.81821918893226
2024-03-05 12:30:00,-194.99448456666664,-158.89088385,-156.28384,38.71064057252602
2024-03-05 13:00:00,-184.87012045,-155.32205501666667,-153.46649,31.40362875078125
2024-03-05 13:30:00,-190.9147471166667,-148.45416536666667,-146.09357,44.82118022213544
2024-03-05 14:00:00,-161.81106441666665,-134.90219720000002,-133.4548,28.356260949869778
2024-03-05 14:30:00,-151.24186945,-120.6962141,-117.789444,33.45242548027343
2024-03-05 15:00:00,-126.08681358333332,-108.46143235,-96.62547,29.461340560872387
2024-03-05 15:30:00,-101.30729211666666,-84.74471278333333,-74.619514,26.687777651334628
2024-03-05 16:00:00,-72.00116609999999,-59.74705488333333,-50.11678,21.884386772607414
2024-03-05 16:30:00,-33.863739450000004,-31.30616883333333,-26.883442,6.980297524951176
2024-03-05 17:00:00,9.229690633333334,-2.592176766666667,-6.2920876,-15.521778188264975
2024-03-05 17:30:00,18.804687533333333,10.737341799999998,12.430111,-6.374576601936848
2024-03-05 18:00:00,35.244558366666666,28.20476623333333,27.77061,-7.4739475573404945
2024-03-05 18:30:00,45.44428966666666,37.59839171666667,38.561077,-6.883212548746741
2024-03-05 19:00:00,38.492048366666666,42.64168488333333,44.065212,5.573163883089194
2024-03-05 19:30:00,43.5046192,43.284232300000006,46.516003,3.0113834550292964
2024-03-05 20:00:00,43.7811479,39.58350833333333,47.024654,3.243506488427734
2024-03-05 20:30:00,45.1947322,41.60339666666666,46.77252,1.5777859579589872
2024-03-05 21:00:00,47.4141283,41.060780066666666,43.887524,-3.5266046488769547
2024-03-05 21:30:00,43.44956655000001,38.37968941666667,43.19952,-0.25004643891602285
2024-03-05 22:00:00,39.889413866666665,33.28013331666667,42.045162,2.1557483342610695
2024-03-05 22:30:00,40.17495941666667,33.07760655,41.366055,1.1910951182454426
2024-03-05 23:00:00,37.38562343333333,31.97365125,39.79231,2.406685374039718
2024-03-05 23:30:00,35.02027496666667,31.63551796666667,38.844173,3.8238984647298153
2024-03-06 00:00:00,31.85632065,29.807451083333333,35.43919,3.582869260888671
2024-03-06 00:30:00,29.85266508333333,27.986238466666663,32.781338,2.928672654703778
2024-03-06 01:00:00,30.39755663333333,26.07450365,31.573544,1.175986915250654
2024-03-06 01:30:00,28.22244733333333,26.9762161,30.664501,2.4420538568522154
2024-03-06 02:00:00,29.0918545,26.93110783333333,28.079723,-1.0121311418457033
2024-03-06 02:30:00,29.43402335,27.93224073333333,27.33041,-2.103613346337891
2024-03-06 03:00:00,28.97673778333333,27.394241,28.219982,-0.7567556361165337
2024-03-06 03:30:00,29.449398183333333,30.85655671666667,28.308453,-1.140945577132161
2024-03-06 04:00:00,29.023401516666667,27.878208866666668,28.595013,-0.4283888518717447
2024-03-06 04:30:00,28.0677839,28.79828276666667,29.71481,1.647025517724611
2024-03-06 05:00:00,30.4967383,31.840959816666665,28.285,-2.211738452587891
2024-03-06 05:30:00,30.697241183333333,31.5390428,27.911083,-2.7861579618977856
2024-03-06 06:00:00,36.90765295,29.64681215,26.319561,-10.588091945361327
2024-03-06 06:30:00,33.1197295,26.91099275,16.4539,-16.665830116455076
2024-03-06 07:00:00,18.23166055,15.700023449999998,3.90942,-14.322240536572266
2024-03-06 07:30:00,-0.1329223666666662,-12.14904945,-12.463001,-12.330078884554037
2024-03-06 08:00:00,-22.693634516666663,-45.8831505,-30.320118,-7.6264834337727905
2024-03-06 08:30:00,-57.04774051666666,-73.42719841666667,-53.00365,4.044089851383454
2024-03-06 09:00:00,-87.02169683333334,-98.97559405,-77.10721,9.914488581380212
2024-03-06 09:30:00,-117.9121021,-116.49176381666666,-96.82944,21.082664844140623
2024-03-06 10:00:00,-124.77898451666664,-144.75511668333334,-115.11849,9.660492390201796
2024-03-06 10:30:00,-145.38500348333335,-155.4420133,-131.57088,13.814126408138037
2024-03-06 11:00:00,-157.93097435,-176.98254169999998,-146.17303,11.757939682031264
2024-03-06 11:30:00,-166.10256855,-185.6870405,-155.72516,10.37740985859375
2024-03-06 12:00:00,-169.83698206666668,-181.62104511666664,-162.0906,7.746375377213553
2024-03-06 12:30:00,-154.16982183333332,-194.99448456666664,-164.05,-9.880181218424497
2024-03-06 13:00:00,-153.17990711666667,-184.87012045,-164.8406,-11.660699572786456
2024-03-06 13:30:00,-143.55757785,-190.9147471166667,-158.32396,-14.766381500585936
2024-03-06 14:00:00,-120.61265088333332,-161.81106441666665,-145.93283,-25.32017992721356
2024-03-06 14:30:00,-94.57506841666668,-151.24186945,-129.2369,-34.66182428352863
2024-03-06 15:00:00,-81.51926678333334,-126.08681358333332,-105.88196,-24.362691224479164
2024-03-06 15:30:00,-57.35866561666666,-101.30729211666666,-85.12346,-27.764793245638025
2024-03-06 16:00:00,-32.01872825,-72.00116609999999,-57.294697,-25.275968557861326
2024-03-06 16:30:00,-13.368973383333334,-33.863739450000004,-31.812962,-18.443988195035807
2024-03-06 17:00:00,8.354800166666665,9.229690633333334,-7.96294,-16.317740382731117
2024-03-06 17:30:00,22.860088166666667,18.804687533333333,10.161953,-12.698135194254558
2024-03-06 18:00:00,37.30436503333333,35.244558366666666,25.124035,-12.180330151741536
2024-03-06 18:30:00,48.86131723333333,45.44428966666666,38.48016,-10.381157473811847
2024-03-06 19:00:00,49.13920841666667,38.492048366666666,44.37515,-4.76405964347331
2024-03-06 19:30:00,57.80287271666666,43.5046192,47.91148,-9.89139276671549
2024-03-06 20:00:00,52.84483838333333,43.7811479,48.02122,-4.8236172224446605
2024-03-06 20:30:00,47.20979378333334,45.1947322,46.949306,-0.2604872952962296
2024-03-06 21:00:00,44.07797778333333,47.4141283,45.331814,1.253836028922528
2024-03-06 21:30:00,44.439041550000006,43.44956655000001,44.57104,0.13199955717772838
2024-03-06 22:00:00,42.35343945,39.889413866666665,40.27972,-2.073719143603519
2024-03-06 22:30:00,38.00416503333333,40.17495941666667,40.081203,2.07703842736003
2024-03-06 23:00:00,36.72257446666666,37.38562343333333,39.9958,3.2732255516438897
2024-03-06 23:30:00,36.12270403333333,35.02027496666667,37.654217,1.531512733024094
2024-03-07 00:00:00,36.52191613333333,31.85632065,35.898525,-0.6233908952962182
2024-03-07 00:30:00,29.5816993,29.85266508333333,34.050884,4.4691849468261715
2024-03-07 01:00:00,28.757161766666663,30.39755663333333,31.648098,2.890936225276697
2024-03-07 01:30:00,25.824705466666668,28.22244733333333,31.533672,5.708966866097004
2024-03-07 02:00:00,25.035688366666665,29.0918545,29.31277,4.277082476839194
2024-03-07 02:30:00,25.026661716666663,29.43402335,28.55157,3.5249091756673216
2024-03-07 03:00:00,25.554799900000003,28.97673778333333,28.9584,3.403600826318357
2024-03-07 03:30:00,26.488492866666665,29.449398183333333,29.665707,3.17721376785482
2024-03-07 04:00:00,27.01042765,29.023401516666667,32.515835,5.505407158349609
2024-03-07 04:30:00,25.580843366666667,28.0677839,31.860638,6.279794298128255
2024-03-07 05:00:00,27.1865655,30.4967383,31.266674,4.0801085417480465
2024-03-07 05:30:00,40.64333898333334,30.697241183333333,29.296124,-11.347215478694665
2024-03-07 06:00:00,37.10658845,36.90765295,24.134487,-12.972101297900387
2024-03-07 06:30:00,21.29534286666667,33.1197295,16.645077,-4.6502661149576845
2024-03-07 07:00:00,6.63868935,18.23166055,4.7725945,-1.866094898095703
2024-03-07 07:30:00,-20.59863543333333,-0.1329223666666662,-13.98624,6.612395046370441
2024-03-07 08:00:00,-43.38175005,-22.693634516666663,-31.705143,11.676607075146485
2024-03-07 08:30:00,-60.51864344999999,-57.04774051666666,-53.63393,6.884713243701164
2024-03-07 09:00:00,-89.98327391666668,-87.02169683333334,-78.99463,10.988645010416676
2024-03-07 09:30:00,-119.31599948333331,-117.9121021,-100.57802,18.737981294856752
2024-03-07 10:00:00,-139.72546676666667,-124.77898451666664,-119.138214,20.587252655338546
2024-03-07 10:30:00,-148.32470068333333,-145.38500348333335,-133.10608,15.218621581770833
2024-03-07 11:00:00,-159.29432613333333,-157.93097435,-146.91873,12.375594443880203
2024-03-07 11:30:00,-167.13996445,-166.10256855,-157.68668,9.453288424609383
2024-03-07 12:00:00,-166.46697115,-169.83698206666668,-162.67213,3.7948367505859437
2024-03-07 12:30:00,-168.94975436666667,-154.16982183333332,-166.48096,2.4687973354166672
2024-03-07 13:00:00,-166.20680041666665,-153.17990711666667,-165.21185,0.9949473893229026
2024-03-07 13:30:00,-165.89818991666667,-143.55757785,-157.99211,7.906078710611979
2024-03-07 14:00:00,-151.32544725,-120.61265088333332,-145.34766,5.977790999999996
2024-03-07 14:30:00,-134.43903376666665,-94.57506841666668,-124.47505,9.963981886783841
2024-03-07 15:00:00,-112.44708996666668,-81.51926678333334,-100.96886,11.478233155143243
2024-03-07 15:30:00,-87.09284906666666,-57.35866561666666,-73.25887,13.833976080826815
2024-03-07 16:00:00,-55.43720545,-32.01872825,-45.11939,10.317816869677735
2024-03-07 16:30:00,-23.766585116666665,-13.368973383333334,-20.359287,3.407297854703774
2024-03-07 17:00:00,2.8559612,8.354800166666665,2.854107,-0.0018542969238279916
2024-03-07 17:30:00,27.803821650000003,22.860088166666667,19.955593,-7.848228540869144
2024-03-07 18:00:00,36.382967666666666,37.30436503333333,33.23666,-3.1463076630045563
2024-03-07 18:30:00,42.71335345,48.86131723333333,44.122005,1.4086520126464848
2024-03-07 19:00:00,50.15194351666667,49.13920841666667,50.003918,-0.14802582257487273
2024-03-07 19:30:00,46.2785166,57.80287271666666,51.991665,5.713148286474606
2024-03-07 20:00:00,54.60719673333333,52.84483838333333,51.35969,-3.247505113460285
2024-03-07 20:30:00,51.50195821666667,47.20979378333334,48.537975,-2.9639829053873754
2024-03-07 21:00:00,50.93670073333334,44.07797778333333,45.58932,-5.34737959685873
2024-03-07 21:30:00,49.514779833333336,44.439041550000006,41.753994,-7.760785845296226
2024-03-07 22:00:00,39.7422439,42.35343945,40.596127,0.8538826563964861
2024-03-07 22:30:00,38.729978583333335,38.00416503333333,38.41525,-0.31472971248372517
2024-03-07 23:00:00,35.497561616666665,36.72257446666666,36.554256,1.056694822542319
2024-03-07 23:30:00,35.75176445,36.12270403333333,36.19282,0.44105705268554374
2024-03-08 00:00:00,35.74555165,36.52191613333333,33.761913,-1.9836383504394561
2024-03-08 00:30:00,37.3702234,29.5816993,31.577465,-5.7927583426269535
2024-03-08 01:00:00,31.9595849,28.757161766666663,30.893627,-1.0659577332519525
2024-03-08 01:30:00,32.31073056666667,25.824705466666668,28.766659,-3.544071783707686
2024-03-08 02:00:00,34.150353900000006,25.035688366666665,29.73074,-4.419614306494147
2024-03-08 02:30:00,32.06766916666667,25.026661716666663,31.013424,-1.054245246988934
2024-03-08 03:00:00,30.889155183333333,25.554799900000003,31.682095,0.7929393906412763
2024-03-08 03:30:00,31.28483626666667,26.488492866666665,32.175533,0.8906970280110649
2024-03-08 04:00:00,32.03645325,27.01042765,30.77171,-1.2647438078613291
2024-03-08 04:30:00,30.28865665,25.580843366666667,29.654018,-0.6346382479003907
2024-03-08 05:00:00,31.7811379,27.1865655,28.828808,-2.952330069189454
2024-03-08 05:30:00,44.57373591666666,40.64333898333334,29.916134,-14.657602036051422
2024-03-08 06:00:00,61.98601141666666,37.10658845,25.794079,-36.19193258976237
2024-03-08 06:30:00,31.793304716666665,21.29534286666667,20.39175,-11.401554380973305
2024-03-08 07:00:00,16.263026149999998,6.63868935,7.2962303,-8.966795833837889
2024-03-08 07:30:00,-5.639970000000001,-20.59863543333333,-8.798206,-3.1582363293457023
2024-03-08 08:00:00,-31.46777228333333,-43.38175005,-30.586536,0.8812358758626253
2024-03-08 08:30:00,-60.39462938333333,-60.51864344999999,-53.798847,6.595782184847003
2024-03-08 09:00:00,-83.72794053333332,-89.98327391666668,-82.37088,1.3570604063801994
2024-03-08 09:30:00,-116.12766791666668,-119.31599948333331,-104.140045,11.987622750651056
2024-03-08 10:00:00,-138.5986369,-139.72546676666667,-122.952576,15.646061216406252
2024-03-08 10:30:00,-163.74181201666667,-148.32470068333333,-138.0392,25.70261218756511
2024-03-08 11:00:00,-152.932489,-159.29432613333333,-150.71786,2.214624009765629
2024-03-08 11:30:00,-163.92578171666668,-167.13996445,-159.47122,4.454559792838552
2024-03-08 12:00:00,-161.06029296666668,-166.46697115,-162.35196,-1.2916662618489454
2024-03-08 12:30:00,-159.92686325,-168.94975436666667,-163.93018,-4.003312531250003
2024-03-08 13:00:00,-156.94962868333334,-166.20680041666665,-158.72978,-1.7801534211588432
2024-03-08 13:30:00,-189.81065298333337,-165.89818991666667,-150.6101,39.20054556145837
2024-03-08 14:00:00,-196.04875328333333,-151.32544725,-137.46472,58.584031603645826
2024-03-08 14:30:00,-122.83358878333333,-134.43903376666665,-119.84691,2.9866802139973885
2024-03-08 15:00:00,-95.38532211666666,-112.44708996666668,-99.52808,-4.142761684602874
2024-03-08 15:30:00,-68.528994,-87.09284906666666,-76.99583,-8.466832721191409
2024-03-08 16:00:00,-46.92499385,-55.43720545,-50.756077,-3.8310829627441407
2024-03-08 16:30:00,-25.4913379,-23.766585116666665,-26.777378,-1.2860401822753893
2024-03-08 17:00:00,5.071235483333333,2.8559612,-2.8922005,-7.963435953304036
2024-03-08 17:30:00,22.690502866666662,27.803821650000003,16.639095,-6.051407560270178
2024-03-08 18:00:00,41.168405883333335,36.382967666666666,30.65231,-10.516096465608726
2024-03-08 18:30:00,34.56271938333333,42.71335345,39.74374,5.1810206984537786
2024-03-08 19:00:00,35.27598258333333,50.15194351666667,44.474102,9.198119436930341
2024-03-08 19:30:00,37.80891558333334,46.2785166,48.055508,10.246592076578771
2024-03-08 20:00:00,41.47455568333333,54.60719673333333,47.2104,5.735843944352219
2024-03-08 20:30:00,42.798749533333336,51.50195821666667,47.253185,4.454435738883461
2024-03-08 21:00:00,44.52041023333334,50.93670073333334,44.503185,-0.017224961116539816
2024-03-08 21:30:00,41.82779235,49.514779833333336,42.364834,0.5370414817871065
2024-03-08 22:00:00,40.52108558333334,39.7422439,43.056774,2.5356885560709586
2024-03-08 22:30:00,39.09572456666667,38.729978583333335,41.204693,2.108968273909504
2024-03-08 23:00:00,36.00893021666666,35.497561616666665,38.918224,2.909294118050134
2024-03-08 23:30:00,28.889799550000003,35.75176445,38.411236,9.521436259326169
2024-03-09 00:00:00,28.78199435,35.74555165,37.035503,8.25350903745117
2024-03-09 00:30:00,25.949480833333336,37.3702234,34.083202,8.13372152872721
2024-03-09 01:00:00,26.684073216666665,31.9595849,32.766415,6.08234142566732
2024-03-09 01:30:00,25.42322045,32.31073056666667,30.44386,5.020638650341798
2024-03-09 02:00:00,24.43990816666667,34.150353900000006,29.145763,4.705855230550128
2024-03-09 02:30:00,25.32973678333333,32.06766916666667,29.183651,3.8539141871256533
2024-03-09 03:00:00,27.174544416666667,30.889155183333333,28.03674,0.8621949326985678
2024-03-09 03:30:00,25.376741166666665,31.28483626666667,30.166698,4.7899572891438815
2024-03-09 04:00:00,24.55937648333333,32.03645325,31.68443,7.125052685367841
2024-03-09 04:30:00,24.46870841666667,30.28865665,32.595135,8.126426318440753
2024-03-09 05:00:00,25.836700583333336,31.7811379,32.1954,6.3586996547037735
2024-03-09 05:30:00,25.907733333333336,44.57373591666666,36.31457,10.406838047281898
2024-03-09 06:00:00,25.813958783333334,61.98601141666666,34.584072,8.770113329703776
2024-03-09 06:30:00,12.042061566666668,31.793304716666665,23.877712,11.835650683089192
2024-03-09 07:00:00,2.051447733333333,16.263026149999998,10.837063,8.785615102360026
2024-03-09 07:30:00,-22.054576666666662,-5.639970000000001,-10.464924,11.589652808024084
2024-03-09 08:00:00,-50.04827455,-31.46777228333333,-33.3449,16.70337632612305
2024-03-09 08:30:00,-77.36787345,-60.39462938333333,-59.16425,18.20362402983399
2024-03-09 09:00:00,-98.23520505,-83.72794053333332,-85.10273,13.132475252636723
2024-03-09 09:30:00,-124.00065166666668,-116.12766791666668,-108.398346,15.602305719401059
2024-03-09 10:00:00,-133.29547125,-138.5986369,-126.25641,7.039062558593741
2024-03-09 10:30:00,-140.45905935,-163.74181201666667,-141.79631,-1.3372510748046977
2024-03-09 11:00:00,-148.8200601,-152.932489,-151.99081,-3.1707541089843687
2024-03-09 11:30:00,-152.4311079,-163.92578171666668,-158.33922,-5.908110239648437
2024-03-09 12:00:00,-155.24672203333333,-161.06029296666668,-161.71106,-6.464337536979173
2024-03-09 12:30:00,-148.00152388333333,-159.92686325,-162.49966,-14.49814042330729
2024-03-09 13:00:00,-151.23537661666668,-156.94962868333334,-160.0166,-8.781224945833316
2024-03-09 13:30:00,-139.76849671666668,-189.81065298333337,-153.38118,-13.612683092903637
2024-03-09 14:00:00,-132.80185766666668,-196.04875328333333,-141.84001,-9.03815393001301
2024-03-09 14:30:00,-114.22880721666668,-122.83358878333333,-125.67936,-11.450552219368475
2024-03-09 15:00:00,-103.64080381666666,-95.38532211666666,-104.76805,-1.127247330794276
2024-03-09 15:30:00,-71.72790871666668,-68.528994,-80.9458,-9.217892064583324
2024-03-09 16:00:00,-40.04285848333333,-46.92499385,-55.43697,-15.394111273746745
2024-03-09 16:30:00,-8.375172166666667,-25.4913379,-29.792042,-21.416869611897788
2024-03-09 17:00:00,11.002659866666669,5.071235483333333,-4.339039,-15.341698715543622
2024-03-09 17:30:00,30.99660533333333,22.690502866666662,19.552486,-11.444118913655597
2024-03-09 18:00:00,37.56455026666666,41.168405883333335,34.941906,-2.6226442913248604
2024-03-09 18:30:00,52.05921783333333,34.56271938333333,45.177425,-6.881792448811844
2024-03-09 19:00:00,56.48518368333333,35.27598258333333,49.549343,-6.935840574202473
2024-03-09 19:30:00,59.81511045,37.80891558333334,50.160213,-9.654896979541014
2024-03-09 20:00:00,63.75904116666666,41.47455568333333,49.06457,-14.694469786051428
2024-03-09 20:30:00,62.0478101,42.798749533333336,48.181866,-13.865944407861328
2024-03-09 21:00:00,57.27902326666666,44.52041023333334,46.15771,-11.121312237613928
2024-03-09 21:30:00,50.81273545,41.82779235,42.370937,-8.441798102587889
2024-03-09 22:00:00,50.756472900000006,40.52108558333334,41.642498,-9.113974883642584
2024-03-09 22:30:00,51.54340738333334,39.09572456666667,38.83755,-12.70585626638998
2024-03-09 23:00:00,50.71048125,36.00893021666666,39.438473,-11.272008502197266
2024-03-09 23:30:00,45.0360967,28.889799550000003,39.69534,-5.340757497119142
2024-03-10 00:00:00,41.17604565,28.78199435,38.865475,-2.3105709490722646
2024-03-10 00:30:00,37.63981876666667,25.949480833333336,33.775448,-3.864370921207687
2024-03-10 01:00:00,30.561354,26.684073216666665,29.667812,-0.8935416525878921
2024-03-10 01:30:00,27.629168316666664,25.42322045,28.874126,1.2449581176595075
2024-03-10 02:00:00,28.5197356,24.43990816666667,27.668072,-0.8516638531738288
2024-03-10 02:30:00,24.948532716666666,25.32973678333333,27.854961,2.906428678597006
2024-03-10 03:00:00,25.512628483333334,27.174544416666667,29.14915,3.636522365055338
2024-03-10 03:30:00,27.0977855,25.376741166666665,30.37283,3.275043937255859
2024-03-10 04:00:00,27.09038943333333,24.55937648333333,31.805782,4.715392884781906
2024-03-10 04:30:00,26.265068183333337,24.46870841666667,33.21075,6.945682396500647
2024-03-10 05:00:00,30.70104775,25.836700583333336,31.753613,1.0525647683105461
2024-03-10 05:30:00,32.72072506666667,25.907733333333336,34.028667,1.3079423832845052
2024-03-10 06:00:00,26.267230016666662,25.813958783333334,29.659649,3.3924188785970095
2024-03-10 06:30:00,17.831781016666667,12.042061566666668,20.893826,3.062044514339192
2024-03-10 07:00:00,-1.2111090333333328,2.051447733333333,7.401455,8.612563958870442
2024-03-10 07:30:00,-18.945010416666666,-22.054576666666662,-11.639317,7.305693857828775
2024-03-10 08:00:00,-45.30250778333333,-50.04827455,-35.256245,10.046263123909505
2024-03-10 08:30:00,-70.58002388333334,-77.36787345,-62.280582,8.299441455354824
2024-03-10 09:00:00,-86.48011989999999,-98.23520505,-88.15897,-1.678853793847665
2024-03-10 09:30:00,-114.7861236,-124.00065166666668,-109.12851,5.657614078515621
2024-03-10 10:00:00,-182.63865743333332,-133.29547125,-128.97604,53.66261373216145
2024-03-10 10:30:00,-148.70699186666667,-140.45905935,-143.54529,5.1617037807291695
2024-03-10 11:00:00,-160.68501445,-148.8200601,-154.3978,6.287217819140636
2024-03-10 11:30:00,-168.91448649999998,-152.4311079,-161.84067,7.073818775390606
2024-03-10 12:00:00,-168.0772671,-155.24672203333333,-165.80557,2.2716945902343753
2024-03-10 12:30:00,-176.06688338333333,-148.00152388333333,-165.81624,10.250644980013021
2024-03-10 13:00:00,-169.98796025,-151.23537661666668,-160.67145,9.316512496093736
2024-03-10 13:30:00,-160.55129451666667,-139.76849671666668,-150.2283,10.322992514713548
2024-03-10 14:00:00,-148.5009438666667,-132.80185766666668,-139.68898,8.811963764127626
2024-03-10 14:30:00,-134.22697854999998,-114.22880721666668,-121.44137,12.78561044697264
2024-03-10 15:00:00,-118.47353171666668,-103.64080381666666,-98.58763,19.885900491080747
2024-03-10 15:30:00,-101.54020865,-71.72790871666668,-74.434395,27.105813813574215
2024-03-10 16:00:00,-51.28547098333333,-40.04285848333333,-48.165714,3.1197567194173175
2024-03-10 16:30:00,-4.942910883333333,-8.375172166666667,-21.719517,-16.776605870817058
2024-03-10 17:00:00,21.032636083333333,11.002659866666669,0.7482567,-20.284379399983724
2024-03-10 17:30:00,35.20239783333333,30.99660533333333,20.497295,-14.705102453694657
2024-03-10 18:00:00,62.13718815000001,37.56455026666666,36.581493,-25.55569477231446
2024-03-10 18:30:00,67.15616899999999,52.05921783333333,45.16499,-21.991179528564444
2024-03-10 19:00:00,50.60216113333333,56.48518368333333,47.041897,-3.560264313264973
2024-03-10 19:30:00,51.12993711666667,59.81511045,48.296597,-2.833340589567058
2024-03-10 20:00:00,49.04353111666666,63.75904116666666,51.40388,2.3603499563313903
2024-03-10 20:30:00,58.14643605,62.0478101,50.25381,-7.892625167431639
2024-03-10 21:00:00,56.77143575,57.27902326666666,47.922787,-8.848649037353518
2024-03-10 21:30:00,44.48343888333333,50.81273545,46.548244,2.0648055929850315
2024-03-10 22:00:00,34.87862318333333,50.756472900000006,43.962414,9.083790604508465
2024-03-10 22:30:00,35.49218556666667,51.54340738333334,42.38261,6.890424754378252
2024-03-10 23:00:00,39.86827888333333,50.71048125,41.54585,1.677569963102215
2024-03-10 23:30:00,41.91251785,45.0360967,39.517117,-2.395401303369141
2024-03-11 00:00:00,34.312572716666665,41.17604565,38.029476,3.7169034491048194
2024-03-11 00:30:00,31.067592716666667,37.63981876666667,36.20567,5.138076686409505
2024-03-11 01:00:00,32.6407292,30.561354,34.18057,1.5398394950683567
2024-03-11 01:30:00,32.018443999999995,27.629168316666664,31.65327,-0.36517327856444837
2024-03-11 02:00:00,27.163164416666664,28.5197356,28.554226,1.3910615049641954
2024-03-11 02:30:00,28.57906936666667,24.948532716666666,29.125973,0.5469033811360653
2024-03-11 03:00:00,28.41195265,25.512628483333334,27.18974,-1.222213422705078
2024-03-11 03:30:00,27.654519316666665,27.0977855,27.475582,-0.1789371938639306
2024-03-11 04:00:00,28.25674718333333,27.09038943333333,28.449902,0.1931543974772154
2024-03-11 04:30:00,29.50381271666667,26.265068183333337,31.966885,2.4630718963704403
2024-03-11 05:00:00,36.0532138,30.70104775,36.00326,-0.04995223383789238
2024-03-11 05:30:00,35.14131495,32.72072506666667,35.52531,0.38399556635742016
2024-03-11 06:00:00,33.07602538333333,26.267230016666662,32.313976,-0.762049095491534
2024-03-11 06:30:00,30.578221616666667,17.831781016666667,24.444546,-6.133675870817058
2024-03-11 07:00:00,16.4475599,-1.2111090333333328,8.295071,-8.152489251806642
2024-03-11 07:30:00,2.0535268166666665,-18.945010416666666,-9.734989,-11.788515982926432
2024-03-11 08:00:00,-34.35498113333333,-45.30250778333333,-33.88631,0.46867055594075424
2024-03-11 08:30:00,-61.0448383,-70.58002388333334,-63.569477,-2.524638781298826
2024-03-11 09:00:00,-84.88635253333334,-86.48011989999999,-92.3008,-7.414443975455725
2024-03-11 09:30:00,-97.09375448333331,-114.7861236,-114.11209,-17.01833658111981
2024-03-11 10:00:00,-107.39962058333332,-182.63865743333332,-135.85895,-28.459327170572934
2024-03-11 10:30:00,-127.23726323333334,-148.70699186666667,-147.73375,-20.4964861563151
2024-03-11 11:00:00,-135.4617858,-160.68501445,-158.4816,-23.019812100390624
2024-03-11 11:30:00,-153.01585898333337,-168.91448649999998,-165.76181,-12.745951319401001
2024-03-11 12:00:00,-163.11282128333332,-168.0772671,-169.95387,-6.8410513973307445
2024-03-11 12:30:00,-155.9078945,-176.06688338333333,-169.21399,-13.306094757812502
2024-03-11 13:00:00,-134.58047661666666,-169.98796025,-164.14229,-29.561811591341154
2024-03-11 13:30:00,-127.79476,-160.55129451666667,-154.04819,-26.25342725585938
2024-03-11 14:00:00,-116.93122665,-148.5009438666667,-139.16437,-22.23314102578125
2024-03-11 14:30:00,-123.00449633333334,-134.22697854999998,-122.596535,0.4079616043294294
2024-03-11 15:00:00,-108.3024075,-118.47353171666668,-101.21514,7.087266203613282
2024-03-11 15:30:00,-50.65909046666667,-101.54020865,-77.63513,-26.97604136927083
2024-03-11 16:00:00,-15.620585383333331,-51.28547098333333,-49.44356,-33.82297617062174
2024-03-11 16:30:00,12.791907283333336,-4.942910883333333,-24.85213,-37.644038173225916
2024-03-11 17:00:00,26.12973445,21.032636083333333,1.046215,-25.083519392626954
2024-03-11 17:30:00,40.6251633,35.20239783333333,18.85194,-21.7732231449707
2024-03-11 18:00:00,51.11637625,62.13718815000001,35.01771,-16.098664610595705
2024-03-11 18:30:00,57.30215775,67.15616899999999,45.952663,-11.34949432836914
2024-03-11 19:00:00,55.84763815,50.60216113333333,53.391903,-2.4557352264160173
2024-03-11 19:30:00,59.96712436666667,51.12993711666667,56.27389,-3.6932329176920575
2024-03-11 20:00:00,53.888865,49.04353111666666,56.086422,2.1975569665527317
2024-03-11 20:30:00,55.69788225,58.14643605,53.16032,-2.5375619680175774
2024-03-11 21:00:00,44.58410933333334,56.77143575,50.104534,5.520424815836584
2024-03-11 21:30:00,46.8000705,44.48343888333333,46.321102,-0.4789683576660124
2024-03-11 22:00:00,47.47809011666666,34.87862318333333,44.413616,-3.064473936246735
2024-03-11 22:30:00,38.077704966666666,35.49218556666667,45.044323,6.966618000862631
2024-03-11 23:00:00,34.118435833333336,39.86827888333333,40.17317,6.0547323490397105
2024-03-11 23:30:00,33.37546941666667,41.91251785,39.84254,6.467071324300129
2024-03-12 00:00:00,34.37976595,34.312572716666665,35.663647,1.2838807479980474
2024-03-12 00:30:00,32.59291846666667,31.067592716666667,33.91714,1.3242224940266922
2024-03-12 01:00:00,29.61633276666667,32.6407292,30.86694,1.2506067780110648
2024-03-12 01:30:00,28.243644900000003,32.018443999999995,29.365444,1.1217992833496062
2024-03-12 02:00:00,28.56585945,27.163164416666664,27.152248,-1.413611067431642
2024-03-12 02:30:00,27.980985500000003,28.57906936666667,26.283962,-1.6970232502441434
2024-03-12 03:00:00,28.3236817,28.41195265,24.608318,-3.7153633711425798
2024-03-12 03:30:00,27.79840175,27.654519316666665,24.717602,-3.080799973876953
2024-03-12 04:00:00,28.6166267,28.25674718333333,29.612682,0.9960556425292957
2024-03-12 04:30:00,28.24731355,29.50381271666667,30.778912,2.5315980405761707
2024-03-12 05:00:00,31.097565083333336,36.0532138,36.071087,4.973521800211586
2024-03-12 05:30:00,29.735486066666667,35.14131495,36.147427,6.411940538557943
2024-03-12 06:00:00,34.39386111666666,33.07602538333333,32.99307,-1.4007924215983039
2024-03-12 06:30:00,36.73017766666667,30.578221616666667,22.2048,-14.52537801456706
2024-03-12 07:00:00,18.3098882,16.4475599,9.687725,-8.622163132861328
2024-03-12 07:30:00,-10.413915666666668,2.0535268166666665,-11.180012,-0.7660960826009102
2024-03-12 08:00:00,-37.3060971,-34.35498113333333,-35.356388,1.9497090079589867
2024-03-12 08:30:00,-68.6722373,-61.0448383,-62.264896,6.4073409071777405
2024-03-12 09:00:00,-93.14762825,-84.88635253333334,-89.16586,3.981765212890622
2024-03-12 09:30:00,-107.79793313333332,-97.09375448333331,-113.842224,-6.044290987760434
2024-03-12 10:00:00,-130.27649383333335,-107.39962058333332,-129.76567,0.51082305696616
2024-03-12 10:30:00,-118.84819093333331,-127.23726323333334,-144.97165,-26.12345823658856
2024-03-12 11:00:00,-130.3359375,-135.4617858,-153.19144,-22.855499267578125
2024-03-12 11:30:00,-129.75543395,-153.01585898333337,-159.60385,-29.848417368359378
2024-03-12 12:00:00,-136.65115728333333,-163.11282128333332,-164.50085,-27.849697208854167
2024-03-12 12:30:00,-138.06090011666666,-155.9078945,-163.94876,-25.887860869661466
2024-03-12 13:00:00,-135.04272926666667,-134.58047661666666,-157.80382,-22.76108848235677
2024-03-12 13:30:00,-126.34061611666668,-127.79476,-147.76566,-21.425039400911444
2024-03-12 14:00:00,-117.60222451666668,-116.93122665,-133.16992,-15.56769735833332
2024-03-12 14:30:00,-90.56398111666664,-123.00449633333334,-115.4351,-24.871115624056017
2024-03-12 15:00:00,-56.1659622,-108.3024075,-96.050186,-39.88422395722656
2024-03-12 15:30:00,-36.38941006666667,-50.65909046666667,-70.06416,-33.67475314134114
2024-03-12 16:00:00,-15.044673833333333,-15.620585383333331,-40.08504,-25.040367212809244
2024-03-12 16:30:00,5.226312766666668,12.791907283333336,-11.962376,-17.188688407535807
2024-03-12 17:00:00,27.585690816666663,26.12973445,11.222912,-16.362778981949866
2024-03-12 17:30:00,33.31254635,40.6251633,31.164043,-2.148502923486326
2024-03-12 18:00:00,47.50225738333333,51.11637625,46.49281,-1.0094480876790328
2024-03-12 18:30:00,54.13310620000001,57.30215775,55.250072,1.1169662792480395
2024-03-12 19:00:00,52.94251143333333,55.84763815,59.13258,6.190068370133467
2024-03-12 19:30:00,51.37559213333333,59.96712436666667,60.870373,9.49478063888347
2024-03-12 20:00:00,49.73020618333334,53.888865,55.80351,6.073302575211585
2024-03-12 20:30:00,48.368144316666665,55.69788225,52.272396,3.904251770979819
2024-03-12 21:00:00,45.626756633333336,44.58410933333334,49.015636,3.3888798107584606
2024-03-12 21:30:00,40.5293155,46.8000705,47.199856,6.670540304443357
2024-03-12 22:00:00,36.96462948333333,47.47809011666666,46.22401,9.259380984195964
2024-03-12 22:30:00,34.88300778333333,38.077704966666666,43.26022,8.377211790641276
2024-03-12 23:00:00,32.758421866666666,34.118435833333336,42.85377,10.095349343050131
2024-03-12 23:30:00,30.36241948333333,33.37546941666667,39.205853,8.843433025211592
2024-03-13 00:00:00,28.92369723333333,34.37976595,33.14503,4.2213337420084684
2024-03-13 00:30:00,27.06788818333333,32.59291846666667,30.381771,3.3138829043131537
2024-03-13 01:00:00,27.484257133333333,29.61633276666667,30.03764,2.5533824845865887
2024-03-13 01:30:00,27.61164435,28.243644900000003,26.14056,-1.4710841998535145
2024-03-13 02:00:00,25.62901433333333,28.56585945,28.526897,2.8978830970865914
2024-03-13 02:30:00,25.58535765,27.980985500000003,28.591686,3.006328598779298
2024-03-13 03:00:00,26.46859165,28.3236817,29.526424,3.057832757958984
2024-03-13 03:30:00,25.747206266666662,27.79840175,27.195675,1.448468629573572
2024-03-13 04:00:00,25.58452505,28.6166267,32.329815,6.745289860888672
2024-03-13 04:30:00,24.745624483333334,28.24731355,33.96281,9.217186033024088
2024-03-13 05:00:00,29.2398855,31.097565083333336,35.378674,6.138788053466797
2024-03-13 05:30:00,31.227856783333333,29.735486066666667,35.39001,4.162154050406901
2024-03-13 06:00:00,31.1244069,34.39386111666666,34.044857,2.920450125146484
2024-03-13 06:30:00,27.53384718333333,36.73017766666667,26.079693,-1.4541543427571568
2024-03-13 07:00:00,25.9935218,18.3098882,11.931362,-14.06215964790039
2024-03-13 07:30:00,3.8187441499999983,-10.413915666666668,-8.832432,-12.65117594321289
2024-03-13 08:00:00,-13.141087766666669,-37.3060971,-31.642063,-18.500975374202472
2024-03-13 08:30:00,-29.7045527,-68.6722373,-58.53722,-28.832667301220702
2024-03-13 09:00:00,-56.49127775,-93.14762825,-91.52945,-35.03817171289062
2024-03-13 09:30:00,-79.26554438333334,-107.79793313333332,-109.99388,-30.728336842252602
2024-03-13 10:00:00,-86.64414190000001,-130.27649383333335,-128.98758,-42.34343744570312
2024-03-13 10:30:00,-95.16110263333331,-118.84819093333331,-143.12128,-47.960174222135436
2024-03-13 11:00:00,-100.29351776666664,-130.3359375,-152.53708,-52.243561090755236
2024-03-13 11:30:00,-98.69769561666668,-129.75543395,-156.99857,-58.30087005716145
2024-03-13 12:00:00,-110.96904371666666,-136.65115728333333,-159.80865,-48.83961106848959
2024-03-13 12:30:00,-117.56324296666666,-138.06090011666666,-157.4675,-39.90425581263021
2024-03-13 13:00:00,-137.51856615,-135.04272926666667,-152.4321,-14.913532238671877
2024-03-13 13:30:00,-94.45881045,-126.34061611666668,-144.05472,-49.595907567578124
2024-03-13 14:00:00,-92.66385495,-117.60222451666668,-132.6062,-39.942346221875
2024-03-13 14:30:00,-79.63859651666667,-90.56398111666664,-112.57255,-32.93395139593099
2024-03-13 15:00:00,-69.83239675,-56.1659622,-85.2894,-15.457001443359374
2024-03-13 15:30:00,-45.32839891666666,-36.38941006666667,-59.029957,-13.701557900960296
2024-03-13 16:00:00,-27.026437783333336,-15.044673833333333,-30.966175,-3.9397372960123676
2024-03-13 16:30:00,-5.827338349999998,5.226312766666668,-5.1398506,0.6874877335449199
2024-03-13 17:00:00,4.483046750000001,27.585690816666663,14.343197,9.860150118896485
2024-03-13 17:30:00,21.990986616666664,33.31254635,30.708721,8.717734544222008
2024-03-13 18:00:00,40.1535794,47.50225738333333,46.5814,6.427822424951174
2024-03-13 18:30:00,35.3174723,54.13310620000001,54.870068,19.55259529643555
2024-03-13 19:00:00,42.052426716666666,52.94251143333333,56.988888,14.936461070198568
2024-03-13 19:30:00,44.08889886666666,51.37559213333333,56.025585,11.936686307893886
2024-03-13 20:00:00,43.425948516666665,49.73020618333334,52.839962,9.41401348894857
2024-03-13 20:30:00,45.54065831666667,48.368144316666665,48.75474,3.2140833520345
2024-03-13 21:00:00,45.04457008333333,45.626756633333336,47.828533,2.7839630892740885
2024-03-13 21:30:00,45.04513881666667,40.5293155,45.743755,0.6986165239095001
2024-03-13 22:00:00,40.23583331666666,36.96462948333333,43.900845,3.6650112573079525
2024-03-13 22:30:00,36.40509078333333,34.88300778333333,42.598156,6.1930651920084685
2024-03-13 23:00:00,34.74128781666666,32.758421866666666,39.275936,4.534648310042321
2024-03-13 23:30:00,32.923500383333334,30.36241948333333,36.388638,3.4651371593912756
2024-03-14 00:00:00,29.490833133333336,28.92369723333333,36.043972,6.553138882047524
2024-03-14 00:30:00,30.36770536666667,27.06788818333333,31.068508,0.70080278152669
2024-03-14 01:00:00,29.99385995,27.484257133333333,29.179745,-0.8141152295410166
2024-03-14 01:30:00,44.53937476666667,27.61164435,28.554165,-15.985209880192059
2024-03-14 02:00:00,34.797376883333335,25.62901433333333,26.946514,-7.850862753694663
2024-03-14 02:30:00,28.0347755,25.58535765,26.911709,-1.1230666682128891
2024-03-14 03:00:00,27.04205321666667,26.46859165,28.089916,1.0478630125813773
2024-03-14 03:30:00,27.59191888333333,25.747206266666662,29.378872,1.7869530343912778
2024-03-14 04:00:00,29.70911115,25.58452505,30.622555,0.9134436290527361
2024-03-14 04:30:00,27.902039016666667,24.745624483333334,32.667995,4.765956436214193
2024-03-14 05:00:00,30.65218726666667,29.2398855,35.881405,5.229217610042316
2024-03-14 05:30:00,30.5574718,31.227856783333333,40.82652,10.269047212451174
2024-03-14 06:00:00,35.936535533333334,31.1244069,37.077023,1.1404870191569003
2024-03-14 06:30:00,31.84364748333333,27.53384718333333,29.009228,-2.8344197306477845
2024-03-14 07:00:00,21.95802893333333,25.9935218,14.278606,-7.679422518538409
2024-03-14 07:30:00,2.928205649999999,3.8187441499999983,-5.023121,-7.951326530126952
2024-03-14 08:00:00,-14.571807716666669,-13.141087766666669,-28.132343,-13.56053557556966
2024-03-14 08:30:00,-32.60131886666667,-29.7045527,-54.018513,-21.41719385916341
2024-03-14 09:00:00,-44.41277816666667,-56.49127775,-78.04226,-33.629481049641925
2024-03-14 09:30:00,-73.07122083333333,-79.26554438333334,-97.68179,-24.610572379557297
2024-03-14 10:00:00,-103.86483043333334,-86.64414190000001,-113.83664,-9.971808970963536
2024-03-14 10:30:00,-112.86268228333334,-95.16110263333331,-128.34085,-15.478168546744783
2024-03-14 11:00:00,-118.70440958333334,-100.29351776666664,-137.64383,-18.93941976236978
2024-03-14 11:30:00,-123.7358734,-98.69769561666668,-140.7866,-17.050732434960935
2024-03-14 12:00:00,-138.1878717,-110.96904371666666,-141.53429,-3.3464147990234494
2024-03-14 12:30:00,-119.99359491666668,-117.56324296666666,-142.0109,-22.017299858723945
2024-03-14 13:00:00,-98.74816166666666,-137.51856615,-136.93416,-38.18599665852865
2024-03-14 13:30:00,-88.84821403333332,-94.45881045,-128.13754,-39.289328691276054
2024-03-14 14:00:00,-77.27289165,-92.66385495,-113.76002,-36.487125745019526
2024-03-14 14:30:00,-61.41979273333334,-79.63859651666667,-96.00905,-34.589255728580724
2024-03-14 15:00:00,-52.56814476666667,-69.83239675,-76.62661,-24.058465035579424
2024-03-14 15:30:00,-43.24190113333333,-45.32839891666666,-52.617573,-9.3756716510905
2024-03-14 16:00:00,-14.32495155,-27.026437783333336,-29.319782,-14.994830707080078
2024-03-14 16:30:00,-0.5377793666666673,-5.827338349999998,-4.8510323,-4.313252890413411
2024-03-14 17:00:00,12.273152116666669,4.483046750000001,18.013912,5.7407600842610655
2024-03-14 17:30:00,21.143209350000003,21.990986616666664,34.828854,13.685644257177731
2024-03-14 18:00:00,34.739740366666666,40.1535794,43.523464,8.783723836214193
2024-03-14 18:30:00,49.61870998333333,35.3174723,50.052,0.4332881550944023
2024-03-14 19:00:00,48.188475116666666,42.052426716666666,53.88197,5.693494335237631
2024-03-14 19:30:00,48.13371598333333,44.08889886666666,55.183804,7.050087575016278
2024-03-14 20:00:00,44.51018001666667,43.425948516666665,52.70033,8.190148810237623
2024-03-14 20:30:00,42.47593381666667,45.54065831666667,49.126904,6.650969717268879
2024-03-14 21:00:00,40.17611886666666,45.04457008333333,45.373898,5.197778685823572
2024-03-14 21:30:00,40.06756168333333,45.04513881666667,41.56309,1.495529594742841
2024-03-14 22:00:00,37.3308721,40.23583331666666,40.18266,2.8517870491699213
2024-03-14 22:30:00,34.25794568333333,36.40509078333333,38.267666,4.009720179703777
2024-03-14 23:00:00,37.81971055,34.74128781666666,39.218914,1.3992034819824184
2024-03-14 23:30:00,31.812656916666665,32.923500383333334,36.291317,4.4786600694173195
2024-03-15 00:00:00,29.60157236666667,29.490833133333336,34.97601,5.374437002229815
2024-03-15 00:30:00,28.066674000000003,30.36770536666667,30.032192,1.9655182302246068
2024-03-15 01:00:00,26.09597293333333,29.99385995,27.300777,1.2048045019694058
2024-03-15 01:30:00,24.8835666,44.53937476666667,27.044933,2.161366719091795
2024-03-15 02:00:00,24.78870985,34.797376883333335,25.192806,0.40409639389648433
2024-03-15 02:30:00,25.40644826666667,28.0347755,26.664776,1.2583275817220034
2024-03-15 03:00:00,26.330277816666666,27.04205321666667,27.041592,0.7113138276204438
2024-03-15 03:30:00,25.80924935,27.59191888333333,28.347515,2.53826575620117
2024-03-15 04:00:00,24.61246585,29.70911115,31.4985,6.88603497397461
2024-03-15 04:30:00,23.69202436666667,27.902039016666667,36.35307,12.661044938753253
2024-03-15 05:00:00,25.47692926666667,30.65218726666667,37.836575,12.35964528777669
2024-03-15 05:30:00,27.6492195,30.5574718,39.184505,11.535285962646483
2024-03-15 06:00:00,35.42664823333333,35.936535533333334,36.464123,1.0374745388834654
2024-03-15 06:30:00,35.777377083333334,31.84364748333333,26.987667,-8.7897099995931
2024-03-15 07:00:00,14.707925066666666,21.95802893333333,15.084637,0.37671162156575555
2024-03-15 07:30:00,-7.6214944,2.928205649999999,-2.931797,4.689697372412109
2024-03-15 08:00:00,-31.680475466666667,-14.571807716666669,-22.80106,8.879415743766277
2024-03-15 08:30:00,-76.94031785,-32.60131886666667,-47.175312,29.76500580776367
2024-03-15 09:00:00,-79.43038589999999,-44.41277816666667,-70.8353,8.595089269140615
2024-03-15 09:30:00,-93.04829215,-73.07122083333333,-90.32985,2.718442906835932
2024-03-15 10:00:00,-100.5299062,-103.86483043333334,-106.62479,-6.094880176953126
2024-03-15 10:30:00,-120.44402163333332,-112.86268228333334,-121.43182,-0.9878020971354289
2024-03-15 11:00:00,-117.68706828333336,-118.70440958333334,-130.755,-13.06793659947914
2024-03-15 11:30:00,-117.45694008333332,-123.7358734,-136.12161,-18.664672465494803
2024-03-15 12:00:00,-145.4930451,-138.1878717,-139.96835,5.524691828515614
2024-03-15 12:30:00,-156.2924977,-119.99359491666668,-139.1041,17.188402241015638
2024-03-15 13:00:00,-147.74818166666668,-98.74816166666666,-134.46492,13.28326162272137
2024-03-15 13:30:00,-134.90372393333334,-88.84821403333332,-125.74399,9.159735896223964
2024-03-15 14:00:00,-132.7042257,-77.27289165,-111.0797,21.624529044726557
2024-03-15 14:30:00,-104.97170115,-61.41979273333334,-91.33647,13.635229592382814
2024-03-15 15:00:00,-98.45202211666668,-52.56814476666667,-71.18613,27.265895407682308
2024-03-15 15:30:00,-77.81497508333334,-43.24190113333333,-49.21918,28.59579402254232
2024-03-15 16:00:00,-57.62587401666667,-14.32495155,-23.926365,33.69950911798503
2024-03-15 16:30:00,-34.18451996666666,-0.5377793666666673,-0.66765213,33.51686783653971
2024-03-15 17:00:00,-3.228463383333335,12.273152116666669,19.164211,22.392674656526694
2024-03-15 17:30:00,16.248805049999998,21.143209350000003,35.89213,19.643326755419924
2024-03-15 18:00:00,27.834971483333334,34.739740366666666,42.852764,15.017792646305338
2024-03-15 18:30:00,31.18116553333333,49.61870998333333,52.270382,21.089216394156903
2024-03-15 19:00:00,42.755535066666674,48.188475116666666,54.040783,11.285247861800123
2024-03-15 19:30:00,33.20135728333333,48.13371598333333,53.02209,19.820733628531904
2024-03-15 20:00:00,34.842136133333334,44.51018001666667,52.83935,17.9972155207194
2024-03-15 20:30:00,31.8110567,42.47593381666667,47.497845,15.68678799604492
2024-03-15 21:00:00,31.21937176666667,40.17611886666666,43.584652,12.365280180354816
2024-03-15 21:30:00,33.506787233333334,40.06756168333333,43.16612,9.659331388492838
2024-03-15 22:00:00,30.715573466666665,37.3308721,39.674465,8.958891712776694
2024-03-15 22:30:00,29.06314115,34.25794568333333,36.86784,7.804698663232422
2024-03-15 23:00:00,31.64358615,37.81971055,38.044033,6.4004469005371085
2024-03-15 23:30:00,32.95076446666667,31.812656916666665,36.67004,3.719275663948565
2024-03-16 00:00:00,29.04548056666667,29.60157236666667,36.283337,7.237856072737628
2024-03-16 00:30:00,27.87009451666667,28.066674000000003,33.648586,5.778491756526691
2024-03-16 01:00:00,28.642527233333336,26.09597293333333,30.852581,2.210053790836586
2024-03-16 01:30:00,27.85448975,24.8835666,27.656628,-0.19786209497070217
2024-03-16 02:00:00,27.60780083333333,24.78870985,26.569378,-1.0384229341634068
2024-03-16 02:30:00,26.36169071666667,25.40644826666667,25.28207,-1.0796205567545591
2024-03-16 03:00:00,27.05089825,26.330277816666666,27.607906,0.5570080915527349
2024-03-16 03:30:00,27.161644866666663,25.80924935,29.061169,1.899523803987634
2024-03-16 04:00:00,26.9703174,24.61246585,29.461422,2.4911045665527354
2024-03-16 04:30:00,25.968852916666663,23.69202436666667,30.570827,4.601974567464197
2024-03-16 05:00:00,26.521476700000004,25.47692926666667,36.75262,10.23114399702148
2024-03-16 05:30:00,30.5113369,27.6492195,37.15922,6.647884749169922
2024-03-16 06:00:00,26.97612335,35.42664823333333,35.357693,8.381569368505858
2024-03-16 06:30:00,18.160147166666665,35.777377083333334,29.104504,10.944356464925132
2024-03-16 07:00:00,4.639618666666666,14.707925066666666,15.18211,10.542491166097005
2024-03-16 07:30:00,-19.159159616666667,-7.6214944,1.4910545,20.650214151578776
2024-03-16 08:00:00,-42.401426750000006,-31.680475466666667,-19.510593,22.890833335693365
2024-03-16 08:30:00,-72.1741367,-76.94031785,-48.537693,23.636443676318365
2024-03-16 09:00:00,-99.69538005,-79.43038589999999,-74.17857,25.51680644160156
2024-03-16 09:30:00,-104.53520766666666,-93.04829215,-91.366684,13.168523706705727
2024-03-16 10:00:00,-123.34725685,-100.5299062,-105.88834,17.458913038964837
2024-03-16 10:30:00,-137.30452313333333,-120.44402163333332,-117.74409,19.560435914095052
2024-03-16 11:00:00,-132.89121558333332,-117.68706828333336,-126.97814,5.913073798665351
2024-03-16 11:30:00,-158.05182888333334,-117.45694008333332,-133.23624,24.815592311067718
2024-03-16 12:00:00,-144.47138263333332,-145.4930451,-138.71284,5.758537784700508
2024-03-16 12:30:00,-149.59224496666667,-156.2924977,-137.4712,12.121038301627607
2024-03-16 13:00:00,-143.44404555,-147.74818166666668,-134.68637,8.757674700390623
2024-03-16 13:30:00,-146.39596771666666,-134.90372393333334,-124.513725,21.882242435904942
2024-03-16 14:00:00,-121.41934438333334,-132.7042257,-112.899994,8.519350486848964
2024-03-16 14:30:00,-87.81027818333332,-104.97170115,-95.925476,-8.115197890885426
2024-03-16 15:00:00,-66.21613885000001,-98.45202211666668,-76.68607,-10.469934453222649
2024-03-16 15:30:00,-58.82760111666666,-77.81497508333334,-53.834583,4.99301783419596
2024-03-16 16:00:00,-49.45499121666666,-57.62587401666667,-31.44379,18.011200780875647
2024-03-16 16:30:00,-16.592172166666668,-34.18451996666666,-8.706593,7.885579606852215
2024-03-16 17:00:00,16.498180950000002,-3.228463383333335,9.806408,-6.691773021533205
2024-03-16 17:30:00,28.64740523333333,16.248805049999998,25.506557,-3.140847768733721
2024-03-16 18:00:00,42.596795033333336,27.834971483333334,38.18295,-4.413845967171227
2024-03-16 18:30:00,41.54322266666667,31.18116553333333,43.467068,1.9238450518391872
2024-03-16 19:00:00,42.17312398333333,42.755535066666674,48.522045,6.3489211521647135
2024-03-16 19:30:00,44.48479509999999,33.20135728333333,47.905712,3.4209170276855545
2024-03-16 20:00:00,44.11843,34.842136133333334,45.628765,1.5103351062011754
2024-03-16 20:30:00,46.20317773333333,31.8110567,40.7003,-5.502879424007155
2024-03-16 21:00:00,47.955210566666665,31.21937176666667,38.43733,-9.517882228043618
2024-03-16 21:30:00,44.442859383333335,33.506787233333334,37.828793,-6.614066811311851
2024-03-16 22:00:00,36.54657045,30.715573466666665,36.836773,0.2902024687011746
2024-03-16 22:30:00,34.28971945,29.06314115,36.37559,2.085871828076172
2024-03-16 23:00:00,30.73021903333333,31.64358615,35.639217,4.908998343375654
2024-03-16 23:30:00,32.43800958333333,32.95076446666667,37.313976,4.875966704508464
2024-03-17 00:00:00,29.31365495,29.04548056666667,31.605724,2.2920693847167968
2024-03-17 00:30:00,28.31685776666667,27.87009451666667,28.403011,0.08615355535481584
2024-03-17 01:00:00,26.1105302,28.642527233333336,27.551937,1.441406903271485
2024-03-17 01:30:00,25.35176765,27.85448975,25.104351,-0.24741660629882745
2024-03-17 02:00:00,24.25087178333333,27.60780083333333,21.351315,-2.8995572386555963
2024-03-17 02:30:00,24.61357716666667,26.36169071666667,23.093624,-1.5199530516764348
2024-03-17 03:00:00,24.17041103333333,27.05089825,24.06532,-0.10509197205403353
2024-03-17 03:30:00,25.929408483333333,27.161644866666663,26.753765,0.824356622867839
2024-03-17 04:00:00,25.69741335,26.9703174,30.319958,4.622544383154295
2024-03-17 04:30:00,26.48734555,25.968852916666663,31.599194,5.111848022998046
2024-03-17 05:00:00,26.32436823333333,26.521476700000004,33.260616,6.936248069156903
2024-03-17 05:30:00,26.40731798333333,30.5113369,35.714275,9.306957376774093
2024-03-17 06:00:00,25.415326383333333,26.97612335,33.20982,7.7944934103678385
2024-03-17 06:30:00,23.01639348333333,18.160147166666665,28.517101,5.500707804508465
2024-03-17 07:00:00,10.972739516666666,4.639618666666666,13.134502,2.161762894222006
2024-03-17 07:30:00,-0.775826683333333,-19.159159616666667,-5.4271126,-4.65128589601237
2024-03-17 08:00:00,-8.348269016666666,-42.401426750000006,-28.578266,-20.22999712713216
2024-03-17 08:30:00,-24.362712916666663,-72.1741367,-54.685856,-30.323142948811853
2024-03-17 09:00:00,-48.416252283333336,-99.69538005,-79.85553,-31.439277501822914
2024-03-17 09:30:00,-73.48841883333334,-104.53520766666666,-97.61741,-24.128989919108065
2024-03-17 10:00:00,-83.69937416666666,-123.34725685,-110.91683,-27.217457803548186
2024-03-17 10:30:00,-97.5017017,-137.30452313333333,-124.59287,-27.091170919628908
2024-03-17 11:00:00,-108.33204011666668,-132.89121558333332,-135.11526,-26.78322477591145
2024-03-17 11:30:00,-126.71561535,-158.05182888333334,-139.06982,-12.354208868750007
2024-03-17 12:00:00,-138.78833835,-144.47138263333332,-140.66177,-1.8734353316406214
2024-03-17 12:30:00,-137.94210321666665,-149.59224496666667,-139.74078,-1.798680474739598
2024-03-17 13:00:00,-117.6153356,-143.44404555,-135.2316,-17.61626230039063
2024-03-17 13:30:00,-113.56060363333334,-146.39596771666666,-128.88286,-15.322254643033844
2024-03-17 14:00:00,-91.59331076666666,-121.41934438333334,-118.33701,-26.743702477962245
2024-03-17 14:30:00,-65.55803663333334,-87.81027818333332,-99.26448,-33.70644395748697
2024-03-17 15:00:00,-64.42695563333332,-66.21613885000001,-77.90106,-13.474106378385429
2024-03-17 15:30:00,-46.9527529,-58.82760111666666,-56.025867,-9.073114562158203
2024-03-17 16:00:00,-31.014849916666662,-49.45499121666666,-32.662373,-1.6475226724446657
2024-03-17 16:30:00,-16.335648966666664,-16.592172166666668,-11.512363,4.823285532828773
2024-03-17 17:00:00,-6.745224366666666,16.498180950000002,10.007046,16.752270112516275
2024-03-17 17:30:00,23.68028328333333,28.64740523333333,25.001614,1.3213303336100282
2024-03-17 18:00:00,36.92662005,42.596795033333336,38.107388,1.1807674927246126
2024-03-17 18:30:00,39.68839735,41.54322266666667,49.395306,9.70690828354492
2024-03-17 19:00:00,39.75741825,42.17312398333333,50.342587,10.585168267333984
2024-03-17 19:30:00,43.73774613333333,44.48479509999999,48.939587,5.201840506070965
2024-03-17 20:00:00,47.86175381666666,44.11843,48.437634,0.5758796977376335
2024-03-17 20:30:00,45.00998546666667,46.20317773333333,48.32989,3.3199057381673143
2024-03-17 21:00:00,44.906506183333335,47.955210566666665,42.754833,-2.1516729618977877
2024-03-17 21:30:00,42.42957076666666,44.442859383333335,40.800594,-1.628976436832673
2024-03-17 22:00:00,41.04781955,36.54657045,37.42506,-3.622759277783203
2024-03-17 22:30:00,38.977866733333336,34.28971945,38.944836,-0.03303107049153908
2024-03-17 23:00:00,33.5757116,30.73021903333333,36.647015,3.0713030179199237
2024-03-17 23:30:00,31.29024625,32.43800958333333,37.188107,5.897860286865235
2024-03-18 00:00:00,31.144001016666664,29.31365495,31.728985,0.584983816097008
2024-03-18 00:30:00,30.46295125,28.31685776666667,28.325222,-2.1377292346191403
2024-03-18 01:00:00,28.704048166666663,26.1105302,27.329906,-1.374141703043616
2024-03-18 01:30:00,27.61965558333333,25.35176765,25.680798,-1.938858006429033
2024-03-18 02:00:00,27.783541733333333,24.25087178333333,25.494259,-2.289282852718099
2024-03-18 02:30:00,27.33698096666667,24.61357716666667,23.16148,-4.175501016715497
2024-03-18 03:00:00,27.481725666666662,24.17041103333333,24.034023,-3.447702381754553
2024-03-18 03:30:00,29.088603216666662,25.929408483333333,25.297619,-3.7909843506998655
2024-03-18 04:00:00,27.94135615,25.69741335,27.184582,-0.7567743934082038
2024-03-18 04:30:00,29.59190786666667,26.48734555,28.166866,-1.4250415641764356
2024-03-18 05:00:00,28.32982123333333,26.32436823333333,30.333935,2.0041135506022165
2024-03-18 05:30:00,31.5687525,26.40731798333333,30.15614,-1.4126131262207018
2024-03-18 06:00:00,34.20685838333333,25.415326383333333,28.36401,-5.842848526155599
2024-03-18 06:30:00,40.11514335,23.01639348333333,18.566753,-21.548389962548825
2024-03-18 07:00:00,29.495438466666663,10.972739516666666,6.7777214,-22.717717061637366
2024-03-18 07:30:00,13.368783866666666,-0.775826683333333,-11.547977,-24.916761314176433
2024-03-18 08:00:00,-23.47120113333333,-8.348269016666666,-30.978489,-7.50728778878581
2024-03-18 08:30:00,-48.769378966666665,-24.362712916666663,-50.450077,-1.680698090218101
2024-03-18 09:00:00,-69.7071206,-48.416252283333336,-72.11269,-2.4055731866210976
2024-03-18 09:30:00,-85.97291406666666,-73.48841883333334,-91.456215,-5.483300838118495
2024-03-18 10:00:00,-109.92647666666666,-83.69937416666666,-108.50743,1.4190456363932213
2024-03-18 10:30:00,-110.6070794,-97.5017017,-121.67968,-11.072600470605465
2024-03-18 11:00:00,-123.33193705,-108.33204011666668,-131.57373,-8.241793418750007
2024-03-18 11:30:00,-129.75584106666668,-126.71561535,-134.9193,-5.163455197981762
2024-03-18 12:00:00,-133.72094816666666,-138.78833835,-138.32968,-4.608733229817716
2024-03-18 12:30:00,-140.89309838333335,-137.94210321666665,-139.43083,1.4622664741536653
2024-03-18 13:00:00,-142.63290993333334,-117.6153356,-135.79797,6.8349363005208374
2024-03-18 13:30:00,-141.32224265,-113.56060363333334,-124.58074,16.741500767675774
2024-03-18 14:00:00,-118.03690708333332,-91.59331076666666,-111.62782,6.409084207356756
2024-03-18 14:30:00,-99.79895011666667,-65.55803663333334,-93.454544,6.344406049283862
2024-03-18 15:00:00,-123.29703238333332,-64.42695563333332,-71.12886,52.168171909700504
2024-03-18 15:30:00,-43.52011913333333,-46.9527529,-47.22733,-3.7072101208170594
2024-03-18 16:00:00,-24.18370948333333,-31.014849916666662,-26.466465,-2.2827555130045596
2024-03-18 16:30:00,1.665328250000001,-16.335648966666664,-5.8966103,-7.5619385100097665
2024-03-18 17:00:00,24.25274698333333,-6.745224366666666,10.164944,-14.087803288264972
2024-03-18 17:30:00,33.14888385,23.68028328333333,24.064098,-9.0847854918457
2024-03-18 18:00:00,55.01460313333334,36.92662005,32.9689,-22.04570436013998
2024-03-18 18:30:00,62.50510005,39.68839735,39.744778,-22.760322370556644
2024-03-18 19:00:00,49.82108873333333,39.75741825,45.034817,-4.786271991389974
2024-03-18 19:30:00,54.2859124,43.73774613333333,47.964886,-6.321026688330079
2024-03-18 20:00:00,49.62308441666667,47.86175381666666,46.81239,-2.8106950428873745
2024-03-18 20:30:00,51.40349878333333,45.00998546666667,45.13905,-6.264449253304036
2024-03-18 21:00:00,46.9133726,44.906506183333335,41.65745,-5.2559209703613305
2024-03-18 21:30:00,36.47584505,42.42957076666666,37.98347,1.5076258667480502
2024-03-18 22:00:00,37.14996398333333,41.04781955,35.796368,-1.3535963380696572
2024-03-18 22:30:00,32.45464515,38.977866733333336,34.440563,1.9859180519042994
2024-03-18 23:00:00,32.50667798333333,33.5757116,33.53198,1.0253006238444016
2024-03-18 23:30:00,30.02480948333333,31.29024625,32.310085,2.285275813297531
2024-03-19 00:00:00,28.897637716666665,31.144001016666664,29.393444,0.49580634461263173
2024-03-19 00:30:00,25.72802895,30.46295125,29.873974,4.145944896435548
2024-03-19 01:00:00,25.63854105,28.704048166666663,27.336681,1.6981403159667963
2024-03-19 01:30:00,24.218248233333338,27.61965558333333,24.856533,0.6382848172037718
2024-03-19 02:00:00,24.324355033333333,27.783541733333333,25.903728,1.5793734517740887
2024-03-19 02:30:00,24.20526485,27.33698096666667,26.407467,2.2022020384277354
2024-03-19 03:00:00,23.796216583333333,27.481725666666662,26.488476,2.692259216227214
2024-03-19 03:30:00,24.132194916666663,29.088603216666662,27.099834,2.967639525472009
2024-03-19 04:00:00,23.202414166666667,27.94135615,28.208172,5.005757677815755
2024-03-19 04:30:00,25.161886133333336,29.59190786666667,31.34425,6.1823635920084605
2024-03-19 05:00:00,26.765586216666662,28.32982123333333,30.31918,3.553593318245447
2024-03-19 05:30:00,26.25767798333333,31.5687525,31.15617,4.898491908024091
2024-03-19 06:00:00,26.783514,34.20685838333333,29.079082,2.2955684890136716
2024-03-19 06:30:00,26.57976595,40.11514335,23.508663,-3.0711027725097644
2024-03-19 07:00:00,13.855288183333334,29.495438466666663,13.792294,-0.06299463474934974
2024-03-19 07:30:00,-8.193183166666666,13.368783866666666,-2.3311195,5.86206362931315
2024-03-19 08:00:00,-30.22725545,-23.47120113333333,-22.195118,8.032137499560548
2024-03-19 08:30:00,-49.18821113333333,-48.769378966666665,-40.961582,8.226628949495442
2024-03-19 09:00:00,-61.855917733333335,-69.7071206,-66.316574,-4.460656363346352
2024-03-19 09:30:00,-74.47045453333332,-85.97291406666666,-86.25096,-11.780506770377613
2024-03-19 10:00:00,-106.88219238333332,-109.92647666666666,-103.53075,3.3514459233723812
2024-03-19 10:30:00,-111.8965878,-110.6070794,-118.17828,-6.281695891406244
2024-03-19 11:00:00,-128.75074225,-123.33193705,-126.77828,1.972460084472658
2024-03-19 11:30:00,-140.98376835,-129.75584106666668,-134.33597,6.647800332421866
2024-03-19 12:00:00,-143.70843558333334,-133.72094816666666,-134.9646,8.74383597395834
2024-03-19 12:30:00,-133.93469491666667,-140.89309838333335,-132.52896,1.4057337350260468
2024-03-19 13:00:00,-137.11125236666666,-142.63290993333334,-128.31061,8.800644456510412
2024-03-19 13:30:00,-117.13310158333331,-141.32224265,-119.912,-2.7789009801432485
2024-03-19 14:00:00,-96.38569668333334,-118.03690708333332,-109.2214,-12.835700716569008
2024-03-19 14:30:00,-89.79678848333333,-99.79895011666667,-93.14671,-3.3499247735026074
2024-03-19 15:00:00,-75.13176105000001,-123.29703238333332,-75.71132,-0.5795579197265539
2024-03-19 15:30:00,-49.825391,-43.52011913333333,-54.399723,-4.574332052978512
2024-03-19 16:00:00,-20.61130605,-24.18370948333333,-32.400333,-11.789027354541016
2024-03-19 16:30:00,0.4020517166666666,1.665328250000001,-9.028126,-9.430177479606119
2024-03-19 17:00:00,12.934282866666663,24.25274698333333,7.153057,-5.7812257682779915
2024-03-19 17:30:00,32.121606750000005,33.14888385,21.979473,-10.142133635986333
2024-03-19 18:00:00,36.1031761,55.01460313333334,35.870358,-0.2328185865722645
2024-03-19 18:30:00,44.482776066666666,62.50510005,44.25108,-0.2316965073404944
2024-03-19 19:00:00,40.859357466666665,49.82108873333333,47.629513,6.770155320198569
2024-03-19 19:30:00,44.17153098333333,54.2859124,50.21937,6.04784081232097
2024-03-19 20:00:00,48.72177283333334,49.62308441666667,49.52496,0.8031867308756446
2024-03-19 20:30:00,39.115519416666665,51.40349878333333,43.945385,4.829865562581382
2024-03-19 21:00:00,38.52854341666667,46.9133726,42.1309,3.60235792000325
2024-03-19 21:30:00,34.889588833333335,36.47584505,38.607235,3.7176461215006498
2024-03-19 22:00:00,31.975413866666667,37.14996398333333,37.612453,5.637039594026692
2024-03-19 22:30:00,32.24838668333334,32.45464515,37.022305,4.773917851578773
2024-03-19 23:00:00,30.9972938,32.50667798333333,35.79365,4.7963577808105455
2024-03-19 23:30:00,28.09868335,30.02480948333333,32.853954,4.755270965185545
2024-03-20 00:00:00,26.760493883333336,28.897637716666665,31.71629,4.955795636930336
2024-03-20 00:30:00,27.351801066666667,25.72802895,31.14642,3.7946184584798175
2024-03-20 01:00:00,24.34837041666667,25.63854105,28.200161,3.851790563557941
2024-03-20 01:30:00,23.97239835,24.218248233333338,26.25227,2.279871394873048
2024-03-20 02:00:00,24.72968673333333,24.324355033333333,22.810009,-1.9196777306477841
2024-03-20 02:30:00,23.05642991666667,24.20526485,23.846127,0.7896966397298151
2024-03-20 03:00:00,23.71768385,23.796216583333333,23.979366,0.26168245249023414
2024-03-20 03:30:00,24.412117833333337,24.132194916666663,25.496105,1.08398736075846
2024-03-20 04:00:00,26.1622246,23.202414166666667,27.504986,1.3427612093261736
2024-03-20 04:30:00,25.536155316666665,25.161886133333336,29.360577,3.8244213129720066
2024-03-20 05:00:00,25.143741116666664,26.765586216666662,30.072445,4.92870379910482
2024-03-20 05:30:00,25.172940566666668,26.25767798333333,32.52563,7.3526903842610665
2024-03-20 06:00:00,38.97441546666666,26.783514,30.202007,-8.772408172965491
2024-03-20 06:30:00,37.3765689,26.57976595,23.80206,-13.574509726416018
2024-03-20 07:00:00,22.30065131666667,13.855288183333334,11.844265,-10.45638633253581
2024-03-20 07:30:00,8.929025616666665,-8.193183166666666,-5.1137886,-14.042814221402994
2024-03-20 08:00:00,-13.413487083333337,-30.22725545,-23.673893,-10.260405891520179
2024-03-20 08:30:00,-39.57735533333334,-49.18821113333333,-47.538624,-7.961268476481116
2024-03-20 09:00:00,-55.37022166666667,-61.855917733333335,-70.068596,-14.698374219563796
2024-03-20 09:30:00,-75.77467895,-74.47045453333332,-84.900696,-9.126016850781255
2024-03-20 10:00:00,-77.64439268333334,-106.88219238333332,-100.0688,-22.424409196549476
2024-03-20 10:30:00,-92.44692941666666,-111.8965878,-114.11043,-21.66349843977865
2024-03-20 11:00:00,-92.83736495,-128.75074225,-123.3813,-30.54393692988282
2024-03-20 11:30:00,-101.31979618333332,-140.98376835,-131.33885,-30.019055745377614
2024-03-20 12:00:00,-115.37738213333334,-143.70843558333334,-131.73361,-16.356229927213533
2024-03-20 12:30:00,-111.48534108333332,-133.93469491666667,-131.393,-19.907664287760426
2024-03-20 13:00:00,-130.96169453333334,-137.11125236666666,-124.95986,6.00183277796225
2024-03-20 13:30:00,-145.94432198333334,-117.13310158333331,-117.17352,28.77079903411459
2024-03-20 14:00:00,-135.92189343333334,-96.38569668333334,-104.26831,31.653582886458338
2024-03-20 14:30:00,-132.21295155,-89.79678848333333,-89.1433,43.069648632519545
2024-03-20 15:00:00,-115.2683516,-75.13176105000001,-71.506065,43.76228623134766
2024-03-20 15:30:00,-84.48441888333333,-49.825391,-49.971485,34.51293374539388
2024-03-20 16:00:00,-63.9698192,-20.61130605,-26.66431,37.30550874467774
2024-03-20 16:30:00,-41.3891666,0.4020517166666666,-7.0196114,34.369555241357425
2024-03-20 17:00:00,-14.99816555,12.934282866666663,10.929272,25.927437247998046
2024-03-20 17:30:00,9.25258445,32.121606750000005,28.399517,19.14693260932617
2024-03-20 18:00:00,26.9813745,36.1031761,39.88545,12.904073955810546
2024-03-20 18:30:00,35.329547866666665,44.482776066666666,45.760677,10.431129470979819
2024-03-20 19:00:00,37.89018775,40.859357466666665,49.287746,11.397558679443357
2024-03-20 19:30:00,43.75531171666668,44.17153098333333,48.865505,5.110193501839177
2024-03-20 20:00:00,41.1456172,48.72177283333334,47.951458,6.805840777294925
2024-03-20 20:30:00,39.06577491666667,39.115519416666665,43.40231,4.33653450105794
2024-03-20 21:00:00,40.6480557,38.52854341666667,41.709118,1.0610621894042964
2024-03-20 21:30:00,39.490367850000005,34.889588833333335,37.90872,-1.5816497408691461
2024-03-20 22:00:00,33.8833673,31.975413866666667,34.96478,1.081411600146481
2024-03-20 22:30:00,30.9682116,32.24838668333334,32.37904,1.4108281644042968
2024-03-20 23:00:00,29.021769016666667,30.9972938,31.684887,2.66311791570638
2024-03-20 23:30:00,26.5358133,28.09868335,29.445477,2.909663231982421
2024-03-21 00:00:00,26.765400466666662,26.760493883333336,28.65794,1.8925394442220096
2024-03-21 00:30:00,25.005128783333333,27.351801066666667,27.919888,2.914758759391276
2024-03-21 01:00:00,24.4462724,24.34837041666667,26.064526,1.6182532042480453
2024-03-21 01:30:00,23.958944183333333,23.97239835,28.961819,5.002874511735026
2024-03-21 02:00:00,23.82556331666667,24.72968673333333,24.99319,1.1676274487141889
2024-03-21 02:30:00,22.25352786666667,23.05642991666667,24.52563,2.272103084261065
2024-03-21 03:00:00,22.639498333333336,23.71768385,24.44534,1.8058408695475237
2024-03-21 03:30:00,24.718075483333337,24.412117833333337,25.612606,0.8945305652506477
2024-03-21 04:00:00,25.10094158333333,26.1622246,29.821743,4.720801428141279
2024-03-21 04:30:00,24.294398716666667,25.536155316666665,30.968838,6.674439021370443
2024-03-21 05:00:00,30.891704266666668,25.143741116666664,29.738476,-1.1532284671061213
2024-03-21 05:30:00,28.135961766666668,25.172940566666668,30.521877,2.3859155221516914
2024-03-21 06:00:00,32.18891555,38.97441546666666,29.7261,-2.462814628369138
2024-03-21 06:30:00,29.607117716666664,37.3765689,21.53796,-8.06915766417643
2024-03-21 07:00:00,12.605331116666669,22.30065131666667,12.999218,0.39388687039387804
2024-03-21 07:30:00,-9.292798283333331,8.929025616666665,-3.7373848,5.555413487190753
2024-03-21 08:00:00,-42.19274765,-13.413487083333337,-20.65514,21.537607726904298
2024-03-21 08:30:00,-75.90869125,-39.57735533333334,-42.71204,33.19665130249024
2024-03-21 09:00:00,-101.6886684,-55.37022166666667,-62.46401,39.22466006870117
2024-03-21 09:30:00,-125.04230658333334,-75.77467895,-81.50653,43.53577582161459
2024-03-21 10:00:00,-144.28452041666665,-77.64439268333334,-95.41396,48.87055709879556
2024-03-21 10:30:00,-178.98657864999998,-92.44692941666666,-108.64613,70.34044522714842
2024-03-21 11:00:00,-158.01813125,-92.83736495,-117.812675,40.20545577392579
2024-03-21 11:30:00,-159.09891356666665,-101.31979618333332,-124.23524,34.86367644508462
2024-03-21 12:00:00,-168.55641381666666,-115.37738213333334,-125.04002,43.516390012955725
2024-03-21 12:30:00,-179.02056711666668,-111.48534108333332,-127.66771,51.352857766080746
2024-03-21 13:00:00,-175.37038673333333,-130.96169453333334,-121.65207,53.71831764153646
2024-03-21 13:30:00,-160.08558146666667,-145.94432198333334,-115.35201,44.733568832389324
2024-03-21 14:00:00,-147.78084911666667,-135.92189343333334,-109.27024,38.510608332975266
2024-03-21 14:30:00,-136.22794891666666,-132.21295155,-91.74325,44.48470093082682
2024-03-21 15:00:00,-107.86147125,-115.2683516,-74.983185,32.87828643554687
2024-03-21 15:30:00,-79.66130611666667,-84.48441888333333,-55.573566,24.087739679899087
2024-03-21 16:00:00,-51.98490066666667,-63.9698192,-34.83916,17.145739747477215
2024-03-21 16:30:00,-29.919468116666668,-41.3891666,-16.256794,13.66267414083659
2024-03-21 17:00:00,4.358171566666667,-14.99816555,-0.80382156,-5.16199313038737
2024-03-21 17:30:00,15.456399666666664,9.25258445,14.048611,-1.407788979410805
2024-03-21 18:00:00,33.19656941666667,26.9813745,26.085629,-7.110940907145185
2024-03-21 18:30:00,35.473652216666665,35.329547866666665,37.06381,1.5901562244954448
2024-03-21 19:00:00,36.11962111666667,37.89018775,39.930767,3.8111459426595005
2024-03-21 19:30:00,37.83405825,43.75531171666668,42.149746,4.315687691162111
2024-03-21 20:00:00,39.91048773333333,41.1456172,45.15112,5.240631498844401
2024-03-21 20:30:00,40.17092611666666,39.06577491666667,42.748928,2.578001953401703
2024-03-21 21:00:00,30.65992453333333,40.6480557,41.932476,11.27255151036784
2024-03-21 21:30:00,33.40806958333334,39.490367850000005,37.445827,4.037757900797523
2024-03-21 22:00:00,29.27740075,33.8833673,35.80734,6.529937964599608
2024-03-21 22:30:00,28.575473516666666,30.9682116,33.254696,4.679222375667319
2024-03-21 23:00:00,25.019354366666665,29.021769016666667,33.60464,8.585286594026694
2024-03-21 23:30:00,23.18005948333333,26.5358133,34.220333,11.040273616031904
2024-03-22 00:00:00,22.810486333333333,26.765400466666662,31.73019,8.919703943766276
2024-03-22 00:30:00,22.87734896666667,25.005128783333333,29.790188,6.9128388690266895
2024-03-22 01:00:00,23.66038585,24.4462724,28.879543,5.2191574544433585
2024-03-22 01:30:00,22.47045145,23.958944183333333,26.43327,3.962818050732423
2024-03-22 02:00:00,20.5870541,23.82556331666667,25.460201,4.873147163427735
2024-03-22 02:30:00,22.524386216666667,22.25352786666667,23.798367,1.2739803299641927
2024-03-22 03:00:00,22.048071766666663,22.639498333333336,23.215069,1.166997050472009
2024-03-22 03:30:00,22.783111833333333,24.718075483333337,26.215908,3.4327962172037765
2024-03-22 04:00:00,23.154431533333334,25.10094158333333,29.036907,5.882475662711588
2024-03-22 04:30:00,23.74086463333333,24.294398716666667,30.182522,6.4416571867350285
2024-03-22 05:00:00,24.20598393333333,30.891704266666668,31.899395,7.693411055680343
2024-03-22 05:30:00,34.31801888333333,28.135961766666668,32.406414,-1.9116048513509085
2024-03-22 06:00:00,37.04126991666666,32.18891555,33.128506,-3.9127642098795476
2024-03-22 06:30:00,38.80018173333334,29.607117716666664,27.668118,-11.13206421013998
2024-03-22 07:00:00,20.19535135,12.605331116666669,15.092693,-5.102658021142577
2024-03-22 07:30:00,6.435066999999999,-9.292798283333331,-0.12852858,-6.563595580069541
2024-03-22 08:00:00,-33.448365,-42.19274765,-20.2896,13.15876462768555
2024-03-22 08:30:00,-57.54349258333334,-75.90869125,-43.921314,13.622178343831386
2024-03-22 09:00:00,-82.21225433333333,-101.6886684,-69.46536,12.746891784505209
2024-03-22 09:30:00,-111.09930996666668,-125.04230658333334,-89.70078,21.398527190787775
2024-03-22 10:00:00,-130.29778285,-144.28452041666665,-109.749954,20.547828626367192
2024-03-22 10:30:00,-136.37634161666668,-178.98657864999998,-126.60362,9.772719180143241
2024-03-22 11:00:00,-148.18083881666666,-158.01813125,-136.51157,11.66927265455729
2024-03-22 11:30:00,-155.96398153333334,-159.09891356666665,-139.92395,16.04003133802084
2024-03-22 12:00:00,-159.8994934,-168.55641381666666,-142.18674,17.712756339453136
2024-03-22 12:30:00,-165.61577773333332,-179.02056711666668,-142.91382,22.701959373958317
2024-03-22 13:00:00,-166.34892958333333,-175.37038673333333,-138.85332,27.495612322591143
2024-03-22 13:30:00,-149.83677358333333,-160.08558146666667,-131.09677,18.74000234309895
2024-03-22 14:00:00,-140.806567,-147.78084911666667,-120.76213,20.044436262695314
2024-03-22 14:30:00,-140.53225451666663,-136.22794891666666,-106.7166,33.81565600592444
2024-03-22 15:00:00,-125.9575151,-107.86147125,-87.34226,38.61525283193359
2024-03-22 15:30:00,-98.27561993333336,-79.66130611666667,-68.778915,29.496704528059922
2024-03-22 16:00:00,-65.55361466666666,-51.98490066666667,-46.482166,19.071448376383458
2024-03-22 16:30:00,-44.3904009,-29.919468116666668,-21.905003,22.485398306005862
2024-03-22 17:00:00,-14.90215335,4.358171566666667,-3.488285,11.413868285302735
2024-03-22 17:30:00,8.410606116666665,15.456399666666664,16.177715,7.767109184847007
2024-03-22 18:00:00,26.352789966666663,33.19656941666667,30.116558,3.763768108284509
2024-03-22 18:30:00,37.23877623333333,35.473652216666665,38.523785,1.2850084041178391
2024-03-22 19:00:00,42.2973338,36.11962111666667,43.38574,1.0884045728027374
2024-03-22 19:30:00,38.18182111666667,37.83405825,45.57397,7.392149678011066
2024-03-22 20:00:00,41.57391941666666,39.91048773333333,44.9098,3.3358820664876347
2024-03-22 20:30:00,41.07816743333333,40.17092611666666,41.97604,0.8978724531412823
2024-03-22 21:00:00,38.46506168333333,30.65992453333333,40.854168,2.3891062548990902
2024-03-22 21:30:00,35.40147328333334,33.40806958333334,38.071285,2.669811964469396
2024-03-22 22:00:00,32.75236288333333,29.27740075,35.12898,2.3766158459147135
2024-03-22 22:30:00,30.55395108333333,28.575473516666666,33.352856,2.798904599039716
2024-03-22 23:00:00,32.464851483333334,25.019354366666665,30.242046,-2.222805127132162
2024-03-22 23:30:00,28.485273783333337,23.18005948333333,29.357662,0.8723884175943972
2024-03-23 00:00:00,24.86824445,22.810486333333333,29.223568,4.3553235126464855
2024-03-23 00:30:00,22.5414088,22.87734896666667,24.480877,1.9394681226074226
2024-03-23 01:00:00,21.083403933333333,23.66038585,22.138699,1.0552946445475264
2024-03-23 01:30:00,21.82120218333333,22.47045145,23.597713,1.776511287125654
2024-03-23 02:00:00,21.82773543333333,20.5870541,21.9696,0.1418652441569037
2024-03-23 02:30:00,20.75446565,22.524386216666667,22.866924,2.1124586358886717
2024-03-23 03:00:00,22.2293179,22.048071766666663,22.281658,0.052340272607420246
2024-03-23 03:30:00,21.49071453333333,22.783111833333333,23.303555,1.8128400015787811
2024-03-23 04:00:00,21.048605966666667,23.154431533333334,26.085766,5.03715987195638
2024-03-23 04:30:00,21.717783216666664,23.74086463333333,26.731228,5.013444658089195
2024-03-23 05:00:00,22.0699094,24.20598393333333,27.820873,5.750963860498047
2024-03-23 05:30:00,23.01038045,34.31801888333333,30.053616,7.04323512006836
2024-03-23 06:00:00,24.758855916666665,37.04126991666666,26.672237,1.9133814795735695
2024-03-23 06:30:00,17.7783173,38.80018173333334,21.13873,3.360411795458983
2024-03-23 07:00:00,6.818821533333334,20.19535135,8.758953,1.9401315611490881
2024-03-23 07:30:00,-2.707961983333333,6.435066999999999,-5.905369,-3.1974068215983076
2024-03-23 08:00:00,-23.9149734,-33.448365,-25.401295,-1.4863213082519522
2024-03-23 08:30:00,-47.456535,-57.54349258333334,-49.151096,-1.6945613439941383
2024-03-23 09:00:00,-75.43519171666667,-82.21225433333333,-71.25784,4.17734869908854
2024-03-23 09:30:00,-108.27178326666666,-111.09930996666668,-92.18417,16.087609682682285
2024-03-23 10:00:00,-121.75134726666666,-130.29778285,-111.42,10.331349097721343
2024-03-23 10:30:00,-115.22690715,-136.37634161666668,-124.85107,-9.624159439355466
2024-03-23 11:00:00,-129.0218024333333,-148.18083881666666,-139.05127,-10.029467097916694
2024-03-23 11:30:00,-135.09906231666665,-155.96398153333334,-145.50641,-10.407346374739603
2024-03-23 12:00:00,-140.57350713333332,-159.8994934,-150.00127,-9.427759346158865
2024-03-23 12:30:00,-141.79316218333335,-165.61577773333332,-151.3464,-9.553242845963524
2024-03-23 13:00:00,-138.10713661666668,-166.34892958333333,-148.1339,-10.026759257356758
2024-03-23 13:30:00,-126.99095206666668,-149.83677358333333,-140.68204,-13.691085286848946
2024-03-23 14:00:00,-117.95680793333332,-140.806567,-129.11945,-11.162637867447927
2024-03-23 14:30:00,-115.05415716666666,-140.53225451666663,-112.916046,2.1381110240885306
2024-03-23 15:00:00,-94.36616201666668,-125.9575151,-92.24468,2.121479704654959
2024-03-23 15:30:00,-82.4169321,-98.27561993333336,-71.24135,11.175583833398434
2024-03-23 16:00:00,-56.5962241,-65.55361466666666,-46.310795,10.285429269677735
2024-03-23 16:30:00,-38.77158065,-44.3904009,-22.776478,15.995102836279294
2024-03-23 17:00:00,-10.10027125,-14.90215335,-3.4066505,6.69362070678711
2024-03-23 17:30:00,4.07049845,8.410606116666665,12.900234,8.82973577241211
2024-03-23 18:00:00,22.03433508333333,26.352789966666663,21.814877,-0.21945852693684387
2024-03-23 18:30:00,31.537380116666668,37.23877623333333,31.827602,0.2902222698079413
2024-03-23 19:00:00,32.80264758333333,42.2973338,37.259,4.456351287516277
2024-03-23 19:30:00,37.736078166666665,38.18182111666667,41.03088,3.294801807698569
2024-03-23 20:00:00,38.223802766666665,41.57391941666666,38.740734,0.5169313336751316
2024-03-23 20:30:00,38.71332993333333,41.07816743333333,37.98576,-0.7275701982259051
2024-03-23 21:00:00,36.209703866666665,38.46506168333333,36.862133,0.652429159456382
2024-03-23 21:30:00,36.04523936666666,35.40147328333334,33.916027,-2.1292122975748597
2024-03-23 22:00:00,33.61315821666667,32.75236288333333,31.49461,-2.118548383902997
2024-03-23 22:30:00,30.523748916666666,30.55395108333333,31.239239,0.7154898223470063
2024-03-23 23:00:00,28.204018883333333,32.464851483333334,27.604076,-0.5999424978352863
2024-03-23 23:30:00,28.66545898333333,28.485273783333337,29.77052,1.1050602732584665
2024-03-24 00:00:00,27.154745966666667,24.86824445,30.231045,3.0762988026204425
2024-03-24 00:30:00,24.17184058333333,22.5414088,26.224377,2.0525360951334655
2024-03-24 01:00:00,23.05516103333333,21.083403933333333,26.97334,3.918178047477216
2024-03-24 01:30:00,22.46771835,21.82120218333333,25.67686,3.2091424593261735
2024-03-24 02:00:00,23.90799163333333,21.82773543333333,22.739422,-1.1685697888509097
2024-03-24 02:30:00,22.030416,20.75446565,24.065884,2.0354676364746105
2024-03-24 03:00:00,22.926159833333333,22.2293179,22.982449,0.05628874454752619
2024-03-24 03:30:00,22.30000425,21.49071453333333,23.246487,0.9464824138183587
2024-03-24 04:00:00,22.738977133333336,21.048605966666667,24.593838,1.8548606047037737
2024-03-24 04:30:00,22.1720629,21.717783216666664,26.275677,4.103613827294922
2024-03-24 05:00:00,26.41407266666667,22.0699094,28.221462,1.80738958308919
2024-03-24 05:30:00,30.99631378333333,23.01038045,28.586208,-2.410105439827472
2024-03-24 06:00:00,30.825285466666667,24.758855916666665,26.253323,-4.571962865348308
2024-03-24 06:30:00,30.50936383333333,17.7783173,20.374203,-10.135161105061847
2024-03-24 07:00:00,14.216938866666666,6.818821533333334,7.2138634,-7.003075493863932
2024-03-24 07:30:00,-6.379930933333333,-2.707961983333333,-8.180286,-1.80035547413737
2024-03-24 08:00:00,-30.20591245,-23.9149734,-29.318012,0.8879002124511715
2024-03-24 08:30:00,-60.5186672,-47.456535,-54.01868,6.499986627490237
2024-03-24 09:00:00,-79.25536168333333,-75.43519171666667,-77.69546,1.55990422483724
2024-03-24 09:30:00,-95.72940625,-108.27178326666666,-97.65326,-1.9238530273437533
2024-03-24 10:00:00,-118.50797498333334,-121.75134726666666,-115.22148,3.2864936600911534
2024-03-24 10:30:00,-130.40407276666667,-115.22690715,-129.12439,1.2796831182291726
2024-03-24 11:00:00,-139.6255399833333,-129.0218024333333,-141.18314,-1.5575960029948135
2024-03-24 11:30:00,-146.3689784,-135.09906231666665,-148.15393,-1.7849522640624969
2024-03-24 12:00:00,-170.77803948333334,-140.57350713333332,-152.33734,18.440698174739595
2024-03-24 12:30:00,-174.94812221666666,-141.79316218333335,-151.20544,23.74267788072916
2024-03-24 13:00:00,-174.11415941666667,-138.10713661666668,-146.64687,27.467293571940104
2024-03-24 13:30:00,-170.0580505,-126.99095206666668,-140.44948,29.608572350585945
2024-03-24 14:00:00,-156.9303710833333,-117.95680793333332,-128.03857,28.891796864583313
2024-03-24 14:30:00,-128.01231325,-115.05415716666666,-111.87813,16.134185198242193
2024-03-24 15:00:00,-107.18435888333332,-94.36616201666668,-94.56039,12.623972225618473
2024-03-24 15:30:00,-91.79154073333336,-82.4169321,-73.05117,18.74037038421227
2024-03-24 16:00:00,-60.970336333333336,-56.5962241,-48.737095,12.233241454182945
2024-03-24 16:30:00,-26.31660563333333,-38.77158065,-25.772816,0.5437899289876285
2024-03-24 17:00:00,7.442741733333331,-10.10027125,-5.5088844,-12.951626163264972
2024-03-24 17:30:00,24.32746,4.07049845,10.9085045,-13.418955513916014
2024-03-24 18:00:00,40.73022173333333,22.03433508333333,22.391705,-18.33851717400716
2024-03-24 18:30:00,43.779386216666666,31.537380116666668,32.44903,-11.330354386832681
2024-03-24 19:00:00,45.81288548333333,32.80264758333333,38.90742,-6.905464371272785
2024-03-24 19:30:00,44.471886266666665,37.736078166666665,42.1947,-2.277187932926431
2024-03-24 20:00:00,46.74936385,38.223802766666665,41.544704,-5.204659412744142
2024-03-24 20:30:00,39.01256936666667,38.71332993333333,40.50378,1.4912109983235666
2024-03-24 21:00:00,38.05035336666666,36.209703866666665,38.56883,0.5184752160970092
2024-03-24 21:30:00,35.06542378333334,36.04523936666666,35.803432,0.7380086812662725
2024-03-24 22:00:00,33.98690773333333,33.61315821666667,32.324337,-1.6625707277180979
2024-03-24 22:30:00,32.645816833333335,30.523748916666666,32.856808,0.21099087540689965
2024-03-24 23:00:00,26.48644296666667,28.204018883333333,32.95564,6.469195918831378
2024-03-24 23:30:00,24.969332750000003,28.66545898333333,30.86787,5.898537580810544
2024-03-25 00:00:00,23.6971474,27.154745966666667,27.159542,3.4623946837402357
2024-03-25 00:30:00,22.415167666666665,24.17184058333333,25.135998,2.7208301055501316
2024-03-25 01:00:00,21.49656848333333,23.05516103333333,25.241299,3.744730192203779
2024-03-25 01:30:00,23.359754350000003,22.46771835,22.367168,-0.992585923486331
2024-03-25 02:00:00,25.36523833333333,23.90799163333333,21.943539,-3.421699667561846
2024-03-25 02:30:00,23.46795985,22.030416,22.243069,-1.2248911549316404
2024-03-25 03:00:00,23.631848700000003,22.926159833333333,23.338634,-0.2932142090332057
2024-03-25 03:30:00,22.966902283333336,22.30000425,25.180355,2.213452788688148
2024-03-25 04:00:00,22.532745016666667,22.738977133333336,25.518597,2.9858516325032554
2024-03-25 04:30:00,26.04494808333333,22.1720629,26.117992,0.07304431778971576
2024-03-25 05:00:00,25.6763079,26.41407266666667,25.666378,-0.009929878759766808
2024-03-25 05:30:00,24.99901673333333,30.99631378333333,27.362926,2.363909749820966
2024-03-25 06:00:00,41.7549878,30.825285466666667,27.37405,-14.380937659619143
2024-03-25 06:30:00,42.18940931666666,30.50936383333333,21.003613,-21.185796798356115
2024-03-25 07:00:00,22.11558255,14.216938866666666,8.912563,-13.20301922602539
2024-03-25 07:30:00,4.988860183333332,-6.379930933333333,-4.165989,-9.154849105452474
2024-03-25 08:00:00,-20.62801615,-30.20591245,-25.201786,-4.573769891259765
2024-03-25 08:30:00,-43.36151096666666,-60.5186672,-49.55747,-6.195957447639984
2024-03-25 09:00:00,-70.85184016666666,-79.25536168333333,-73.88119,-3.029347272298182
2024-03-25 09:30:00,-89.73677881666667,-95.72940625,-93.82975,-4.092971244368485
2024-03-25 10:00:00,-115.35712785,-118.50797498333334,-111.21802,4.139110271874998
2024-03-25 10:30:00,-131.37407096666666,-130.40407276666667,-126.29441,5.079660261100258
2024-03-25 11:00:00,-120.29506553333331,-139.6255399833333,-137.52803,-17.232964862174498
2024-03-25 11:30:00,-135.8955628,-146.3689784,-143.29352,-7.397955266406257
2024-03-25 12:00:00,-174.63813888333334,-170.77803948333334,-148.53564,26.10249435208334
2024-03-25 12:30:00,-175.19620433333333,-174.94812221666666,-149.52509,25.671118884114577
2024-03-25 13:00:00,-172.56315728333334,-174.11415941666667,-146.93796,25.625199519661464
2024-03-25 13:30:00,-162.5511842,-170.0580505,-143.1073,19.443884395312494
2024-03-25 14:00:00,-144.98066546666666,-156.9303710833333,-133.76245,11.218214294791665
2024-03-25 14:30:00,-129.49224881666666,-128.01231325,-119.8561,9.636146826920566
2024-03-25 15:00:00,-114.08776818333332,-107.18435888333332,-101.17823,12.909537897688793
2024-03-25 15:30:00,-88.23073425,-91.79154073333336,-79.45912,8.771612545898435
2024-03-25 16:00:00,-48.56376326666666,-60.970336333333336,-53.62189,-5.058127755061854
2024-03-25 16:30:00,-25.679673183333332,-26.31660563333333,-28.05524,-2.375567447770184
2024-03-25 17:00:00,8.519254400000001,7.442741733333331,-6.4308357,-14.950090123876954
2024-03-25 17:30:00,28.85046893333333,24.32746,13.04417,-15.80629855369466
2024-03-25 18:00:00,36.665441066666666,40.73022173333333,28.739529,-7.925912410660807
2024-03-25 18:30:00,42.15406755,43.779386216666666,38.196423,-3.9576449730957037
2024-03-25 19:00:00,40.03133196666666,45.81288548333333,42.342373,2.3110409276204464
2024-03-25 19:30:00,39.96844565,44.471886266666665,45.03793,5.06948388491211
2024-03-25 20:00:00,43.187558816666666,46.74936385,42.48135,-0.7062088715983066
2024-03-25 20:30:00,79.19189051666667,39.01256936666667,38.690975,-40.50091532745769
2024-03-25 21:00:00,69.97894288333333,38.05035336666666,38.102306,-31.876636517366535
2024-03-25 21:30:00,39.10503293333333,35.06542378333334,34.022747,-5.082285893538405
2024-03-25 22:00:00,42.28778616666667,33.98690773333333,33.19665,-9.091134707926436
2024-03-25 22:30:00,45.72297243333333,32.645816833333335,31.606579,-14.116393606429035
2024-03-25 23:00:00,29.804088383333333,26.48644296666667,30.690868,0.8867799943522137
2024-03-25 23:30:00,27.6319091,24.969332750000003,30.603985,2.9720757327636704
2024-03-26 00:00:00,26.187450100000003,23.6971474,24.284405,-1.9030453453613312
2024-03-26 00:30:00,25.304099766666667,22.415167666666665,22.439877,-2.8642232102701826
2024-03-26 01:00:00,24.4175071,21.49656848333333,21.542934,-2.8745726822753923
2024-03-26 01:30:00,24.718052850000003,23.359754350000003,19.834637,-4.883416161767581
2024-03-26 02:00:00,24.742146116666664,25.36523833333333,19.897396,-4.8447500290201795
2024-03-26 02:30:00,24.129509,23.46795985,20.32716,-3.802349118408202
2024-03-26 03:00:00,25.28242335,23.631848700000003,21.19041,-4.0920127359863265
2024-03-26 03:30:00,25.52935563333333,22.966902283333336,24.073025,-1.456330883577472
2024-03-26 04:00:00,26.344661616666667,22.532745016666667,25.581585,-0.7630766862467446
2024-03-26 04:30:00,26.03761593333333,26.04494808333333,29.957455,3.919838748063153
2024-03-26 05:00:00,27.216230116666665,25.6763079,30.51698,3.3007491008626317
2024-03-26 05:30:00,31.261437666666662,24.99901673333333,32.40591,1.1444728252766971
2024-03-26 06:00:00,37.84801661666667,41.7549878,32.349056,-5.498960372770185
2024-03-26 06:30:00,43.55811761666666,42.18940931666666,26.965878,-16.592240083707672
2024-03-26 07:00:00,29.648148483333333,22.11558255,12.746624,-16.90152449041341
2024-03-26 07:30:00,9.682035683333334,4.988860183333332,-3.9664192,-13.648454903304037
2024-03-26 08:00:00,-19.68100658333333,-20.62801615,-27.18575,-7.50474247062175
2024-03-26 08:30:00,-45.97426435,-43.36151096666666,-49.47153,-3.497266564306642
2024-03-26 09:00:00,-73.04189833333334,-70.85184016666666,-73.50531,-0.4634117252604142
2024-03-26 09:30:00,-98.82131106666668,-89.73677881666667,-92.9367,5.884612153092462
2024-03-26 10:00:00,-122.65746955,-115.35712785,-110.50388,12.153586188183596
2024-03-26 10:30:00,-132.4327833,-131.37407096666666,-127.38575,5.04703348310548
2024-03-26 11:00:00,-139.72538316666666,-120.29506553333331,-135.2716,4.45377672135416
2024-03-26 11:30:00,-154.92822276666666,-135.8955628,-140.80487,14.123352161197914
2024-03-26 12:00:00,-170.88209836666667,-174.63813888333334,-145.67186,25.21023862545573
2024-03-26 12:30:00,-175.6379984,-175.19620433333333,-150.64963,24.98837071445311
2024-03-26 13:00:00,-171.90685396666666,-172.56315728333334,-147.90758,23.999276452018222
2024-03-26 13:30:00,-160.98363381666667,-162.5511842,-144.22412,16.759512722916668
2024-03-26 14:00:00,-151.14914838333334,-144.98066546666666,-136.52094,14.62821332473959
2024-03-26 14:30:00,-133.47877680000002,-129.49224881666666,-120.32544,13.15333734687502
2024-03-26 15:00:00,-115.74351745,-114.08776818333332,-100.19541,15.548105767871093
2024-03-26 15:30:00,-84.07928726666667,-88.23073425,-79.48857,4.590716099674481
2024-03-26 16:00:00,-54.96450218333334,-48.56376326666666,-53.56113,1.4033716596516967
2024-03-26 16:30:00,-28.391233466666662,-25.679673183333332,-28.994312,-0.6030788197102908
2024-03-26 17:00:00,-4.507388266666666,8.519254400000001,-4.8258553,-0.31846698846028687
2024-03-26 17:30:00,12.198092083333334,28.85046893333333,13.907787,1.709695239664713
2024-03-26 18:00:00,28.391076066666667,36.665441066666666,29.400875,1.0097990248860675
2024-03-26 18:30:00,33.31127838333334,42.15406755,38.779842,5.468563993375646
2024-03-26 19:00:00,35.223330616666665,40.03133196666666,44.662838,9.43950736551107
2024-03-26 19:30:00,40.52800175,39.96844565,46.110317,5.582315480224608
2024-03-26 20:00:00,36.41014111666667,43.187558816666666,44.788174,8.378032558870437
2024-03-26 20:30:00,35.64155151666667,79.19189051666667,43.97491,8.333359219417318
2024-03-26 21:00:00,34.47572095,69.97894288333333,40.951687,6.475965909130856
2024-03-26 21:30:00,35.579443966666666,39.10503293333333,37.677166,2.0977220184407557
2024-03-26 22:00:00,30.176547616666667,42.28778616666667,35.881115,5.70456734305013
2024-03-26 22:30:00,28.99260765,45.72297243333333,34.841366,5.848758164208984
2024-03-26 23:00:00,26.404705916666668,29.804088383333333,33.123226,6.718520249104817
2024-03-26 23:30:00,26.302278883333333,27.6319091,33.46896,7.166680925016276
2024-03-27 00:00:00,25.68383773333333,26.187450100000003,30.473064,4.789226689274091
2024-03-27 00:30:00,22.8344582,25.304099766666667,25.897106,3.0626479706542966
2024-03-27 01:00:00,26.546581900000003,24.4175071,24.966183,-1.5803991912597688
2024-03-27 01:30:00,23.4470388,24.718052850000003,23.254116,-0.19292274165039203
2024-03-27 02:00:00,22.63796293333333,24.742146116666664,23.411388,0.7734254638834663
2024-03-27 02:30:00,20.77369123333333,24.129509,23.257763,2.484071675602216
2024-03-27 03:00:00,22.001871216666668,25.28242335,23.411358,1.4094866629720038
2024-03-27 03:30:00,21.027656616666665,25.52935563333333,24.347134,3.3194770198079446
2024-03-27 04:00:00,22.052834766666667,26.344661616666667,27.80653,5.75369523211263
2024-03-27 04:30:00,21.985443683333333,26.03761593333333,30.936443,8.950999645524089
2024-03-27 05:00:00,28.921043766666667,27.216230116666665,30.929989,2.0089450944173173
2024-03-27 05:30:00,30.2474778,31.261437666666662,32.317257,2.0697791274902357
2024-03-27 06:00:00,39.10355335,37.84801661666667,30.649242,-8.454310948876952
2024-03-27 06:30:00,30.140780066666668,43.55811761666666,23.614285,-6.526495551285809
2024-03-27 07:00:00,23.009574533333332,29.648148483333333,13.648998,-9.360576272835285
2024-03-27 07:30:00,2.729350683333333,9.682035683333334,-2.0788155,-4.808166143538411
2024-03-27 08:00:00,-17.526248983333332,-19.68100658333333,-22.749638,-5.223388620426434
2024-03-27 08:30:00,-46.06747965,-45.97426435,-45.93543,0.13205103061523715
2024-03-27 09:00:00,-63.75055718333334,-73.04189833333334,-71.27144,-7.5208814152994705
2024-03-27 09:30:00,-73.82324053333333,-98.82131106666668,-92.12559,-18.302346930045573
2024-03-27 10:00:00,-106.29579686666666,-122.65746955,-112.67946,-6.3836617514973995
2024-03-27 10:30:00,-109.09430505,-132.4327833,-129.07538,-19.981073367968747
2024-03-27 11:00:00,-128.3867451,-139.72538316666666,-141.2568,-12.870060319921862
2024-03-27 11:30:00,-147.30198893333332,-154.92822276666666,-149.57251,-2.2705208322916803
2024-03-27 12:00:00,-154.49312718333334,-170.88209836666667,-155.05078,-0.5576540666666574
2024-03-27 12:30:00,-159.22521388333334,-175.6379984,-156.86111,2.364099381380214
2024-03-27 13:00:00,-144.42809126666666,-171.90685396666666,-154.57533,-10.147241374934907
2024-03-27 13:30:00,-144.64599378333332,-160.98363381666667,-149.56439,-4.918398306510426
2024-03-27 14:00:00,-143.83478575,-151.14914838333334,-138.60419,5.230598738281259
2024-03-27 14:30:00,-122.86105443333334,-133.47877680000002,-123.819695,-0.9586400857096322
2024-03-27 15:00:00,-114.46085656666666,-115.74351745,-104.77733,9.683528075455726
2024-03-27 15:30:00,-78.86641601666666,-84.07928726666667,-80.857216,-1.9907998646809943
2024-03-27 16:00:00,-59.0368731,-54.96450218333334,-55.202274,3.8345987774902355
2024-03-27 16:30:00,-30.15201611666667,-28.391233466666662,-29.333927,0.8180889621256533
2024-03-27 17:00:00,2.4338300166666658,-4.507388266666666,-5.9359016,-8.369731658512368
2024-03-27 17:30:00,11.32617905,12.198092083333334,11.619961,0.293781734912109
2024-03-27 18:00:00,28.28936733333333,28.391076066666667,27.934399,-0.3549686822102842
2024-03-27 18:30:00,33.55014068333333,33.31127838333334,39.599804,6.049663241227215
2024-03-27 19:00:00,34.53289616666667,35.223330616666665,46.704845,12.17194926180013
2024-03-27 19:30:00,36.7921199,40.52800175,47.293987,10.501867374169919
2024-03-27 20:00:00,38.93680905,36.41014111666667,45.98463,7.047821534716796
2024-03-27 20:30:00,38.97184403333333,35.64155151666667,43.607937,4.636092825797526
2024-03-27 21:00:00,35.15585541666667,34.47572095,39.759487,4.603631735432941
2024-03-27 21:30:00,31.0058883,35.579443966666666,35.24632,4.240430517138673
2024-03-27 22:00:00,30.813046616666668,30.176547616666667,33.73411,2.921065169222004
2024-03-27 22:30:00,28.33614718333333,28.99260765,33.157146,4.820999270524091
2024-03-27 23:00:00,27.04395538333333,26.404705916666668,31.92265,4.878694000211592
2024-03-27 23:30:00,25.8486398,26.302278883333333,29.64964,3.800999329638671
2024-03-28 00:00:00,24.5946874,25.68383773333333,29.293087,4.698399605615233
2024-03-28 00:30:00,22.200142133333333,22.8344582,26.936169,4.736026537320964
2024-03-28 01:00:00,24.214916766666665,26.546581900000003,25.861324,1.6464075436360694
2024-03-28 01:30:00,24.37363415,23.4470388,24.695766,0.3221322989746085
2024-03-28 02:00:00,23.485686466666667,22.63796293333333,24.013119,0.527432277229817
2024-03-28 02:30:00,21.322267216666667,20.77369123333333,23.358898,2.03663094617513
2024-03-28 03:00:00,21.74915018333333,22.001871216666668,25.061153,3.3120032285319034
2024-03-28 03:30:00,22.79247331666667,21.027656616666665,25.62022,2.827746867659503
2024-03-28 04:00:00,22.544745083333336,22.052834766666667,28.84106,6.296315555094399
2024-03-28 04:30:00,23.53925678333333,21.985443683333333,30.878536,7.3392794410319055
2024-03-28 05:00:00,24.02431316666667,28.921043766666667,32.20332,8.179006382893878
2024-03-28 05:30:00,24.937656333333333,30.2474778,35.76135,10.823692391031901
2024-03-28 06:00:00,30.17306951666667,39.10355335,35.532528,5.359458406917316
2024-03-28 06:30:00,26.646747,30.140780066666668,27.28973,0.6429830720214831
2024-03-28 07:00:00,21.48703408333333,23.009574533333332,17.453518,-4.0335161695149715
2024-03-28 07:30:00,6.182740133333333,2.729350683333333,0.53741074,-5.645329397249348
2024-03-28 08:00:00,-17.755496316666665,-17.526248983333332,-21.84531,-4.089813894514975
2024-03-28 08:30:00,-41.63580556666667,-46.06747965,-45.617268,-3.9814620419759095
2024-03-28 09:00:00,-59.28034778333333,-63.75055718333334,-71.9515,-12.67115215563151
2024-03-28 09:30:00,-77.98853995,-73.82324053333333,-93.9138,-15.925263150585934
2024-03-28 10:00:00,-98.99779413333331,-106.29579686666666,-111.648315,-12.650521296354185
2024-03-28 10:30:00,-107.04548551666666,-109.09430505,-124.64282,-17.59733674895834
2024-03-28 11:00:00,-127.5218178,-128.3867451,-139.1428,-11.620989206835944
2024-03-28 11:30:00,-137.6157139,-147.30198893333332,-148.39172,-10.776009732812497
2024-03-28 12:00:00,-147.54724088333333,-154.49312718333334,-153.94904,-6.40179476119792
2024-03-28 12:30:00,-163.88130626666668,-159.22521388333334,-156.74577,7.135532951236996
2024-03-28 13:00:00,-162.52127388333332,-144.42809126666666,-156.22314,6.298129352083322
2024-03-28 13:30:00,-153.43945763333332,-144.64599378333332,-149.57468,3.864781119661444
2024-03-28 14:00:00,-146.95730735,-143.83478575,-138.61285,8.344453346093758
2024-03-28 14:30:00,-124.3449699,-122.86105443333334,-125.04193,-0.6969612523437547
2024-03-28 15:00:00,-115.0154034,-114.46085656666666,-105.13563,9.879775653417965
2024-03-28 15:30:00,-81.84270945,-78.86641601666666,-79.81763,2.025082496875001
2024-03-28 16:00:00,-51.183934533333336,-59.0368731,-54.677265,-3.4933306339029926
2024-03-28 16:30:00,-21.59836895,-30.15201611666667,-28.956623,-7.358254127392577
2024-03-28 17:00:00,7.061770233333334,2.4338300166666658,-6.52808,-13.5898502199056
2024-03-28 17:30:00,22.033087966666667,11.32617905,10.8260765,-11.207011459098307
2024-03-28 18:00:00,36.075114516666666,28.28936733333333,27.00636,-9.06875541632487
2024-03-28 18:30:00,39.7224563,33.55014068333333,39.473186,-0.24926980708007562
2024-03-28 19:00:00,35.20263116666666,34.53289616666667,44.79376,9.591127225667321
2024-03-28 19:30:00,36.30293493333333,36.7921199,44.87945,8.576516818375651
2024-03-28 20:00:00,36.88253351666666,38.93680905,44.811596,7.929062400081385
2024-03-28 20:30:00,37.69556276666666,38.97184403333333,41.092632,3.3970695270345104
2024-03-28 21:00:00,36.384777633333336,35.15585541666667,39.38905,3.004271896695961
2024-03-28 21:30:00,33.96693128333333,31.0058883,36.235485,2.268553793570966
2024-03-28 22:00:00,31.00911415,30.813046616666668,33.69685,2.6877356729980484
2024-03-28 22:30:00,30.40320428333333,28.33614718333333,30.7075,0.3042961744303412
2024-03-28 23:00:00,29.169564566666665,27.04395538333333,30.58665,1.417086281722007
2024-03-28 23:30:00,28.4070053,25.8486398,28.692806,0.2858009438964828
2024-03-29 00:00:00,26.1581428,24.5946874,25.893887,-0.2642562338378909
2024-03-29 00:30:00,24.7294051,22.200142133333333,25.227322,0.49791652475585835
2024-03-29 01:00:00,27.091121216666664,24.214916766666665,25.11752,-1.973601838004555
2024-03-29 01:30:00,24.22540895,24.37363415,24.018002,-0.20740739360351412
2024-03-29 02:00:00,23.27883506666667,23.485686466666667,23.009106,-0.2697293842936226
2024-03-29 02:30:00,23.759776666666667,21.322267216666667,22.58694,-1.1728359012858078
2024-03-29 03:00:00,24.438798366666663,21.74915018333333,22.246029,-2.192769466520179
2024-03-29 03:30:00,24.20149688333333,22.79247331666667,22.557064,-1.6444328269368462
2024-03-29 04:00:00,24.589599950000004,22.544745083333336,27.40887,2.8192707470214806
2024-03-29 04:30:00,24.6712215,23.53925678333333,31.015377,6.344155544677733
2024-03-29 05:00:00,25.617303983333333,24.02431316666667,31.514751,5.897447450992839
2024-03-29 05:30:00,27.632767783333332,24.937656333333333,34.747555,7.1147869957194025
2024-03-29 06:00:00,28.784728033333334,30.17306951666667,33.898815,5.114087121695963
2024-03-29 06:30:00,30.342025083333336,26.646747,28.818645,-1.5233796060384144
2024-03-29 07:00:00,15.062444016666666,21.48703408333333,17.072079,2.009634688167319
2024-03-29 07:30:00,-10.701113766666666,6.182740133333333,0.44286728,11.1439810457194
2024-03-29 08:00:00,-28.571342216666665,-17.755496316666665,-20.52106,8.050281273063149
2024-03-29 08:30:00,-54.113764550000006,-41.63580556666667,-45.283466,8.830298210888678
2024-03-29 09:00:00,-80.58151455,-59.28034778333333,-71.273926,9.307588768749994
2024-03-29 09:30:00,-113.30578721666666,-77.98853995,-90.90854,22.397248398307283
2024-03-29 10:00:00,-129.39212998333332,-98.99779413333331,-108.3696,21.022531594661444
2024-03-29 10:30:00,-133.58228175,-107.04548551666666,-124.663315,8.918966930664055
2024-03-29 11:00:00,-148.60444113333332,-127.5218178,-139.13995,9.464487520052074
2024-03-29 11:30:00,-158.74324195,-137.6157139,-147.90356,10.839677496874998
2024-03-29 12:00:00,-166.41031728333334,-147.54724088333333,-153.47229,12.938027244270842
2024-03-29 12:30:00,-178.86050501666668,-163.88130626666668,-156.87007,21.990433605533866
2024-03-29 13:00:00,-169.03673395,-162.52127388333332,-153.92468,15.112051332812513
2024-03-29 13:30:00,-159.75649836666665,-153.43945763333332,-149.56836,10.188138991666648
2024-03-29 14:00:00,-150.73344658333335,-146.95730735,-141.76044,8.973009571614597
2024-03-29 14:30:00,-140.3798862,-124.3449699,-123.3311,17.0487857361328
2024-03-29 15:00:00,-116.66193825,-115.0154034,-103.512436,13.149502336914068
2024-03-29 15:30:00,-84.21729491666667,-81.84270945,-80.85453,3.3627645821940177
2024-03-29 16:00:00,-52.60777495,-51.183934533333336,-54.05048,-1.442704938916016
2024-03-29 16:30:00,-30.360565066666663,-21.59836895,-27.942448,2.418117404313147
2024-03-29 17:00:00,2.8408407000000007,7.061770233333334,-7.278034,-10.11887491020508
2024-03-29 17:30:00,14.093874316666666,22.033087966666667,12.240444,-1.8534301333170564
2024-03-29 18:00:00,25.607060566666664,36.075114516666666,27.874493,2.2674320785970075
2024-03-29 18:30:00,33.533872816666666,39.7224563,36.623394,3.0895211957845063
2024-03-29 19:00:00,32.51453228333333,35.20263116666666,41.489117,8.97458438536784
2024-03-29 19:30:00,34.48311775,36.30293493333333,44.773006,10.289888689208986
2024-03-29 20:00:00,35.8991471,36.88253351666666,42.424725,6.5255774788574215
2024-03-29 20:30:00,33.61204731666667,37.69556276666666,38.77902,5.166971085432941
2024-03-29 21:00:00,33.54111136666666,36.384777633333336,37.004787,3.463676078401697
2024-03-29 21:30:00,33.775064916666665,33.96693128333333,34.51074,0.7356734561360696
2024-03-29 22:00:00,28.42585055,31.00911415,31.590374,3.164523442919922
2024-03-29 22:30:00,30.22307325,30.40320428333333,31.589993,1.3669192731933606
2024-03-29 23:00:00,27.330688133333336,29.169564566666665,31.48225,4.151562080289711
2024-03-29 23:30:00,25.290093416666668,28.4070053,28.968685,3.6785917334798164
2024-03-30 00:00:00,24.443951783333333,26.1581428,25.389858,0.9459064625162767
2024-03-30 00:30:00,23.68738383333333,24.7294051,24.746655,1.0592706771647151
2024-03-30 01:00:00,23.966478966666667,27.091121216666664,23.231625,-0.7348543633951827
2024-03-30 01:30:00,25.100996166666665,24.22540895,22.457928,-2.643068462809243
2024-03-30 02:00:00,22.361630966666667,23.27883506666667,22.27029,-0.09134059191080723
2024-03-30 02:30:00,24.370718333333333,23.759776666666667,20.636898,-3.733820292561848
2024-03-30 03:00:00,24.49397895,24.438798366666663,22.457394,-2.0365853037597645
2024-03-30 03:30:00,23.826894,24.20149688333333,25.289669,1.462775036865235
2024-03-30 04:00:00,22.845742783333336,24.589599950000004,28.91299,6.067247786735024
2024-03-30 04:30:00,22.890683116666665,24.6712215,30.642757,7.7520742991048195
2024-03-30 05:00:00,23.649879166666665,25.617303983333333,32.738995,9.089115431722007
2024-03-30 05:30:00,27.374075666666663,27.632767783333332,32.958935,5.584859117268884
2024-03-30 06:00:00,28.9211766,28.784728033333334,31.07484,2.153663945654298
2024-03-30 06:30:00,20.29179825,30.342025083333336,27.110332,6.8185342390136725
2024-03-30 07:00:00,9.5105084,15.062444016666666,17.571957,8.061448234521484
2024-03-30 07:30:00,-8.428797183333332,-10.701113766666666,-1.2706795,7.158117709456379
2024-03-30 08:00:00,-29.42701335,-28.571342216666665,-19.57227,9.854743910302734
2024-03-30 08:30:00,-56.21238331666667,-54.113764550000006,-42.31966,13.892723129899089
2024-03-30 09:00:00,-88.98474253333332,-80.58151455,-68.84047,20.144273172981755
2024-03-30 09:30:00,-119.63788451666666,-113.30578721666666,-91.19583,28.442053217838534
2024-03-30 10:00:00,-142.4464711,-129.39212998333332,-110.656746,31.789725189355465
2024-03-30 10:30:00,-150.32498376666666,-133.58228175,-127.34007,22.984911134830725
2024-03-30 11:00:00,-162.74581211666666,-148.60444113333332,-139.35272,23.393089948697906
2024-03-30 11:30:00,-174.3309133,-158.74324195,-148.75876,25.572154755078117
2024-03-30 12:00:00,-182.0662811166667,-166.41031728333334,-155.19911,26.867169178190125
2024-03-30 12:30:00,-183.64078715,-178.86050501666668,-159.86426,23.776529337499994
2024-03-30 13:00:00,-175.86254498333332,-169.03673395,-159.1213,16.741237610286447
2024-03-30 13:30:00,-162.34510605,-159.75649836666665,-153.74405,8.601056977734373
2024-03-30 14:00:00,-145.84390973333333,-150.73344658333335,-144.2541,1.5898051190755211
2024-03-30 14:30:00,-118.26846846666666,-140.3798862,-126.605,-8.336534890266933
2024-03-30 15:00:00,-99.16416571666667,-116.66193825,-108.76295,-9.598781365852858
2024-03-30 15:30:00,-76.19312781666666,-84.21729491666667,-83.56865,-7.375521475325527
2024-03-30 16:00:00,-44.4840779,-52.60777495,-55.578297,-11.09421876137695
2024-03-30 16:30:00,-19.66471665,-30.360565066666663,-30.283634,-10.618917535791017
2024-03-30 17:00:00,0.5857811000000003,2.8408407000000007,-6.0585365,-6.644317629541016
2024-03-30 17:30:00,27.725944366666667,14.093874316666666,13.356014,-14.369930114957683
2024-03-30 18:00:00,34.46328496666667,25.607060566666664,26.725079,-7.738206383902998
2024-03-30 18:30:00,38.83160733333333,33.533872816666666,36.613247,-2.2183604156087213
2024-03-30 19:00:00,37.79409381666667,32.51453228333333,42.57185,4.77775600633138
2024-03-30 19:30:00,39.50893538333333,34.48311775,43.67892,4.169985362516279
2024-03-30 20:00:00,41.20092998333333,35.8991471,41.394268,0.1933380525553403
2024-03-30 20:30:00,40.2219283,33.61204731666667,39.61349,-0.6084372416503925
2024-03-30 21:00:00,42.493875683333336,33.54111136666666,37.533398,-4.960478008772789
2024-03-30 21:30:00,39.56243375,33.775064916666665,33.388317,-6.1741166418457
2024-03-30 22:00:00,32.83561828333333,28.42585055,31.273129,-1.5624897738118477
2024-03-30 22:30:00,28.82621,30.22307325,31.085705,2.259494803466797
2024-03-30 23:00:00,27.860798966666664,27.330688133333336,28.293728,0.4329289080891954
2024-03-30 23:30:00,26.1729295,25.290093416666668,27.252453,1.0795233503417982
2024-03-31 00:00:00,24.88820438333333,24.443951783333333,25.690289,0.8020841603678406
2024-03-31 00:30:00,23.390698366666665,23.68738383333333,24.303173,0.9124746985188814
2024-03-31 01:00:00,22.3695172,23.966478966666667,22.192562,-0.17695509672851628
2024-03-31 01:30:00,23.447939916666662,25.100996166666665,22.29417,-1.1537695370279906
2024-03-31 02:00:00,24.69014413333333,22.361630966666667,22.82484,-1.8653035876790334
2024-03-31 02:30:00,23.208825,24.370718333333333,21.15707,-2.0517548400878916
2024-03-31 03:00:00,23.558658033333334,24.49397895,21.858273,-1.7003854808430994
2024-03-31 03:30:00,24.445148316666664,23.826894,24.231152,-0.21399673585611723
2024-03-31 04:00:00,24.738018333333333,22.845742783333336,25.976803,1.2387844925944016
2024-03-31 04:30:00,24.04465395,22.890683116666665,26.44598,2.4013261220214837
2024-03-31 05:00:00,26.531889950000004,23.649879166666665,29.56947,3.0375795019042933
2024-03-31 05:30:00,28.889275616666666,27.374075666666663,29.51437,0.6250943479329436
2024-03-31 06:00:00,26.654694433333333,28.9211766,29.715221,3.060526971695964
2024-03-31 06:30:00,21.235276783333333,20.29179825,24.120037,2.8847602955240887
2024-03-31 07:00:00,7.788925883333333,9.5105084,14.448177,6.659251454313152
2024-03-31 07:30:00,-11.014633333333334,-8.428797183333332,-1.7814217,9.233211671956381
2024-03-31 08:00:00,-24.738001116666663,-29.42701335,-21.437626,3.300375231656897
2024-03-31 08:30:00,-46.14522218333334,-56.21238331666667,-45.636158,0.5090641938313851
2024-03-31 09:00:00,-73.96689783333333,-88.98474253333332,-72.79423,1.172670233235678
2024-03-31 09:30:00,-97.63417271666668,-119.63788451666666,-95.40621,2.227960863639339
2024-03-31 10:00:00,-130.54070123333335,-142.4464711,-114.895096,15.645605408138039
2024-03-31 10:30:00,-139.47647281666667,-150.32498376666666,-131.8747,7.601777992447921
2024-03-31 11:00:00,-155.54969673333332,-162.74581211666666,-146.45303,9.096663286067695
2024-03-31 11:30:00,-164.3409133,-174.3309133,-156.17941,8.161500458203136
2024-03-31 12:00:00,-169.61476111666667,-182.0662811166667,-163.88539,5.729369881315108
2024-03-31 12:30:00,-171.16598633333334,-183.64078715,-167.16156,4.004426274739586
2024-03-31 13:00:00,-164.52671241666667,-175.86254498333332,-164.88757,-0.360860825520831
2024-03-31 13:30:00,-141.63800118333333,-162.34510605,-157.06886,-15.430861731705733
2024-03-31 14:00:00,-128.70920551666666,-145.84390973333333,-146.4056,-17.696388355403656
2024-03-31 14:30:00,-115.91589306666668,-118.26846846666666,-126.527695,-10.611801635481754
2024-03-31 15:00:00,-115.2376226,-99.16416571666667,-105.2992,9.938420634667963
2024-03-31 15:30:00,-89.66333231666665,-76.19312781666666,-79.50309,10.160242411881498
2024-03-31 16:00:00,-90.90518013333332,-44.4840779,-51.831577,39.07360283230793
2024-03-31 16:30:00,-36.283164,-19.66471665,-26.25948,10.023684477294921
2024-03-31 17:00:00,1.2947533166666665,0.5857811000000003,-3.4894447,-4.784198049332682
2024-03-31 17:30:00,22.497564416666663,27.725944366666667,15.604504,-6.893060785074866
2024-03-31 18:00:00,37.52847221666666,34.46328496666667,28.604382,-8.92409065538736
2024-03-31 18:30:00,36.52250955,38.83160733333333,37.55894,1.0364313374511696
2024-03-31 19:00:00,35.90816221666667,37.79409381666667,43.082363,7.174200911995442
2024-03-31 19:30:00,37.635463083333335,39.50893538333333,44.929943,7.294480001383462
2024-03-31 20:00:00,36.395059333333336,41.20092998333333,43.292294,6.8972342152506485
2024-03-31 20:30:00,37.875966016666666,40.2219283,41.44264,3.5666723805501306
2024-03-31 21:00:00,40.86639435,42.493875683333336,38.656155,-2.210239717431641
2024-03-31 21:30:00,34.78542566666667,39.56243375,35.11073,0.3253035508626283
2024-03-31 22:00:00,34.676635483333335,32.83561828333333,33.613018,-1.0636174474446634
2024-03-31 22:30:00,31.5286534,28.82621,31.992367,0.46371339077148477
2024-03-31 23:00:00,31.18901113333333,27.860798966666664,30.657421,-0.531590021272784
2024-03-31 23:30:00,31.685440083333333,26.1729295,30.090084,-1.5953560074055986
2024-04-01 00:00:00,30.26965305,24.88820438333333,27.790142,-2.479510990673827
2024-04-01 00:30:00,26.34273333333333,23.390698366666665,25.300243,-1.0424899556477847
2024-04-01 01:00:00,26.280082266666668,22.3695172,24.08369,-2.1963916233561207
2024-04-01 01:30:00,24.964071,23.447939916666662,24.63728,-0.3267914895019537
2024-04-01 02:00:00,24.255098166666667,24.69014413333333,21.857403,-2.3976953651529946
2024-04-01 02:30:00,24.51006406666667,23.208825,22.499905,-2.010159434098309
2024-04-01 03:00:00,25.42751558333333,23.558658033333334,23.40327,-2.0242448618977846
2024-04-01 03:30:00,24.63236368333333,24.445148316666664,23.550762,-1.0816015068196592
2024-04-01 04:00:00,24.178099516666663,24.738018333333333,24.922207,0.7441073619954466
2024-04-01 04:30:00,24.04875635,24.04465395,26.409359,2.360602628271483
2024-04-01 05:00:00,27.146663200000003,26.531889950000004,26.824718,-0.32194472465820567
2024-04-01 05:30:00,27.42464455,28.889275616666666,28.588146,1.1635016597167969
2024-04-01 06:00:00,26.52601735,26.654694433333333,27.803432,1.2774151145996093
2024-04-01 06:30:00,24.87450665,21.235276783333333,21.171627,-3.7028796053222663
2024-04-01 07:00:00,11.427574333333332,7.788925883333333,10.5821495,-0.845424827718098
2024-04-01 07:30:00,0.9262356166666668,-11.014633333333334,-4.558445,-5.484680593473307
2024-04-01 08:00:00,-20.17341485,-24.738001116666663,-23.897831,-3.7244161131347653
2024-04-01 08:30:00,-34.871597783333335,-46.14522218333334,-47.134678,-12.263080103629555
2024-04-01 09:00:00,-50.0157139,-73.96689783333333,-72.33901,-22.323298245996092
2024-04-01 09:30:00,-94.99598348333336,-97.63417271666668,-94.10831,0.8876765985677366
2024-04-01 10:00:00,-107.03775543333334,-130.54070123333335,-115.22137,-8.183611448990874
2024-04-01 10:30:00,-111.9264827,-139.47647281666667,-134.26932,-22.34283492695313
2024-04-01 11:00:00,-117.29226486666666,-155.54969673333332,-149.74876,-32.45649917141928
2024-04-01 11:30:00,-114.47508513333332,-164.3409133,-161.7897,-47.3146182358073
2024-04-01 12:00:00,-126.26103721666668,-169.61476111666667,-168.43442,-42.173380507942696
2024-04-01 12:30:00,-112.5040793,-171.16598633333334,-169.30219,-56.79810575859375
2024-04-01 13:00:00,-109.5496412,-164.52671241666667,-167.1271,-57.57746451289063
2024-04-01 13:30:00,-86.809385,-141.63800118333333,-157.71313,-70.903749765625
2024-04-01 14:00:00,-76.91745005,-128.70920551666666,-143.76573,-66.84828176152344
2024-04-01 14:30:00,-55.075600900000005,-115.91589306666668,-125.885544,-70.80994292324218
2024-04-01 15:00:00,-39.43101921666666,-115.2376226,-104.34194,-64.91092261682942
2024-04-01 15:30:00,-30.615397783333336,-89.66333231666665,-77.99292,-47.377522138541664
2024-04-01 16:00:00,-8.435055450000002,-90.90518013333332,-51.78081,-43.34575585981445
2024-04-01 16:30:00,10.3710973,-36.283164,-25.548832,-35.91992923969727
2024-04-01 17:00:00,23.58305991666667,1.2947533166666665,-4.515354,-28.09841407316081
2024-04-01 17:30:00,36.17902826666667,22.497564416666663,14.546078,-21.632950538395185
2024-04-01 18:00:00,35.44788933333333,37.52847221666666,28.571331,-6.876558309163407
2024-04-01 18:30:00,40.95651228333333,36.52250955,37.799282,-3.1572302093587226
2024-04-01 19:00:00,38.524434633333335,35.90816221666667,41.606243,3.0818085002115865
2024-04-01 19:30:00,37.65293293333333,37.635463083333335,42.345226,4.692293354508465
2024-04-01 20:00:00,38.56462173333333,36.395059333333336,43.492275,4.927653504703777
2024-04-01 20:30:00,39.79758996666667,37.875966016666666,40.113125,0.3155348807454388
2024-04-01 21:00:00,36.8198281,40.86639435,36.561962,-0.2578659723144554
2024-04-01 21:30:00,31.403041166666668,34.78542566666667,33.83003,2.426987367268879
2024-04-01 22:00:00,31.939996933333333,34.676635483333335,31.000164,-0.9398329013509112
2024-04-01 22:30:00,27.922703866666662,31.5286534,31.799099,3.876395101839197
2024-04-01 23:00:00,28.631983916666663,31.18901113333333,32.8614,4.229416687581384
2024-04-01 23:30:00,27.748979916666663,31.685440083333333,31.147625,3.398645052815759
2024-04-02 00:00:00,25.14492148333333,30.26965305,28.397793,3.2528713328287786
2024-04-02 00:30:00,23.64474893333333,26.34273333333333,25.771008,2.126258604508468
2024-04-02 01:00:00,23.267423833333336,26.280082266666668,24.760845,1.4934213509928362
2024-04-02 01:30:00,22.53800623333333,24.964071,24.68208,2.1440730818522162
2024-04-02 02:00:00,22.64691153333333,24.255098166666667,23.77229,1.1253777427897163
2024-04-02 02:30:00,23.53705565,24.51006406666667,23.557293,0.020237288232422657
2024-04-02 03:00:00,23.264576116666664,25.42751558333333,22.7373,-0.5272752438639294
2024-04-02 03:30:00,24.263321783333332,24.63236368333333,22.993877,-1.26944437244466
2024-04-02 04:00:00,25.0343817,24.178099516666663,25.579128,0.5447465653808585
2024-04-02 04:30:00,26.7520601,24.04875635,26.44183,-0.31023041860351697
2024-04-02 05:00:00,31.68995885,27.146663200000003,26.491863,-5.198095599267578
2024-04-02 05:30:00,30.98713945,27.42464455,29.327038,-1.660101638720704
2024-04-02 06:00:00,32.64117386666667,26.52601735,28.621593,-4.019580391324872
2024-04-02 06:30:00,30.2768299,24.87450665,23.050747,-7.22608298227539
2024-04-02 07:00:00,22.48980465,11.427574333333332,11.865292,-10.624513054541016
2024-04-02 07:30:00,14.260479383333331,0.9262356166666668,-3.3145332,-17.57501261697591
2024-04-02 08:00:00,7.048182316666666,-20.17341485,-22.284016,-29.332197972184243
2024-04-02 08:30:00,-12.88010275,-34.871597783333335,-45.554417,-32.67431390649414
2024-04-02 09:00:00,-35.6508145,-50.0157139,-70.03438,-34.38356355175781
2024-04-02 09:30:00,-47.47023058333334,-94.99598348333336,-94.35023,-46.87999677262369
2024-04-02 10:00:00,-55.76611499999999,-107.03775543333334,-114.53206,-58.76594371582032
2024-04-02 10:30:00,-60.68601815,-111.9264827,-130.78012,-70.09410269960938
2024-04-02 11:00:00,-69.47418601666668,-117.29226486666666,-143.63815,-74.1639670595052
2024-04-02 11:30:00,-88.99017385,-114.47508513333332,-152.99199,-64.00181528574218
2024-04-02 12:00:00,-88.80376566666666,-126.26103721666668,-157.83653,-69.03276692610677
2024-04-02 12:30:00,-87.35949623333333,-112.5040793,-158.10724,-70.74774253619792
2024-04-02 13:00:00,-78.69605536666667,-109.5496412,-153.91351,-75.21745781692708
2024-04-02 13:30:00,-82.55971153333333,-86.809385,-143.72263,-61.16291419908855
2024-04-02 14:00:00,-98.35508218333332,-76.91745005,-128.53018,-30.175099701432302
2024-04-02 14:30:00,-112.13576003333333,-55.075600900000005,-110.577805,1.5579554679036391
2024-04-02 15:00:00,-99.7799722,-39.43101921666666,-87.44866,12.331310395800784
2024-04-02 15:30:00,-67.17929286666667,-30.615397783333336,-61.691105,5.4881879777506555
2024-04-02 16:00:00,-42.028045516666666,-8.435055450000002,-36.834263,5.193782668766275
2024-04-02 16:30:00,-12.443422333333336,10.3710973,-13.647236,-1.203813537027992
2024-04-02 17:00:00,13.883679916666669,23.58305991666667,6.7960625,-7.087617447184247
2024-04-02 17:30:00,18.693605566666665,36.17902826666667,24.388287,5.6946810239095065
2024-04-02 18:00:00,26.336399733333334,35.44788933333333,35.804882,9.468482316227213
2024-04-02 18:30:00,37.2770809,40.95651228333333,43.323345,6.0462642843261705
2024-04-02 19:00:00,35.363009549999994,38.524434633333335,47.419903,12.056893251513678
2024-04-02 19:30:00,34.31242506666667,37.65293293333333,46.24966,11.93723542527669
2024-04-02 20:00:00,31.38624383333333,38.56462173333333,45.711697,14.325452791422528
2024-04-02 20:30:00,30.3975149,39.79758996666667,41.008205,10.610690513818358
2024-04-02 21:00:00,30.959757916666664,36.8198281,35.59489,4.635132677815758
2024-04-02 21:30:00,29.88695395,31.403041166666668,33.132473,3.2455190419433606
2024-04-02 22:00:00,29.875875383333334,31.939996933333333,32.271526,2.395650953336588
2024-04-02 22:30:00,30.655777383333334,27.922703866666662,32.484035,1.8282581086100258
2024-04-02 23:00:00,29.67251618333333,28.631983916666663,31.376476,1.703960104508468
2024-04-02 23:30:00,28.32869158333333,27.748979916666663,31.271969,2.9432772582194033
2024-04-03 00:00:00,27.09303948333333,25.14492148333333,29.082104,1.9890642459147152
2024-04-03 00:30:00,26.125721466666665,23.64474893333333,24.353405,-1.772316467887368
2024-04-03 01:00:00,27.13814831666667,23.267423833333336,24.339428,-2.798720368668622
2024-04-03 01:30:00,26.634981133333337,22.53800623333333,23.665874,-2.969106652132165
2024-04-03 02:00:00,23.64613165,22.64691153333333,22.216702,-1.4294301424316416
2024-04-03 02:30:00,23.149990616666667,23.53705565,22.70364,-0.44635063253580753
2024-04-03 03:00:00,24.2017034,23.264576116666664,23.186977,-1.0147260135253902
2024-04-03 03:30:00,25.701002766666665,24.263321783333332,24.342525,-1.3584772844889308
2024-04-03 04:00:00,27.73041825,25.0343817,26.784359,-0.9460592717285152
2024-04-03 04:30:00,25.99691006666667,26.7520601,27.176403,1.1794929789876285
2024-04-03 05:00:00,24.66004673333333,31.68995885,28.35223,3.692183338688153
2024-04-03 05:30:00,25.547498983333337,30.98713945,29.551693,4.004193979313147
2024-04-03 06:00:00,33.25101055,32.64117386666667,28.186749,-5.064262045361325
2024-04-03 06:30:00,31.80665163333333,30.2768299,24.579784,-7.226867240022784
2024-04-03 07:00:00,21.38659725,22.48980465,16.862637,-4.523960683837892
2024-04-03 07:30:00,-0.0317866999999996,14.260479383333331,1.1172447,1.149031420458984
2024-04-03 08:00:00,-26.8517767,7.048182316666666,-15.98798,10.863796811083983
2024-04-03 08:30:00,-47.478450333333335,-12.88010275,-37.582905,9.895545517659507
2024-04-03 09:00:00,-67.58721545,-35.6508145,-59.999775,7.587440517138674
2024-04-03 09:30:00,-78.35692698333334,-47.47023058333334,-80.903824,-2.5468968692057246
2024-04-03 10:00:00,-87.92558063333333,-55.76611499999999,-97.35012,-9.424539911100268
2024-04-03 10:30:00,-100.05001273333332,-60.68601815,-111.15314,-11.103124473697932
2024-04-03 11:00:00,-105.24956273333332,-69.47418601666668,-122.49717,-17.247606761295586
2024-04-03 11:30:00,-98.70350513333334,-88.99017385,-130.68283,-31.979325677213538
2024-04-03 12:00:00,-105.60231793333332,-88.80376566666666,-135.30878,-29.706458922135425
2024-04-03 12:30:00,-112.54188435,-87.35949623333333,-135.05913,-22.517243457617184
2024-04-03 13:00:00,-127.51453676666668,-78.69605536666667,-130.6062,-3.09166440520832
2024-04-03 13:30:00,-122.91175226666668,-82.55971153333333,-122.028595,0.8831572959635565
2024-04-03 14:00:00,-111.0269227,-98.35508218333332,-111.417984,-0.3910613087890624
2024-04-03 14:30:00,-108.24002628333334,-112.13576003333333,-97.62922,10.610807228157555
2024-04-03 15:00:00,-91.84266568333334,-99.7799722,-80.65107,11.191596042220056
2024-04-03 15:30:00,-63.59846831666667,-67.17929286666667,-59.598408,4.00006057130534
2024-04-03 16:00:00,-40.84636761666667,-42.028045516666666,-35.927433,4.918934602750653
2024-04-03 16:30:00,-5.046034833333335,-12.443422333333336,-14.405323,-9.359288195231118
2024-04-03 17:00:00,8.8282611,13.883679916666669,4.901333,-3.9269282447753913
2024-04-03 17:30:00,20.1999383,18.693605566666665,19.126415,-1.0735230473144526
2024-04-03 18:00:00,36.097343933333335,26.336399733333334,29.613277,-6.4840664980306
2024-04-03 18:30:00,38.29647,37.2770809,39.220562,0.9240919812011725
2024-04-03 19:00:00,37.19858725,35.363009549999994,41.030895,3.832307983154294
2024-04-03 19:30:00,38.16649671666666,34.31242506666667,40.06915,1.9026523006673273
2024-04-03 20:00:00,46.71586043333334,31.38624383333333,36.798626,-9.917234487288418
2024-04-03 20:30:00,44.15766608333333,30.3975149,32.78639,-11.371277686116535
2024-04-03 21:00:00,38.24309948333333,30.959757916666664,32.41624,-5.82685879119466
2024-04-03 21:30:00,36.95929958333333,29.88695395,31.252758,-5.706541557210286
2024-04-03 22:00:00,40.93317458333333,29.875875383333334,31.741894,-9.191280815022786
2024-04-03 22:30:00,40.12305391666667,30.655777383333334,33.096554,-7.026500114176436
2024-04-03 23:00:00,36.3788621,29.67251618333333,31.436626,-4.942235665673827
2024-04-03 23:30:00,32.880529,28.32869158333333,28.807018,-4.073510719970706
2024-04-04 00:00:00,29.06100783333333,27.09303948333333,26.8643,-2.1967080591634094
2024-04-04 00:30:00,28.58451973333333,26.125721466666665,26.460812,-2.123708118343096
2024-04-04 01:00:00,30.64061335,27.13814831666667,25.474026,-5.1665876236816395
2024-04-04 01:30:00,27.13932266666667,26.634981133333337,22.900066,-4.239256290934247
2024-04-04 02:00:00,28.38451273333333,23.64613165,21.046322,-7.3381908644368465
2024-04-04 02:30:00,27.478816533333333,23.149990616666667,21.945126,-5.533690953499349
2024-04-04 03:00:00,29.575837116666666,24.2017034,21.372936,-8.202900867887369
2024-04-04 03:30:00,26.661389966666665,25.701002766666665,24.642391,-2.0189987618326803
2024-04-04 04:00:00,27.721753816666663,27.73041825,28.898952,1.1771986674641965
2024-04-04 04:30:00,26.844845066666664,25.99691006666667,30.916698,4.071853389143882
2024-04-04 05:00:00,34.77240236666667,24.66004673333333,33.984325,-0.7880769577311213
2024-04-04 05:30:00,39.37389578333333,25.547498983333337,33.587536,-5.786359925179035
2024-04-04 06:00:00,44.97231490000001,33.25101055,34.49351,-10.478803700048836
2024-04-04 06:30:00,40.53378155,31.80665163333333,30.636044,-9.897738001416016
2024-04-04 07:00:00,31.677555433333332,21.38659725,22.078945,-9.598610273421222
2024-04-04 07:30:00,10.259455066666666,-0.0317866999999996,8.845638,-1.4138167915201816
2024-04-04 08:00:00,-5.870550716666666,-26.8517767,-10.319004,-4.4484533421712245
2024-04-04 08:30:00,-27.12026545,-47.478450333333335,-33.55608,-6.435814414501952
2024-04-04 09:00:00,-49.56001795,-67.58721545,-57.653004,-8.09298574262695
2024-04-04 09:30:00,-68.91845053333334,-78.35692698333334,-76.675095,-7.756644071158846
2024-04-04 10:00:00,-79.56166561666667,-87.92558063333333,-92.78371,-13.22204104837239
2024-04-04 10:30:00,-77.91235943333334,-100.05001273333332,-107.268616,-29.356256289322914
2024-04-04 11:00:00,-85.72062826666667,-105.24956273333332,-119.66594,-33.94531106438802
2024-04-04 11:30:00,-90.67727763333332,-98.70350513333334,-126.045525,-35.36824696383465
2024-04-04 12:00:00,-102.13333055,-105.60231793333332,-129.4688,-27.33546522636719
2024-04-04 12:30:00,-99.63575443333332,-112.54188435,-127.66336,-28.027606162369807
2024-04-04 13:00:00,-89.38978108333333,-127.51453676666668,-125.370285,-35.980503950846355
2024-04-04 13:30:00,-88.23894448333334,-122.91175226666668,-118.99764,-30.758698033756502
2024-04-04 14:00:00,-81.02996705,-111.0269227,-110.54041,-29.510445852832035
2024-04-04 14:30:00,-63.73122668333334,-108.24002628333334,-97.08856,-33.35733532838541
2024-04-04 15:00:00,-57.77299893333333,-91.84266568333334,-81.06594,-23.292941923600267
2024-04-04 15:30:00,-36.31381173333333,-63.59846831666667,-59.58196,-23.268147037418622
2024-04-04 16:00:00,-16.60955901666667,-40.84636761666667,-37.022038,-20.412478489436847
2024-04-04 16:30:00,1.8589761333333343,-5.046034833333335,-16.34734,-18.20631576346029
2024-04-04 17:00:00,13.053527816666668,8.8282611,1.0106621,-12.042865737809246
2024-04-04 17:30:00,26.92694578333333,20.1999383,18.24345,-8.683495618538409
2024-04-04 18:00:00,34.516448616666665,36.097343933333335,31.382488,-3.133960365934243
2024-04-04 18:30:00,47.37279788333333,38.29647,40.775356,-6.597441590608717
2024-04-04 19:00:00,44.407568133333335,37.19858725,45.495953,1.088384472867837
2024-04-04 19:30:00,45.45745173333333,38.16649671666666,44.599865,-0.8575867736165321
2024-04-04 20:00:00,35.31907825,46.71586043333334,43.09341,7.7743322419433625
2024-04-04 20:30:00,44.41588938333334,44.15766608333333,39.71513,-4.700759531038415
2024-04-04 21:00:00,47.73419463333334,38.24309948333333,36.9071,-10.827093955843104
2024-04-04 21:30:00,45.73779301666666,36.95929958333333,34.33047,-11.407321977848298
2024-04-04 22:00:00,42.7617862,40.93317458333333,34.159725,-8.602061010791019
2024-04-04 22:30:00,30.970547616666668,40.12305391666667,34.244534,3.2739859221516916
2024-04-04 23:00:00,32.20393105,36.3788621,31.29623,-0.907700733837892
2024-04-04 23:30:00,33.01004115,32.880529,29.58636,-3.423680218603515
2024-04-05 00:00:00,30.49429453333333,29.06100783333333,28.705242,-1.7890523763509094
2024-04-05 00:30:00,31.20842198333333,28.58451973333333,28.015759,-3.192663468929034
2024-04-05 01:00:00,28.14684271666667,30.64061335,26.23428,-1.9125630840983092
2024-04-05 01:30:00,26.219696616666667,27.13932266666667,24.714764,-1.504932975309245
2024-04-05 02:00:00,27.0611844,28.38451273333333,22.450497,-4.610687726416014
2024-04-05 02:30:00,24.858711183333337,27.478816533333333,21.666622,-3.192089021468103
2024-04-05 03:00:00,26.8142462,29.575837116666666,22.28703,-4.527216933642578
2024-04-05 03:30:00,25.43572035,26.661389966666665,25.19006,-0.24566068813476605
2024-04-05 04:00:00,28.482373383333336,27.721753816666663,28.837505,0.3551319572428362
2024-04-05 04:30:00,26.993577883333334,26.844845066666664,31.814877,4.821298673063151
2024-04-05 05:00:00,29.1102696,34.77240236666667,32.74603,3.6357593001464856
2024-04-05 05:30:00,32.85026366666667,39.37389578333333,32.654354,-0.19590957120768593
2024-04-05 06:00:00,35.899881066666666,44.97231490000001,32.478146,-3.4217354673014313
2024-04-05 06:30:00,37.78639478333333,40.53378155,28.879925,-8.906470009163407
2024-04-05 07:00:00,38.73216833333333,31.677555433333332,21.083935,-17.64823354939778
2024-04-05 07:30:00,28.04739635,10.259455066666666,8.277035,-19.770361590478515
2024-04-05 08:00:00,15.71978775,-5.870550716666666,-10.756123,-26.47591033911133
2024-04-05 08:30:00,-2.950980466666667,-27.12026545,-30.766422,-27.815441805061848
2024-04-05 09:00:00,-18.57184523333333,-49.56001795,-52.481495,-33.90964967023112
2024-04-05 09:30:00,-52.1950788,-68.91845053333334,-72.44968,-20.254597713671878
2024-04-05 10:00:00,-77.01218666666666,-79.56166561666667,-89.300606,-12.288419107259116
2024-04-05 10:30:00,-83.4191311,-77.91235943333334,-103.83475,-20.415616214453124
2024-04-05 11:00:00,-87.28013370000001,-85.72062826666667,-115.09738,-27.817247891796868
2024-04-05 11:30:00,-100.74732523333334,-90.67727763333332,-121.41409,-20.666767784244783
2024-04-05 12:00:00,-99.93722996666668,-102.13333055,-124.60567,-24.668437147591135
2024-04-05 12:30:00,-111.90637156666666,-99.63575443333332,-125.286064,-13.379692581282555
2024-04-05 13:00:00,-101.73106645,-89.38978108333333,-121.70771,-19.97664381611328
2024-04-05 13:30:00,-94.40114605,-88.23894448333334,-113.695175,-19.294029120898443
2024-04-05 14:00:00,-79.03309881666667,-81.02996705,-103.05009,-24.01698815843099
2024-04-05 14:30:00,-67.22679913333333,-63.73122668333334,-87.07092,-19.84412371822917
2024-04-05 15:00:00,-52.77846723333334,-57.77299893333333,-69.32028,-16.541814749088537
2024-04-05 15:30:00,-43.17230941666667,-36.31381173333333,-48.439213,-5.266903382405594
2024-04-05 16:00:00,-18.80324603333333,-16.60955901666667,-27.110966,-8.307719695426435
2024-04-05 16:30:00,-3.01513565,1.8589761333333343,-7.931202,-4.916066284814454
2024-04-05 17:00:00,5.760239850000001,13.053527816666668,10.430721,4.670481432958983
2024-04-05 17:30:00,17.61301436666667,26.92694578333333,26.385082,8.772067878206379
2024-04-05 18:00:00,28.566297366666664,34.516448616666665,34.75752,6.191221401643883
2024-04-05 18:30:00,35.155865,47.37279788333333,42.283092,7.127227498779298
2024-04-05 19:00:00,37.370981,44.407568133333335,44.766155,7.395174242919921
2024-04-05 19:30:00,35.15712785,45.45745173333333,44.673687,9.51655913120117
2024-04-05 20:00:00,33.568748316666664,35.31907825,43.302883,9.734134831526696
2024-04-05 20:30:00,33.94349815,44.41588938333334,41.945324,8.001825794091793
2024-04-05 21:00:00,31.7809101,47.73419463333334,39.225033,7.4441227063964845
2024-04-05 21:30:00,30.7307839,45.73779301666666,36.603237,5.872453252099611
2024-04-05 22:00:00,31.50442785,42.7617862,34.460598,2.9561701419433604
2024-04-05 22:30:00,32.6733511,30.970547616666668,34.220715,1.547363469091799
2024-04-05 23:00:00,30.215050516666665,32.20393105,32.460064,2.245013417659507
2024-04-05 23:30:00,27.00604145,33.01004115,31.506313,4.500271873974608
2024-04-06 00:00:00,26.166196066666668,30.49429453333333,29.198391,3.0321948940266914
2024-04-06 00:30:00,22.077112133333333,31.20842198333333,27.036648,4.959535663297526
2024-04-06 01:00:00,23.25812326666667,28.14684271666667,27.230099,3.9719754576985657
2024-04-06 01:30:00,22.13740603333333,26.219696616666667,25.780651,3.6432450591959658
2024-04-06 02:00:00,22.383056550000003,27.0611844,26.70335,4.320293517138669
2024-04-06 02:30:00,21.50378673333333,24.858711183333337,25.85551,4.35172397833659
2024-04-06 03:00:00,24.287466766666668,26.8142462,25.394772,1.1073048092610662
2024-04-06 03:30:00,24.505202283333333,25.43572035,27.740047,3.234845171500652
2024-04-06 04:00:00,23.64284555,28.482373383333336,30.0191,6.376254639208984
2024-04-06 04:30:00,24.080109616666665,26.993577883333334,30.890987,6.81087777957357
2024-04-06 05:00:00,24.584586066666663,29.1102696,32.768887,8.184300499495446
2024-04-06 05:30:00,26.590988133333337,32.85026366666667,33.91847,7.32748034200846
2024-04-06 06:00:00,33.28550955,35.899881066666666,33.817318,0.5318084126464839
2024-04-06 06:30:00,31.808524366666663,37.78639478333333,31.046246,-0.7622787917154916
2024-04-06 07:00:00,33.432065533333336,38.73216833333333,22.6143,-10.817765759163414
2024-04-06 07:30:00,17.426724983333333,28.04739635,10.577328,-6.849397255061849
2024-04-06 08:00:00,-2.199228533333333,15.71978775,-5.1141396,-2.914911023551433
2024-04-06 08:30:00,-25.19290675,-2.950980466666667,-26.438725,-1.2458177678222668
2024-04-06 09:00:00,-45.874408916666674,-18.57184523333333,-47.69727,-1.8228605230305917
2024-04-06 09:30:00,-76.5169537,-52.1950788,-67.75989,8.757066004687502
2024-04-06 10:00:00,-93.13707561666666,-77.01218666666666,-85.03531,8.101766778776039
2024-04-06 10:30:00,-112.5070739,-83.4191311,-98.53635,13.97072746445312
2024-04-06 11:00:00,-123.27284255,-87.28013370000001,-109.17723,14.095611715039055
2024-04-06 11:30:00,-138.37961156666668,-100.74732523333334,-115.96628,22.413333490494807
2024-04-06 12:00:00,-136.28670831666668,-99.93722996666668,-120.511795,15.774913272721363
2024-04-06 12:30:00,-139.60109991666667,-111.90637156666666,-121.289696,18.311404176920576
2024-04-06 13:00:00,-140.00473655,-101.73106645,-118.07675,21.927984841015615
2024-04-06 13:30:00,-118.1043241,-94.40114605,-112.22572,5.878600833398437
2024-04-06 14:00:00,-106.93262825,-79.03309881666667,-99.500336,7.432292556640618
2024-04-06 14:30:00,-93.05633966666666,-67.22679913333333,-83.789345,9.266994879069003
2024-04-06 15:00:00,-81.51007896666667,-52.77846723333334,-66.43858,15.071495592643231
2024-04-06 15:30:00,-59.99879336666667,-43.17230941666667,-45.43874,14.56005359005534
2024-04-06 16:00:00,-31.010963583333336,-18.80324603333333,-26.559834,4.451130056722008
2024-04-06 16:30:00,-7.62602515,-3.01513565,-7.915989,-0.2899637721191404
2024-04-06 17:00:00,14.51573005,5.760239850000001,8.191006,-6.324724343212891
2024-04-06 17:30:00,27.72188058333333,17.61301436666667,20.778728,-6.943152098225909
2024-04-06 18:00:00,39.25576341666667,28.566297366666664,31.038998,-8.216765766520183
2024-04-06 18:30:00,35.766541116666666,35.155865,38.7861,3.0195573635579436
2024-04-06 19:00:00,36.493019016666665,37.370981,41.60644,5.11342248113607
2024-04-06 19:30:00,37.47739258333333,35.15712785,45.82603,8.348638147867845
2024-04-06 20:00:00,37.785746,33.568748316666664,43.793926,6.008180239013669
2024-04-06 20:30:00,40.862430233333335,33.94349815,40.52685,-0.3355785792806003
2024-04-06 21:00:00,35.27909103333334,31.7809101,36.937145,1.6580541998209597
2024-04-06 21:30:00,36.96209676666667,30.7307839,34.372814,-2.589282588199872
2024-04-06 22:00:00,32.69229565,31.50442785,31.739162,-0.953133204931639
2024-04-06 22:30:00,31.37913311666667,32.6733511,31.981396,0.6022626047688782
2024-04-06 23:00:00,33.37331171666667,30.215050516666665,31.337673,-2.035638529410811
2024-04-06 23:30:00,28.79265455,27.00604145,31.257168,2.4645132661621076
2024-04-07 00:00:00,27.87172495,26.166196066666668,31.113567,3.241842402294921
2024-04-07 00:30:00,25.99865325,22.077112133333333,28.32864,2.329986734130859
2024-04-07 01:00:00,25.85226503333333,23.25812326666667,27.198711,1.3464463619303402
2024-04-07 01:30:00,23.959681900000003,22.13740603333333,25.902111,1.9424291534667937
2024-04-07 02:00:00,24.56004091666667,22.383056550000003,24.388454,-0.1715864794108093
2024-04-07 02:30:00,24.8930137,21.50378673333333,24.069195,-0.823818906298829
2024-04-07 03:00:00,25.427185766666668,24.287466766666668,25.631695,0.20450902703450424
2024-04-07 03:30:00,26.1047383,24.505202283333333,26.603313,0.4985751460449208
2024-04-07 04:00:00,25.66044285,23.64284555,27.986492,2.326049306982423
2024-04-07 04:30:00,25.84487195,24.080109616666665,29.143948,3.2990756513183577
2024-04-07 05:00:00,26.94634338333333,24.584586066666663,29.945538,2.9991941838053435
2024-04-07 05:30:00,24.36194395,26.590988133333337,32.93011,8.568166981396484
2024-04-07 06:00:00,23.45878706666667,33.28550955,34.0565,10.597712414534502
2024-04-07 06:30:00,28.09990975,31.808524366666663,29.008144,0.908234628662111
2024-04-07 07:00:00,27.030995516666668,33.432065533333336,21.858334,-5.172661929020183
2024-04-07 07:30:00,10.820808200000002,17.426724983333333,9.76582,-1.054988650439455
2024-04-07 08:00:00,2.9423385666666664,-2.199228533333333,-6.199833,-9.142171482926432
2024-04-07 08:30:00,-10.02334185,-25.19290675,-25.745335,-15.721992775244141
2024-04-07 09:00:00,-32.089617233333335,-45.874408916666674,-45.932926,-13.84330894464518
2024-04-07 09:30:00,-53.97591165,-76.5169537,-65.75769,-11.7817787796875
2024-04-07 10:00:00,-80.86605825,-93.13707561666666,-81.83808,-0.9720231098632865
2024-04-07 10:30:00,-93.12459001666667,-112.5070739,-95.11214,-1.9875468241536396
2024-04-07 11:00:00,-115.22035496666666,-123.27284255,-106.346115,8.874239854361974
2024-04-07 11:30:00,-114.44619496666668,-138.37961156666668,-115.605484,-1.1592890421223814
2024-04-07 12:00:00,-134.05437758333332,-136.28670831666668,-120.54756,13.506815937825507
2024-04-07 12:30:00,-141.58305501666666,-139.60109991666667,-121.673584,19.909471032291663
2024-04-07 13:00:00,-127.1950508,-140.00473655,-118.976906,8.218144977246098
2024-04-07 13:30:00,-128.6500271,-118.1043241,-111.53605,17.113978210839832
2024-04-07 14:00:00,-121.20024905,-106.93262825,-101.997116,19.20313296113281
2024-04-07 14:30:00,-104.86120315,-93.05633966666666,-88.15364,16.707562402929682
2024-04-07 15:00:00,-87.17794735,-81.51007896666667,-72.51337,14.664580650781247
2024-04-07 15:30:00,-68.10257486666667,-59.99879336666667,-51.76639,16.33618311251628
2024-04-07 16:00:00,-43.93156106666667,-31.010963583333336,-28.332966,15.598595215836589
2024-04-07 16:30:00,-13.046213816666665,-7.62602515,-8.231144,4.815069865250649
2024-04-07 17:00:00,14.867831100000002,14.51573005,10.355679,-4.5121525416503925
2024-04-07 17:30:00,33.00774286666667,27.72188058333333,25.917355,-7.090388282926433
2024-04-07 18:00:00,50.56145548333333,39.25576341666667,34.858944,-15.702511544124349
2024-04-07 18:30:00,63.35962271666667,35.766541116666666,42.942516,-20.417106389762374
2024-04-07 19:00:00,63.24506731666667,36.493019016666665,44.931377,-18.313689905778
2024-04-07 19:30:00,58.07462348333333,37.47739258333333,44.769665,-13.304958718929036
2024-04-07 20:00:00,48.11042951666667,37.785746,40.967327,-7.143102398746748
2024-04-07 20:30:00,44.65747436666666,40.862430233333335,38.06367,-6.593803254606115
2024-04-07 21:00:00,42.1950046,35.27909103333334,33.729473,-8.465531485986325
2024-04-07 21:30:00,41.03008056666666,36.96209676666667,29.962566,-11.06751419093424
2024-04-07 22:00:00,44.138254,32.69229565,30.837551,-13.300702883056644
2024-04-07 22:30:00,43.19676148333334,31.37913311666667,29.910686,-13.286074990413418
2024-04-07 23:00:00,37.01662948333333,33.37331171666667,30.116314,-6.900315549007161
2024-04-07 23:30:00,38.13482233333333,28.79265455,30.42294,-7.711883032796223
2024-04-08 00:00:00,30.690331033333333,27.87172495,27.47137,-3.2189603363118486
2024-04-08 00:30:00,28.691991516666665,25.99865325,26.533459,-2.158532806949868
2024-04-08 01:00:00,28.052290100000004,25.85226503333333,24.894482,-3.157808441064457
2024-04-08 01:30:00,27.513906266666663,23.959681900000003,23.619762,-3.8941438460123656
2024-04-08 02:00:00,24.291418266666668,24.56004091666667,23.990566,-0.3008520130045582
2024-04-08 02:30:00,24.692958283333336,24.8930137,24.016476,-0.6764826058431019
2024-04-08 03:00:00,25.658007766666667,25.427185766666668,21.959774,-3.698233749332683
2024-04-08 03:30:00,26.24791665,26.1047383,24.853512,-1.3944048396972661
2024-04-08 04:00:00,26.916801133333333,25.66044285,26.37289,-0.5439106609212239
2024-04-08 04:30:00,29.4461477,25.84487195,29.997402,0.5512544911621085
2024-04-08 05:00:00,29.60853618333333,26.94634338333333,30.044903,0.4363666181803403
2024-04-08 05:30:00,29.309957216666664,24.36194395,30.392101,1.082144071175133
2024-04-08 06:00:00,33.98353961666667,23.45878706666667,30.311642,-3.671897923551434
2024-04-08 06:30:00,29.03526041666667,28.09990975,28.279186,-0.7560741678873732
2024-04-08 07:00:00,23.95467803333333,27.030995516666668,21.429134,-2.525543664436846
2024-04-08 07:30:00,11.997200499999998,10.820808200000002,8.661114,-3.3360867609863263
2024-04-08 08:00:00,-5.424160833333333,2.9423385666666664,-9.698231,-4.2740699100748705
2024-04-08 08:30:00,-38.93124665,-10.02334185,-29.582493,9.348753821630858
2024-04-08 09:00:00,-67.58252833333334,-32.089617233333335,-51.21053,16.371999005940765
2024-04-08 09:30:00,-99.95283766666668,-53.97591165,-65.675385,34.27745314518231
2024-04-08 10:00:00,-124.35376685,-80.86605825,-79.22761,45.12615912294922
2024-04-08 10:30:00,-125.92769165,-93.12459001666667,-92.87132,33.05636901816406
2024-04-08 11:00:00,-133.2364384,-115.22035496666666,-102.98068,30.255756026953122
2024-04-08 11:30:00,-130.19420836666666,-114.44619496666668,-110.65669,19.537515861783845
2024-04-08 12:00:00,-139.54334123333334,-134.05437758333332,-112.6375,26.90584428509115
2024-04-08 12:30:00,-143.59779418333332,-141.58305501666666,-113.87023,29.72756255491535
2024-04-08 13:00:00,-129.68747483333334,-127.1950508,-112.72968,16.95779191097006
2024-04-08 13:30:00,-105.53787135,-128.6500271,-110.41836,-4.880486499121091
2024-04-08 14:00:00,-77.28915775,-121.20024905,-103.25299,-25.96383297265625
2024-04-08 14:30:00,-60.953437,-104.86120315,-91.09494,-30.141503185546874
2024-04-08 15:00:00,-55.930459516666666,-87.17794735,-75.050285,-19.119825822688803
2024-04-08 15:30:00,-40.04031338333333,-68.10257486666667,-54.858707,-14.818394044645189
2024-04-08 16:00:00,-17.7682604,-43.93156106666667,-34.599308,-16.831047613916017
2024-04-08 16:30:00,6.042900133333333,-13.046213816666665,-13.922443,-19.96534352322591
2024-04-08 17:00:00,23.68227081666667,14.867831100000002,5.279415,-18.402855686051435
2024-04-08 17:30:00,26.1769057,33.00774286666667,21.282543,-4.894362517626952
2024-04-08 18:00:00,31.572531666666663,50.56145548333333,32.797787,1.2252550459798215
2024-04-08 18:30:00,42.13279668333333,63.35962271666667,39.86317,-2.269626059554035
2024-04-08 19:00:00,46.58172116666666,63.24506731666667,43.618618,-2.9631031551920515
2024-04-08 19:30:00,39.45717113333333,58.07462348333333,44.26527,4.808099099820964
2024-04-08 20:00:00,41.52228821666667,48.11042951666667,43.048244,1.525956259651693
2024-04-08 20:30:00,42.69039745,44.65747436666666,41.319317,-1.371080585986327
2024-04-08 21:00:00,41.8182595,42.1950046,37.337124,-4.481135629150394
2024-04-08 21:30:00,39.45627711666666,41.03008056666666,35.772533,-3.6837436999186153
2024-04-08 22:00:00,37.55930446666667,44.138254,34.50677,-3.0525333790201827
2024-04-08 22:30:00,39.92822886666667,43.19676148333334,33.92436,-6.00387049874675
2024-04-08 23:00:00,35.71571945,37.01662948333333,33.079388,-2.63633178520508
2024-04-08 23:30:00,36.66668645,38.13482233333333,32.16969,-4.496997271533203
2024-04-09 00:00:00,36.51128113333333,30.690331033333333,29.63795,-6.87333023611653
2024-04-09 00:30:00,28.71849785,28.691991516666665,28.163906,-0.5545917525878892
2024-04-09 01:00:00,28.619437666666663,28.052290100000004,26.272411,-2.347026320231116
2024-04-09 01:30:00,25.70318448333333,27.513906266666663,25.162594,-0.5405906417805966
2024-04-09 02:00:00,26.88119125,24.291418266666668,24.790295,-2.0908966027832037
2024-04-09 02:30:00,26.7826769,24.692958283333336,24.073895,-2.7087823992675766
2024-04-09 03:00:00,25.89769993333333,25.658007766666667,23.063702,-2.83399830369466
2024-04-09 03:30:00,27.98140118333333,26.24791665,26.706142,-1.2752587577962196
2024-04-09 04:00:00,25.61980295,26.916801133333333,28.983852,3.364049436474609
2024-04-09 04:30:00,27.4591226,29.4461477,30.247463,2.7883406263183588
2024-04-09 05:00:00,24.89828235,29.60853618333333,31.153988,6.255705534521486
2024-04-09 05:30:00,26.493868183333333,29.309957216666664,32.20895,5.715081859391276
2024-04-09 06:00:00,32.562816483333336,33.98353961666667,32.957928,0.3951112205240861
2024-04-09 06:30:00,33.59040623333333,29.03526041666667,28.66972,-4.920686537288411
2024-04-09 07:00:00,30.204202066666667,23.95467803333333,19.38499,-10.819211374527995
2024-04-09 07:30:00,20.45381168333333,11.997200499999998,5.4178123,-15.035999335921222
2024-04-09 08:00:00,8.181440033333333,-5.424160833333333,-10.355366,-18.53680578650716
2024-04-09 08:30:00,-25.063185633333333,-38.93124665,-31.61945,-6.5562639821451825
2024-04-09 09:00:00,-48.37234051666667,-67.58252833333334,-51.27982,-2.9074789718587226
2024-04-09 09:30:00,-56.51253795,-99.95283766666668,-71.033356,-14.520817762890623
2024-04-09 10:00:00,-72.31385825,-124.35376685,-86.63961,-14.325752040527348
2024-04-09 10:30:00,-89.26257153333334,-125.92769165,-101.268005,-12.005433837760407
2024-04-09 11:00:00,-98.98052448333334,-133.2364384,-111.5353,-12.554776725162753
2024-04-09 11:30:00,-106.20236325,-130.19420836666666,-118.47795,-12.275587799804683
2024-04-09 12:00:00,-91.52928055,-139.54334123333334,-122.72672,-31.19744216728516
2024-04-09 12:30:00,-108.0681717,-143.59779418333332,-122.73926,-14.671086112500006
2024-04-09 13:00:00,-88.84570431666667,-129.68747483333334,-119.74383,-30.89812350315755
2024-04-09 13:30:00,-78.62709416666667,-105.53787135,-112.61192,-33.98482905110677
2024-04-09 14:00:00,-61.72369738333333,-77.28915775,-100.628914,-38.9052164960612
2024-04-09 14:30:00,-46.53346325,-60.953437,-86.93101,-40.39754413525391
2024-04-09 15:00:00,-38.8482534,-55.930459516666666,-69.99628,-31.148023455468753
2024-04-09 15:30:00,-23.343587216666663,-40.04031338333333,-50.759357,-27.415770235725915
2024-04-09 16:00:00,-7.65073185,-17.7682604,-30.337162,-22.686430167822266
2024-04-09 16:30:00,9.7225095,6.042900133333333,-8.530827,-18.253336068603517
2024-04-09 17:00:00,29.7100314,23.68227081666667,10.516689,-19.19334209946289
2024-04-09 17:30:00,46.43544115,26.1769057,23.752728,-22.68271364145508
2024-04-09 18:00:00,49.81161121666667,31.572531666666663,34.14526,-15.666351359488935
2024-04-09 18:30:00,55.2054594,42.13279668333333,42.012356,-13.193103595556643
2024-04-09 19:00:00,50.693717283333335,46.58172116666666,47.16096,-3.532756132210288
2024-04-09 19:30:00,53.68153743333334,39.45717113333333,48.13148,-5.550056262679043
2024-04-09 20:00:00,53.43567591666667,41.52228821666667,44.938137,-8.497538862223308
2024-04-09 20:30:00,49.81002983333334,42.69039745,41.404766,-8.405263750569667
2024-04-09 21:00:00,43.49978566666667,41.8182595,38.434017,-5.065768485270183
2024-04-09 21:30:00,42.62430748333333,39.45627711666666,35.46066,-7.163648456233723
2024-04-09 22:00:00,43.50992663333333,37.55930446666667,34.68971,-8.820217923616532
2024-04-09 22:30:00,34.72068951666667,39.92822886666667,35.76518,1.044489163753255
2024-04-09 23:00:00,37.31108661666666,35.71571945,34.400494,-2.910592994840485
2024-04-09 23:30:00,32.92736406666666,36.66668645,33.1842,0.2568362201985721
2024-04-10 00:00:00,32.172328766666666,36.51128113333333,32.06027,-0.11206036456705704
2024-04-10 00:30:00,28.9931929,28.71849785,30.996075,2.0028817765136715
2024-04-10 01:00:00,25.94171618333333,28.619437666666663,29.319286,3.3775701631022166
2024-04-10 01:30:00,22.324336016666667,25.70318448333333,27.261776,4.9374399537923175
2024-04-10 02:00:00,23.011370566666667,26.88119125,25.157085,2.145714852034505
2024-04-10 02:30:00,22.83079563333333,26.7826769,24.139355,1.308559072477216
2024-04-10 03:00:00,23.030126300000003,25.89769993333333,25.730785,2.700659069873044
2024-04-10 03:30:00,23.7715099,27.98140118333333,25.684002,1.9124920226074202
2024-04-10 04:00:00,23.155333266666663,25.61980295,26.432217,3.2768833776204467
2024-04-10 04:30:00,24.61445563333333,27.4591226,26.696072,2.081615991422531
2024-04-10 05:00:00,23.129618833333332,24.89828235,27.086575,3.9569557211100275
2024-04-10 05:30:00,24.947487866666663,26.493868183333333,28.396984,3.4494962336751342
2024-04-10 06:00:00,24.96274443333333,32.562816483333336,27.931683,2.968938153336591
2024-04-10 06:30:00,21.848252666666667,33.59040623333333,24.194103,2.3458505743001297
2024-04-10 07:00:00,29.309136583333338,30.204202066666667,18.988659,-10.32047767830404
2024-04-10 07:30:00,10.120892933333332,20.45381168333333,8.31596,-1.80493300291341
2024-04-10 08:00:00,-6.051034033333333,8.181440033333333,-6.270878,-0.21984380480143262
2024-04-10 08:30:00,-33.792052866666666,-25.063185633333333,-25.129063,8.662990214078775
2024-04-10 09:00:00,-54.42223773333333,-48.37234051666667,-46.625553,7.796684602229817
2024-04-10 09:30:00,-79.06677598333333,-56.51253795,-65.60664,13.460132306575517
2024-04-10 10:00:00,-91.6532576,-72.31385825,-82.22999,9.423269501855472
2024-04-10 10:30:00,-95.77102896666668,-89.26257153333334,-98.29225,-2.5212226202473857
2024-04-10 11:00:00,-106.73819561666666,-98.98052448333334,-109.098526,-2.360330384309904
2024-04-10 11:30:00,-116.43256341666668,-106.20236325,-116.69046,-0.25789678841144337
2024-04-10 12:00:00,-118.6248971,-91.52928055,-118.38846,0.23643884804687332
2024-04-10 12:30:00,-113.9533974,-108.0681717,-117.67857,-3.7251762083984374
2024-04-10 13:00:00,-128.75236476666666,-88.84570431666667,-113.198204,15.554160726139315
2024-04-10 13:30:00,-117.16274336666667,-78.62709416666667,-106.03335,11.129395283170581
2024-04-10 14:00:00,-116.79454063333333,-61.72369738333333,-92.85977,23.9347689048177
2024-04-10 14:30:00,-105.61226118333332,-46.53346325,-76.48138,29.130884535384098
2024-04-10 15:00:00,-84.91597926666667,-38.8482534,-57.78455,27.131429553531902
2024-04-10 15:30:00,-77.66831775,-23.343587216666663,-37.097645,40.5706729440918
2024-04-10 16:00:00,-30.414843466666667,-7.65073185,-15.485569,14.929274466422527
2024-04-10 16:30:00,4.1236994,9.7225095,1.1704979,-2.95320150571289
2024-04-10 17:00:00,14.27993905,29.7100314,17.592876,3.3129373843261725
2024-04-10 17:30:00,26.28082276666667,46.43544115,30.227123,3.9463004938313766
2024-04-10 18:00:00,42.84109958333334,49.81161121666667,38.728313,-4.112786137288417
2024-04-10 18:30:00,52.2256504,55.2054594,45.118053,-7.107596963720702
2024-04-10 19:00:00,55.937791116666666,50.693717283333335,46.57609,-9.361699350309244
2024-04-10 19:30:00,57.6981151,53.68153743333334,46.289227,-11.40888856801758
2024-04-10 20:00:00,58.28652378333334,53.43567591666667,43.931225,-14.35529896033529
2024-04-10 20:30:00,57.44572205,49.81002983333334,43.082607,-14.363114780712891
2024-04-10 21:00:00,49.107876866666665,43.49978566666667,39.42979,-9.678086369840493
2024-04-10 21:30:00,46.02828395,42.62430748333333,37.672985,-8.355298873095705
2024-04-10 22:00:00,42.50794378333333,43.50992663333333,37.318737,-5.189206753304035
2024-04-10 22:30:00,39.00254275,34.72068951666667,37.81164,-1.190901056884769
2024-04-10 23:00:00,32.20574593333333,37.31108661666666,37.178173,4.972427131852214
2024-04-10 23:30:00,30.438271666666665,32.92736406666666,35.145535,4.707262848714194
2024-04-11 00:00:00,28.7540811,32.172328766666666,33.85989,5.105808884130859
2024-04-11 00:30:00,26.684691766666663,28.9931929,30.054302,3.3696104489095084
2024-04-11 01:00:00,25.85430888333333,25.94171618333333,27.420284,1.565975387906903
2024-04-11 01:30:00,23.62978955,22.324336016666667,26.406033,2.7762430122558577
2024-04-11 02:00:00,23.389946,23.011370566666667,26.082317,2.6923713522949235
2024-04-11 02:30:00,23.37862615,22.83079563333333,22.947445,-0.4311812342285144
2024-04-11 03:00:00,23.94043738333333,23.030126300000003,21.976376,-1.9640618034993444
2024-04-11 03:30:00,26.076601983333333,23.7715099,22.3838,-3.6928014767415362
2024-04-11 04:00:00,24.619627416666663,23.155333266666663,25.362072,0.7424445743001336
2024-04-11 04:30:00,24.556973966666664,24.61445563333333,27.753735,3.1967606219563827
2024-04-11 05:00:00,24.13964291666667,23.129618833333332,27.710781,3.5711381807454394
2024-04-11 05:30:00,26.023960400000004,24.947487866666663,28.865887,2.8419262882324183
2024-04-11 06:00:00,30.48638278333333,24.96274443333333,28.998852,-1.4875310072102828
2024-04-11 06:30:00,29.7741272,21.848252666666667,26.023739,-3.7503883389160144
2024-04-11 07:00:00,24.64823988333333,29.309136583333338,20.464275,-4.183964523225907
2024-04-11 07:30:00,19.05220165,10.120892933333332,9.285793,-9.766408345556641
2024-04-11 08:00:00,-4.780162799999999,-6.051034033333333,-6.4538155,-1.6736526602050787
2024-04-11 08:30:00,-31.45176663333333,-33.792052866666666,-24.452076,6.9996906750813785
2024-04-11 09:00:00,-64.17675215,-54.42223773333333,-46.048008,18.128744184912108
2024-04-11 09:30:00,-93.41670775,-79.06677598333333,-64.364,29.052709336914063
2024-04-11 10:00:00,-114.10284005,-91.6532576,-81.17417,32.92866860224609
2024-04-11 10:30:00,-122.28154606666668,-95.77102896666668,-95.27816,27.003385971451834
2024-04-11 11:00:00,-134.91347808333333,-106.73819561666666,-107.46959,27.443888849934893
2024-04-11 11:30:00,-134.23729233333333,-116.43256341666668,-115.4023,18.834994359700516
2024-04-11 12:00:00,-129.04732681666667,-118.6248971,-117.51815,11.529176487076825
2024-04-11 12:30:00,-138.38545606666665,-113.9533974,-115.811005,22.574451427994774
2024-04-11 13:00:00,-129.78891005,-128.75236476666666,-112.0113,17.777610916699217
2024-04-11 13:30:00,-133.31205846666668,-117.16274336666667,-103.068825,30.243233698600278
2024-04-11 14:00:00,-123.36530418333332,-116.79454063333333,-93.65065,29.71465415891926
2024-04-11 14:30:00,-108.62096108333331,-105.61226118333332,-80.24357,28.377392662923157
2024-04-11 15:00:00,-101.70565095,-84.91597926666667,-61.91144,39.79420914702149
2024-04-11 15:30:00,-93.43424853333332,-77.66831775,-43.053898,50.3803506756673
2024-04-11 16:00:00,-45.45458381666666,-30.414843466666667,-23.997654,21.456929855485022
2024-04-11 16:30:00,-7.069629433333333,4.1236994,-5.510746,1.558883431136067
2024-04-11 17:00:00,19.296485333333333,14.27993905,12.963329,-6.333156018147786
2024-04-11 17:30:00,36.96840268333333,26.28082276666667,25.42004,-11.548362552718096
2024-04-11 18:00:00,39.97668278333333,42.84109958333334,37.084805,-2.8918782484212215
2024-04-11 18:30:00,46.16501221666667,52.2256504,42.817852,-3.347160196402996
2024-04-11 19:00:00,49.77975671666667,55.937791116666666,47.0666,-2.7131559171061213
2024-04-11 19:30:00,49.5105416,57.6981151,48.65997,-0.850572270166019
2024-04-11 20:00:00,41.84577058333333,58.28652378333334,48.499508,6.653737320719401
2024-04-11 20:30:00,41.13477451666667,57.44572205,45.126476,3.99170177117513
2024-04-11 21:00:00,43.46123616666667,49.107876866666665,42.084057,-1.377179312418626
2024-04-11 21:30:00,39.23317883333333,46.02828395,41.262707,2.0295279232584704
2024-04-11 22:00:00,32.17640178333333,42.50794378333333,37.87289,5.696488689078777
2024-04-11 22:30:00,31.019147866666668,39.00254275,36.5921,5.572950369417317
2024-04-11 23:00:00,31.33186995,32.20574593333333,35.55392,4.222050795849608
2024-04-11 23:30:00,31.309181716666668,30.438271666666665,35.383327,4.074145767464191
2024-04-12 00:00:00,29.610616583333336,28.7540811,33.46896,3.8583432250162737
2024-04-12 00:30:00,27.49757811666667,26.684691766666663,31.723904,4.226325539339189
2024-04-12 01:00:00,27.059305616666663,25.85430888333333,29.218761,2.159455827425134
2024-04-12 01:30:00,24.80715288333333,23.62978955,25.99757,1.1904171545084665
2024-04-12 02:00:00,26.27758275,23.389946,22.623837,-3.653746232666016
2024-04-12 02:30:00,26.19891038333333,23.37862615,20.421001,-5.777908949007159
2024-04-12 03:00:00,23.905371616666667,23.94043738333333,20.321575,-3.583796451871745
2024-04-12 03:30:00,25.2407896,26.076601983333333,23.043789,-2.19700069008789
2024-04-12 04:00:00,25.362046066666665,24.619627416666663,24.540417,-0.8216293491373676
2024-04-12 04:30:00,24.70764163333333,24.556973966666664,28.284603,3.576961485563153
2024-04-12 05:00:00,25.43263448333333,24.13964291666667,28.914852,3.4822176590006535
2024-04-12 05:30:00,26.5259567,26.023960400000004,30.154888,3.6289314530761736
2024-04-12 06:00:00,32.144309883333335,30.48638278333333,31.114544,-1.0297659685384133
2024-04-12 06:30:00,27.0979012,29.7741272,28.78439,1.6864882958496104
2024-04-12 07:00:00,23.098723333333336,24.64823988333333,22.261364,-0.8373593501790388
2024-04-12 07:30:00,9.925813283333332,19.05220165,10.825039,0.8992256265787777
2024-04-12 08:00:00,-4.936753399999999,-4.780162799999999,-5.0762367,-0.13948332485351678
2024-04-12 08:30:00,-18.834516,-31.45176663333333,-24.788685,-5.954168844970702
2024-04-12 09:00:00,-52.2632527,-64.17675215,-47.312855,4.950397933154299
2024-04-12 09:30:00,-76.99210675,-93.41670775,-65.58078,11.41132672070313
2024-04-12 10:00:00,-96.28335111666668,-114.10284005,-83.72873,12.554621868619805
2024-04-12 10:30:00,-110.06706795,-122.28154606666668,-101.18233,8.884740679492182
2024-04-12 11:00:00,-124.72690466666666,-134.91347808333333,-112.680786,12.046118533854155
2024-04-12 11:30:00,-134.93238741666667,-134.23729233333333,-121.97274,12.959647243326827
2024-04-12 12:00:00,-139.4445046,-129.04732681666667,-123.78026,15.66424642128905
2024-04-12 12:30:00,-154.49575776666666,-138.38545606666665,-121.88077,32.61498994440103
2024-04-12 13:00:00,-149.9873305333333,-129.78891005,-116.447,33.5403319371419
2024-04-12 13:30:00,-139.41385498333332,-133.31205846666668,-107.999146,31.414709475520823
2024-04-12 14:00:00,-125.50215393333332,-123.36530418333332,-97.89494,27.60721069602863
2024-04-12 14:30:00,-103.44852158333332,-108.62096108333331,-84.139595,19.308926551595036
2024-04-12 15:00:00,-87.39271908333335,-101.70565095,-67.369705,20.023013883138034
2024-04-12 15:30:00,-80.02061128333334,-93.43424853333332,-50.27608,29.74453019812826
2024-04-12 16:00:00,-33.593548283333334,-45.45458381666666,-28.564579,5.028969273323568
2024-04-12 16:30:00,1.7104561833333332,-7.069629433333333,-9.16544,-10.875895789046224
2024-04-12 17:00:00,17.478130033333333,19.296485333333333,10.045391,-7.432738950569661
2024-04-12 17:30:00,34.68433096666667,36.96840268333333,26.252712,-8.431618716910812
2024-04-12 18:00:00,43.9497676,39.97668278333333,37.774258,-6.175509940087892
2024-04-12 18:30:00,48.56435513333333,46.16501221666667,47.415142,-1.1492130740071573
2024-04-12 19:00:00,45.6116302,49.77975671666667,52.032253,6.420623065380859
2024-04-12 19:30:00,40.52547658333334,49.5105416,53.36442,12.838945261149085
2024-04-12 20:00:00,43.18763618333333,41.84577058333333,50.690243,7.502606584000652
2024-04-12 20:30:00,41.47109733333333,41.13477451666667,46.181957,4.710859911539714
2024-04-12 21:00:00,41.357319483333335,43.46123616666667,42.595577,1.2382577566568997
2024-04-12 21:30:00,38.230227633333335,39.23317883333333,39.69926,1.4690330783365866
2024-04-12 22:00:00,35.65915123333333,32.17640178333333,37.31686,1.6577089656412767
2024-04-12 22:30:00,30.324275416666666,31.019147866666668,35.83395,5.509674626057944
2024-04-12 23:00:00,35.31554621666667,31.33186995,34.1105,-1.2050458809733087
2024-04-12 23:30:00,37.02853565,31.309181716666668,31.253338,-5.77519778989258
2024-04-13 00:00:00,35.553140516666666,29.610616583333336,28.5536,-6.999540205387369
2024-04-13 00:30:00,33.59018565,27.49757811666667,26.762142,-6.828043468603518
2024-04-13 01:00:00,25.1390117,27.059305616666663,27.624264,2.4852520634277333
2024-04-13 01:30:00,25.890968416666663,24.80715288333333,26.0901,0.19913091805013394
2024-04-13 02:00:00,21.767556133333333,26.27758275,24.80943,3.041873035367839
2024-04-13 02:30:00,22.997657333333333,26.19891038333333,23.818691,0.8210339203287766
2024-04-13 03:00:00,21.628124383333333,23.905371616666667,21.595745,-0.032379296663410884
2024-04-13 03:30:00,22.539598183333336,25.2407896,23.04205,0.5024512246256485
2024-04-13 04:00:00,22.5170162,25.362046066666665,25.151714,2.6346981249511714
2024-04-13 04:30:00,23.28769455,24.70764163333333,26.479107,3.1914123530761707
2024-04-13 05:00:00,24.19124795,25.43263448333333,29.440517,5.249269475537108
2024-04-13 05:30:00,22.79304155,26.5259567,30.775936,7.982894576708983
2024-04-13 06:00:00,23.39099055,32.144309883333335,32.867764,9.476772969287108
2024-04-13 06:30:00,22.87428075,27.0979012,30.610409,7.736128032958984
2024-04-13 07:00:00,16.4989683,23.098723333333336,22.364056,5.8650873335449205
2024-04-13 07:30:00,5.812862866666666,9.925813283333332,8.436199,2.6233363215657555
2024-04-13 08:00:00,-6.925248849999999,-4.936753399999999,-7.7585793,-0.8333304041503915
2024-04-13 08:30:00,-28.8180716,-18.834516,-28.773487,0.04458450893554655
2024-04-13 09:00:00,-45.987551800000006,-52.2632527,-53.228733,-7.241181262744135
2024-04-13 09:30:00,-80.26300175,-76.99210675,-72.556984,7.706017802246095
2024-04-13 10:00:00,-112.5967627,-96.28335111666668,-90.42532,22.171439213671874
2024-04-13 10:30:00,-124.3942255,-110.06706795,-107.55911,16.83511295117188
2024-04-13 11:00:00,-135.47163493333332,-124.72690466666666,-118.68697,16.784661361555976
2024-04-13 11:30:00,-147.11440606666667,-134.93238741666667,-126.14996,20.964442687760425
2024-04-13 12:00:00,-151.06005268333334,-139.4445046,-130.36363,20.6964204811849
2024-04-13 12:30:00,-155.02192101666665,-154.49575776666666,-129.1551,25.86681542584634
2024-04-13 13:00:00,-149.98906721666663,-149.9873305333333,-125.90667,24.082397599967408
2024-04-13 13:30:00,-139.23620365,-139.41385498333332,-117.90499,21.33121250009765
2024-04-13 14:00:00,-135.79513128333335,-125.50215393333332,-105.534836,30.26029546790366
2024-04-13 14:30:00,-125.49964098333334,-103.44852158333332,-91.59421,33.90543321966146
2024-04-13 15:00:00,-103.47907811666668,-87.39271908333335,-74.340485,29.13859349752606
2024-04-13 15:30:00,-91.20385796666666,-80.02061128333334,-55.333683,35.870174952750645
2024-04-13 16:00:00,-42.81837901666666,-33.593548283333334,-33.91852,8.899857135563146
2024-04-13 16:30:00,-11.25775335,1.7104561833333332,-12.7038765,-1.4461231453613284
2024-04-13 17:00:00,9.933961816666669,17.478130033333333,6.6213646,-3.312597223160809
2024-04-13 17:30:00,23.24899058333333,34.68433096666667,24.035564,0.7865738392740909
2024-04-13 18:00:00,36.73140708333333,43.9497676,35.96731,-0.764095224202471
2024-04-13 18:30:00,40.2444577,48.56435513333333,43.37608,3.1316218593261738
2024-04-13 19:00:00,39.35767871666667,45.6116302,48.40658,9.04890316199544
2024-04-13 19:30:00,38.25689118333333,40.52547658333334,49.926952,11.670061178727217
2024-04-13 20:00:00,34.63428555,43.18763618333333,50.457195,15.82290973198242
2024-04-13 20:30:00,36.73237443333333,41.47109733333333,46.55113,9.818753954117845
2024-04-13 21:00:00,32.59854215,41.357319483333335,42.7727,10.174159113427734
2024-04-13 21:30:00,33.12054728333333,38.230227633333335,40.913174,7.792626392203779
2024-04-13 22:00:00,33.1163349,35.65915123333333,38.9839,5.867563262841799
2024-04-13 22:30:00,30.99942013333333,30.324275416666666,36.6618,5.662380251188154
2024-04-13 23:00:00,27.95020815,35.31554621666667,32.900814,4.950605906396483
2024-04-13 23:30:00,28.2075655,37.02853565,31.348492,3.1409261687011707
2024-04-14 00:00:00,30.02178388333333,35.553140516666666,30.799557,0.7777728488444033
2024-04-14 00:30:00,26.302666766666665,33.59018565,28.888424,2.5857571530110697
2024-04-14 01:00:00,26.24651898333333,25.1390117,27.27,1.0234814744303407
2024-04-14 01:30:00,25.2899701,25.890968416666663,27.781002,2.491031944677733
2024-04-14 02:00:00,24.3241618,21.767556133333333,27.070705,2.7465436138183605
2024-04-14 02:30:00,24.557397716666667,22.997657333333333,25.538113,0.9807149237141921
2024-04-14 03:00:00,22.4810555,21.628124383333333,23.540905,1.0598494987792968
2024-04-14 03:30:00,26.73014218333333,22.539598183333336,23.018612,-3.711530275374347
2024-04-14 04:00:00,24.510140366666665,22.5170162,24.635601,0.12546067703450703
2024-04-14 04:30:00,23.59907433333333,23.28769455,27.28822,3.6891451185709663
2024-04-14 05:00:00,24.942113700000004,24.19124795,28.907818,3.965704140576168
2024-04-14 05:30:00,28.224054366666667,22.79304155,30.452633,2.228578537386067
2024-04-14 06:00:00,27.29490265,23.39099055,30.147396,2.8524934376464834
2024-04-14 06:30:00,21.893051016666664,22.87428075,27.912823,6.019771706722008
2024-04-14 07:00:00,10.411731283333332,16.4989683,18.320446,7.908714731070965
2024-04-14 07:30:00,-0.6201404833333334,5.812862866666666,6.528515,7.14865534539388
2024-04-14 08:00:00,-2.190088283333333,-6.925248849999999,-10.093266,-7.903177250113933
2024-04-14 08:30:00,-37.61750783333333,-28.8180716,-32.27161,5.345897573323562
2024-04-14 09:00:00,-61.94569388333334,-45.987551800000006,-55.41329,6.532405766878263
2024-04-14 09:30:00,-98.25971163333332,-80.26300175,-76.876625,21.38308657229817
2024-04-14 10:00:00,-120.77039386666668,-112.5967627,-95.58464,25.185753363736993
2024-04-14 10:30:00,-139.84178376666668,-124.3942255,-111.89709,27.94469666949871
2024-04-14 11:00:00,-145.64299048333334,-135.47163493333332,-123.73281,21.91017950921224
2024-04-14 11:30:00,-149.79035725,-147.11440606666667,-134.2149,15.57545246484375
2024-04-14 12:00:00,-161.73654528333333,-151.06005268333334,-139.63971,22.096835810677078
2024-04-14 12:30:00,-161.53250216666666,-155.02192101666665,-138.76028,22.772217742838535
2024-04-14 13:00:00,-150.5167932,-149.98906721666663,-135.85469,14.662102648242183
2024-04-14 13:30:00,-146.1779084,-139.23620365,-127.17902,18.998884657324226
2024-04-14 14:00:00,-138.86571673333333,-135.79513128333335,-117.11333,21.75238970696614
2024-04-14 14:30:00,-114.73253306666668,-125.49964098333334,-102.484436,12.248097031510426
2024-04-14 15:00:00,-98.0815546,-103.47907811666668,-82.51672,15.564830967187504
2024-04-14 15:30:00,-69.29831663333333,-91.20385796666666,-59.665592,9.632724439729813
2024-04-14 16:00:00,-41.33421203333333,-42.81837901666666,-37.156315,4.177897183479814
2024-04-14 16:30:00,-11.2278687,-11.25775335,-16.486408,-5.258539533642578
2024-04-14 17:00:00,13.186559416666666,9.933961816666669,7.0695457,-6.117013670817057
2024-04-14 17:30:00,31.962453883333332,23.24899058333333,23.433346,-8.529108088655597
2024-04-14 18:00:00,41.25383225,36.73140708333333,35.747936,-5.505896001220705
2024-04-14 18:30:00,40.5260939,40.2444577,44.850033,4.323938906396485
2024-04-14 19:00:00,37.4815766,39.35767871666667,48.094616,10.6130393362793
2024-04-14 19:30:00,35.74277561666667,38.25689118333333,47.29272,11.549945178011065
2024-04-14 20:00:00,42.58417993333333,34.63428555,46.422024,3.837843839860028
2024-04-14 20:30:00,39.20490045,36.73237443333333,43.150555,3.945654206982425
2024-04-14 21:00:00,34.31288573333333,32.59854215,38.34309,4.030204324039715
2024-04-14 21:30:00,37.67276723333333,33.12054728333333,36.266872,-1.4058948273274723
2024-04-14 22:00:00,34.62848618333333,33.1163349,33.793713,-0.8347735673665326
2024-04-14 22:30:00,33.100365133333334,30.99942013333333,32.37942,-0.7209438992024744
2024-04-14 23:00:00,36.82044986666667,27.95020815,29.886044,-6.9344063180826865
2024-04-14 23:30:00,35.109210100000006,28.2075655,29.473553,-5.635657396142584
2024-04-15 00:00:00,31.831836683333336,30.02178388333333,29.190975,-2.6408614941243513
2024-04-15 00:30:00,31.061430466666668,26.302666766666665,27.272335,-3.7890954141764333
2024-04-15 01:00:00,27.30809683333333,26.24651898333333,26.691296,-0.6168012095540334
2024-04-15 01:30:00,24.400980816666664,25.2899701,25.30331,0.9023295776204456
2024-04-15 02:00:00,24.2845557,24.3241618,25.736141,1.4515855048339859
2024-04-15 02:30:00,24.65066941666667,24.557397716666667,24.25764,-0.3930285780436229
2024-04-15 03:00:00,23.4862261,22.4810555,23.100399,-0.3858270826660153
2024-04-15 03:30:00,24.977064816666665,26.73014218333333,23.74963,-1.227434842301431
2024-04-15 04:00:00,26.769015166666662,24.510140366666665,24.611202,-2.157812926676428
2024-04-15 04:30:00,25.44369156666667,23.59907433333333,26.687572,1.2438809125813783
2024-04-15 05:00:00,24.602697133333333,24.942113700000004,24.60696,0.004263163297526518
2024-04-15 05:30:00,25.396949016666667,28.224054366666667,26.720898,1.3239486578938795
2024-04-15 06:00:00,31.744304016666664,27.29490265,28.57455,-3.1697533880045548
2024-04-15 06:30:00,34.137408283333336,21.893051016666664,26.5229,-7.614508655647789
2024-04-15 07:00:00,21.688241833333336,10.411731283333332,18.651363,-3.036878460530602
2024-04-15 07:30:00,16.564005766666668,-0.6201404833333334,5.9369774,-10.627028380192058
2024-04-15 08:00:00,-6.862946666666666,-2.190088283333333,-11.770054,-4.907107196858725
2024-04-15 08:30:00,-51.24706726666667,-37.61750783333333,-32.986103,18.26096420880534
2024-04-15 09:00:00,-79.12366888333334,-61.94569388333334,-58.212498,20.911171172151697
2024-04-15 09:30:00,-111.13408171666669,-98.25971163333332,-80.3782,30.75588500035809
2024-04-15 10:00:00,-138.85660346666666,-120.77039386666668,-97.887474,40.96912940660806
2024-04-15 10:30:00,-142.31547403333337,-139.84178376666668,-116.681656,25.63381814954431
2024-04-15 11:00:00,-158.15623585,-145.64299048333334,-128.924,29.232239878320314
2024-04-15 11:30:00,-159.90153551666666,-149.79035725,-138.17697,21.72456408111978
2024-04-15 12:00:00,-169.69059485,-161.73654528333333,-142.64827,27.042325196679684
2024-04-15 12:30:00,-170.71715393333332,-161.53250216666666,-141.673,29.044149782942696
2024-04-15 13:00:00,-164.45013568333334,-150.5167932,-137.59315,26.85698077610678
2024-04-15 13:30:00,-148.69150881666667,-146.1779084,-130.40436,18.28715090651042
2024-04-15 14:00:00,-133.92872939999998,-138.86571673333333,-117.89659,16.032138213476543
2024-04-15 14:30:00,-101.96085373333334,-114.73253306666668,-103.360115,-1.399261317936194
2024-04-15 15:00:00,-71.31148063333333,-98.0815546,-84.993614,-13.682133563444012
2024-04-15 15:30:00,-49.45109211666667,-69.29831663333333,-62.53574,-13.084647782014969
2024-04-15 16:00:00,-22.8092194,-41.33421203333333,-38.57555,-15.766330679345703
2024-04-15 16:30:00,9.869595116666666,-11.2278687,-14.456013,-24.325607842496744
2024-04-15 17:00:00,24.991399283333333,13.186559416666666,7.1125145,-17.878884787483724
2024-04-15 17:30:00,38.88946225,31.962453883333332,24.512493,-14.37696911645508
2024-04-15 18:00:00,52.03267268333334,41.25383225,37.625378,-14.407295028304041
2024-04-15 18:30:00,53.7710789,40.5260939,46.301357,-7.46972163071289
2024-04-15 19:00:00,50.05936801666667,37.4815766,49.755703,-0.30366504425455787
2024-04-15 19:30:00,47.10320715,35.74277561666667,48.008068,0.904860934716794
2024-04-15 20:00:00,50.99686043333333,42.58417993333333,45.750515,-5.246345449202472
2024-04-15 20:30:00,49.09871771666667,39.20490045,41.418377,-7.680340794059248
2024-04-15 21:00:00,41.03684445,34.31288573333333,35.79614,-5.240705686572262
2024-04-15 21:30:00,35.65480598333333,37.67276723333333,34.226803,-1.4280031574055982
2024-04-15 22:00:00,32.61168336666667,34.62848618333333,33.430355,0.8186717053548165
2024-04-15 22:30:00,29.97852613333333,33.100365133333334,31.487255,1.508728963102218
2024-04-15 23:00:00,28.453208716666666,36.82044986666667,32.37173,3.9185220877766938
2024-04-15 23:30:00,30.86030895,35.109210100000006,31.229656,0.3693472694824216
2024-04-16 00:00:00,31.414803916666667,31.831836683333336,29.670498,-1.7443060223795577
2024-04-16 00:30:00,27.8940354,31.061430466666668,28.828014,0.933978973779297
2024-04-16 01:00:00,29.39810316666667,27.30809683333333,26.766537,-2.6315664540201844
2024-04-16 01:30:00,25.01548898333333,24.400980816666664,25.956219,0.9407297361490912
2024-04-16 02:00:00,27.103864616666662,24.2845557,25.76736,-1.336503929410803
2024-04-16 02:30:00,25.481058533333336,24.65066941666667,23.937649,-1.5434097601399763
2024-04-16 03:00:00,24.808288633333333,23.4862261,22.445415,-2.3628731365071616
2024-04-16 03:30:00,27.10589835,24.977064816666665,23.445797,-3.660101383447266
2024-04-16 04:00:00,28.015168783333333,26.769015166666662,24.922909,-3.092260000374349
2024-04-16 04:30:00,26.429167666666668,25.44369156666667,26.045452,-0.3837155487467463
2024-04-16 05:00:00,26.810313283333333,24.602697133333333,26.000576,-0.8097372640462233
2024-04-16 05:30:00,25.1933688,25.396949016666667,27.599941,2.406572453662111
2024-04-16 06:00:00,34.47127105,31.744304016666664,28.011532,-6.459739220166014
2024-04-16 06:30:00,35.95335276666666,34.137408283333336,26.025387,-9.927965956363927
2024-04-16 07:00:00,23.32008395,21.688241833333336,18.217007,-5.103077266650391
2024-04-16 07:30:00,19.350389366666665,16.564005766666668,3.7905083,-15.559881096402993
2024-04-16 08:00:00,0.2596497999999989,-6.862946666666666,-15.891666,-16.151316212353514
2024-04-16 08:30:00,-38.06883486666667,-51.24706726666667,-40.03226,-1.9634260281087208
2024-04-16 09:00:00,-71.77163933333334,-79.12366888333334,-64.00334,7.7682976585286525
2024-04-16 09:30:00,-89.79740833333334,-111.13408171666669,-84.881966,4.915442696126306
2024-04-16 10:00:00,-108.33919955,-138.85660346666666,-104.83035,3.5088467667968786
2024-04-16 10:30:00,-111.2775256,-142.31547403333337,-122.28299,-11.00546390195312
2024-04-16 11:00:00,-117.58736995,-158.15623585,-136.07092,-18.483552901562504
2024-04-16 11:30:00,-137.35412671666666,-159.90153551666666,-144.20776,-6.853636955208344
2024-04-16 12:00:00,-144.410234,-169.69059485,-148.15764,-3.747404549804685
2024-04-16 12:30:00,-153.9572107,-170.71715393333332,-146.79489,7.162319342578115
2024-04-16 13:00:00,-139.05886238333332,-164.45013568333334,-143.03636,-3.9774993110026173
2024-04-16 13:30:00,-141.37515073333336,-148.69150881666667,-133.31369,8.061460547786481
2024-04-16 14:00:00,-126.92163668333336,-133.92872939999998,-122.36492,4.556715113509142
2024-04-16 14:30:00,-107.15376988333333,-101.96085373333334,-108.08877,-0.9349981220377686
2024-04-16 15:00:00,-76.1660807,-71.31148063333333,-85.90535,-9.739269031445318
2024-04-16 15:30:00,-56.9690655,-49.45109211666667,-62.613743,-5.644677328369141
2024-04-16 16:00:00,-27.12806155,-22.8092194,-37.760715,-10.632653934619139
2024-04-16 16:30:00,1.0303366166666663,9.869595116666666,-12.205601,-13.235937355192057
2024-04-16 17:00:00,17.228668783333333,24.991399283333333,10.589779,-6.638889883186849
2024-04-16 17:30:00,33.339976150000005,38.88946225,26.745434,-6.5945423426269585
2024-04-16 18:00:00,43.19771433333333,52.03267268333334,40.42059,-2.777124886311846
2024-04-16 18:30:00,41.95270868333333,53.7710789,47.708416,5.755707301774095
2024-04-16 19:00:00,43.96809886666667,50.05936801666667,50.00082,6.032721293245437
2024-04-16 19:30:00,40.2221373,47.10320715,49.54205,9.319912107958984
2024-04-16 20:00:00,39.44278631666666,50.99686043333333,47.133907,7.691121001448572
2024-04-16 20:30:00,46.158817783333326,49.09871771666667,41.829617,-4.329201236702467
2024-04-16 21:00:00,43.58514831666667,41.03684445,38.26843,-5.316719514176434
2024-04-16 21:30:00,38.68249446666667,35.65480598333333,36.41241,-2.2700837305826838
2024-04-16 22:00:00,35.448719866666664,32.61168336666667,34.411892,-1.036827929410805
2024-04-16 22:30:00,33.941337350000005,29.97852613333333,33.56529,-0.37604880629883297
2024-04-16 23:00:00,33.143214216666664,28.453208716666666,32.99455,-0.1486654190592418
2024-04-16 23:30:00,34.12631506666667,30.86030895,31.947887,-2.1784276460123735
2024-04-17 00:00:00,29.5408528,31.414803916666667,31.8054,2.264548048388672
2024-04-17 00:30:00,26.03139988333333,27.8940354,29.632946,3.601546131070968
2024-04-17 01:00:00,25.21397693333333,29.39810316666667,29.269482,4.055504725602216
2024-04-17 01:30:00,26.09090345,25.01548898333333,28.68388,2.592976402294923
2024-04-17 02:00:00,27.229604816666665,27.103864616666662,26.419613,-0.8099919321451807
2024-04-17 02:30:00,24.991835066666667,25.481058533333336,25.585033,0.59319835008138
2024-04-17 03:00:00,23.830226016666668,24.808288633333333,24.437084,0.6068581813313791
2024-04-17 03:30:00,24.77750555,27.10589835,21.90524,-2.8722664447753914
2024-04-17 04:00:00,26.08936448333333,28.015168783333333,23.193264,-2.896100475764971
2024-04-17 04:30:00,24.81946118333333,26.429167666666668,25.158764,0.3393027021647157
2024-04-17 05:00:00,24.532274850000004,26.810313283333333,25.784557,1.252282492529293
2024-04-17 05:30:00,23.03574835,25.1933688,28.311382,5.275633943701173
2024-04-17 06:00:00,29.312079366666666,34.47127105,26.601833,-2.7102460231608063
2024-04-17 06:30:00,29.49770503333333,35.95335276666666,25.135906,-4.361798813850907
2024-04-17 07:00:00,33.85337435,23.32008395,17.897808,-15.955566275048831
2024-04-17 07:30:00,18.57884895,19.350389366666665,4.969036,-13.60981284770508
2024-04-17 08:00:00,7.448398916666668,0.2596497999999989,-13.20612,-20.654518454020184
2024-04-17 08:30:00,-11.46264005,-38.06883486666667,-36.072712,-24.61007189458008
2024-04-17 09:00:00,-42.91049948333333,-71.77163933333334,-61.525593,-18.615093320621746
2024-04-17 09:30:00,-59.03409105,-89.79740833333334,-81.722275,-22.688183730273437
2024-04-17 10:00:00,-75.30923651666667,-108.33919955,-101.84438,-26.53514672307942
2024-04-17 10:30:00,-73.98658160000001,-111.2775256,-119.96306,-45.97647687167968
2024-04-17 11:00:00,-86.38649555,-117.58736995,-132.51416,-46.12766460624999
2024-04-17 11:30:00,-104.36635706666668,-137.35412671666666,-141.37343,-37.00707127805988
2024-04-17 12:00:00,-90.28784213333334,-144.410234,-145.36804,-55.08019985885416
2024-04-17 12:30:00,-103.14857536666666,-153.9572107,-146.23578,-43.08720344192709
2024-04-17 13:00:00,-88.38121716666667,-139.05886238333332,-140.29742,-51.91620714973958
2024-04-17 13:30:00,-99.91545606666666,-141.37515073333336,-131.8595,-31.944041003645836
2024-04-17 14:00:00,-89.20572775,-126.92163668333336,-120.67085,-31.46512491113282
2024-04-17 14:30:00,-74.45018878333333,-107.15376988333333,-104.65169,-30.20149883873698
2024-04-17 15:00:00,-65.91434043333334,-76.1660807,-82.50238,-16.588039937760414
2024-04-17 15:30:00,-33.585820133333335,-56.9690655,-58.58222,-24.99639803683268
2024-04-17 16:00:00,-13.3234462,-27.12806155,-32.326496,-19.00304992426758
2024-04-17 16:30:00,7.066120516666667,1.0303366166666663,-8.036304,-15.102424990543621
2024-04-17 17:00:00,21.899443366666663,17.228668783333333,14.27766,-7.621782996793616
2024-04-17 17:30:00,27.194337833333336,33.339976150000005,29.175655,1.9813175316568987
2024-04-17 18:00:00,37.80846181666666,43.19771433333333,41.482952,3.6744903012532646
2024-04-17 18:30:00,44.58942348333333,41.95270868333333,48.364437,3.775013619938157
2024-04-17 19:00:00,47.9872979,43.96809886666667,52.250134,4.262835614404295
2024-04-17 19:30:00,53.27489391666666,40.2221373,49.046688,-4.228205836832679
2024-04-17 20:00:00,48.84190715,39.44278631666666,46.11851,-2.7233959500488254
2024-04-17 20:30:00,51.18066431666667,46.158817783333326,41.618694,-9.56197001124675
2024-04-17 21:00:00,43.76684948333334,43.58514831666667,36.99632,-6.7705306661946665
2024-04-17 21:30:00,43.183068633333335,38.68249446666667,36.483913,-6.699155211702475
2024-04-17 22:00:00,36.55033263333333,35.448719866666664,33.51057,-3.0397621072102865
2024-04-17 22:30:00,33.49304566666667,33.941337350000005,33.419888,-0.07315812394205778
2024-04-17 23:00:00,31.05847823333333,33.143214216666664,33.201534,2.1430560379069057
2024-04-17 23:30:00,34.45325331666667,34.12631506666667,33.741955,-0.7112985131998713
2024-04-18 00:00:00,32.50372653333333,29.5408528,32.66238,0.1586536851725313
2024-04-18 00:30:00,30.478183716666667,26.03139988333333,30.592144,0.11396029578450495
2024-04-18 01:00:00,29.0404977,25.21397693333333,28.112438,-0.9280594980957027
2024-04-18 01:30:00,27.61425445,26.09090345,27.268887,-0.3453678838378913
2024-04-18 02:00:00,26.948184516666668,27.229604816666665,25.211987,-1.7361979749186212
2024-04-18 02:30:00,26.153098933333336,24.991835066666667,23.522152,-2.6309469863118515
2024-04-18 03:00:00,25.55021766666667,23.830226016666668,23.451687,-2.098530807535809
2024-04-18 03:30:00,25.75839343333333,24.77750555,22.932644,-2.8257495429524724
2024-04-18 04:00:00,24.93321618333333,26.08936448333333,26.375256,1.442039401383468
2024-04-18 04:30:00,24.946181166666666,24.81946118333333,28.314327,3.368146073323569
2024-04-18 05:00:00,26.8575665,24.532274850000004,29.123257,2.2656901833496086
2024-04-18 05:30:00,28.753370383333333,23.03574835,30.35577,1.602399727750651
2024-04-18 06:00:00,33.68360406666667,29.312079366666666,28.854671,-4.828932588395183
2024-04-18 06:30:00,35.08759906666666,29.49770503333333,25.685558,-9.402040747574866
2024-04-18 07:00:00,27.9317027,33.85337435,19.355465,-8.576237764697265
2024-04-18 07:30:00,22.54183335,18.57884895,4.413128,-18.12870545083008
2024-04-18 08:00:00,4.188435449999999,7.448398916666668,-11.207478,-15.395913019580078
2024-04-18 08:30:00,-7.064921300000001,-11.46264005,-33.34238,-26.27745922368164
2024-04-18 09:00:00,-44.23703098333333,-42.91049948333333,-57.121754,-12.884722709293627
2024-04-18 09:30:00,-64.81779861666666,-59.03409105,-77.34241,-12.524608609895836
2024-04-18 10:00:00,-85.31394010000001,-75.30923651666667,-94.45825,-9.14431185312499
2024-04-18 10:30:00,-89.7744371,-73.98658160000001,-111.618416,-21.84397873251953
2024-04-18 11:00:00,-108.87454553333332,-86.38649555,-125.34268,-16.468136351432307
2024-04-18 11:30:00,-103.4395374,-104.36635706666668,-133.045,-29.605460768945306
2024-04-18 12:00:00,-105.83387105,-90.28784213333334,-138.39688,-32.563010053515626
2024-04-18 12:30:00,-109.42590313333334,-103.14857536666666,-138.17804,-28.752136417447915
2024-04-18 13:00:00,-93.82597286666667,-88.38121716666667,-132.68759,-38.8616186860677
2024-04-18 13:30:00,-90.02302563333335,-99.91545606666666,-123.457275,-33.43424975729165
2024-04-18 14:00:00,-67.57897333333334,-89.20572775,-112.45521,-44.876234491373694
2024-04-18 14:30:00,-47.74005835,-74.45018878333333,-95.702324,-47.96226556357422
2024-04-18 15:00:00,-36.02808905,-65.91434043333334,-74.98872,-38.960634704882814
2024-04-18 15:30:00,-13.730395066666668,-33.585820133333335,-50.114445,-36.38404966599935
2024-04-18 16:00:00,1.2904856499999997,-13.3234462,-25.744267,-27.034752160009766
2024-04-18 16:30:00,15.404260466666663,7.066120516666667,-3.0531654,-18.45742590245768
2024-04-18 17:00:00,33.92197323333333,21.899443366666663,17.38676,-16.53521252166341
2024-04-18 17:30:00,35.86293871666667,27.194337833333336,31.591503,-4.271435573356122
2024-04-18 18:00:00,41.661713133333336,37.80846181666666,42.327877,0.6661639113443982
2024-04-18 18:30:00,48.27289151666667,44.58942348333333,49.789593,1.5167012262532538
2024-04-18 19:00:00,46.93043981666667,47.9872979,52.65156,5.721121920393877
2024-04-18 19:30:00,47.57508233333333,53.27489391666666,51.828228,4.253145663492845
2024-04-18 20:00:00,47.2242523,48.84190715,48.649593,1.425341053271481
2024-04-18 20:30:00,48.30430891666666,51.18066431666667,43.962933,-4.341376329996741
2024-04-18 21:00:00,44.242216033333335,43.76684948333334,38.555996,-5.686220092171226
2024-04-18 21:30:00,41.44259111666667,43.183068633333335,37.783657,-3.65893404269206
2024-04-18 22:00:00,43.402007833333336,36.55033263333333,34.69566,-8.706348195882164
2024-04-18 22:30:00,36.593264516666665,33.49304566666667,33.85748,-2.73578542120768
2024-04-18 23:00:00,33.76289056666667,31.05847823333333,34.57368,0.8107903110188772
2024-04-18 23:30:00,32.66412625,34.45325331666667,33.136837,0.4727107556152319
2024-04-19 00:00:00,29.862691166666668,32.50372653333333,32.171932,2.3092410537923165
2024-04-19 00:30:00,29.481584866666665,30.478183716666667,30.604977,1.123391787386069
2024-04-19 01:00:00,28.291255383333333,29.0404977,29.216167,0.9249120666178392
2024-04-19 01:30:00,28.23757038333333,27.61425445,27.805294,-0.43227634646809676
2024-04-19 02:00:00,27.80329791666667,26.948184516666668,26.340084,-1.4632138407389341
2024-04-19 02:30:00,27.58635191666667,26.153098933333336,23.013988,-4.5723634217936215
2024-04-19 03:00:00,31.79558726666667,25.55021766666667,23.576687,-8.21890040753581
2024-04-19 03:30:00,27.739250433333336,25.75839343333333,24.065533,-3.6737177490071637
2024-04-19 04:00:00,25.40416718333333,24.93321618333333,25.996426,0.5922584453287811
2024-04-19 04:30:00,26.247354400000003,24.946181166666666,28.569515,2.322160828271482
2024-04-19 05:00:00,26.929752816666667,26.8575665,30.71719,3.787436972151692
2024-04-19 05:30:00,27.091421083333334,28.753370383333333,32.62266,5.531240507242838
2024-04-19 06:00:00,32.89561163333333,33.68360406666667,33.76324,0.8676291808756531
2024-04-19 06:30:00,35.48812105,35.08759906666666,34.381313,-1.1068077260253872
2024-04-19 07:00:00,28.24354866666667,27.9317027,26.68565,-1.5578987948404972
2024-04-19 07:30:00,11.48982395,22.54183335,13.760448,2.270624505810547
2024-04-19 08:00:00,-8.344149416666667,4.188435449999999,-3.9081917,4.435957735758464
2024-04-19 08:30:00,-32.82134646666667,-7.064921300000001,-25.784718,7.036628906852215
2024-04-19 09:00:00,-60.55801135,-44.23703098333333,-50.30141,10.256600674951173
2024-04-19 09:30:00,-88.23375723333334,-64.81779861666666,-68.91939,19.314369415950523
2024-04-19 10:00:00,-106.664391,-85.31394010000001,-89.183044,17.481346566406245
2024-04-19 10:30:00,-116.81738173333332,-89.7744371,-104.56823,12.249152058040352
2024-04-19 11:00:00,-126.64402725,-108.87454553333332,-118.15794,8.486083524414056
2024-04-19 11:30:00,-112.66878501666666,-103.4395374,-127.11129,-14.442504961360683
2024-04-19 12:00:00,-101.2433707,-105.83387105,-131.1387,-29.895331692578125
2024-04-19 12:30:00,-97.32296826666668,-109.42590313333334,-131.544,-34.22103808098957
2024-04-19 13:00:00,-92.47892335,-93.82597286666667,-127.8385,-35.3595776265625
2024-04-19 13:30:00,-90.36792386666669,-90.02302563333335,-116.958984,-26.591060508333314
2024-04-19 14:00:00,-89.51142778333333,-67.57897333333334,-103.18372,-13.6722956663737
2024-04-19 14:30:00,-74.571645,-47.74005835,-86.50307,-11.931422016601559
2024-04-19 15:00:00,-57.91540715,-36.02808905,-64.993195,-7.077787430078125
2024-04-19 15:30:00,-38.53615208333333,-13.730395066666668,-40.95818,-2.422027390543626
2024-04-19 16:00:00,-16.366547299999997,1.2904856499999997,-16.29227,0.0742766395996064
2024-04-19 16:30:00,1.9646703833333328,15.404260466666663,3.347042,1.3823717004069016
2024-04-19 17:00:00,22.3979956,33.92197323333333,21.768703,-0.6292921393066422
2024-04-19 17:30:00,29.605547166666668,35.86293871666667,34.976757,5.371209882893879
2024-04-19 18:00:00,35.9947518,41.661713133333336,44.94401,8.949259888232419
2024-04-19 18:30:00,40.7156005,48.27289151666667,50.21446,9.498857965576171
2024-04-19 19:00:00,44.21540666666667,46.93043981666667,51.064465,6.84905790242513
2024-04-19 19:30:00,45.50869453333333,47.57508233333333,49.000393,3.491698380485026
2024-04-19 20:00:00,39.75357336666666,47.2242523,46.55337,6.799798062776702
2024-04-19 20:30:00,45.00944613333333,48.30430891666666,43.856014,-1.1534318816243427
2024-04-19 21:00:00,44.327562883333336,44.242216033333335,39.74719,-4.580374315218101
2024-04-19 21:30:00,39.1711755,41.44259111666667,37.468624,-1.7025513850097624
2024-04-19 22:00:00,35.51863971666667,43.402007833333336,36.18626,0.6676205067220025
2024-04-19 22:30:00,36.03760998333333,36.593264516666665,35.30151,-0.7361001261555984
2024-04-19 23:00:00,28.8280445,33.76289056666667,34.393337,5.565292749755859
2024-04-19 23:30:00,29.92808385,32.66412625,32.30006,2.3719764222167967
2024-04-20 00:00:00,30.0915676,29.862691166666668,30.750347,0.6587795374511707
2024-04-20 00:30:00,29.85747395,29.481584866666665,28.35667,-1.5008035703613274
2024-04-20 01:00:00,26.64544713333333,28.291255383333333,28.00175,1.356303812711591
2024-04-20 01:30:00,26.683194933333336,28.23757038333333,27.857067,1.1738721748209606
2024-04-20 02:00:00,24.809488883333334,27.80329791666667,25.967052,1.1575635763834633
2024-04-20 02:30:00,25.65225543333333,27.58635191666667,26.047482,0.395226103531904
2024-04-20 03:00:00,24.569631583333333,31.79558726666667,24.059994,-0.5096378394368486
2024-04-20 03:30:00,24.2485454,27.739250433333336,23.759228,-0.48931764731445426
2024-04-20 04:00:00,26.768157116666668,25.40416718333333,25.199734,-1.5684233825358085
2024-04-20 04:30:00,28.255974433333336,26.247354400000003,27.957577,-0.2983976816243512
2024-04-20 05:00:00,29.6615979,26.929752816666667,29.625698,-0.03589981040039092
2024-04-20 05:30:00,31.255084383333337,27.091421083333334,33.571667,2.31658233419596
2024-04-20 06:00:00,32.689459383333336,32.89561163333333,35.50041,2.810948789274086
2024-04-20 06:30:00,33.168586600000005,35.48812105,35.767742,2.599155556982417
2024-04-20 07:00:00,20.904011883333336,28.24354866666667,30.817043,9.913031421110023
2024-04-20 07:30:00,4.313504166666667,11.48982395,16.237347,11.923842482503254
2024-04-20 08:00:00,-3.124862766666667,-8.344149416666667,0.02331163,3.1481743965580624
2024-04-20 08:30:00,-22.049118883333332,-32.82134646666667,-22.19939,-0.15027152804362132
2024-04-20 09:00:00,-68.20715953333332,-60.55801135,-47.017963,21.189196123909497
2024-04-20 09:30:00,-91.38476665,-88.23375723333334,-66.91426,24.47050578574219
2024-04-20 10:00:00,-108.38910886666667,-106.664391,-86.313034,22.076074809049487
2024-04-20 10:30:00,-105.60962065,-116.81738173333332,-105.530655,0.07896574277343404
2024-04-20 11:00:00,-102.27547126666668,-126.64402725,-117.985306,-15.709834519466128
2024-04-20 11:30:00,-141.2777548,-112.66878501666666,-127.080444,14.197310464062497
2024-04-20 12:00:00,-131.9796402,-101.2433707,-128.45956,3.5200759910156307
2024-04-20 12:30:00,-121.12140381666669,-97.32296826666668,-128.87958,-7.758173820052065
2024-04-20 13:00:00,-116.03934386666668,-92.47892335,-121.02541,-4.98606964651691
2024-04-20 13:30:00,-110.43736938333336,-90.36792386666669,-109.67203,0.7653417954427368
2024-04-20 14:00:00,-98.36268936666666,-89.51142778333333,-95.40437,2.958316197721345
2024-04-20 14:30:00,-84.55405063333333,-74.571645,-77.4496,7.10445041360677
2024-04-20 15:00:00,-77.67651826666668,-57.91540715,-57.89223,19.784287279117848
2024-04-20 15:30:00,-55.03582773333333,-38.53615208333333,-35.756107,19.279720403011062
2024-04-20 16:00:00,-30.90641121666667,-16.366547299999997,-13.597507,17.30890373986003
2024-04-20 16:30:00,-10.326380066666667,1.9646703833333328,4.86108,15.187460236344402
2024-04-20 17:00:00,13.564313816666669,22.3979956,23.3083,9.743986201643878
2024-04-20 17:30:00,30.129442316666665,29.605547166666668,37.638424,7.508981603011069
2024-04-20 18:00:00,42.5053689,35.9947518,45.45904,2.953672695458984
2024-04-20 18:30:00,41.89509615,40.7156005,51.12727,9.232173594873046
2024-04-20 19:00:00,45.12882821666667,44.21540666666667,48.676388,3.5475595701985654
2024-04-20 19:30:00,48.462777916666674,45.50869453333333,46.28735,-2.1754282157389397
2024-04-20 20:00:00,52.69416101666667,39.75357336666666,44.829906,-7.864254553043622
2024-04-20 20:30:00,49.80312621666667,45.00944613333333,40.41424,-9.388884425895185
2024-04-20 21:00:00,49.63996598333333,44.327562883333336,38.388805,-11.251160593929036
2024-04-20 21:30:00,47.99121155,39.1711755,36.44195,-11.549259798291018
2024-04-20 22:00:00,43.98483041666666,35.51863971666667,35.91177,-8.073060549723301
2024-04-20 22:30:00,39.96212381666667,36.03760998333333,35.50427,-4.457855170426434
2024-04-20 23:00:00,37.73816945,28.8280445,35.14401,-2.5941608135253915
2024-04-20 23:30:00,31.21320298333333,29.92808385,33.77244,2.5592388806803434
2024-04-21 00:00:00,33.997640600000004,30.0915676,33.74551,-0.2521304986816446
2024-04-21 00:30:00,31.14798685,29.85747395,31.899868,0.7518811614746106
2024-04-21 01:00:00,28.48977905,26.64544713333333,30.434628,1.9448484829589852
2024-04-21 01:30:00,28.4442432,26.683194933333336,29.544125,1.0998814032714854
2024-04-21 02:00:00,31.26140283333333,24.809488883333334,25.670849,-5.590553986897785
2024-04-21 02:30:00,29.84628616666667,25.65225543333333,22.410458,-7.435828555582685
2024-04-21 03:00:00,30.422077666666667,24.569631583333333,20.966595,-9.455482970621745
2024-04-21 03:30:00,31.03487733333333,24.2485454,21.24931,-9.785567793538409
2024-04-21 04:00:00,34.21869216666666,26.768157116666668,23.725445,-10.493247372965492
2024-04-21 04:30:00,30.06520335,28.255974433333336,25.892712,-4.172491710595704
2024-04-21 05:00:00,30.260125066666664,29.6615979,29.012066,-1.2480591792154918
2024-04-21 05:30:00,28.93813045,31.255084383333337,31.517345,2.5792149784667977
2024-04-21 06:00:00,33.19278778333334,32.689459383333336,34.927822,1.7350343297037725
2024-04-21 06:30:00,37.24081626666666,33.168586600000005,33.848354,-3.3924619270670533
2024-04-21 07:00:00,25.930513416666667,20.904011883333336,26.580593,0.6500796924641925
2024-04-21 07:30:00,13.166735033333334,4.313504166666667,12.802334,-0.36440120154622413
2024-04-21 08:00:00,-1.3060400166666657,-3.124862766666667,-4.9084663,-3.6024263224446624
2024-04-21 08:30:00,-25.246754050000003,-22.049118883333332,-26.204914,-0.9581600430175747
2024-04-21 09:00:00,-58.47686041666668,-68.20715953333332,-51.263706,7.213154209391291
2024-04-21 09:30:00,-78.80761893333333,-91.38476665,-72.84535,5.962266760481768
2024-04-21 10:00:00,-90.65750401666666,-108.38910886666667,-92.40396,-1.746457164973961
2024-04-21 10:30:00,-102.7238389,-105.60962065,-108.09721,-5.373374845117183
2024-04-21 11:00:00,-122.62350831666669,-102.27547126666668,-119.28778,3.335727554947937
2024-04-21 11:30:00,-133.91494575000002,-141.2777548,-126.587204,7.327741770507828
2024-04-21 12:00:00,-144.44531911666667,-131.9796402,-129.45956,14.985754907682292
2024-04-21 12:30:00,-147.40520601666665,-121.12140381666669,-128.81271,18.59249239361978
2024-04-21 13:00:00,-147.77745604999998,-116.03934386666668,-121.04606,26.731397395214827
2024-04-21 13:30:00,-141.22733730000002,-110.43736938333336,-110.66158,30.565754353222673
2024-04-21 14:00:00,-125.90627568333332,-98.36268936666666,-97.215195,28.691080981184882
2024-04-21 14:30:00,-113.39098061666668,-84.55405063333333,-80.63461,32.756367579557306
2024-04-21 15:00:00,-97.31348726666666,-77.67651826666668,-62.086094,35.227393364078765
2024-04-21 15:30:00,-68.73434561666666,-55.03582773333333,-40.26981,28.464535893766268
2024-04-21 16:00:00,-35.850346316666666,-30.90641121666667,-18.786518,17.063828219742838
2024-04-21 16:30:00,-1.8682302666666664,-10.326380066666667,0.50097275,2.3692030144694005
2024-04-21 17:00:00,12.931199783333334,13.564313816666669,19.271679,6.340479141227213
2024-04-21 17:30:00,35.84001431666667,30.129442316666665,33.305767,-2.534247257340496
2024-04-21 18:00:00,50.3150538,42.5053689,40.72285,-9.592203000439454
2024-04-21 18:30:00,53.7209683,41.89509615,49.041576,-4.679391914501956
2024-04-21 19:00:00,47.99182378333333,45.12882821666667,48.59753,0.6057065816569036
2024-04-21 19:30:00,46.54908881666666,48.462777916666674,48.0713,1.5222116899251361
2024-04-21 20:00:00,47.38816383333333,52.69416101666667,46.311413,-1.076751022054033
2024-04-21 20:30:00,51.12826585,49.80312621666667,43.23527,-7.892994396142576
2024-04-21 21:00:00,46.043012366666666,49.63996598333333,42.1197,-3.923310981168619
2024-04-21 21:30:00,41.93983601666667,47.99121155,39.129574,-2.8102621946451833
2024-04-21 22:00:00,41.70929503333333,43.98483041666666,39.38177,-2.327523945686849
2024-04-21 22:30:00,37.60664221666666,39.96212381666667,37.660824,0.05418160535482741
2024-04-21 23:00:00,40.7734492,37.73816945,37.136745,-3.6367037471191423
2024-04-21 23:30:00,34.575563499999994,31.21320298333333,33.908306,-0.6672573781738222
2024-04-22 00:00:00,27.303367233333333,33.997640600000004,32.931423,5.6280559539225266
2024-04-22 00:30:00,25.956572366666663,31.14798685,31.41357,5.456998037386072
2024-04-22 01:00:00,31.020000116666665,28.48977905,29.050442,-1.9695583747233059
2024-04-22 01:30:00,29.91920885,28.4442432,27.695004,-2.224205340478516
2024-04-22 02:00:00,31.070167216666665,31.26140283333333,26.85722,-4.212947520621743
2024-04-22 02:30:00,27.1635529,29.84628616666667,25.14233,-2.0212227303222647
2024-04-22 03:00:00,28.1216715,30.422077666666667,24.68568,-3.4359911105957046
2024-04-22 03:30:00,30.8268376,31.03487733333333,25.668118,-5.158720076806642
2024-04-22 04:00:00,28.72464463333333,34.21869216666666,25.68095,-3.0436944685384084
2024-04-22 04:30:00,27.517613383333337,30.06520335,28.2514,0.733786610563147
2024-04-22 05:00:00,27.97549955,30.260125066666664,30.522228,2.5467286909667983
2024-04-22 05:30:00,31.2099248,28.93813045,33.45831,2.248384373583985
2024-04-22 06:00:00,35.77905593333333,33.19278778333334,34.32826,-1.4507974189290351
2024-04-22 06:30:00,41.51433661666667,37.24081626666666,32.71101,-8.803326637418621
2024-04-22 07:00:00,32.568994866666664,25.930513416666667,25.334347,-7.234648095426429
2024-04-22 07:30:00,23.69190773333333,13.166735033333334,12.271008,-11.420900195491534
2024-04-22 08:00:00,1.3943972666666664,-1.3060400166666657,-7.4384804,-8.832877643863933
2024-04-22 08:30:00,-23.3665273,-25.246754050000003,-29.33913,-5.972603101611327
2024-04-22 09:00:00,-63.278450283333335,-58.47686041666668,-55.160847,8.117603573128257
2024-04-22 09:30:00,-94.93189066666666,-78.80761893333333,-76.54358,18.38831156510416
2024-04-22 10:00:00,-126.70233045,-90.65750401666666,-94.41451,32.28781781572266
2024-04-22 10:30:00,-145.01012338333334,-102.7238389,-107.265205,37.744918000032555
2024-04-22 11:00:00,-154.90207981666666,-122.62350831666669,-119.79919,35.10289311012369
2024-04-22 11:30:00,-163.6867084,-133.91494575000002,-127.909744,35.776964137304674
2024-04-22 12:00:00,-170.08241221666665,-144.44531911666667,-130.99475,39.087661240104154
2024-04-22 12:30:00,-171.69696105,-147.40520601666665,-130.15698,41.539978628125
2024-04-22 13:00:00,-170.64868421666668,-147.77745604999998,-125.46327,45.18541212194012
2024-04-22 13:30:00,-158.0013627666667,-141.22733730000002,-116.399826,41.601536716862
2024-04-22 14:00:00,-144.09766333333334,-125.90627568333332,-104.595024,39.502639224446625
2024-04-22 14:30:00,-121.7084407,-113.39098061666668,-89.406975,32.30146590751953
2024-04-22 15:00:00,-89.39412168333332,-97.31348726666666,-70.1566,19.237520731184887
2024-04-22 15:30:00,-62.03637545,-68.73434561666666,-49.544285,12.49209062944336
2024-04-22 16:00:00,-25.53105838333333,-35.850346316666666,-24.538013,0.993044925081378
2024-04-22 16:30:00,1.6422320000000006,-1.8682302666666664,-4.2164803,-5.858712255126954
2024-04-22 17:00:00,25.728616783333333,12.931199783333334,13.471951,-12.256666252327474
2024-04-22 17:30:00,39.31120726666667,35.84001431666667,27.519314,-11.791893454410811
2024-04-22 18:00:00,43.9795014,50.3150538,38.827602,-5.151899013525387
2024-04-22 18:30:00,47.99418286666667,53.7209683,45.31834,-2.6758425651529976
2024-04-22 19:00:00,47.7768139,47.99182378333333,49.227993,1.4511791114746089
2024-04-22 19:30:00,46.01078176666667,46.54908881666666,50.538784,4.528002260432942
2024-04-22 20:00:00,42.638239383333335,47.38816383333333,49.40127,6.763032436735024
2024-04-22 20:30:00,43.59682086666667,51.12826585,46.5041,2.9072799328938785
2024-04-22 21:00:00,44.38807284999999,46.043012366666666,42.85861,-1.5294646041503839
2024-04-22 21:30:00,43.87028083333333,41.93983601666667,39.92483,-3.945449442952473
2024-04-22 22:00:00,38.96066648333333,41.70929503333333,40.671215,1.71054857403972
2024-04-22 22:30:00,29.64976198333333,37.60664221666666,39.82626,10.176497629703778
2024-04-22 23:00:00,34.334987283333334,40.7734492,35.47105,1.1360629791178383
2024-04-22 23:30:00,34.78996398333333,34.575563499999994,33.30731,-1.4826557863118452
2024-04-23 00:00:00,34.62092283333333,27.303367233333333,30.136745,-4.484177380452472
2024-04-23 00:30:00,34.88659723333333,25.956572366666663,28.180935,-6.705662327327474
2024-04-23 01:00:00,30.86254841666667,31.020000116666665,28.131649,-2.730899399332685
2024-04-23 01:30:00,30.501314283333333,29.91920885,26.47337,-4.027944684944661
2024-04-23 02:00:00,27.40036003333333,31.070167216666665,25.235912,-2.164447710335285
2024-04-23 02:30:00,27.04515831666667,27.1635529,26.178082,-0.8670768042154968
2024-04-23 03:00:00,26.5277484,28.1216715,25.039196,-1.4885523855957032
2024-04-23 03:30:00,26.93789028333333,30.8268376,26.301418,-0.636471978889972
2024-04-23 04:00:00,27.0258128,28.72464463333333,27.78732,0.7615063833496087
2024-04-23 04:30:00,26.188478316666664,27.517613383333337,30.136883,3.9484044653157575
2024-04-23 05:00:00,29.6649194,27.97549955,31.009335,1.3444151642089857
2024-04-23 05:30:00,27.803864466666667,31.2099248,34.817043,7.013178837776692
2024-04-23 06:00:00,32.100486133333334,35.77905593333333,35.143093,3.0426069757975256
2024-04-23 06:30:00,36.92643783333333,41.51433661666667,33.15994,-3.766499021077472
2024-04-23 07:00:00,30.943452716666663,32.568994866666664,24.669369,-6.274083972770178
2024-04-23 07:30:00,20.2808251,23.69190773333333,10.248257,-10.032568416650392
2024-04-23 08:00:00,-3.14940115,1.3943972666666664,-7.78928,-4.6398787877441405
2024-04-23 08:30:00,-32.1882031,-23.3665273,-29.995548,2.192654851708987
2024-04-23 09:00:00,-53.97976005,-63.278450283333335,-55.41776,-1.4379988916503876
2024-04-23 09:30:00,-81.25634601666667,-94.93189066666666,-77.49385,3.762495308658856
2024-04-23 10:00:00,-116.12297435,-126.70233045,-97.21703,18.905940963769538
2024-04-23 10:30:00,-131.93856551666667,-145.01012338333334,-115.046906,16.891659999088546
2024-04-23 11:00:00,-143.7659301,-154.90207981666666,-128.87387,14.892059250390616
2024-04-23 11:30:00,-142.33554155,-163.6867084,-136.04362,6.2919166720703
2024-04-23 12:00:00,-139.80959275,-170.08241221666665,-139.17307,0.6365275644531323
2024-04-23 12:30:00,-147.35120948333335,-171.69696105,-137.88982,9.461393199153662
2024-04-23 13:00:00,-141.54997175,-170.64868421666668,-133.73395,7.816023996093747
2024-04-23 13:30:00,-136.13441906666665,-158.0013627666667,-122.85187,13.282551390885402
2024-04-23 14:00:00,-122.95476771666668,-144.09766333333334,-109.812454,13.142313493033868
2024-04-23 14:30:00,-90.95260696666666,-121.7084407,-96.467896,-5.515288541145836
2024-04-23 15:00:00,-62.698328833333335,-89.39412168333332,-75.85109,-13.152760644205728
2024-04-23 15:30:00,-27.44424288333333,-62.03637545,-55.077732,-27.63348920284831
2024-04-23 16:00:00,6.097695050000001,-25.53105838333333,-32.5405,-38.63819569086914
2024-04-23 16:30:00,20.163471633333334,1.6422320000000006,-10.63834,-30.801811629671224
2024-04-23 17:00:00,37.323112216666665,25.728616783333333,9.920116,-27.40299579210612
2024-04-23 17:30:00,43.39864775,39.31120726666667,26.953808,-16.444839919189455
2024-04-23 18:00:00,54.90463198333333,43.9795014,40.493755,-14.41087664275716
2024-04-23 18:30:00,51.548835283333325,47.99418286666667,48.268826,-3.280009752327466
2024-04-23 19:00:00,50.47179896666666,47.7768139,50.924267,0.4524678485188858
2024-04-23 19:30:00,43.88986771666666,46.01078176666667,51.84289,7.953023976448577
2024-04-23 20:00:00,48.81473256666667,42.638239383333335,50.931255,2.1165227739095016
2024-04-23 20:30:00,42.52867205,43.59682086666667,46.150402,3.6217300190917996
2024-04-23 21:00:00,38.51874555,44.38807284999999,41.032513,2.5137671147949234
2024-04-23 21:30:00,36.2794061,43.87028083333333,39.14816,2.8687529270996066
2024-04-23 22:00:00,36.1648051,38.96066648333333,37.190624,1.0258191370605445
2024-04-23 22:30:00,34.28396166666666,29.64976198333333,35.92683,1.642868625081384
2024-04-23 23:00:00,36.08974843333333,34.334987283333334,33.073788,-3.0159607441243423
2024-04-23 23:30:00,35.14232448333333,34.78996398333333,32.921627,-2.2206974386555984
2024-04-24 00:00:00,32.13512108333333,34.62092283333333,32.40524,0.2701180218912782
2024-04-24 00:30:00,27.433454933333334,34.88659723333333,29.626812,2.1933570478678384
2024-04-24 01:00:00,26.80266496666667,30.86254841666667,30.168606,3.365940837776691
2024-04-24 01:30:00,26.239686733333333,30.501314283333333,29.501492,3.261804813297527
2024-04-24 02:00:00,27.54867988333333,27.40036003333333,28.177547,0.6288675715006526
2024-04-24 02:30:00,25.586259916666663,27.04515831666667,28.31297,2.726709291097009
2024-04-24 03:00:00,24.733452716666665,26.5277484,28.173306,3.439852794807944
2024-04-24 03:30:00,25.440722883333333,26.93789028333333,28.253185,2.812462388883464
2024-04-24 04:00:00,30.898886033333337,27.0258128,29.25935,-1.6395362103352902
2024-04-24 04:30:00,29.27441998333333,26.188478316666664,27.892742,-1.3816778263509093
2024-04-24 05:00:00,27.75520606666667,29.6649194,29.418682,1.663476031722002
2024-04-24 05:30:00,26.40868946666667,27.803864466666667,31.520687,5.111997636604816
2024-04-24 06:00:00,31.55255225,32.100486133333334,32.24966,0.6971082419433579
2024-04-24 06:30:00,34.690011733333336,36.92643783333333,29.181622,-5.508390181819664
2024-04-24 07:00:00,27.3511666,30.943452716666663,21.01434,-6.336827152978515
2024-04-24 07:30:00,18.639636866666667,20.2808251,7.2963066,-11.343330256559245
2024-04-24 08:00:00,1.903655516666667,-3.14940115,-10.040699,-11.94435452179362
2024-04-24 08:30:00,-17.272591799999997,-32.1882031,-33.3196,-16.04700735161133
2024-04-24 09:00:00,-42.28433735,-53.97976005,-56.896076,-14.611738852392577
2024-04-24 09:30:00,-67.79293666666666,-81.25634601666667,-78.46418,-10.671243326009119
2024-04-24 10:00:00,-101.12385281666668,-116.12297435,-98.63316,2.4906893645182464
2024-04-24 10:30:00,-101.34875225,-131.93856551666667,-116.61647,-15.267718086914059
2024-04-24 11:00:00,-117.0138516,-143.7659301,-131.53154,-14.517688316992192
2024-04-24 11:30:00,-124.93319953333332,-142.33554155,-137.39302,-12.45982109654949
2024-04-24 12:00:00,-112.03624201666666,-139.80959275,-141.3607,-29.324460497981775
2024-04-24 12:30:00,-107.44898606666668,-147.35120948333335,-138.80603,-31.357044206770823
2024-04-24 13:00:00,-98.3493317,-141.54997175,-133.2575,-34.90817562421876
2024-04-24 13:30:00,-104.54228223333332,-136.13441906666665,-123.472176,-18.929893364811207
2024-04-24 14:00:00,-83.77055213333334,-122.95476771666668,-111.51163,-27.741075063932286
2024-04-24 14:30:00,-68.89753069999999,-90.95260696666666,-94.76898,-25.87145123359376
2024-04-24 15:00:00,-52.0238506,-62.698328833333335,-73.74023,-21.716376145605466
2024-04-24 15:30:00,-24.236660683333337,-27.44424288333333,-49.411594,-25.174933707535804
2024-04-24 16:00:00,-12.0619091,6.097695050000001,-24.881962,-12.820052722509766
2024-04-24 16:30:00,16.504036216666666,20.163471633333334,-3.4580421,-19.962078361442057
2024-04-24 17:00:00,31.904550633333333,37.323112216666665,16.83662,-15.067930302522786
2024-04-24 17:30:00,39.7326648,43.39864775,33.111813,-6.620852208447268
2024-04-24 18:00:00,46.42455566666666,54.90463198333333,44.23437,-2.1901844813639286
2024-04-24 18:30:00,50.256548333333335,51.548835283333325,50.620983,0.36443479044596216
2024-04-24 19:00:00,56.598332733333336,50.47179896666666,52.125225,-4.4731076661946645
2024-04-24 19:30:00,57.67599883333333,43.88986771666666,51.950848,-5.725151207600909
2024-04-24 20:00:00,49.76348398333334,48.81473256666667,49.14175,-0.621733647639978
2024-04-24 20:30:00,48.1258077,42.52867205,45.09387,-3.0319394443847685
2024-04-24 21:00:00,41.67293005,38.51874555,43.35342,1.6804902075683614
2024-04-24 21:30:00,40.3328605,36.2794061,38.19047,-2.1423888508300806
2024-04-24 22:00:00,36.44555088333333,36.1648051,35.661144,-0.7844066267415357
2024-04-24 22:30:00,30.6341438,34.28396166666666,34.09257,3.4584274585449215
2024-04-24 23:00:00,35.0805425,36.08974843333333,32.394497,-2.6860455822753906
2024-04-24 23:30:00,38.1482606,35.14232448333333,31.568233,-6.580027110009766
2024-04-25 00:00:00,34.1091027,32.13512108333333,32.339825,-1.7692780234863292
2024-04-25 00:30:00,29.597281116666665,27.433454933333334,32.23144,2.63416038113607
2024-04-25 01:00:00,25.575916566666667,26.80266496666667,30.933132,5.357215604964193
2024-04-25 01:30:00,22.84534753333333,26.239686733333333,30.282192,7.436844696891278
2024-04-25 02:00:00,24.68107495,27.54867988333333,29.899975,5.218899872998048
2024-04-25 02:30:00,21.518355916666668,25.586259916666663,28.050655,6.532299448323567
2024-04-25 03:00:00,20.96810598333333,24.733452716666665,26.944454,5.976348209781904
2024-04-25 03:30:00,23.842621566666665,25.440722883333333,28.317913,4.475291488753257
2024-04-25 04:00:00,22.35754675,30.898886033333337,27.808315,5.4507685270996085
2024-04-25 04:30:00,23.3150106,29.27441998333333,28.444332,5.129321522802734
2024-04-25 05:00:00,22.57002603333333,27.75520606666667,29.562496,6.992470151969403
2024-04-25 05:30:00,24.0920737,26.40868946666667,31.926067,7.833993652294922
2024-04-25 06:00:00,31.995159966666662,31.55255225,35.155407,3.1602469852376345
2024-04-25 06:30:00,33.82408023333333,34.690011733333336,31.160763,-2.663317446468099
2024-04-25 07:00:00,28.46444786666667,27.3511666,22.0695,-6.394947897184249
2024-04-25 07:30:00,10.574201616666668,18.639636866666667,9.243084,-1.3311176628092465
2024-04-25 08:00:00,3.32132385,1.903655516666667,-12.29723,-15.618553616845704
2024-04-25 08:30:00,-18.1403555,-17.272591799999997,-33.577106,-15.43675097583008
2024-04-25 09:00:00,-55.55841006666666,-42.28433735,-55.509647,0.04876269728189442
2024-04-25 09:30:00,-76.62913616666667,-67.79293666666666,-75.89248,0.7366572237955751
2024-04-25 10:00:00,-100.13625876666669,-101.12385281666668,-95.69034,4.4459206319010605
2024-04-25 10:30:00,-113.15529511666666,-101.34875225,-111.22383,1.931463939908852
2024-04-25 11:00:00,-114.25057063333333,-117.0138516,-123.51172,-9.261148116666675
2024-04-25 11:30:00,-125.1319032,-124.93319953333332,-130.10585,-4.973947019726566
2024-04-25 12:00:00,-133.97513286666666,-112.03624201666666,-133.75412,0.22101299361978022
2024-04-25 12:30:00,-130.16892231666665,-107.44898606666668,-130.70029,-0.5313645485677227
2024-04-25 13:00:00,-121.55705485,-98.3493317,-124.87293,-3.315877584082031
2024-04-25 13:30:00,-121.00200986666668,-104.54228223333332,-113.487656,7.514354227018245
2024-04-25 14:00:00,-98.05154611666669,-83.77055213333334,-98.67862,-0.6270732680989397
2024-04-25 14:30:00,-77.27702146666667,-68.89753069999999,-81.74498,-4.46795839173177
2024-04-25 15:00:00,-58.10515775,-52.0238506,-61.52712,-3.4219609328613316
2024-04-25 15:30:00,-38.507692866666666,-24.236660683333337,-41.620884,-3.1131910749837246
2024-04-25 16:00:00,-6.246075483333333,-12.0619091,-18.85004,-12.603964952457684
2024-04-25 16:30:00,-0.4653271500000002,16.504036216666666,2.3885002,2.853827363623047
2024-04-25 17:00:00,17.741148966666668,31.904550633333333,20.485912,2.7447633563313794
2024-04-25 17:30:00,31.06318838333333,39.7326648,35.93324,4.870050599820967
2024-04-25 18:00:00,40.444856316666666,46.42455566666666,46.0554,5.610544531722006
2024-04-25 18:30:00,47.60942983333333,50.256548333333335,50.939236,3.3298058539225295
2024-04-25 19:00:00,45.82876785,56.598332733333336,52.230618,6.401849673193361
2024-04-25 19:30:00,44.79993,57.67599883333333,50.41171,5.611778831787106
2024-04-25 20:00:00,45.5604416,49.76348398333334,46.376003,0.8155616653808622
2024-04-25 20:30:00,41.4485638,48.1258077,44.978786,3.530222668505857
2024-04-25 21:00:00,48.35458668333333,41.67293005,41.48921,-6.865378461897784
2024-04-25 21:30:00,44.78014386666666,40.3328605,38.81666,-5.963482031949866
2024-04-25 22:00:00,43.19185793333333,36.44555088333333,35.96655,-7.225309013655597
2024-04-25 22:30:00,31.59392571666667,30.6341438,33.38557,1.7916448094563755
2024-04-25 23:00:00,35.189802050000004,35.0805425,33.145306,-2.0444964164550825
2024-04-25 23:30:00,32.12072618333333,38.1482606,31.882397,-0.23832948533528509
2024-04-26 00:00:00,31.32737578333333,34.1091027,31.898602,0.5712257486490913
2024-04-26 00:30:00,29.568311966666663,29.597281116666665,32.921352,3.3530404198079466
2024-04-26 01:00:00,27.483213816666662,25.575916566666667,31.917614,4.4344001664876345
2024-04-26 01:30:00,25.355527233333333,22.84534753333333,30.356197,5.000670123844401
2024-04-26 02:00:00,23.580310616666665,24.68107495,29.157604,5.577293600862632
2024-04-26 02:30:00,27.246573866666665,21.518355916666668,25.881649,-1.3649248493326809
2024-04-26 03:00:00,26.8231035,20.96810598333333,24.88612,-1.9369836574707016
2024-04-26 03:30:00,27.585088183333337,23.842621566666665,25.236614,-2.348473956038415
2024-04-26 04:00:00,27.16907895,22.35754675,25.611141,-1.557937745166015
2024-04-26 04:30:00,28.23705215,23.3150106,28.442257,0.20520477749023414
2024-04-26 05:00:00,31.247389416666664,22.57002603333333,30.966732,-0.28065739152017954
2024-04-26 05:30:00,29.588190416666663,24.0920737,33.884853,4.296662946370446
2024-04-26 06:00:00,38.7411317,31.995159966666662,34.232037,-4.509095109423825
2024-04-26 06:30:00,40.7753471,33.82408023333333,31.788982,-8.986364708642576
2024-04-26 07:00:00,31.08810048333333,28.46444786666667,26.228008,-4.8600922130696596
2024-04-26 07:30:00,20.250516666666663,10.574201616666668,13.291515,-6.959001316324866
2024-04-26 08:00:00,8.782083833333331,3.32132385,-5.191883,-13.973966920491534
2024-04-26 08:30:00,-8.489901783333334,-18.1403555,-27.636936,-19.147034404410807
2024-04-26 09:00:00,-36.02973451666667,-55.55841006666666,-52.87479,-16.84505567498372
2024-04-26 09:30:00,-60.421273283333335,-76.62913616666667,-72.06657,-11.645293183951821
2024-04-26 10:00:00,-79.97564446666667,-100.13625876666669,-92.5821,-12.606455447884116
2024-04-26 10:30:00,-88.89076563333333,-113.15529511666666,-108.90441,-20.013645682584638
2024-04-26 11:00:00,-99.43928086666666,-114.25057063333333,-121.43869,-21.99940931888021
2024-04-26 11:30:00,-115.91240936666668,-125.1319032,-128.70816,-12.795751033723946
2024-04-26 12:00:00,-110.661886,-133.97513286666666,-132.11707,-21.455179429687504
2024-04-26 12:30:00,-119.80870333333333,-130.16892231666665,-129.1276,-9.318890660807298
2024-04-26 13:00:00,-116.57186948333332,-121.55705485,-121.54191,-4.97003878082684
2024-04-26 13:30:00,-105.06684553333332,-121.00200986666668,-110.070175,-5.003329637565116
2024-04-26 14:00:00,-93.4597879,-98.05154611666669,-96.1279,-2.66811126992188
2024-04-26 14:30:00,-72.79867660000001,-77.27702146666667,-78.9892,-6.190520177343743
2024-04-26 15:00:00,-59.57750551666666,-58.10515775,-59.785343,-0.2078376534993538
2024-04-26 15:30:00,-33.57260205,-38.507692866666666,-39.104725,-5.532122834033203
2024-04-26 16:00:00,-4.257690066666666,-6.246075483333333,-16.645405,-12.387714749007163
2024-04-26 16:30:00,13.220868916666667,-0.4653271500000002,3.0897331,-10.13113579288737
2024-04-26 17:00:00,31.868990516666667,17.741148966666668,21.939678,-9.929312324527995
2024-04-26 17:30:00,42.139805816666666,31.06318838333333,35.875347,-6.264458679215494
2024-04-26 18:00:00,46.68206841666666,40.444856316666666,45.254696,-1.4273725243326751
2024-04-26 18:30:00,45.80865493333334,47.60942983333333,49.799664,3.9910086103678353
2024-04-26 19:00:00,47.113300216666666,45.82876785,51.403423,4.290123092659506
2024-04-26 19:30:00,48.77421171666666,44.79993,49.97859,1.2043763875813838
2024-04-26 20:00:00,46.870027,45.5604416,47.165554,0.29552704663085905
2024-04-26 20:30:00,48.5056545,41.4485638,43.23437,-5.271283314697264
2024-04-26 21:00:00,38.463445,48.35458668333333,40.334972,1.8715273815917968
2024-04-26 21:30:00,35.62577891666667,44.78014386666666,38.979458,3.353678938557941
2024-04-26 22:00:00,32.74698276666667,43.19185793333333,36.905117,4.1581342682454405
2024-04-26 22:30:00,35.811453766666666,31.59392571666667,35.53703,-0.2744245003092445
2024-04-26 23:00:00,39.61876401666667,35.189802050000004,34.47566,-5.14310559991862
2024-04-26 23:30:00,40.190180016666666,32.12072618333333,33.310757,-6.879423333317057
2024-04-27 00:00:00,31.928839383333337,31.32737578333333,32.676174,0.7473347804850228
2024-04-27 00:30:00,29.9431549,29.568311966666663,30.738491,0.7953361583496097
2024-04-27 01:00:00,27.966878966666663,27.483213816666662,28.870647,0.9037684637532593
2024-04-27 01:30:00,28.717824966666665,25.355527233333333,26.238323,-2.4795017549967433
2024-04-27 02:00:00,26.926866166666667,23.580310616666665,25.031551,-1.8953148055826823
2024-04-27 02:30:00,25.5187945,27.246573866666665,24.657818,-0.8609766594238266
2024-04-27 03:00:00,22.852366616666668,26.8231035,24.081951,1.229584524690754
2024-04-27 03:30:00,23.91785606666667,27.585088183333337,23.705791,-0.2120645932779972
2024-04-27 04:00:00,25.640366516666663,27.16907895,25.846264,0.20589736883138343
2024-04-27 04:30:00,24.372676166666665,28.23705215,28.794827,4.422150340901695
2024-04-27 05:00:00,29.14012335,31.247389416666664,30.289059,1.1489353353027347
2024-04-27 05:30:00,29.496301083333336,29.588190416666663,34.494152,4.997850985758461
2024-04-27 06:00:00,32.8132742,38.7411317,36.856106,4.042831604443357
2024-04-27 06:30:00,39.95472835,40.7753471,34.466427,-5.488301500634769
2024-04-27 07:00:00,28.74257658333333,31.08810048333333,28.905483,0.16290666251627783
2024-04-27 07:30:00,17.795551066666665,20.250516666666663,14.366848,-3.4287030747233054
2024-04-27 08:00:00,11.01198725,8.782083833333331,-2.9073982,-13.919385473876954
2024-04-27 08:30:00,-25.19707608333333,-8.489901783333334,-24.699741,0.4973347198079381
2024-04-27 09:00:00,-72.19606156666667,-36.02973451666667,-48.983997,23.212064221695968
2024-04-27 09:30:00,-92.00038006666666,-60.421273283333335,-69.44974,22.55064251783854
2024-04-27 10:00:00,-118.06873421666668,-79.97564446666667,-88.85174,29.216996240592465
2024-04-27 10:30:00,-139.67676509999998,-88.89076563333333,-103.73224,35.94452633046873
2024-04-27 11:00:00,-152.23508791666666,-99.43928086666666,-116.294395,35.94069246988931
2024-04-27 11:30:00,-152.07225396666666,-115.91240936666668,-122.80356,29.26869561705729
2024-04-27 12:00:00,-146.61526283333333,-110.661886,-126.32712,20.288144913411458
2024-04-27 12:30:00,-155.8832248666667,-119.80870333333333,-126.6885,29.1947254159831
2024-04-27 13:00:00,-145.1770106,-116.57186948333332,-121.24628,23.93073374453124
2024-04-27 13:30:00,-131.7479194,-105.06684553333332,-111.16436,20.583559353613282
2024-04-27 14:00:00,-104.8090179,-93.4597879,-97.98444,6.824574235449219
2024-04-27 14:30:00,-87.59253761666666,-72.79867660000001,-80.03883,7.553703998502598
2024-04-27 15:00:00,-67.62710985,-59.57750551666666,-58.53049,9.096618974755856
2024-04-27 15:30:00,-45.25646895,-33.57260205,-38.010136,7.246333299365233
2024-04-27 16:00:00,-14.403045416666666,-4.257690066666666,-15.084736,-0.681690453694662
2024-04-27 16:30:00,5.692534533333333,13.220868916666667,6.782345,1.0898102847819011
2024-04-27 17:00:00,25.177594416666665,31.868990516666667,24.87399,-0.3036053114420554
2024-04-27 17:30:00,42.229258300000005,42.139805816666666,38.872494,-3.3567645561035206
2024-04-27 18:00:00,51.94751111666667,46.68206841666666,47.639935,-4.307576576871746
2024-04-27 18:30:00,52.65502615,45.80865493333334,52.164974,-0.49005193735351327
2024-04-27 19:00:00,49.47178496666667,47.113300216666666,50.66934,1.1975532596516913
2024-04-27 19:30:00,46.187088933333335,48.77421171666666,51.964306,5.777216944352212
2024-04-27 20:00:00,45.67119183333333,46.870027,48.768963,3.0977710267740903
2024-04-27 20:30:00,54.593000116666666,48.5056545,43.674053,-10.918946924527994
2024-04-27 21:00:00,50.92256645,38.463445,40.70091,-10.221657789111326
2024-04-27 21:30:00,47.72473606666667,35.62577891666667,37.43649,-10.288246961442063
2024-04-27 22:00:00,42.902520083333336,32.74698276666667,37.35998,-5.542538546468101
2024-04-27 22:30:00,38.97245998333333,35.811453766666666,37.57934,-1.3931180949055957
2024-04-27 23:00:00,35.379212816666666,39.61876401666667,36.141552,0.7623391547688811
2024-04-27 23:30:00,35.48138598333333,40.190180016666666,34.26701,-1.2143762482259106
2024-04-28 00:00:00,34.43964596666667,31.928839383333337,32.83389,-1.6057569590983078
2024-04-28 00:30:00,28.78285265,29.9431549,30.6358,1.8529467579589856
2024-04-28 01:00:00,28.016787766666667,27.966878966666663,30.106548,2.089760542659505
2024-04-28 01:30:00,25.027036116666665,28.717824966666665,28.044018,3.0169816750813823
2024-04-28 02:00:00,27.669953216666663,26.926866166666667,24.984463,-2.6854904786295535
2024-04-28 02:30:00,27.22710998333333,25.5187945,25.091137,-2.135973050960285
2024-04-28 03:00:00,30.619900583333333,22.852366616666668,25.145107,-5.474793314046224
2024-04-28 03:30:00,29.053100083333334,23.91785606666667,25.280514,-3.7725863199055993
2024-04-28 04:00:00,29.587705100000004,25.640366516666663,26.966183,-2.62152239125977
2024-04-28 04:30:00,29.886048216666666,24.372676166666665,29.520016,-0.3660325001139313
2024-04-28 05:00:00,31.138513433333333,29.14012335,31.058315,-0.08019815623372395
2024-04-28 05:30:00,29.026890416666664,29.496301083333336,36.051662,7.024772028401696
2024-04-28 06:00:00,34.06287713333334,32.8132742,39.09837,5.035492465055334
2024-04-28 06:30:00,36.7611922,39.95472835,35.14059,-1.6206015322753942
2024-04-28 07:00:00,26.969846216666667,28.74257658333333,28.449535,1.4796891532063796
2024-04-28 07:30:00,16.784686683333334,17.795551066666665,18.46481,1.6801227343912757
2024-04-28 08:00:00,-0.0683172666666658,11.01198725,0.8752098,0.9435270750162752
2024-04-28 08:30:00,-13.859848233333333,-25.19707608333333,-20.449268,-6.5894201077311205
2024-04-28 09:00:00,-45.86773653333333,-72.19606156666667,-48.39359,-2.525852486442062
2024-04-28 09:30:00,-73.23444438333333,-92.00038006666666,-69.20662,4.027825120638013
2024-04-28 10:00:00,-106.71680513333332,-118.06873421666668,-90.038895,16.67791048001301
2024-04-28 10:30:00,-117.52278231666666,-139.67676509999998,-110.05037,7.472413053971351
2024-04-28 11:00:00,-145.94457463333333,-152.23508791666666,-124.865005,21.07956914016927
2024-04-28 11:30:00,-151.24298065,-152.07225396666666,-133.92448,17.318496397070305
2024-04-28 12:00:00,-161.51892393333333,-146.61526283333333,-138.7703,22.7486297438802
2024-04-28 12:30:00,-158.75167401666667,-155.8832248666667,-137.87015,20.881526311588544
2024-04-28 13:00:00,-153.07517901666668,-145.1770106,-133.61725,19.45793048151043
2024-04-28 13:30:00,-141.54417833333335,-131.7479194,-121.96938,19.574795093587255
2024-04-28 14:00:00,-121.79447045,-104.8090179,-106.523346,15.27112450273438
2024-04-28 14:30:00,-101.0253375,-87.59253761666666,-88.334,12.691337866210944
2024-04-28 15:00:00,-71.80903766666667,-67.62710985,-66.2475,5.5615401080729185
2024-04-28 15:30:00,-40.16909618333333,-45.25646895,-42.94945,-2.7803552631998727
2024-04-28 16:00:00,-10.948813166666666,-14.403045416666666,-18.455585,-7.506772313069662
2024-04-28 16:30:00,17.6935495,5.692534533333333,2.1777916,-15.515757904541015
2024-04-28 17:00:00,36.08549046666667,25.177594416666665,21.687954,-14.39753651769206
2024-04-28 17:30:00,43.41866846666667,42.229258300000005,36.65286,-6.765809732535807
2024-04-28 18:00:00,46.58060496666667,51.94751111666667,46.875317,0.2947116532063774
2024-04-28 18:30:00,50.70062618333333,52.65502615,53.547314,2.84668750685222
2024-04-28 19:00:00,46.638338866666665,49.47178496666667,54.96452,8.326180634065757
2024-04-28 19:30:00,46.881433,46.187088933333335,53.4508,6.569368849365233
2024-04-28 20:00:00,44.98902228333333,45.67119183333333,50.35963,5.37060830138347
2024-04-28 20:30:00,45.2386046,54.593000116666666,47.00149,1.7628869466308572
2024-04-28 21:00:00,45.71615551666667,50.92256645,41.55601,-4.1601443167154954
2024-04-28 21:30:00,39.8992117,47.72473606666667,38.114117,-1.7850950312988303
2024-04-28 22:00:00,34.30624055,42.902520083333336,36.265194,1.958953389208986
2024-04-28 22:30:00,34.5656234,38.97245998333333,36.354977,1.7893532540527346
2024-04-28 23:00:00,34.35204945,35.379212816666666,35.95265,1.6005987128417942
2024-04-28 23:30:00,34.4321862,35.48138598333333,34.340206,-0.09198005375976237
2024-04-29 00:00:00,31.0401832,34.43964596666667,35.025097,3.9849136933105456
2024-04-29 00:30:00,27.83505375,28.78285265,32.3269,4.491846732177734
2024-04-29 01:00:00,28.00487653333333,28.016787766666667,30.278027,2.273150047477216
2024-04-29 01:30:00,24.77564721666667,25.027036116666665,30.576397,5.800749725472002
2024-04-29 02:00:00,24.84203508333333,27.669953216666663,28.645977,3.803941936930343
2024-04-29 02:30:00,25.346063883333333,27.22710998333333,27.080563,1.7344987082194017
2024-04-29 03:00:00,27.239793366666664,30.619900583333333,25.92059,-1.3192039196451795
2024-04-29 03:30:00,28.738086116666665,29.053100083333334,24.928417,-3.809668910856118
2024-04-29 04:00:00,29.355707866666663,29.587705100000004,26.263653,-3.092055065152991
2024-04-29 04:30:00,29.983862766666665,29.886048216666666,28.005001,-1.9788616985514302
2024-04-29 05:00:00,29.7196446,31.138513433333333,29.73875,0.01910585776367313
2024-04-29 05:30:00,31.01214726666667,29.026890416666664,35.135006,4.122858684261065
2024-04-29 06:00:00,32.5015965,34.06287713333334,37.718,5.216402004638674
2024-04-29 06:30:00,43.90792568333333,36.7611922,34.914715,-8.99321087010091
2024-04-29 07:00:00,32.87417741666667,26.969846216666667,28.434048,-4.440129717692059
2024-04-29 07:30:00,26.719486766666662,16.784686683333334,16.131908,-10.587578349918616
2024-04-29 08:00:00,14.709088333333334,-0.0683172666666658,-0.8676033,-15.576691635335287
2024-04-29 08:30:00,-1.951517783333332,-13.859848233333333,-22.183872,-20.232354439567057
2024-04-29 09:00:00,-17.854599966666665,-45.86773653333333,-47.14838,-29.29378031287435
2024-04-29 09:30:00,-41.14389946666667,-73.23444438333333,-71.44847,-30.30457160266927
2024-04-29 10:00:00,-55.82322735,-106.71680513333332,-93.40794,-37.584716375585934
2024-04-29 10:30:00,-75.30551126666667,-117.52278231666666,-111.98637,-36.680855005305986
2024-04-29 11:00:00,-84.92204766666667,-145.94457463333333,-129.41751,-44.495463319661454
2024-04-29 11:30:00,-90.24982223333332,-151.24298065,-139.86285,-49.61303177057293
2024-04-29 12:00:00,-93.94232345,-161.51892393333333,-144.77786,-50.83553909882812
2024-04-29 12:30:00,-79.90358898333334,-158.75167401666667,-144.30637,-64.40277698346354
2024-04-29 13:00:00,-81.87741435,-153.07517901666668,-137.64246,-55.765041704687505
2024-04-29 13:30:00,-77.36503996666667,-141.54417833333335,-123.670265,-46.305225231087235
2024-04-29 14:00:00,-72.6852913,-121.79447045,-108.76004,-36.07474898320312
2024-04-29 14:30:00,-60.11184455,-101.0253375,-89.863106,-29.75126122392578
2024-04-29 15:00:00,-34.771783316666664,-71.80903766666667,-65.69113,-30.91934827513021
2024-04-29 15:30:00,-12.334230566666667,-40.16909618333333,-42.407093,-30.072862481429034
2024-04-29 16:00:00,1.1639335833333335,-10.948813166666666,-16.458897,-17.622830220296223
2024-04-29 16:30:00,20.40338453333333,17.6935495,5.813961,-14.589423504280596
2024-04-29 17:00:00,39.45918613333333,36.08549046666667,25.804562,-13.654624518343098
2024-04-29 17:30:00,51.16302381666666,43.41866846666667,40.353085,-10.809939252457674
2024-04-29 18:00:00,57.26860671666666,46.58060496666667,50.205715,-7.062891537223301
2024-04-29 18:30:00,56.619750466666666,50.70062618333333,54.243313,-2.3764376309733066
2024-04-29 19:00:00,65.26877388333334,46.638338866666665,54.60702,-10.661752551546229
2024-04-29 19:30:00,53.65913895,46.881433,52.485348,-1.1737912021972647
2024-04-29 20:00:00,52.426805550000005,44.98902228333333,50.093044,-2.333761268994145
2024-04-29 20:30:00,53.19812456666667,45.2386046,46.120205,-7.0779196411295615
2024-04-29 21:00:00,50.39293368333333,45.71615551666667,42.656414,-7.7365196513509105
2024-04-29 21:30:00,42.86317198333333,39.8992117,40.032604,-2.830567765804034
2024-04-29 22:00:00,42.14707045,34.30624055,37.608105,-4.538965744189454
2024-04-29 22:30:00,34.58045596666667,34.5656234,36.395626,1.8151701014485653
2024-05-27 23:00:00,41.07352936666667,54.77625045,44.392574,3.319044943636065
2024-05-27 23:30:00,42.056123883333335,55.09628231666667,42.54623,0.49010643282877453
2024-05-28 00:00:00,39.103922716666666,49.57652221666667,42.11619,3.0122691473470056
2024-05-28 00:30:00,39.39174485,49.63716005,40.390896,0.9991509935058573
2024-05-28 01:00:00,42.53897735,40.00222878333333,37.94418,-4.594797815087894
2024-05-28 01:30:00,31.48310621666667,35.466849366666665,37.617443,6.134336868050127
2024-05-28 02:00:00,33.13921501666667,33.96589878333333,36.52432,3.3851036784016912
2024-05-28 02:30:00,31.2486557,32.85232046666667,34.017895,2.7692390448730464
2024-05-28 03:00:00,33.21457843333334,35.85944656666666,31.258846,-1.9557321503743523
2024-05-28 03:30:00,35.9218972,39.80549718333334,32.53715,-3.3847458633300747
2024-05-28 04:00:00,35.25099496666667,36.29104228333333,33.376644,-1.8743508321451827
2024-05-28 04:30:00,36.54416055,36.44059875,33.494915,-3.049245541455079
2024-05-28 05:00:00,39.17157665,44.608717866666666,37.305508,-1.8660689900878893
2024-05-28 05:30:00,37.3671042,48.565995066666666,43.94105,6.573947283154297
2024-05-28 06:00:00,44.1296019,49.17259768333333,49.308407,5.178804929833987
2024-05-28 06:30:00,51.82228916666667,46.854326066666665,50.932858,-0.8894316532389368
2024-05-28 07:00:00,53.48843955,47.567719933333336,47.657207,-5.831232060986331
2024-05-28 07:30:00,52.16591316666666,40.476227783333336,38.285305,-13.880608143473303
2024-05-28 08:00:00,38.04880055,31.056671083333335,22.21481,-15.833991132275393
2024-05-28 08:30:00,10.681564033333336,9.432136666666668,2.2208977,-8.460666358772789
2024-05-28 09:00:00,-7.85121985,-14.403580533333333,-21.639835,-13.788615507666016
2024-05-28 09:30:00,-42.9758871,-45.50816175,-45.61414,-2.6382524568847643
2024-05-28 10:00:00,-78.30286541666666,-78.9742354,-66.027435,12.275430113932288
2024-05-28 10:30:00,-99.97399618333333,-108.9127356,-84.98477,14.989224454817702
2024-05-28 11:00:00,-118.15788998333332,-124.00399321666669,-100.58557,17.57231869427082
2024-05-28 11:30:00,-125.9304927,-135.9697549,-111.94878,13.981716454882815
2024-05-28 12:00:00,-124.83894163333332,-137.33464338333332,-117.59812,7.240819990266914
2024-05-28 12:30:00,-124.11808666666668,-142.01315381666666,-118.93421,5.183874935709653
2024-05-28 13:00:00,-122.24676655,-130.86709946666667,-114.53565,7.7111143893554726
2024-05-28 13:30:00,-108.11116933333334,-114.7722605,-103.94617,4.165002341145836
2024-05-28 14:00:00,-95.24874116666666,-89.02701066666667,-88.42297,6.825767533854162
2024-05-28 14:30:00,-77.77306806666667,-64.10563973333333,-67.67018,10.102886792252605
2024-05-28 15:00:00,-48.66054565,-41.47215673333333,-46.454685,2.2058604388183625
2024-05-28 15:30:00,-21.95312453333333,-14.806996983333336,-23.718784,-1.7656597989420604
2024-05-28 16:00:00,2.5584216,5.501563216666667,-0.6029701,-3.1613917232910156
2024-05-28 16:30:00,21.05133698333333,23.25636498333333,21.827663,0.7763264382975308
2024-05-28 17:00:00,37.049350016666665,42.66629938333333,39.65913,2.609780079768882
2024-05-28 17:30:00,48.59376225,58.78078513333333,54.06709,5.473326830810549
2024-05-28 18:00:00,59.81195003333334,64.13537883333333,64.73721,4.925263101432286
2024-05-28 18:30:00,59.86139935,61.65595716666667,67.433685,7.572285952734376
2024-05-28 19:00:00,66.7835271,65.5730716,67.67355,0.8900263667968744
2024-05-28 19:30:00,67.08016996666667,67.3109832,67.23581,0.15563935950520147
2024-05-28 20:00:00,58.89707515,66.85432281666667,61.740032,2.8429570460449227
2024-05-28 20:30:00,54.13517496666666,60.49614403333334,56.679592,2.5444171659016988
2024-05-28 21:00:00,50.18765608333333,54.00785718333333,53.362774,3.175117811930342
2024-05-28 21:30:00,50.99459553333333,51.85977441666666,48.97134,-2.0232553538899722
2024-05-28 22:00:00,45.63494515,39.51635178333333,46.736675,1.1017301124511718
2024-05-28 22:30:00,37.60329938333333,38.11566083333333,46.365124,8.761824365445968
2024-05-28 23:00:00,39.33611053333333,41.07352936666667,42.497875,3.161764680289714
2024-05-28 23:30:00,36.21209006666667,42.056123883333335,41.608135,5.396045156722003
2024-05-29 00:00:00,35.47298418333333,39.103922716666666,40.354137,4.881153237320966
2024-05-29 00:30:00,37.12194085,39.39174485,39.35658,2.2346379769042954
2024-05-29 01:00:00,41.14870896666667,42.53897735,39.102596,-2.0461126837076833
2024-05-29 01:30:00,36.20036015,31.48310621666667,38.018963,1.8186027101074203
2024-05-29 02:00:00,35.9280267,33.13921501666667,36.99345,1.0654234647949252
2024-05-29 02:30:00,35.057540116666665,31.2486557,35.496548,0.43900758230794423
2024-05-29 03:00:00,35.302517466666664,33.21457843333334,35.50561,0.20309395301107003
2024-05-29 03:30:00,38.365397916666666,35.9218972,32.66061,-5.7047877176920565
2024-05-29 04:00:00,38.53640348333334,35.25099496666667,33.441586,-5.094817942561853
2024-05-29 04:30:00,40.352485,36.54416055,35.712795,-4.639689742431642
2024-05-29 05:00:00,45.68696563333333,39.17157665,38.695538,-6.991428066194658
2024-05-29 05:30:00,42.48671826666666,37.3671042,43.384808,0.8980893200032654
2024-05-29 06:00:00,50.75825445,44.1296019,49.836452,-0.9218019658691432
2024-05-29 06:30:00,49.10905898333333,51.82228916666667,49.146664,0.03760468243815751
2024-05-29 07:00:00,48.09856798333333,53.48843955,47.6441,-0.4544677941243478
2024-05-29 07:30:00,42.4231389,52.16591316666666,39.942425,-2.480714125830076
2024-05-29 08:00:00,30.54945623333333,38.04880055,24.159344,-6.390112513850909
2024-05-29 08:30:00,-1.8917645166666663,10.681564033333336,4.9515343,6.8432987879069005
2024-05-29 09:00:00,-34.2275038,-7.85121985,-19.04813,15.17937376459961
2024-05-29 09:30:00,-65.43717208333334,-42.9758871,-45.40096,20.03621306844076
2024-05-29 10:00:00,-84.77838388333333,-78.30286541666666,-68.33089,16.44749704251302
2024-05-29 10:30:00,-100.53070601666668,-99.97399618333333,-90.63413,9.896573631412778
2024-05-29 11:00:00,-119.87625005,-118.15788998333332,-107.40969,12.466559193066402
2024-05-29 11:30:00,-122.85292063333333,-125.9304927,-119.45169,3.4012299595052014
2024-05-29 12:00:00,-125.0265207,-124.83894163333332,-125.50552,-0.47900298164061894
2024-05-29 12:30:00,-117.12910411666668,-124.11808666666668,-124.329865,-7.2007603852864435
2024-05-29 13:00:00,-113.63055668333334,-122.24676655,-116.91328,-3.2827199890299426
2024-05-29 13:30:00,-106.9168294,-108.11116933333334,-104.03457,2.8822606133789037
2024-05-29 14:00:00,-90.45746511666668,-95.24874116666666,-88.68438,1.7730855390299638
2024-05-29 14:30:00,-70.22181781666667,-77.77306806666667,-67.80876,2.4130562199869843
2024-05-29 15:00:00,-43.375949,-48.66054565,-47.55428,-4.17833032739258
2024-05-29 15:30:00,-28.096648400000003,-21.95312453333333,-24.44617,3.6504775931152373
2024-05-29 16:00:00,-9.723231816666669,2.5584216,-2.1242104,7.599021459000653
2024-05-29 16:30:00,22.44549333333333,21.05133698333333,19.236584,-3.2089096236165346
2024-05-29 17:00:00,38.42139718333333,37.049350016666665,35.83456,-2.586836789046224
2024-05-29 17:30:00,45.56150613333333,48.59376225,49.889843,4.328336853727215
2024-05-29 18:00:00,46.87681621666667,59.81195003333334,59.337215,12.460399206917316
2024-05-29 18:30:00,52.486375983333325,59.86139935,64.25981,11.773435418033863
2024-05-29 19:00:00,59.7164316,66.7835271,64.87831,5.1618795572265626
2024-05-29 19:30:00,68.59157211666667,67.08016996666667,63.596004,-4.995567630582684
2024-05-29 20:00:00,57.56107118333333,58.89707515,60.903988,3.3429167011881518
2024-05-29 20:30:00,56.873983900000006,54.13517496666666,55.568935,-1.3050485057128967
2024-05-29 21:00:00,52.89021555,50.18765608333333,54.235073,1.3448575395996087
2024-05-29 21:30:00,51.52774996666667,50.99459553333333,50.37405,-1.1536998262858091
2024-05-29 22:00:00,42.13479895,45.63494515,46.908672,4.773873382763675
2024-05-29 22:30:00,32.2032612,37.60329938333333,44.462765,12.259503539990234
2024-05-29 23:00:00,38.79478281666667,39.33611053333333,42.177563,3.3827798969563787
2024-05-29 23:30:00,37.41864508333333,36.21209006666667,41.168423,3.7497776156412783
2024-05-30 00:00:00,39.467978333333335,35.47298418333333,39.730556,0.26257815470377466
2024-05-30 00:30:00,38.79956211666666,37.12194085,38.92976,0.1301978625813902
2024-05-30 01:00:00,36.09462656666667,41.14870896666667,37.584316,1.4896896869954404
2024-05-30 01:30:00,31.0481751,36.20036015,36.430904,5.382729288427733
2024-05-30 02:00:00,30.841081616666667,35.9280267,35.131298,4.29021644851888
2024-05-30 02:30:00,31.471401616666668,35.057540116666665,32.927166,1.4557643684407537
2024-05-30 03:00:00,30.005669416666667,35.302517466666664,32.834774,2.8291046006673177
2024-05-30 03:30:00,30.8088251,38.365397916666666,33.49676,2.6879362220214844
2024-05-30 04:00:00,28.44632778333333,38.53640348333334,34.715237,6.268908880485029
2024-05-30 04:30:00,28.511053716666662,40.352485,37.796688,9.285634363167322
2024-05-30 05:00:00,28.67582638333333,45.68696563333333,40.41627,11.740444826383467
2024-05-30 05:30:00,32.78388405,42.48671826666666,45.08325,12.299364088427737
2024-05-30 06:00:00,31.661542800000003,50.75825445,50.314297,18.652753922412106
2024-05-30 06:30:00,34.322565583333336,49.10905898333333,52.262478,17.939912291422523
2024-05-30 07:00:00,46.02185456666667,48.09856798333333,48.481518,2.4596632250813784
2024-05-30 07:30:00,46.65963103333333,42.4231389,41.285885,-5.373746176155599
2024-05-30 08:00:00,44.13200655,30.54945623333333,26.13464,-17.997366810009765
2024-05-30 08:30:00,22.855814233333334,-1.8917645166666663,6.2226067,-16.633207574397787
2024-05-30 09:00:00,-0.4977589833333333,-34.2275038,-19.088978,-18.59121883038737
2024-05-30 09:30:00,-26.61478873333333,-65.43717208333334,-47.9406,-21.325812615543622
2024-05-30 10:00:00,-46.12417,-84.77838388333333,-70.83873,-24.714559858398438
2024-05-30 10:30:00,-53.5758004,-100.53070601666668,-93.530594,-39.954793472070314
2024-05-30 11:00:00,-53.68961206666666,-119.87625005,-111.08975,-57.40014013059896
2024-05-30 11:30:00,-48.65618038333333,-122.85292063333333,-123.73028,-75.0740976318034
2024-05-30 12:00:00,-61.170707316666665,-125.0265207,-129.11661,-67.94590034934896
2024-05-30 12:30:00,-62.86433965,-117.12910411666668,-125.29837,-62.43403071132813
2024-05-30 13:00:00,-46.22724113333334,-113.63055668333334,-117.39803,-71.17079200875651
2024-05-30 13:30:00,-42.9052221,-106.9168294,-104.70227,-61.7970484078125
2024-05-30 14:00:00,-49.322297383333336,-90.45746511666668,-87.80374,-38.48144407174479
2024-05-30 14:30:00,-44.16089891666667,-70.22181781666667,-67.23677,-23.075871713216145
2024-05-30 15:00:00,-35.94818456666667,-43.375949,-45.81188,-9.863693637679035
2024-05-30 15:30:00,-11.771604033333332,-28.096648400000003,-22.790043,-11.018438843863933
2024-05-30 16:00:00,0.8422008000000006,-9.723231816666669,-1.2996407,-2.1418414555175787
2024-05-30 16:30:00,15.559725616666668,22.44549333333333,18.860943,3.3012172239095037
2024-05-30 17:00:00,37.47868548333333,38.42139718333333,37.259075,-0.2196103185384075
2024-05-30 17:30:00,42.613855183333335,45.56150613333333,49.440517,6.826662242203774
2024-05-30 18:00:00,54.00776038333333,46.87681621666667,58.035824,4.028063438688157
2024-05-30 18:30:00,61.05427338333334,52.486375983333325,62.60702,1.5527479484537707
2024-05-30 19:00:00,62.3954385,59.7164316,63.8038,1.408360175537112
2024-05-30 19:30:00,62.78254435,68.59157211666667,61.75471,-1.0278331988769551
2024-05-30 20:00:00,54.55803305,57.56107118333333,58.073376,3.515342651904298
2024-05-30 20:30:00,49.45820543333334,56.873983900000006,53.551937,4.093731669938144
2024-05-30 21:00:00,43.85029381666666,52.89021555,50.299267,6.44897299851889
2024-05-30 21:30:00,44.432333400000005,51.52774996666667,47.667355,3.23502118374023
2024-05-30 22:00:00,40.26860536666667,42.13479895,45.39532,5.126715525667315
2024-05-30 22:30:00,34.40736918333334,32.2032612,43.895367,9.487997485367835
2024-05-30 23:00:00,37.64079168333333,38.79478281666667,41.79846,4.157666416031901
2024-05-30 23:30:00,33.81238501666667,37.41864508333333,40.608273,6.795887535823567
2024-05-31 00:00:00,33.35796106666667,39.467978333333335,38.635433,5.277472130354816
2024-05-31 00:30:00,34.762100600000004,38.79956211666666,37.467556,2.7054553997558557
2024-05-31 01:00:00,31.327184366666668,36.09462656666667,36.25674,4.929556203401692
2024-05-31 01:30:00,30.31443438333333,31.0481751,35.516247,5.201812412320965
2024-05-31 02:00:00,29.34254315,30.841081616666667,32.801144,3.4586004962402335
2024-05-31 02:30:00,27.96499273333333,31.471401616666668,32.091854,4.126861362125656
2024-05-31 03:00:00,26.83368945,30.005669416666667,31.263195,4.4295055878417955
2024-05-31 03:30:00,27.1461271,30.8088251,30.116299,2.9701715755371083
2024-05-31 04:00:00,26.801947266666662,28.44632778333333,31.456387,4.654439299495447
2024-05-31 04:30:00,26.468497016666664,28.511053716666662,34.8251,8.356602928401696
2024-05-31 05:00:00,29.250432283333332,28.67582638333333,36.818798,7.568365781852215
2024-05-31 05:30:00,29.07800213333333,32.78388405,42.561565,13.48356326583659
2024-05-31 06:00:00,33.5279022,31.661542800000003,46.722317,13.19441454194336
2024-05-31 06:30:00,34.740843516666665,34.322565583333336,48.44006,13.69921614519857
2024-05-31 07:00:00,44.21095395,46.02185456666667,46.308987,2.0980327138183625
2024-05-31 07:30:00,41.58264223333333,46.65963103333333,38.534924,-3.0477186798665343
2024-05-31 08:00:00,34.25762391666667,44.13200655,24.433163,-9.824461227457682
2024-05-31 08:30:00,22.6976784,22.855814233333334,4.6460533,-18.051625085791017
2024-05-31 09:00:00,-0.9587027166666664,-0.4977589833333333,-17.227879,-16.269175853889973
2024-05-31 09:30:00,-14.855996666666664,-26.61478873333333,-43.924458,-29.068460883382166
2024-05-31 10:00:00,-25.602846,-46.12417,-64.939896,-39.33704962988281
2024-05-31 10:30:00,-43.83825453333333,-53.5758004,-85.18323,-41.34497300572917
2024-05-31 11:00:00,-52.63007455,-53.68961206666666,-99.88927,-47.259192417773434
2024-05-31 11:30:00,-54.14507255,-48.65618038333333,-109.81626,-55.671188741503904
2024-05-31 12:00:00,-67.17327043333334,-61.170707316666665,-112.91925,-45.74598005494791
2024-05-31 12:30:00,-58.26332315,-62.86433965,-112.60892,-54.34559408632813
2024-05-31 13:00:00,-39.086481766666665,-46.22724113333334,-102.60161,-63.51512650970052
2024-05-31 13:30:00,-38.4674398,-42.9052221,-87.60215,-49.134710163378905
2024-05-31 14:00:00,-25.0499426,-49.322297383333336,-71.98831,-46.938369167578124
2024-05-31 14:30:00,-21.709300533333334,-44.16089891666667,-53.492603,-31.78330276866862
2024-05-31 15:00:00,-2.3121587999999997,-35.94818456666667,-32.899235,-30.587075971728517
2024-05-31 15:30:00,2.477541066666667,-11.771604033333332,-13.287754,-15.765295125504558
2024-05-31 16:00:00,13.757589083333334,0.8422008000000006,5.093258,-8.6643311792806
2024-05-31 16:30:00,29.5587778,15.559725616666668,23.974361,-5.584416380322267
2024-05-31 17:00:00,42.43213401666667,37.47868548333333,37.718426,-4.713708265934251
2024-05-31 17:30:00,50.261891,42.613855183333335,47.821438,-2.440453164306639
2024-05-31 18:00:00,64.60396820000001,54.00776038333333,54.27421,-10.32975631645509
2024-05-31 18:30:00,55.96155671666667,61.05427338333334,57.964672,2.003115371956376
2024-05-31 19:00:00,57.04535881666666,62.3954385,59.532024,2.4866655668782585
2024-05-31 19:30:00,51.38379601666667,62.78254435,59.228497,7.844700534847
2024-05-31 20:00:00,46.72310775,54.55803305,56.493237,9.77012879174805
2024-05-31 20:30:00,46.8341874,49.45820543333334,53.502285,6.668097603662112
2024-05-31 21:00:00,43.99258445,43.85029381666666,48.085323,4.092738883740232
2024-05-31 21:30:00,47.8718063,44.432333400000005,45.847668,-2.024138605908206
2024-05-31 22:00:00,53.12093435,40.26860536666667,43.53944,-9.581494194970702
2024-05-31 22:30:00,45.71099409999999,34.40736918333334,41.527325,-4.183669423486322
2024-05-31 23:00:00,42.9126721,37.64079168333333,40.31178,-2.600893077783205
2024-05-31 23:30:00,42.468177833333336,33.81238501666667,39.181164,-3.2870140454915386
2024-06-01 00:00:00,42.68137506666667,33.35796106666667,37.52554,-5.155835668473308
2024-06-01 00:30:00,38.06404333333333,34.762100600000004,36.09663,-1.9674132368977837
2024-06-01 01:00:00,28.74793503333333,31.327184366666668,34.753735,6.005799555289716
2024-06-01 01:30:00,28.675882700000003,30.31443438333333,33.388607,4.712724325146482
2024-06-01 02:00:00,32.690611016666665,29.34254315,32.497433,-0.19317830792643065
2024-06-01 02:30:00,31.741242933333336,27.96499273333333,30.017452,-1.7237906933431013
2024-06-01 03:00:00,32.65744411666667,26.83368945,29.232998,-3.424446222379558
2024-06-01 03:30:00,30.779537716666667,27.1461271,28.115246,-2.66429189757487
2024-06-01 04:00:00,35.64540155,26.801947266666662,30.39146,-5.253941131298831
2024-06-01 04:30:00,34.558869316666666,26.468497016666664,32.33688,-2.2219895864420565
2024-06-01 05:00:00,33.412154566666665,29.250432283333332,36.607876,3.1957212573079445
2024-06-01 05:30:00,35.229814966666666,29.07800213333333,43.568676,8.33886102820638
2024-06-01 06:00:00,39.98547801666667,33.5279022,48.76791,8.78243198699544
2024-06-01 06:30:00,47.16045501666667,34.740843516666665,51.12402,3.9635646061360674
2024-06-01 07:00:00,43.97668705,44.21095395,49.890926,5.914239311083982
2024-06-01 07:30:00,42.203797900000005,41.58264223333333,42.434444,0.2306465274902294
2024-06-01 08:00:00,31.72361775,34.25762391666667,30.93591,-0.7877084787597646
2024-06-01 08:30:00,22.13239828333333,22.6976784,11.247753,-10.884645140022783
2024-06-01 09:00:00,4.6348754833333325,-0.9587027166666664,-10.48531,-15.12018508416341
2024-06-01 09:30:00,1.9285434500000005,-14.855996666666664,-34.689747,-36.61829030668945
2024-06-01 10:00:00,-10.526222866666666,-25.602846,-54.635868,-44.1096452058431
2024-06-01 10:30:00,-26.73159513333333,-43.83825453333333,-71.67256,-44.940966512174484
2024-06-01 11:00:00,-44.86132968333334,-52.63007455,-85.89927,-41.03793942067057
2024-06-01 11:30:00,-49.77925431666666,-54.14507255,-96.84253,-47.06327498020834
2024-06-01 12:00:00,-36.779047133333336,-67.17327043333334,-102.02558,-65.24653422652995
2024-06-01 12:30:00,-33.02903441666667,-58.26332315,-99.81932,-66.79028626204428
2024-06-01 13:00:00,-34.88222285,-39.086481766666665,-91.36496,-56.48273686679688
2024-06-01 13:30:00,-19.772059966666667,-38.4674398,-78.73193,-58.95987362708333
2024-06-01 14:00:00,-24.052455766666668,-25.0499426,-62.024403,-37.971946851741535
2024-06-01 14:30:00,-4.3524151,-21.709300533333334,-45.024723,-40.672307952978514
2024-06-01 15:00:00,0.8438294500000015,-2.3121587999999997,-26.879673,-27.723502454150392
2024-06-01 15:30:00,9.59689555,2.477541066666667,-7.9916115,-17.58850703071289
2024-06-01 16:00:00,11.214195366666669,13.757589083333334,8.864605,-2.349590416715497
2024-06-01 16:30:00,24.762737233333336,29.5587778,23.496853,-1.2658843585774768
2024-06-01 17:00:00,46.88569106666667,42.43213401666667,37.57461,-9.311079402848314
2024-06-01 17:30:00,53.75382618333333,50.261891,47.8995,-5.8543243827962215
2024-06-01 18:00:00,52.84961901666667,64.60396820000001,56.499233,3.649614229182937
2024-06-01 18:30:00,60.13932906666667,55.96155671666667,59.912502,-0.2268267778483093
2024-06-01 19:00:00,64.39075016666668,57.04535881666666,60.402813,-3.9879372089030056
2024-06-01 19:30:00,61.44927776666666,51.38379601666667,59.385845,-2.0634325823404893
2024-06-01 20:00:00,59.820392950000006,46.72310775,56.186657,-3.633735998095709
2024-06-01 20:30:00,69.3538388,46.8341874,53.257244,-16.096594689892584
2024-06-01 21:00:00,67.18051666666666,43.99258445,48.01811,-19.16240829874674
2024-06-01 21:30:00,68.25197451666666,47.8718063,43.709103,-24.54287188605143
2024-06-01 22:00:00,58.82885111666667,53.12093435,42.148373,-16.680478466520185
2024-06-01 22:30:00,53.03190618333334,45.71099409999999,40.905346,-12.126560266585294
2024-06-01 23:00:00,49.68303491666666,42.9126721,39.516216,-10.166818638590485
2024-06-01 23:30:00,51.8624063,42.468177833333336,37.838192,-14.02421431391602
2024-06-02 00:00:00,45.31959461666667,42.68137506666667,36.123028,-9.196566815152998
2024-06-02 00:30:00,43.167959966666665,38.06404333333333,34.510586,-8.657374181754555
2024-06-02 01:00:00,39.651964516666666,28.74793503333333,32.9042,-6.747763009098307
2024-06-02 01:30:00,34.8023018,28.675882700000003,32.585155,-2.2171463129394553
2024-06-02 02:00:00,31.10795005,32.690611016666665,31.152447,0.04449669682617241
2024-06-02 02:30:00,36.134801083333336,31.741242933333336,29.37399,-6.760811978108727
2024-06-02 03:00:00,34.517001083333334,32.65744411666667,28.874203,-5.642798355061849
2024-06-02 03:30:00,33.307075483333335,30.779537716666667,28.144909,-5.1621665783040385
2024-06-02 04:00:00,36.81135593333333,35.64540155,29.391247,-7.4201091376790345
2024-06-02 04:30:00,34.981193366666666,34.558869316666666,32.07609,-2.9051016003092442
2024-06-02 05:00:00,36.08520115,33.412154566666665,34.91978,-1.1654204187988313
2024-06-02 05:30:00,37.32204815,35.229814966666666,41.588543,4.266494788232421
2024-06-02 06:00:00,36.30303068333333,39.98547801666667,47.796703,11.493672655289714
2024-06-02 06:30:00,36.12110786666667,47.16045501666667,52.11497,15.993863294222002
2024-06-02 07:00:00,34.16647628333333,43.97668705,52.475094,18.308617558219403
2024-06-02 07:30:00,29.45406673333333,42.203797900000005,46.068233,16.614166756656903
2024-06-02 08:00:00,21.2428462,31.72361775,34.03082,12.787972739208985
2024-06-02 08:30:00,12.80133215,22.13239828333333,18.059505,5.258173312646484
2024-06-02 09:00:00,-11.42950165,4.6348754833333325,-2.0983467,9.331154939794922
2024-06-02 09:30:00,-45.01231766666667,1.9285434500000005,-25.687641,19.32467652286784
2024-06-02 10:00:00,-62.818195116666665,-10.526222866666666,-43.794178,19.024017107633462
2024-06-02 10:30:00,-85.02378385,-26.73159513333333,-60.620823,24.40296094350586
2024-06-02 11:00:00,-85.86140230000001,-44.86132968333334,-74.50606,11.355344560742196
2024-06-02 11:30:00,-88.58909671666667,-49.77925431666666,-84.21095,4.378143957877612
2024-06-02 12:00:00,-91.72334606666668,-36.779047133333336,-86.569855,5.153491330338554
2024-06-02 12:30:00,-91.95687448333332,-33.02903441666667,-84.17352,7.783351534114573
2024-06-02 13:00:00,-75.88772711666667,-34.88222285,-76.95396,-1.0662294873372389
2024-06-02 13:30:00,-65.68712858333333,-19.772059966666667,-66.69292,-1.0057882867838543
2024-06-02 14:00:00,-53.295524416666666,-24.052455766666668,-53.58083,-0.28530520369466217
2024-06-02 14:30:00,-40.902272833333335,-4.3524151,-35.894764,5.007508886800132
2024-06-02 15:00:00,-37.28873755,0.8438294500000015,-18.23357,19.055167451123047
2024-06-02 15:30:00,-12.574329983333334,9.59689555,0.58317184,13.157501827815755
2024-06-02 16:00:00,20.6494039,11.214195366666669,17.397976,-3.25142797836914
2024-06-02 16:30:00,42.21463958333334,24.762737233333336,31.103512,-11.111127773030603
2024-06-02 17:00:00,57.87751613333333,46.88569106666667,43.982937,-13.89457927420247
2024-06-02 17:30:00,62.8618605,53.75382618333333,53.359936,-9.501924739501952
2024-06-02 18:00:00,69.4574348,52.84961901666667,59.41099,-10.04644313129883
2024-06-02 18:30:00,79.73632926666666,60.13932906666667,64.43707,-15.299256512760408
2024-06-02 19:00:00,74.47583266666668,64.39075016666668,62.83552,-11.64031096866863
2024-06-02 19:30:00,68.41258545000001,61.44927776666666,59.66235,-8.750235749072274
2024-06-02 20:00:00,68.23908516666667,59.820392950000006,57.07559,-11.16349694034831
2024-06-02 20:30:00,64.37046216666666,69.3538388,54.291378,-10.079084145426421
2024-06-02 21:00:00,58.43728575,67.18051666666666,50.519085,-7.918200819580079
2024-06-02 21:30:00,60.93066706666667,68.25197451666666,47.466198,-13.464469099137375
2024-06-02 22:00:00,54.06973358333334,58.82885111666667,44.49615,-9.573582612874354
2024-06-02 22:30:00,49.11654605,53.03190618333334,44.485607,-4.6309389027832
2024-06-02 23:00:00,46.78873681666666,49.68303491666666,41.740993,-5.047743316910804
2024-06-02 23:30:00,47.55447936666667,51.8624063,40.046688,-7.507791286832685
2024-06-03 00:00:00,44.69414326666666,45.31959461666667,38.05296,-6.641183824527985
2024-06-03 00:30:00,42.627747166666666,43.167959966666665,35.47691,-7.150837529215494
2024-06-03 01:00:00,37.08058278333333,39.651964516666666,34.90846,-2.17212407361653
2024-06-03 01:30:00,31.371998216666668,34.8023018,33.00822,1.6362224559407537
2024-06-03 02:00:00,29.852343283333337,31.10795005,30.918148,1.0658047574381477
2024-06-03 02:30:00,28.65716673333333,36.134801083333336,29.988552,1.3313853601725292
2024-06-03 03:00:00,25.89941315,34.517001083333334,29.518017,3.618603665185546
2024-06-03 03:30:00,26.294242266666668,33.307075483333335,28.974163,2.679920788753254
2024-06-03 04:00:00,25.574994916666668,36.81135593333333,28.840038,3.2650433828938787
2024-06-03 04:30:00,30.44900898333333,34.981193366666666,31.721981,1.2729720652506558
2024-06-03 05:00:00,33.1105234,36.08520115,35.15591,2.045387091943361
2024-06-03 05:30:00,33.88850613333333,37.32204815,40.47114,6.582635681852217
2024-06-03 06:00:00,41.06937545,36.30303068333333,48.38354,7.314165657177732
2024-06-03 06:30:00,45.69396161666666,36.12110786666667,52.413906,6.719944480745447
2024-06-03 07:00:00,49.93905115,34.16647628333333,51.40115,1.462098599755862
2024-06-03 07:30:00,50.22823833333334,29.45406673333333,46.55142,-3.6768200288899777
2024-06-03 08:00:00,43.867587283333336,21.2428462,35.389538,-8.478049472054039
2024-06-03 08:30:00,27.8191228,12.80133215,18.680828,-9.138294705517577
2024-06-03 09:00:00,6.805592866666667,-11.42950165,-2.171955,-8.977547975309246
2024-06-03 09:30:00,-10.714327783333331,-45.01231766666667,-27.294544,-16.58021643663737
2024-06-03 10:00:00,-26.71389986666667,-62.818195116666665,-45.410267,-18.696367009554034
2024-06-03 10:30:00,-41.41900875,-85.02378385,-63.52091,-22.101899605712887
2024-06-03 11:00:00,-50.72326898333333,-85.86140230000001,-77.531525,-26.808255674869798
2024-06-03 11:30:00,-70.01841825000001,-88.58909671666667,-84.59859,-14.580168786132802
2024-06-03 12:00:00,-64.14670646666667,-91.72334606666668,-87.25059,-23.103880996712235
2024-06-03 12:30:00,-70.4632294,-91.95687448333332,-85.89849,-15.435261505761716
2024-06-03 13:00:00,-60.91471775,-75.88772711666667,-79.432625,-18.51790706689453
2024-06-03 13:30:00,-45.01563388333333,-65.68712858333333,-68.82327,-23.807638821744796
2024-06-03 14:00:00,-52.984627716666665,-53.295524416666666,-53.86742,-0.8827924798665379
2024-06-03 14:30:00,-37.008074400000005,-40.902272833333335,-38.779133,-1.7710584430175729
2024-06-03 15:00:00,-10.3581717,-37.28873755,-22.840137,-12.481965781689453
2024-06-03 15:30:00,9.76245275,-12.574329983333334,-5.5668526,-15.329305319580078
2024-06-03 16:00:00,29.06436113333333,20.6494039,10.965435,-18.098926105257156
2024-06-03 16:30:00,43.097384016666666,42.21463958333334,26.023449,-17.07393507257487
2024-06-03 17:00:00,59.99903695,57.87751613333333,41.143475,-18.855562371142575
2024-06-03 17:30:00,84.45471453333333,62.8618605,52.37553,-32.07918429041341
2024-06-03 18:00:00,73.62865814999999,69.4574348,61.294506,-12.334152077001946
2024-06-03 18:30:00,79.43078546666668,79.73632926666666,67.177795,-12.252990056510427
2024-06-03 19:00:00,88.61645711666667,74.47583266666668,68.385925,-20.230531823697916
2024-06-03 19:30:00,85.62372331666667,68.41258545000001,67.69743,-17.926289844986982
2024-06-03 20:00:00,73.56810115,68.23908516666667,63.917126,-9.650975448095707
2024-06-03 20:30:00,68.84301423333334,64.37046216666666,59.68423,-9.158783428889976
2024-06-03 21:00:00,69.68425491666666,58.43728575,54.81857,-14.86568573331705
2024-06-03 21:30:00,61.977408233333335,60.93066706666667,49.853313,-12.124094787288413
2024-06-03 22:00:00,58.05308288333333,54.06973358333334,48.87382,-9.17926162478841
2024-06-03 22:30:00,42.396291966666666,49.11654605,45.773586,3.377294306526693
2024-06-03 23:00:00,43.75260995,46.78873681666666,43.897198,0.1445877733886718
2024-06-03 23:30:00,44.85803843333333,47.55447936666667,42.186016,-2.672022350569655
2024-06-04 00:00:00,39.4249172,44.69414326666666,40.229427,0.8045101376464814
2024-06-04 00:30:00,36.73708321666667,42.627747166666666,38.931973,2.1948892869954406
2024-06-04 01:00:00,33.15539043333333,37.08058278333333,37.409115,4.253724404313154
2024-06-04 01:30:00,35.01872598333333,31.371998216666668,33.3325,-1.686225525569661
2024-06-04 02:00:00,34.46271898333333,29.852343283333337,32.869976,-1.59274293963216
2024-06-04 02:30:00,30.6985836,28.65716673333333,31.087353,0.3887691526855477
2024-06-04 03:00:00,27.830556716666667,25.89941315,29.833965,2.003408584847005
2024-06-04 03:30:00,25.704244966666664,26.294242266666668,28.179012,2.4747673319173202
2024-06-04 04:00:00,26.589918766666667,25.574994916666668,27.528652,0.9387334244954424
2024-06-04 04:30:00,29.41013163333333,30.44900898333333,29.471844,0.06171208614909318
2024-06-04 05:00:00,31.23490173333333,33.1105234,34.138607,2.9037052918131536
2024-06-04 05:30:00,36.1750791,33.88850613333333,38.11273,1.9376490188964866
2024-06-04 06:00:00,37.13738158333333,41.06937545,44.015896,6.87851426017253
2024-06-04 06:30:00,41.07022821666667,45.69396161666666,47.14854,6.078312280159501
2024-06-04 07:00:00,51.28759583333333,49.93905115,46.92779,-4.359804237874343
2024-06-04 07:30:00,61.36584283333334,50.22823833333334,42.167355,-19.198488249593105
2024-06-04 08:00:00,53.95821444999999,43.867587283333336,30.617641,-23.340573001025383
2024-06-04 08:30:00,25.421180933333336,27.8191228,14.770794,-10.650387018538414
2024-06-04 09:00:00,17.4247578,6.805592866666667,-5.418186,-22.84294398774414
2024-06-04 09:30:00,1.6349338333333334,-10.714327783333331,-27.329594,-28.9645274917806
2024-06-04 10:00:00,-14.034958783333332,-26.71389986666667,-45.1142,-31.079241808707685
2024-06-04 10:30:00,-50.23492100000001,-41.41900875,-59.753742,-9.518821218017571
2024-06-04 11:00:00,-69.03897901666666,-50.72326898333333,-70.0193,-0.9803233514974039
2024-06-04 11:30:00,-65.8279252,-70.01841825000001,-78.79218,-12.964257722363286
2024-06-04 12:00:00,-64.84295508333334,-64.14670646666667,-80.47193,-15.628976374186195
2024-06-04 12:30:00,-54.10433168333333,-70.4632294,-79.63193,-25.527595806901047
2024-06-04 13:00:00,-63.28804948333334,-60.91471775,-72.44902,-9.160970902408849
2024-06-04 13:30:00,-52.85401603333333,-45.01563388333333,-60.209644,-7.355628284293623
2024-06-04 14:00:00,-38.11132611666667,-52.984627716666665,-48.819386,-10.708059411897786
2024-06-04 14:30:00,-12.235034266666666,-37.008074400000005,-37.049976,-24.814942082210287
2024-06-04 15:00:00,-3.513747333333333,-10.3581717,-20.380589,-16.866841198160806
2024-06-04 15:30:00,8.349827716666667,9.76245275,-4.9093666,-13.259194324332682
2024-06-04 16:00:00,23.716311666666662,29.06436113333333,12.18681,-11.52950212687174
2024-06-04 16:30:00,44.44264446666667,43.097384016666666,30.80473,-13.63791500499675
2024-06-04 17:00:00,53.43723003333333,59.99903695,45.513042,-7.924187583382157
2024-06-04 17:30:00,56.64600565,84.45471453333333,58.69154,2.0455341144042976
2024-06-04 18:00:00,59.960535166666666,73.62865814999999,68.83295,8.872411610677084
2024-06-04 18:30:00,63.41329111666666,79.43078546666668,74.749466,11.33617482571615
2024-06-04 19:00:00,71.11830738333333,88.61645711666667,76.02498,4.9066712543619815
2024-06-04 19:30:00,59.79308773333333,85.62372331666667,74.64961,14.856524693424483
2024-06-04 20:00:00,55.5072117,73.56810115,69.27165,13.764440521679688
2024-06-04 20:30:00,56.32120835,68.84301423333334,62.013515,5.69230712241211
2024-06-04 21:00:00,58.4386161,69.68425491666666,57.43481,-1.003805461572263
2024-06-04 21:30:00,61.2716341,61.977408233333335,52.739025,-8.532608984033203
2024-06-04 22:00:00,56.99815833333333,58.05308288333333,49.602383,-7.39577567342122
2024-06-04 22:30:00,50.495975583333326,42.396291966666666,46.30038,-4.195594876546217
2024-06-04 23:00:00,54.47271268333333,43.75260995,42.526546,-11.946166205061843
2024-06-04 23:30:00,47.69940673333334,44.85803843333333,40.90283,-6.796578516780606
2024-06-05 00:00:00,45.0015956,39.4249172,38.294445,-6.707150562158205
2024-06-05 00:30:00,41.145039016666665,36.73708321666667,36.847256,-4.297783309879556
2024-06-05 01:00:00,37.0199772,33.15539043333333,36.279568,-0.7404094814941402
2024-06-05 01:30:00,32.987271916666664,35.01872598333333,35.222683,2.2354110362141952
2024-06-05 02:00:00,31.290988866666662,34.46271898333333,34.21417,2.923179681917322
2024-06-05 02:30:00,30.156259483333333,30.6985836,31.70303,1.5467701492350265
2024-06-05 03:00:00,30.40672756666667,27.830556716666667,28.628704,-1.778023495621749
2024-06-05 03:30:00,26.9377678,25.704244966666664,27.90028,0.9625121987792973
2024-06-05 04:00:00,29.016665483333338,26.589918766666667,29.436443,0.41977784552408437
2024-06-05 04:30:00,27.381935100000003,29.41013163333333,31.037945,3.6560096937011686
2024-06-05 05:00:00,31.6072045,31.23490173333333,33.453075,1.8458709089355452
2024-06-05 05:30:00,33.6283254,36.1750791,37.100903,3.4725771573730455
2024-06-05 06:00:00,37.12690666666666,37.13738158333333,43.043896,5.916989054768884
2024-06-05 06:30:00,38.35051438333333,41.07022821666667,46.170025,7.819510488492838
2024-06-05 07:00:00,51.72805821666666,51.28759583333333,44.319515,-7.408542988395176
2024-06-05 07:30:00,57.207733366666666,61.36584283333334,39.706493,-17.50123998898112
2024-06-05 08:00:00,57.91883546666667,53.95821444999999,29.765575,-28.153260057731124
2024-06-05 08:30:00,27.919684933333333,25.421180933333336,16.093426,-11.82625918260091
2024-06-05 09:00:00,18.62012285,17.4247578,-3.6499825,-22.27010530239258
2024-06-05 09:30:00,-1.421817933333333,1.6349338333333334,-22.984074,-21.562255705582682
2024-06-05 10:00:00,-14.958673133333336,-14.034958783333332,-36.259815,-21.30114208273112
2024-06-05 10:30:00,-28.55740093333333,-50.23492100000001,-52.565205,-24.007803687027998
2024-06-05 11:00:00,-42.90826656666667,-69.03897901666666,-65.35263,-22.444364048567707
2024-06-05 11:30:00,-69.37422491666666,-65.8279252,-73.34892,-3.974697812825525
2024-06-05 12:00:00,-75.61168186666667,-64.84295508333334,-75.09061,0.5210751772135467
2024-06-05 12:30:00,-74.24907673333333,-54.10433168333333,-71.91156,2.3375166747395753
2024-06-05 13:00:00,-61.84867325000001,-63.28804948333334,-65.702866,-3.854192350585926
2024-06-05 13:30:00,-37.60866545,-52.85401603333333,-56.655384,-19.046718613720707
2024-06-05 14:00:00,-27.162855366666665,-38.11132611666667,-45.716114,-18.553258677522788
2024-06-05 14:30:00,-28.96901163333333,-12.235034266666666,-31.213444,-2.244432122770185
2024-06-05 15:00:00,-16.6564395,-3.513747333333333,-17.127735,-0.47129563793945195
2024-06-05 15:30:00,-0.2636398000000006,8.349827716666667,0.151989,0.41562879805545866
2024-06-05 16:00:00,13.951700033333331,23.716311666666662,15.423946,1.472246347281903
2024-06-05 16:30:00,29.58186275,44.44264446666667,31.206326,1.6244627810058603
2024-06-05 17:00:00,44.9333722,53.43723003333333,45.058178,0.124805747998046
2024-06-05 17:30:00,52.2600755,56.64600565,56.804775,4.54469973803711
2024-06-05 18:00:00,64.37642666666666,59.960535166666666,65.53554,1.1591110530599025
2024-06-05 18:30:00,59.48022396666667,63.41329111666666,69.06673,9.586502717903642
2024-06-05 19:00:00,66.10648946666667,71.11830738333333,70.03833,3.931840611458327
2024-06-05 19:30:00,75.88363893333333,59.79308773333333,67.3201,-8.563540056380205
2024-06-05 20:00:00,65.70771478333333,55.5072117,65.538864,-0.16885064759114243
2024-06-05 20:30:00,66.08505711666668,56.32120835,60.843,-5.2420586120280035
2024-06-05 21:00:00,58.815217233333335,58.4386161,56.600918,-2.214299417171226
2024-06-05 21:30:00,50.263262700000006,61.2716341,51.14883,0.8855677138183538
2024-06-05 22:00:00,46.117065016666665,56.99815833333333,48.80795,2.6908840494954447
2024-06-05 22:30:00,50.15346491666667,50.495975583333326,45.254635,-4.898830059488937
2024-06-05 23:00:00,51.53289053333333,54.47271268333333,40.815823,-10.71706793201497
2024-06-05 23:30:00,50.301339600000006,47.69940673333334,40.140118,-10.161221954736334
2024-06-06 00:00:00,45.893414766666666,45.0015956,38.78993,-7.103486330387369
2024-06-06 00:30:00,42.52429785,41.145039016666665,38.66064,-3.863657133447269
2024-06-06 01:00:00,36.0657428,37.0199772,36.44894,0.38319747709960694
2024-06-06 01:30:00,31.298213466666667,32.987271916666664,34.52856,3.2303471717610677
2024-06-06 02:00:00,29.349539383333333,31.290988866666662,32.55737,3.2078298488444013
2024-06-06 02:30:00,31.122769450000003,30.156259483333333,29.834408,-1.288361643603519
2024-06-06 03:00:00,31.132319583333334,30.40672756666667,29.68417,-1.448149814046225
2024-06-06 03:30:00,28.546291633333336,26.9377678,30.284756,1.7384640734537733
2024-06-06 04:00:00,31.23503613333333,29.016665483333338,28.808681,-2.4263546452962217
2024-06-06 04:30:00,30.52492123333333,27.381935100000003,30.776623,0.25170153888346647
2024-06-06 05:00:00,31.59919496666667,31.6072045,33.960415,2.36121991980794
2024-06-06 05:30:00,33.18517176666666,33.6283254,36.955105,3.7699330612141964
2024-06-06 06:00:00,43.66118476666667,37.12690666666666,40.472637,-3.188547590153
2024-06-06 06:30:00,46.61831911666667,38.35051438333333,42.32194,-4.296377740934247
2024-06-06 07:00:00,53.84932156666667,51.72805821666666,42.7767,-11.072622500504558
2024-06-06 07:30:00,57.655295566666666,57.207733366666666,40.912212,-16.743083194840494
2024-06-06 08:00:00,42.7048233,57.91883546666667,30.724133,-11.980690762158204
2024-06-06 08:30:00,26.170159533333333,27.919684933333333,17.515453,-8.654706194710286
2024-06-06 09:00:00,-2.757408283333333,18.62012285,2.0512962,4.808704517464193
2024-06-06 09:30:00,-14.623510016666666,-1.421817933333333,-15.857227,-1.2337173087727873
2024-06-06 10:00:00,-22.59863721666667,-14.958673133333336,-28.986088,-6.387450582405595
2024-06-06 10:30:00,-31.3621277,-28.55740093333333,-44.43047,-13.068341812939455
2024-06-06 11:00:00,-41.62613675,-42.90826656666667,-54.713657,-13.08752062915039
2024-06-06 11:30:00,-52.408007833333336,-69.37422491666666,-63.631367,-11.223358896402992
2024-06-06 12:00:00,-60.26596896666667,-75.61168186666667,-67.05589,-6.789923977669268
2024-06-06 12:30:00,-68.79974836666666,-74.24907673333333,-66.0358,2.7639512475260375
2024-06-06 13:00:00,-54.33952778333333,-61.84867325000001,-62.336613,-7.997084918082685
2024-06-06 13:30:00,-38.76505123333333,-37.60866545,-53.516804,-14.751752508121747
2024-06-06 14:00:00,-31.3861362,-27.162855366666665,-41.505604,-10.119467590283204
2024-06-06 14:30:00,-24.12861283333333,-28.96901163333333,-29.192127,-5.0635143944498715
2024-06-06 15:00:00,-11.080549016666666,-16.6564395,-13.32616,-2.2456114142415373
2024-06-06 15:30:00,4.254739883333334,-0.2636398000000006,2.418087,-1.8366528777181
2024-06-06 16:00:00,21.59202978333333,13.951700033333331,16.39465,-5.197380277718096
2024-06-06 16:30:00,37.250128933333336,29.58186275,31.598858,-5.651271053694664
2024-06-06 17:00:00,46.20003841666667,44.9333722,43.03877,-3.161269648356125
2024-06-06 17:30:00,53.04683166666666,52.2600755,53.209133,0.162301481526697
2024-06-06 18:00:00,64.48879993333334,64.37642666666666,60.83505,-3.6537512577962303
2024-06-06 18:30:00,68.39857769999999,59.48022396666667,65.83104,-2.5675382712890524
2024-06-06 19:00:00,69.56645543333333,66.10648946666667,68.5336,-1.0328555798177064
2024-06-06 19:30:00,69.22375953333334,75.88363893333333,67.16585,-2.0579117550130235
2024-06-06 20:00:00,70.2074873,65.70771478333333,64.48749,-5.719999507031247
2024-06-06 20:30:00,64.40804601666666,66.08505711666668,59.037777,-5.370269069645175
2024-06-06 21:00:00,52.74744888333333,58.815217233333335,53.937313,1.1898641965006576
2024-06-06 21:30:00,53.11240596666666,50.263262700000006,48.93211,-4.180296133902985
2024-06-06 22:00:00,47.414671133333336,46.117065016666665,45.952343,-1.4623281462727888
2024-06-06 22:30:00,43.60911996666667,50.15346491666667,45.049618,1.4404978006673161
2024-06-06 23:00:00,49.1200096,51.53289053333333,43.025265,-6.094744860009769
2024-06-06 23:30:00,42.384102033333335,50.301339600000006,41.668255,-0.7158471810384128
2024-06-07 00:00:00,43.61824953333333,45.893414766666666,39.36137,-4.256879446663412
2024-06-07 00:30:00,43.68386891666666,42.52429785,38.791424,-4.892445119059239
2024-06-07 01:00:00,36.29977446666667,36.0657428,35.45718,-0.8425944434733097
2024-06-07 01:30:00,31.13570775,31.298213466666667,33.608364,2.4726563552246077
2024-06-07 02:00:00,25.79609795,29.349539383333333,30.506908,4.710810466748047
2024-06-07 02:30:00,25.88157603333333,31.122769450000003,28.408596,2.527020005485028
2024-06-07 03:00:00,25.91125501666667,31.132319583333334,27.893581,1.9823263737141907
2024-06-07 03:30:00,28.687370583333333,28.546291633333336,25.823711,-2.8636591880696614
2024-06-07 04:00:00,31.4697566,31.23503613333333,26.509274,-4.960483070947266
2024-06-07 04:30:00,30.881930066666666,30.52492123333333,30.301311,-0.5806185737467437
2024-06-07 05:00:00,31.005078966666662,31.59919496666667,32.426662,1.421583478401697
2024-06-07 05:30:00,29.11068225,33.18517176666666,34.141567,5.030884980224609
2024-06-07 06:00:00,39.02687496666667,43.66118476666667,40.794796,1.7679210233235665
2024-06-07 06:30:00,45.49728833333334,46.61831911666667,45.42512,-0.07216702596029023
2024-06-07 07:00:00,48.5308003,53.84932156666667,47.519924,-1.0108761361816434
2024-06-07 07:30:00,46.79389046666666,57.655295566666666,42.98129,-3.812601556754551
2024-06-07 08:00:00,35.961044083333334,42.7048233,34.19253,-1.7685124976399749
2024-06-07 08:30:00,15.144006233333334,26.170159533333333,21.404354,6.26034786212565
2024-06-07 09:00:00,-8.171097266666665,-2.757408283333333,5.8056297,13.976726996891275
2024-06-07 09:30:00,-23.74561605,-14.623510016666666,-12.753391,10.992224784130858
2024-06-07 10:00:00,-34.3928194,-22.59863721666667,-28.8084,5.584420199560547
2024-06-07 10:30:00,-44.57054408333334,-31.3621277,-40.984226,3.5863178565266978
2024-06-07 11:00:00,-48.275118266666674,-41.62613675,-49.958027,-1.6829086193196545
2024-06-07 11:30:00,-47.7131271,-52.408007833333336,-56.280415,-8.567287481298827
2024-06-07 12:00:00,-46.46041195,-60.26596896666667,-60.553654,-14.093241767041015
2024-06-07 12:30:00,-62.8798725,-68.79974836666666,-60.00388,2.875992952880857
2024-06-07 13:00:00,-69.39018063333333,-54.33952778333333,-56.861362,12.52881817605794
2024-06-07 13:30:00,-57.22390983333333,-38.76505123333333,-48.73662,8.487287976643877
2024-06-07 14:00:00,-47.939098916666666,-31.3861362,-38.7271,9.211998544352213
2024-06-07 14:30:00,-28.616723816666667,-24.12861283333333,-25.859226,2.7574975898600265
2024-06-07 15:00:00,-19.06893111666667,-11.080549016666666,-11.878849,7.190082087125653
2024-06-07 15:30:00,-4.346378166666668,4.254739883333334,3.1512413,7.497619469156902
2024-06-07 16:00:00,16.724207116666665,21.59202978333333,17.603207,0.8789995178548189
2024-06-07 16:30:00,28.833547566666667,37.250128933333336,32.93733,4.10378077195638
2024-06-07 17:00:00,45.5249633,46.20003841666667,44.885983,-0.6389807865722688
2024-06-07 17:30:00,51.29285895,53.04683166666666,53.58894,2.296080716748044
2024-06-07 18:00:00,54.88856436666666,64.48879993333334,60.08598,5.197415095003265
2024-06-07 18:30:00,54.98552051666667,68.39857769999999,63.330395,8.344874228206379
2024-06-07 19:00:00,55.433711433333336,69.56645543333333,67.11722,11.683506584244789
2024-06-07 19:30:00,54.170688516666665,69.22375953333334,67.35542,13.184734456966147
2024-06-07 20:00:00,55.955245350000006,70.2074873,62.916286,6.961041118505854
2024-06-07 20:30:00,52.52302768333334,64.40804601666666,57.786633,5.263604854508458
2024-06-07 21:00:00,46.1370204,52.74744888333333,51.183743,5.046722123193362
2024-06-07 21:30:00,43.705708816666665,53.11240596666666,49.397717,5.692007705550132
2024-06-07 22:00:00,42.18569208333333,47.414671133333336,48.6981,6.512408960367843
2024-06-07 22:30:00,47.26842691666667,43.60911996666667,47.14439,-0.12403681046549764
2024-06-07 23:00:00,48.76601036666667,49.1200096,43.991985,-4.774025045621748
2024-06-07 23:30:00,40.993901566666665,42.384102033333335,42.85528,1.8613802631673195
2024-06-08 00:00:00,39.93471543333333,43.61824953333333,40.387096,0.45238097169596614
2024-06-08 00:30:00,43.162355733333335,43.68386891666666,39.40539,-3.756964040218101
2024-06-08 01:00:00,43.7566961,36.29977446666667,36.526653,-7.230042810205077
2024-06-08 01:30:00,39.96245723333333,31.13570775,35.45373,-4.5087256964680975
2024-06-08 02:00:00,36.7773039,25.79609795,31.372997,-5.404306616064453
2024-06-08 02:30:00,36.15243878333333,25.88157603333333,28.880215,-7.272224092171221
2024-06-08 03:00:00,33.511898366666664,25.91125501666667,26.890469,-6.621429769254554
2024-06-08 03:30:00,30.108984433333333,28.687370583333333,25.806255,-4.302729092757161
2024-06-08 04:00:00,29.6619918,31.4697566,27.023754,-2.6382376801269523
2024-06-08 04:30:00,30.76358163333333,30.881930066666666,28.371975,-2.3916066882649716
2024-06-08 05:00:00,29.73918203333333,31.005078966666662,31.34724,1.6080584146647183
2024-06-08 05:30:00,32.507275099999994,29.11068225,36.35493,3.847655777685553
2024-06-08 06:00:00,38.3162105,39.02687496666667,40.91531,2.5990994060058625
2024-06-08 06:30:00,42.771269,45.49728833333334,44.309338,1.5380686159668002
2024-06-08 07:00:00,45.20809605,48.5308003,46.803295,1.5951990854980451
2024-06-08 07:30:00,48.09031783333333,46.79389046666666,41.018795,-7.071522819905596
2024-06-08 08:00:00,33.49103598333333,35.961044083333334,34.75384,1.2628054168131513
2024-06-08 08:30:00,13.968289816666667,15.144006233333334,22.437038,8.468748604964192
2024-06-08 09:00:00,0.295912466666666,-8.171097266666665,3.0523949,2.7564824002766932
2024-06-08 09:30:00,-24.58158106666667,-23.74561605,-13.548893,11.032688091813153
2024-06-08 10:00:00,-46.6747944,-34.3928194,-29.764057,16.910737240576175
2024-06-08 10:30:00,-55.59495241666667,-44.57054408333334,-42.848804,12.746147942789719
2024-06-08 11:00:00,-62.32296931666667,-48.275118266666674,-54.45313,7.869840501969406
2024-06-08 11:30:00,-78.23123626666667,-47.7131271,-61.72208,16.50915603595378
2024-06-08 12:00:00,-87.28680236666666,-46.46041195,-64.059906,23.226896360807288
2024-06-08 12:30:00,-76.92039319999999,-62.8798725,-61.534687,15.385706157763664
2024-06-08 13:00:00,-85.1729089,-69.39018063333333,-56.682636,28.490272639013668
2024-06-08 13:30:00,-56.86818878333333,-57.22390983333333,-50.203617,6.664571687386065
2024-06-08 14:00:00,-53.67342566666667,-47.939098916666666,-40.7056,12.967824928141276
2024-06-08 14:30:00,-34.09960026666666,-28.616723816666667,-28.73296,5.3666405193522095
2024-06-08 15:00:00,-15.5098911,-19.06893111666667,-14.7169075,0.7929835987792977
2024-06-08 15:30:00,1.4168813333333332,-4.346378166666668,1.2321892,-0.18469215486653634
2024-06-08 16:00:00,24.019972733333333,16.724207116666665,16.454296,-7.565676621272786
2024-06-08 16:30:00,32.66033825,28.833547566666667,30.264736,-2.395602074462893
2024-06-08 17:00:00,42.264811683333335,45.5249633,43.99914,1.7343300097818997
2024-06-08 17:30:00,51.24102846666667,51.29285895,53.337322,2.096293768440752
2024-06-08 18:00:00,55.88389055,54.88856436666666,59.149654,3.2657638384277377
2024-06-08 18:30:00,56.54029486666667,54.98552051666667,63.583904,7.043609399690752
2024-06-08 19:00:00,60.641268033333326,55.433711433333336,65.00926,4.367994051627612
2024-06-08 19:30:00,55.55330955,54.170688516666665,63.71919,8.165879140185545
2024-06-08 20:00:00,49.714368416666666,55.955245350000006,60.97955,11.265180991292318
2024-06-08 20:30:00,49.44534435,52.52302768333334,56.402126,6.95678196225586
2024-06-08 21:00:00,47.92563446666667,46.1370204,52.966213,5.040578759651687
2024-06-08 21:30:00,41.88046683333334,43.705708816666665,49.051434,7.170966729899085
2024-06-08 22:00:00,39.1233166,42.18569208333333,44.535275,5.411957905615232
2024-06-08 22:30:00,39.15011786666667,47.26842691666667,44.017757,4.867639549104815
2024-06-08 23:00:00,43.78410998333334,48.76601036666667,42.45254,-1.331568632014978
2024-06-08 23:30:00,38.39406323333333,40.993901566666665,41.440136,3.04607272247722
2024-06-09 00:00:00,37.28290998333333,39.93471543333333,39.924313,2.6414026082194013
2024-06-09 00:30:00,37.63170938333334,43.162355733333335,37.918575,0.286865903531897
2024-06-09 01:00:00,34.5419338,43.7566961,35.510067,0.9681331860839819
2024-06-09 01:30:00,30.77478428333333,39.96245723333333,33.83096,3.0561750367350307
2024-06-09 02:00:00,27.3213068,36.7773039,31.028057,3.7067502983886733
2024-06-09 02:30:00,26.24495848333333,36.15243878333333,28.45248,2.2075218328287782
2024-06-09 03:00:00,27.00809995,33.511898366666664,28.286602,1.2785020702636736
2024-06-09 03:30:00,29.7141704,30.108984433333333,26.972088,-2.7420825398925786
2024-06-09 04:00:00,26.66811325,29.6619918,26.613857,-0.05425598071289173
2024-06-09 04:30:00,26.487753100000003,30.76358163333333,30.030743,3.5429895452636693
2024-06-09 05:00:00,30.14508548333333,29.73918203333333,33.69601,3.5509251062662806
2024-06-09 05:30:00,28.001326066666667,32.507275099999994,35.566372,7.565045851057942
2024-06-09 06:00:00,37.32395113333333,38.3162105,40.64755,3.3235975422037782
2024-06-09 06:30:00,40.18517433333333,42.771269,43.2115,3.026323927164718
2024-06-09 07:00:00,40.19003803333333,45.20809605,43.135967,2.9459292213053416
2024-06-09 07:30:00,36.86984685,48.09031783333333,40.645428,3.77558085385742
2024-06-09 08:00:00,25.791459966666665,33.49103598333333,32.104107,6.312646936409507
2024-06-09 08:30:00,10.678851066666669,13.968289816666667,19.89674,9.217888893050128
2024-06-09 09:00:00,-7.128851666666667,0.295912466666666,4.9140587,12.0429103519694
2024-06-09 09:30:00,-24.700583516666665,-24.58158106666667,-11.611485,13.089098989078774
2024-06-09 10:00:00,-40.83338885,-46.6747944,-27.67191,13.161479517724608
2024-06-09 10:30:00,-61.63915336666667,-55.59495241666667,-45.525944,16.113209610563153
2024-06-09 11:00:00,-83.01428543333334,-62.32296931666667,-58.182026,24.832259523909514
2024-06-09 11:30:00,-91.0420822,-78.23123626666667,-66.15068,24.89140165800781
2024-06-09 12:00:00,-92.91270768333334,-87.28680236666666,-68.194855,24.717852947005213
2024-06-09 12:30:00,-100.1963328,-76.92039319999999,-67.09607,33.10026346406249
2024-06-09 13:00:00,-93.0489539,-85.1729089,-62.74811,30.300842175146485
2024-06-09 13:30:00,-79.04730333333333,-56.86818878333333,-56.013294,23.03400911336263
2024-06-09 14:00:00,-67.79900775,-53.67342566666667,-44.907368,22.891640043701173
2024-06-09 14:30:00,-53.83100216666667,-34.09960026666666,-31.710194,22.12080853263347
2024-06-09 15:00:00,-30.3079211,-15.5098911,-16.278782,14.02913920913086
2024-06-09 15:30:00,-5.633168933333334,1.4168813333333332,0.3070488,5.940217730940756
2024-06-09 16:00:00,10.575150583333334,24.019972733333333,16.084301,5.5091504115397125
2024-06-09 16:30:00,23.76434813333333,32.66033825,30.365887,6.6015385548990935
2024-06-09 17:00:00,41.95014486666667,42.264811683333335,41.494762,-0.4553824460123721
2024-06-09 17:30:00,59.475322866666666,51.24102846666667,52.261562,-7.213760519254556
2024-06-09 18:00:00,67.46032325,55.88389055,59.776836,-7.68348685473633
2024-06-09 18:30:00,61.24935743333333,56.54029486666667,63.065716,1.816358356461592
2024-06-09 19:00:00,57.07542101666667,60.641268033333326,64.57002,7.494601566341146
2024-06-09 19:30:00,58.17201345,55.55330955,65.27341,7.1013935324218735
2024-06-09 20:00:00,54.64391168333333,49.714368416666666,62.483074,7.839162504899093
2024-06-09 20:30:00,57.9085704,49.44534435,58.889935,0.9813641397949198
2024-06-09 21:00:00,49.631896000000005,47.92563446666667,53.856045,4.224148769287105
2024-06-09 21:30:00,51.68803498333333,41.88046683333334,48.66554,-3.0224961954915344
2024-06-09 22:00:00,47.634939083333336,39.1233166,45.703518,-1.9314211695149766
2024-06-09 22:30:00,41.70144491666667,39.15011786666667,42.32925,0.6278054190266928
2024-06-09 23:00:00,40.22415623333333,43.78410998333334,39.860912,-0.36324391033528514
2024-06-09 23:30:00,40.15636391666667,38.39406323333333,37.92384,-2.2325243475748735
2024-06-10 00:00:00,41.90129786666666,37.28290998333333,37.519283,-4.382014571988925
2024-06-10 00:30:00,38.835661683333335,37.63170938333334,35.919155,-2.9165065624837254
2024-06-10 01:00:00,36.88505448333333,34.5419338,34.148922,-2.736132516780593
2024-06-10 01:30:00,32.222048916666665,30.77478428333333,33.761486,1.5394371368001316
2024-06-10 02:00:00,28.40120561666667,27.3213068,31.931683,3.530476970003253
2024-06-10 02:30:00,27.56616318333333,26.24495848333333,27.604717,0.03855407130534161
2024-06-10 03:00:00,29.80027115,27.00809995,25.328793,-4.471478577978516
2024-06-10 03:30:00,28.39328195,29.7141704,24.296001,-4.097280515673827
2024-06-10 04:00:00,30.764056333333333,26.66811325,25.774792,-4.989264615804036
2024-06-10 04:30:00,31.153154416666663,26.487753100000003,26.528698,-4.624456449137366
2024-06-10 05:00:00,35.42226791666666,30.14508548333333,27.145977,-8.27629089640299
2024-06-10 05:30:00,37.3736052,28.001326066666667,30.176342,-7.197263189501953
2024-06-10 06:00:00,45.318056266666666,37.32395113333333,37.26164,-8.056417625309244
2024-06-10 06:30:00,40.02373003333333,40.18517433333333,42.34367,2.3199398580240924
2024-06-10 07:00:00,52.88709566666666,40.19003803333333,42.136974,-10.750121331949863
2024-06-10 07:30:00,46.31970726666666,36.86984685,38.213345,-8.106362692692052
2024-06-10 08:00:00,38.78653473333333,25.791459966666665,28.328976,-10.457559055843099
2024-06-10 08:30:00,18.83543333333333,10.678851066666669,16.575787,-2.259646742757159
2024-06-10 09:00:00,-4.12344775,-7.128851666666667,2.104641,6.22808871069336
2024-06-10 09:30:00,-17.549577183333337,-24.700583516666665,-17.371006,0.17857117137044654
2024-06-10 10:00:00,-40.77414253333333,-40.83338885,-33.832996,6.941146164925129
2024-06-10 10:30:00,-57.86713931666667,-61.63915336666667,-49.236347,8.630792118180345
2024-06-10 11:00:00,-81.89080156666667,-83.01428543333334,-60.976307,20.914494651383464
2024-06-10 11:30:00,-90.40227061666668,-91.0420822,-71.582596,18.81967479147137
2024-06-10 12:00:00,-100.02231281666668,-92.91270768333334,-77.24834,22.773976024674496
2024-06-10 12:30:00,-100.3807801,-100.1963328,-77.5984,22.782383798730464
2024-06-10 13:00:00,-88.43469825,-93.0489539,-73.093994,15.340704109374997
2024-06-10 13:30:00,-76.4867278,-79.04730333333333,-65.63002,10.856707658398435
2024-06-10 14:00:00,-61.94854813333333,-67.79900775,-53.784657,8.16389160867513
2024-06-10 14:30:00,-51.8711733,-53.83100216666667,-39.27564,12.595534719677737
2024-06-10 15:00:00,-28.09788226666667,-30.3079211,-22.498554,5.599328036930341
2024-06-10 15:30:00,-8.498238933333335,-5.633168933333334,-5.8109627,2.6872762563313817
2024-06-10 16:00:00,7.202564,10.575150583333334,13.105724,5.903160334716797
2024-06-10 16:30:00,41.3505845,23.76434813333333,27.352703,-13.997881405517575
2024-06-10 17:00:00,52.21020046666666,41.95014486666667,40.10496,-12.105239071402991
2024-06-10 17:30:00,60.6834369,59.475322866666666,51.861324,-8.822112589697262
2024-06-10 18:00:00,58.00770051666667,67.46032325,57.168667,-0.8390336770670572
2024-06-10 18:30:00,59.00677328333333,61.24935743333333,62.01408,3.007306764274091
2024-06-10 19:00:00,64.01783105,57.07542101666667,63.916332,-0.1014988051269512
2024-06-10 19:30:00,65.95638663333334,58.17201345,61.602932,-4.353454657014979
2024-06-10 20:00:00,67.88690613333334,54.64391168333333,58.201595,-9.685310826936856
2024-06-10 20:30:00,58.44995001666666,57.9085704,53.953106,-4.49684409015299
2024-06-10 21:00:00,63.507561116666665,49.631896000000005,50.42645,-13.08111229464518
2024-06-10 21:30:00,53.67325913333334,51.68803498333333,48.25314,-5.4201196374837295
2024-06-10 22:00:00,47.79865383333333,47.634939083333336,44.367825,-3.4308292788899735
2024-06-10 22:30:00,47.208344016666665,41.70144491666667,39.507168,-7.701176200504555
2024-06-10 23:00:00,41.34313553333333,40.22415623333333,38.68179,-2.661346135139972
2024-06-10 23:30:00,39.08204696666667,40.15636391666667,37.86227,-1.2197766114420574
2024-06-11 00:00:00,37.44921933333333,41.90129786666666,37.24159,-0.20763074080403499
2024-06-11 00:30:00,38.99058841666667,38.835661683333335,36.433514,-2.557074775309246
2024-06-11 01:00:00,35.81404835,36.88505448333333,35.996838,0.18278926596679668
2024-06-11 01:30:00,37.53941388333333,32.222048916666665,32.8392,-4.700214817171222
2024-06-11 02:00:00,34.23740218333333,28.40120561666667,30.536892,-3.700510246077471
2024-06-11 02:30:00,30.86863153333333,27.56616318333333,27.696087,-3.1725446497884064
2024-06-11 03:00:00,29.3197443,29.80027115,25.533459,-3.786285590283203
2024-06-11 03:30:00,32.49878161666666,28.39328195,25.603848,-6.8949341130045525
2024-06-11 04:00:00,33.53017515,30.764056333333333,26.243633,-7.286541879736326
2024-06-11 04:30:00,35.00699148333334,31.153154416666663,26.03201,-8.974982358577478
2024-06-11 05:00:00,35.64065953333333,35.42226791666666,28.884548,-6.756111346077468
2024-06-11 05:30:00,35.16355711666667,37.3736052,31.770428,-3.3931294128092446
2024-06-11 06:00:00,32.64993711666667,45.318056266666666,38.36572,5.715781724886064
2024-06-11 06:30:00,40.39693006666667,40.02373003333333,43.029385,2.6324545463704396
2024-06-11 07:00:00,53.9068133,52.88709566666666,41.671337,-12.235476172314456
2024-06-11 07:30:00,53.57085005,46.31970726666666,37.737743,-15.83310667231445
2024-06-11 08:00:00,45.8313545,38.78653473333333,29.471355,-16.35999906176758
2024-06-11 08:30:00,28.50326628333333,18.83543333333333,16.244045,-12.259221025764969
2024-06-11 09:00:00,17.458880483333335,-4.12344775,-1.3214607,-18.780341207210288
2024-06-11 09:30:00,14.007760016666667,-17.549577183333337,-19.42432,-33.43208023761393
2024-06-11 10:00:00,6.944007199999999,-40.77414253333333,-34.036686,-40.98069314360352
2024-06-11 10:30:00,-2.966815050000001,-57.86713931666667,-49.382145,-46.415329877978515
2024-06-11 11:00:00,-18.445527483333333,-81.89080156666667,-63.262165,-44.81663758624674
2024-06-11 11:30:00,-23.76307853333333,-90.40227061666668,-73.48509,-49.72201362975261
2024-06-11 12:00:00,-24.796856,-100.02231281666668,-78.18335,-53.386493609375
2024-06-11 12:30:00,-30.9391856,-100.3807801,-78.216354,-47.277168770117186
2024-06-11 13:00:00,-29.08317215,-88.43469825,-75.65116,-46.56798904384766
2024-06-11 13:30:00,-21.016343916666667,-76.4867278,-67.39667,-46.38032356380208
2024-06-11 14:00:00,-24.674820466666663,-61.94854813333333,-54.97759,-30.30276818689779
2024-06-11 14:30:00,-23.7315955,-51.8711733,-41.485752,-17.75415660571289
2024-06-11 15:00:00,-6.3547145,-28.09788226666667,-24.76395,-18.40923584790039
2024-06-11 15:30:00,9.903962016666666,-8.498238933333335,-9.060993,-18.964955211246746
2024-06-11 16:00:00,15.472197633333332,7.202564,7.0601006,-8.41209707791341
2024-06-11 16:30:00,32.42560481666667,41.3505845,26.58398,-5.841624256363936
2024-06-11 17:00:00,42.00765315,52.21020046666666,39.953716,-2.053936871923831
2024-06-11 17:30:00,65.46127436666667,60.6834369,49.056652,-16.404622297574875
2024-06-11 18:00:00,67.33983708333334,58.00770051666667,58.015438,-9.324399003499352
2024-06-11 18:30:00,73.19383766666667,59.00677328333333,63.752438,-9.441400075113933
2024-06-11 19:00:00,71.71423455,64.01783105,65.522415,-6.191819388867188
2024-06-11 19:30:00,69.12605786666667,65.95638663333334,62.669018,-6.457040074918623
2024-06-11 20:00:00,63.110547283333325,67.88690613333334,59.650204,-3.460343578499341
2024-06-11 20:30:00,62.74601603333334,58.44995001666666,54.08856,-8.657457836311856
2024-06-11 21:00:00,58.81156828333334,63.507561116666665,50.58064,-8.23092939783529
2024-06-11 21:30:00,52.71689693333334,53.67325913333334,47.683895,-5.0330018222493536
2024-06-11 22:00:00,52.57309849999999,47.79865383333333,45.890057,-6.683041889892571
2024-06-11 22:30:00,38.390575616666666,47.208344016666665,42.229763,3.839187414339193
2024-06-11 23:00:00,39.98602498333333,41.34313553333333,40.009,0.02297388751627949
2024-06-11 23:30:00,43.99601008333333,39.08204696666667,39.39407,-4.601940411702472
2024-06-12 00:00:00,43.20658748333333,37.44921933333333,38.11088,-5.095705677913408
2024-06-12 00:30:00,38.936549516666666,38.99058841666667,36.691174,-2.2453759631998693
2024-06-12 01:00:00,38.34720265,35.81404835,35.57182,-2.775383344580078
2024-06-12 01:30:00,32.35780656666667,37.53941388333333,34.435955,2.0781484809407544
2024-06-12 02:00:00,27.65024765,34.23740218333333,32.069363,4.419114990380859
2024-06-12 02:30:00,31.19041238333333,30.86863153333333,29.666927,-1.5234850456868472
2024-06-12 03:00:00,30.621169483333333,29.3197443,27.58836,-3.0328096505696607
2024-06-12 03:30:00,31.6223794,32.49878161666666,25.65736,-5.965019323095703
2024-06-12 04:00:00,27.72036385,33.53017515,26.25822,-1.4621431773925764
2024-06-12 04:30:00,31.844361000000003,35.00699148333334,28.707973,-3.1363875197753934
2024-06-12 05:00:00,32.14789385,35.64065953333333,30.556194,-1.5916995445800808
2024-06-12 05:30:00,34.257557383333335,35.16355711666667,33.4555,-0.8020558269368507
2024-06-12 06:00:00,39.831934833333335,32.64993711666667,36.220425,-3.611510181233726
2024-06-12 06:30:00,40.364398816666665,40.39693006666667,40.693554,0.32915510789388236
2024-06-12 07:00:00,48.89524625000001,53.9068133,42.5769,-6.318345767822272
2024-06-12 07:30:00,45.013643316666666,53.57085005,38.434765,-6.578878454606119
2024-06-12 08:00:00,35.714221583333334,45.8313545,29.274899,-6.4393230542805995
2024-06-12 08:30:00,6.1301797833333325,28.50326628333333,15.166088,9.035908320914714
2024-06-12 09:00:00,-16.172583133333333,17.458880483333335,-1.4851265,14.687456637972005
2024-06-12 09:30:00,-28.353101483333333,14.007760016666667,-16.857227,11.49587415789388
2024-06-12 10:00:00,-53.53165111666667,6.944007199999999,-31.73264,21.799011803922532
2024-06-12 10:30:00,-59.056913400000006,-2.966815050000001,-46.817432,12.239480996435553
2024-06-12 11:00:00,-91.39159523333336,-18.445527483333333,-57.685658,33.70593773211266
2024-06-12 11:30:00,-89.610479,-23.76307853333333,-64.87077,24.73970568457031
2024-06-12 12:00:00,-91.76932993333332,-24.796856,-67.8499,23.919430641341137
2024-06-12 12:30:00,-91.55366328333334,-30.9391856,-66.42229,25.131376296028648
2024-06-12 13:00:00,-97.43082781666668,-29.08317215,-60.90346,36.52736636036785
2024-06-12 13:30:00,-91.19978848333334,-21.016343916666667,-53.512074,37.68771496648763
2024-06-12 14:00:00,-71.34340255,-24.674820466666663,-43.106953,28.236449882763665
2024-06-12 14:30:00,-36.868712183333336,-23.7315955,-29.629093,7.239619013167321
2024-06-12 15:00:00,-19.7218906,-6.3547145,-15.334431,4.38745990541992
2024-06-12 15:30:00,4.199159966666668,9.903962016666666,1.647625,-2.5515349971842465
2024-06-12 16:00:00,18.992647283333334,15.472197633333332,16.659588,-2.3330594232259116
2024-06-12 16:30:00,34.004467883333334,32.42560481666667,30.48222,-3.5222481872884117
2024-06-12 17:00:00,52.176015516666666,42.00765315,41.781445,-10.39457096710612
2024-06-12 17:30:00,58.74657836666668,65.46127436666667,51.73074,-7.015838773160823
2024-06-12 18:00:00,76.31658393333333,67.33983708333334,58.031353,-18.285230936507162
2024-06-12 18:30:00,76.22513995,73.19383766666667,62.16273,-14.062408779345702
2024-06-12 19:00:00,83.0152729,71.71423455,64.36583,-18.649443432226562
2024-06-12 19:30:00,74.64707496666666,69.12605786666667,63.277843,-11.369231491324868
2024-06-12 20:00:00,72.723759,63.110547283333325,59.464,-13.259758298095704
2024-06-12 20:30:00,62.65387846666667,62.74601603333334,55.4472,-7.206677691520184
2024-06-12 21:00:00,54.17882778333333,58.81156828333334,51.90771,-2.271116754280598
2024-06-12 21:30:00,58.89165425,52.71689693333334,49.152264,-9.73939060864258
2024-06-12 22:00:00,53.14133688333334,52.57309849999999,47.183117,-5.958219970491541
2024-06-12 22:30:00,42.70039825,38.390575616666666,44.98672,2.28632278881836
2024-06-12 23:00:00,41.23363006666667,39.98602498333333,42.473248,1.2396174614095017
2024-06-12 23:30:00,43.34681985,43.99601008333333,39.464077,-3.8827428541503934
2024-06-13 00:00:00,45.268814600000006,43.20658748333333,37.18635,-8.08246282387696
2024-06-13 00:30:00,40.46221818333333,38.936549516666666,36.290478,-4.17174043064778
2024-06-13 01:00:00,38.35997438333333,38.34720265,36.69224,-1.6677327146321588
2024-06-13 01:30:00,34.7998527,32.35780656666667,33.935192,-0.8646605918457055
2024-06-13 02:00:00,38.05271785,27.65024765,31.868786,-6.183931991845704
2024-06-13 02:30:00,33.43138518333333,31.19041238333333,28.083065,-5.348320150374349
2024-06-13 03:00:00,30.218406666666667,30.621169483333333,26.371227,-3.8471794022623698
2024-06-13 03:30:00,31.9834939,31.6223794,25.671993,-6.311500644384765
2024-06-13 04:00:00,34.9656382,27.72036385,26.932537,-8.033101121142579
2024-06-13 04:30:00,33.88550658333333,31.844361000000003,29.987011,-3.8984956275227844
2024-06-13 05:00:00,36.35128945,32.14789385,32.488216,-3.8630730498535186
2024-06-13 05:30:00,35.17454015,34.257557383333335,39.2346,4.060059917138673
2024-06-13 06:00:00,41.142375,39.831934833333335,42.702053,1.5596780700683581
2024-06-13 06:30:00,43.67814833333333,40.364398816666665,46.482265,2.8041171390787767
2024-06-13 07:00:00,45.503058333333335,48.89524625000001,48.422222,2.9191638041178365
2024-06-13 07:30:00,44.85111375,45.013643316666666,42.302425,-2.548688365478519
2024-06-13 08:00:00,34.55832061666667,35.714221583333334,32.910168,-1.648152922574873
2024-06-13 08:30:00,13.229092283333337,6.1301797833333325,20.90327,7.67417843810221
2024-06-13 09:00:00,-0.4083861500000004,-16.172583133333333,3.758358,4.1667441517089845
2024-06-13 09:30:00,2.778894800000001,-28.353101483333333,-14.273899,-17.05279387836914
2024-06-13 10:00:00,-17.542580633333333,-53.53165111666667,-31.232853,-13.690272302457682
2024-06-13 10:30:00,-28.2958801,-59.056913400000006,-47.00394,-18.70806048227539
2024-06-13 11:00:00,-51.3048862,-91.39159523333336,-59.280552,-7.975665710400392
2024-06-13 11:30:00,-60.61824388333333,-89.610479,-68.14696,-7.52871351412761
2024-06-13 12:00:00,-52.87579155,-91.76932993333332,-73.23712,-20.361330032031248
2024-06-13 12:30:00,-58.93208951666667,-91.55366328333334,-69.9156,-10.98351412102864
2024-06-13 13:00:00,-42.61408565,-97.43082781666668,-66.69151,-24.077427411523438
2024-06-13 13:30:00,-26.85798455,-91.19978848333334,-61.166477,-34.30849265336914
2024-06-13 14:00:00,-9.675824516666667,-71.34340255,-51.61858,-41.94275534783529
2024-06-13 14:30:00,-4.8510188833333325,-36.868712183333336,-38.452793,-33.60177423800456
2024-06-13 15:00:00,-0.3357529333333328,-19.7218906,-23.366505,-23.03075173585612
2024-06-13 15:30:00,8.4730406,4.199159966666668,-5.7687874,-14.241827984033202
2024-06-13 16:00:00,20.5019271,18.992647283333334,11.982342,-8.519585333642578
2024-06-13 16:30:00,48.8833871,34.004467883333334,26.53024,-22.35314799477539
2024-06-13 17:00:00,56.09294895,52.176015516666666,41.133297,-14.959651983447266
2024-06-13 17:30:00,69.5940756,58.74657836666668,51.17442,-18.419656196923825
2024-06-13 18:00:00,79.18380443333334,76.31658393333333,58.368664,-20.81514064549154
2024-06-13 18:30:00,79.48141333333334,76.22513995,63.877926,-15.603487460530602
2024-06-13 19:00:00,85.98708456666667,83.0152729,66.9588,-19.028283297135417
2024-06-13 19:30:00,79.84797533333334,74.64707496666666,64.56705,-15.280928214192713
2024-06-13 20:00:00,69.29879418333333,72.723759,61.704967,-7.593826684554031
2024-06-13 20:30:00,58.0149739,62.65387846666667,58.98103,0.9660556104980458
2024-06-13 21:00:00,62.5771739,54.17882778333333,54.262188,-8.314985942236326
2024-06-13 21:30:00,61.10537448333333,58.89165425,50.56689,-10.538483766780594
2024-06-13 22:00:00,48.481939350000005,53.14133688333334,46.78686,-1.6950779303222703
2024-06-13 22:30:00,50.95372661666666,42.70039825,43.65048,-7.3032482536295475
2024-06-13 23:00:00,55.54193225,41.23363006666667,41.46313,-14.078801299072268
2024-06-13 23:30:00,53.3582967,43.34681985,39.383877,-13.974419899462887
2024-06-14 00:00:00,51.08256226666666,45.268814600000006,39.07736,-12.005204020817054
2024-06-14 00:30:00,50.714149,40.46221818333333,37.627544,-13.086604596923827
2024-06-14 01:00:00,42.11863543333333,38.35997438333333,35.26736,-6.851274746077472
2024-06-14 01:30:00,32.88884721666667,34.7998527,34.439983,1.551136151253253
2024-06-14 02:00:00,31.138325866666666,38.05271785,31.411617,0.2732914123860688
2024-06-14 02:30:00,34.49323345,33.43138518333333,29.065258,-5.427975423876951
2024-06-14 03:00:00,31.651203316666667,30.218406666666667,29.271175,-2.3800279321451825
2024-06-14 03:30:00,31.746148916666662,31.9834939,29.174084,-2.5720652069498655
2024-06-14 04:00:00,31.3703431,34.9656382,28.23846,-3.131882559228515
2024-06-14 04:30:00,33.17865045,33.88550658333333,29.102688,-4.07596261430664
2024-06-14 05:00:00,29.164258283333336,36.35128945,32.920223,3.7559649527506487
2024-06-14 05:30:00,35.103249166666664,35.17454015,35.848415,0.745166208089195
2024-06-14 06:00:00,36.79456775,41.142375,41.452297,4.657729460693361
2024-06-14 06:30:00,44.506034983333336,43.67814833333333,43.575375,-0.9306603800618518
2024-06-14 07:00:00,50.46301398333333,45.503058333333335,43.435375,-7.027638769710286
2024-06-14 07:30:00,47.31563396666667,44.85111375,36.84228,-10.473352625113932
2024-06-14 08:00:00,43.1632988,34.55832061666667,30.92207,-12.241229250439453
2024-06-14 08:30:00,21.40484401666667,13.229092283333337,17.854794,-3.5500504680826843
2024-06-14 09:00:00,0.8598344500000001,-0.4083861500000004,2.3096733,1.4498388593261717
2024-06-14 09:30:00,-14.179375899999998,2.778894800000001,-13.260456,0.9189198147949202
2024-06-14 10:00:00,-18.0865895,-17.542580633333333,-28.849522,-10.762932136962892
2024-06-14 10:30:00,-32.75396463333333,-28.2958801,-43.87084,-11.11687353194987
2024-06-14 11:00:00,-35.894767083333335,-51.3048862,-57.01575,-21.12098380167643
2024-06-14 11:30:00,-36.67896161666667,-60.61824388333333,-66.220825,-29.54186357864583
2024-06-14 12:00:00,-35.54833778333333,-52.87579155,-69.77637,-34.22802940416667
2024-06-14 12:30:00,-32.554912116666664,-58.93208951666667,-68.19298,-35.638065788606774
2024-06-14 13:00:00,-19.5504037,-42.61408565,-62.920918,-43.370513810986324
2024-06-14 13:30:00,-25.75209115,-26.85798455,-54.790882,-29.038790960595705
2024-06-14 14:00:00,-21.065688283333333,-9.675824516666667,-43.10352,-22.037831156363932
2024-06-14 14:30:00,-0.2305870666666679,-4.8510188833333325,-28.009357,-27.77877038572591
2024-06-14 15:00:00,9.142356166666666,-0.3357529333333328,-10.477985,-19.620341548746744
2024-06-14 15:30:00,22.82241491666667,8.4730406,8.010159,-14.81225637784831
2024-06-14 16:00:00,32.20158008333333,20.5019271,24.258724,-7.942855870686849
2024-06-14 16:30:00,45.668037266666666,48.8833871,39.388332,-6.279704899723306
2024-06-14 17:00:00,52.23100096666667,56.09294895,51.954388,-0.27661330187174826
2024-06-14 17:30:00,55.681103400000005,69.5940756,61.893276,6.2121728145996045
2024-06-14 18:00:00,51.39735386666666,79.18380443333334,68.17537,16.77801539602865
2024-06-14 18:30:00,56.95350786666666,79.48141333333334,71.61975,14.666243109895838
2024-06-14 19:00:00,64.58154491666666,85.98708456666667,70.43921,5.857664067708342
2024-06-14 19:30:00,68.10175715,79.84797533333334,68.87967,0.7779120394531276
2024-06-14 20:00:00,70.03457335,69.29879418333333,64.39914,-5.635433945703127
2024-06-14 20:30:00,59.54265346666667,58.0149739,59.25822,-0.28443279405924926
2024-06-14 21:00:00,54.02214336666666,62.5771739,54.635296,0.6131525012532606
2024-06-14 21:30:00,53.70270993333333,61.10537448333333,50.881878,-2.820832034163409
2024-06-14 22:00:00,59.536446000000005,48.481939350000005,48.13676,-11.399685288330083
2024-06-14 22:30:00,48.44408385,50.95372661666666,43.71806,-4.7260243102050765
2024-06-14 23:00:00,37.669320416666665,55.54193225,43.348797,5.679476427815757
2024-06-14 23:30:00,39.500377416666666,53.3582967,41.911892,2.4115145205891935
2024-06-15 00:00:00,37.33541566666667,51.08256226666666,40.846172,3.510756666097002
2024-06-15 00:30:00,45.68011176666667,50.714149,39.535213,-6.1448982962076855
2024-06-15 01:00:00,40.64683386666667,42.11863543333333,38.275127,-2.3717064557779963
2024-06-15 01:30:00,35.32578221666667,32.88884721666667,35.81445,0.4886670936360673
2024-06-15 02:00:00,33.979530016666665,31.138325866666666,32.442226,-1.5373036067545556
2024-06-15 02:30:00,31.78852953333333,34.49323345,31.909756,0.12122617345377762
2024-06-15 03:00:00,26.0766735,31.651203316666667,29.36076,3.2840862351074236
2024-06-15 03:30:00,28.792198366666668,31.746148916666662,28.71191,-0.08028811886393328
2024-06-15 04:00:00,30.64161436666667,31.3703431,28.868984,-1.7726301442545598
2024-06-15 04:30:00,31.30239548333333,33.17865045,30.51495,-0.787445684749347
2024-06-15 05:00:00,29.0443521,29.164258283333336,32.587063,3.5427107356933583
2024-06-15 05:30:00,30.002520566666664,35.103249166666664,35.553905,5.5513849203938825
2024-06-15 06:00:00,36.35950118333333,36.79456775,39.71844,3.3589398261881556
2024-06-15 06:30:00,40.7199522,44.506034983333336,41.75691,1.0369562167480453
2024-06-15 07:00:00,41.41471108333334,50.46301398333333,42.105145,0.6904334173990847
2024-06-15 07:30:00,39.9346083,47.31563396666667,37.901775,-2.032832939892579
2024-06-15 08:00:00,33.75988085,43.1632988,30.284359,-3.4755218717285175
2024-06-15 08:30:00,18.54033678333333,21.40484401666667,17.955273,-0.5850641087727837
2024-06-15 09:00:00,2.802102916666667,0.8598344500000001,1.8260918,-0.9760111503092452
2024-06-15 09:30:00,-10.3030695,-14.179375899999998,-14.075291,-3.772221179931641
2024-06-15 10:00:00,-28.52681503333333,-18.0865895,-29.27074,-0.7439254756998714
2024-06-15 10:30:00,-41.7200889,-32.75396463333333,-42.935734,-1.2156448951660153
2024-06-15 11:00:00,-61.02607341666667,-35.894767083333335,-54.888493,6.137580832438154
2024-06-15 11:30:00,-62.93350445000001,-36.67896161666667,-62.41483,0.5186751958496174
2024-06-15 12:00:00,-69.49387495,-35.54833778333333,-65.04669,4.447183055468756
2024-06-15 12:30:00,-77.7736319,-32.554912116666664,-64.91432,12.859310000585936
2024-06-15 13:00:00,-53.71011763333333,-19.5504037,-57.90581,-4.19569367648112
2024-06-15 13:30:00,-48.30044218333333,-25.75209115,-49.328053,-1.027610337418622
2024-06-15 14:00:00,-37.02655275,-21.065688283333333,-39.209415,-2.182862685791015
2024-06-15 14:30:00,-23.08616915,-0.2305870666666679,-23.443638,-0.3574686979003907
2024-06-15 15:00:00,3.275435966666666,9.142356166666666,-7.5303993,-10.805835289176432
2024-06-15 15:30:00,13.879057949999998,22.82241491666667,9.518612,-4.360446042041014
2024-06-15 16:00:00,31.81009283333333,32.20158008333333,25.177883,-6.632209685139969
2024-06-15 16:30:00,57.04427453333333,45.668037266666666,39.42396,-17.620312893929032
2024-06-15 17:00:00,69.37510076666666,52.23100096666667,50.164364,-19.210736905582678
2024-06-15 17:30:00,89.69705383333333,55.681103400000005,59.959026,-29.738027496663406
2024-06-15 18:00:00,101.36665935,51.39735386666666,64.72215,-36.64450664003907
2024-06-15 18:30:00,90.98958963333332,56.95350786666666,67.16234,-23.827251376497387
2024-06-15 19:00:00,80.78201026666666,64.58154491666666,68.14557,-12.63644141901041
2024-06-15 19:30:00,75.96632601666667,68.10175715,67.20709,-8.75923373151042
2024-06-15 20:00:00,70.61677751666666,70.03457335,63.599255,-7.017522908512362
2024-06-15 20:30:00,67.3739141,59.54265346666667,59.26269,-8.111222602197259
2024-06-15 21:00:00,60.538593866666666,54.02214336666666,52.42291,-8.115685083707682
2024-06-15 21:30:00,63.01438396666666,53.70270993333333,49.471447,-13.54293697569986
2024-06-15 22:00:00,61.00646111666666,59.536446000000005,47.5229,-13.48356148898111
2024-06-15 22:30:00,56.26522335000001,48.44408385,45.043407,-11.22181590981446
2024-06-15 23:00:00,53.08528566666666,37.669320416666665,44.084957,-9.000328543863922
2024-06-15 23:30:00,48.46502213333333,39.500377416666666,42.997387,-5.467635200960281
2024-06-16 00:00:00,44.952244,37.33541566666667,41.501156,-3.451088146728516
2024-06-16 00:30:00,43.16815775,45.68011176666667,40.8287,-2.3394567307128895
2024-06-16 01:00:00,39.66539995,40.64683386666667,39.694103,0.02870329096679569
2024-06-16 01:30:00,37.88035726666666,35.32578221666667,36.545696,-1.334661008121735
2024-06-16 02:00:00,38.348725,33.979530016666665,34.14587,-4.202854791259767
2024-06-16 02:30:00,37.811808883333335,31.78852953333333,31.103512,-6.7082970730306
2024-06-16 03:00:00,33.59824293333333,26.0766735,29.240734,-4.357508832991535
2024-06-16 03:30:00,33.17614666666667,28.792198366666668,29.573391,-3.6027557059733084
2024-06-16 04:00:00,34.71929376666667,30.64161436666667,30.264004,-4.455290013004557
2024-06-16 04:30:00,35.09300546666666,31.30239548333333,30.274044,-4.818961429801426
2024-06-16 05:00:00,33.6015049,29.0443521,31.84019,-1.76131401254883
2024-06-16 05:30:00,37.65569023333334,30.002520566666664,35.51547,-2.140221635921229
2024-06-16 06:00:00,46.78854291666666,36.35950118333333,40.269314,-6.5192291044107975
2024-06-16 06:30:00,56.7225576,40.7199522,44.21168,-12.510876234033205
2024-06-16 07:00:00,55.40732033333333,41.41471108333334,45.22195,-10.185369802327472
2024-06-16 07:30:00,51.37839103333334,39.9346083,40.659634,-10.718757396858727
2024-06-16 08:00:00,38.753666566666666,33.75988085,33.693874,-5.059792207535807
2024-06-16 08:30:00,18.51060935,18.54033678333333,21.744274,3.2336647894042976
2024-06-16 09:00:00,-0.9950789999999996,2.802102916666667,6.060543,7.055622060302734
2024-06-16 09:30:00,-32.52656331666667,-10.3030695,-11.187138,21.339425712906902
2024-06-16 10:00:00,-64.47263823333334,-28.52681503333333,-26.404438,38.068200214534514
2024-06-16 10:30:00,-83.15787111666667,-41.7200889,-40.20075,42.957122673063154
2024-06-16 11:00:00,-94.7501853,-61.02607341666667,-51.929417,42.82076864350586
2024-06-16 11:30:00,-117.23513618333334,-62.93350445000001,-60.624943,56.61019340379232
2024-06-16 12:00:00,-119.78307723333334,-69.49387495,-66.857376,52.92570113470053
2024-06-16 12:30:00,-119.42476655,-77.7736319,-65.17345,54.251319894726564
2024-06-16 13:00:00,-112.1917461,-53.71011763333333,-60.27335,51.91839633803711
2024-06-16 13:30:00,-94.89851498333331,-48.30044218333333,-50.45171,44.44680523601886
2024-06-16 14:00:00,-72.00992889999999,-37.02655275,-39.588978,32.42095108627929
2024-06-16 14:30:00,-57.60937723333333,-23.08616915,-26.988056,30.621321050472005
2024-06-16 15:00:00,-26.3250917,3.275435966666666,-9.974857,16.350234369677736
2024-06-16 15:30:00,-8.7673177,13.879057949999998,6.4606133,15.227930950732421
2024-06-16 16:00:00,14.5549927,31.81009283333333,22.528255,7.973262762646485
2024-06-16 16:30:00,27.48371663333333,57.04427453333333,37.626995,10.143278453336592
2024-06-16 17:00:00,49.8014349,69.37510076666666,52.54791,2.7464738829589876
2024-06-16 17:30:00,55.21997568333333,89.69705383333333,63.290005,8.070029046891278
2024-06-16 18:00:00,65.74380939999999,101.36665935,71.39996,5.656153978906261
2024-06-16 18:30:00,76.26387960000001,90.98958963333332,75.82495,-0.4389284281250099
2024-06-16 19:00:00,75.98963513333332,80.78201026666666,75.23372,-0.7559162612630104
2024-06-16 19:30:00,70.45575101666667,75.96632601666667,72.27139,1.8156418055989576
2024-06-16 20:00:00,66.74335221666666,70.61677751666666,67.602036,0.8586833057942727
2024-06-16 20:30:00,67.55233955,67.3739141,62.850353,-4.701986309033202
2024-06-16 21:00:00,64.99360051666666,60.538593866666666,57.06004,-7.9335609964029885
2024-06-16 21:30:00,62.28223825,63.01438396666666,53.73283,-8.549408202392577
2024-06-16 22:00:00,61.25580745,61.00646111666666,51.754314,-9.501493027392577
2024-06-16 22:30:00,53.8405206,56.26522335000001,48.22514,-5.615380982080076
2024-06-16 23:00:00,50.05685211666667,53.08528566666666,44.214947,-5.841905369840497
2024-06-16 23:30:00,48.99975055,48.46502213333333,40.48579,-8.513960297314455
2024-06-17 00:00:00,48.7100931,44.952244,39.42683,-9.283262808251955
2024-06-17 00:30:00,43.18285983333333,43.16815775,36.813732,-6.369127686116535
2024-06-17 01:00:00,41.24151155,39.66539995,33.598064,-7.643447127392577
2024-06-17 01:30:00,34.511033950000005,37.88035726666666,32.877804,-1.6332301475097708
2024-06-17 02:00:00,35.63664405,38.348725,30.922482,-4.714162513134767
2024-06-17 02:30:00,33.35746618333334,37.811808883333335,29.346111,-4.011354885725915
2024-06-17 03:00:00,35.2957673,33.59824293333333,29.657192,-5.638575069775392
2024-06-17 03:30:00,36.81493738333334,33.17614666666667,27.380993,-9.43394449392904
2024-06-17 04:00:00,34.5930934,34.71929376666667,26.44865,-8.144443039892579
2024-06-17 04:30:00,36.007869916666664,35.09300546666666,29.046368,-6.961502271402992
2024-06-17 05:00:00,36.55262378333333,33.6015049,31.436611,-5.116012607796222
2024-06-17 05:30:00,40.337257183333335,37.65569023333334,36.492016,-3.8452413447102884
2024-06-17 06:00:00,47.02771778333334,46.78854291666666,42.428387,-4.599331095100915
2024-06-17 06:30:00,49.08162061666667,56.7225576,45.91717,-3.1644491383951845
2024-06-17 07:00:00,58.83984601666666,55.40732033333333,44.43623,-14.403616310856115
2024-06-17 07:30:00,61.16600838333333,51.37839103333334,39.94177,-21.224239737093093
2024-06-17 08:00:00,46.35680625,38.753666566666666,32.18379,-14.173017950439451
2024-06-17 08:30:00,24.607166516666663,18.51060935,20.614315,-3.9928514837076783
2024-06-17 09:00:00,-2.8272582833333337,-0.9950789999999996,5.3033714,8.130629712776694
2024-06-17 09:30:00,-24.08687168333333,-32.52656331666667,-12.708546,11.378325998518878
2024-06-17 10:00:00,-43.70028348333333,-64.47263823333334,-27.765934,15.934349492854814
2024-06-17 10:30:00,-76.81279376666667,-83.15787111666667,-44.40816,32.404632603336594
2024-06-17 11:00:00,-87.63314605,-94.7501853,-56.572422,31.060724022412103
2024-06-17 11:30:00,-85.38227923333334,-117.23513618333334,-66.91586,18.46641619622396
2024-06-17 12:00:00,-94.78017468333331,-119.78307723333334,-71.08301,23.697166870833314
2024-06-17 12:30:00,-96.7304221,-119.42476655,-70.468185,26.26223667519531
2024-06-17 13:00:00,-93.10875056666669,-112.1917461,-68.75433,24.354417070572936
2024-06-17 13:30:00,-83.16035065,-94.89851498333331,-61.400852,21.759498446630857
2024-06-17 14:00:00,-52.743565116666666,-72.00992889999999,-49.965824,2.7777409894694003
2024-06-17 14:30:00,-23.363876883333333,-57.60937723333333,-34.167545,-10.803668435270183
2024-06-17 15:00:00,-8.165559516666669,-26.3250917,-16.360935,-8.195375694514972
2024-06-17 15:30:00,10.4031584,-8.7673177,1.8003807,-8.602777693212891
2024-06-17 16:00:00,34.678344,14.5549927,19.47607,-15.202273595947268
2024-06-17 16:30:00,51.85875895,27.48371663333333,33.847256,-18.011503243212893
2024-06-17 17:00:00,63.78862741666666,49.8014349,49.451275,-14.337352544840485
2024-06-17 17:30:00,70.79762241666667,55.21997568333333,59.831554,-10.966068003824873
2024-06-17 18:00:00,82.0207401,65.74380939999999,67.45772,-14.563022204492185
2024-06-17 18:30:00,92.29560041666666,76.26387960000001,73.157364,-19.138236525065096
2024-06-17 19:00:00,86.37530921666666,75.98963513333332,73.455154,-12.920154797721352
2024-06-17 19:30:00,84.39814606666665,70.45575101666667,71.8159,-12.582243356705717
2024-06-17 20:00:00,80.04722111666668,66.74335221666666,69.21373,-10.83349125826824
2024-06-17 20:30:00,72.32567123333334,67.55233955,63.97688,-8.348792113460291
2024-06-17 21:00:00,51.09928666666666,64.99360051666666,56.896282,5.796995529378265
2024-06-17 21:30:00,52.497554650000005,62.28223825,52.177425,-0.3201292654785206
2024-06-17 22:00:00,50.57664391666666,61.25580745,48.039944,-2.536700221598302
2024-06-17 22:30:00,42.91676881666667,53.8405206,44.817883,1.901113721175129
2024-06-17 23:00:00,42.67007723333333,50.05685211666667,42.327297,-0.3427800226399711
2024-06-17 23:30:00,46.57889395,48.99975055,41.91244,-4.666452696337892
2024-06-18 00:00:00,45.612890533333335,48.7100931,42.681896,-2.930994323616538
2024-06-18 00:30:00,43.02565106666666,43.18285983333333,41.995144,-1.030507176285802
2024-06-18 01:00:00,40.45715335,41.24151155,40.891598,0.4344443978027357
2024-06-18 01:30:00,38.69509158333333,34.511033950000005,38.921078,0.2259861449381546
2024-06-18 02:00:00,35.59205788333333,35.63664405,35.08656,-0.5054985876790354
2024-06-18 02:30:00,33.22535505,33.35746618333334,34.26913,1.043775656787112
2024-06-18 03:00:00,37.92618553333333,35.2957673,31.75703,-6.169155046272785
2024-06-18 03:30:00,39.43758498333333,36.81493738333334,29.99519,-9.442395316585284
2024-06-18 04:00:00,39.32103015,34.5930934,28.977398,-10.343632231298827
2024-06-18 04:30:00,39.3894995,36.007869916666664,29.450985,-9.938514545166015
2024-06-18 05:00:00,40.62204328333333,36.55262378333333,31.697735,-8.924308450569661
2024-06-18 05:30:00,40.85673956666667,40.337257183333335,36.215816,-4.640923068863934
2024-06-18 06:00:00,45.660886266666665,47.02771778333334,39.755108,-5.905778387027993
2024-06-18 06:30:00,60.66848595,49.08162061666667,41.180233,-19.488252948291013
2024-06-18 07:00:00,60.826345,58.83984601666666,41.734554,-19.09179070922852
2024-06-18 07:30:00,60.907689016666666,61.16600838333333,37.659527,-23.248162191715494
2024-06-18 08:00:00,52.59254098333333,46.35680625,29.72401,-22.868530515804032
2024-06-18 08:30:00,26.939118633333333,24.607166516666663,17.02258,-9.916539440218099
2024-06-18 09:00:00,6.017346683333333,-2.8272582833333337,0.5232048,-5.494141879866536
2024-06-18 09:30:00,-8.711018816666666,-24.08687168333333,-18.81821,-10.107191785139975
2024-06-18 10:00:00,-32.457862766666665,-43.70028348333333,-36.860004,-4.402141658382163
2024-06-18 10:30:00,-54.83710723333333,-76.81279376666667,-53.983707,0.8533998053548117
2024-06-18 11:00:00,-75.5118374,-87.63314605,-67.825455,7.686382688085942
2024-06-18 11:30:00,-87.51300945000001,-85.38227923333334,-76.572464,10.9405454607422
2024-06-18 12:00:00,-89.2407015,-94.78017468333331,-81.044716,8.195985618652344
2024-06-18 12:30:00,-89.92859208333334,-96.7304221,-80.66839,9.260203716634123
2024-06-18 13:00:00,-81.9997317,-93.10875056666669,-76.30202,5.697714488085936
2024-06-18 13:30:00,-80.59080039999999,-83.16035065,-67.46063,13.130168075781242
2024-06-18 14:00:00,-66.56091483333334,-52.743565116666666,-54.16721,12.393705208089202
2024-06-18 14:30:00,-52.38555115,-23.363876883333333,-36.856373,15.529178316748045
2024-06-18 15:00:00,-32.9121969,-8.165559516666669,-20.470219,12.441978241552732
2024-06-18 15:30:00,1.85148175,10.4031584,-1.058857,-2.910338714111328
2024-06-18 16:00:00,23.866608416666665,34.678344,18.90231,-4.964298998942056
2024-06-18 16:30:00,36.6917253,51.85875895,36.661892,-0.029833362744142278
2024-06-18 17:00:00,59.46229648333334,63.78862741666666,51.59126,-7.871037480647793
2024-06-18 17:30:00,58.17012791666667,70.79762241666667,64.382,6.211875867513015
2024-06-18 18:00:00,81.2551551,82.0207401,71.42091,-9.834241403710934
2024-06-18 18:30:00,75.51650208333332,92.29560041666666,76.66864,1.1521380533854284
2024-06-18 19:00:00,68.51298805,86.37530921666666,78.59827,10.085278551562496
2024-06-18 19:30:00,67.85209513333334,84.39814606666665,76.41295,8.560853475065102
2024-06-18 20:00:00,67.30280213333333,80.04722111666668,72.744354,5.441552114713545
2024-06-18 20:30:00,63.26395161666667,72.32567123333334,68.039215,4.775263471223958
2024-06-18 21:00:00,58.627943216666665,51.09928666666666,61.428005,2.800062001839194
2024-06-18 21:30:00,60.18825898333333,52.497554650000005,55.74235,-4.445907451350905
2024-06-18 22:00:00,71.49580756666667,50.57664391666666,50.538097,-20.957710185074873
2024-06-18 22:30:00,58.58379101666667,42.91676881666667,47.042034,-11.541756867496751
2024-06-18 23:00:00,49.75809776666667,42.67007723333333,45.273876,-4.484221576481126
2024-06-18 23:30:00,44.96294163333334,46.57889395,43.368313,-1.5946287976399773
2024-06-19 00:00:00,47.285008016666666,45.612890533333335,42.9082,-4.376808706363931
2024-06-19 00:30:00,42.47229908333333,43.02565106666666,42.965298,0.49299861564127667
2024-06-19 01:00:00,40.36371068333333,40.45715335,40.829845,0.4661347451334663
2024-06-19 01:30:00,37.8133067,38.69509158333333,37.199215,-0.6140917646972639
2024-06-19 02:00:00,36.31090285,35.59205788333333,35.78178,-0.5291226070800761
2024-06-19 02:30:00,34.512492083333335,33.22535505,35.06245,0.549958325602212
2024-06-19 03:00:00,34.937548766666666,37.92618553333333,34.36456,-0.5729895930826814
2024-06-19 03:30:00,34.55277833333333,39.43758498333333,35.306957,0.7541789115397179
2024-06-19 04:00:00,32.775734566666664,39.32103015,32.813366,0.037631369612633137
2024-06-19 04:30:00,36.45286166666667,39.3894995,33.437527,-3.0153349637858113
2024-06-19 05:00:00,36.5760233,40.62204328333333,34.510265,-2.065757949658206
2024-06-19 05:30:00,40.6881821,40.85673956666667,37.87678,-2.811400636376952
2024-06-19 06:00:00,46.07910395,45.660886266666665,42.24078,-3.8383240732910124
2024-06-19 06:30:00,50.97214215,60.66848595,48.276424,-2.695717742041019
2024-06-19 07:00:00,64.9718179,60.826345,46.165142,-18.806675840673833
2024-06-19 07:30:00,61.87429385,60.907689016666666,41.053066,-20.82122759633789
2024-06-19 08:00:00,56.95517833333333,52.59254098333333,32.191357,-24.763821674397782
2024-06-19 08:30:00,34.0158131,26.939118633333333,18.960766,-15.055047261376956
2024-06-19 09:00:00,11.915662183333334,6.017346683333333,-1.1191292,-13.034791364241537
2024-06-19 09:30:00,-4.451185933333334,-8.711018816666666,-21.162556,-16.711369761246743
2024-06-19 10:00:00,-41.99449331666667,-32.457862766666665,-37.940052,4.054441284195967
2024-06-19 10:30:00,-67.4835145,-54.83710723333333,-53.121693,14.361821842529295
2024-06-19 11:00:00,-92.48430963333334,-75.5118374,-65.53758,26.9467272358724
2024-06-19 11:30:00,-102.5290672,-87.51300945000001,-74.658615,27.870452087695313
2024-06-19 12:00:00,-113.2665867,-89.2407015,-76.86695,36.399635711230474
2024-06-19 12:30:00,-116.1932932,-89.92859208333334,-76.47982,39.713472948535156
2024-06-19 13:00:00,-120.57049841666668,-81.9997317,-72.72858,47.84192175651043
2024-06-19 13:30:00,-92.915421,-80.59080039999999,-63.954914,28.960506906982417
2024-06-19 14:00:00,-68.36458266666666,-66.56091483333334,-52.577183,15.787399896891273
2024-06-19 14:30:00,-40.27167326666667,-52.38555115,-39.560444,0.7112293884928391
2024-06-19 15:00:00,-19.25379441666667,-32.9121969,-19.982807,-0.7290127427571598
2024-06-19 15:30:00,-4.536396233333333,1.85148175,-2.5761452,1.9602510612141923
2024-06-19 16:00:00,19.2402211,23.866608416666665,16.454693,-2.7855282594238275
2024-06-19 16:30:00,44.67905675,36.6917253,35.64195,-9.037108050048829
2024-06-19 17:00:00,60.65871485,59.46229648333334,51.107235,-9.551479895166018
2024-06-19 17:30:00,78.76570331666666,58.17012791666667,60.319332,-18.446371193863925
2024-06-19 18:00:00,85.5222021,81.2551551,69.466,-16.05619868203125
2024-06-19 18:30:00,88.01386983333333,75.51650208333332,74.93005,-13.083816122395831
2024-06-19 19:00:00,85.66480391666666,68.51298805,74.60158,-11.063226157877594
2024-06-19 19:30:00,83.36034883333333,67.85209513333334,72.59085,-10.769498003255208
2024-06-19 20:00:00,84.19412495,67.30280213333333,69.65474,-14.53938557011719
2024-06-19 20:30:00,76.16711931666667,63.26395161666667,62.31822,-13.8489010854655
2024-06-19 21:00:00,64.69421938333333,58.627943216666665,57.737194,-6.957025322054037
2024-06-19 21:30:00,63.10082891666667,60.18825898333333,53.20547,-9.895357877848312
2024-06-19 22:00:00,56.3969933,71.49580756666667,49.439312,-6.9576813187988265
2024-06-19 22:30:00,55.22963228333333,58.58379101666667,46.365032,-8.864600087288409
2024-06-19 23:00:00,50.789233333333335,49.75809776666667,43.259197,-7.530036098225914
2024-06-19 23:30:00,53.21555453333334,44.96294163333334,43.561474,-9.654080686897792
2024-06-20 00:00:00,52.85848781666667,47.285008016666666,43.584133,-9.274354668473308
2024-06-20 00:30:00,48.22251828333333,42.47229908333333,41.844418,-6.378100711311845
2024-06-20 01:00:00,47.64060543333333,40.36371068333333,40.875942,-6.764663203108718
2024-06-20 01:30:00,39.02916196666667,37.8133067,39.65658,0.6274199119954389
2024-06-20 02:00:00,39.770996833333335,36.31090285,36.119884,-3.651112342366538
2024-06-20 02:30:00,39.636563566666666,34.512492083333335,34.39477,-5.241791990738932
2024-06-20 03:00:00,37.16635376666667,34.937548766666666,31.876934,-5.289419715152995
2024-06-20 03:30:00,35.6023793,34.55277833333333,31.51913,-4.083248593212893
2024-06-20 04:00:00,36.931899566666665,32.775734566666664,31.93118,-5.000720520035806
2024-06-20 04:30:00,37.92850315,36.45286166666667,35.056103,-2.8724003973144505
2024-06-20 05:00:00,38.92805563333334,36.5760233,37.31001,-1.6180466306477896
2024-06-20 05:30:00,40.37273345,40.6881821,43.16743,2.7946974276855485
2024-06-20 06:00:00,44.66071123333333,46.07910395,47.462658,2.8019466951334664
2024-06-20 06:30:00,47.59490441666667,50.97214215,50.099224,2.5043196739094995
2024-06-20 07:00:00,59.09742735,64.9718179,49.62959,-9.46783826918945
2024-06-20 07:30:00,60.623827766666665,61.87429385,43.691998,-16.931830238590493
2024-06-20 08:00:00,56.87378576666666,56.95517833333333,34.597637,-22.276148590152985
2024-06-20 08:30:00,34.0732367,34.0158131,19.93275,-14.140485998095706
2024-06-20 09:00:00,34.733934016666666,11.915662183333334,3.6307487,-31.10318526788737
2024-06-20 09:30:00,1.3542951166666664,-4.451185933333334,-17.375507,-18.729802471402994
2024-06-20 10:00:00,-25.523418216666663,-41.99449331666667,-33.70606,-8.182640285530603
2024-06-20 10:30:00,-33.74088138333333,-67.4835145,-54.63213,-20.891248285856122
2024-06-20 11:00:00,-49.90808598333333,-92.48430963333334,-71.740814,-21.832728225651046
2024-06-20 11:30:00,-58.6762488,-102.5290672,-81.1325,-22.456250894824215
2024-06-20 12:00:00,-74.89924836666667,-113.2665867,-86.81671,-11.917463059114581
2024-06-20 12:30:00,-83.34568385,-116.1932932,-87.65633,-4.310642443945312
2024-06-20 13:00:00,-84.58380941666667,-120.57049841666668,-81.29221,3.2915959767252616
2024-06-20 13:30:00,-77.7999885,-92.915421,-70.97481,6.825180760742185
2024-06-20 14:00:00,-71.69768088333333,-68.36458266666666,-58.351063,13.34661810867513
2024-06-20 14:30:00,-53.430894,-40.27167326666667,-40.333195,13.097699267333986
2024-06-20 15:00:00,-31.8637909,-19.25379441666667,-21.565342,10.29844895053711
2024-06-20 15:30:00,0.26112945,-4.536396233333333,-2.4555244,-2.716653894580078
2024-06-20 16:00:00,20.5986356,19.2402211,18.167187,-2.4314488629394546
2024-06-20 16:30:00,33.37939053333333,44.67905675,35.3092,1.9298097535319059
2024-06-20 17:00:00,53.534315633333335,60.65871485,52.505627,-1.0286889548665386
2024-06-20 17:30:00,59.39872721666666,78.76570331666666,63.58952,4.190792284065765
2024-06-20 18:00:00,79.87797068333333,85.5222021,71.26903,-8.608942973372393
2024-06-20 18:30:00,87.34503604999999,88.01386983333333,76.41826,-10.926777383007803
2024-06-20 19:00:00,91.91428061666666,85.66480391666666,76.709595,-15.204685890104159
2024-06-20 19:30:00,80.64540888333333,83.36034883333333,74.876816,-5.768593087434894
2024-06-20 20:00:00,74.41789125000001,84.19412495,69.39548,-5.022413955078136
2024-06-20 20:30:00,71.47674556666666,76.16711931666667,65.5204,-5.956344565690102
2024-06-20 21:00:00,59.138443816666665,64.69421938333333,60.84428,1.7058364262532564
2024-06-20 21:30:00,59.47341536666666,63.10082891666667,56.047405,-3.4260101237467353
2024-06-20 22:00:00,56.7430085,56.3969933,51.764233,-4.978775864501955
2024-06-20 22:30:00,50.961466683333335,55.22963228333333,47.91067,-3.050795449202475
2024-06-20 23:00:00,48.78320743333333,50.789233333333335,45.22903,-3.5541768242024716
2024-06-20 23:30:00,45.338177,53.21555453333334,45.104687,-0.23349026293945485
2024-06-21 00:00:00,47.07004628333333,52.85848781666667,44.995342,-2.0747040286946614
2024-06-21 00:30:00,42.78353148333333,48.22251828333333,42.311535,-0.47199660174153024
2024-06-21 01:00:00,39.659735866666665,47.64060543333333,40.686413,1.0266769446126318
2024-06-21 01:30:00,35.87418645,39.02916196666667,40.13653,4.262345379833981
2024-06-21 02:00:00,33.9241679,39.770996833333335,37.739178,3.8150098038574214
2024-06-21 02:30:00,28.13817805,39.636563566666666,35.236294,7.098115742724609
2024-06-21 03:00:00,27.867316116666668,37.16635376666667,34.834255,6.966939101839191
2024-06-21 03:30:00,27.40997548333333,35.6023793,33.340023,5.930047557438154
2024-06-21 04:00:00,30.6069945,36.931899566666665,32.736645,2.129650244873048
2024-06-21 04:30:00,35.683978966666665,37.92850315,34.481777,-1.2022017755045553
2024-06-21 05:00:00,35.723602650000004,38.92805563333334,35.776714,0.0531116749511682
2024-06-21 05:30:00,31.994765666666662,40.37273345,41.11729,9.12252483015951
2024-06-21 06:00:00,36.6800595,44.66071123333333,46.00874,9.328679971435548
2024-06-21 06:30:00,52.39467828333333,47.59490441666667,49.114117,-3.2805616146321555
2024-06-21 07:00:00,61.23966721666667,59.09742735,49.995846,-11.243821421988933
2024-06-21 07:30:00,60.72318185,60.623827766666665,46.772366,-13.950816279931644
2024-06-21 08:00:00,50.89940888333334,56.87378576666666,37.28761,-13.61179978299154
2024-06-21 08:30:00,36.29971003333333,34.0732367,24.427822,-11.871887920296217
2024-06-21 09:00:00,13.8697217,34.733934016666666,6.2356834,-7.63403825883789
2024-06-21 09:30:00,-12.622577166666668,1.3542951166666664,-15.438572,-2.815994763264973
2024-06-21 10:00:00,-38.752814916666665,-25.523418216666663,-35.192005,3.560809759195962
2024-06-21 10:30:00,-56.81750506666666,-33.74088138333333,-52.1294,4.6881067207193965
2024-06-21 11:00:00,-76.42367278333333,-49.90808598333333,-66.30763,10.116040337044268
2024-06-21 11:30:00,-98.31013065,-58.6762488,-75.3123,22.997829014257817
2024-06-21 12:00:00,-110.45339126666666,-74.89924836666667,-78.362656,32.09073562701822
2024-06-21 12:30:00,-92.85464015,-83.34568385,-79.59273,13.261912488867182
2024-06-21 13:00:00,-77.368719,-84.58380941666667,-75.99963,1.3690852109374987
2024-06-21 13:30:00,-42.15534208333333,-77.7999885,-66.10487,-23.949531573893232
2024-06-21 14:00:00,-38.37849481666667,-71.69768088333333,-53.951435,-15.572940272444662
2024-06-21 14:30:00,-36.64950335,-53.430894,-37.32491,-0.6754058602050748
2024-06-21 15:00:00,-13.836487866666666,-31.8637909,-20.130772,-6.294283770296225
2024-06-21 15:30:00,8.24652715,0.26112945,0.020381942,-8.226145207608605
2024-06-21 16:00:00,23.9858179,20.5986356,19.14767,-4.838147154150391
2024-06-21 16:30:00,37.065640466666665,33.37939053333333,37.003887,-0.06175329015299269
2024-06-21 17:00:00,51.27562726666667,53.534315633333335,54.202282,2.9266546852376294
2024-06-21 17:30:00,58.53987166666667,59.39872721666666,64.741455,6.20158341145833
2024-06-21 18:00:00,66.84558655,79.87797068333333,71.73178,4.886194455859382
2024-06-21 18:30:00,72.5025068,87.34503604999999,75.969284,3.4667772576171814
2024-06-21 19:00:00,83.10976986666667,91.91428061666666,77.73413,-5.375639007291667
2024-06-21 19:30:00,75.60865473333332,80.64540888333333,76.24843,0.6397736113932382
2024-06-21 20:00:00,62.88628885,74.41789125000001,72.899185,10.012896330664063
2024-06-21 20:30:00,57.3642744,71.47674556666666,66.554016,9.18974171328125
2024-06-21 21:00:00,63.30175591666667,59.138443816666665,62.047375,-1.2543811913248746
2024-06-21 21:30:00,56.82252005,59.47341536666666,56.28149,-0.541029724072267
2024-06-21 22:00:00,57.15046403333333,56.7430085,52.994762,-4.155701612679032
2024-06-21 22:30:00,51.9163994,50.961466683333335,49.14065,-2.7757476971191437
2024-06-21 23:00:00,47.63674293333333,48.78320743333333,45.85322,-1.7835210400227837
2024-06-21 23:30:00,47.66128618333334,45.338177,45.143322,-2.5179641923665415
2024-06-22 00:00:00,44.36632481666667,47.07004628333333,44.148495,-0.21783009620768468
2024-06-22 00:30:00,43.838613933333335,42.78353148333333,41.897915,-1.9406990468587253
2024-06-22 01:00:00,41.2400472,39.659735866666665,40.888653,-0.3513943984863275
2024-06-22 01:30:00,41.56039163333333,35.87418645,38.29292,-3.2674724743977848
2024-06-22 02:00:00,34.84340758333333,33.9241679,38.450115,3.606707620524091
2024-06-22 02:30:00,35.63600378333333,28.13817805,35.130352,-0.5056517630696575
2024-06-22 03:00:00,39.38293435,27.867316116666668,34.501354,-4.881580132470702
2024-06-22 03:30:00,37.4347805,27.40997548333333,33.797695,-3.637085340087893
2024-06-22 04:00:00,32.01300281666666,30.6069945,31.709972,-0.3030304350748665
2024-06-22 04:30:00,31.65095495,35.683978966666665,33.950054,2.2990992187011727
2024-06-22 05:00:00,36.27924778333334,35.723602650000004,39.432415,3.1531672252115825
2024-06-22 05:30:00,37.89423668333333,31.994765666666662,45.115124,7.2208870654459645
2024-06-22 06:00:00,36.29334498333333,36.6800595,50.69676,14.403413286930345
2024-06-22 06:30:00,51.44953985,52.39467828333333,55.24246,3.7929184935058586
2024-06-22 07:00:00,48.67115278333333,61.23966721666667,55.362514,6.691361712516276
2024-06-22 07:30:00,47.06218783333333,60.72318185,52.76507,5.702884035563152
2024-06-22 08:00:00,40.91638048333333,50.89940888333334,43.360943,2.4445623572428445
2024-06-22 08:30:00,43.43226835000001,36.29971003333333,27.350704,-16.081564156884774
2024-06-22 09:00:00,24.6149866,13.8697217,7.564968,-17.050018490869142
2024-06-22 09:30:00,8.484298266666666,-12.622577166666668,-12.982639,-21.466937579410807
2024-06-22 10:00:00,-20.3926795,-38.752814916666665,-32.673115,-12.280435276611328
2024-06-22 10:30:00,-38.65499316666666,-56.81750506666666,-53.376392,-14.721399197835296
2024-06-22 11:00:00,-53.12743881666666,-76.42367278333333,-69.0428,-15.915362086653651
2024-06-22 11:30:00,-58.60057893333334,-98.31013065,-81.802704,-23.202124924088537
2024-06-22 12:00:00,-62.38257825,-110.45339126666666,-89.69198,-27.309400204589842
2024-06-22 12:30:00,-49.38927211666667,-92.85464015,-88.645966,-39.25669345950521
2024-06-22 13:00:00,-39.77638945,-77.368719,-84.05122,-44.27483430488281
2024-06-22 13:30:00,-36.329356350000005,-42.15534208333333,-71.55409,-35.22473605722656
2024-06-22 14:00:00,-29.065447716666664,-38.37849481666667,-57.42951,-28.36406049256185
2024-06-22 14:30:00,-13.970701783333334,-36.64950335,-40.371784,-26.401082426871746
2024-06-22 15:00:00,8.850176166666666,-13.836487866666666,-19.396366,-28.24654228605143
2024-06-22 15:30:00,22.51841743333333,8.24652715,-0.16963576,-22.688053191137247
2024-06-22 16:00:00,32.26088098333333,23.9858179,18.214993,-14.04588846013997
2024-06-22 16:30:00,47.25773165,37.065640466666665,36.02171,-11.236022207861325
2024-06-22 17:00:00,62.72628773333333,51.27562726666667,51.926067,-10.800220381038407
2024-06-22 17:30:00,66.1319305,58.53987166666667,63.3634,-2.7685309943847614
2024-06-22 18:00:00,67.2852577,66.84558655,73.05861,5.77335130878906
2024-06-22 18:30:00,69.79706715,72.5025068,76.87894,7.081869617578121
2024-06-22 19:00:00,71.12598156666667,83.10976986666667,80.329285,9.203303101302083
2024-06-22 19:30:00,80.44712813333332,75.60865473333332,77.73927,-2.70785506204426
2024-06-22 20:00:00,84.75971283333332,62.88628885,71.5916,-13.168114322591137
2024-06-22 20:30:00,82.53987945,57.3642744,65.57878,-16.961098322070313
2024-06-22 21:00:00,74.27038785,63.30175591666667,59.458157,-14.812231264306646
2024-06-22 21:30:00,64.82314631666667,56.82252005,54.701138,-10.122008773942056
2024-06-22 22:00:00,58.83587678333333,57.15046403333333,50.24786,-8.588016828499349
2024-06-22 22:30:00,60.77366108333333,51.9163994,46.942135,-13.831526226155596
2024-06-22 23:00:00,60.95446616666667,47.63674293333333,43.40489,-17.549578013590498
2024-06-22 23:30:00,61.60974535,47.66128618333334,43.31657,-18.293175068017575
2024-06-23 00:00:00,55.14500538333333,44.36632481666667,43.276974,-11.868031658968093
2024-06-23 00:30:00,45.20570718333334,43.838613933333335,41.84672,-3.3589855341634163
2024-06-23 01:00:00,41.92537826666666,41.2400472,41.25024,-0.675137940738928
2024-06-23 01:30:00,39.91841991666667,41.56039163333333,40.410534,0.4921139883626253
2024-06-23 02:00:00,35.91759161666667,34.84340758333333,36.62234,0.7047495393391898
2024-06-23 02:30:00,35.72864606666667,35.63600378333333,34.051952,-1.676693704606123
2024-06-23 03:00:00,36.8058042,39.38293435,33.46426,-3.341544098681638
2024-06-23 03:30:00,34.37336455,37.4347805,32.488506,-1.8848582328613261
2024-06-23 04:00:00,36.21786985,32.01300281666666,32.8959,-3.32196912368164
2024-06-23 04:30:00,38.5285681,31.65095495,32.773556,-5.755012344384767
2024-06-23 05:00:00,36.35730235,36.27924778333334,35.937374,-0.4199282350097633
2024-06-23 05:30:00,38.73792281666667,37.89423668333333,42.58711,3.849185795393879
2024-06-23 06:00:00,39.01423126666666,36.29334498333333,49.165462,10.151231227229822
2024-06-23 06:30:00,44.485400483333336,51.44953985,54.614178,10.128777220524086
2024-06-23 07:00:00,44.9906034,48.67115278333333,56.586147,11.595543908349612
2024-06-23 07:30:00,42.197691766666665,47.06218783333333,52.90942,10.71172824676107
2024-06-23 08:00:00,38.97757825,40.91638048333333,46.113613,7.136034878662109
2024-06-23 08:30:00,22.180663300000003,43.43226835000001,34.180523,11.99985961870117
2024-06-23 09:00:00,10.322480766666668,24.6149866,14.353954,4.031473548518878
2024-06-23 09:30:00,-12.049818416666668,8.484298266666666,-8.912708,3.1371101341959644
2024-06-23 10:00:00,-41.5122923,-20.3926795,-30.828098,10.684194002880858
2024-06-23 10:30:00,-58.28451438333334,-38.65499316666666,-50.267338,8.017176584261072
2024-06-23 11:00:00,-68.08233158333333,-53.12743881666666,-69.8203,-1.7379656578776093
2024-06-23 11:30:00,-82.6802399,-58.60057893333334,-81.880325,0.7999145826171912
2024-06-23 12:00:00,-90.6197621,-62.38257825,-87.331894,3.287868179101565
2024-06-23 12:30:00,-93.82420566666669,-49.38927211666667,-86.437546,7.386659890299498
2024-06-23 13:00:00,-97.03642171666668,-39.77638945,-77.030136,20.006285608268243
2024-06-23 13:30:00,-89.2676751,-36.329356350000005,-65.552444,23.715230641992193
2024-06-23 14:00:00,-62.476335500000005,-29.065447716666664,-51.266285,11.210050557373052
2024-06-23 14:30:00,-44.77750331666667,-13.970701783333334,-31.305103,13.472400014664714
2024-06-23 15:00:00,-17.704122216666665,8.850176166666666,-11.710148,5.993974359000649
2024-06-23 15:30:00,-2.6676578833333333,22.51841743333333,9.625637,12.293294937776693
2024-06-23 16:00:00,32.543029966666666,32.26088098333333,30.886974,-1.6560556319498687
2024-06-23 16:30:00,53.303546583333336,47.25773165,47.05235,-6.251197492757164
2024-06-23 17:00:00,57.86173381666666,62.72628773333333,61.603313,3.741579629378265
2024-06-23 17:30:00,73.17156041666667,66.1319305,70.28879,-2.88277257486979
2024-06-23 18:00:00,83.33681771666666,67.2852577,75.35542,-7.981394743033846
2024-06-23 18:30:00,74.45747265,69.79706715,78.02429,3.5668193421875003
2024-06-23 19:00:00,78.76610888333333,71.12598156666667,78.62628,-0.13982714505208094
2024-06-23 19:30:00,73.20868888333332,80.44712813333332,74.23622,1.0275324301432391
2024-06-23 20:00:00,81.80115941666666,84.75971283333332,69.14142,-12.659740959635414
2024-06-23 20:30:00,73.38941586666667,82.53987945,66.795166,-6.594249851041667
2024-06-23 21:00:00,70.62502478333333,74.27038785,63.13856,-7.486463534554034
2024-06-23 21:30:00,68.79905766666667,64.82314631666667,58.469494,-10.329563800699873
2024-06-23 22:00:00,57.59275168333334,58.83587678333333,52.76701,-4.825741948225918
2024-06-23 22:30:00,61.92030726666667,60.77366108333333,50.26666,-11.653648483707684
2024-06-23 23:00:00,61.99823868333333,60.95446616666667,47.185467,-14.812771916975905
2024-06-23 23:30:00,64.51492031666668,61.60974535,46.081936,-18.432984434098316
2024-06-24 00:00:00,57.1257985,55.14500538333333,44.26106,-12.864739692626955
2024-06-24 00:30:00,53.3754088,45.20570718333334,43.14027,-10.235138566845706
2024-06-24 01:00:00,46.048709333333335,41.92537826666666,42.52139,-3.5273203257649755
2024-06-24 01:30:00,46.31143326666666,39.91841991666667,39.07269,-7.238744210270177
2024-06-24 02:00:00,44.21931431666667,35.91759161666667,36.300976,-7.918338517106122
2024-06-24 02:30:00,42.13326838333333,35.72864606666667,30.797237,-11.336030987093096
2024-06-24 03:00:00,40.55717233333333,36.8058042,30.436596,-10.12057641658528
2024-06-24 03:30:00,44.91263718333334,34.37336455,29.641354,-15.271283576155604
2024-06-24 04:00:00,44.4088203,36.21786985,31.274212,-13.13460841645508
2024-06-24 04:30:00,52.547757100000005,38.5285681,32.223263,-20.32449431313477
2024-06-24 05:00:00,49.31182495,36.35730235,37.32243,-11.98939529301758
2024-06-24 05:30:00,46.21446373333333,38.73792281666667,42.745586,-3.4688773380696603
2024-06-24 06:00:00,48.73122893333333,39.01423126666666,50.756313,2.0250843906412825
2024-06-24 06:30:00,52.30246116666667,44.485400483333336,56.239223,3.936762313557942
2024-06-24 07:00:00,66.38980093333333,44.9906034,58.435757,-7.954044249983724
2024-06-24 07:30:00,69.416066,42.197691766666665,56.67245,-12.743614980712891
2024-06-24 08:00:00,65.78291055,38.97757825,48.060024,-17.722886288525387
2024-06-24 08:30:00,38.14861505,22.180663300000003,34.432934,-3.7156812426269497
2024-06-24 09:00:00,22.0338828,10.322480766666668,14.321926,-7.711956683056641
2024-06-24 09:30:00,-8.999351266666666,-12.049818416666668,-10.166264,-1.1669123136555992
2024-06-24 10:00:00,-33.3923197,-41.5122923,-32.660313,0.732007047412111
2024-06-24 10:30:00,-50.38513651666667,-58.28451438333334,-53.146137,-2.7610007208821585
2024-06-24 11:00:00,-68.79413435,-68.08233158333333,-69.53627,-0.7421357916015694
2024-06-24 11:30:00,-78.52228553333333,-82.6802399,-80.00746,-1.4851760145182311
2024-06-24 12:00:00,-87.28342295,-90.6197621,-85.382416,1.901007178515627
2024-06-24 12:30:00,-76.03647065,-93.82420566666669,-84.77391,-8.73743987246094
2024-06-24 13:00:00,-64.62296508333334,-97.03642171666668,-82.42825,-17.805288090494784
2024-06-24 13:30:00,-63.149710516666666,-89.2676751,-72.44255,-9.292840142513022
2024-06-24 14:00:00,-49.3123762,-62.476335500000005,-56.276936,-6.964559377392575
2024-06-24 14:30:00,-28.188846583333333,-44.77750331666667,-36.80097,-8.612121586832682
2024-06-24 15:00:00,0.2188101833333341,-17.704122216666665,-17.732044,-17.95085440330404
2024-06-24 15:30:00,9.170961216666669,-2.6676578833333333,1.0771904,-8.093770817496747
2024-06-24 16:00:00,27.137030183333334,32.543029966666666,19.339474,-7.797556458968099
2024-06-24 16:30:00,43.73926783333334,53.303546583333336,38.87884,-4.860426433186852
2024-06-24 17:00:00,63.146789383333335,57.86173381666666,55.6226,-7.524188827913413
2024-06-24 17:30:00,76.1597768,73.17156041666667,68.03754,-8.122240178906253
2024-06-24 18:00:00,85.33220051666667,83.33681771666666,76.39444,-8.93776081940105
2024-06-24 18:30:00,86.58982006666668,74.45747265,78.652954,-7.936865965104175
2024-06-24 19:00:00,84.88511561666667,78.76610888333333,79.38301,-5.502104752408854
2024-06-24 19:30:00,75.19337385,73.20868888333332,74.46185,-0.7315208226562504
2024-06-24 20:00:00,79.16779676666667,81.80115941666666,71.130905,-8.036891615299481
2024-06-24 20:30:00,66.44111006666667,73.38941586666667,67.68759,1.246481486067708
2024-06-24 21:00:00,60.180717,70.62502478333333,63.485836,3.305119029052733
2024-06-24 21:30:00,61.067460366666666,68.79905766666667,57.838833,-3.228627511442056
2024-06-24 22:00:00,67.39970553333333,57.59275168333334,53.384396,-14.015309933968098
2024-06-24 22:30:00,61.71451565,61.92030726666667,52.117184,-9.597331964697268
2024-06-24 23:00:00,65.23367455,61.99823868333333,50.870342,-14.363332295361332
2024-06-24 23:30:00,59.00795156666667,64.51492031666668,49.20956,-9.79839117237956
2024-06-25 00:00:00,55.20103785,57.1257985,47.347897,-7.853141274072264
2024-06-25 00:30:00,52.59312605,53.3754088,44.491665,-8.101461163525393
2024-06-25 01:00:00,49.56926945,46.048709333333335,42.504192,-7.065077097705078
2024-06-25 01:30:00,46.799095533333336,46.31143326666666,40.29881,-6.500286481819664
2024-06-25 02:00:00,46.81626168333333,44.21931431666667,38.696148,-8.120113764632158
2024-06-25 02:30:00,44.9401311,42.13326838333333,37.061214,-7.878916652978518
2024-06-25 03:00:00,42.76744571666666,40.55717233333333,35.597942,-7.169503364371735
2024-06-25 03:30:00,45.86830188333334,44.91263718333334,30.60551,-15.262791171663416
2024-06-25 04:00:00,42.9227866,44.4088203,30.55357,-12.36921680629883
2024-06-25 04:30:00,47.39499446666667,52.547757100000005,34.45097,-12.944024770621745
2024-06-25 05:00:00,45.49515671666666,49.31182495,38.586834,-6.908322762809242
2024-06-25 05:30:00,47.39837931666667,46.21446373333333,44.463406,-2.9349737075358107
2024-06-25 06:00:00,51.226856,48.73122893333333,50.539043,-0.6878125734863261
2024-06-25 06:30:00,61.81182498333334,52.30246116666667,54.4671,-7.344726747249354
2024-06-25 07:00:00,70.32205345,66.38980093333333,56.881283,-13.440770643603514
2024-06-25 07:30:00,72.67078448333334,69.416066,55.06512,-17.60566378631185
2024-06-25 08:00:00,67.34282566666667,65.78291055,47.029766,-20.313059583902998
2024-06-25 08:30:00,46.03050265,38.14861505,35.38249,-10.64801439926758
2024-06-25 09:00:00,32.063737716666665,22.0338828,17.15298,-14.910756912223306
2024-06-25 09:30:00,-0.03305715,-8.999351266666666,-6.4235573,-6.39050013149414
2024-06-25 10:00:00,-32.977483166666666,-33.3923197,-28.472416,4.5050672425944
2024-06-25 10:30:00,-42.237470566666666,-50.38513651666667,-48.034718,-5.7972469931477875
2024-06-25 11:00:00,-58.91561948333333,-68.79413435,-64.636444,-5.720824608463545
2024-06-25 11:30:00,-64.0751805,-78.52228553333333,-77.99548,-13.920302898437498
2024-06-25 12:00:00,-72.50882098333334,-87.28342295,-85.12536,-12.616537598209632
2024-06-25 12:30:00,-64.00158806666667,-76.03647065,-85.31956,-21.317969123274736
2024-06-25 13:00:00,-64.99243631666667,-64.62296508333334,-80.18042,-15.18798360520833
2024-06-25 13:30:00,-74.83602615,-63.149710516666666,-68.89867,5.9373597681640575
2024-06-25 14:00:00,-37.7379895,-49.3123762,-53.328144,-15.59015457348633
2024-06-25 14:30:00,-11.589811849999998,-28.188846583333333,-35.614246,-24.024434518408206
2024-06-25 15:00:00,-2.167986133333334,0.2188101833333341,-16.825733,-14.657747051481119
2024-06-25 15:30:00,11.93739835,9.170961216666669,3.4426231,-8.494775211572266
2024-06-25 16:00:00,26.48468768333333,27.137030183333334,23.585857,-2.8988302919759086
2024-06-25 16:30:00,49.33171065,43.73926783333334,42.785213,-6.546497179541014
2024-06-25 17:00:00,64.39169173333333,63.146789383333335,57.66453,-6.72716002556966
2024-06-25 17:30:00,76.19366343333333,76.1597768,70.45819,-5.735472515364577
2024-06-25 18:00:00,77.19475278333333,85.33220051666667,79.29358,2.0988263182291718
2024-06-25 18:30:00,85.51125541666666,86.58982006666668,85.53023,0.01897224446615553
2024-06-25 19:00:00,80.96662945,84.88511561666667,86.44073,5.4740977838867195
2024-06-25 19:30:00,72.3613361,75.19337385,82.23413,9.872794759374997
2024-06-25 20:00:00,75.50786073333333,79.16779676666667,77.83441,2.326550887760419
2024-06-25 20:30:00,72.89173288333333,66.44111006666667,71.013535,-1.8781983374348954
2024-06-25 21:00:00,65.21649333333333,60.180717,66.21054,0.9940474381510427
2024-06-25 21:30:00,57.33481336666667,61.067460366666666,59.184048,1.8492343323079368
2024-06-25 22:00:00,54.41614901666667,67.39970553333333,54.78146,0.365310791682937
2024-06-25 22:30:00,58.10829786666667,61.71451565,51.418926,-6.689371627652996
2024-06-25 23:00:00,62.58330785,65.23367455,48.615,-13.9683061715332
2024-06-25 23:30:00,58.35346446666667,59.00795156666667,48.901928,-9.451536518668625
2024-06-26 00:00:00,51.95332056666666,55.20103785,48.355236,-3.598084513199865
2024-06-26 00:30:00,43.53561736666666,52.59312605,47.31805,3.782433017854821
2024-06-26 01:00:00,45.344669583333335,49.56926945,47.33366,1.9889905423990868
2024-06-26 01:30:00,42.035530433333335,46.799095533333336,45.819927,3.784396782242837
2024-06-26 02:00:00,39.45223056666666,46.81626168333333,42.893154,3.4409235776204525
2024-06-26 02:30:00,36.8298539,44.9401311,39.283596,2.453742138818356
2024-06-26 03:00:00,37.86500488333333,42.76744571666666,36.519238,-1.3457673650227804
2024-06-26 03:30:00,35.679793499999995,45.86830188333334,34.77728,-0.9025145998535109
2024-06-26 04:00:00,39.05758505,42.9227866,34.28889,-4.768694211376953
2024-06-26 04:30:00,39.9939412,47.39499446666667,36.815228,-3.17871369145508
2024-06-26 05:00:00,40.20836791666667,45.49515671666666,39.768673,-0.4396949735514326
2024-06-26 05:30:00,40.54020286666667,47.39837931666667,46.19508,5.654876936800129
2024-06-26 06:00:00,48.368277766666665,51.226856,51.423824,3.055546543636069
2024-06-26 06:30:00,51.29365946666667,61.81182498333334,56.946728,5.653068286018879
2024-06-26 07:00:00,60.741969133333335,70.32205345,59.114773,-1.6271963367024753
2024-06-26 07:30:00,52.14891236666667,72.67078448333334,58.062054,5.9131413137532505
2024-06-26 08:00:00,45.64040505,67.34282566666667,50.349224,4.708819040576174
2024-06-26 08:30:00,38.60648271666667,46.03050265,38.524975,-0.08150789366862199
2024-06-26 09:00:00,9.601507383333333,32.063737716666665,20.258297,10.656789583219402
2024-06-26 09:30:00,-12.008816183333332,-0.03305715,-2.622486,9.386330068831379
2024-06-26 10:00:00,-37.913087716666666,-32.977483166666666,-26.055485,11.85760294493815
2024-06-26 10:30:00,-51.28782335,-42.237470566666666,-47.495274,3.792549759912106
2024-06-26 11:00:00,-68.89234003333333,-58.91561948333333,-65.14818,3.7441619327473887
2024-06-26 11:30:00,-76.57316718333334,-64.0751805,-77.50693,-0.9337603069010356
2024-06-26 12:00:00,-77.57845613333333,-72.50882098333334,-83.1414,-5.562947064908855
2024-06-26 12:30:00,-73.99495763333333,-64.00158806666667,-82.68737,-8.69241266695964
2024-06-26 13:00:00,-74.76802773333333,-64.99243631666667,-75.87627,-1.108238746158861
2024-06-26 13:30:00,-59.55819808333333,-74.83602615,-64.30476,-4.746565710611982
2024-06-26 14:00:00,-49.4168995,-37.7379895,-49.976658,-0.5597583674316411
2024-06-26 14:30:00,-29.05350625,-11.589811849999998,-32.481724,-3.428217535400389
2024-06-26 15:00:00,-11.969080066666669,-2.167986133333334,-13.636906,-1.667825603499347
2024-06-26 15:30:00,2.437866683333333,11.93739835,5.505993,3.0681262060709638
2024-06-26 16:00:00,25.389006066666667,26.48468768333333,23.88438,-1.5046257260904952
2024-06-26 16:30:00,36.80854661666667,49.33171065,42.157146,5.348599837190754
2024-06-26 17:00:00,45.922292133333336,64.39169173333333,56.21258,10.290289501188148
2024-06-26 17:30:00,58.239246783333336,76.19366343333333,67.03984,8.800593914908852
2024-06-26 18:00:00,70.9955844,77.19475278333333,73.36743,2.3718472406250015
2024-06-26 18:30:00,92.00792111666668,85.51125541666666,78.5374,-13.470521824674492
2024-06-26 19:00:00,90.84937175,80.96662945,81.538284,-9.31108744824219
2024-06-26 19:30:00,77.58479565,72.3613361,79.427155,1.8423588910156212
2024-06-26 20:00:00,73.26273778333334,75.50786073333333,76.95567,3.692935434440102
2024-06-26 20:30:00,75.72835676666666,72.89173288333333,73.18825,-2.5401090860026017
2024-06-26 21:00:00,75.9139211,65.21649333333333,66.89285,-9.021068316796871
2024-06-26 21:30:00,67.73652825,57.33481336666667,61.919094,-5.817434164306647
2024-06-26 22:00:00,60.17389108333333,54.41614901666667,56.43797,-3.735921875569659
2024-06-26 22:30:00,52.08893571666667,58.10829786666667,52.098385,0.009449140511065934
2024-06-26 23:00:00,51.8604772,62.58330785,50.61845,-1.2420270352050764
2024-06-26 23:30:00,48.95488331666667,58.35346446666667,49.897717,0.9428332055501301
2024-06-27 00:00:00,48.75181448333333,51.95332056666666,49.003475,0.2516607058756577
2024-06-27 00:30:00,43.71662443333333,43.53561736666666,48.564663,4.84803850001628
2024-06-27 01:00:00,44.06782938333333,45.344669583333335,47.64094,3.573112236539714
2024-06-27 01:30:00,40.957377783333335,42.035530433333335,45.79794,4.840561517203774
2024-06-27 02:00:00,38.439401016666665,39.45223056666666,42.47111,4.031710280940757
2024-06-27 02:30:00,41.2017828,36.8298539,40.23051,-0.9712720883300747
2024-06-27 03:00:00,39.86173605,37.86500488333333,38.616924,-1.2448117641113257
2024-06-27 03:30:00,38.48919548333333,35.679793499999995,37.82336,-0.6658350402180986
2024-06-27 04:00:00,41.93064398333333,39.05758505,35.519787,-6.410857148616536
2024-06-27 04:30:00,38.59181776666667,39.9939412,36.87692,-1.7148989739420628
2024-06-27 05:00:00,44.3895978,40.20836791666667,40.593594,-3.7960042025878877
2024-06-27 05:30:00,39.713584583333336,40.54020286666667,43.608807,3.8952220267740856
2024-06-27 06:00:00,45.76185325,48.368277766666665,50.57133,4.80947777416992
2024-06-27 06:30:00,52.4216944,51.29365946666667,58.096554,5.674859402490235
2024-06-27 07:00:00,59.81366273333333,60.741969133333335,62.164227,2.350563798649091
2024-06-27 07:30:00,63.83426218333333,52.14891236666667,61.00958,-2.8246834784993453
2024-06-27 08:00:00,49.35025891666667,45.64040505,52.307583,2.9573239385579413
2024-06-27 08:30:00,34.17416553333333,38.60648271666667,38.07832,3.904154016227217
2024-06-27 09:00:00,17.671437833333332,9.601507383333333,19.469372,1.7979339623209647
2024-06-27 09:30:00,-11.483720466666668,-12.008816183333332,-3.2545967,8.22912375646159
2024-06-27 10:00:00,-47.44425596666667,-37.913087716666666,-28.160892,19.2833634800944
2024-06-27 10:30:00,-58.92082378333333,-51.28782335,-47.787495,11.133329123909505
2024-06-27 11:00:00,-64.28570613333333,-68.89234003333333,-65.63611,-1.3504022651041652
2024-06-27 11:30:00,-62.318564333333335,-76.57316718333334,-75.5466,-13.22803600846354
2024-06-27 12:00:00,-68.58690295000001,-77.57845613333333,-80.73172,-12.144817020703115
2024-06-27 12:30:00,-62.27244163333334,-73.99495763333333,-80.47847,-18.206028215299476
2024-06-27 13:00:00,-63.633306733333335,-74.76802773333333,-73.70862,-10.075311430729165
2024-06-27 13:30:00,-49.34531493333333,-59.55819808333333,-63.4538,-14.108485268082688
2024-06-27 14:00:00,-41.8056339,-49.4168995,-51.279804,-9.474170329736332
2024-06-27 14:30:00,-26.447235000000003,-29.05350625,-32.888493,-6.441257584228513
2024-06-27 15:00:00,-5.019035016666665,-11.969080066666669,-14.596088,-9.577053392757163
2024-06-27 15:30:00,14.077980466666666,2.437866683333333,4.821163,-9.256817289176432
2024-06-27 16:00:00,27.89427268333333,25.389006066666667,24.45773,-3.436543343733721
2024-06-27 16:30:00,51.0159783,36.80854661666667,41.981686,-9.034292661572266
2024-06-27 17:00:00,59.570378733333335,45.922292133333336,55.62022,-3.9501585490071633
2024-06-27 17:30:00,69.3700417,58.239246783333336,65.74696,-3.623078199023439
2024-06-27 18:00:00,89.065284,70.9955844,75.131165,-13.934119449218755
2024-06-27 18:30:00,86.3611732,92.00792111666668,76.89047,-9.470700787890621
2024-06-27 19:00:00,82.51601068333333,90.84937175,78.82974,-3.6862682516927094
2024-06-27 19:30:00,80.9732801,77.58479565,77.041275,-3.932005075585934
2024-06-27 20:00:00,80.88006564999999,73.26273778333334,74.74637,-6.133697241796867
2024-06-27 20:30:00,77.46455628333334,75.72835676666666,71.03749,-6.427065438606775
2024-06-27 21:00:00,73.67514691666666,75.9139211,67.06326,-6.611883977213537
2024-06-27 21:30:00,61.5795139,67.73652825,60.62797,-0.9515422508300801
2024-06-27 22:00:00,54.62173846666667,60.17389108333333,56.933987,2.312248197151689
2024-06-27 22:30:00,64.06397493333333,52.08893571666667,54.126003,-9.937971667952468
2024-06-27 23:00:00,61.70018723333334,51.8604772,51.975933,-9.724254158382166
2024-06-27 23:30:00,53.038820533333336,48.95488331666667,49.674343,-3.3644774242024766
2024-06-28 00:00:00,46.404020583333335,48.75181448333333,47.547817,1.1437966468912748
2024-06-28 00:30:00,48.314119833333336,43.71662443333333,46.619152,-1.6949677642415395
2024-06-28 01:00:00,42.913496083333335,44.06782938333333,42.700146,-0.21335036189778833
2024-06-28 01:30:00,42.46938276666666,40.957377783333335,39.868908,-2.6004748381998652
2024-06-28 02:00:00,36.10467041666666,38.439401016666665,39.62724,3.5225688106282647
2024-06-28 02:30:00,35.748631499999995,41.2017828,39.21905,3.4704198610839896
2024-06-28 03:00:00,38.36205225,39.86173605,36.36796,-1.994090366455076
2024-06-28 03:30:00,39.80201486666667,38.48919548333333,35.44871,-4.353303471402995
2024-06-28 04:00:00,43.43882655,41.93064398333333,35.308743,-8.130084026806642
2024-06-28 04:30:00,42.66390225,38.59181776666667,36.262142,-6.401760068603515
2024-06-28 05:00:00,39.26872053333333,44.3895978,37.15388,-2.1148394603352827
2024-06-28 05:30:00,44.735315633333336,39.713584583333336,44.16058,-0.5747359519368516
2024-06-28 06:00:00,46.23584781666667,45.76185325,52.401608,6.165759696761064
2024-06-28 06:30:00,49.941991083333335,52.4216944,57.884228,7.942236669352212
2024-06-28 07:00:00,54.45163496666667,59.81366273333333,60.951397,6.499761975472005
2024-06-28 07:30:00,59.08934391666667,63.83426218333333,57.02299,-2.066352736246749
2024-06-28 08:00:00,43.97198206666667,49.35025891666667,48.75207,4.780089313948565
2024-06-28 08:30:00,22.41205125,34.17416553333333,35.536205,13.124154041748046
2024-06-28 09:00:00,-0.2676251333333326,17.671437833333332,17.615368,17.88299302273763
2024-06-28 09:30:00,-24.145247066666663,-11.483720466666668,-3.3628273,20.782419765641272
2024-06-28 10:00:00,-51.17120825,-47.44425596666667,-26.761875,24.40933309741211
2024-06-28 10:30:00,-63.67634520000001,-58.92082378333333,-46.16689,17.50945600932618
2024-06-28 11:00:00,-75.12242401666667,-64.28570613333333,-62.14713,12.97529495782878
2024-06-28 11:30:00,-81.09192671666666,-62.318564333333335,-73.919846,7.172081135611975
2024-06-28 12:00:00,-82.19474283333334,-68.58690295000001,-78.92573,3.269014989095055
2024-06-28 12:30:00,-74.68714166666666,-62.27244163333334,-78.1935,-3.5063550374349006
2024-06-28 13:00:00,-74.81103113333334,-63.633306733333335,-71.79443,3.016597539583344
2024-06-28 13:30:00,-71.2325522,-49.34531493333333,-58.497578,12.734974532763673
2024-06-28 14:00:00,-58.12963748333333,-41.8056339,-43.764103,14.365534547542318
2024-06-28 14:30:00,-41.1718644,-26.447235000000003,-25.599903,15.571961293310544
2024-06-28 15:00:00,-15.144470183333333,-5.019035016666665,-8.651936,6.4925346059407545
2024-06-28 15:30:00,15.491394899999998,14.077980466666666,9.859661,-5.631733797705076
2024-06-28 16:00:00,39.424103300000006,27.89427268333333,27.642849,-11.781254331494146
2024-06-28 16:30:00,51.04823883333333,51.0159783,42.709286,-8.338953097249345
2024-06-28 17:00:00,65.2292494,59.570378733333335,56.81808,-8.411168497900391
2024-06-28 17:30:00,67.08253013333334,69.3700417,67.214355,0.1318253354166643
2024-06-28 18:00:00,68.49929350000001,89.065284,75.642456,7.143162554687493
2024-06-28 18:30:00,69.90955509999999,86.3611732,78.00882,8.099264480078133
2024-06-28 19:00:00,67.1805021,82.51601068333333,78.574066,11.393564062109377
2024-06-28 19:30:00,71.4135461,80.9732801,77.44194,6.028394207617183
2024-06-28 20:00:00,64.56064881666667,80.88006564999999,74.67328,10.11262999192708
2024-06-28 20:30:00,62.766293183333325,77.46455628333334,70.01543,7.249133452408863
2024-06-28 21:00:00,61.3454449,73.67514691666666,65.466125,4.120680588281253
2024-06-28 21:30:00,62.04861686666666,61.5795139,61.50935,-0.539267043668616
2024-06-28 22:00:00,55.64432183333333,54.62173846666667,57.500027,1.8557048695475302
2024-06-28 22:30:00,47.49881053333333,64.06397493333333,54.415264,6.916453596305345
2024-06-28 23:00:00,51.586147716666666,61.70018723333334,51.81654,0.2303920477376309
2024-06-28 23:30:00,47.66462318333333,53.038820533333336,49.409817,1.7451935586100262
2024-06-29 00:00:00,44.66671325,46.404020583333335,49.34544,4.678726660888671
2024-06-29 00:30:00,40.5939746,48.314119833333336,47.765636,7.171661844091794
2024-06-29 01:00:00,36.37632096666667,42.913496083333335,44.509487,8.133166185432941
2024-06-29 01:30:00,37.85944255,42.46938276666666,42.07237,4.212926071826175
2024-06-29 02:00:00,35.67457291666667,36.10467041666666,38.820415,3.1458425801595027
2024-06-29 02:30:00,32.23958508333333,35.748631499999995,36.33241,4.092823821695966
2024-06-29 03:00:00,32.100703333333335,38.36205225,33.433376,1.332672978922524
2024-06-29 03:30:00,33.559506666666664,39.80201486666667,33.541973,-0.017533552652992057
2024-06-29 04:00:00,33.32672048333333,43.43882655,34.23968,0.912960760563152
2024-06-29 04:30:00,33.47178265,42.66390225,37.076702,3.6049194679199204
2024-06-29 05:00:00,30.24277555,39.26872053333333,38.31039,8.067614922412108
2024-06-29 05:30:00,34.16597721666667,44.735315633333336,45.430004,11.264026903206378
2024-06-29 06:00:00,37.39741626666667,46.23584781666667,53.466015,16.06859859539388
2024-06-29 06:30:00,48.788132700000006,49.941991083333335,56.786846,7.998713460888666
2024-06-29 07:00:00,56.4467361,54.45163496666667,57.829998,1.3832619163574194
2024-06-29 07:30:00,51.624155566666666,59.08934391666667,53.071514,1.4473585629720063
2024-06-29 08:00:00,47.13667861666667,43.97198206666667,45.314983,-1.8216952487467495
2024-06-29 08:30:00,32.95767763333334,22.41205125,32.513287,-0.444391042757168
2024-06-29 09:00:00,24.747476066666668,-0.2676251333333326,11.802288,-12.945188011246746
2024-06-29 09:30:00,7.120899933333335,-24.145247066666663,-12.4426155,-19.563515442366537
2024-06-29 10:00:00,3.025809466666667,-51.17120825,-32.383823,-35.409632861442056
2024-06-29 10:30:00,-16.720985033333335,-63.67634520000001,-52.40366,-35.682674787223306
2024-06-29 11:00:00,-24.766744483333337,-75.12242401666667,-66.245926,-41.47918141998697
2024-06-29 11:30:00,-19.7582006,-81.09192671666666,-76.42149,-56.66329293027344
2024-06-29 12:00:00,-28.073612033333333,-82.19474283333334,-81.76778,-53.69416445592448
2024-06-29 12:30:00,-54.03290228333333,-74.68714166666666,-77.937164,-23.904262023307297
2024-06-29 13:00:00,-38.09928621666666,-74.81103113333334,-71.02176,-32.92247281653646
2024-06-29 13:30:00,-3.362880916666664,-71.2325522,-59.83356,-56.470680026936854
2024-06-29 14:00:00,3.55421495,-58.12963748333333,-46.46506,-50.01927613774414
2024-06-29 14:30:00,11.058472683333337,-41.1718644,-31.487186,-42.5456591152181
2024-06-29 15:00:00,22.611156616666666,-15.144470183333333,-13.82851,-36.43966690109049
2024-06-29 15:30:00,39.69816685,15.491394899999998,3.665905,-36.0322618512207
2024-06-29 16:00:00,50.68973385,39.424103300000006,23.389965,-27.299768792626956
2024-06-29 16:30:00,51.902319033333335,51.04823883333333,41.646786,-10.25553329724935
2024-06-29 17:00:00,58.23314823333334,65.2292494,56.34956,-1.8835884493977915
2024-06-29 17:30:00,63.96938883333333,67.08253013333334,67.88609,3.916704306315104
2024-06-29 18:00:00,69.59425326666667,68.49929350000001,75.07175,5.477493559505206
2024-06-29 18:30:00,68.81051561666666,69.90955509999999,78.386475,9.575958992708337
2024-06-29 19:00:00,67.84730051666666,67.1805021,77.87755,10.030247701106774
2024-06-29 19:30:00,67.02503213333334,71.4135461,75.1353,8.110267549283847
2024-06-29 20:00:00,71.93587783333334,64.56064881666667,70.36963,-1.5662489270833362
2024-06-29 20:30:00,78.1381511,62.766293183333325,66.64583,-11.49232285292969
2024-06-29 21:00:00,73.97347121666667,61.3454449,62.148632,-11.82483916710612
2024-06-29 21:30:00,73.05771161666667,62.04861686666666,59.069042,-13.988669410856119
2024-06-29 22:00:00,68.23526615,55.64432183333333,55.911083,-12.324182928564454
2024-06-29 22:30:00,48.45014015,47.49881053333333,53.41305,4.9629114552246065
2024-06-29 23:00:00,48.79898546666666,51.586147716666666,50.862835,2.0638494637532645
2024-06-29 23:30:00,46.95129731666666,47.66462318333333,47.797115,0.8458180092610732
2024-06-30 00:00:00,44.0624062,44.66671325,46.76994,2.707533222607424
2024-06-30 00:30:00,39.48314336666667,40.5939746,44.462307,4.9791636096516925
2024-06-30 01:00:00,38.58196671666666,36.37632096666667,44.17039,5.5884243660970085
2024-06-30 01:30:00,32.08460828333333,37.85944255,41.69868,9.614072594352216
2024-06-30 02:00:00,27.48533613333333,35.67457291666667,39.349957,11.864620379117842
2024-06-30 02:30:00,27.51712603333333,32.23958508333333,36.182262,8.665136387320967
2024-06-30 03:00:00,26.933268800000004,32.100703333333335,33.84669,6.913422331591793
2024-06-30 03:30:00,26.43231285,33.559506666666664,30.775951,4.343638535498048
2024-06-30 04:00:00,28.95180425,33.32672048333333,33.80151,4.849705607177736
2024-06-30 04:30:00,24.878140516666665,33.47178265,34.865948,9.987807206722007
2024-06-30 05:00:00,28.05424285,30.24277555,37.36294,9.308698891943358
2024-06-30 05:30:00,26.28987173333333,34.16597721666667,42.687603,16.39773126349284
2024-06-30 06:00:00,35.65385836666667,37.39741626666667,48.885983,13.232124146761066
2024-06-30 06:30:00,47.84037995,48.788132700000006,53.559414,5.71903395991211
2024-06-30 07:00:00,40.777179483333335,56.4467361,55.050564,14.273384328922525
2024-06-30 07:30:00,44.7821783,51.624155566666666,51.85597,7.073790175341799
2024-06-30 08:00:00,39.92009771666667,47.13667861666667,45.733913,5.813815704964192
2024-06-30 08:30:00,38.69988241666667,32.95767763333334,29.96223,-8.737651734293621
2024-06-30 09:00:00,28.330528250000004,24.747476066666668,10.325649,-18.004878988525395
2024-06-30 09:30:00,8.550929850000001,7.120899933333335,-9.905033,-18.45596296157227
2024-06-30 10:00:00,-19.19663875,3.025809466666667,-27.417866,-8.221227003173826
2024-06-30 10:30:00,-10.235062566666668,-16.720985033333335,-44.0806,-33.84553817185872
2024-06-30 11:00:00,-10.280403783333334,-24.766744483333337,-57.502216,-47.221812555777994
2024-06-30 11:30:00,-29.509398283333336,-19.7582006,-66.08676,-36.577363191276035
2024-06-30 12:00:00,-41.35567375,-28.073612033333333,-69.43396,-28.0782862109375
2024-06-30 12:30:00,-44.66274665,-54.03290228333333,-67.76662,-23.10387017128906
2024-06-30 13:00:00,-51.75921063333333,-38.09928621666666,-61.248127,-9.488916350309246
2024-06-30 13:30:00,-53.02377573333334,-3.362880916666664,-50.419895,2.603880561214197
2024-06-30 14:00:00,-30.199593333333336,3.55421495,-36.20563,-6.0060379227701794
2024-06-30 14:30:00,-31.089142866666663,11.058472683333337,-18.183582,12.90556056075846
2024-06-30 15:00:00,-13.519081233333331,22.611156616666666,-2.0297432,11.489338038753253
2024-06-30 15:30:00,8.227328183333332,39.69816685,15.944912,7.717583773453777
2024-06-30 16:00:00,27.67184733333333,50.68973385,34.40376,6.731911669352218
2024-06-30 16:30:00,54.65389508333333,51.902319033333335,49.871105,-4.782789889241535
2024-06-30 17:00:00,58.6488372,58.23314823333334,62.360973,3.712136158154294
2024-06-30 17:30:00,68.1572989,63.96938883333333,71.315475,3.158176563867187
2024-06-30 18:00:00,82.24150155,69.59425326666667,76.19504,-6.04646370820312
2024-06-30 18:30:00,85.50644236666666,68.81051561666666,78.3463,-7.160144148893224
2024-06-30 19:00:00,79.72018056666667,67.84730051666666,77.29773,-2.42245107447917
2024-06-30 19:30:00,76.99039710000001,67.02503213333334,74.9812,-2.00919592812501
2024-06-30 20:00:00,70.85500881666667,71.93587783333334,70.75784,-0.09716579908854328
2024-06-30 20:30:00,85.77049058333334,78.1381511,66.99817,-18.77232163802084
2024-06-30 21:00:00,71.41844329999999,73.97347121666667,62.823406,-8.59503708051757
2024-06-30 21:30:00,71.65797816666667,73.05771161666667,58.78599,-12.871986497965494
2024-06-30 22:00:00,65.07828458333333,68.23526615,58.081005,-6.9972794868977815
2024-06-30 22:30:00,55.513482833333335,48.45014015,52.55795,-2.955533767171225
2024-06-30 23:00:00,52.4567654,48.79898546666666,48.840984,-3.61578105551758
2024-06-30 23:30:00,55.66162071666667,46.95129731666666,46.717236,-8.944385151481121
2024-07-01 00:00:00,52.03948606666666,44.0624062,45.17085,-6.868637220231115
2024-07-01 00:30:00,52.382234933333336,39.48314336666667,41.85867,-10.523565652327477
2024-07-01 01:00:00,49.70925063333333,38.58196671666666,41.08537,-8.623881523225911
2024-07-01 01:30:00,40.817778716666666,32.08460828333333,39.286983,-1.5307952266764318
2024-07-01 02:00:00,35.275926133333336,27.48533613333333,37.684383,2.4084572590006488
2024-07-01 02:30:00,33.800105933333334,27.51712603333333,34.86108,1.0609742363444
2024-07-01 03:00:00,31.55127125,26.933268800000004,33.160458,1.6091863610839852
2024-07-01 03:30:00,36.78473993333333,26.43231285,29.245754,-7.538985691389968
2024-07-01 04:00:00,36.318605483333336,28.95180425,30.376263,-5.942342818538414
2024-07-01 04:30:00,37.8852022,24.878140516666665,31.514324,-6.37087801176758
2024-07-01 05:00:00,36.57695171666666,28.05424285,35.31599,-1.2609612686686162
2024-07-01 05:30:00,40.01940451666666,26.28987173333333,41.116024,1.0966195006673232
2024-07-01 06:00:00,50.26515438333333,35.65385836666667,47.35548,-2.909674189241535
2024-07-01 06:30:00,49.65213933333333,47.84037995,53.51678,3.8646415199381536
2024-07-01 07:00:00,52.463467783333336,40.777179483333335,54.64938,2.1859119468912738
2024-07-01 07:30:00,48.86921108333333,44.7821783,51.00236,2.133150214274089
2024-07-01 08:00:00,44.206142633333336,39.92009771666667,45.165173,0.959029943570961
2024-07-01 08:30:00,25.1411066,38.69988241666667,34.60461,9.463503843115234
2024-07-01 09:00:00,4.215315016666665,28.330528250000004,16.990307,12.774991837581382
2024-07-01 09:30:00,-16.576266183333335,8.550929850000001,-2.2440987,14.332167520003257
2024-07-01 10:00:00,-45.24873233333333,-19.19663875,-22.530354,22.71837878719075
2024-07-01 10:30:00,-53.6724967,-10.235062566666668,-38.31783,15.354667567919925
2024-07-01 11:00:00,-66.44166533333333,-10.280403783333334,-50.676716,15.764949482503255
2024-07-01 11:30:00,-59.63841201666667,-29.509398283333336,-58.138218,1.5001940906412798
2024-07-01 12:00:00,-59.96644131666667,-41.35567375,-62.910664,-2.9442222880696605
2024-07-01 12:30:00,-56.78013096666667,-44.66274665,-62.8924,-6.112267867561847
2024-07-01 13:00:00,-43.1489144,-51.75921063333333,-56.94936,-13.800445493798826
2024-07-01 13:30:00,-33.6292989,-53.02377573333334,-44.941944,-11.312645222314451
2024-07-01 14:00:00,-32.025073899999995,-30.199593333333336,-32.15964,-0.1345673658691453
2024-07-01 14:30:00,-36.17506206666666,-31.089142866666663,-18.992039,17.18302333986002
2024-07-01 15:00:00,-6.784513983333333,-13.519081233333331,-4.1260414,2.658472570979818
2024-07-01 15:30:00,18.27764025,8.227328183333332,12.78648,-5.491160300048829
2024-07-01 16:00:00,44.26050178333333,27.67184733333333,27.884502,-16.37599937244466
2024-07-01 16:30:00,58.06785060000001,54.65389508333333,42.957012,-15.110838423486335
2024-07-01 17:00:00,66.0764683,58.6488372,57.09921,-8.977259468212893
2024-07-01 17:30:00,71.89640405,68.1572989,64.89159,-7.0048177462890635
2024-07-01 18:00:00,74.11904238333334,82.24150155,69.28334,-4.835701929231774
2024-07-01 18:30:00,64.08729093333334,85.50644236666666,74.62413,10.536839315690102
2024-07-01 19:00:00,61.50165164999999,79.72018056666667,78.34352,16.84186946816407
2024-07-01 19:30:00,66.14703168333334,76.99039710000001,77.558975,11.411943536393224
2024-07-01 20:00:00,63.206366933333335,70.85500881666667,72.90895,9.702583872330727
2024-07-01 20:30:00,57.507853866666665,85.77049058333334,68.31828,10.810429214388023
2024-07-01 21:00:00,58.32290723333333,71.41844329999999,63.415615,5.092707848453777
2024-07-01 21:30:00,53.5714674,71.65797816666667,60.897808,7.326340674951169
2024-07-01 22:00:00,49.00049791666667,65.07828458333333,56.22752,7.227022072347005
2024-07-01 22:30:00,48.395227733333336,55.513482833333335,52.17027,3.7750412791178363
2024-07-01 23:00:00,48.05249388333333,52.4567654,48.55737,0.5048753488444078
2024-07-01 23:30:00,56.20888431666666,55.66162071666667,48.137814,-8.071070748551428
2024-07-02 00:00:00,56.97401226666667,52.03948606666666,45.37373,-11.600282560856122
2024-07-02 00:30:00,49.541885,52.382234933333336,42.763256,-6.778628927001954
2024-07-02 01:00:00,41.396256066666666,49.70925063333333,40.37013,-1.0261274350748693
2024-07-02 01:30:00,47.55123269999999,40.817778716666666,37.908413,-9.642819766650383
2024-07-02 02:00:00,43.764202966666666,35.275926133333336,34.115887,-9.648316278434244
2024-07-02 02:30:00,37.5670522,33.800105933333334,31.269512,-6.297540023486327
2024-07-02 03:00:00,38.69521563333333,31.55127125,31.844875,-6.850340297639974
2024-07-02 03:30:00,38.65372786666666,36.78473993333333,29.49258,-9.161147452848297
2024-07-02 04:00:00,43.29911835000001,36.318605483333336,28.95132,-14.347797701806648
2024-07-02 04:30:00,35.72534506666667,37.8852022,33.305676,-2.4196695600748725
2024-07-02 05:00:00,40.292273433333335,36.57695171666666,37.32237,-2.9699048115071633
2024-07-02 05:30:00,34.94091153333333,40.01940451666666,44.77113,9.83021807482097
2024-07-02 06:00:00,44.58999476666667,50.26515438333333,52.125835,7.535840652034501
2024-07-02 06:30:00,45.80968536666666,49.65213933333333,56.179226,10.369540554964196
2024-07-02 07:00:00,50.19923441666666,52.463467783333336,57.37016,7.170924732503259
2024-07-02 07:30:00,49.4080984,48.86921108333333,54.440014,5.031915485498047
2024-07-02 08:00:00,40.3632944,44.206142633333336,46.39616,6.032865725732421
2024-07-02 08:30:00,29.4934077,25.1411066,33.056026,3.5626187587402356
2024-07-02 09:00:00,14.523070633333331,4.215315016666665,16.638851,2.115780532438153
2024-07-02 09:30:00,-13.815584516666668,-16.576266183333335,-5.7278633,8.08772120489909
2024-07-02 10:00:00,-39.43375498333334,-45.24873233333333,-23.392658,16.04109674969076
2024-07-02 10:30:00,-62.62764563333334,-53.6724967,-39.89449,22.73315634500326
2024-07-02 11:00:00,-77.00190486666666,-66.44166533333333,-52.178333,24.82357158419596
2024-07-02 11:30:00,-77.845825,-59.63841201666667,-59.520893,18.324931903076177
2024-07-02 12:00:00,-73.13807961666667,-59.96644131666667,-62.569813,10.56826684200847
2024-07-02 12:30:00,-67.70622596666666,-56.78013096666667,-59.842274,7.863952254508462
2024-07-02 13:00:00,-79.60785555,-43.1489144,-53.305607,26.30224870795898
2024-07-02 13:30:00,-66.99517775,-33.6292989,-43.494526,23.500651840576168
2024-07-02 14:00:00,-52.1090792,-32.025073899999995,-33.790577,18.318502265185543
2024-07-02 14:30:00,-36.88739605,-36.17506206666666,-17.116703,19.770693016552734
2024-07-02 15:00:00,-19.74636885,-6.784513983333333,-3.6898232,16.056545699365234
2024-07-02 15:30:00,-9.653379433333331,18.27764025,11.731274,21.384653084456378
2024-07-02 16:00:00,6.676974483333333,44.26050178333333,29.047817,22.370842746891277
2024-07-02 16:30:00,29.7450008,58.06785060000001,44.59628,14.85127834428711
2024-07-02 17:00:00,44.49303828333333,66.0764683,57.780422,13.287383927360032
2024-07-02 17:30:00,58.51095793333334,71.89640405,69.215164,10.704206251236975
2024-07-02 18:00:00,71.31396338333333,74.11904238333334,77.48241,6.168443232877607
2024-07-02 18:30:00,76.72115943333334,64.08729093333334,79.75783,3.0366683254557216
2024-07-02 19:00:00,79.27291828333334,61.50165164999999,81.37729,2.1043705350260353
2024-07-02 19:30:00,70.32442778333333,66.14703168333334,78.88689,8.562458813346353
2024-07-02 20:00:00,70.78393223333333,63.206366933333335,72.41666,1.6327242608072936
2024-07-02 20:30:00,70.31348605,57.507853866666665,67.36577,-2.947717617382807
2024-07-02 21:00:00,59.521804383333325,58.32290723333333,63.392376,3.8705715627115964
2024-07-02 21:30:00,53.01682936666666,53.5714674,58.5097,5.492871408479822
2024-07-02 22:00:00,60.2769717,49.00049791666667,52.22595,-8.051023366259763
2024-07-02 22:30:00,62.94030885000001,48.395227733333336,48.484783,-14.455525677392586
2024-07-02 23:00:00,62.04057649999999,48.05249388333333,47.310146,-14.730430168212884
2024-07-02 23:30:00,59.148020116666665,56.20888431666666,45.572445,-13.57557520089518
2024-07-03 00:00:00,59.16874821666666,56.97401226666667,43.56808,-15.600667314567048
2024-07-03 00:30:00,50.5479645,49.541885,41.666515,-8.881449149658202
2024-07-03 01:00:00,51.4174949,41.396256066666666,40.019405,-11.398089535009767
2024-07-03 01:30:00,48.24950335,47.55123269999999,38.69978,-9.54972383950195
2024-07-03 02:00:00,40.426999,43.764202966666666,37.927853,-2.4991463693847678
2024-07-03 02:30:00,45.97992008333333,37.5670522,35.291546,-10.688374215413411
2024-07-03 03:00:00,44.22818328333333,38.69521563333333,31.219036,-13.009147181038408
2024-07-03 03:30:00,42.423692116666665,38.65372786666666,29.713589,-12.710103402067055
2024-07-03 04:00:00,46.11780006666667,43.29911835000001,30.733196,-15.384603808121746
2024-07-03 04:30:00,46.82324601666667,35.72534506666667,32.229855,-14.593391432926438
2024-07-03 05:00:00,46.25256796666667,40.292273433333335,35.128506,-11.124062259879558
2024-07-03 05:30:00,44.22144983333334,34.94091153333333,40.89088,-3.3305692486165412
2024-07-03 06:00:00,47.1966811,44.58999476666667,48.149242,0.9525613011230476
2024-07-03 06:30:00,48.918075666666674,45.80968536666666,51.70065,2.7825735948079355
2024-07-03 07:00:00,50.81955445,50.19923441666666,52.516827,1.6972721796386736
2024-07-03 07:30:00,47.6091511,49.4080984,49.28787,1.678717399755861
2024-07-03 08:00:00,32.560923100000004,40.3632944,42.67555,10.114625453466793
2024-07-03 08:30:00,18.556497366666665,29.4934077,26.865551,8.309053628206382
2024-07-03 09:00:00,8.030285016666667,14.523070633333331,10.923275,2.892989977229817
2024-07-03 09:30:00,-24.058261,-13.815584516666668,-7.916996,16.141264997802736
2024-07-03 10:00:00,-53.00210163333333,-39.43375498333334,-23.471622,29.530479166292317
2024-07-03 10:30:00,-67.86993958333333,-62.62764563333334,-39.106632,28.76330735066732
2024-07-03 11:00:00,-63.30452708333333,-77.00190486666666,-54.353107,8.951419630940755
2024-07-03 11:30:00,-78.40573823333334,-77.845825,-64.59306,13.81267487884115
2024-07-03 12:00:00,-93.19885493333334,-73.13807961666667,-67.00316,26.1956963639974
2024-07-03 12:30:00,-91.80706105,-67.70622596666666,-66.34219,25.464867446484377
2024-07-03 13:00:00,-68.6524007,-79.60785555,-61.81101,6.8413922466308605
2024-07-03 13:30:00,-63.227622233333335,-66.99517775,-50.87781,12.34981080144857
2024-07-03 14:00:00,-62.24939015,-52.1090792,-37.510227,24.739162946630863
2024-07-03 14:30:00,-54.334196683333325,-36.88739605,-23.106358,31.227839108870434
2024-07-03 15:00:00,-44.912151,-19.74636885,-8.274036,36.6381145925293
2024-07-03 15:30:00,-21.554795233333333,-9.653379433333331,9.297268,30.852063147151693
2024-07-03 16:00:00,6.787137866666666,6.676974483333333,24.780865,17.993726848909507
2024-07-03 16:30:00,29.5719663,29.7450008,40.515606,10.943639626513672
2024-07-03 17:00:00,42.5706493,44.49303828333333,53.138943,10.56829341850586
2024-07-03 17:30:00,57.593380033333325,58.51095793333334,61.833263,4.239883363883472
2024-07-03 18:00:00,63.869203950000006,71.31396338333333,69.64923,5.780027007031244
2024-07-03 18:30:00,67.35505988333334,76.72115943333334,73.01434,5.65928337838541
2024-07-03 19:00:00,72.44677846666666,79.27291828333334,72.2758,-0.17097585436196994
2024-07-03 19:30:00,79.15602396666667,70.32442778333333,70.76192,-8.394106852408854
2024-07-03 20:00:00,73.26861611666666,70.78393223333333,69.60025,-3.6683658725260386
2024-07-03 20:30:00,73.44514716666667,70.31348605,66.66638,-6.778765330729172
2024-07-03 21:00:00,68.15450614999999,59.521804383333325,63.271465,-4.883040848486317
2024-07-03 21:30:00,63.061641683333335,53.01682936666666,60.00932,-3.0523223779134128
2024-07-03 22:00:00,59.02869961666666,60.2769717,57.483242,-1.5454575817545475
2024-07-03 22:30:00,61.02787386666666,62.94030885000001,53.004467,-8.023406856168613
2024-07-03 23:00:00,60.7021121,62.04057649999999,49.479137,-11.222974679345704
2024-07-03 23:30:00,59.38903058333333,59.148020116666665,48.329494,-11.05953610701497
2024-07-04 00:00:00,57.40612593333333,59.16874821666666,46.661663,-10.744462877913406
2024-07-04 00:30:00,44.787462866666665,50.5479645,44.232845,-0.5546175602701808
2024-07-04 01:00:00,42.94068669999999,51.4174949,45.139584,2.198896887646491
2024-07-04 01:30:00,41.060576000000005,48.24950335,44.545803,3.4852270700683547
2024-07-04 02:00:00,34.47009441666666,40.426999,42.42474,7.954645420979823
2024-07-04 02:30:00,38.15875201666667,45.97992008333333,39.26199,1.1032375768391915
2024-07-04 03:00:00,37.575199016666666,44.22818328333333,35.82443,-1.7507704583170565
2024-07-04 03:30:00,36.441723816666666,42.423692116666665,35.927456,-0.514267914567057
2024-07-04 04:00:00,37.1724306,46.11780006666667,33.782207,-3.3902231109863266
2024-07-04 04:30:00,35.9490661,46.82324601666667,34.56358,-1.3854865406738313
2024-07-04 05:00:00,37.04325775,46.25256796666667,37.553036,0.5097779860839822
2024-07-04 05:30:00,37.53380665,44.22144983333334,44.052715,6.518908651513669
2024-07-04 06:00:00,34.756994850000005,47.1966811,46.818905,12.06191002670898
2024-07-04 06:30:00,44.085907866666666,48.918075666666674,51.423504,7.337596009065756
2024-07-04 07:00:00,45.22573458333333,50.81955445,51.327465,6.101730474039719
2024-07-04 07:30:00,39.29510213333334,47.6091511,46.072002,6.776900277555335
2024-07-04 08:00:00,27.17263095,32.560923100000004,36.01344,8.840808228466798
2024-07-04 08:30:00,19.25470505,18.556497366666665,22.395306,3.1406005835449236
2024-07-04 09:00:00,5.970350100000001,8.030285016666667,4.9977684,-0.9725816979003916
2024-07-04 09:30:00,-27.75941711666667,-24.058261,-13.247349,14.512068331266278
2024-07-04 10:00:00,-43.15133721666667,-53.00210163333333,-29.689259,13.462078641227215
2024-07-04 10:30:00,-51.89201333333333,-67.86993958333333,-48.268406,3.6236074190266905
2024-07-04 11:00:00,-59.80328621666666,-63.30452708333333,-59.651432,0.1518541793131476
2024-07-04 11:30:00,-73.58008946666666,-78.40573823333334,-67.27048,6.309612171744789
2024-07-04 12:00:00,-91.1741416,-93.19885493333334,-73.79607,17.37807531582031
2024-07-04 12:30:00,-83.43861893333333,-91.80706105,-74.8853,8.553319250716143
2024-07-04 13:00:00,-84.47136175,-68.6524007,-68.53371,15.937655084960937
2024-07-04 13:30:00,-83.72170385,-63.227622233333335,-58.656284,25.065419517724607
2024-07-04 14:00:00,-68.99314871666667,-62.24939015,-44.84244,24.150707157828776
2024-07-04 14:30:00,-53.123565500000005,-54.334196683333325,-32.05582,21.067745034912114
2024-07-04 15:00:00,-39.35681615,-44.912151,-17.954288,21.402527667333985
2024-07-04 15:30:00,-22.45423153333333,-21.554795233333333,-2.6039467,19.850284847542316
2024-07-04 16:00:00,7.527678866666668,6.787137866666666,15.229305,7.701626400667316
2024-07-04 16:30:00,27.559423866666663,29.5719663,31.792156,4.232732352815759
2024-07-04 17:00:00,43.21765223333333,42.5706493,48.025036,4.8073836248209645
2024-07-04 17:30:00,50.98942945,57.593380033333325,59.64436,8.654930138623044
2024-07-04 18:00:00,60.313987133333335,63.869203950000006,65.43358,5.119591357877603
2024-07-04 18:30:00,69.76147353333333,67.35505988333334,70.84598,1.084504249869795
2024-07-04 19:00:00,69.29653668333333,72.44677846666666,72.33125,3.0347163684244833
2024-07-04 19:30:00,71.92761708333333,79.15602396666667,71.9982,0.07058237955729396
2024-07-04 20:00:00,71.8797266,73.26861611666666,68.48564,-3.3940851205078104
2024-07-04 20:30:00,69.37069096666667,73.44514716666667,67.34741,-2.023278857291672
2024-07-04 21:00:00,59.039086700000006,68.15450614999999,64.15468,5.115591644726557
2024-07-04 21:30:00,56.63241396666666,63.061641683333335,62.08276,5.450345890511073
2024-07-04 22:00:00,47.83145123333333,59.02869961666666,57.518444,9.686992827945964
2024-07-04 22:30:00,44.1563904,61.02787386666666,55.01312,10.856728343896485
2024-07-04 23:00:00,47.21106128333333,60.7021121,51.88267,4.671610072867843
2024-07-04 23:30:00,42.73016621666667,59.38903058333333,49.490124,6.7599575321126295
2024-07-05 00:00:00,43.82666296666667,57.40612593333333,47.82501,3.998345425667317
2024-07-05 00:30:00,37.15425236666667,44.787462866666665,45.02325,7.868998213167316
2024-07-05 01:00:00,36.620094783333336,42.94068669999999,43.713802,7.0937075543131485
2024-07-05 01:30:00,40.97900066666666,41.060576000000005,43.1004,2.1213983506673273
2024-07-05 02:00:00,39.50500611666666,34.47009441666666,39.388226,-0.11678056124673475
2024-07-05 02:30:00,35.36566945,38.15875201666667,37.26161,1.8959386737792983
2024-07-05 03:00:00,33.55739128333334,37.575199016666666,34.275494,0.7181023384928338
2024-07-05 03:30:00,32.88453271666667,36.441723816666666,32.337795,-0.5467374590983098
2024-07-05 04:00:00,32.45246506666667,37.1724306,33.77856,1.3260955717610656
2024-07-05 04:30:00,33.18342445,35.9490661,36.157482,2.9740576972168
2024-07-05 05:00:00,33.040391166666666,37.04325775,36.99249,3.9520976944173185
2024-07-05 05:30:00,36.275412116666665,37.53380665,39.884716,3.609303917268882
2024-07-05 06:00:00,37.045528866666665,34.756994850000005,44.4434,7.397872470003257
2024-07-05 06:30:00,35.68673435,44.085907866666666,45.0836,9.39686474057617
2024-07-05 07:00:00,41.20346211666666,45.22573458333333,45.116558,3.913095958284515
2024-07-05 07:30:00,44.312717850000006,39.29510213333334,42.00758,-2.3051380465332088
2024-07-05 08:00:00,34.3048466,27.17263095,33.676556,-0.6282909664550758
2024-07-05 08:30:00,5.351759316666667,19.25470505,19.780712,14.428952811018881
2024-07-05 09:00:00,-3.793660899999999,5.970350100000001,1.8233452,5.617006084326171
2024-07-05 09:30:00,-26.239577266666668,-27.75941711666667,-19.731419,6.508158657047527
2024-07-05 10:00:00,-43.26260271666666,-43.15133721666667,-35.518787,7.74381533263346
2024-07-05 10:30:00,-50.04924893333333,-51.89201333333333,-49.87868,0.1705677504720029
2024-07-05 11:00:00,-62.01434176666667,-59.80328621666666,-61.035908,0.9784340213053397
2024-07-05 11:30:00,-62.39853061666667,-73.58008946666666,-68.46323,-6.064695701692706
2024-07-05 12:00:00,-79.01429821666666,-91.1741416,-74.6983,4.31599499401041
2024-07-05 12:30:00,-75.35940345,-83.43861893333333,-73.53378,1.825620491015627
2024-07-05 13:00:00,-73.11189778333333,-84.47136175,-68.6342,4.477696733528646
2024-07-05 13:30:00,-87.68370671666666,-83.72170385,-62.53902,25.144686178336585
2024-07-05 14:00:00,-72.72448874999999,-68.99314871666667,-50.60436,22.12013007690429
2024-07-05 14:30:00,-63.57089065,-53.123565500000005,-35.1366,28.434290155615237
2024-07-05 15:00:00,-42.055327766666665,-39.35681615,-21.272526,20.78280197931315
2024-07-05 15:30:00,-16.990395633333332,-22.45423153333333,-4.6758156,12.314580051057941
2024-07-05 16:00:00,5.26157725,7.527678866666668,14.471691,9.210113881591797
2024-07-05 16:30:00,23.63896275,27.559423866666663,30.992062,7.353098864990233
2024-07-05 17:00:00,37.992166033333326,43.21765223333333,45.16621,7.1740441412272205
2024-07-05 17:30:00,41.71380125,50.98942945,55.917187,14.203385487060544
2024-07-05 18:00:00,48.83940545,60.313987133333335,64.12576,15.286357489453124
2024-07-05 18:30:00,58.55794775,69.76147353333333,69.45442,10.896474247070316
2024-07-05 19:00:00,61.62171886666667,69.29653668333333,71.0744,9.452682988802081
2024-07-05 19:30:00,58.013267600000006,71.92761708333333,69.00641,10.993141091406244
2024-07-05 20:00:00,55.093843,71.8797266,66.78783,11.693983538085938
2024-07-05 20:30:00,51.558947233333335,69.37069096666667,63.592754,12.033807130680337
2024-07-05 21:00:00,44.0868904,59.039086700000006,59.220272,15.133381664208983
2024-07-05 21:30:00,43.575899283333335,56.63241396666666,58.716534,15.140634377555337
2024-07-05 22:00:00,40.03027548333333,47.83145123333333,55.823895,15.793619017399095
2024-07-05 22:30:00,38.28109503333334,44.1563904,54.115505,15.834410185172523
2024-07-05 23:00:00,47.65132226666666,47.21106128333333,52.44183,4.790507414729824
2024-07-05 23:30:00,52.79395496666667,42.73016621666667,48.660336,-4.1336194258951835
2024-07-06 00:00:00,53.615775633333335,43.82666296666667,43.810665,-9.805110502718101
2024-07-06 00:30:00,52.15834933333334,37.15425236666667,42.410168,-9.748181639241544
2024-07-06 01:00:00,46.70408925,36.620094783333336,40.25674,-6.447348679931643
2024-07-06 01:30:00,42.84151448333333,40.97900066666666,36.803585,-6.037929430843093
2024-07-06 02:00:00,35.11747148333333,39.50500611666666,35.879147,0.7616750925944018
2024-07-06 02:30:00,36.054820516666666,35.36566945,33.943295,-2.111525991520182
2024-07-06 03:00:00,33.81245431666667,33.55739128333334,33.738903,-0.07355127101237002
2024-07-06 03:30:00,36.25439738333333,32.88453271666667,33.952465,-2.30193232596028
2024-07-06 04:00:00,36.6893749,32.45246506666667,33.41998,-3.2693958045410128
2024-07-06 04:30:00,32.02921221666667,33.18342445,33.80583,1.7766158778157504
2024-07-06 05:00:00,31.4461833,33.040391166666666,36.650143,5.203959369677733
2024-07-06 05:30:00,29.7762944,36.275412116666665,37.90504,8.128746340966796
2024-07-06 06:00:00,33.41623103333333,37.045528866666665,42.089428,8.673196914664715
2024-07-06 06:30:00,37.57120665,35.68673435,44.10528,6.534075179833984
2024-07-06 07:00:00,42.81929168333334,41.20346211666666,43.434643,0.615351108414707
2024-07-06 07:30:00,35.05993541666667,44.312717850000006,39.92715,4.867215309651691
2024-07-06 08:00:00,29.951148383333333,34.3048466,30.078396,0.12724746017252642
2024-07-06 08:30:00,18.285618616666664,5.351759316666667,14.792385,-3.4932335153483045
2024-07-06 09:00:00,0.8433983333333331,-3.793660899999999,-2.646824,-3.4902222163899737
2024-07-06 09:30:00,-18.74014505,-26.239577266666668,-22.550404,-3.8102585449707043
2024-07-06 10:00:00,-41.5189312,-43.26260271666666,-37.72571,3.7932193774902316
2024-07-06 10:30:00,-62.69799598333333,-50.04924893333333,-51.330845,11.367151104182938
2024-07-06 11:00:00,-74.26855386666666,-62.01434176666667,-62.649693,11.618861331266274
2024-07-06 11:30:00,-89.13173490000001,-62.39853061666667,-70.763016,18.3687191529297
2024-07-06 12:00:00,-93.36377671666666,-79.01429821666666,-75.36367,18.00010636754557
2024-07-06 12:30:00,-107.64787025,-75.35940345,-75.03783,32.61004371191406
2024-07-06 13:00:00,-106.55579548333333,-73.11189778333333,-70.769455,35.78634052727864
2024-07-06 13:30:00,-97.2988326,-87.68370671666666,-62.709217,34.589615528466794
2024-07-06 14:00:00,-78.03789828333333,-72.72448874999999,-52.157078,25.880820494026693
2024-07-06 14:30:00,-59.85778596666666,-63.57089065,-39.79407,20.063714769156896
2024-07-06 15:00:00,-43.58878615,-42.055327766666665,-26.13306,17.45572569467773
2024-07-06 15:30:00,-26.712280083333336,-16.990395633333332,-9.520222,17.19205837312826
2024-07-06 16:00:00,-4.259989383333333,5.26157725,7.8744774,12.134466769807943
2024-07-06 16:30:00,33.87789935,23.63896275,23.48164,-10.396259487939453
2024-07-06 17:00:00,43.143271166666665,37.992166033333326,38.19688,-4.946390826090493
2024-07-06 17:30:00,60.02843955,41.71380125,48.71867,-11.30976965864258
2024-07-06 18:00:00,58.9714199,48.83940545,56.9727,-1.998721688330079
2024-07-06 18:30:00,57.5394877,58.55794775,63.4288,5.889310975537107
2024-07-06 19:00:00,58.45537770000001,61.62171886666667,66.75496,8.299581406445306
2024-07-06 19:30:00,59.32461850000001,58.013267600000006,64.30371,4.979092437499993
2024-07-06 20:00:00,63.393128866666665,55.093843,62.669796,-0.7233328766764302
2024-07-06 20:30:00,61.25700816666667,51.558947233333335,60.76849,-0.488518329020188
2024-07-06 21:00:00,57.39740278333333,44.0868904,57.87573,0.4783258238444077
2024-07-06 21:30:00,44.8020405,43.575899283333335,52.651836,7.849795895263675
2024-07-06 22:00:00,40.643156483333335,40.03027548333333,49.645443,9.002286479313149
2024-07-06 22:30:00,39.248047633333336,38.28109503333334,48.22978,8.981730656461586
2024-07-06 23:00:00,42.88383061666667,47.65132226666666,46.512493,3.6286625168782507
2024-07-06 23:30:00,47.85442486666667,52.79395496666667,45.87132,-1.983106049527997
2024-07-07 00:00:00,43.371555566666665,53.615775633333335,43.808514,0.4369580746907573
2024-07-07 00:30:00,39.07593533333333,52.15834933333334,42.621227,3.5452919310709703
2024-07-07 01:00:00,37.7414316,46.70408925,41.306683,3.5652509866699233
2024-07-07 01:30:00,32.6811016,42.84151448333333,39.738186,7.057084282568361
2024-07-07 02:00:00,29.608553866666668,35.11747148333333,37.84872,8.240166683870441
2024-07-07 02:30:00,25.45634443333333,36.054820516666666,34.82324,9.366893939469403
2024-07-07 03:00:00,33.02351615,33.81245431666667,31.9165,-1.1070160584472646
2024-07-07 03:30:00,30.59315165,36.25439738333333,31.02708,0.4339288858886725
2024-07-07 04:00:00,34.122536233333335,36.6893749,30.498821,-3.623714974788413
2024-07-07 04:30:00,35.025169416666664,32.02921221666667,33.055645,-1.969524427652992
2024-07-07 05:00:00,35.434676083333336,31.4461833,34.58247,-0.8522061431477894
2024-07-07 05:30:00,32.358222250000004,29.7762944,36.24844,3.890217538818355
2024-07-07 06:00:00,35.84285168333333,33.41623103333333,39.475994,3.633142426774093
2024-07-07 06:30:00,35.8872087,37.57120665,43.625988,7.738779306591795
2024-07-07 07:00:00,37.544821133333336,42.81929168333334,42.32249,4.777669558805336
2024-07-07 07:30:00,38.82089933333334,35.05993541666667,35.633938,-3.1869614976399774
2024-07-07 08:00:00,32.992529033333334,29.951148383333333,27.482632,-5.509897349983724
2024-07-07 08:30:00,16.43343685,18.285618616666664,14.410427,-2.0230097564941403
2024-07-07 09:00:00,-6.874331099999999,0.8433983333333331,-1.3236732,5.5506578517089835
2024-07-07 09:30:00,-26.531901200000004,-18.74014505,-17.601154,8.930746872607426
2024-07-07 10:00:00,-51.7174206,-41.5189312,-32.21628,19.501138709130856
2024-07-07 10:30:00,-56.86270266666667,-62.69799598333333,-49.081135,7.781567870524093
2024-07-07 11:00:00,-79.307058,-74.26855386666666,-63.52544,15.781617783935545
2024-07-07 11:30:00,-79.54934426666667,-89.13173490000001,-73.45027,6.099072660221353
2024-07-07 12:00:00,-70.56711048333334,-93.36377671666666,-77.94268,-7.375569875553381
2024-07-07 12:30:00,-75.65766895,-107.64787025,-77.74901,-2.091339228710936
2024-07-07 13:00:00,-67.87450123333333,-106.55579548333333,-75.24172,-7.36722087360026
2024-07-07 13:30:00,-49.487724283333336,-97.2988326,-69.3309,-19.84317781627604
2024-07-07 14:00:00,-44.49124006666667,-78.03789828333333,-60.267384,-15.776143508772783
2024-07-07 14:30:00,-35.597182833333335,-59.85778596666666,-46.799305,-11.202122128824868
2024-07-07 15:00:00,-19.43128778333333,-43.58878615,-31.309956,-11.878667813590496
2024-07-07 15:30:00,-4.79573225,-26.712280083333336,-15.637867,-10.842134723876953
2024-07-07 16:00:00,17.154824966666666,-4.259989383333333,1.0192833,-16.135541671988932
2024-07-07 16:30:00,40.10909958333334,33.87789935,19.348354,-20.76074524373373
2024-07-07 17:00:00,45.9387477,43.143271166666665,34.248913,-11.689834888720704
2024-07-07 17:30:00,53.41912658333333,60.02843955,48.421932,-4.997194362874346
2024-07-07 18:00:00,57.68555558333333,58.9714199,60.190136,2.504580372477214
2024-07-07 18:30:00,58.72502228333334,57.5394877,65.88136,7.156340631705724
2024-07-07 19:00:00,57.87122683333333,58.45537770000001,66.268265,8.397037937174481
2024-07-07 19:30:00,56.270616100000005,59.32461850000001,66.055695,9.78507848007812
2024-07-07 20:00:00,50.784625616666666,63.393128866666665,63.25941,12.47478524148763
2024-07-07 20:30:00,56.7654484,61.25700816666667,60.32429,3.55884282924805
2024-07-07 21:00:00,51.31555515,57.39740278333333,54.834637,3.5190815382324203
2024-07-07 21:30:00,49.02369611666666,44.8020405,50.163128,1.1394317825032587
2024-07-07 22:00:00,46.88221411666667,40.643156483333335,46.883694,0.0014795784016925495
2024-07-07 22:30:00,42.979800583333336,39.248047633333336,45.438442,2.458641646891273
2024-07-07 23:00:00,38.02384011666667,42.88383061666667,44.28941,6.265569520784503
2024-07-07 23:30:00,39.639124433333336,47.85442486666667,42.20773,2.5686049062662732
2024-07-08 00:00:00,39.60869888333333,43.371555566666665,39.927914,0.31921478243815216
2024-07-08 00:30:00,35.341969666666664,39.07593533333333,40.37486,5.032889189534508
2024-07-08 01:00:00,37.28975726666667,37.7414316,39.43127,2.1415133326985654
2024-07-08 01:30:00,29.06235403333333,32.6811016,38.79881,9.73645501818034
2024-07-08 02:00:00,33.4692166,29.608553866666668,37.748196,4.2789790481933565
2024-07-08 02:30:00,30.96362495,25.45634443333333,33.28474,2.321115497998047
2024-07-08 03:00:00,31.773374166666667,33.02351615,31.995495,0.22212067586263018
2024-07-08 03:30:00,32.29972226666667,30.59315165,29.419292,-2.8804298167154982
2024-07-08 04:00:00,27.54758445,34.122536233333335,30.769466,3.2218819501464857
2024-07-08 04:30:00,31.784005633333333,35.025169416666664,32.803738,1.0197320070475264
2024-07-08 05:00:00,29.4972589,35.434676083333336,33.8343,4.337042094873048
2024-07-08 05:30:00,29.741933466666666,32.358222250000004,36.657986,6.916052220589194
2024-07-08 06:00:00,31.43790003333333,35.84285168333333,40.29527,8.85736897911784
2024-07-08 06:30:00,37.89150676666667,35.8872087,41.2944,3.4028924948079364
2024-07-08 07:00:00,36.72679888333334,37.544821133333336,38.378826,1.6520272580240842
2024-07-08 07:30:00,37.77553125,38.82089933333334,32.50282,-5.272712188720703
2024-07-08 08:00:00,31.153695016666664,32.992529033333334,25.138027,-6.015667825504554
2024-07-08 08:30:00,26.21190933333333,16.43343685,14.089321,-12.122588196858722
2024-07-08 09:00:00,20.6333702,-6.874331099999999,-1.7617989,-22.39516905864258
2024-07-08 09:30:00,19.05660383333333,-26.531901200000004,-19.234638,-38.291242047444655
2024-07-08 10:00:00,10.126706700000002,-51.7174206,-37.10454,-47.23124847856445
2024-07-08 10:30:00,8.31071915,-56.86270266666667,-53.46741,-61.77813019125976
2024-07-08 11:00:00,1.0196695333333334,-79.307058,-66.41205,-67.43171787317708
2024-07-08 11:30:00,-5.297220633333333,-79.54934426666667,-76.21352,-70.91629560201822
2024-07-08 12:00:00,-24.413577766666663,-70.56711048333334,-82.99736,-58.583782462825525
2024-07-08 12:30:00,-20.996655366666666,-75.65766895,-84.78399,-63.78733358597005
2024-07-08 13:00:00,-20.20969,-67.87450123333333,-80.63444,-60.42474756103516
2024-07-08 13:30:00,-9.16497615,-49.487724283333336,-70.713974,-61.548997849023436
2024-07-08 14:00:00,-9.239082816666668,-44.49124006666667,-60.600193,-51.361110207014974
2024-07-08 14:30:00,-6.517952666666669,-35.597182833333335,-45.042133,-38.52418066463216
2024-07-08 15:00:00,5.485826083333333,-19.43128778333333,-29.153492,-34.63931805721029
2024-07-08 15:30:00,15.953358316666666,-4.79573225,-11.786854,-27.74021210694987
2024-07-08 16:00:00,31.39131331666667,17.154824966666666,7.0999107,-24.291402580582684
2024-07-08 16:30:00,43.2363756,40.10909958333334,24.284664,-18.951711445947268
2024-07-08 17:00:00,53.04114046666667,45.9387477,42.502743,-10.538397699332684
2024-07-08 17:30:00,56.44437053333333,53.41912658333333,52.22134,-4.223030353889968
2024-07-08 18:00:00,57.04991236666667,57.68555558333333,60.81338,3.7634688284016917
2024-07-08 18:30:00,64.21442106666667,58.72502228333334,64.29552,0.08109590110676379
2024-07-08 19:00:00,58.99976895,57.87122683333333,66.6996,7.699831269726559
2024-07-08 19:30:00,68.23889326666666,56.270616100000005,64.96039,-3.2785050830729148
2024-07-08 20:00:00,54.195722933333336,50.784625616666666,59.824062,5.6283394140787735
2024-07-08 20:30:00,51.31636625,56.7654484,55.79202,4.475652640380858
2024-07-08 21:00:00,41.87777255,51.31555515,51.343716,9.465943117724606
2024-07-08 21:30:00,42.03932283333333,49.02369611666666,47.737453,5.69813062736003
2024-07-08 22:00:00,39.63701068333334,46.88221411666667,44.680264,5.043252835953773
2024-07-08 22:30:00,36.08392886666667,42.979800583333336,44.44978,8.36585064383138
2024-07-08 23:00:00,41.1438215,38.02384011666667,42.85606,1.7122385280761705
2024-07-08 23:30:00,42.35174228333333,39.639124433333336,41.826305,-0.525436893929033
2024-07-09 00:00:00,38.13823905,39.60869888333333,40.702236,2.5639971255371066
2024-07-09 00:30:00,36.7992734,35.341969666666664,39.94357,3.1442957833496123
2024-07-09 01:00:00,37.62979233333333,37.28975726666667,40.037853,2.4080609076334696
2024-07-09 01:30:00,32.21708945,29.06235403333333,37.78198,5.564889157177731
2024-07-09 02:00:00,26.10250835,33.4692166,36.573986,10.471477703466796
2024-07-09 02:30:00,26.357438716666667,30.96362495,33.586773,7.229334202034504
2024-07-09 03:00:00,27.001630666666667,31.773374166666667,30.78703,3.7853985996907547
2024-07-09 03:30:00,29.024241,32.29972226666667,30.610683,1.5864424411621094
2024-07-09 04:00:00,29.584731750000003,27.54758445,29.906689,0.32195694018554377
2024-07-09 04:30:00,31.546159366666668,31.784005633333333,31.358364,-0.1877952614420586
2024-07-09 05:00:00,30.4658189,29.4972589,32.68687,2.2210516749511733
2024-07-09 05:30:00,30.79893218333333,29.741933466666666,36.42651,5.627577673844403
2024-07-09 06:00:00,31.60580215,31.43790003333333,39.712795,8.10699310756836
2024-07-09 06:30:00,32.07890733333333,37.89150676666667,41.73332,9.654410995524088
2024-07-09 07:00:00,35.212987883333334,36.72679888333334,41.632793,6.419805543180338
2024-07-09 07:30:00,42.15336335,37.77553125,34.406536,-7.7468272477050775
2024-07-09 08:00:00,41.627228333333335,31.153695016666664,26.26382,-15.363407685139975
2024-07-09 08:30:00,29.46757683333333,26.21190933333333,12.055111,-17.412465901936844
2024-07-09 09:00:00,15.382501766666666,20.6333702,-5.5500984,-20.932600185856117
2024-07-09 09:30:00,14.385643966666668,19.05660383333333,-20.210453,-34.596097000113936
2024-07-09 10:00:00,-2.4357543666666674,10.126706700000002,-33.047123,-30.611368588655598
2024-07-09 10:30:00,-33.4247644,8.31071915,-45.33211,-11.907346958642577
2024-07-09 11:00:00,-35.470521233333336,1.0196695333333334,-55.362736,-19.89221451495768
2024-07-09 11:30:00,-40.13171951666666,-5.297220633333333,-64.228134,-24.09641463860678
2024-07-09 12:00:00,-47.88371061666667,-24.413577766666663,-68.94501,-21.06129670755208
2024-07-09 12:30:00,-45.73935218333333,-20.996655366666666,-68.5206,-22.781247181901044
2024-07-09 13:00:00,-40.488578833333335,-20.20969,-64.75702,-24.268440209635415
2024-07-09 13:30:00,-43.88257383333333,-9.16497615,-56.208424,-12.325849781168621
2024-07-09 14:00:00,-41.69380275,-9.239082816666668,-44.73647,-3.042666518798825
2024-07-09 14:30:00,-30.13640893333333,-6.517952666666669,-31.544209,-1.4077995932779999
2024-07-09 15:00:00,-26.88290326666667,5.485826083333333,-16.831287,10.051615882633467
2024-07-09 15:30:00,-5.748368816666667,15.953358316666666,-0.08879469,5.659574123315875
2024-07-09 16:00:00,5.706902433333333,31.39131331666667,17.17883,11.471926759781901
2024-07-09 16:30:00,26.2273316,43.2363756,30.5816,4.354268589208985
2024-07-09 17:00:00,46.06075164999999,53.04114046666667,43.111324,-2.949427339697259
2024-07-09 17:30:00,54.422949433333336,56.44437053333333,53.068172,-1.354776978499352
2024-07-09 18:00:00,52.74764768333333,57.04991236666667,60.82745,8.079802115250658
2024-07-09 18:30:00,54.23121905,64.21442106666667,64.17996,9.948743108203125
2024-07-09 19:00:00,72.938217,58.99976895,65.44469,-7.493530110351557
2024-07-09 19:30:00,74.71404635,68.23889326666666,62.710125,-12.003921380517582
2024-07-09 20:00:00,65.31946235,54.195722933333336,57.51498,-7.8044820338378855
2024-07-09 20:30:00,57.3775261,51.31636625,53.27183,-4.105694587548825
2024-07-09 21:00:00,45.91636726666667,41.87777255,49.18742,3.2710526246907534
2024-07-09 21:30:00,43.055044216666666,42.03932283333333,47.37306,4.318014102425131
2024-07-09 22:00:00,40.9756169,39.63701068333334,45.989056,5.013438733544923
2024-07-09 22:30:00,41.02525331666666,36.08392886666667,44.545437,3.5201835424642027
2024-07-09 23:00:00,40.361098950000006,41.1438215,42.109554,1.7484553407714785
2024-07-09 23:30:00,42.19278598333333,42.35174228333333,41.073772,-1.1190135529134082
2024-07-10 00:00:00,42.5016674,38.13823905,39.16551,-3.3361591297363304
2024-07-10 00:30:00,40.53829273333333,36.7992734,37.54568,-2.992611733577469
2024-07-10 01:00:00,38.72927146666667,37.62979233333333,36.704754,-2.024517590934245
2024-07-10 01:30:00,31.88974053333333,32.21708945,35.14419,3.2544512086100283
2024-07-10 02:00:00,33.733749816666666,26.10250835,33.45825,-0.2755016782389319
2024-07-10 02:30:00,28.31796998333333,26.357438716666667,31.955227,3.6372569148600284
2024-07-10 03:00:00,28.777521033333333,27.001630666666667,29.419338,0.6418171929850267
2024-07-10 03:30:00,30.25363715,29.024241,28.34924,-1.904397800634765
2024-07-10 04:00:00,30.488065,29.584731750000003,28.46989,-2.018174405517577
2024-07-10 04:30:00,33.640649266666664,31.546159366666668,30.277096,-3.3635534719889293
2024-07-10 05:00:00,38.9707955,30.4658189,33.755306,-5.215489256103517
2024-07-10 05:30:00,32.364743233333336,30.79893218333333,36.172726,3.807982444156899
2024-07-10 06:00:00,35.14353666666667,31.60580215,39.769833,4.626295944417315
2024-07-10 06:30:00,36.90703903333333,32.07890733333333,42.152126,5.245087278922533
2024-07-10 07:00:00,36.58716081666667,35.212987883333334,42.83122,6.244057902815754
2024-07-10 07:30:00,42.44210168333333,42.15336335,37.32095,-5.1211521288899675
2024-07-10 08:00:00,35.202007816666665,41.627228333333335,30.760662,-4.441345737809243
2024-07-10 08:30:00,21.80593228333333,29.46757683333333,17.48103,-4.324902772835284
2024-07-10 09:00:00,3.783516666666666,15.382501766666666,3.1530418,-0.6304748270670566
2024-07-10 09:30:00,-21.95103333333333,14.385643966666668,-10.016224,11.934809425862628
2024-07-10 10:00:00,-45.2890506,-2.4357543666666674,-22.336033,22.953017732568362
2024-07-10 10:30:00,-70.43767103333333,-33.4247644,-35.701786,34.735884992073565
2024-07-10 11:00:00,-89.47093343333334,-35.470521233333336,-45.123585,44.34734868601889
2024-07-10 11:30:00,-104.54892465,-40.13171951666666,-54.020405,50.528519834326175
2024-07-10 12:00:00,-112.82306345,-47.88371061666667,-59.13515,53.68791254057618
2024-07-10 12:30:00,-108.882285,-45.73935218333333,-61.09461,47.78767669311523
2024-07-10 13:00:00,-95.96396663333331,-40.488578833333335,-57.563877,38.40008952762042
2024-07-10 13:30:00,-76.72610226666667,-43.88257383333333,-52.01917,24.706933412906906
2024-07-10 14:00:00,-77.32578980000001,-41.69380275,-45.123768,32.20202194721681
2024-07-10 14:30:00,-62.30481215,-30.13640893333333,-34.91495,27.389860825537106
2024-07-10 15:00:00,-40.9146535,-26.88290326666667,-20.912556,20.002097805419922
2024-07-10 15:30:00,-15.0072616,-5.748368816666667,-3.6846352,11.322626437646484
2024-07-10 16:00:00,2.7918193333333328,5.706902433333333,12.207684,9.415864229899089
2024-07-10 16:30:00,21.63941671666667,26.2273316,26.610271,4.970854737190752
2024-07-10 17:00:00,36.033353866666666,46.06075164999999,39.873714,3.840360580354819
2024-07-10 17:30:00,44.71466826666667,54.422949433333336,50.997707,6.283039100276689
2024-07-10 18:00:00,54.3859623,52.74764768333333,58.049725,3.663762278857419
2024-07-10 18:30:00,64.30546443333334,54.23121905,63.611904,-0.693560289046232
2024-07-10 19:00:00,70.0972072,72.938217,63.261395,-6.835812699267578
2024-07-10 19:30:00,74.19230746666666,74.71404635,63.8202,-10.372105592887365
2024-07-10 20:00:00,76.28185798333332,65.31946235,61.134777,-15.147080914241528
2024-07-10 20:30:00,67.82189336666667,57.3775261,55.2055,-12.616391810270187
2024-07-10 21:00:00,74.38227423333333,45.91636726666667,51.36392,-23.018355928889974
2024-07-10 21:30:00,63.29780711666667,43.055044216666666,47.73744,-15.560368914762371
2024-07-10 22:00:00,58.41809106666667,40.9756169,46.13673,-12.281360872574872
2024-07-10 22:30:00,52.714014850000005,41.02525331666666,42.4828,-10.231215319970708
2024-07-10 23:00:00,50.39613678333333,40.361098950000006,40.646328,-9.749808810921223
2024-07-10 23:30:00,45.59366888333333,42.19278598333333,38.174892,-7.41877645779622
2024-07-11 00:00:00,47.2604894,42.5016674,36.50001,-10.7604779559082
2024-07-11 00:30:00,41.59222656666667,40.53829273333333,35.32739,-6.264837803238933
2024-07-11 01:00:00,39.71528383333334,38.72927146666667,36.790646,-2.9246382339681034
2024-07-11 01:30:00,32.82005963333334,31.88974053333333,34.98521,2.1651507853678353
2024-07-11 02:00:00,32.53205543333333,33.733749816666666,32.3773,-0.1547551708821615
2024-07-11 02:30:00,32.03931501666667,28.31796998333333,28.15681,-3.882504256168623
2024-07-11 03:00:00,33.48390431666667,28.777521033333333,26.244991,-7.238913014176433
2024-07-11 03:30:00,34.333706150000005,30.25363715,26.263744,-8.069961795751958
2024-07-11 04:00:00,35.36167696666667,30.488065,28.883205,-6.478471552848312
2024-07-11 04:30:00,33.09033445,33.640649266666664,30.289227,-2.8011079180175784
2024-07-11 05:00:00,33.815803433333336,38.9707955,32.415096,-1.4007071503743518
2024-07-11 05:30:00,29.79660008333333,32.364743233333336,33.091747,3.2951472006022158
2024-07-11 06:00:00,33.858120166666666,35.14353666666667,38.490627,4.632507122151694
2024-07-11 06:30:00,32.163173916666665,36.90703903333333,42.814312,10.651138064534507
2024-07-11 07:00:00,37.38273225,36.58716081666667,41.734295,4.351562641357425
2024-07-11 07:30:00,40.43649378333333,42.44210168333333,39.475292,-0.961201577522786
2024-07-11 08:00:00,34.160148183333334,35.202007816666665,32.201305,-1.958842793929037
2024-07-11 08:30:00,32.23102385,21.80593228333333,23.050152,-9.180872025048828
2024-07-11 09:00:00,20.208491316666667,3.783516666666666,7.957424,-12.251067152848307
2024-07-11 09:30:00,4.817076233333332,-21.95103333333333,-7.4880714,-12.305147674983722
2024-07-11 10:00:00,-4.599747983333333,-45.2890506,-21.470646,-16.870897921207682
2024-07-11 10:30:00,-12.134435566666667,-70.43767103333333,-36.620136,-24.48570069431966
2024-07-11 11:00:00,-22.3510899,-89.47093343333334,-50.82819,-28.477099949853514
2024-07-11 11:30:00,-28.94649885,-104.54892465,-62.136433,-33.18993379770508
2024-07-11 12:00:00,-42.00326496666667,-112.82306345,-69.342026,-27.338760790169268
2024-07-11 12:30:00,-42.80649325,-108.882285,-72.607605,-29.801111730468747
2024-07-11 13:00:00,-30.626804066666665,-95.96396663333331,-69.86528,-39.23847608470052
2024-07-11 13:30:00,-23.14772191666667,-76.72610226666667,-64.10158,-40.953855842122394
2024-07-11 14:00:00,-10.82625945,-77.32578980000001,-54.516987,-43.690727396923826
2024-07-11 14:30:00,-6.914368350000001,-62.30481215,-41.13326,-34.218890469580074
2024-07-11 15:00:00,-16.491299533333336,-40.9146535,-25.951328,-9.460028744254554
2024-07-11 15:30:00,9.4191745,-15.0072616,-9.035465,-18.454639740478516
2024-07-11 16:00:00,20.728351216666667,2.7918193333333328,6.382839,-14.345512013785807
2024-07-11 16:30:00,28.613695466666663,21.63941671666667,22.920513,-5.693182313590491
2024-07-11 17:00:00,45.8237461,36.033353866666666,38.414577,-7.409168615869142
2024-07-11 17:30:00,56.10861988333334,44.71466826666667,49.73341,-6.375210001741543
2024-07-11 18:00:00,58.55030895,54.3859623,58.815395,0.2650864052246078
2024-07-11 18:30:00,62.54795326666667,64.30546443333334,64.54735,1.9993947557942704
2024-07-11 19:00:00,69.59163115,70.0972072,65.29114,-4.300493454687498
2024-07-11 19:30:00,66.71538633333334,74.19230746666666,63.53944,-3.175946178304045
2024-07-11 20:00:00,69.21525268333333,76.28185798333332,61.320614,-7.894638822249348
2024-07-11 20:30:00,58.41721826666666,67.82189336666667,56.72891,-1.6883097278482992
2024-07-11 21:00:00,54.663076716666666,74.38227423333333,53.74319,-0.9198859512858064
2024-07-11 21:30:00,54.98275418333333,63.29780711666667,50.757046,-4.225708437483718
2024-07-11 22:00:00,49.4325412,58.41809106666667,48.207058,-1.2254832471191435
2024-07-11 22:30:00,51.093690083333335,52.714014850000005,44.93133,-6.162358448811851
2024-07-11 23:00:00,51.383288316666665,50.39613678333333,42.2982,-9.085089616715493
2024-07-11 23:30:00,49.39590073333333,45.59366888333333,40.516613,-8.87928772674153
2024-07-12 00:00:00,44.06756176666667,47.2604894,38.883144,-5.184417388004562
2024-07-12 00:30:00,37.659009,41.59222656666667,37.267437,-0.39157201879882564
2024-07-12 01:00:00,42.3119977,39.71528383333334,36.728085,-5.583913135791015
2024-07-12 01:30:00,37.04986666666667,32.82005963333334,35.694485,-1.3553819559733071
2024-07-12 02:00:00,33.1296656,32.53205543333333,34.016674,0.8870084417480442
2024-07-12 02:30:00,29.144632416666667,32.03931501666667,31.166988,2.0223559561360673
2024-07-12 03:00:00,29.4066678,33.48390431666667,31.17796,1.7712916421386709
2024-07-12 03:30:00,28.9848632,34.333706150000005,30.235653,1.2507897235839849
2024-07-12 04:00:00,32.14180241666667,35.36167696666667,29.60925,-2.5325533016764368
2024-07-12 04:30:00,36.441227266666665,33.09033445,31.472897,-4.968330690738931
2024-07-12 05:00:00,30.1574344,33.815803433333336,30.804195,0.6467610040527347
2024-07-12 05:30:00,33.13223015,29.79660008333333,31.97752,-1.1547101609863262
2024-07-12 06:00:00,33.02660951666667,33.858120166666666,33.34918,0.32256879754231704
2024-07-12 06:30:00,36.891540633333335,32.163173916666665,34.84074,-2.0508004294759132
2024-07-12 07:00:00,45.40481823333334,37.38273225,34.979626,-10.42519253142904
2024-07-12 07:30:00,53.0760079,40.43649378333333,32.952938,-20.123069820166016
2024-07-12 08:00:00,41.611073966666666,34.160148183333334,25.168316,-16.442758079215494
2024-07-12 08:30:00,23.230919916666664,32.23102385,16.588314,-6.64260586027018
2024-07-12 09:00:00,-4.392518916666666,20.208491316666667,3.2794914,7.672010341227213
2024-07-12 09:30:00,-18.77690768333333,4.817076233333332,-13.59116,5.18574786277669
2024-07-12 10:00:00,-35.69251391666666,-4.599747983333333,-25.417759,10.274754975016272
2024-07-12 10:30:00,-49.84316545,-12.134435566666667,-39.590916,10.25224977006836
2024-07-12 11:00:00,-69.28420493333333,-22.3510899,-51.559177,17.725027534651687
2024-07-12 11:30:00,-86.27641684999999,-28.94649885,-60.72394,25.552475047021474
2024-07-12 12:00:00,-94.67666721666666,-42.00326496666667,-66.51749,28.159180644401033
2024-07-12 12:30:00,-102.89992275,-42.80649325,-68.512955,34.38696803808594
2024-07-12 13:00:00,-102.13298056666667,-30.626804066666665,-64.94852,37.18446372096355
2024-07-12 13:30:00,-106.30221958333334,-23.14772191666667,-56.13033,50.17189045125326
2024-07-12 14:00:00,-97.14605896666669,-10.82625945,-46.22855,50.917509009391296
2024-07-12 14:30:00,-79.35316083333333,-6.914368350000001,-33.25507,46.09809110066732
2024-07-12 15:00:00,-44.35879116666666,-16.491299533333336,-19.25452,25.104270750406897
2024-07-12 15:30:00,-23.29770046666667,9.4191745,-2.035038,21.262662472281903
2024-07-12 16:00:00,-3.7926113,20.728351216666667,13.775097,17.567708193310548
2024-07-12 16:30:00,19.3361268,28.613695466666663,29.102306,9.766179565966798
2024-07-12 17:00:00,39.01196273333333,45.8237461,44.175335,5.163372197086595
2024-07-12 17:30:00,51.12069226666667,56.10861988333334,53.96075,2.8400583131673116
2024-07-12 18:00:00,63.45631955,58.55030895,60.308422,-3.1478974613769566
2024-07-12 18:30:00,62.0562482,62.54795326666667,65.68779,3.6315417169921886
2024-07-12 19:00:00,56.62781481666667,69.59163115,66.780975,10.153160525130204
2024-07-12 19:30:00,60.19888563333333,66.71538633333334,64.42381,4.224927232877604
2024-07-12 20:00:00,62.73772225,69.21525268333333,60.091152,-2.646570058837888
2024-07-12 20:30:00,62.26686783333333,58.41721826666666,56.161556,-6.105311589436845
2024-07-12 21:00:00,58.0733333,54.663076716666666,52.525387,-5.547946489697267
2024-07-12 21:30:00,51.619802283333335,54.98275418333333,51.138912,-0.48089008240560105
2024-07-12 22:00:00,46.52425821666666,49.4325412,48.925594,2.401336113167325
2024-07-12 22:30:00,39.46925381666667,51.093690083333335,47.28895,7.819698057112625
2024-07-12 23:00:00,40.66933446666667,51.383288316666665,44.58891,3.919574682503253
2024-07-12 23:30:00,39.4935315,49.39590073333333,42.32632,2.8327891481933563
2024-07-13 00:00:00,39.20384383333333,44.06756176666667,39.8726,0.6687567220865915
2024-07-13 00:30:00,41.880123950000005,37.659009,40.21951,-1.6606148252441457
2024-07-13 01:00:00,39.32058115,42.3119977,39.00146,-0.31912012094726805
2024-07-13 01:30:00,37.64082175,37.04986666666667,37.047543,-0.5932791779785163
2024-07-13 02:00:00,35.54021231666666,33.1296656,35.08891,-0.4513031674967394
2024-07-13 02:30:00,29.698608266666668,29.144632416666667,31.865292,2.166683328792317
2024-07-13 03:00:00,31.74591935,29.4066678,31.030758,-0.7151614459472668
2024-07-13 03:30:00,26.095471516666667,28.9848632,28.78976,2.6942890729329427
2024-07-13 04:00:00,30.70620123333333,32.14180241666667,28.192562,-2.513639130061847
2024-07-13 04:30:00,29.19891618333333,36.441227266666665,30.190807,0.9918911591959656
2024-07-13 05:00:00,32.563760949999995,30.1574344,32.09582,-0.467939569384761
2024-07-13 05:30:00,33.351986616666665,33.13223015,33.726833,0.37484672683919484
2024-07-13 06:00:00,41.63352445,33.02660951666667,36.180065,-5.453459294970706
2024-07-13 06:30:00,42.56583511666667,36.891540633333335,38.459743,-4.10609161691081
2024-07-13 07:00:00,42.49282926666667,45.40481823333334,37.882885,-4.609944287418621
2024-07-13 07:30:00,52.54901161666666,53.0760079,34.202496,-18.34651604171549
2024-07-13 08:00:00,34.902840516666664,41.611073966666666,28.231228,-6.671612641910805
2024-07-13 08:30:00,12.74335715,23.230919916666664,17.880611,5.137254269677735
2024-07-13 09:00:00,0.0474806333333326,-4.392518916666666,4.571621,4.524140307828777
2024-07-13 09:30:00,-19.911095433333333,-18.77690768333333,-11.604328,8.306767277815755
2024-07-13 10:00:00,-37.459033983333335,-35.69251391666666,-25.331303,12.127731340511069
2024-07-13 10:30:00,-59.65069938333334,-49.84316545,-38.037235,21.613464123323574
2024-07-13 11:00:00,-77.00083628333333,-69.28420493333333,-52.257267,24.743569285042312
2024-07-13 11:30:00,-95.15425845,-86.27641684999999,-63.318012,31.836246212451172
2024-07-13 12:00:00,-94.54794823333334,-94.67666721666666,-70.80502,23.74292503997397
2024-07-13 12:30:00,-94.63758648333334,-102.89992275,-73.42108,21.216504940364587
2024-07-13 13:00:00,-92.09305941666666,-102.13298056666667,-72.866,19.227062102213537
2024-07-13 13:30:00,-96.3251527,-106.30221958333334,-66.47687,29.848285024218754
2024-07-13 14:00:00,-72.27855991666667,-97.14605896666669,-59.500645,12.777915232828775
2024-07-13 14:30:00,-56.40879235,-79.35316083333333,-47.175037,9.233754965966796
2024-07-13 15:00:00,-44.32729320000001,-44.35879116666666,-32.697147,11.630145830615241
2024-07-13 15:30:00,-20.651372733333336,-23.29770046666667,-17.068943,3.582429709651695
2024-07-13 16:00:00,15.823043716666666,-3.7926113,1.1558647,-14.667179001090494
2024-07-13 16:30:00,33.723132633333336,19.3361268,17.95303,-15.770103000764976
2024-07-13 17:00:00,50.90003455,39.01196273333333,31.497707,-19.40232718305664
2024-07-13 17:30:00,62.23825501666666,51.12069226666667,44.425915,-17.812340252262366
2024-07-13 18:00:00,69.06055543333333,63.45631955,55.18646,-13.87409684568685
2024-07-13 18:30:00,74.23006676666667,62.0562482,62.03732,-12.192747583317058
2024-07-13 19:00:00,71.48466221666666,56.62781481666667,64.00258,-7.482083481315101
2024-07-13 19:30:00,75.14108105000001,60.19888563333333,63.69688,-11.44420070942384
2024-07-13 20:00:00,67.71680504999999,62.73772225,60.19151,-7.525295803173819
2024-07-13 20:30:00,68.38569388333333,62.26686783333333,56.278774,-12.106919621858722
2024-07-13 21:00:00,59.15797785,58.0733333,52.92863,-6.22934702114258
2024-07-13 21:30:00,51.56620765,51.619802283333335,49.46124,-2.1049687889160182
2024-07-13 22:00:00,45.37408644999999,46.52425821666666,44.544308,-0.8297787412597586
2024-07-13 22:30:00,39.07407103333333,39.46925381666667,43.676434,4.602362529899089
2024-07-13 23:00:00,42.22921323333333,40.66933446666667,43.205914,0.9767003103678391
2024-07-13 23:30:00,39.238764116666665,39.4935315,41.309017,2.070253064729819
2024-07-14 00:00:00,39.23043736666667,39.20384383333333,39.02293,-0.2075072214029987
2024-07-14 00:30:00,39.088184516666665,41.880123950000005,37.075253,-2.0129319837076807
2024-07-14 01:00:00,34.717102966666666,39.32058115,35.750347,1.0332441707845064
2024-07-14 01:30:00,35.52290238333333,37.64082175,34.85464,-0.6682614226399721
2024-07-14 02:00:00,31.69414838333333,35.54021231666666,33.01562,1.3214728019694029
2024-07-14 02:30:00,29.92532115,29.698608266666668,30.56123,0.6359085558105484
2024-07-14 03:00:00,31.698294933333333,31.74591935,29.144176,-2.554118450179036
2024-07-14 03:30:00,33.31906768333334,26.095471516666667,28.820614,-4.498453822249353
2024-07-14 04:00:00,33.30708145,30.70620123333333,29.06837,-4.238710630908201
2024-07-14 04:30:00,31.99577126666667,29.19891618333333,28.846798,-3.1489733235514343
2024-07-14 05:00:00,35.57843053333333,32.563760949999995,31.429821,-4.148609518929035
2024-07-14 05:30:00,31.753684466666662,33.351986616666665,30.43536,-1.318324511832678
2024-07-14 06:00:00,38.142473333333335,41.63352445,34.06654,-4.075933568929038
2024-07-14 06:30:00,46.25279496666667,42.56583511666667,37.334423,-8.918371901481123
2024-07-14 07:00:00,48.16417881666666,42.49282926666667,37.386013,-10.778165785660804
2024-07-14 07:30:00,42.76633558333333,52.54901161666666,34.78538,-7.980954266194658
2024-07-14 08:00:00,32.668003766666665,34.902840516666664,29.041409,-3.6265952278483056
2024-07-14 08:30:00,14.371696716666667,12.74335715,16.987957,2.6162602840657545
2024-07-14 09:00:00,1.977268933333333,0.0474806333333326,3.3654137,1.3881447324381513
2024-07-14 09:30:00,-18.452172916666665,-19.911095433333333,-11.346729,7.105443638102212
2024-07-14 10:00:00,-45.340832983333335,-37.459033983333335,-27.943409,17.397424017268882
2024-07-14 10:30:00,-66.80826508333332,-59.65069938333334,-43.01003,23.798236244221997
2024-07-14 11:00:00,-73.98162658333332,-77.00083628333333,-58.303303,15.678323818440745
2024-07-14 11:30:00,-90.29493711666667,-95.15425845,-68.252335,22.04260252194011
2024-07-14 12:00:00,-93.07812,-94.54794823333334,-74.79616,18.281962163085936
2024-07-14 12:30:00,-104.3976501,-94.63758648333334,-76.02342,28.37422785878907
2024-07-14 13:00:00,-102.67479281666664,-92.09305941666666,-73.31036,29.36442904713539
2024-07-14 13:30:00,-86.13564216666667,-96.3251527,-68.50424,17.631400223307296
2024-07-14 14:00:00,-81.15659436666667,-72.27855991666667,-59.86533,21.291264624235026
2024-07-14 14:30:00,-62.61725906666667,-56.40879235,-46.63027,15.986990969742841
2024-07-14 15:00:00,-28.051445033333334,-44.32729320000001,-30.829288,-2.777843449332682
2024-07-14 15:30:00,-2.17550385,-20.651372733333336,-12.641529,-10.466025233251953
2024-07-14 16:00:00,16.637515083333334,15.823043716666666,5.6076317,-11.029883399983724
2024-07-14 16:30:00,35.33381215,33.723132633333336,21.507854,-13.825957688330078
2024-07-14 17:00:00,57.31880006666666,50.90003455,36.501095,-20.817705248551427
2024-07-14 17:30:00,68.4275411,62.23825501666666,49.4828,-18.944741569970702
2024-07-14 18:00:00,66.83465325,69.06055543333333,59.687664,-7.1469892180175805
2024-07-14 18:30:00,77.70426335,74.23006676666667,66.471466,-11.23279728554688
2024-07-14 19:00:00,66.80210001666667,71.48466221666666,68.38727,1.585168049739579
2024-07-14 19:30:00,69.34139501666667,75.14108105000001,67.35516,-1.9862314424479166
2024-07-14 20:00:00,72.99667775,67.71680504999999,64.151794,-8.844883316406253
2024-07-14 20:30:00,64.33350158333333,68.38569388333333,59.81027,-4.523233181233721
2024-07-14 21:00:00,57.06660084999999,59.15797785,53.830273,-3.2363281754394464
2024-07-14 21:30:00,54.887458466666665,51.56620765,48.437893,-6.449565552848306
2024-07-14 22:00:00,48.13036383333334,45.37408644999999,45.269512,-2.860851656819669
2024-07-14 22:30:00,47.0220821,39.07407103333333,41.86439,-5.157690773095702
2024-07-14 23:00:00,43.175476583333335,42.22921323333333,38.405575,-4.769901784749351
2024-07-14 23:30:00,48.58510488333334,39.238764116666665,37.662914,-10.92219060721029
2024-07-15 00:00:00,48.0412771,39.23043736666667,35.264706,-12.776571442041018
2024-07-15 00:30:00,40.2075083,39.088184516666665,34.856228,-5.351280425244141
2024-07-15 01:00:00,37.95060118333333,34.717102966666666,34.313732,-3.6368690361165363
2024-07-15 01:30:00,36.37087511666667,35.52290238333333,33.56764,-2.8032367194498704
2024-07-15 02:00:00,35.24943865,31.69414838333333,32.18086,-3.068580037939455
2024-07-15 02:30:00,30.515418383333337,29.92532115,31.781826,1.2664076359537724
2024-07-15 03:00:00,32.80366661666667,31.698294933333333,30.074535,-2.729131246793621
2024-07-15 03:30:00,35.25917786666667,33.31906768333334,28.583645,-6.675532999723309
2024-07-15 04:00:00,34.7347139,33.30708145,27.808788,-6.925925600439456
2024-07-15 04:30:00,39.5749549,31.99577126666667,26.32745,-13.247505101416017
2024-07-15 05:00:00,41.31901713333333,35.57843053333333,29.009167,-12.309850415804036
2024-07-15 05:30:00,40.22773956666666,31.753684466666662,30.6235,-9.604238742692054
2024-07-15 06:00:00,47.74951115,38.142473333333335,32.877697,-14.8718141590332
2024-07-15 06:30:00,54.48248933333334,46.25279496666667,36.928204,-17.55428575056967
2024-07-15 07:00:00,53.3940157,48.16417881666666,37.51907,-15.874946028369138
2024-07-15 07:30:00,57.745817216666666,42.76633558333333,32.306744,-25.439073594840494
2024-07-15 08:00:00,56.8440939,32.668003766666665,23.830517,-33.01357708481445
2024-07-15 08:30:00,31.26246098333333,14.371696716666667,14.642681,-16.61977986150716
2024-07-15 09:00:00,5.196453533333334,1.977268933333333,-1.7772865,-6.9737400628743496
2024-07-15 09:30:00,-20.896613783333333,-18.452172916666665,-15.690372,5.206241316292317
2024-07-15 10:00:00,-40.93093566666667,-45.340832983333335,-31.077366,9.85356979142253
2024-07-15 10:30:00,-61.00698318333334,-66.80826508333332,-47.28188,13.725103758284511
2024-07-15 11:00:00,-67.29806665,-73.98162658333332,-60.488605,6.809461150732417
2024-07-15 11:30:00,-83.02875376666667,-90.29493711666667,-70.137665,12.891088971744793
2024-07-15 12:00:00,-76.64315783333333,-93.07812,-77.22504,-0.5818787877604166
2024-07-15 12:30:00,-78.35661571666667,-104.3976501,-80.186935,-1.8303197081380205
2024-07-15 13:00:00,-75.39039155,-102.67479281666664,-77.570595,-2.1802032375976523
2024-07-15 13:30:00,-62.06112771666667,-86.13564216666667,-72.324875,-10.26374716126302
2024-07-15 14:00:00,-61.42646998333333,-81.15659436666667,-62.497395,-1.0709245784342514
2024-07-15 14:30:00,-50.062691183333335,-62.61725906666667,-48.483128,1.5795635893391946
2024-07-15 15:00:00,-18.5380732,-28.051445033333334,-32.798542,-14.260468822705079
2024-07-15 15:30:00,19.68638565,-2.17550385,-13.968739,-33.6551242059082
2024-07-15 16:00:00,45.42055736666666,16.637515083333334,3.391964,-42.02859340792642
2024-07-15 16:30:00,58.6242578,35.33381215,20.85165,-37.77260756196289
2024-07-15 17:00:00,68.43297708333333,57.31880006666666,34.283947,-34.14903009236653
2024-07-15 17:30:00,79.73461838333334,68.4275411,46.47726,-33.25735779373373
2024-07-15 18:00:00,79.76244826666667,66.83465325,56.42909,-23.33335967413737
2024-07-15 18:30:00,87.66459496666666,77.70426335,62.999645,-24.66494973351236
2024-07-15 19:00:00,93.98625953333332,66.80210001666667,65.69063,-28.295631481575512
2024-07-15 19:30:00,89.9407508,69.34139501666667,65.92204,-24.018707953320316
2024-07-15 20:00:00,85.21639143333333,72.99667775,62.82942,-22.38697325096028
2024-07-15 20:30:00,67.59562768333333,64.33350158333333,59.52696,-8.068669217757162
2024-07-15 21:00:00,65.0216877,57.06660084999999,55.11253,-9.90915794536133
2024-07-15 21:30:00,60.41157558333333,54.887458466666665,50.884014,-9.52756145369466
2024-07-15 22:00:00,59.3162065,48.13036383333334,46.376614,-12.93959288305664
2024-07-15 22:30:00,49.790445616666666,47.0220821,42.532604,-7.257841399137369
2024-07-15 23:00:00,49.7618878,43.175476583333335,38.31303,-11.448857557080075
2024-07-15 23:30:00,46.60522345,48.58510488333334,37.62672,-8.9785030215332
2024-07-16 00:00:00,39.82590823333333,48.0412771,38.677914,-1.1479945675618453
2024-07-16 00:30:00,36.07365946666667,40.2075083,38.2393,2.165640307503253
2024-07-16 01:00:00,35.31098728333333,37.95060118333333,38.24255,2.9315626129069017
2024-07-16 01:30:00,34.37039826666666,36.37087511666667,38.47169,4.101292864925135
2024-07-16 02:00:00,33.86092383333334,35.24943865,37.650036,3.789112024820959
2024-07-16 02:30:00,30.562293383333337,30.515418383333337,34.533688,3.9713942082193974
2024-07-16 03:00:00,31.81071561666667,32.80366661666667,32.812145,1.001429616487627
2024-07-16 03:30:00,31.9724683,35.25917786666667,32.345547,0.3730784224121102
2024-07-16 04:00:00,31.29561988333333,34.7347139,32.164623,0.8690033771647165
2024-07-16 04:30:00,32.73403473333334,39.5749549,31.883465,-0.8505699201009165
2024-07-16 05:00:00,32.74601415,41.31901713333333,32.305798,-0.4402165730957037
2024-07-16 05:30:00,32.16061501666667,40.22773956666666,33.801723,1.6411084635579414
2024-07-16 06:00:00,47.02592385,47.74951115,36.76086,-10.265063406884764
2024-07-16 06:30:00,53.542999483333325,54.48248933333334,39.945934,-13.597065187679028
2024-07-16 07:00:00,56.8094493,53.3940157,38.755962,-18.053486928173825
2024-07-16 07:30:00,52.20685336666667,57.745817216666666,35.15858,-17.048272586637374
2024-07-16 08:00:00,47.372118916666665,56.8440939,28.53091,-18.841208424723305
2024-07-16 08:30:00,32.819723366666665,31.26246098333333,17.76257,-15.05715393917643
2024-07-16 09:00:00,5.222121033333333,5.196453533333334,4.176937,-1.0451839300618486
2024-07-16 09:30:00,-8.560622133333334,-20.896613783333333,-11.558048,-2.9974261149576815
2024-07-16 10:00:00,-32.38139666666667,-40.93093566666667,-28.792133,3.589263335367839
2024-07-16 10:30:00,-34.60706765,-61.00698318333334,-45.023823,-10.41675513442383
2024-07-16 11:00:00,-42.46515905,-67.29806665,-60.73273,-18.26757181547852
2024-07-16 11:30:00,-54.32043586666666,-83.02875376666667,-73.8441,-19.52366508548178
2024-07-16 12:00:00,-60.81582338333334,-76.64315783333333,-79.41966,-18.6038390922526
2024-07-16 12:30:00,-60.88871271666667,-78.35661571666667,-83.099625,-22.210911917122395
2024-07-16 13:00:00,-60.47229608333333,-75.39039155,-80.64984,-20.177545225260417
2024-07-16 13:30:00,-46.330268933333336,-62.06112771666667,-72.96297,-26.632697985611976
2024-07-16 14:00:00,-32.47666326666667,-61.42646998333333,-61.749638,-29.272974337093096
2024-07-16 14:30:00,-30.826357783333336,-50.062691183333335,-48.94669,-18.120331822379555
2024-07-16 15:00:00,-19.01119115,-18.5380732,-30.351109,-11.339917401025392
2024-07-16 15:30:00,9.33400285,19.68638565,-11.871311,-21.205314037744138
2024-07-16 16:00:00,27.052024066666664,45.42055736666666,7.7365837,-19.315440356949868
2024-07-16 16:30:00,42.75169328333334,58.6242578,27.243282,-15.508410965218104
2024-07-16 17:00:00,50.8188634,68.43297708333333,44.28413,-6.534733303564451
2024-07-16 17:30:00,56.85643395,79.73461838333334,58.454067,1.5976332802246063
2024-07-16 18:00:00,58.907138333333336,79.76244826666667,67.1622,8.25506259440104
2024-07-16 18:30:00,68.37147618333333,87.66459496666666,74.186554,5.815077771744797
2024-07-16 19:00:00,69.42428398333332,93.98625953333332,74.48837,5.06408881940105
2024-07-16 19:30:00,76.24351323333333,89.9407508,73.380905,-2.862608081966144
2024-07-16 20:00:00,72.19024950000001,85.21639143333333,69.06242,-3.12782579394532
2024-07-16 20:30:00,72.77625588333333,67.59562768333333,64.169754,-8.606501855013022
2024-07-16 21:00:00,65.80842536666667,65.0216877,60.014477,-5.793948590543621
2024-07-16 21:30:00,60.60226448333333,60.41157558333333,53.717617,-6.8846474484212195
2024-07-16 22:00:00,62.05729781666667,59.3162065,51.978268,-10.079030146988934
2024-07-16 22:30:00,50.17801565,49.790445616666666,46.21002,-3.9679974920410146
2024-07-16 23:00:00,47.36224451666666,49.7618878,42.054226,-5.308018595035797
2024-07-16 23:30:00,46.55735846666667,46.60522345,40.813793,-5.743565284293624
2024-07-17 00:00:00,45.445538633333335,39.82590823333333,39.933468,-5.512070768343101
2024-07-17 00:30:00,39.19792616666667,36.07365946666667,37.539806,-1.6581198006998719
2024-07-17 01:00:00,35.15637783333333,35.31098728333333,37.816326,2.6599483080240915
2024-07-17 01:30:00,34.58597228333333,34.37039826666666,36.77563,2.189658667594408
2024-07-17 02:00:00,31.2857655,33.86092383333334,33.664394,2.3786288786621093
2024-07-17 02:30:00,29.466968916666666,30.562293383333337,32.50413,3.037162400472006
2024-07-17 03:00:00,26.217103883333333,31.81071561666667,30.338268,4.1211643966959635
2024-07-17 03:30:00,28.19910623333333,31.9724683,28.637249,0.4381427595865901
2024-07-17 04:00:00,32.11832436666666,31.29561988333333,28.366314,-3.752010432340491
2024-07-17 04:30:00,31.49846953333333,32.73403473333334,30.124462,-1.3740074056477845
2024-07-17 05:00:00,33.393905616666665,32.74601415,31.197811,-2.19609448995768
2024-07-17 05:30:00,34.89870233333333,32.16061501666667,32.95268,-1.9460236529134107
2024-07-17 06:00:00,50.61292933333333,47.02592385,37.506374,-13.106554974202467
2024-07-17 06:30:00,62.693250516666666,53.542999483333325,42.071865,-20.621385434879556
2024-07-17 07:00:00,55.845286433333335,56.8094493,45.54498,-10.30030733787435
2024-07-17 07:30:00,44.71293108333333,52.20685336666667,42.507763,-2.205168174397784
2024-07-17 08:00:00,41.49335775,47.372118916666665,34.92503,-6.568327995361329
2024-07-17 08:30:00,15.805850433333331,32.819723366666665,23.212673,7.406822753922528
2024-07-17 09:00:00,0.1298696166666664,5.222121033333333,5.140499,5.010629498323568
2024-07-17 09:30:00,-13.997268400000005,-8.560622133333334,-14.554905,-0.5576365377441359
2024-07-17 10:00:00,-38.236099450000005,-32.38139666666667,-29.611607,8.624492852099614
2024-07-17 10:30:00,-49.41650716666667,-34.60706765,-46.226154,3.190352839274091
2024-07-17 11:00:00,-56.97710778333333,-42.46515905,-60.32053,-3.34342215441081
2024-07-17 11:30:00,-72.85292125,-54.32043586666666,-70.34302,2.5099036718749943
2024-07-17 12:00:00,-79.55069538333333,-60.81582338333334,-76.47516,3.075536691927084
2024-07-17 12:30:00,-74.09878226666667,-60.88871271666667,-77.59086,-3.492076192805982
2024-07-17 13:00:00,-58.4450028,-60.47229608333333,-73.13963,-14.69463037871094
2024-07-17 13:30:00,-47.8820623,-46.330268933333336,-65.30699,-17.424929277148436
2024-07-17 14:00:00,-42.95324678333333,-32.47666326666667,-53.128468,-10.175220776481126
2024-07-17 14:30:00,-30.80234665,-30.826357783333336,-38.38985,-7.587503966455078
2024-07-17 15:00:00,-25.866138316666667,-19.01119115,-19.797016,6.069122172867839
2024-07-17 15:30:00,3.5581076666666664,9.33400285,-1.6346321,-5.19273977726237
2024-07-17 16:00:00,19.52546728333333,27.052024066666664,19.189632,-0.33583486756184655
2024-07-17 16:30:00,39.63947946666666,42.75169328333334,36.694927,-2.944552251090485
2024-07-17 17:00:00,50.00177605,50.8188634,50.14253,0.1407524839355503
2024-07-17 17:30:00,64.15922908333333,56.85643395,61.93693,-2.2222974732259075
2024-07-17 18:00:00,67.15347346666667,58.907138333333336,68.68495,1.5314783155598946
2024-07-17 18:30:00,77.32536446666667,68.37147618333333,72.63066,-4.694703455924483
2024-07-17 19:00:00,76.17624001666667,69.42428398333332,73.47391,-2.702332545963543
2024-07-17 19:30:00,68.37419949999999,76.24351323333333,70.50522,2.131019005859386
2024-07-17 20:00:00,65.04335276666667,72.19024950000001,65.51761,0.474255875911453
2024-07-17 20:30:00,69.43893506666667,72.77625588333333,61.185802,-8.253132606949876
2024-07-17 21:00:00,60.20730823333333,65.80842536666667,57.49641,-2.710897863460282
2024-07-17 21:30:00,63.5267923,60.60226448333333,53.513577,-10.013215792431637
2024-07-17 22:00:00,61.31871066666667,62.05729781666667,50.127758,-11.190952640543621
2024-07-17 22:30:00,47.83021885,50.17801565,47.68762,-0.14260059438476702
2024-07-17 23:00:00,48.4402832,47.36224451666666,43.081005,-5.359278103564456
2024-07-17 23:30:00,51.16177053333333,46.55735846666667,39.611996,-11.549774836311848
2024-07-18 00:00:00,48.74910151666666,45.445538633333335,38.9046,-9.844503280582678
2024-07-18 00:30:00,40.87976748333333,39.19792616666667,39.569836,-1.309931820491535
2024-07-18 01:00:00,42.00929043333333,35.15637783333333,39.551388,-2.457902646468092
2024-07-18 01:30:00,41.513265233333335,34.58597228333333,37.172695,-4.340570073421226
2024-07-18 02:00:00,37.076896,31.2857655,34.083813,-2.993083286376951
2024-07-18 02:30:00,37.12451455,29.466968916666666,32.143993,-4.980521172314454
2024-07-18 03:00:00,36.273481,26.217103883333333,29.134228,-7.13925324731445
2024-07-18 03:30:00,32.8160028,28.19910623333333,29.022076,-3.793927146923828
2024-07-18 04:00:00,39.268713600000005,32.11832436666666,28.825619,-10.44309485610352
2024-07-18 04:30:00,45.73020158333333,31.49846953333333,30.489544,-15.240657668538411
2024-07-18 05:00:00,41.4931939,33.393905616666665,31.424374,-10.068820273291017
2024-07-18 05:30:00,34.17037558333333,34.89870233333333,36.350292,2.179916622477215
2024-07-18 06:00:00,45.42095545,50.61292933333333,43.73138,-1.6895749873535166
2024-07-18 06:30:00,54.98411038333333,62.693250516666666,48.11549,-6.868620423616534
2024-07-18 07:00:00,47.504956883333335,55.845286433333335,50.008617,2.5036605177897115
2024-07-18 07:30:00,49.6415821,44.71293108333333,46.872646,-2.7689357682128914
2024-07-18 08:00:00,44.7138663,41.49335775,38.087566,-6.6262999242675775
2024-07-18 08:30:00,20.885517966666665,15.805850433333331,23.91357,3.0280524373860693
2024-07-18 09:00:00,4.396521966666668,0.1298696166666664,8.528484,4.1319623778157535
2024-07-18 09:30:00,-10.632212133333333,-13.997268400000005,-12.633396,-2.001184015348308
2024-07-18 10:00:00,-48.36326708333333,-38.236099450000005,-30.163288,18.19997896687825
2024-07-18 10:30:00,-50.81231318333334,-49.41650716666667,-47.87676,2.9355546078938843
2024-07-18 11:00:00,-75.31159181666666,-56.97710778333333,-61.699055,13.612537098649085
2024-07-18 11:30:00,-85.0417926,-72.85292125,-71.17078,13.871016232812494
2024-07-18 12:00:00,-85.96804351666667,-79.55069538333333,-78.083755,7.884288023502606
2024-07-18 12:30:00,-87.71054491666666,-74.09878226666667,-78.28703,9.423511835611976
2024-07-18 13:00:00,-87.16179770000001,-58.4450028,-74.81262,12.349175629687508
2024-07-18 13:30:00,-78.58860441666667,-47.8820623,-67.75203,10.836574997721357
2024-07-18 14:00:00,-61.40368946666666,-42.95324678333333,-54.198032,7.205657087516272
2024-07-18 14:30:00,-51.17425071666667,-30.80234665,-38.858967,12.315283889274092
2024-07-18 15:00:00,-35.311051766666665,-25.866138316666667,-21.599644,13.711408059391275
2024-07-18 15:30:00,-9.49863615,3.5581076666666664,-2.6586647,6.839971446630859
2024-07-18 16:00:00,10.5478717,19.52546728333333,16.307705,5.759833225537109
2024-07-18 16:30:00,31.36771676666667,39.63947946666666,34.253887,2.8861704098470007
2024-07-18 17:00:00,43.17224176666667,50.00177605,48.81062,5.638377587581374
2024-07-18 17:30:00,58.001428266666665,64.15922908333333,60.615704,2.6142753160970074
2024-07-18 18:00:00,71.98021345,67.15347346666667,68.52275,-3.457462595507806
2024-07-18 18:30:00,79.99008651666666,77.32536446666667,72.620865,-7.369221648502602
2024-07-18 19:00:00,72.2373095,76.17624001666667,73.77586,1.5385541474609425
2024-07-18 19:30:00,76.78618876666667,68.37419949999999,72.96478,-3.821406051822919
2024-07-18 20:00:00,72.9539162,65.04335276666667,68.124725,-4.82919085820312
2024-07-18 20:30:00,80.00861053333334,69.43893506666667,63.141537,-16.867073820686855
2024-07-18 21:00:00,61.15561173333333,60.20730823333333,59.664425,-1.491186837093096
2024-07-18 21:30:00,53.02587298333333,63.5267923,55.068645,2.0427724939615928
2024-07-18 22:00:00,53.59573496666667,61.31871066666667,52.027126,-1.5686086544108093
2024-07-18 22:30:00,45.82567905,47.83021885,49.058834,3.2331550259277364
2024-07-18 23:00:00,44.02148125,48.4402832,45.496227,1.474746014404296
2024-07-18 23:30:00,43.31201285,51.16177053333333,42.81178,-0.5002338277832052
2024-07-19 00:00:00,45.48297396666667,48.74910151666666,41.634136,-3.848837766715498
2024-07-19 00:30:00,36.79234771666666,40.87976748333333,40.19177,3.399420929573573
2024-07-19 01:00:00,38.24050161666667,42.00929043333333,38.93359,0.6930883186360646
2024-07-19 01:30:00,34.00133603333334,41.513265233333335,38.526104,4.524767940055334
2024-07-19 02:00:00,29.05672128333333,37.076896,34.80302,5.74629919396159
2024-07-19 02:30:00,28.65749938333333,37.12451455,31.935238,3.2777385011881535
2024-07-19 03:00:00,30.154763916666667,36.273481,31.041805,0.8870413506673174
2024-07-19 03:30:00,32.82851603333334,32.8160028,30.014019,-2.8144970208821647
2024-07-19 04:00:00,33.60237431666667,39.268713600000005,30.163006,-3.439368487809247
2024-07-19 04:30:00,37.53374061666667,45.73020158333333,32.162395,-5.371345139371748
2024-07-19 05:00:00,33.8492389,41.4931939,35.355907,1.5066685401855437
2024-07-19 05:30:00,33.49177876666667,34.17037558333333,38.02577,4.533989513362627
2024-07-19 06:00:00,45.57685695,45.42095545,44.61427,-0.9625876934082029
2024-07-19 06:30:00,52.28453721666667,54.98411038333333,49.307217,-2.9773205723795613
2024-07-19 07:00:00,47.6509262,47.504956883333335,51.435024,3.7840980614746087
2024-07-19 07:30:00,44.05547386666667,49.6415821,46.933453,2.8779787395345053
2024-07-19 08:00:00,42.97700716666666,44.7138663,38.080746,-4.896261469645175
2024-07-19 08:30:00,35.64538378333334,20.885517966666665,25.928005,-9.717378564827477
2024-07-19 09:00:00,18.809593983333333,4.396521966666668,8.523342,-10.286251850764973
2024-07-19 09:30:00,4.803875016666667,-10.632212133333333,-11.134296,-15.938171433902994
2024-07-19 10:00:00,-15.296997116666669,-48.36326708333333,-28.015232,-12.718234969514972
2024-07-19 10:30:00,-26.03462886666667,-50.81231318333334,-45.426426,-19.391797067171222
2024-07-19 11:00:00,-40.80060605,-75.31159181666666,-61.202,-20.40139361430664
2024-07-19 11:30:00,-53.940445383333326,-85.0417926,-70.75621,-16.81576494381511
2024-07-19 12:00:00,-50.61138466666667,-85.96804351666667,-77.14977,-26.538387977376296
2024-07-19 12:30:00,-43.97998153333333,-87.71054491666666,-79.62732,-35.64733780260417
2024-07-19 13:00:00,-55.08533821666666,-87.16179770000001,-76.218994,-21.133655923958337
2024-07-19 13:30:00,-28.33302828333333,-78.58860441666667,-68.736145,-40.403116736197916
2024-07-19 14:00:00,-1.4656382333333329,-61.40368946666666,-57.753803,-56.2881650198405
2024-07-19 14:30:00,9.152788366666668,-51.17425071666667,-41.9574,-51.110189642301435
2024-07-19 15:00:00,16.005183383333335,-35.311051766666665,-22.388905,-38.394087954866535
2024-07-19 15:30:00,25.79998258333333,-9.49863615,-4.5377693,-30.33775190096028
2024-07-19 16:00:00,47.72115171666667,10.5478717,14.809551,-32.911600477652996
2024-07-19 16:30:00,64.85447766666667,31.36771676666667,32.267605,-32.58687283878581
2024-07-19 17:00:00,67.59879623333333,43.17224176666667,48.208492,-19.390303954280597
2024-07-19 17:30:00,77.28466441666667,58.001428266666665,58.714046,-18.570617938395188
2024-07-19 18:00:00,76.4918781,71.98021345,69.293396,-7.198482103906244
2024-07-19 18:30:00,80.18711108333333,79.99008651666666,74.853546,-5.33356494075521
2024-07-19 19:00:00,77.39031721666666,72.2373095,75.72609,-1.6642277391275968
2024-07-19 19:30:00,72.49418323333333,76.78618876666667,73.00116,0.5069764346354191
2024-07-19 20:00:00,68.45008401666666,72.9539162,68.193146,-0.25693826471353987
2024-07-19 20:30:00,61.87587775,80.00861053333334,65.567,3.6911235927734367
2024-07-19 21:00:00,61.31978396666667,61.15561173333333,59.308132,-2.01165179503581
2024-07-19 21:30:00,59.12865,53.02587298333333,56.338818,-2.7898324035644535
2024-07-19 22:00:00,61.80864328333334,53.59573496666667,52.40997,-9.398673953499355
2024-07-19 22:30:00,54.61034218333333,45.82567905,48.532284,-6.078058400374346
2024-07-19 23:00:00,56.73881555,44.02148125,45.17819,-11.560627226025389
2024-07-19 23:30:00,51.63158611666668,43.31201285,43.18443,-8.44715694796551
2024-07-20 00:00:00,41.19338628333333,45.48297396666667,41.582134,0.3887479634928397
2024-07-20 00:30:00,36.99055176666666,36.79234771666666,37.863903,0.8733512789876343
2024-07-20 01:00:00,36.25945725,38.24050161666667,35.972683,-0.2867742971191376
2024-07-20 01:30:00,33.746437633333336,34.00133603333334,34.62945,0.8830141183756481
2024-07-20 02:00:00,28.701885,29.05672128333333,31.797588,3.095703348388671
2024-07-20 02:30:00,26.46736951666667,28.65749938333333,30.596615,4.129245320979816
2024-07-20 03:00:00,33.083091366666665,30.154763916666667,32.48541,-0.5976825837076802
2024-07-20 03:30:00,31.943173866666665,32.82851603333334,30.66119,-1.281983833707681
2024-07-20 04:00:00,32.740987966666665,33.60237431666667,29.653835,-3.087152670035806
2024-07-20 04:30:00,29.189588383333334,37.53374061666667,30.988827,1.7992383683756508
2024-07-20 05:00:00,29.62173243333333,33.8492389,34.8643,5.24256734083659
2024-07-20 05:30:00,34.97141508333333,33.49177876666667,40.508892,5.537476975992838
2024-07-20 06:00:00,43.8034682,45.57685695,47.475384,3.6719155585449244
2024-07-20 06:30:00,48.01515666666666,52.28453721666667,50.013943,1.9987860518391969
2024-07-20 07:00:00,43.33346983333333,47.6509262,51.021236,7.687766586344402
2024-07-20 07:30:00,36.37482008333333,44.05547386666667,44.80319,8.428368240641277
2024-07-20 08:00:00,26.92736668333333,42.97700716666666,37.78738,10.86001353517253
2024-07-20 08:30:00,22.989977133333337,35.64538378333334,24.49197,1.5019929289225225
2024-07-20 09:00:00,13.665661633333334,18.809593983333333,6.311535,-7.354126751741537
2024-07-20 09:30:00,-9.483846283333332,4.803875016666667,-12.485996,-3.002149963004559
2024-07-20 10:00:00,-16.284323833333332,-15.296997116666669,-31.61684,-15.332516529215496
2024-07-20 10:30:00,-28.48549935,-26.03462886666667,-49.012577,-20.527077706884764
2024-07-20 11:00:00,-46.72051008333333,-40.80060605,-63.69608,-16.97556917081706
2024-07-20 11:30:00,-64.35992776666667,-53.940445383333326,-72.74034,-8.380413419856765
2024-07-20 12:00:00,-78.03364073333334,-50.61138466666667,-78.14308,-0.10944093170571989
2024-07-20 12:30:00,-77.74848281666667,-43.97998153333333,-79.428375,-1.679892427473959
2024-07-20 13:00:00,-76.08951463333334,-55.08533821666666,-75.60504,0.4844731294270872
2024-07-20 13:30:00,-72.08688473333333,-28.33302828333333,-66.27074,5.816148038997397
2024-07-20 14:00:00,-39.55731263333333,-1.4656382333333329,-51.601566,-12.044253681363934
2024-07-20 14:30:00,-25.2874815,9.152788366666668,-33.780476,-8.49299411645508
2024-07-20 15:00:00,-12.430671166666668,16.005183383333335,-15.940876,-3.51020484041341
2024-07-20 15:30:00,6.381618866666666,25.79998258333333,2.410015,-3.971603760465494
2024-07-20 16:00:00,25.810040983333334,47.72115171666667,23.566463,-2.2435775128743494
2024-07-20 16:30:00,56.30000403333333,64.85447766666667,41.22871,-15.071293858772783
2024-07-20 17:00:00,69.11003078333333,67.59879623333333,55.58494,-13.525088919319657
2024-07-20 17:30:00,72.9287351,77.28466441666667,66.31801,-6.610726677148435
2024-07-20 18:00:00,77.7339766,76.4918781,74.13936,-3.594618079492193
2024-07-20 18:30:00,77.52920385,80.18711108333333,78.601974,1.0727706373046857
2024-07-20 19:00:00,81.61126271666667,77.39031721666666,78.989075,-2.6221880096354226
2024-07-20 19:30:00,78.31969126666667,72.49418323333333,75.49808,-2.8216138740885413
2024-07-20 20:00:00,69.43403275,68.45008401666666,69.825485,0.3914524794921874
2024-07-20 20:30:00,67.37979336666668,61.87587775,64.669556,-2.710237702604175
2024-07-20 21:00:00,68.99210398333334,61.31978396666667,57.999493,-10.992611338069665
2024-07-20 21:30:00,66.00969435,59.12865,53.958736,-12.05095793032227
2024-07-20 22:00:00,57.45876881666666,61.80864328333334,51.286907,-6.1718616206217405
2024-07-20 22:30:00,53.98055273333333,54.61034218333333,48.103863,-5.876689970882161
2024-07-20 23:00:00,54.77841621666667,56.73881555,45.749035,-9.029381335074874
2024-07-20 23:30:00,47.9733912,51.63158611666668,41.454678,-6.518713618212892
2024-07-21 00:00:00,45.174206266666665,41.19338628333333,39.623943,-5.550262937809244
2024-07-21 00:30:00,41.62828343333333,36.99055176666666,37.924587,-3.7036961835774704
2024-07-21 01:00:00,38.0142422,36.25945725,35.70901,-2.305231122119139
2024-07-21 01:30:00,36.85519666666666,33.746437633333336,34.318645,-2.5365511893717354
2024-07-21 02:00:00,30.6604005,28.701885,34.5489,3.8885001042480454
2024-07-21 02:30:00,30.20873631666667,26.46736951666667,32.59872,2.3899842338704396
2024-07-21 03:00:00,29.46973783333333,33.083091366666665,31.591946,2.1222078148600296
2024-07-21 03:30:00,33.38566495,31.943173866666665,29.732098,-3.653567324267577
2024-07-21 04:00:00,30.89216768333333,32.740987966666665,30.154339,-0.7378288466634082
2024-07-21 04:30:00,30.1635611,29.189588383333334,31.531445,1.3678834495605479
2024-07-21 05:00:00,32.9059973,29.62173243333333,35.046658,2.1406602622558566
2024-07-21 05:30:00,30.80373655,34.97141508333333,41.349285,10.545548575732422
2024-07-21 06:00:00,42.10756735,43.8034682,46.75645,4.648883303076175
2024-07-21 06:30:00,55.34841346666667,48.01515666666666,50.635952,-4.712461470817061
2024-07-21 07:00:00,50.33324381666666,43.33346983333333,52.693523,2.3602795903157627
2024-07-21 07:30:00,36.55243275,36.37482008333333,46.078197,9.525764729248046
2024-07-21 08:00:00,20.5950922,26.92736668333333,36.627605,16.032513238232422
2024-07-21 08:30:00,9.301873183333331,22.989977133333337,24.23013,14.928256058610028
2024-07-21 09:00:00,12.745027300000002,13.665661633333334,8.305004,-4.440023180126955
2024-07-21 09:30:00,-9.469496899999998,-9.483846283333332,-11.005466,-1.535969561181643
2024-07-21 10:00:00,-37.16570175,-16.284323833333332,-28.393116,8.772585752685544
2024-07-21 10:30:00,-59.94882788333333,-28.48549935,-44.248203,15.700624605745439
2024-07-21 11:00:00,-73.14084605,-46.72051008333333,-58.654453,14.486392772412103
2024-07-21 11:30:00,-74.96840853333333,-64.35992776666667,-66.76036,8.208047815559894
2024-07-21 12:00:00,-87.38575780000001,-78.03364073333334,-70.99596,16.38980137910157
2024-07-21 12:30:00,-97.59378111666666,-77.74848281666667,-73.365814,24.227966907682287
2024-07-21 13:00:00,-101.37012821666669,-76.08951463333334,-70.052795,31.317332806510436
2024-07-21 13:30:00,-98.92812045,-72.08688473333333,-61.252262,37.67585833452148
2024-07-21 14:00:00,-83.0813938,-39.55731263333333,-48.760273,34.32112082026367
2024-07-21 14:30:00,-46.26223433333333,-25.2874815,-32.423237,13.838997486409504
2024-07-21 15:00:00,-17.326803950000002,-12.430671166666668,-15.874119,1.4526851450683615
2024-07-21 15:30:00,11.903757766666663,6.381618866666666,2.4284172,-9.475340560856116
2024-07-21 16:00:00,30.63258038333333,25.810040983333334,22.793789,-7.838791473421221
2024-07-21 16:30:00,52.29808055,56.30000403333333,39.292217,-13.00586329536133
2024-07-21 17:00:00,74.62283855,69.11003078333333,54.013866,-20.60897212543945
2024-07-21 17:30:00,77.11113123333332,72.9287351,67.53201,-9.5791182938802
2024-07-21 18:00:00,79.60931886666667,77.7339766,73.67415,-5.935170307096357
2024-07-21 18:30:00,76.24824386666667,77.52920385,77.20845,0.960206450716143
2024-07-21 19:00:00,77.22893811666667,81.61126271666667,77.236984,0.008046136263018866
2024-07-21 19:30:00,69.63938828333333,78.31969126666667,76.080765,6.44137648717448
2024-07-21 20:00:00,65.28621111666666,69.43403275,69.61029,4.324079410677086
2024-07-21 20:30:00,56.51072545,67.37979336666668,65.280334,8.769609022656248
2024-07-21 21:00:00,56.392906,68.99210398333334,60.131237,3.7383310300292933
2024-07-21 21:30:00,57.18065618333333,66.00969435,55.15051,-2.030147302718099
2024-07-21 22:00:00,54.2892656,57.45876881666666,51.689724,-2.599541631494141
2024-07-21 22:30:00,54.66873478333333,53.98055273333333,48.550426,-6.118308300179031
2024-07-21 23:00:00,54.70898335,54.77841621666667,44.95132,-9.757662701806638
2024-07-21 23:30:00,51.45344618333333,47.9733912,41.73939,-9.71405485642903
2024-07-22 00:00:00,44.39001976666666,45.174206266666665,41.257076,-3.132943503238927
2024-07-22 00:30:00,37.15147605,41.62828343333333,37.156155,0.004678582568359957
2024-07-22 01:00:00,36.8201595,38.0142422,35.51266,-1.3074985197753932
2024-07-22 01:30:00,36.95566063333333,36.85519666666666,32.436916,-4.518744282014971
2024-07-22 02:00:00,33.65905673333334,30.6604005,30.692867,-2.9661894542806024
2024-07-22 02:30:00,27.8170423,30.20873631666667,27.673626,-0.1434163539550788
2024-07-22 03:00:00,25.98020166666667,29.46973783333333,26.162457,0.18225484578450235
2024-07-22 03:30:00,28.14832145,33.38566495,27.842525,-0.3057959678222666
2024-07-22 04:00:00,28.484121716666664,30.89216768333333,30.003567,1.5194450252766956
2024-07-22 04:30:00,34.145877283333334,30.1635611,32.016506,-2.129371088264975
2024-07-22 05:00:00,37.31245066666667,32.9059973,35.642803,-1.6696474745279986
2024-07-22 05:30:00,32.21366176666667,30.80373655,39.789944,7.576281928401691
2024-07-22 06:00:00,40.4361144,42.10756735,44.631588,4.195473582177733
2024-07-22 06:30:00,39.052874816666666,55.34841346666667,49.821667,10.768791900862631
2024-07-22 07:00:00,44.676756583333336,50.33324381666666,49.44476,4.768002785563148
2024-07-22 07:30:00,46.47692385,36.55243275,46.14729,-0.3296345738769517
2024-07-22 08:00:00,50.32004223333333,20.5950922,37.302486,-13.017555813655598
2024-07-22 08:30:00,36.42060886666667,9.301873183333331,23.797024,-12.62358509347331
2024-07-22 09:00:00,3.44330735,12.745027300000002,7.612438,4.169130851904297
2024-07-22 09:30:00,-29.293669016666662,-9.469496899999998,-11.877827,17.415842325992834
2024-07-22 10:00:00,-57.98773461666667,-37.16570175,-29.315876,28.671858609586593
2024-07-22 10:30:00,-69.94770390000001,-59.94882788333333,-47.052357,22.895347180029304
2024-07-22 11:00:00,-86.48974236666668,-73.14084605,-60.58637,25.90337380587566
2024-07-22 11:30:00,-79.8296006,-74.96840853333333,-67.42752,12.402079848046881
2024-07-22 12:00:00,-90.47743113333333,-87.38575780000001,-73.87387,16.60356028372395
2024-07-22 12:30:00,-92.77308276666668,-97.59378111666666,-72.795975,19.977108035221363
2024-07-22 13:00:00,-80.96037146666667,-101.37012821666669,-68.83153,12.128843756705734
2024-07-22 13:30:00,-80.10582328333334,-98.92812045,-62.172047,17.933776621956383
2024-07-22 14:00:00,-62.472941600000006,-83.0813938,-51.07575,11.39719315639649
2024-07-22 14:30:00,-54.02695881666667,-46.26223433333333,-34.595936,19.431022995133468
2024-07-22 15:00:00,-31.071056116666668,-17.326803950000002,-16.029133,15.04192327364909
2024-07-22 15:30:00,-5.755457633333333,11.903757766666663,2.6232567,8.378714316682942
2024-07-22 16:00:00,23.24518895,30.63258038333333,21.50793,-1.737258194384765
2024-07-22 16:30:00,53.57575121666667,52.29808055,39.244076,-14.331675441520183
2024-07-22 17:00:00,58.25175776666666,74.62283855,53.860332,-4.391425277652985
2024-07-22 17:30:00,68.14879351666667,77.11113123333332,68.83064,0.6818491835286409
2024-07-22 18:00:00,68.1608572,79.60931886666667,76.768295,8.607438088085942
2024-07-22 18:30:00,70.43735056666667,76.24824386666667,79.80542,9.368069355208334
2024-07-22 19:00:00,72.26011398333333,77.22893811666667,81.31833,9.058214874088549
2024-07-22 19:30:00,69.78015776666666,69.63938828333333,78.47804,8.6978848358724
2024-07-22 20:00:00,61.712449383333336,65.28621111666666,72.84221,11.129759478971351
2024-07-22 20:30:00,58.72122443333333,56.51072545,67.302505,8.58128105983073
2024-07-22 21:00:00,60.43455838333333,56.392906,60.25964,-0.1749186433430978
2024-07-22 21:30:00,57.03247995,57.18065618333333,55.27165,-1.7608315430175807
2024-07-22 22:00:00,51.90690446666667,54.2892656,50.263668,-1.6432364063639326
2024-07-22 22:30:00,52.330391733333336,54.66873478333333,47.13682,-5.193569986507164
2024-07-22 23:00:00,46.79345281666667,54.70898335,43.9557,-2.8377528960123755
2024-07-22 23:30:00,44.93881438333333,51.45344618333333,41.59596,-3.3428556736165334
2024-07-23 00:00:00,45.529689866666665,44.39001976666666,41.81213,-3.7175598923014306
2024-07-23 00:30:00,41.29232451666667,37.15147605,38.01466,-3.2776646350748706
2024-07-23 01:00:00,37.4451295,36.8201595,35.521877,-1.9232522111816408
2024-07-23 01:30:00,35.841409283333334,36.95566063333333,33.327557,-2.5138526732259123
2024-07-23 02:00:00,39.06654225,33.65905673333334,29.024654,-10.041887861572263
2024-07-23 02:30:00,31.89453895,27.8170423,28.881542,-3.0129967441894543
2024-07-23 03:00:00,30.606357783333333,25.98020166666667,28.46696,-2.1393968763509115
2024-07-23 03:30:00,28.87710656666667,28.14832145,28.377102,-0.5000046684733093
2024-07-23 04:00:00,29.04733935,28.484121716666664,29.197613,0.15027341245117043
2024-07-23 04:30:00,33.02677773333333,34.145877283333334,30.854137,-2.172640312679036
2024-07-23 05:00:00,30.79612885,37.31245066666667,31.868664,1.072534937841798
2024-07-23 05:30:00,26.864332816666664,32.21366176666667,36.795544,9.931210853987633
2024-07-23 06:00:00,41.8833583,40.4361144,40.738293,-1.1450656059082007
2024-07-23 06:30:00,55.67591266666667,39.052874816666666,45.200115,-10.475797462809247
2024-07-23 07:00:00,60.730949683333336,44.676756583333336,45.719402,-15.011547370100914
2024-07-23 07:30:00,58.54656956666667,46.47692385,41.232296,-17.314273576676435
2024-07-23 08:00:00,50.88638153333333,50.32004223333333,33.53024,-17.35614242810872
2024-07-23 08:30:00,21.05242743333333,36.42060886666667,20.415356,-0.6370717509602848
2024-07-23 09:00:00,-5.075426683333332,3.44330735,4.6569786,9.732405290511068
2024-07-23 09:30:00,-39.26198156666667,-29.293669016666662,-15.898304,23.363677581070966
2024-07-23 10:00:00,-67.39891958333334,-57.98773461666667,-31.96268,35.43623876668295
2024-07-23 10:30:00,-78.31159831666666,-69.94770390000001,-49.06757,29.244028584000645
2024-07-23 11:00:00,-97.83869288333334,-86.48974236666668,-63.364674,34.474019268831384
2024-07-23 11:30:00,-121.3083156,-79.8296006,-71.73984,49.568477953515625
2024-07-23 12:00:00,-122.68181886666667,-90.47743113333333,-79.88668,42.79513826363933
2024-07-23 12:30:00,-129.68753556666667,-92.77308276666668,-80.12622,49.56131486354167
2024-07-23 13:00:00,-138.26431328333334,-80.96037146666667,-75.00149,63.26282555139974
2024-07-23 13:30:00,-121.95821171666668,-80.10582328333334,-66.823746,55.13446598912762
2024-07-23 14:00:00,-110.12460468333336,-62.472941600000006,-54.09165,56.03295658152672
2024-07-23 14:30:00,-88.62950336666667,-54.02695881666667,-35.84711,52.78239261837565
2024-07-23 15:00:00,-62.706786066666666,-31.071056116666668,-18.20464,44.50214663185221
2024-07-23 15:30:00,-28.8908321,-5.755457633333333,0.6608391,29.551671180810548
2024-07-23 16:00:00,-2.250613916666667,23.24518895,20.284512,22.535125482828775
2024-07-23 16:30:00,20.51689273333333,53.57575121666667,37.134106,16.61721294903972
2024-07-23 17:00:00,44.1381349,58.25175776666666,52.855007,8.716872271630862
2024-07-23 17:30:00,64.9973561,68.14879351666667,65.49255,0.49519761093749537
2024-07-23 18:00:00,65.62265275,68.1608572,73.26309,7.640439291015625
2024-07-23 18:30:00,72.59955711666667,70.43735056666667,77.63655,5.036993786653639
2024-07-23 19:00:00,70.87697216666668,72.26011398333333,77.85306,6.97608569466145
2024-07-23 19:30:00,62.50739631666666,69.78015776666666,74.45795,11.950550460677093
2024-07-23 20:00:00,67.8502772,61.712449383333336,70.31976,2.4694859835937564
2024-07-23 20:30:00,69.11482984999999,58.72122443333333,67.32921,-1.785621475976555
2024-07-23 21:00:00,65.36723165,60.43455838333333,59.46609,-5.901140493994134
2024-07-23 21:30:00,57.72462506666667,57.03247995,53.498486,-4.226139501481121
2024-07-23 22:00:00,50.391972683333336,51.90690446666667,48.466488,-1.9254847988118513
2024-07-23 22:30:00,43.04642235,52.330391733333336,46.298702,3.252279889990234
2024-07-23 23:00:00,43.56416656666666,46.79345281666667,42.08369,-1.48047592335611
2024-07-23 23:30:00,45.44694223333334,44.93881438333333,41.2745,-4.172440432796229
2024-07-24 00:00:00,44.21440025,45.529689866666665,42.012005,-2.202395397705075
2024-07-24 00:30:00,38.7073545,41.29232451666667,40.00755,1.3001947858886709
2024-07-24 01:00:00,36.359387133333335,37.4451295,38.8493,2.489913251188149
2024-07-24 01:30:00,37.3659067,35.841409283333334,38.048916,0.6830091630371129
2024-07-24 02:00:00,32.94179245,39.06654225,36.252712,3.310919799755858
2024-07-24 02:30:00,32.90436066666667,31.89453895,33.16276,0.25840102156575284
2024-07-24 03:00:00,32.676391599999995,30.606357783333333,30.860607,-1.8157844527831983
2024-07-24 03:30:00,35.18615496666667,28.87710656666667,28.862011,-6.3241440108561235
2024-07-24 04:00:00,33.0273622,29.04733935,28.716228,-4.311133714892577
2024-07-24 04:30:00,35.853280133333335,33.02677773333333,31.508663,-4.344616955843101
2024-07-24 05:00:00,37.69016608333333,30.79612885,33.724773,-3.965392676350909
2024-07-24 05:30:00,43.535968833333335,26.864332816666664,36.995434,-6.540535025960288
2024-07-24 06:00:00,58.21454338333333,41.8833583,41.63841,-16.576134722444657
2024-07-24 06:30:00,67.83121295,55.67591266666667,45.58784,-22.243371916064447
2024-07-24 07:00:00,57.657869600000005,60.730949683333336,45.847744,-11.810125611962896
2024-07-24 07:30:00,53.24124608333333,58.54656956666667,41.89105,-11.350197651936845
2024-07-24 08:00:00,46.05979661666667,50.88638153333333,33.435665,-12.624131486051432
2024-07-24 08:30:00,17.7871073,21.05242743333333,20.311932,2.524824310107423
2024-07-24 09:00:00,-13.756449249999998,-5.075426683333332,3.8862267,17.64267590405273
2024-07-24 09:30:00,-21.058102166666668,-39.26198156666667,-17.331043,3.7270589232584648
2024-07-24 10:00:00,-54.89127335,-67.39891958333334,-36.715046,18.17622742104492
2024-07-24 10:30:00,-76.01181893333334,-78.31159831666666,-53.343937,22.66788201316733
2024-07-24 11:00:00,-95.89428725,-97.83869288333334,-70.68936,25.20492567773438
2024-07-24 11:30:00,-119.01200935,-121.3083156,-83.98934,35.022667614160156
2024-07-24 12:00:00,-124.44514118333332,-122.68181886666667,-91.479126,32.96601520677082
2024-07-24 12:30:00,-124.79906888333332,-129.68753556666667,-92.90901,31.890057042513007
2024-07-24 13:00:00,-118.48227431666668,-138.26431328333334,-88.50239,29.979886316178394
2024-07-24 13:30:00,-103.86763556666666,-121.95821171666668,-78.28383,25.5838068313151
2024-07-24 14:00:00,-95.43757073333336,-110.12460468333336,-66.60297,28.83460442473961
2024-07-24 14:30:00,-71.98361288333334,-88.62950336666667,-50.485264,21.498349058870446
2024-07-24 15:00:00,-44.35113006666666,-62.706786066666666,-32.405354,11.945776520524085
2024-07-24 15:30:00,-21.381646583333332,-28.8908321,-12.992878,8.388768623128254
2024-07-24 16:00:00,12.000339983333332,-2.250613916666667,7.0188103,-4.981529711116535
2024-07-24 16:30:00,33.372938866666665,20.51689273333333,26.069454,-7.303484673551431
2024-07-24 17:00:00,46.53237773333333,44.1381349,43.704433,-2.8279442921712175
2024-07-24 17:30:00,46.49010233333333,64.9973561,56.212063,9.721960502360027
2024-07-24 18:00:00,58.236571116666674,65.62265275,63.732067,5.495495991487623
2024-07-24 18:30:00,67.86490513333332,72.59955711666667,69.816696,1.9517910336588642
2024-07-24 19:00:00,66.49774048333335,70.87697216666668,71.8492,5.351456904361967
2024-07-24 19:30:00,68.17632401666667,62.50739631666666,69.91115,1.7348240546223934
2024-07-24 20:00:00,63.87581325,67.8502772,67.59131,3.71549534375
2024-07-24 20:30:00,67.65140434999999,69.11482984999999,64.28908,-3.3623265912109304
2024-07-24 21:00:00,57.083984283333336,65.36723165,60.080166,2.996181579703773
2024-07-24 21:30:00,62.5907523,57.72462506666667,55.422405,-7.1683470570800765
2024-07-24 22:00:00,53.71896391666667,50.391972683333336,51.93353,-1.7854350165201822
2024-07-24 22:30:00,48.69318548333333,43.04642235,49.443188,0.7500022302897165
2024-07-24 23:00:00,48.21320391666666,43.56416656666666,44.25439,-3.958813200113923
2024-07-24 23:30:00,50.66041501666667,45.44694223333334,41.106625,-9.553790413395184
2024-07-25 00:00:00,44.84877441666666,44.21440025,38.144604,-6.70417068741861
2024-07-25 00:30:00,47.95775898333333,38.7073545,37.65382,-10.30393894549153
2024-07-25 01:00:00,39.70654996666666,36.359387133333335,37.57008,-2.13647016319986
2024-07-25 01:30:00,39.95318838333333,37.3659067,34.943356,-5.009832823030592
2024-07-25 02:00:00,33.910990633333334,32.94179245,33.483807,-0.4271840232259123
2024-07-25 02:30:00,32.657267133333335,32.90436066666667,31.89465,-0.7626176277181003
2024-07-25 03:00:00,32.512635933333335,32.676391599999995,29.349422,-3.163213478499351
2024-07-25 03:30:00,31.15095675,35.18615496666667,29.381237,-1.769719719970702
2024-07-25 04:00:00,30.346639733333333,33.0273622,29.465908,-0.8807316827962239
2024-07-25 04:30:00,33.96496501666667,35.853280133333335,30.961498,-3.0034667561686206
2024-07-25 05:00:00,34.99027651666666,37.69016608333333,33.60226,-1.3880159270670518
2024-07-25 05:30:00,32.722934933333335,43.535968833333335,38.500805,5.777869967789712
2024-07-25 06:00:00,44.823936,58.21454338333333,43.273266,-1.5506701613769565
2024-07-25 06:30:00,53.69009151666666,67.83121295,46.95695,-6.73314037530924
2024-07-25 07:00:00,59.2467495,57.657869600000005,46.44366,-12.803088763916016
2024-07-25 07:30:00,54.45464221666666,53.24124608333333,41.338436,-13.116206089957679
2024-07-25 08:00:00,43.345514183333336,46.05979661666667,31.620007,-11.725507622054039
2024-07-25 08:30:00,25.62102768333333,17.7871073,19.36076,-6.260267948225909
2024-07-25 09:00:00,1.6965823333333336,-13.756449249999998,-0.173954,-1.870536328441938
2024-07-25 09:30:00,-11.288286716666668,-21.058102166666668,-22.892612,-11.604325740608722
2024-07-25 10:00:00,-34.479954916666664,-54.89127335,-43.154514,-8.674559396077477
2024-07-25 10:30:00,-44.113565566666665,-76.01181893333334,-61.599873,-17.486307022444663
2024-07-25 11:00:00,-60.404367666666666,-95.89428725,-77.53829,-17.133924264485678
2024-07-25 11:30:00,-79.18871438333333,-119.01200935,-89.66239,-10.473677279264322
2024-07-25 12:00:00,-75.8605717,-124.44514118333332,-97.67853,-21.817956132031256
2024-07-25 12:30:00,-76.07384431666667,-124.79906888333332,-100.79685,-24.72300779514974
2024-07-25 13:00:00,-77.0945935,-118.48227431666668,-98.181816,-21.087222601074217
2024-07-25 13:30:00,-71.94453946666667,-103.86763556666666,-89.03091,-17.086367210579425
2024-07-25 14:00:00,-59.3490672,-95.43757073333336,-75.81076,-16.461693298046875
2024-07-25 14:30:00,-46.71459413333333,-71.98361288333334,-58.374195,-11.659600965543625
2024-07-25 15:00:00,-32.37510231666666,-44.35113006666666,-37.44417,-5.069069588850915
2024-07-25 15:30:00,-5.8808738,-21.381646583333332,-13.87389,-7.993016123095703
2024-07-25 16:00:00,9.4139151,12.000339983333332,11.1897545,1.7758393860839838
2024-07-25 16:30:00,21.576087066666663,33.372938866666665,31.080318,9.504231384261072
2024-07-25 17:00:00,42.16004295,46.53237773333333,49.166744,7.006701282177737
2024-07-25 17:30:00,68.89131951666667,46.49010233333333,60.028164,-8.86315560675456
2024-07-25 18:00:00,69.67524818333332,58.236571116666674,67.93506,-1.7401895895833235
2024-07-25 18:30:00,74.82157438333333,67.86490513333332,70.1581,-4.663478069856765
2024-07-25 19:00:00,69.90287283333333,66.49774048333335,69.54799,-0.35488394173177085
2024-07-25 19:30:00,58.59543841666667,68.17632401666667,67.99925,9.40381390266927
2024-07-25 20:00:00,64.91539778333333,63.87581325,62.20196,-2.7134362659993485
2024-07-25 20:30:00,65.01932238333333,67.65140434999999,60.853268,-4.166054713655598
2024-07-25 21:00:00,57.66950615,57.083984283333336,57.90089,0.2313842003418003
2024-07-25 21:30:00,55.93995686666667,62.5907523,54.49368,-1.4462778200358102
2024-07-25 22:00:00,54.55804385,53.71896391666667,50.648846,-3.9091981773925752
2024-07-25 22:30:00,45.41991278333333,48.69318548333333,47.64622,2.226308377555341
2024-07-25 23:00:00,50.33041895,48.21320391666666,42.676006,-7.65441263286133
2024-07-25 23:30:00,50.82705618333333,50.66041501666667,42.687023,-8.140033020491536
2024-07-26 00:00:00,44.13488668333333,44.84877441666666,40.228054,-3.906832636702468
2024-07-26 00:30:00,40.5805622,47.95775898333333,39.46182,-1.1187435049316434
2024-07-26 01:00:00,29.825619383333333,39.70654996666666,38.920315,9.094695405485027
2024-07-26 01:30:00,26.59238498333333,39.95318838333333,36.047176,9.454791377750656
2024-07-26 02:00:00,24.5306384,33.910990633333334,35.109188,10.578549679833984
2024-07-26 02:30:00,24.141112066666665,32.657267133333335,33.995556,9.854443811018882
2024-07-26 03:00:00,26.83063093333333,32.512635933333335,32.13522,5.304588640641278
2024-07-26 03:30:00,29.71099538333333,31.15095675,31.065014,1.3540185021647169
2024-07-26 04:00:00,29.472119433333333,30.346639733333333,31.82806,2.3559407168131514
2024-07-26 04:30:00,29.99340605,33.96496501666667,32.117565,2.124159105029296
2024-07-26 05:00:00,31.083867816666668,34.99027651666666,34.448177,3.364309520979816
2024-07-26 05:30:00,32.2998134,32.722934933333335,39.170147,6.870333542138674
2024-07-26 06:00:00,47.88124781666667,44.823936,43.243435,-4.637812910660813
2024-07-26 06:30:00,51.78646511666667,53.69009151666666,45.316753,-6.469711729215497
2024-07-26 07:00:00,58.25278278333334,59.2467495,47.322308,-10.930475196663416
2024-07-26 07:30:00,61.23204555,54.45464221666666,42.328533,-18.90351237739258
2024-07-26 08:00:00,38.4778259,43.345514183333336,32.36108,-6.116745730322265
2024-07-26 08:30:00,9.673552183333332,25.62102768333333,17.601421,7.92786917286784
2024-07-26 09:00:00,-28.573933516666667,1.6965823333333336,-3.245411,25.328522597477214
2024-07-26 09:30:00,-57.90214493333334,-11.288286716666668,-24.577946,33.324199224104824
2024-07-26 10:00:00,-84.88896115,-34.479954916666664,-42.139683,42.74927838022461
2024-07-26 10:30:00,-104.16837723333332,-44.113565566666665,-61.685917,42.48246033269855
2024-07-26 11:00:00,-117.71029713333331,-60.404367666666666,-78.187904,39.52239277542316
2024-07-26 11:30:00,-125.11914433333334,-79.18871438333333,-90.36847,34.75067509505209
2024-07-26 12:00:00,-138.37529706666666,-75.8605717,-97.053375,41.321921822526036
2024-07-26 12:30:00,-135.1114694,-76.07384431666667,-99.66269,35.44878019101563
2024-07-26 13:00:00,-137.8283366,-77.0945935,-94.97024,42.858098868066406
2024-07-26 13:30:00,-117.73194826666668,-71.94453946666667,-84.758865,32.973082910221365
2024-07-26 14:00:00,-107.35581228333332,-59.3490672,-73.467606,33.88820669251301
2024-07-26 14:30:00,-100.04116278333332,-46.71459413333333,-54.82018,45.22098379773762
2024-07-26 15:00:00,-76.86067455,-32.37510231666666,-29.9623,46.89837520307617
2024-07-26 15:30:00,-41.66883155,-5.8808738,-7.559681,34.1091506112793
2024-07-26 16:00:00,-11.961211283333334,9.4139151,13.524044,25.48525532019857
2024-07-26 16:30:00,13.000982083333334,21.576087066666663,30.345028,17.34404584025065
2024-07-26 17:00:00,35.030878183333336,42.16004295,44.34834,9.317460897477211
2024-07-26 17:30:00,43.30186768333333,68.89131951666667,55.778667,12.476799766617845
2024-07-26 18:00:00,39.87632606666667,69.67524818333332,64.95503,25.07870628196614
2024-07-26 18:30:00,49.933826716666665,74.82157438333333,69.3582,19.424373356575522
2024-07-26 19:00:00,48.15605321666666,69.90287283333333,68.41446,20.25840601184896
2024-07-26 19:30:00,51.31747158333334,58.59543841666667,66.498474,15.181002537760413
2024-07-26 20:00:00,50.32941878333333,64.91539778333333,62.802746,12.473327035758466
2024-07-26 20:30:00,45.926961000000006,65.01932238333333,57.836483,11.909522001708979
2024-07-26 21:00:00,50.69022,57.66950615,53.771572,3.081352113037113
2024-07-26 21:30:00,51.76780468333334,55.93995686666667,51.50189,-0.2659164081868539
2024-07-26 22:00:00,48.19891826666666,54.55804385,48.62109,0.422171668636075
2024-07-26 22:30:00,47.018965433333335,45.41991278333333,46.01196,-1.0070063574056007
2024-07-26 23:00:00,52.218796733333335,50.33041895,46.90034,-5.318455699397788
2024-07-26 23:30:00,55.1543705,50.82705618333333,46.226177,-8.928193284423827
2024-07-27 00:00:00,52.219197916666666,44.13488668333333,44.592556,-7.626641916910806
2024-07-27 00:30:00,44.56425845,40.5805622,39.535076,-5.029182308642575
2024-07-27 01:00:00,38.22070396666667,29.825619383333333,37.610317,-0.6103867364420594
2024-07-27 01:30:00,32.7222349,26.59238498333333,34.91978,2.1975458312011753
2024-07-27 02:00:00,31.827443950000003,24.5306384,32.787014,0.9595700575683566
2024-07-27 02:30:00,33.99432316666667,24.141112066666665,31.482632,-2.5116914833170583
2024-07-27 03:00:00,32.72423826666667,26.83063093333333,29.211956,-3.5122822424967453
2024-07-27 03:30:00,32.06594555,29.71099538333333,29.331432,-2.7345132074707053
2024-07-27 04:00:00,32.75975906666667,29.472119433333333,30.19334,-2.5664187651529957
2024-07-27 04:30:00,33.7663645,29.99340605,31.74847,-2.0178941936035173
2024-07-27 05:00:00,34.449264,31.083867816666668,34.67999,0.23072486108398493
2024-07-27 05:30:00,42.3073546,32.2998134,39.986767,-2.3205877848144496
2024-07-27 06:00:00,53.04379395,47.88124781666667,46.12666,-6.917134556689454
2024-07-27 06:30:00,55.3611371,51.78646511666667,49.802944,-5.558192916650391
2024-07-27 07:00:00,49.55714855,58.25278278333334,51.824947,2.2677988071777335
2024-07-27 07:30:00,44.16680718333333,61.23204555,46.601925,2.4351177129069015
2024-07-27 08:00:00,39.82244718333333,38.4778259,37.745586,-2.0768607880696592
2024-07-27 08:30:00,31.37439883333333,9.673552183333332,23.671368,-7.703031188069659
2024-07-27 09:00:00,25.877802733333336,-28.573933516666667,2.5931206,-23.284682158382164
2024-07-27 09:30:00,0.5535571499999997,-57.90214493333334,-21.620152,-22.17370866977539
2024-07-27 10:00:00,-14.974951250000002,-84.88896115,-44.101322,-29.126370924072262
2024-07-27 10:30:00,-24.756669833333333,-104.16837723333332,-67.26692,-42.51025216373698
2024-07-27 11:00:00,-40.33741401666666,-117.71029713333331,-84.01247,-43.6750524139974
2024-07-27 11:30:00,-41.82570988333333,-125.11914433333334,-95.66249,-53.83678096139323
2024-07-27 12:00:00,-58.13535898333333,-138.37529706666666,-103.112236,-44.976877039615886
2024-07-27 12:30:00,-74.37390298333334,-135.1114694,-105.319374,-30.94547110113932
2024-07-27 13:00:00,-86.65300953333333,-137.8283366,-101.751526,-15.098516345572918
2024-07-27 13:30:00,-74.18298498333333,-117.73194826666668,-91.93738,-17.754392946354173
2024-07-27 14:00:00,-55.5136584,-107.35581228333332,-78.989265,-23.475607041894534
2024-07-27 14:30:00,-52.95636085,-100.04116278333332,-62.74683,-9.790469136572263
2024-07-27 15:00:00,-42.23727335,-76.86067455,-43.364307,-1.1270340535644507
2024-07-27 15:30:00,-10.646262883333334,-41.66883155,-21.090366,-10.444103480192057
2024-07-27 16:00:00,5.278636716666667,-11.961211283333334,2.8666344,-2.4120023477701826
2024-07-27 16:30:00,21.32679695,13.000982083333334,22.389492,1.0626950849121108
2024-07-27 17:00:00,42.92683281666666,35.030878183333336,38.746,-4.180834434098301
2024-07-27 17:30:00,54.16869193333333,43.30186768333333,51.85554,-2.313150704085281
2024-07-27 18:00:00,62.4023584,39.87632606666667,60.77644,-1.6259187332519502
2024-07-27 18:30:00,69.07701016666667,49.933826716666665,64.45839,-4.618620884440105
2024-07-27 19:00:00,67.21333935,48.15605321666666,65.124466,-2.0888734076171858
2024-07-27 19:30:00,67.15470495,51.31747158333334,64.68504,-2.4696616150390582
2024-07-27 20:00:00,75.70364653333333,50.32941878333333,58.996548,-16.707098834358717
2024-07-27 20:30:00,63.617880033333336,45.926961000000006,54.665997,-8.951883481819664
2024-07-27 21:00:00,62.52112015,50.69022,51.4194,-11.101720888525392
2024-07-27 21:30:00,65.47250773333333,51.76780468333334,46.949123,-18.52338435076497
2024-07-27 22:00:00,65.4945445,48.19891826666666,46.914394,-18.580150121337894
2024-07-27 22:30:00,55.5842489,47.018965433333335,46.872295,-8.711953520361327
2024-07-27 23:00:00,53.65848063333333,52.218796733333335,43.926952,-9.731528271272786
2024-07-27 23:30:00,48.94429115,55.1543705,42.019527,-6.924763714697264
2024-07-28 00:00:00,52.1520462,52.219197916666666,41.399487,-10.752559658251954
2024-07-28 00:30:00,42.06924591666667,44.56425845,38.899242,-3.1700035155436197
2024-07-28 01:00:00,40.71250216666667,38.22070396666667,36.06013,-4.65237109366862
2024-07-28 01:30:00,37.2925706,32.7222349,34.94047,-2.352098950830076
2024-07-28 02:00:00,32.78444775,31.827443950000003,35.16769,2.383242527099611
2024-07-28 02:30:00,32.25434895,33.99432316666667,31.10104,-1.1533090635253913
2024-07-28 03:00:00,32.7040698,32.72423826666667,28.269482,-4.434588141064452
2024-07-28 03:30:00,37.39598228333333,32.06594555,26.719173,-10.676808851936848
2024-07-28 04:00:00,34.14523006666667,32.75975906666667,26.318096,-7.827133905777998
2024-07-28 04:30:00,31.749859333333333,33.7663645,30.226894,-1.5229649546712238
2024-07-28 05:00:00,34.44128048333334,34.449264,33.297573,-1.1437073937337274
2024-07-28 05:30:00,37.58534318333333,42.3073546,39.22096,1.635615526383468
2024-07-28 06:00:00,47.11551121666667,53.04379395,45.03198,-2.083532609488934
2024-07-28 06:30:00,53.79085226666667,55.3611371,47.67596,-6.114891725895184
2024-07-28 07:00:00,54.58553786666667,49.55714855,49.534054,-5.051484064176435
2024-07-28 07:30:00,54.742899533333336,44.16680718333333,47.408398,-7.334501858772789
2024-07-28 08:00:00,43.23478881666667,39.82244718333333,36.681393,-6.553396146988938
2024-07-28 08:30:00,34.40417706666667,31.37439883333333,22.46519,-11.938986179215497
2024-07-28 09:00:00,1.7895922500000012,25.877802733333336,1.4951439,-0.29444835961914184
2024-07-28 09:30:00,-32.11757168333333,0.5535571499999997,-23.54253,8.575041623518878
2024-07-28 10:00:00,-49.91225268333333,-14.974951250000002,-43.393818,6.518434781722
2024-07-28 10:30:00,-77.06037160000001,-24.756669833333333,-63.18308,13.87729283413087
2024-07-28 11:00:00,-95.37608516666668,-40.33741401666666,-79.81452,15.561563377115903
2024-07-28 11:30:00,-93.44984966666668,-41.82570988333333,-90.722626,2.7272239342448046
2024-07-28 12:00:00,-101.62585908333334,-58.13535898333333,-97.76886,3.8569992200520886
2024-07-28 12:30:00,-117.3757772,-74.37390298333334,-100.65135,16.724425271289064
2024-07-28 13:00:00,-110.05890346666666,-86.65300953333333,-96.76188,13.297024499381507
2024-07-28 13:30:00,-100.26480451666669,-74.18298498333333,-87.369354,12.895450268619811
2024-07-28 14:00:00,-87.69341173333333,-55.5136584,-73.16589,14.527518178645835
2024-07-28 14:30:00,-84.35884018333333,-52.95636085,-56.552006,27.806834415511062
2024-07-28 15:00:00,-57.56324385,-42.23727335,-36.385654,21.17758940053711
2024-07-28 15:30:00,-24.1053677,-10.646262883333334,-14.260502,9.844865838427733
2024-07-28 16:00:00,-4.906373250000001,5.278636716666667,8.705654,13.61202739428711
2024-07-28 16:30:00,28.377097366666664,21.32679695,27.854107,-0.5229904635904923
2024-07-28 17:00:00,63.86736213333333,42.92683281666666,44.282772,-19.584590069124346
2024-07-28 17:30:00,68.45522666666666,54.16869193333333,57.561977,-10.893249280192052
2024-07-28 18:00:00,70.20442773333333,62.4023584,64.71817,-5.486257567317708
2024-07-28 18:30:00,69.88537786666667,69.07701016666667,67.74725,-2.1381244486979227
2024-07-28 19:00:00,74.26044823333334,67.21333935,66.16466,-8.095790640559898
2024-07-28 19:30:00,81.44190331666667,67.15470495,62.963497,-18.478406154801434
2024-07-28 20:00:00,77.96091401666666,75.70364653333333,60.00059,-17.96032273859049
2024-07-28 20:30:00,77.4622595,63.617880033333336,57.961636,-19.500623910400392
2024-07-28 21:00:00,63.85210275,62.52112015,56.57597,-7.276133053955078
2024-07-28 21:30:00,61.09012395,65.47250773333333,54.094006,-6.996118365283202
2024-07-28 22:00:00,57.666345666666665,65.4945445,51.87199,-5.794355462809243
2024-07-28 22:30:00,64.58990175000001,55.5842489,48.895565,-15.694336717041026
2024-07-28 23:00:00,64.28894448333334,53.65848063333333,46.992336,-17.29660821013998
2024-07-28 23:30:00,60.68630445,48.94429115,45.04681,-15.639494299853517
2024-07-29 00:00:00,52.68566175,52.1520462,42.743267,-9.94239469067383
2024-07-29 00:30:00,45.07473426666667,42.06924591666667,40.453884,-4.6208501419108075
2024-07-29 01:00:00,43.00134915,40.71250216666667,37.507168,-5.4941813338378935
2024-07-29 01:30:00,39.72894261666666,37.2925706,36.67349,-3.055453999723298
2024-07-29 02:00:00,37.6019339,32.78444775,34.17895,-3.4229826365722644
2024-07-29 02:30:00,36.03295113333333,32.25434895,30.970837,-5.06211449392903
2024-07-29 03:00:00,34.58895291666666,32.7040698,30.148342,-4.440610784098304
2024-07-29 03:30:00,33.1587909,37.39598228333333,29.508785,-3.6500056521972652
2024-07-29 04:00:00,37.137162966666665,34.14523006666667,30.484386,-6.652776522574868
2024-07-29 04:30:00,40.62456566666666,31.749859333333333,35.027477,-5.597088402262365
2024-07-29 05:00:00,40.93072738333333,34.44128048333334,38.014217,-2.9165100066243426
2024-07-29 05:30:00,44.50010493333334,37.58534318333333,41.82243,-2.677675276350918
2024-07-29 06:00:00,60.439242666666665,47.11551121666667,49.458126,-10.98111659855143
2024-07-29 06:30:00,61.0288646,53.79085226666667,53.880062,-7.148802496728514
2024-07-29 07:00:00,62.03938826666666,54.58553786666667,54.016888,-8.02250060187174
2024-07-29 07:30:00,68.86909183333334,54.742899533333336,48.98257,-19.886521185139983
2024-07-29 08:00:00,48.657209,43.23478881666667,39.614468,-9.042741379150392
2024-07-29 08:30:00,30.6153327,34.40417706666667,24.871456,-5.743876553759765
2024-07-29 09:00:00,0.6931389500000001,1.7895922500000012,5.8890343,5.195895321240235
2024-07-29 09:30:00,-30.28107241666667,-32.11757168333333,-19.399754,10.88131884611003
2024-07-29 10:00:00,-59.687580966666665,-49.91225268333333,-40.887836,18.799744510367837
2024-07-29 10:30:00,-86.14429059999999,-77.06037160000001,-64.20175,21.942538891015616
2024-07-29 11:00:00,-108.23493886666668,-95.37608516666668,-81.80497,26.429969079069025
2024-07-29 11:30:00,-117.59227163333333,-93.44984966666668,-94.168,23.4242723657552
2024-07-29 12:00:00,-119.07635376666668,-101.62585908333334,-104.42143,14.654921271549497
2024-07-29 12:30:00,-121.93569491666666,-117.3757772,-106.91131,15.024386628092444
2024-07-29 13:00:00,-99.23052061666664,-110.05890346666666,-103.90966,-4.679139722688831
2024-07-29 13:30:00,-93.64229443333332,-100.26480451666669,-94.58475,-0.9424528811198059
2024-07-29 14:00:00,-80.54564326666666,-87.69341173333333,-81.207436,-0.6617923412434976
2024-07-29 14:30:00,-66.06302185,-84.35884018333333,-64.26532,1.7977020257812484
2024-07-29 15:00:00,-42.869023266666666,-57.56324385,-45.581364,-2.7123404113118497
2024-07-29 15:30:00,-0.238481033333334,-24.1053677,-25.897007,-25.658525955192058
2024-07-29 16:00:00,20.81818326666666,-4.906373250000001,-3.7683907,-24.58657392218424
2024-07-29 16:30:00,48.90837498333334,28.377097366666664,17.036648,-31.87172718670248
2024-07-29 17:00:00,67.92735215,63.86736213333333,35.25851,-32.668841560400395
2024-07-29 17:30:00,76.45405050000001,68.45522666666666,50.74783,-25.70622106274415
2024-07-29 18:00:00,84.14689216666667,70.20442773333333,59.09373,-25.053161240153003
2024-07-29 18:30:00,90.55284048333334,69.88537786666667,63.79571,-26.757128965999357
2024-07-29 19:00:00,83.45961873333333,74.26044823333334,67.50314,-15.956475422786454
2024-07-29 19:30:00,86.26417243333333,81.44190331666667,68.123,-18.141171334700516
2024-07-29 20:00:00,82.11748746666667,77.96091401666666,66.302704,-15.814783609244799
2024-07-29 20:30:00,79.91535069999999,77.4622595,65.73442,-14.180929923632803
2024-07-29 21:00:00,72.72493945000001,63.85210275,59.45442,-13.270521267626961
2024-07-29 21:30:00,61.06855783333333,61.09012395,55.385937,-5.682621096272783
2024-07-29 22:00:00,58.35912498333334,57.666345666666665,51.95399,-6.405134047054041
2024-07-29 22:30:00,48.36947096666666,64.58990175000001,50.57783,2.2083603016438857
2024-07-29 23:00:00,44.52398673333334,64.28894448333334,49.001156,4.4771691199381465
2024-07-29 23:30:00,45.1286395,60.68630445,46.399105,1.270465572021486
2024-07-30 00:00:00,47.08969711666666,52.68566175,45.009426,-2.0802709997233038
2024-07-30 00:30:00,43.72328553333333,45.07473426666667,42.445873,-1.277412272835285
2024-07-30 01:00:00,37.9259856,43.00134915,39.638027,1.7120415911621123
2024-07-30 01:30:00,37.23016508333333,39.72894261666666,38.738445,1.5082801986490892
2024-07-30 02:00:00,35.42980251666667,37.6019339,35.81393,0.38412799480794035
2024-07-30 02:30:00,34.04063323333333,36.03295113333333,32.058346,-1.9822874386555966
2024-07-30 03:00:00,33.104602750000005,34.58895291666666,30.533886,-2.570716794189458
2024-07-30 03:30:00,34.233756050000004,33.1587909,30.579052,-3.654704078564457
2024-07-30 04:00:00,32.77317601666667,37.137162966666665,32.938107,0.1649305201985669
2024-07-30 04:30:00,36.12198658333333,40.62456566666666,35.203686,-0.9183008228352847
2024-07-30 05:00:00,40.48152816666667,40.93072738333333,38.87019,-1.6113384999186238
2024-07-30 05:30:00,45.2771765,44.50010493333334,45.533215,0.25603806909179383
2024-07-30 06:00:00,56.317736700000005,60.439242666666665,52.052822,-4.264914586962895
2024-07-30 06:30:00,63.87850445,61.0288646,57.812817,-6.065687830126954
2024-07-30 07:00:00,62.59796111666666,62.03938826666666,60.35278,-2.2451817282389257
2024-07-30 07:30:00,58.65713401666667,68.86909183333334,55.77676,-2.880373915348308
2024-07-30 08:00:00,47.349827733333335,48.657209,45.611797,-1.738030400569663
2024-07-30 08:30:00,34.98419881666667,30.6153327,29.295315,-5.68888402784831
2024-07-30 09:00:00,2.18097995,0.6931389500000001,7.580532,5.39955212397461
2024-07-30 09:30:00,-32.76663505,-30.28107241666667,-17.019108,15.747527231396482
2024-07-30 10:00:00,-57.79494044999999,-59.687580966666665,-44.051243,13.74369762163085
2024-07-30 10:30:00,-83.94402056666667,-86.14429059999999,-64.10603,19.837987241471353
2024-07-30 11:00:00,-107.57392125,-108.23493886666668,-84.889206,22.68471531738281
2024-07-30 11:30:00,-113.70919053333334,-117.59227163333333,-98.73922,14.969970867805998
2024-07-30 12:00:00,-125.79365941666669,-119.07635376666668,-108.28677,17.50688573502606
2024-07-30 12:30:00,-131.77671603333332,-121.93569491666666,-110.22021,21.556508818977846
2024-07-30 13:00:00,-133.7228673,-99.23052061666664,-106.459915,27.262952138867178
2024-07-30 13:30:00,-128.73899905,-93.64229443333332,-96.37436,32.364639919140615
2024-07-30 14:00:00,-107.01595275,-80.54564326666666,-81.999825,25.016128226074215
2024-07-30 14:30:00,-92.46487051666666,-66.06302185,-64.450836,28.01403433502604
2024-07-30 15:00:00,-72.27801889999999,-42.869023266666666,-44.261707,28.01631159409179
2024-07-30 15:30:00,-38.99388895,-0.238481033333334,-19.873966,19.119922732958983
2024-07-30 16:00:00,-3.398530966666665,20.81818326666666,3.363186,6.761716849235024
2024-07-30 16:30:00,17.669285483333336,48.90837498333334,23.934383,6.265097909000648
2024-07-30 17:00:00,37.66513891666666,67.92735215,43.741375,6.076236052815759
2024-07-30 17:30:00,54.35943415,76.45405050000001,60.962948,6.603513695458986
2024-07-30 18:00:00,66.83746726666668,84.14689216666667,71.7556,4.918132708919259
2024-07-30 18:30:00,83.81101296666667,90.55284048333334,78.0013,-5.809715969596354
2024-07-30 19:00:00,83.1783317,83.45961873333333,81.34801,-1.8303244978515636
2024-07-30 19:30:00,79.10569325,86.26417243333333,77.59586,-1.5098299077148454
2024-07-30 20:00:00,79.27130443333333,82.11748746666667,70.93048,-8.340823476302077
2024-07-30 20:30:00,70.80425978333334,79.91535069999999,67.13243,-3.6718287530598985
2024-07-30 21:00:00,73.43884255,72.72493945000001,63.092846,-10.345996633251957
2024-07-30 21:30:00,64.82172655000001,61.06855783333333,59.28082,-5.540907610791024
2024-07-30 22:00:00,56.75074143333333,58.35912498333334,55.784847,-0.9658941738118472
2024-07-30 22:30:00,49.489511033333336,48.36947096666666,52.61088,3.1213707720865855
2024-07-30 23:00:00,47.60625728333334,44.52398673333334,48.466396,0.8601390484537674
2024-07-30 23:30:00,55.426368233333335,45.1286395,45.550472,-9.87589597381185
2024-07-31 00:00:00,54.38982955,47.08969711666666,44.074657,-10.315172109814455
2024-07-31 00:30:00,48.012536833333336,43.72328553333333,39.64024,-8.372297117757164
2024-07-31 01:00:00,41.36923515,37.9259856,38.867886,-2.501349560400392
2024-07-31 01:30:00,35.8354405,37.23016508333333,38.540066,2.7046252653808622
2024-07-31 02:00:00,33.33375895,35.42980251666667,34.075817,0.7420581581542933
2024-07-31 02:30:00,35.176096183333335,34.04063323333333,31.484371,-3.691724998030601
2024-07-31 03:00:00,32.70034426666667,33.104602750000005,28.996578,-3.7037660501139342
2024-07-31 03:30:00,33.62206723333333,34.233756050000004,30.018337,-3.603729983577473
2024-07-31 04:00:00,32.2940437,32.77317601666667,30.352734,-1.9413100879394563
2024-07-31 04:30:00,37.00329223333333,36.12198658333333,32.7104,-4.292892605647786
2024-07-31 05:00:00,34.8014487,40.48152816666667,37.424038,2.6225892333496077
2024-07-31 05:30:00,37.98824391666667,45.2771765,45.23559,7.247347971761066
2024-07-31 06:00:00,48.32086505,56.317736700000005,50.84248,2.521614655810545
2024-07-31 06:30:00,56.5457115,63.87850445,57.30142,0.7557068044433564
2024-07-31 07:00:00,54.94789111666668,62.59796111666666,59.627193,4.6793023342610525
2024-07-31 07:30:00,47.21954598333334,58.65713401666667,54.28091,7.061364508610019
2024-07-31 08:00:00,35.74460786666666,47.349827733333335,43.36442,7.61981397781576
2024-07-31 08:30:00,11.617910016666668,34.98419881666667,24.825237,13.207327257503254
2024-07-31 09:00:00,-18.7174063,2.18097995,2.7936668,21.51107313959961
2024-07-31 09:30:00,-42.11591963333333,-32.76663505,-23.140812,18.97510771316731
2024-07-31 10:00:00,-65.52013685,-57.79494044999999,-48.99619,16.52394773256836
2024-07-31 10:30:00,-82.168234,-83.94402056666667,-69.41753,12.75070775488281
2024-07-31 11:00:00,-95.99448185,-107.57392125,-87.50034,8.494138527246093
2024-07-31 11:30:00,-113.33310935000002,-113.70919053333334,-100.58104,12.752069921289078
2024-07-31 12:00:00,-122.99097551666668,-125.79365941666669,-110.04697,12.944008963932305
2024-07-31 12:30:00,-113.99041841666669,-131.77671603333332,-112.68235,1.308068257975279
2024-07-31 13:00:00,-121.79257995,-133.7228673,-109.15939,12.633186639453129
2024-07-31 13:30:00,-117.38401319999998,-128.73899905,-101.1887,16.195315385058578
2024-07-31 14:00:00,-97.23041405,-107.01595275,-87.248375,9.98203911103515
2024-07-31 14:30:00,-95.2018811,-92.46487051666666,-68.070435,27.131446529687494
2024-07-31 15:00:00,-70.31021663333333,-72.27801889999999,-48.672153,21.638063160432935
2024-07-31 15:30:00,-34.26221163333334,-38.99388895,-25.216908,9.045304132112634
2024-07-31 16:00:00,-10.98405415,-3.398530966666665,-0.6593666,10.324687542333985
2024-07-31 16:30:00,20.531333866666667,17.669285483333336,21.899624,1.368290004182942
2024-07-31 17:00:00,47.193991116666666,37.66513891666666,41.81851,-5.375482968473307
2024-07-31 17:30:00,67.60665383333334,54.35943415,56.968853,-10.637800836507168
2024-07-31 18:00:00,78.43708341666667,66.83746726666668,65.79872,-12.638362103190104
2024-07-31 18:30:00,84.95033278333334,83.81101296666667,71.63788,-13.312454365364587
2024-07-31 19:00:00,72.03229599999999,83.1783317,74.53003,2.497733296875012
2024-07-31 19:30:00,80.89772673333333,79.10569325,72.364136,-8.533590991145829
2024-07-31 20:00:00,75.67219846666667,79.27130443333333,68.2673,-7.404894999869796
2024-07-31 20:30:00,80.59232961666667,70.80425978333334,66.3898,-14.20252859127605
2024-07-31 21:00:00,76.28808613333334,73.43884255,63.081875,-13.206211285921228
2024-07-31 21:30:00,68.51818920000001,64.82172655000001,59.59924,-8.918949850634775
2024-07-31 22:00:00,59.00796125,56.75074143333333,57.55206,-1.4559020764160167
2024-07-31 22:30:00,58.78394735,49.489511033333336,54.329113,-4.454834343408201
2024-07-31 23:00:00,56.97346838333333,47.60625728333334,49.721355,-7.252112945100912
2024-07-31 23:30:00,60.123267783333326,55.426368233333335,47.748425,-12.374843253304029
2024-08-01 00:00:00,56.19196943333333,54.38982955,46.548107,-9.64386228611653
2024-08-01 00:30:00,50.85183286666668,48.012536833333336,44.709637,-6.142196178434261
2024-08-01 01:00:00,56.833284,41.36923515,44.110867,-12.72241745336914
2024-08-01 01:30:00,44.650212116666665,35.8354405,40.251003,-4.399208851285806
2024-08-01 02:00:00,36.08323275,33.33375895,36.768383,0.6851502761230464
2024-08-01 02:30:00,34.25424496666667,35.176096183333335,35.619167,1.364922361214191
2024-08-01 03:00:00,32.57929655,32.70034426666667,33.867397,1.2881007583496071
2024-08-01 03:30:00,33.5602053,33.62206723333333,33.365658,-0.19454749360351542
2024-08-01 04:00:00,37.45089721666667,32.2940437,34.059795,-3.391101837027996
2024-08-01 04:30:00,34.92493901666666,37.00329223333333,35.716396,0.7914573151204465
2024-08-01 05:00:00,36.0829354,34.8014487,39.56468,3.481742792138675
2024-08-01 05:30:00,38.580116016666665,37.98824391666667,47.702465,9.122349040706382
2024-08-01 06:00:00,48.60928201666667,48.32086505,54.096584,5.487302303401691
2024-08-01 06:30:00,59.8592706,56.5457115,58.39474,-1.4645295416503927
2024-08-01 07:00:00,66.64505591666666,54.94789111666668,56.99275,-9.652307656168617
2024-08-01 07:30:00,55.10598118333333,47.21954598333334,49.58485,-5.52113087205403
2024-08-01 08:00:00,33.10818385,35.74460786666666,37.707638,4.599453936865231
2024-08-01 08:30:00,-0.6578993333333331,11.617910016666668,20.015636,20.67353577742513
2024-08-01 09:00:00,-23.590725600000003,-18.7174063,-0.9948158,22.595909773583987
2024-08-01 09:30:00,-42.2008845,-42.11591963333333,-27.273762,14.927122750732423
2024-08-01 10:00:00,-79.20330063333334,-65.52013685,-53.84142,25.36188141336264
2024-08-01 10:30:00,-95.4152436,-82.168234,-74.3138,21.101446602929684
2024-08-01 11:00:00,-115.91477541666666,-95.99448185,-92.81563,23.099147364908845
2024-08-01 11:30:00,-130.14006725,-113.33310935000002,-107.29961,22.8404609267578
2024-08-01 12:00:00,-138.19803438333335,-122.99097551666668,-113.33921,24.858823873079444
2024-08-01 12:30:00,-128.17117905,-113.99041841666669,-116.26537,11.905805820019538
2024-08-01 13:00:00,-128.03328045,-121.79257995,-115.116646,12.916634637011725
2024-08-01 13:30:00,-97.24179613333332,-117.38401319999998,-104.76906,-7.527262094205739
2024-08-01 14:00:00,-91.4271005,-97.23041405,-91.76759,-0.34049288378906795
2024-08-01 14:30:00,-79.21955821666667,-95.2018811,-74.14229,5.077270008658857
2024-08-01 15:00:00,-57.22348159999999,-70.31021663333333,-54.044254,3.1792272970214768
2024-08-01 15:30:00,-34.03637155,-34.26221163333334,-31.167606,2.8687651962402327
2024-08-01 16:00:00,5.4421179,-10.98405415,-5.919697,-11.361814707861328
2024-08-01 16:30:00,25.29238845,20.531333866666667,15.607662,-9.684726249072266
2024-08-01 17:00:00,47.76088068333333,47.193991116666666,37.426235,-10.334645484358724
2024-08-01 17:30:00,60.14688751666667,67.60665383333334,54.94694,-5.199946140934252
2024-08-01 18:00:00,73.03336936666666,78.43708341666667,66.99344,-6.039930645963537
2024-08-01 18:30:00,78.39782311666666,84.95033278333334,76.59059,-1.807231686002595
2024-08-01 19:00:00,81.56715576666666,72.03229599999999,77.69475,-3.872407841861971
2024-08-01 19:30:00,82.8675665,80.89772673333333,76.91647,-5.95109311132812
2024-08-01 20:00:00,80.41887443333333,75.67219846666667,72.369354,-8.049520185286454
2024-08-01 20:30:00,67.25934321666666,80.59232961666667,68.00328,0.743937422981773
2024-08-01 21:00:00,68.07960603333333,76.28808613333334,63.629513,-4.4500932464681
2024-08-01 21:30:00,61.41485896666666,68.51818920000001,59.621075,-1.7937842901529848
2024-08-01 22:00:00,56.703376033333335,59.00796125,56.96002,0.2566421246256496
2024-08-01 22:30:00,52.27425506666666,58.78394735,55.012905,2.7386500541829477
2024-08-01 23:00:00,56.207600516666666,56.97346838333333,51.987804,-4.219796103824869
2024-08-01 23:30:00,57.07159935000001,60.123267783333326,50.254696,-6.816903457666022
2024-08-02 00:00:00,57.17522496666667,56.19196943333333,48.687267,-8.487957663199872
2024-08-02 00:30:00,55.10816483333334,50.85183286666668,44.066692,-11.041472481038419
2024-08-02 01:00:00,57.3131429,56.833284,42.246716,-15.066427354345706
2024-08-02 01:30:00,50.37279555,44.650212116666665,39.73234,-10.640453783642577
2024-08-02 02:00:00,45.125813783333335,36.08323275,35.91464,-9.211175264046226
2024-08-02 02:30:00,46.48740721666667,34.25424496666667,33.008633,-13.478774556754558
2024-08-02 03:00:00,41.83169275,32.57929655,30.889492,-10.942200715087893
2024-08-02 03:30:00,42.91275613333334,33.5602053,31.059643,-11.853113341585292
2024-08-02 04:00:00,42.29743401666666,37.45089721666667,33.045742,-9.251691981754547
2024-08-02 04:30:00,44.31354951666666,34.92493901666666,36.0581,-8.255447862613927
2024-08-02 05:00:00,43.87213771666666,36.0829354,40.94708,-2.9250590118326727
2024-08-02 05:30:00,42.18281,38.580116016666665,47.50088,5.318071195068356
2024-08-02 06:00:00,53.35611836666666,48.60928201666667,53.289318,-0.06680028194985965
2024-08-02 06:30:00,57.54342205,59.8592706,56.2823,-1.2611230082519498
2024-08-02 07:00:00,53.58243601666666,66.64505591666666,55.47186,1.8894229616048221
2024-08-02 07:30:00,47.71723393333334,55.10598118333333,49.804714,2.0874802695475196
2024-08-02 08:00:00,21.634817283333334,33.10818385,38.083324,16.448507149039713
2024-08-02 08:30:00,-3.7881588333333327,-0.6578993333333331,19.51501,23.30316966707357
2024-08-02 09:00:00,-31.69224103333333,-23.590725600000003,-2.7064857,28.985755285042316
2024-08-02 09:30:00,-60.302922816666666,-42.2008845,-29.524311,30.778611750992837
2024-08-02 10:00:00,-78.52026128333334,-79.20330063333334,-55.66762,22.852639670784512
2024-08-02 10:30:00,-87.91935508333334,-95.4152436,-76.99577,10.923581767903656
2024-08-02 11:00:00,-88.89319115,-115.91477541666666,-96.7805,-7.887311169335931
2024-08-02 11:30:00,-112.02568056666668,-130.14006725,-109.31331,2.712371850846367
2024-08-02 12:00:00,-107.03492495,-138.19803438333335,-116.542435,-9.507509742382808
2024-08-02 12:30:00,-104.54549238333334,-128.17117905,-118.13305,-13.58755662789713
2024-08-02 13:00:00,-106.88733721666668,-128.03328045,-115.23806,-8.350722780891914
2024-08-02 13:30:00,-84.34647181666666,-97.24179613333332,-105.11325,-20.76677891575521
2024-08-02 14:00:00,-69.53737793333333,-91.4271005,-92.53429,-22.996908565690106
2024-08-02 14:30:00,-64.83449848333333,-79.21955821666667,-73.79907,-8.964573782291666
2024-08-02 15:00:00,-37.52233838333333,-57.22348159999999,-52.613224,-15.090885646207688
2024-08-02 15:30:00,-14.412568466666668,-34.03637155,-28.523426,-14.110857589241535
2024-08-02 16:00:00,6.535376150000001,5.4421179,-3.3698616,-9.905237752783204
2024-08-02 16:30:00,26.215355616666667,25.29238845,18.878979,-7.33637688741862
2024-08-02 17:00:00,39.091415483333336,47.76088068333333,38.489452,-0.6019631212727887
2024-08-02 17:30:00,48.62128376666666,60.14688751666667,54.895702,6.27441859539389
2024-08-02 18:00:00,71.54181761666666,73.03336936666666,66.96419,-4.57762999459635
2024-08-02 18:30:00,70.8992033,78.39782311666666,73.543625,2.644421577929691
2024-08-02 19:00:00,70.85592675,81.56715576666666,77.61255,6.756622078125005
2024-08-02 19:30:00,72.7761016,82.8675665,76.5313,3.7552018057617147
2024-08-02 20:00:00,62.69604713333334,80.41887443333333,73.59345,10.897405320279944
2024-08-02 20:30:00,60.75410651666667,67.25934321666666,67.225464,6.471357350520833
2024-08-02 21:00:00,58.66330843333333,68.07960603333333,63.956097,5.292788215836595
2024-08-02 21:30:00,58.47631343333333,61.41485896666666,58.95895,0.48263660939127817
2024-08-02 22:00:00,62.23217941666667,56.703376033333335,56.83906,-5.393117679606121
2024-08-02 22:30:00,54.430313250000005,52.27425506666666,55.209454,0.7791403327636672
2024-08-02 23:00:00,50.5877612,56.207600516666666,52.451977,1.8642155761230441
2024-08-02 23:30:00,49.51739665,57.07159935000001,50.06744,0.5500433829589824
2024-08-03 00:00:00,48.41637078333333,57.17522496666667,47.015682,-1.4006885628743433
2024-08-03 00:30:00,44.2508307,55.10816483333334,44.148373,-0.10245804985351725
2024-08-03 01:00:00,40.37919705,57.3131429,44.405636,4.0264387837402325
2024-08-03 01:30:00,34.64846668333333,50.37279555,42.12933,7.480862998063152
2024-08-03 02:00:00,32.602415916666665,45.125813783333335,38.86137,6.258954170003257
2024-08-03 02:30:00,30.882919233333336,46.48740721666667,37.621914,6.738994676578773
2024-08-03 03:00:00,30.25810998333333,41.83169275,32.725674,2.467563692203779
2024-08-03 03:30:00,30.00698273333333,42.91275613333334,31.694775,1.687791894352216
2024-08-03 04:00:00,32.414784483333335,42.29743401666666,33.176098,0.7613133865397117
2024-08-03 04:30:00,32.35318175,44.31354951666666,35.659298,3.306116193115237
2024-08-03 05:00:00,33.022106666666666,43.87213771666666,38.66554,5.643432121175131
2024-08-03 05:30:00,35.6834318,42.18281,46.55604,10.872609917529296
2024-08-03 06:00:00,47.162639133333336,53.35611836666666,53.19015,6.0275120812662735
2024-08-03 06:30:00,55.534992,57.54342205,57.356777,1.8217851911621068
2024-08-03 07:00:00,48.97410616666667,53.58243601666666,57.15446,8.18035474031575
2024-08-03 07:30:00,43.81831101666666,47.71723393333334,51.052883,7.234572131526697
2024-08-03 08:00:00,24.6379038,21.634817283333334,35.703426,11.065522561083984
2024-08-03 08:30:00,4.191114550000001,-3.7881588333333327,14.608105,10.416990155810545
2024-08-03 09:00:00,-16.47732971666667,-31.69224103333333,-9.6297035,6.8476261949381545
2024-08-03 09:30:00,-34.92141441666667,-60.302922816666666,-38.2009,-3.2794866148274693
2024-08-03 10:00:00,-46.40807768333334,-78.52026128333334,-62.927235,-16.519156966324864
2024-08-03 10:30:00,-62.13379495,-87.91935508333334,-84.18749,-22.053697420605467
2024-08-03 11:00:00,-93.49172335,-88.89319115,-102.16938,-8.67765683798828
2024-08-03 11:30:00,-114.13918595,-112.02568056666668,-115.09025,-0.9510621579101581
2024-08-03 12:00:00,-118.78978215,-107.03492495,-122.55663,-3.7668508456054752
2024-08-03 12:30:00,-126.7198605,-104.54549238333334,-124.22734,2.4925198017578083
2024-08-03 13:00:00,-127.5132729,-106.88733721666668,-117.056564,10.456708568945317
2024-08-03 13:30:00,-115.29588873333334,-84.34647181666666,-107.6621,7.6337869877278735
2024-08-03 14:00:00,-108.05593713333332,-69.53737793333333,-91.66239,16.39354547073566
2024-08-03 14:30:00,-86.84450481666666,-64.83449848333333,-73.032364,13.812140925065094
2024-08-03 15:00:00,-62.81013445,-37.52233838333333,-50.462574,12.347560444873046
2024-08-03 15:30:00,-43.361009466666665,-14.412568466666668,-25.311329,18.049680578727212
2024-08-03 16:00:00,-9.507158216666664,6.535376150000001,0.22983934,9.736997556518997
2024-08-03 16:30:00,23.158022233333337,26.215355616666667,22.469463,-0.6885588849446656
2024-08-03 17:00:00,41.943333466666665,39.091415483333336,41.27058,-0.6727531749186184
2024-08-03 17:30:00,62.13585273333333,48.62128376666666,53.982845,-8.153007426936846
2024-08-03 18:00:00,72.71898321666667,71.54181761666666,65.99405,-6.724934144401047
2024-08-03 18:30:00,79.96713853333334,70.8992033,73.26526,-6.70187974427084
2024-08-03 19:00:00,84.62083566666666,70.85592675,75.29599,-9.32484567643229
2024-08-03 19:30:00,88.29524673333333,72.7761016,75.61069,-12.684559477473954
2024-08-03 20:00:00,84.69674271666666,62.69604713333334,70.41763,-14.279109660026037
2024-08-03 20:30:00,91.14371863333334,60.75410651666667,66.01195,-25.1317710014974
2024-08-03 21:00:00,80.0459196,58.66330843333333,62.969112,-17.07680720375977
2024-08-03 21:30:00,79.03371225,58.47631343333333,58.46362,-20.57009301782226
2024-08-03 22:00:00,68.58642826666666,62.23217941666667,55.89271,-12.693716627262361
2024-08-03 22:30:00,64.25448141666666,54.430313250000005,56.394604,-7.859877687418617
2024-08-03 23:00:00,59.626464983333335,50.5877612,52.99145,-6.635013719905601
2024-08-03 23:30:00,58.61319063333334,49.51739665,52.050045,-6.563145619905605
2024-08-04 00:00:00,53.83299815,48.41637078333333,50.164806,-3.668191784033205
2024-08-04 00:30:00,48.77897381666667,44.2508307,46.901775,-1.877198456559249
2024-08-04 01:00:00,52.04521548333333,40.37919705,44.91499,-7.130226011897783
2024-08-04 01:30:00,50.570467916666665,34.64846668333333,41.78265,-8.78781792277018
2024-08-04 02:00:00,41.57758288333333,32.602415916666665,39.79411,-1.783473538850906
2024-08-04 02:30:00,39.38082671666667,30.882919233333336,35.32989,-4.050935511832684
2024-08-04 03:00:00,38.73190396666666,30.25810998333333,31.50674,-7.2251633965982975
2024-08-04 03:30:00,40.90415453333333,30.00698273333333,31.702084,-9.202070945686849
2024-08-04 04:00:00,41.38317716666666,32.414784483333335,31.658596,-9.724581127848303
2024-08-04 04:30:00,40.6586589,32.35318175,33.451244,-7.207414545751952
2024-08-04 05:00:00,47.601340533333335,33.022106666666666,36.68942,-10.911921740608726
2024-08-04 05:30:00,40.27635506666667,35.6834318,43.196133,2.919777593245442
2024-08-04 06:00:00,47.33952785,47.162639133333336,49.72784,2.388312573583981
2024-08-04 06:30:00,48.77028666666666,55.534992,53.987682,5.21739567586264
2024-08-04 07:00:00,46.85010363333333,48.97410616666667,54.292553,7.442449314664714
2024-08-04 07:30:00,41.531292283333336,43.81831101666666,47.112926,5.581634199820961
2024-08-04 08:00:00,36.2120335,24.6379038,33.034313,-3.1777202980957
2024-08-04 08:30:00,13.14246955,4.191114550000001,15.046886,1.9044168940917974
2024-08-04 09:00:00,-2.4695043500000016,-16.47732971666667,-6.7958717,-4.3263673846191395
2024-08-04 09:30:00,-31.83872225,-34.92141441666667,-33.156055,-1.3173332004394531
2024-08-04 10:00:00,-54.051847,-46.40807768333334,-55.953236,-1.901388626220701
2024-08-04 10:30:00,-80.45823781666667,-62.13379495,-76.645874,3.812363793229167
2024-08-04 11:00:00,-91.38246845,-93.49172335,-95.15505,-3.772583735058589
2024-08-04 11:30:00,-93.9079201,-114.13918595,-108.17363,-14.26570966074219
2024-08-04 12:00:00,-79.92311003333333,-118.78978215,-116.52983,-36.60672089928386
2024-08-04 12:30:00,-63.82990885,-126.7198605,-117.01211,-53.18219899912109
2024-08-04 13:00:00,-63.97205273333333,-127.5132729,-113.379166,-49.407112916080735
2024-08-04 13:30:00,-57.797709950000005,-115.29588873333334,-105.830414,-48.03270386835937
2024-08-04 14:00:00,-46.5628382,-108.05593713333332,-92.96967,-46.40683495673828
2024-08-04 14:30:00,-40.77363055,-86.84450481666666,-73.263916,-32.490285465625
2024-08-04 15:00:00,-31.92941573333333,-62.81013445,-51.827625,-19.898209541324874
2024-08-04 15:30:00,-12.89438615,-43.361009466666665,-29.083622,-16.189235828759763
2024-08-04 16:00:00,26.835629033333333,-9.507158216666664,-4.2903023,-31.12593130994466
2024-08-04 16:30:00,43.84251663333333,23.158022233333337,18.723354,-25.119162293733723
2024-08-04 17:00:00,54.66312335,41.943333466666665,38.388332,-16.27479098305664
2024-08-04 17:30:00,61.85870455,62.13585273333333,55.79719,-6.061512930126952
2024-08-04 18:00:00,60.69797385,72.71898321666667,67.497314,6.799340603125003
2024-08-04 18:30:00,57.24463343333333,79.96713853333334,75.60065,18.356013539322923
2024-08-04 19:00:00,63.98622225,84.62083566666666,79.67531,15.689085977539065
2024-08-04 19:30:00,65.15134435,88.29524673333333,78.85153,13.700187632421873
2024-08-04 20:00:00,70.03070778333334,84.69674271666666,72.87277,2.842064433463534
2024-08-04 20:30:00,71.54598495,91.14371863333334,71.25908,-0.2869059705078172
2024-08-04 21:00:00,67.56309931666667,80.0459196,65.67012,-1.892979077408853
2024-08-04 21:30:00,64.00026848333333,79.03371225,61.997356,-2.002912068538407
2024-08-04 22:00:00,55.01837813333333,68.58642826666666,58.93075,3.9123736672037808
2024-08-04 22:30:00,49.39061996666666,64.25448141666666,58.498913,9.108292844612635
2024-08-04 23:00:00,57.75634251666667,59.626464983333335,54.642788,-3.113554583317061
2024-08-04 23:30:00,52.65749896666667,58.61319063333334,52.62437,-0.03312839171550053
2024-08-05 00:00:00,49.94400061666667,53.83299815,50.03172,0.08771859109700131
2024-08-05 00:30:00,44.54604338333333,48.77897381666667,46.330776,1.7847328312662825
2024-08-05 01:00:00,38.668524383333335,52.04521548333333,44.28198,5.6134542238444
2024-08-05 01:30:00,35.17469153333334,50.570467916666665,40.696133,5.521441126578772
2024-08-05 02:00:00,31.91053165,41.57758288333333,38.696117,6.7855857511230475
2024-08-05 02:30:00,31.04579753333333,39.38082671666667,35.007015,3.961217694938153
2024-08-05 03:00:00,26.097058333333333,38.73190396666666,33.751568,7.654509507242839
2024-08-05 03:30:00,27.53541545,40.90415453333333,33.0771,5.541683396435548
2024-08-05 04:00:00,28.799678916666668,41.38317716666666,34.314068,5.514388923909504
2024-08-05 04:30:00,29.862903466666666,40.6586589,36.63026,6.767357000862631
2024-08-05 05:00:00,32.580022666666665,47.601340533333335,42.61964,10.039617683675132
2024-08-05 05:30:00,31.938468366666665,40.27635506666667,50.3063,18.367832750276694
2024-08-05 06:00:00,45.7631011,47.33952785,56.174145,10.411043644873047
2024-08-05 06:30:00,47.56808665,48.77028666666666,59.05528,11.487192128076174
2024-08-05 07:00:00,49.09925733333333,46.85010363333333,56.707806,7.608548300211595
2024-08-05 07:30:00,53.4483126,41.531292283333336,48.665188,-4.783124764306642
2024-08-05 08:00:00,48.05905681666667,36.2120335,34.652996,-13.406060753434247
2024-08-05 08:30:00,43.337722766666666,13.14246955,16.65794,-26.679782855777994
2024-08-05 09:00:00,30.12410601666667,-2.4695043500000016,-6.9135017,-37.037607756168626
2024-08-05 09:30:00,18.440673550000003,-31.83872225,-34.07233,-52.513004024853515
2024-08-05 10:00:00,-5.552460016666667,-54.051847,-59.379505,-53.82704514080404
2024-08-05 10:30:00,-17.635224983333334,-80.45823781666667,-80.008514,-62.373289420963545
2024-08-05 11:00:00,-33.275051733333335,-91.38246845,-98.22942,-64.95437178961589
2024-08-05 11:30:00,-43.11573901666666,-93.9079201,-107.90602,-64.79028210149741
2024-08-05 12:00:00,-71.22678775,-79.92311003333333,-116.22762,-45.000835235839844
2024-08-05 12:30:00,-102.26666776666669,-63.82990885,-113.56461,-11.29794557561847
2024-08-05 13:00:00,-100.04533441666666,-63.97205273333333,-108.75218,-8.706847590169275
2024-08-05 13:30:00,-90.37122115,-57.797709950000005,-99.08804,-8.716822062890628
2024-08-05 14:00:00,-76.83704888333334,-46.5628382,-84.24789,-7.4108377743815055
2024-08-05 14:30:00,-60.11798276666667,-40.77363055,-63.6648,-3.5468159699055946
2024-08-05 15:00:00,-52.83000518333333,-31.92941573333333,-43.075764,9.754241480940749
2024-08-05 15:30:00,-16.11089775,-12.89438615,-19.295994,-3.185096054931641
2024-08-05 16:00:00,-0.1320795833333342,26.835629033333333,5.146969,5.279048424886069
2024-08-05 16:30:00,26.2580738,43.84251663333333,25.574505,-0.6835689477050764
2024-08-05 17:00:00,54.30440228333333,54.66312335,46.28004,-8.024361542366535
2024-08-05 17:30:00,63.71093783333333,61.85870455,62.632442,-1.0784953589680981
2024-08-05 18:00:00,71.59800248333333,60.69797385,75.19095,3.5929460029947933
2024-08-05 18:30:00,76.91873885,57.24463343333333,80.31189,3.393150798437503
2024-08-05 19:00:00,80.61604338333333,63.98622225,82.23809,1.6220471318033844
2024-08-05 19:30:00,83.59395160000001,65.15134435,78.94902,-4.644931214257824
2024-08-05 20:00:00,81.41586235,70.03070778333334,74.806915,-6.608947066796873
2024-08-05 20:30:00,78.885688,71.54598495,71.3627,-7.522986583984377
2024-08-05 21:00:00,68.92247908333333,67.56309931666667,66.60719,-2.3152860901692662
2024-08-05 21:30:00,66.42883841666666,64.00026848333333,61.188152,-5.240686103434243
2024-08-05 22:00:00,59.19312395,55.01837813333333,57.930645,-1.2624789609863285
2024-08-05 22:30:00,52.59726496666667,49.39061996666666,52.52789,-0.0693757149576868
2024-08-05 23:00:00,54.46819766666667,57.75634251666667,50.629894,-3.8383034100748716
2024-08-05 23:30:00,50.63057015,52.65749896666667,49.36796,-1.262608266455075
2024-08-06 00:00:00,55.17800118333333,49.94400061666667,47.168484,-8.00951744920247
2024-08-06 00:30:00,51.57569225,44.54604338333333,46.451153,-5.124539448486331
2024-08-06 01:00:00,46.81539348333333,38.668524383333335,44.53944,-2.275953328304034
2024-08-06 01:30:00,36.624162166666665,35.17469153333334,40.415173,3.7910104102376323
2024-08-06 02:00:00,34.85319821666667,31.91053165,37.976894,3.12369616199544
2024-08-06 02:30:00,34.41893725,31.04579753333333,32.63722,-1.7817187746582022
2024-08-06 03:00:00,33.53112281666667,26.097058333333333,29.84045,-3.6906725298014322
2024-08-06 03:30:00,34.69877546666667,27.53541545,29.955517,-4.743258651481121
2024-08-06 04:00:00,37.06463428333333,28.799678916666668,30.281765,-6.782869299202474
2024-08-06 04:30:00,38.61488108333334,29.862903466666666,34.55218,-4.062699839436853
2024-08-06 05:00:00,34.837862333333334,32.580022666666665,38.456234,3.6183716449381507
2024-08-06 05:30:00,40.209218883333335,31.938468366666665,45.92085,5.711629963102212
2024-08-06 06:00:00,44.9836006,45.7631011,53.024807,8.041206376318357
2024-08-06 06:30:00,52.1836429,47.56808665,58.513226,6.3295826554199195
2024-08-06 07:00:00,51.59300166666667,49.09925733333333,56.80232,5.209316906331374
2024-08-06 07:30:00,55.5676455,53.4483126,51.723232,-3.844413230712888
2024-08-06 08:00:00,46.758423916666665,48.05905681666667,37.91757,-8.840855709879555
2024-08-06 08:30:00,10.948156916666669,43.337722766666666,19.047787,8.099629795979816
2024-08-06 09:00:00,-24.37126448333333,30.12410601666667,-2.5454292,21.825835253597003
2024-08-06 09:30:00,-53.014521566666666,18.440673550000003,-27.343128,25.671393362320963
2024-08-06 10:00:00,-87.16074238333334,-5.552460016666667,-49.553257,37.60748539480795
2024-08-06 10:30:00,-114.86241605,-17.635224983333334,-67.95062,46.91179349140624
2024-08-06 11:00:00,-127.0661708,-33.275051733333335,-80.96324,46.10292922285156
2024-08-06 11:30:00,-129.1413084,-43.11573901666666,-91.38116,37.760151478613295
2024-08-06 12:00:00,-124.0702896,-71.22678775,-98.25184,25.818450915917964
2024-08-06 12:30:00,-130.77044718333337,-102.26666776666669,-100.65044,30.120010781966187
2024-08-06 13:00:00,-131.23427236666666,-100.04533441666666,-97.55461,33.67966116061197
2024-08-06 13:30:00,-124.10496655,-90.37122115,-90.24404,33.86092510712891
2024-08-06 14:00:00,-106.01939335,-76.83704888333334,-76.00088,30.018515969628908
2024-08-06 14:30:00,-98.02902331666668,-60.11798276666667,-58.609364,39.41965976075848
2024-08-06 15:00:00,-65.15139331666667,-52.83000518333333,-40.29137,24.860022924820967
2024-08-06 15:30:00,-46.47356451666667,-16.11089775,-20.409336,26.06422842657878
2024-08-06 16:00:00,-13.0379049,-0.1320795833333342,0.72886276,13.766767662451171
2024-08-06 16:30:00,15.313975833333332,26.2580738,21.381557,6.067581631266277
2024-08-06 17:00:00,36.30003835,54.30440228333333,41.719296,5.419257151708983
2024-08-06 17:30:00,56.75336618333333,63.71093783333333,59.756725,3.00335912794597
2024-08-06 18:00:00,73.38097818333334,71.59800248333333,70.047775,-3.333202914778653
2024-08-06 18:30:00,75.93597278333333,76.91873885,75.90619,-0.029783818489576674
2024-08-06 19:00:00,74.13771535,80.61604338333333,78.87898,4.741267193945319
2024-08-06 19:30:00,77.46882335,83.59395160000001,78.72774,1.2589140767578186
2024-08-06 20:00:00,73.98318118333333,81.41586235,74.58168,0.5984991145182335
2024-08-06 20:30:00,68.44842735,78.885688,70.58081,2.132383196874997
2024-08-06 21:00:00,61.736038416666666,68.92247908333333,64.2065,2.4704587757161462
2024-08-06 21:30:00,59.94675,66.42883841666666,62.272655,2.3259054870605453
2024-08-06 22:00:00,55.58823213333333,59.19312395,59.316525,3.7282923722819064
2024-08-06 22:30:00,48.930759916666666,52.59726496666667,56.988323,8.057563295003256
2024-08-06 23:00:00,54.97747126666667,54.46819766666667,53.85966,-1.1178101643717469
2024-08-06 23:30:00,41.798229883333335,50.63057015,51.155148,9.3569176691569
2024-08-07 00:00:00,41.34131048333333,55.17800118333333,47.403957,6.062646883610029
2024-08-07 00:30:00,38.71416601666667,51.57569225,44.66122,5.947054533870443
2024-08-07 01:00:00,37.82611116666666,46.81539348333333,41.311764,3.485652596761078
2024-08-07 01:30:00,33.4840606,36.624162166666665,40.100384,6.6163231585449225
2024-08-07 02:00:00,31.824969316666667,34.85319821666667,37.607845,5.782875989729817
2024-08-07 02:30:00,32.61781275,34.41893725,34.904995,2.2871822145996106
2024-08-07 03:00:00,34.257778316666666,33.53112281666667,33.40919,-0.8485871850748694
2024-08-07 03:30:00,38.963984933333336,34.69877546666667,31.813534,-7.1504511503743515
2024-08-07 04:00:00,37.4204422,37.06463428333333,34.925472,-2.494969940478512
2024-08-07 04:30:00,33.7205049,38.61488108333334,37.707287,3.986781934716795
2024-08-07 05:00:00,32.650596533333335,34.837862333333334,40.462063,7.811466302360024
2024-08-07 05:30:00,36.14624453333334,40.209218883333335,50.179577,14.03333234044596
2024-08-07 06:00:00,40.55404163333333,44.9836006,58.695522,18.141480675016282
2024-08-07 06:30:00,50.1313683,52.1836429,61.3894,11.258032182177736
2024-08-07 07:00:00,56.7668317,51.59300166666667,58.922832,2.1560007890136745
2024-08-07 07:30:00,51.28646176666667,55.5676455,52.24609,0.9596281686360655
2024-08-07 08:00:00,30.7260187,46.758423916666665,39.70065,8.974630561474608
2024-08-07 08:30:00,-4.000966066666668,10.948156916666669,22.460155,26.461121553727214
2024-08-07 09:00:00,-40.4722171,-24.37126448333333,1.5375786,42.009795682763674
2024-08-07 09:30:00,-62.86537495,-53.014521566666666,-24.24921,38.61616459233399
2024-08-07 10:00:00,-86.70321081666667,-87.16074238333334,-50.940357,35.762853608414716
2024-08-07 10:30:00,-105.40018801666668,-114.86241605,-71.475204,33.92498354889324
2024-08-07 11:00:00,-125.93767058333331,-127.0661708,-88.18703,37.75064360579425
2024-08-07 11:30:00,-149.00094685,-129.1413084,-99.71618,49.28476795595702
2024-08-07 12:00:00,-157.719224,-124.0702896,-107.642334,50.076890015625
2024-08-07 12:30:00,-151.75639893333332,-130.77044718333337,-110.977135,40.77926422874347
2024-08-07 13:00:00,-146.31386175,-131.23427236666666,-108.26677,38.04709234082031
2024-08-07 13:30:00,-138.94601005,-124.10496655,-100.40666,38.539348062695325
2024-08-07 14:00:00,-122.42087278333334,-106.01939335,-88.580315,33.84055814710287
2024-08-07 14:30:00,-106.00617008333334,-98.02902331666668,-73.62627,32.37990360384116
2024-08-07 15:00:00,-78.55582798333333,-65.15139331666667,-55.081257,23.474571116878252
2024-08-07 15:30:00,-52.57600876666667,-46.47356451666667,-32.265476,20.310532539860027
2024-08-07 16:00:00,-17.909842866666665,-13.0379049,-9.024815,8.885028260953774
2024-08-07 16:30:00,13.215527766666668,15.313975833333332,15.853939,2.6384112897298166
2024-08-07 17:00:00,32.362121083333335,36.30003835,38.1497,5.787579081461587
2024-08-07 17:30:00,55.2111742,56.75336618333333,55.358562,0.1473882694824198
2024-08-07 18:00:00,66.26155446666667,73.38097818333334,69.90346,3.641903174934896
2024-08-07 18:30:00,73.68829118333333,75.93597278333333,77.80875,4.120455154557291
2024-08-07 19:00:00,67.9209159,74.13771535,81.61382,13.692907037011722
2024-08-07 19:30:00,71.2533156,77.46882335,80.04984,8.796527234472663
2024-08-07 20:00:00,82.31549843333333,73.98318118333333,77.001656,-5.3138428547200505
2024-08-07 20:30:00,82.72095156666667,68.44842735,72.9869,-9.734051237076827
2024-08-07 21:00:00,77.26924503333333,61.736038416666666,65.64714,-11.622104530403647
2024-08-07 21:30:00,73.85900615,59.94675,61.218685,-12.640320999853515
2024-08-07 22:00:00,72.64793236666667,55.58823213333333,56.628536,-16.01939614230143
2024-08-07 22:30:00,52.21585278333333,48.930759916666666,51.88563,-0.3302212220540355
2024-08-07 23:00:00,51.371308766666665,54.97747126666667,48.963375,-2.407933675113931
2024-08-07 23:30:00,48.72321693333333,41.798229883333335,46.670605,-2.0526122275227863
2024-08-08 00:00:00,49.08870595,41.34131048333333,44.687786,-4.400919847705076
2024-08-08 00:30:00,46.9735738,38.71416601666667,43.104504,-3.8690701684082
2024-08-08 01:00:00,45.96615596666667,37.82611116666666,42.141018,-3.8251380528483097
2024-08-08 01:30:00,41.843203466666665,33.4840606,39.636745,-2.206458013785806
2024-08-08 02:00:00,36.90480958333334,31.824969316666667,36.262936,-0.6418739449056048
2024-08-08 02:30:00,34.03063773333333,32.61781275,31.276608,-2.7540302199055944
2024-08-08 03:00:00,35.18025838333333,34.257778316666666,30.404903,-4.775354971468097
2024-08-08 03:30:00,36.24726188333333,38.963984933333336,29.048153,-7.199108959749346
2024-08-08 04:00:00,37.08720341666666,37.4204422,30.66624,-6.420962724527989
2024-08-08 04:30:00,37.33219505,33.7205049,33.48109,-3.851104504345706
2024-08-08 05:00:00,39.89523976666667,32.650596533333335,37.789257,-2.105982717106123
2024-08-08 05:30:00,36.58102618333333,36.14624453333334,45.711056,9.130029572281906
2024-08-08 06:00:00,46.6085016,40.55404163333333,51.797436,5.18893416049805
2024-08-08 06:30:00,52.646328933333336,50.1313683,54.038357,1.392027847672523
2024-08-08 07:00:00,60.94149045,56.7668317,52.65057,-8.290920534228519
2024-08-08 07:30:00,54.2805023,51.28646176666667,45.87689,-8.403614024853518
2024-08-08 08:00:00,38.7806489,30.7260187,34.022717,-4.757932377783206
2024-08-08 08:30:00,-2.089739900000001,-4.000966066666668,16.089336,18.179076295263673
2024-08-08 09:00:00,-27.404166016666665,-40.4722171,-7.8252296,19.578936371891274
2024-08-08 09:30:00,-45.41427868333333,-62.86537495,-34.45905,10.955229458479813
2024-08-08 10:00:00,-54.20317933333333,-86.70321081666667,-58.817966,-4.6147871278483095
2024-08-08 10:30:00,-75.74275123333334,-105.40018801666668,-81.60789,-5.865136034733069
2024-08-08 11:00:00,-94.32021155,-125.93767058333331,-100.67013,-6.3499163186523475
2024-08-08 11:30:00,-97.85241578333334,-149.00094685,-112.86745,-15.01503111608072
2024-08-08 12:00:00,-92.30669048333334,-157.719224,-120.555115,-28.24842426276041
2024-08-08 12:30:00,-86.85807011666667,-151.75639893333332,-122.75442,-35.89634730276693
2024-08-08 13:00:00,-84.22078775,-146.31386175,-116.2145,-31.993712677246094
2024-08-08 13:30:00,-66.91472788333333,-138.94601005,-108.41641,-41.5016844701823
2024-08-08 14:00:00,-58.66034055,-122.42087278333334,-97.0163,-38.35595583671875
2024-08-08 14:30:00,-58.98408878333333,-106.00617008333334,-77.85134,-18.867252464225267
2024-08-08 15:00:00,-46.10150678333333,-78.55582798333333,-55.615086,-9.513578818473313
2024-08-08 15:30:00,-18.71063881666667,-52.57600876666667,-30.61922,-11.908581916975908
2024-08-08 16:00:00,2.763878183333333,-17.909842866666665,-6.228321,-8.992199258772786
2024-08-08 16:30:00,25.506134966666668,13.215527766666668,15.904827,-9.601307848746746
2024-08-08 17:00:00,39.1388561,32.362121083333335,36.698513,-2.4403430689941388
2024-08-08 17:30:00,55.281097466666665,55.2111742,51.24661,-4.034488732535806
2024-08-08 18:00:00,57.97302966666667,66.26155446666667,65.120895,7.147865719075519
2024-08-08 18:30:00,68.3115955,73.68829118333333,74.54584,6.234241902343754
2024-08-08 19:00:00,76.70676105,67.9209159,77.33046,0.6236985447265653
2024-08-08 19:30:00,74.22275144999999,71.2533156,76.568474,2.345722365917979
2024-08-08 20:00:00,73.80163648333333,82.31549843333333,73.479614,-0.3220222255208256
2024-08-08 20:30:00,65.31572563333333,82.72095156666667,68.57085,3.255120924283858
2024-08-08 21:00:00,59.72878231666667,77.26924503333333,64.3983,4.669517854231771
2024-08-08 21:30:00,57.646976216666665,73.85900615,60.524136,2.877159372932944
2024-08-08 22:00:00,58.772809816666665,72.64793236666667,56.565075,-2.2077348960123686
2024-08-08 22:30:00,51.23779955,52.21585278333333,54.206234,2.968434428271486
2024-08-08 23:00:00,48.252162383333335,51.371308766666665,51.775906,3.5237432257975243
2024-08-08 23:30:00,42.52632261666667,48.72321693333333,50.33241,7.8060862883626285
2024-08-09 00:00:00,44.825287800000005,49.08870595,48.54205,3.716761607958979
2024-08-09 00:30:00,35.64172048333333,46.9735738,45.54452,9.90280084845378
2024-08-09 01:00:00,35.7966192,45.96615596666667,42.494213,6.697593904248045
2024-08-09 01:30:00,29.28416053333333,41.843203466666665,39.65086,10.36669929943034
2024-08-09 02:00:00,27.0984288,36.90480958333334,36.197567,9.099138186083984
2024-08-09 02:30:00,26.03737208333333,34.03063773333333,35.010036,8.972664385172529
2024-08-09 03:00:00,22.58007595,35.18025838333333,33.979626,11.399549751904296
2024-08-09 03:30:00,23.23201686666667,36.24726188333333,33.958843,10.726826364534503
2024-08-09 04:00:00,24.974953900000003,37.08720341666666,35.287792,10.312838305810544
2024-08-09 04:30:00,26.72818168333333,37.33219505,37.640514,10.912332690445968
2024-08-09 05:00:00,34.222792766666664,39.89523976666667,38.517788,4.294995166682945
2024-08-09 05:30:00,33.7451751,36.58102618333333,44.179684,10.434508585302737
2024-08-09 06:00:00,48.41040733333333,46.6085016,48.338177,-0.07223060603840992
2024-08-09 06:30:00,55.36053558333333,52.646328933333336,51.203167,-4.157368621663409
2024-08-09 07:00:00,45.71787625,60.94149045,50.468456,4.7505800183105436
2024-08-09 07:30:00,47.54873401666666,54.2805023,40.621975,-6.926759071598298
2024-08-09 08:00:00,33.186199949999995,38.7806489,26.256329,-6.9298713672363235
2024-08-09 08:30:00,-1.002465983333334,-2.089739900000001,6.5012627,7.503728648128256
2024-08-09 09:00:00,-26.621511716666664,-27.404166016666665,-17.601612,9.01989962560221
2024-08-09 09:30:00,-45.025788483333336,-45.41427868333333,-44.13381,0.8919803473470083
2024-08-09 10:00:00,-70.43246355000001,-54.20317933333333,-67.18707,3.2453907960937585
2024-08-09 10:30:00,-92.70086953333332,-75.74275123333334,-88.27894,4.421931239876287
2024-08-09 11:00:00,-106.6203807,-94.32021155,-103.24913,3.371250450976561
2024-08-09 11:30:00,-127.77943913333333,-97.85241578333334,-114.061745,13.71769444339192
2024-08-09 12:00:00,-136.87099615,-92.30669048333334,-119.51668,17.354318293554684
2024-08-09 12:30:00,-135.05752291666667,-86.85807011666667,-117.061905,17.995618009440108
2024-08-09 13:00:00,-138.45776945,-84.22078775,-111.73955,26.718221720507813
2024-08-09 13:30:00,-122.41564051666668,-66.91472788333333,-103.93134,18.484297438053403
2024-08-09 14:00:00,-110.59181781666666,-58.66034055,-92.16001,18.431806525162756
2024-08-09 14:30:00,-106.50804403333332,-58.98408878333333,-75.147736,31.360308437630195
2024-08-09 15:00:00,-79.68896651666667,-46.10150678333333,-53.18561,26.503354791813152
2024-08-09 15:30:00,-54.2000579,-18.71063881666667,-28.037724,26.16233435874023
2024-08-09 16:00:00,-27.27713718333333,2.763878183333333,-3.2841072,23.993029975081377
2024-08-09 16:30:00,-3.2309443666666677,25.506134966666668,19.953716,23.18466064474284
2024-08-09 17:00:00,19.362636166666665,39.1388561,36.81187,17.449234408284507
2024-08-09 17:30:00,35.881105733333335,55.281097466666665,53.072094,17.19098823028971
2024-08-09 18:00:00,46.16694678333334,57.97302966666667,64.28328,18.116332635611975
2024-08-09 18:30:00,59.30113851666667,68.3115955,70.25769,10.956551913020832
2024-08-09 19:00:00,51.05166355,76.70676105,75.43647,24.38480648173828
2024-08-09 19:30:00,46.01009118333334,74.22275144999999,76.2237,30.213610293717444
2024-08-09 20:00:00,47.84395888333333,73.80163648333333,72.24257,24.398610086393234
2024-08-09 20:30:00,58.50895461666666,65.31572563333333,67.99434,9.485384372591156
2024-08-09 21:00:00,65.71833853333334,59.72878231666667,64.4164,-1.3019414386067751
2024-08-09 21:30:00,60.43819185,57.646976216666665,61.378963,0.9407716204589818
2024-08-09 22:00:00,58.42510825,58.772809816666665,60.430798,2.005689326904296
2024-08-09 22:30:00,52.40601731666666,51.23779955,56.474224,4.068206773909509
2024-08-09 23:00:00,55.663822333333336,48.252162383333335,53.30354,-2.360283057210289
2024-08-09 23:30:00,53.51729766666667,42.52632261666667,49.678646,-3.838651579020187
2024-08-10 00:00:00,48.52400518333334,44.825287800000005,47.532604,-0.9914009658040399
2024-08-10 00:30:00,45.53615163333333,35.64172048333333,43.781933,-1.7542188025227858
2024-08-10 01:00:00,37.34833271666667,35.7966192,42.21127,4.862936661995441
2024-08-10 01:30:00,30.79110715,29.28416053333333,40.331585,9.540477780419923
2024-08-10 02:00:00,29.703034650000003,27.0984288,36.74467,7.041636217919919
2024-08-10 02:30:00,27.81228935,26.03737208333333,33.04768,5.2353905511230465
2024-08-10 03:00:00,27.2165599,22.58007595,30.672497,3.455936895654297
2024-08-10 03:30:00,33.07110466666666,23.23201686666667,29.301434,-3.7696711034342414
2024-08-10 04:00:00,30.71688041666667,24.974953900000003,28.393993,-2.322887038981122
2024-08-10 04:30:00,33.55028818333333,26.72818168333333,29.566525,-3.9837636777180947
2024-08-10 05:00:00,32.863006866666666,34.222792766666664,31.633465,-1.229542053434244
2024-08-10 05:30:00,32.6355184,33.7451751,40.254345,7.618826540185545
2024-08-10 06:00:00,39.0461262,48.41040733333333,47.21327,8.167142080029294
2024-08-10 06:30:00,45.16039998333333,55.36053558333333,53.273006,8.112606455875657
2024-08-10 07:00:00,42.68057276666667,45.71787625,51.044827,8.364253740901688
2024-08-10 07:30:00,42.20202115,47.54873401666666,41.695446,-0.5065751355957033
2024-08-10 08:00:00,21.73677598333333,33.186199949999995,28.768673,7.031896959781903
2024-08-10 08:30:00,0.3523189333333336,-1.002465983333334,10.394131,10.041811773453777
2024-08-10 09:00:00,-25.5362413,-26.621511716666664,-14.2271,11.309140927685547
2024-08-10 09:30:00,-66.30798281666667,-45.025788483333336,-38.794437,27.5135454082194
2024-08-10 10:00:00,-93.09781745,-70.43246355000001,-60.61182,32.48599722905273
2024-08-10 10:30:00,-113.974226,-92.70086953333332,-80.99878,32.975446703125
2024-08-10 11:00:00,-129.92023771666666,-106.6203807,-97.7912,32.12903898619791
2024-08-10 11:30:00,-145.29976845000002,-127.77943913333333,-110.98079,34.318979265429704
2024-08-10 12:00:00,-145.53364613333335,-136.87099615,-119.36195,26.171692397981786
2024-08-10 12:30:00,-142.16744998333334,-135.05752291666667,-121.25046,20.916992219661466
2024-08-10 13:00:00,-136.32168053333334,-138.45776945,-118.514015,17.80766533557943
2024-08-10 13:30:00,-138.10007678333332,-122.41564051666668,-108.705505,29.39457141223957
2024-08-10 14:00:00,-121.8620332,-110.59181781666666,-94.57182,27.29021007988281
2024-08-10 14:30:00,-102.73055798333333,-106.50804403333332,-77.363495,25.367063110286452
2024-08-10 15:00:00,-82.78577818333333,-79.68896651666667,-56.464542,26.32123579441732
2024-08-10 15:30:00,-58.94781115,-54.2000579,-34.31647,24.631340050146484
2024-08-10 16:00:00,-34.992157266666666,-27.27713718333333,-12.373829,22.618328378727213
2024-08-10 16:30:00,-11.553100550000002,-3.2309443666666677,8.905407,20.4585075019043
2024-08-10 17:00:00,16.094381083333335,19.362636166666665,29.582424,13.488043080485024
2024-08-10 17:30:00,37.588964483333335,35.881105733333335,45.752956,8.163991907047524
2024-08-10 18:00:00,43.65193991666666,46.16694678333334,56.838314,13.186374139729821
2024-08-10 18:30:00,40.378617866666666,59.30113851666667,65.67372,25.295103446809897
2024-08-10 19:00:00,42.51086655,51.05166355,69.70055,27.189679714648435
2024-08-10 19:30:00,48.48056166666667,46.01009118333334,68.61128,20.130720681966146
2024-08-10 20:00:00,51.56821316666667,47.84395888333333,63.959957,12.391743956136061
2024-08-10 20:30:00,62.05893331666667,58.50895461666666,59.616848,-2.4420853247233083
2024-08-10 21:00:00,62.53072578333334,65.71833853333334,56.48724,-6.043485945686854
2024-08-10 21:30:00,55.81228506666667,60.43819185,54.675274,-1.137011171402996
2024-08-10 22:00:00,53.18563556666667,58.42510825,52.76472,-0.4209146499186218
2024-08-10 22:30:00,45.66678161666667,52.40601731666666,50.704174,5.037392425081379
2024-08-10 23:00:00,47.725803383333336,55.663822333333336,47.432064,-0.29373932693685134
2024-08-10 23:30:00,45.53483666666667,53.51729766666667,46.380627,0.8457900118001263
2024-08-11 00:00:00,40.50418625,48.52400518333334,44.179012,3.674826048583988
2024-08-11 00:30:00,38.00928045,45.53615163333333,40.019802,2.010521643505861
2024-08-11 01:00:00,32.93745395,37.34833271666667,37.977703,5.040249144482424
2024-08-11 01:30:00,33.68641398333333,30.79110715,35.172604,1.4861896238444032
2024-08-11 02:00:00,36.920494483333336,29.703034650000003,32.21995,-4.700542853694664
2024-08-11 02:30:00,33.34645906666667,27.81228935,29.64355,-3.7029081938639337
2024-08-11 03:00:00,30.693871716666667,27.2165599,27.753704,-2.940167645621745
2024-08-11 03:30:00,26.01193745,33.07110466666666,27.900402,1.8884646190917955
2024-08-11 04:00:00,27.82137751666667,30.71688041666667,29.075665,1.2542870035970033
2024-08-11 04:30:00,27.266508416666667,33.55028818333333,30.849651,3.5831429200032545
2024-08-11 05:00:00,26.604671166666662,32.863006866666666,34.499004,7.8943331973470094
2024-08-11 05:30:00,30.49949566666667,32.6355184,42.013226,11.51372988875325
2024-08-11 06:00:00,37.43299776666667,39.0461262,47.315304,9.882306035823568
2024-08-11 06:30:00,49.52995498333333,45.16039998333333,47.7792,-1.7507534757649736
2024-08-11 07:00:00,37.87082273333333,42.68057276666667,45.50584,7.635017568180345
2024-08-11 07:30:00,29.87760408333333,42.20202115,39.233913,9.356309338297528
2024-08-11 08:00:00,12.179929066666666,21.73677598333333,28.053936,15.874006937972005
2024-08-11 08:30:00,-13.506391683333334,0.3523189333333336,10.117382,23.62377373289388
2024-08-11 09:00:00,-39.492074333333335,-25.5362413,-11.280003,28.212071739339194
2024-08-11 09:30:00,-67.48015261666667,-66.30798281666667,-37.510746,29.969406614469406
2024-08-11 10:00:00,-87.20625285,-93.09781745,-62.619144,24.587108410302733
2024-08-11 10:30:00,-103.09870176666668,-113.974226,-84.48129,18.617409042057304
2024-08-11 11:00:00,-123.2521317,-129.92023771666666,-103.16134,20.090792893847663
2024-08-11 11:30:00,-139.81734673333332,-145.29976845000002,-114.87687,24.940477531673167
2024-08-11 12:00:00,-133.3925107,-145.53364613333335,-122.93619,10.456322955859378
2024-08-11 12:30:00,-149.5275318,-142.16744998333334,-125.289055,24.238476929394523
2024-08-11 13:00:00,-142.88569726666665,-136.32168053333334,-120.76104,22.124657532779935
2024-08-11 13:30:00,-131.09192718333333,-138.10007678333332,-112.9537,18.13822997874348
2024-08-11 14:00:00,-114.29638491666668,-121.8620332,-102.435814,11.860571012858088
2024-08-11 14:30:00,-107.60236993333336,-102.73055798333333,-84.79872,22.8036486198568
2024-08-11 15:00:00,-85.00446381666667,-82.78577818333333,-63.777225,21.227238322281906
2024-08-11 15:30:00,-53.34913948333334,-58.94781115,-41.21944,12.12969902312826
2024-08-11 16:00:00,-32.21584956666667,-34.992157266666666,-18.399052,13.816797900406904
2024-08-11 16:30:00,-0.8733122333333334,-11.553100550000002,3.838192,4.711504219417318
2024-08-11 17:00:00,16.981470133333335,16.094381083333335,24.106686,7.125215505094399
2024-08-11 17:30:00,39.038485650000005,37.588964483333335,42.21435,3.175866004052729
2024-08-11 18:00:00,46.77804878333333,43.65193991666666,56.159115,9.381066054313152
2024-08-11 18:30:00,49.76519068333334,40.378617866666666,63.12335,13.358157552750647
2024-08-11 19:00:00,45.665041933333335,42.51086655,67.09012,21.42507647486979
2024-08-11 19:30:00,51.6103932,48.48056166666667,65.649826,14.03943284980469
2024-08-11 20:00:00,48.86759936666667,51.56821316666667,63.33511,14.467510344026692
2024-08-11 20:30:00,53.255919983333335,62.05893331666667,60.7801,7.524181792789712
2024-08-11 21:00:00,58.55274881666667,62.53072578333334,57.649197,-0.903552191910812
2024-08-11 21:30:00,57.919659816666666,55.81228506666667,54.91876,-3.0009014243326817
2024-08-11 22:00:00,49.79442333333333,53.18563556666667,51.37138,1.5769565189615946
2024-08-11 22:30:00,45.452806083333336,45.66678161666667,49.396847,3.9440406879068988
2024-08-11 23:00:00,43.10648045,47.725803383333336,48.725857,5.61937633100586
2024-08-11 23:30:00,41.10120116666667,45.53483666666667,46.69476,5.593558202229815
2024-08-12 00:00:00,40.14679791666666,40.50418625,43.515118,3.3683197285970152
2024-08-12 00:30:00,32.994377766666666,38.00928045,39.779095,6.784716929378256
2024-08-12 01:00:00,33.308259,32.93745395,37.31184,4.003581057373047
2024-08-12 01:30:00,28.04993845,33.68641398333333,34.850857,6.80091833100586
2024-08-12 02:00:00,28.12577948333333,36.920494483333336,34.254818,6.129038479313156
2024-08-12 02:30:00,24.90903675,33.34645906666667,32.305355,7.396318322021486
2024-08-12 03:00:00,26.234538416666663,30.693871716666667,29.70988,3.4753424121907592
2024-08-12 03:30:00,25.321402366666664,26.01193745,26.838375,1.5169727248860703
2024-08-12 04:00:00,26.956480483333333,27.82137751666667,26.955135,-0.0013451378743489784
2024-08-12 04:30:00,29.46327825,27.266508416666667,28.526333,-0.936945394775389
2024-08-12 05:00:00,27.903007833333334,26.604671166666662,30.954601,3.0515934545084633
2024-08-12 05:30:00,31.03100123333333,30.49949566666667,36.2431,5.212097979313153
2024-08-12 06:00:00,42.67276181666667,37.43299776666667,42.921703,0.2489415219563753
2024-08-12 06:30:00,49.64540555,49.52995498333333,46.07072,-3.5746848773925777
2024-08-12 07:00:00,45.238261566666665,37.87082273333333,45.27812,0.03985656687825667
2024-08-12 07:30:00,41.6545519,29.87760408333333,37.443813,-4.210738576025392
2024-08-12 08:00:00,23.409252166666665,12.179929066666666,22.849728,-0.5595245360514305
2024-08-12 08:30:00,-0.1220833833333324,-13.506391683333334,3.185421,3.307504373323567
2024-08-12 09:00:00,-38.529529583333336,-39.492074333333335,-20.444294,18.085235607503257
2024-08-12 09:30:00,-50.886044383333335,-67.48015261666667,-49.451847,1.4341973069173193
2024-08-12 10:00:00,-66.68802043333334,-87.20625285,-73.12764,-6.439619337174477
2024-08-12 10:30:00,-78.33304121666667,-103.09870176666668,-93.32836,-14.995320294563797
2024-08-12 11:00:00,-84.70740373333332,-123.2521317,-110.04694,-25.33953993121746
2024-08-12 11:30:00,-82.2123767,-139.81734673333332,-121.228424,-39.01604737226563
2024-08-12 12:00:00,-86.73687986666668,-133.3925107,-129.94208,-43.20519777005207
2024-08-12 12:30:00,-89.7700444,-149.5275318,-131.35849,-41.58844559023437
2024-08-12 13:00:00,-92.40841278333332,-142.88569726666665,-128.4776,-36.06918731432293
2024-08-12 13:30:00,-84.23724498333333,-131.09192718333333,-120.23928,-36.00203571735027
2024-08-12 14:00:00,-72.45312451666668,-114.29638491666668,-107.20528,-34.752151972591136
2024-08-12 14:30:00,-48.11128818333333,-107.60236993333336,-90.517456,-42.40616787135417
2024-08-12 15:00:00,-32.87208781666667,-85.00446381666667,-68.925705,-36.05361713938802
2024-08-12 15:30:00,-21.221377383333333,-53.34913948333334,-47.613575,-26.39219759835612
2024-08-12 16:00:00,-5.037677016666667,-32.21584956666667,-24.758778,-19.721100601741536
2024-08-12 16:30:00,8.676627916666666,-0.8733122333333334,-2.2375221,-10.914150041910807
2024-08-12 17:00:00,30.63531096666667,16.981470133333335,17.982586,-12.652725059684247
2024-08-12 17:30:00,46.53248385,39.038485650000005,35.3119,-11.220582757470702
2024-08-12 18:00:00,55.150837216666666,46.77804878333333,49.681606,-5.469230923942057
2024-08-12 18:30:00,62.1434194,49.76519068333334,59.00456,-3.138860836767577
2024-08-12 19:00:00,59.99290051666667,45.665041933333335,61.71487,1.7219699362141867
2024-08-12 19:30:00,58.668216066666666,51.6103932,62.6759,4.007683438948568
2024-08-12 20:00:00,57.160846283333335,48.86759936666667,60.256298,3.095451781852212
2024-08-12 20:30:00,52.173914033333325,53.255919983333335,59.02676,6.852846067985034
2024-08-12 21:00:00,53.40474551666667,58.55274881666667,56.525524,3.1207786227376246
2024-08-12 21:30:00,47.74425613333333,57.919659816666666,53.246914,5.502657776578779
2024-08-12 22:00:00,40.72272445,49.79442333333333,51.223873,10.501148688427733
2024-08-12 22:30:00,35.564522583333336,45.452806083333336,48.687954,13.123431365641274
2024-08-12 23:00:00,37.38419386666667,43.10648045,45.95605,8.571857006136064
2024-08-12 23:30:00,39.93698895,41.10120116666667,43.88014,3.943149447216797
2024-08-13 00:00:00,38.35361116666667,40.14679791666666,41.848507,3.4948957608235673
2024-08-13 00:30:00,33.79823671666667,32.994377766666666,38.770077,4.971840035042312
2024-08-13 01:00:00,30.1302405,33.308259,36.653408,6.52316755053711
2024-08-13 01:30:00,27.500674516666663,28.04993845,34.610897,7.110222547542321
2024-08-13 02:00:00,25.37496446666667,28.12577948333333,33.057873,7.682908305550129
2024-08-13 02:30:00,28.43236188333333,24.90903675,29.347912,0.9155499513834684
2024-08-13 03:00:00,25.32930616666667,26.234538416666663,28.571331,3.242024857503253
2024-08-13 03:30:00,26.77205208333333,25.321402366666664,27.40643,0.6343772074381526
2024-08-13 04:00:00,30.64700686666667,26.956480483333333,28.484493,-2.162513611051434
2024-08-13 04:30:00,27.6715696,29.46327825,31.360348,3.688778147802733
2024-08-13 05:00:00,28.706668816666667,27.903007833333334,34.631573,5.924903906722005
2024-08-13 05:30:00,25.93298223333333,31.03100123333333,37.484173,11.551190587711591
2024-08-13 06:00:00,36.896516616666666,42.67276181666667,43.80949,6.912973587190756
2024-08-13 06:30:00,41.64457951666667,49.64540555,47.735973,6.09139384148763
2024-08-13 07:00:00,46.87596551666667,45.238261566666665,46.251385,-0.6245807815592457
2024-08-13 07:30:00,45.83286998333333,41.6545519,38.226116,-7.60675380291341
2024-08-13 08:00:00,39.71397988333333,23.409252166666665,23.172695,-16.54128472342122
2024-08-13 08:30:00,7.952200633333331,-0.1220833833333324,4.1574516,-3.794749003694659
2024-08-13 09:00:00,-27.03716845,-38.529529583333336,-23.579456,3.4577121206542962
2024-08-13 09:30:00,-46.07928505,-50.886044383333335,-50.668125,-4.588840102587888
2024-08-13 10:00:00,-59.26300560000001,-66.68802043333334,-73.38934,-14.126337661718743
2024-08-13 10:30:00,-70.81784001666666,-78.33304121666667,-94.52305,-23.70520838421224
2024-08-13 11:00:00,-74.0101272,-84.70740373333332,-112.51528,-38.505154477246094
2024-08-13 11:30:00,-81.26433736666667,-82.2123767,-123.24922,-41.984884435091146
2024-08-13 12:00:00,-89.53129145000001,-86.73687986666668,-127.76204,-38.2307477345703
2024-08-13 12:30:00,-92.60347568333331,-89.7700444,-127.82996,-35.226488000748716
2024-08-13 13:00:00,-91.33103833333332,-92.40841278333332,-122.164276,-30.83323778971355
2024-08-13 13:30:00,-75.79026573333333,-84.23724498333333,-113.58968,-37.799417799381516
2024-08-13 14:00:00,-59.458482116666666,-72.45312451666668,-100.839554,-41.38107171634115
2024-08-13 14:30:00,-52.15314125,-48.11128818333333,-82.59178,-30.43864036621094
2024-08-13 15:00:00,-46.71196033333333,-32.87208781666667,-63.220387,-16.508426171793623
2024-08-13 15:30:00,-28.4130511,-21.221377383333333,-41.3131,-12.900047807470703
2024-08-13 16:00:00,-14.775993883333332,-5.037677016666667,-16.63387,-1.8578752878092466
2024-08-13 16:30:00,11.257729316666667,8.676627916666666,3.6424217,-7.615307594254558
2024-08-13 17:00:00,30.27943068333333,30.63531096666667,24.0937,-6.185730274397784
2024-08-13 17:30:00,49.0134751,46.53248385,40.391598,-8.621877352197266
2024-08-13 18:00:00,56.22099045,55.150837216666666,52.708706,-3.512284547900393
2024-08-13 18:30:00,59.54072598333334,62.1434194,60.328976,0.7882496941568959
2024-08-13 19:00:00,54.095459516666665,59.99290051666667,65.65381,11.558349077083335
2024-08-13 19:30:00,50.87260898333333,58.668216066666666,65.867905,14.995295679752608
2024-08-13 20:00:00,50.183945,57.160846283333335,63.47163,13.287685096435546
2024-08-13 20:30:00,46.32153386666667,52.173914033333325,59.994213,13.672679237581377
2024-08-13 21:00:00,47.89696231666667,53.40474551666667,54.68603,6.789069024886068
2024-08-13 21:30:00,40.76576495,47.74425613333333,50.633556,9.8677914159668
2024-08-13 22:00:00,44.63438296666666,40.72272445,48.71774,4.083356138557953
2024-08-13 22:30:00,36.92949435,35.564522583333336,46.291042,9.36154797788086
2024-08-13 23:00:00,37.47181066666667,37.38419386666667,43.483395,6.011583956136064
2024-08-13 23:30:00,41.86568405,39.93698895,43.282085,1.4164013687011732
2024-08-14 00:00:00,40.293762883333336,38.35361116666667,40.57075,0.27698830685221054
2024-08-14 00:30:00,39.17433618333333,33.79823671666667,36.96571,-2.208626497054034
2024-08-14 01:00:00,32.284166666666664,30.1302405,34.01295,1.7287842305501329
2024-08-14 01:30:00,27.266487233333333,27.500674516666663,30.990154,3.723667033024089
2024-08-14 02:00:00,26.266150166666662,25.37496446666667,27.239254,0.973103831136072
2024-08-14 02:30:00,25.06311885,28.43236188333333,24.772,-0.29111949086913924
2024-08-14 03:00:00,24.72687953333333,25.32930616666667,24.871746,0.14486652989909032
2024-08-14 03:30:00,26.636341583333333,26.77205208333333,23.370373,-3.2659688111165366
2024-08-14 04:00:00,27.6780864,30.64700686666667,24.257229,-3.420857548681642
2024-08-14 04:30:00,28.378736616666668,27.6715696,28.46214,0.08340251297200396
2024-08-14 05:00:00,31.471030566666663,28.706668816666667,31.648693,0.1776625180501341
2024-08-14 05:30:00,34.85707956666667,25.93298223333333,38.993893,4.136813103011065
2024-08-14 06:00:00,39.3156371,36.896516616666666,46.399822,7.084185135107425
2024-08-14 06:30:00,41.73049486666667,41.64457951666667,50.46838,8.737885107698567
2024-08-14 07:00:00,38.50806488333333,46.87596551666667,48.907803,10.399737698453777
2024-08-14 07:30:00,36.4074484,45.83286998333333,38.1835,1.7760499825683596
2024-08-14 08:00:00,23.453485116666663,39.71397988333333,24.456112,1.0026267912923217
2024-08-14 08:30:00,2.0239633500000003,7.952200633333331,3.8716545,1.8476911604980466
2024-08-14 09:00:00,-15.601448866666663,-27.03716845,-20.955082,-5.353633073030602
2024-08-14 09:30:00,-21.372671683333333,-46.07928505,-48.041386,-26.668713967301432
2024-08-14 10:00:00,-34.50393558333334,-59.26300560000001,-71.04065,-36.53671383072916
2024-08-14 10:30:00,-52.879148316666665,-70.81784001666666,-91.706474,-38.827325987532554
2024-08-14 11:00:00,-60.31598326666667,-74.0101272,-105.26076,-44.94477417962239
2024-08-14 11:30:00,-66.80944768333333,-81.26433736666667,-115.11575,-48.30630549049479
2024-08-14 12:00:00,-66.56218498333332,-89.53129145000001,-118.42562,-51.86343604938152
2024-08-14 12:30:00,-75.72397725,-92.60347568333331,-118.65684,-42.9328602133789
2024-08-14 13:00:00,-79.10822761666667,-91.33103833333332,-111.502754,-32.394526594759114
2024-08-14 13:30:00,-81.20186506666666,-75.79026573333333,-101.16684,-19.96497453294272
2024-08-14 14:00:00,-71.91415651666667,-59.458482116666666,-88.66551,-16.751355568294272
2024-08-14 14:30:00,-59.02449225,-52.15314125,-71.55319,-12.528699888671873
2024-08-14 15:00:00,-51.808067666666666,-46.71196033333333,-53.218372,-1.410304678304037
2024-08-14 15:30:00,-34.48478168333333,-28.4130511,-32.412937,2.0718445190266905
2024-08-14 16:00:00,-9.208582216666668,-14.775993883333332,-10.275776,-1.0671936927571597
2024-08-14 16:30:00,2.8193516000000005,11.257729316666667,9.601437,6.782085014990233
2024-08-14 17:00:00,24.74104283333333,30.27943068333333,26.438366,1.6973231029459654
2024-08-14 17:30:00,43.84566833333333,49.0134751,40.254223,-3.591445463460282
2024-08-14 18:00:00,48.65459163333333,56.22099045,48.68542,0.030829356656902007
2024-08-14 18:30:00,57.17722933333334,59.54072598333334,56.85615,-0.3210777525227897
2024-08-14 19:00:00,55.77291385,54.095459516666665,61.123455,5.35054119760742
2024-08-14 19:30:00,46.90255,50.87260898333333,61.993694,15.091144305419924
2024-08-14 20:00:00,43.7803295,50.183945,59.44932,15.668992246826171
2024-08-14 20:30:00,42.63852491666667,46.32153386666667,55.45869,12.820165726643879
2024-08-14 21:00:00,44.30277665,47.89696231666667,51.283596,6.980819388818361
2024-08-14 21:30:00,42.08763616666666,40.76576495,47.132397,5.044760531331384
2024-08-14 22:00:00,38.21196285,44.63438296666666,45.266125,7.054161875341798
2024-08-14 22:30:00,42.97128511666667,36.92949435,43.267086,0.29580091238606343
2024-08-14 23:00:00,46.12167398333333,37.47181066666667,41.35493,-4.766743105647784
2024-08-14 23:30:00,43.26249516666667,41.86568405,38.158825,-5.103670246012371
2024-08-15 00:00:00,46.4421983,40.293762883333336,37.95802,-8.484179043408204
2024-08-15 00:30:00,43.56103108333334,39.17433618333333,34.326595,-9.234435776936856
2024-08-15 01:00:00,38.13166211666667,32.284166666666664,31.809261,-6.3224007946451835
2024-08-15 01:30:00,32.62499111666667,27.266487233333333,28.069683,-4.555308041715499
2024-08-15 02:00:00,32.42333043333333,26.266150166666662,26.419811,-6.00351918455403
2024-08-15 02:30:00,30.90890405,25.06311885,24.566662,-6.342242215283203
2024-08-15 03:00:00,29.505087666666668,24.72687953333333,23.557491,-5.947596364176434
2024-08-15 03:30:00,29.639064766666667,26.636341583333333,23.536572,-6.1024932639811205
2024-08-15 04:00:00,30.94253995,27.6780864,24.352474,-6.590065737353516
2024-08-15 04:30:00,35.92160166666667,28.378736616666668,28.261059,-7.660542859293621
2024-08-15 05:00:00,32.19092,31.471030566666663,33.42323,1.2323092175292985
2024-08-15 05:30:00,30.124841383333333,34.85707956666667,40.262676,10.137834855680339
2024-08-15 06:00:00,33.7881628,39.3156371,45.920864,12.132701305224607
2024-08-15 06:30:00,39.89925385,41.73049486666667,47.778667,7.879413599951171
2024-08-15 07:00:00,33.97858385,38.50806488333333,45.45799,11.479404889013672
2024-08-15 07:30:00,29.85912061666667,36.4074484,38.107357,8.248236408479816
2024-08-15 08:00:00,23.53706118333333,23.453485116666663,24.21951,0.6824479414225308
2024-08-15 08:30:00,3.2764065666666657,2.0239633500000003,5.7337,2.4572932319173186
2024-08-15 09:00:00,-23.487999566666662,-15.601448866666663,-17.197376,6.290623315445959
2024-08-15 09:30:00,-37.79992348333334,-21.372671683333333,-41.34061,-3.540687020817053
2024-08-15 10:00:00,-50.8300977,-34.50393558333334,-62.333836,-11.503737901806637
2024-08-15 10:30:00,-70.10866994999999,-52.879148316666665,-79.97929,-9.870616243847664
2024-08-15 11:00:00,-67.1889822,-60.31598326666667,-92.39183,-25.20284824433594
2024-08-15 11:30:00,-68.5273298,-66.80944768333333,-101.291595,-32.76426565898437
2024-08-15 12:00:00,-59.2709195,-66.56218498333332,-104.06663,-44.79570800244141
2024-08-15 12:30:00,-61.64800723333334,-75.72397725,-103.21283,-41.56482235651041
2024-08-15 13:00:00,-82.99220941666667,-79.10822761666667,-98.81267,-15.82045843001302
2024-08-15 13:30:00,-73.41153685,-81.20186506666666,-92.48429,-19.07275422666015
2024-08-15 14:00:00,-57.35351058333333,-71.91415651666667,-81.30677,-23.9532597413737
2024-08-15 14:30:00,-45.31093223333334,-59.02449225,-67.272385,-21.961452410221348
2024-08-15 15:00:00,-38.9252243,-51.808067666666666,-49.73235,-10.80712509575195
2024-08-15 15:30:00,-25.943890966666668,-34.48478168333333,-29.766087,-3.8221956117024725
2024-08-15 16:00:00,-13.706353516666669,-9.208582216666668,-9.462208,4.244145722477215
2024-08-15 16:30:00,4.193820616666667,2.8193516000000005,8.503872,4.310051301057943
2024-08-15 17:00:00,21.178099216666663,24.74104283333333,25.976345,4.7982458455891965
2024-08-15 17:30:00,37.38890906666666,43.84566833333333,39.978817,2.589907919417321
2024-08-15 18:00:00,50.49988163333334,48.65459163333333,49.209225,-1.2906569324056036
2024-08-15 18:30:00,48.2836504,57.17722933333334,56.0787,7.79505061928711
2024-08-15 19:00:00,50.05182546666666,55.77291385,58.833584,8.781758365120446
2024-08-15 19:30:00,47.1272911,46.90255,59.486034,12.358743293310546
2024-08-15 20:00:00,50.1312951,43.7803295,56.729275,6.597979649755857
2024-08-15 20:30:00,47.8203004,42.63852491666667,53.433743,5.613442123193359
2024-08-15 21:00:00,44.07592008333333,44.30277665,49.59492,5.519001028727217
2024-08-15 21:30:00,43.81399516666667,42.08763616666666,46.098095,2.284099773518875
2024-08-15 22:00:00,42.855107800000006,38.21196285,44.677593,1.8224854312011658
2024-08-15 22:30:00,34.570886816666665,42.97128511666667,43.691692,9.120805535628257
2024-08-15 23:00:00,36.83762108333333,46.12167398333333,41.510937,4.673315653727215
2024-08-15 23:30:00,40.69350993333333,43.26249516666667,40.49754,-0.19597041306965934
2024-08-16 00:00:00,35.81706321666667,46.4421983,39.465374,3.648310776253254
2024-08-16 00:30:00,32.877257416666666,43.56103108333334,35.402706,2.5254487295735686
2024-08-16 01:00:00,28.16740283333333,38.13166211666667,32.54742,4.380017668375654
2024-08-16 01:30:00,28.127183366666667,32.62499111666667,30.186184,2.059000562776692
2024-08-16 02:00:00,27.2221273,32.42333043333333,27.09193,-0.13019691059570349
2024-08-16 02:30:00,30.76211415,30.90890405,25.588772,-5.173342329931639
2024-08-16 03:00:00,27.891644683333336,29.505087666666668,25.20544,-2.6862041620931016
2024-08-16 03:30:00,31.17477758333333,29.639064766666667,25.930218,-5.244559840413409
2024-08-16 04:00:00,28.741284633333333,30.94253995,28.433666,-0.30761840408528585
2024-08-16 04:30:00,34.188235416666664,35.92160166666667,30.755367,-3.43286813761393
2024-08-16 05:00:00,32.18217105,32.19092,35.54582,3.363647278857421
2024-08-16 05:30:00,33.64236676666667,30.124841383333333,40.781963,7.139596581722003
2024-08-16 06:00:00,33.978933766666664,33.7881628,45.380856,11.40192179363607
2024-08-16 06:30:00,36.46279605,39.89925385,47.562344,11.099547547412108
2024-08-16 07:00:00,33.358952716666664,33.97858385,45.945583,12.586630626839195
2024-08-16 07:30:00,23.690705666666663,29.85912061666667,36.8558,13.165094961995447
2024-08-16 08:00:00,21.440044433333338,23.53706118333333,20.890026,-0.5500183408040407
2024-08-16 08:30:00,4.960113000000001,3.2764065666666657,4.091549,-0.8685640803222663
2024-08-16 09:00:00,-15.386295616666668,-23.487999566666662,-16.5369,-1.1506039499837222
2024-08-16 09:30:00,-29.829716816666664,-37.79992348333334,-38.391148,-8.561430796858726
2024-08-16 10:00:00,-41.92019548333334,-50.8300977,-56.74117,-14.82097349249674
2024-08-16 10:30:00,-47.299598333333336,-70.10866994999999,-72.41745,-25.11785161783854
2024-08-16 11:00:00,-56.219346,-67.1889822,-86.109245,-29.889899300292967
2024-08-16 11:30:00,-70.70449168333333,-68.5273298,-92.313515,-21.609023026139326
2024-08-16 12:00:00,-78.24371833333333,-59.2709195,-95.50081,-17.25709038248698
2024-08-16 12:30:00,-81.78304548333334,-61.64800723333334,-96.44283,-14.659787463444005
2024-08-16 13:00:00,-78.48677673333333,-82.99220941666667,-92.51392,-14.027146911686202
2024-08-16 13:30:00,-72.98207741666666,-73.41153685,-85.65213,-12.67005271028647
2024-08-16 14:00:00,-63.58937545,-57.35351058333333,-75.897095,-12.307719276562501
2024-08-16 14:30:00,-56.96837985,-45.31093223333334,-62.200886,-5.23250592270508
2024-08-16 15:00:00,-49.3710334,-38.9252243,-46.233616,3.137417524755861
2024-08-16 15:30:00,-36.71178943333333,-25.943890966666668,-29.374302,7.337487522932939
2024-08-16 16:00:00,-16.15652426666667,-13.706353516666669,-10.87151,5.285014714664715
2024-08-16 16:30:00,3.0704616833333334,4.193820616666667,7.875759,4.8052974414225265
2024-08-16 17:00:00,26.51072328333333,21.178099216666663,25.538448,-0.9722749495930962
2024-08-16 17:30:00,38.78339301666667,37.38890906666666,38.95535,0.17195595183918755
2024-08-16 18:00:00,51.05049508333334,50.49988163333334,49.14735,-1.9031447720540413
2024-08-16 18:30:00,47.53489953333334,48.2836504,53.474087,5.939187228141272
2024-08-16 19:00:00,49.10923951666666,50.05182546666666,55.82391,6.714670242854822
2024-08-16 19:30:00,46.65461053333333,47.1272911,57.252834,10.598223786735026
2024-08-16 20:00:00,54.4998497,50.1312951,55.573147,1.0732971200683608
2024-08-16 20:30:00,57.54785388333334,47.8203004,52.218502,-5.3293518386556045
2024-08-16 21:00:00,55.76778155,44.07592008333333,48.92056,-6.847222620556643
2024-08-16 21:30:00,52.47647005,43.81399516666667,46.556713,-5.919756945751956
2024-08-16 22:00:00,51.5215082,42.855107800000006,44.168972,-7.35253618461914
2024-08-16 22:30:00,49.491221800000005,34.570886816666665,42.37768,-7.113540067822271
2024-08-16 23:00:00,48.756144500000005,36.83762108333333,41.45657,-7.2995748283691455
2024-08-16 23:30:00,50.46844343333333,40.69350993333333,40.592205,-9.876238385725905
2024-08-17 00:00:00,49.52863991666667,35.81706321666667,37.59759,-11.931048516520185
2024-08-17 00:30:00,38.82834656666666,32.877257416666666,35.373028,-3.455318765152988
2024-08-17 01:00:00,31.079090500000003,28.16740283333333,32.07214,0.9930492399902313
2024-08-17 01:30:00,26.911974516666664,28.127183366666667,28.86665,1.954675111018883
2024-08-17 02:00:00,30.846177800000003,27.2221273,26.365444,-4.480733616650394
2024-08-17 02:30:00,27.18838998333333,30.76211415,25.914547,-1.2738430167805959
2024-08-17 03:00:00,26.292868350000003,27.891644683333336,25.400982,-0.8918864469238308
2024-08-17 03:30:00,29.3303035,31.17477758333333,26.030376,-3.2999270656738275
2024-08-17 04:00:00,31.66480675,28.741284633333333,26.937588,-4.727219011962891
2024-08-17 04:30:00,31.357880316666662,34.188235416666664,30.444637,-0.913243018082678
2024-08-17 05:00:00,33.021998333333336,32.18217105,33.77714,0.7551432377115859
2024-08-17 05:30:00,32.22987575,33.64236676666667,37.58801,5.358133130615236
2024-08-17 06:00:00,29.49211381666667,33.978933766666664,44.053555,14.56144071824544
2024-08-17 06:30:00,28.17138385,36.46279605,45.775997,17.604613311865233
2024-08-17 07:00:00,20.1342245,33.358952716666664,41.90893,21.774707232177736
2024-08-17 07:30:00,14.353240683333333,23.690705666666663,33.230312,18.877071664078777
2024-08-17 08:00:00,-6.597060416666667,21.440044433333338,20.661327,27.258387778727215
2024-08-17 08:30:00,-17.9098911,4.960113000000001,4.795513,22.70540425307617
2024-08-17 09:00:00,-36.16794838333333,-15.386295616666668,-14.778355,21.38959373855794
2024-08-17 09:30:00,-59.667839333333326,-29.829716816666664,-38.152164,21.51567487410481
2024-08-17 10:00:00,-59.4674805,-41.92019548333334,-55.539234,3.9282463386230475
2024-08-17 10:30:00,-69.90983328333333,-47.299598333333336,-70.316345,-0.40651193151042264
2024-08-17 11:00:00,-86.43747356666667,-56.219346,-82.44768,3.9897959543619805
2024-08-17 11:30:00,-81.14641160000001,-70.70449168333333,-91.01431,-9.867901144140617
2024-08-17 12:00:00,-92.82447935,-78.24371833333333,-96.54552,-3.7210376177734332
2024-08-17 12:30:00,-103.45922111666664,-81.78304548333334,-96.726204,6.733017198209609
2024-08-17 13:00:00,-94.07167148333332,-78.48677673333333,-92.30146,1.7702112172200373
2024-08-17 13:30:00,-89.91280566666666,-72.98207741666666,-84.43267,5.480135073404938
2024-08-17 14:00:00,-78.80074003333333,-63.58937545,-74.563416,4.2373245059895766
2024-08-17 14:30:00,-76.60918226666666,-56.96837985,-62.25745,14.351732162906899
2024-08-17 15:00:00,-64.73891233333333,-49.3710334,-45.827045,18.911866892659503
2024-08-17 15:30:00,-38.76503663333333,-36.71178943333333,-30.578312,8.186724713167315
2024-08-17 16:00:00,-8.767777783333333,-16.15652426666667,-12.508823,-3.7410456114420576
2024-08-17 16:30:00,14.002331149999998,3.0704616833333334,5.5000877,-8.502243411962889
2024-08-17 17:00:00,35.9338238,26.51072328333333,20.119366,-15.814458107861327
2024-08-17 17:30:00,56.848534,38.78339301666667,34.330853,-22.51768149145508
2024-08-17 18:00:00,61.87263215,51.05049508333334,44.409832,-17.46280014926758
2024-08-17 18:30:00,67.4071424,47.53489953333334,50.548794,-16.85834860727539
2024-08-17 19:00:00,70.02475009999999,49.10923951666666,53.51309,-16.511661873681632
2024-08-17 19:30:00,65.99364936666667,46.65461053333333,55.151897,-10.841751936246752
2024-08-17 20:00:00,68.81709276666668,54.4998497,53.6992,-15.117893090153004
2024-08-17 20:30:00,81.68061556666667,57.54785388333334,50.851803,-30.82881274073894
2024-08-17 21:00:00,72.43858445,55.76778155,47.622845,-24.81573975395507
2024-08-17 21:30:00,69.03431743333333,52.47647005,46.683468,-22.350849568343094
2024-08-17 22:00:00,63.61445893333334,51.5215082,46.04243,-17.57202805564779
2024-08-17 22:30:00,56.51262115,49.491221800000005,45.14259,-11.370031580908204
2024-08-17 23:00:00,61.37152385,48.756144500000005,43.618618,-17.752905838525393
2024-08-17 23:30:00,55.017728850000005,50.46844343333333,41.559994,-13.45773510610352
2024-08-18 00:00:00,47.82724841666666,49.52863991666667,39.3634,-8.463848911051429
2024-08-18 00:30:00,42.23000068333334,38.82834656666666,35.523006,-6.706994244124353
2024-08-18 01:00:00,39.801377216666666,31.079090500000003,32.523754,-7.277623096793619
2024-08-18 01:30:00,35.125548450000004,26.911974516666664,29.761913,-5.363635150439457
2024-08-18 02:00:00,31.30788158333333,30.846177800000003,28.58604,-2.7218410865071583
2024-08-18 02:30:00,31.482007966666668,27.18838998333333,26.124493,-5.357515321402996
2024-08-18 03:00:00,33.4158868,26.292868350000003,24.12498,-9.29090587348633
2024-08-18 03:30:00,31.590060466666667,29.3303035,22.974651,-8.615409129996745
2024-08-18 04:00:00,34.16782261666666,31.66480675,25.519848,-8.647974746793615
2024-08-18 04:30:00,31.97863613333333,31.357880316666662,29.25024,-2.7283958074055974
2024-08-18 05:00:00,29.83533593333333,33.021998333333336,34.00198,4.16664389454753
2024-08-18 05:30:00,32.54873658333333,32.22987575,37.181286,4.632549274820967
2024-08-18 06:00:00,31.34521936666667,29.49211381666667,41.07365,9.728430993440753
2024-08-18 06:30:00,31.036149966666667,28.17138385,40.080853,9.044702541878255
2024-08-18 07:00:00,23.083152466666665,20.1342245,36.08473,13.001575774300132
2024-08-18 07:30:00,21.5799161,14.353240683333333,28.529476,6.949560065771486
2024-08-18 08:00:00,3.99911685,-6.597060416666667,16.107174,12.108057069677734
2024-08-18 08:30:00,-19.5515615,-17.9098911,-0.38925552,19.162305976318358
2024-08-18 09:00:00,-55.15022665,-36.16794838333333,-22.077244,33.07298284506836
2024-08-18 09:30:00,-84.00954618333334,-59.667839333333326,-43.728565,40.28098096726889
2024-08-18 10:00:00,-95.94170005,-59.4674805,-60.335148,35.60655219233398
2024-08-18 10:30:00,-94.38477205,-69.90983328333333,-72.92764,21.45712922773437
2024-08-18 11:00:00,-85.11830491666667,-86.43747356666667,-84.16211,0.9561955416666734
2024-08-18 11:30:00,-103.87947351666666,-81.14641160000001,-89.77724,14.102236578190102
2024-08-18 12:00:00,-91.03596673333334,-92.82447935,-94.523315,-3.487348696354161
2024-08-18 12:30:00,-78.9404617,-103.45922111666664,-95.88987,-16.949407989941406
2024-08-18 13:00:00,-75.19815235,-94.07167148333332,-92.46779,-17.26963634628906
2024-08-18 13:30:00,-86.36846663333334,-89.91280566666666,-85.32714,1.0413258252278723
2024-08-18 14:00:00,-60.44271998333334,-78.80074003333333,-76.025406,-15.582685900455722
2024-08-18 14:30:00,-52.23553653333334,-76.60918226666666,-65.18431,-12.9487743797526
2024-08-18 15:00:00,-39.66445575,-64.73891233333333,-50.59702,-10.932563445556639
2024-08-18 15:30:00,-16.8947194,-38.76503663333333,-33.898838,-17.00411864321289
2024-08-18 16:00:00,-6.847683849999999,-8.767777783333333,-13.797138,-6.949454364111329
2024-08-18 16:30:00,14.3669646,14.002331149999998,5.3903313,-8.976633331689452
2024-08-18 17:00:00,30.598708916666663,35.9338238,22.996075,-7.602634240152991
2024-08-18 17:30:00,48.93134543333333,56.848534,37.530148,-11.401197880843092
2024-08-18 18:00:00,68.20637113333333,61.87263215,47.960094,-20.246276681429038
2024-08-18 18:30:00,73.25499226666666,67.4071424,53.977123,-19.277869006168615
2024-08-18 19:00:00,69.31389854999999,70.02475009999999,58.33598,-10.977919088330069
2024-08-18 19:30:00,65.73458423333334,65.99364936666667,60.25384,-5.480742833186852
2024-08-18 20:00:00,65.51392831666668,68.81709276666668,57.30119,-8.212738894059257
2024-08-18 20:30:00,67.52896568333334,81.68061556666667,54.924404,-12.60456153904623
2024-08-18 21:00:00,61.04023553333334,72.43858445,51.484417,-9.555818571663416
2024-08-18 21:30:00,60.92027921666666,69.03431743333333,49.7393,-11.180979442496735
2024-08-18 22:00:00,52.46208171666667,63.61445893333334,49.41479,-3.0472906094889325
2024-08-18 22:30:00,47.6147672,56.51262115,48.1367,0.521932476513669
2024-08-18 23:00:00,52.86919655,61.37152385,46.00352,-6.865675584423826
2024-08-18 23:30:00,54.75368601666667,55.017728850000005,44.755795,-9.997891491520186
2024-08-19 00:00:00,48.028983466666666,47.82724841666666,42.11552,-5.9134629893717445
2024-08-19 00:30:00,39.75115565,42.23000068333334,39.314724,-0.4364316814941418
2024-08-19 01:00:00,33.34399106666667,39.801377216666666,35.80923,2.4652397377766917
2024-08-19 01:30:00,30.42725333333333,35.125548450000004,32.29983,1.87257805704753
2024-08-19 02:00:00,26.62896233333333,31.30788158333333,28.92567,2.2967082904459666
2024-08-19 02:30:00,29.89285155,31.482007966666668,24.336727,-5.556124407666015
2024-08-19 03:00:00,27.19462341666667,33.4158868,21.989925,-5.204698032145185
2024-08-19 03:30:00,29.231316433333333,31.590060466666667,23.519009,-5.712307796858724
2024-08-19 04:00:00,31.22195785,34.16782261666666,25.70541,-5.51654784633789
2024-08-19 04:30:00,30.217185083333334,31.97863613333333,27.76405,-2.453135553304037
2024-08-19 05:00:00,33.993143366666665,29.83533593333333,31.664791,-2.3283522594889305
2024-08-19 05:30:00,40.43945098333334,32.54873658333333,33.825634,-6.6138169806477904
2024-08-19 06:00:00,41.0680573,31.34521936666667,34.62994,-6.438117267041015
2024-08-19 06:30:00,47.46751505,31.036149966666667,34.429348,-13.038167058056644
2024-08-19 07:00:00,44.05066061666667,23.083152466666665,30.364468,-13.68619299581706
2024-08-19 07:30:00,38.59487505,21.5799161,22.669353,-15.925521564892577
2024-08-19 08:00:00,20.12333325,3.99911685,9.556408,-10.566925321533205
2024-08-19 08:30:00,-11.380268300000004,-19.5515615,-6.661457,4.718811238232426
2024-08-19 09:00:00,-38.4206824,-55.15022665,-28.144917,10.275765865576169
2024-08-19 09:30:00,-58.37603941666666,-84.00954618333334,-47.447773,10.928266436930329
2024-08-19 10:00:00,-78.39836150000001,-95.94170005,-64.45917,13.939194019531257
2024-08-19 10:30:00,-89.9657168,-94.38477205,-76.99016,12.975558718945308
2024-08-19 11:00:00,-82.36360081666668,-85.11830491666667,-86.714966,-4.3513650036458245
2024-08-19 11:30:00,-105.22362616666668,-103.87947351666666,-94.5106,10.71302893766277
2024-08-19 12:00:00,-118.40441531666666,-91.03596673333334,-97.84635,20.5580636931315
2024-08-19 12:30:00,-105.89172925,-78.9404617,-95.584145,10.307584657714841
2024-08-19 13:00:00,-104.78711726666668,-75.19815235,-89.95817,14.828949236881527
2024-08-19 13:30:00,-78.05848393333333,-86.36846663333334,-83.415146,-5.356661940690103
2024-08-19 14:00:00,-69.9051451,-60.44271998333334,-72.47615,-2.571005412695314
2024-08-19 14:30:00,-67.85069,-52.23553653333334,-60.978077,6.872613065185547
2024-08-19 15:00:00,-50.40270498333333,-39.66445575,-45.256184,5.146521359065751
2024-08-19 15:30:00,-19.383679916666665,-16.8947194,-27.323368,-7.9396881558431005
2024-08-19 16:00:00,-11.875188833333333,-6.847683849999999,-7.7509804,4.124208456136067
2024-08-19 16:30:00,6.177990000000001,14.3669646,10.858425,4.680435140380858
2024-08-19 17:00:00,30.558699566666665,30.598708916666663,27.549297,-3.0094022339029927
2024-08-19 17:30:00,44.03833351666666,48.93134543333333,40.359524,-3.678809743473302
2024-08-19 18:00:00,54.61388631666667,68.20637113333333,50.952587,-3.6612991889811255
2024-08-19 18:30:00,65.05344388333333,73.25499226666666,59.106472,-5.94697186795247
2024-08-19 19:00:00,63.625265033333335,69.31389854999999,63.636745,0.011480419547524434
2024-08-19 19:30:00,53.45489345000001,65.73458423333334,64.369644,10.914750715039055
2024-08-19 20:00:00,55.51652908333333,65.51392831666668,61.56106,6.044532775797528
2024-08-19 20:30:00,57.527498900000005,67.52896568333334,57.845196,0.3176968702636671
2024-08-19 21:00:00,53.88594668333334,61.04023553333334,53.762814,-0.12313311521810277
2024-08-19 21:30:00,52.55667231666666,60.92027921666666,50.568996,-1.987675887223304
2024-08-19 22:00:00,49.96940179999999,52.46208171666667,47.33363,-2.635772191845696
2024-08-19 22:30:00,36.29082721666666,47.6147672,47.36511,11.074281273323571
2024-08-19 23:00:00,36.37825785,52.86919655,46.2337,9.855441948583987
2024-08-19 23:30:00,37.531513716666666,54.75368601666667,44.8112,7.279685471565756
2024-08-20 00:00:00,35.76062683333333,48.028983466666666,44.295483,8.534855802164714
2024-08-20 00:30:00,36.152320216666666,39.75115565,39.551495,3.3991743817220055
2024-08-20 01:00:00,34.01777058333334,33.34399106666667,34.85423,0.8364583900553342
2024-08-20 01:30:00,27.801962683333333,30.42725333333333,32.93942,5.137456109391277
2024-08-20 02:00:00,26.31065141666667,26.62896233333333,29.675549,3.3648971368001277
2024-08-20 02:30:00,26.98345933333333,29.89285155,26.44598,-0.5374792613118444
2024-08-20 03:00:00,24.404033233333333,27.19462341666667,25.175686,0.7716526492350262
2024-08-20 03:30:00,25.706402800000003,29.231316433333333,23.345058,-2.3613443588378935
2024-08-20 04:00:00,29.2308733,31.22195785,24.031796,-5.199077798291015
2024-08-20 04:30:00,31.98329378333333,30.217185083333334,25.949871,-6.0334227201009085
2024-08-20 05:00:00,36.276434,33.993143366666665,29.406261,-6.870172555908205
2024-08-20 05:30:00,39.288785116666666,40.43945098333334,31.661617,-7.627167837613932
2024-08-20 06:00:00,43.48853891666667,41.0680573,33.909313,-9.579225714762373
2024-08-20 06:30:00,41.61436556666667,47.46751505,34.25398,-7.360386837418623
2024-08-20 07:00:00,28.749389316666665,44.05066061666667,28.593182,-0.15620770655924332
2024-08-20 07:30:00,25.79237183333333,38.59487505,20.615154,-5.177217566975909
2024-08-20 08:00:00,22.50308103333333,20.12333325,7.0766106,-15.426470468147784
2024-08-20 08:30:00,-16.497172850000002,-11.380268300000004,-10.72797,5.769202726708986
2024-08-20 09:00:00,-41.51495568333333,-38.4206824,-28.012882,13.502073450667318
2024-08-20 09:30:00,-55.68223496666667,-58.37603941666666,-45.021214,10.661021435172529
2024-08-20 10:00:00,-68.29653665,-78.39836150000001,-60.512302,7.7842342513183524
2024-08-20 10:30:00,-73.81990398333333,-89.9657168,-73.88974,-0.06983600690104197
2024-08-20 11:00:00,-84.28545046666666,-82.36360081666668,-84.34947,-0.06402157923177754
2024-08-20 11:30:00,-93.15909798333333,-105.22362616666668,-90.34327,2.815828635188794
2024-08-20 12:00:00,-98.29407178333334,-118.40441531666666,-94.185616,4.108456243782555
2024-08-20 12:30:00,-89.80565941666667,-105.89172925,-93.68217,-3.876507636555985
2024-08-20 13:00:00,-86.22036121666667,-104.78711726666668,-88.32467,-2.1043076676106693
2024-08-20 13:30:00,-86.43951211666666,-78.05848393333333,-82.55942,3.8800943920572877
2024-08-20 14:00:00,-71.6513516,-69.9051451,-73.36351,-1.7121585318359394
2024-08-20 14:30:00,-60.14193996666666,-67.85069,-60.232807,-0.09086719275716604
2024-08-20 15:00:00,-64.96499065,-50.40270498333333,-45.576176,19.38881496030274
2024-08-20 15:30:00,-40.82792275,-19.383679916666665,-27.518421,13.309501576904296
2024-08-20 16:00:00,-24.171327233333333,-11.875188833333333,-8.119068,16.05225908758138
2024-08-20 16:30:00,-6.508027916666666,6.177990000000001,11.085033,17.593061333414713
2024-08-20 17:00:00,20.22059,30.558699566666665,26.75111,6.5305200769042955
2024-08-20 17:30:00,35.91252721666667,44.03833351666666,39.938427,4.025899754768879
2024-08-20 18:00:00,46.40850791666667,54.61388631666667,50.860546,4.452038195393875
2024-08-20 18:30:00,54.78023671666667,65.05344388333333,56.83923,2.058992867073563
2024-08-20 19:00:00,58.20102105,63.625265033333335,61.267147,3.066126014208983
2024-08-20 19:30:00,47.325338816666665,53.45489345000001,62.428493,15.103154683089194
2024-08-20 20:00:00,51.434999483333335,55.51652908333333,59.777447,8.342447263492836
2024-08-20 20:30:00,48.335336866666665,57.527498900000005,56.434063,8.098726091097006
2024-08-20 21:00:00,50.59625553333333,53.88594668333334,53.04626,2.4500053004069073
2024-08-20 21:30:00,48.481000916666666,52.55667231666666,50.68458,2.203580839925131
2024-08-20 22:00:00,42.50451428333333,49.96940179999999,49.909435,7.404920988883468
2024-08-20 22:30:00,38.71707756666667,36.29082721666666,47.03227,8.315190957503255
2024-08-20 23:00:00,44.86259391666667,36.37825785,46.202724,1.340130540120441
2024-08-20 23:30:00,44.269727683333336,37.531513716666666,42.669125,-1.6006030800618518
2024-08-21 00:00:00,43.590375083333335,35.76062683333333,40.583508,-3.006867545491538
2024-08-21 00:30:00,37.280508950000005,36.152320216666666,38.126278,0.8457689735839793
2024-08-21 01:00:00,30.4173395,34.01777058333334,35.90388,5.486541572998046
2024-08-21 01:30:00,28.1304784,27.801962683333333,33.935787,5.805308800927733
2024-08-21 02:00:00,25.744762766666668,26.31065141666667,31.352673,5.607909810237629
2024-08-21 02:30:00,24.673257116666665,26.98345933333333,28.81921,4.145952935823569
2024-08-21 03:00:00,22.53393265,24.404033233333333,26.514309,3.980376279443359
2024-08-21 03:30:00,23.826177666666663,25.706402800000003,25.347012,1.5208338994954467
2024-08-21 04:00:00,25.16940705,29.2308733,24.7588,-0.41060654340820335
2024-08-21 04:30:00,25.7434804,31.98329378333333,29.07014,3.3266604386230476
2024-08-21 05:00:00,27.601063933333336,36.276434,29.972225,2.3711612558756485
2024-08-21 05:30:00,29.57165618333333,39.288785116666666,34.33563,4.763972326188153
2024-08-21 06:00:00,31.42961893333333,43.48853891666667,36.401897,4.972278497086592
2024-08-21 06:30:00,35.64862398333333,41.61436556666667,34.22311,-1.4255137843587207
2024-08-21 07:00:00,32.06863463333334,28.749389316666665,27.253643,-4.814991597444667
2024-08-21 07:30:00,19.621719616666667,25.79237183333333,18.02174,-1.5999796569498699
2024-08-21 08:00:00,0.0734244166666666,22.50308103333333,4.038677,3.965252798909505
2024-08-21 08:30:00,-36.48337263333333,-16.497172850000002,-12.256168,24.227204267854816
2024-08-21 09:00:00,-56.124781033333335,-41.51495568333333,-30.338352,25.786428829964194
2024-08-21 09:30:00,-73.19735733333333,-55.68223496666667,-47.41202,25.78533569637044
2024-08-21 10:00:00,-92.89832223333332,-68.29653665,-61.23731,31.66101373113605
2024-08-21 10:30:00,-121.37940728333336,-73.81990398333333,-74.07732,47.30209099915368
2024-08-21 11:00:00,-114.10763451666666,-84.28545046666666,-83.32018,30.787451716373695
2024-08-21 11:30:00,-127.33685218333332,-93.15909798333333,-89.54299,37.79386054514973
2024-08-21 12:00:00,-148.16705388333332,-98.29407178333334,-92.52345,55.64360112454426
2024-08-21 12:30:00,-129.57943328333332,-89.80565941666667,-93.83265,35.746784052376285
2024-08-21 13:00:00,-119.4013761,-86.22036121666667,-88.835175,30.566201539453118
2024-08-21 13:30:00,-116.7486815,-86.43951211666666,-82.707085,34.041596844238285
2024-08-21 14:00:00,-110.04947115,-71.6513516,-73.89775,36.151720295507815
2024-08-21 14:30:00,-106.41682388333334,-60.14193996666666,-62.991627,43.42519714383138
2024-08-21 15:00:00,-79.5794087,-64.96499065,-47.98853,31.590879494677736
2024-08-21 15:30:00,-57.990514966666666,-40.82792275,-30.152546,27.837969037711588
2024-08-21 16:00:00,-29.776687183333333,-24.171327233333333,-10.119953,19.656734027815755
2024-08-21 16:30:00,-0.7857593666666668,-6.508027916666666,10.613232,11.398991025602214
2024-08-21 17:00:00,17.133104983333336,20.22059,25.902401,8.769295987125648
2024-08-21 17:30:00,40.43793673333334,35.91252721666667,37.37179,-3.0661448937337283
2024-08-21 18:00:00,61.10200486666667,46.40850791666667,46.404003,-14.698001723356121
2024-08-21 18:30:00,55.3335742,54.78023671666667,53.35937,-1.9742030146972667
2024-08-21 19:00:00,54.5482762,58.20102105,56.656414,2.1081378319824253
2024-08-21 19:30:00,56.11180168333334,47.325338816666665,57.135616,1.0238146191568944
2024-08-21 20:00:00,51.7791767,51.434999483333335,54.872463,3.0932865263183587
2024-08-21 20:30:00,52.1606443,48.335336866666665,51.74261,-0.4180333686035169
2024-08-21 21:00:00,56.222422083333335,50.59625553333333,50.704983,-5.517439325764975
2024-08-21 21:30:00,54.348011033333336,48.481000916666666,46.574978,-7.773033158577476
2024-08-21 22:00:00,53.40210335,42.50451428333333,46.50117,-6.90093223793945
2024-08-21 22:30:00,46.618949283333336,38.71707756666667,44.802227,-1.8167222630696642
2024-08-21 23:00:00,48.400951433333326,44.86259391666667,43.794277,-4.606674242171216
2024-08-21 23:30:00,44.994572833333336,44.269727683333336,42.137737,-2.8568355591634145
2024-08-22 00:00:00,38.531514183333336,43.590375083333335,41.200603,2.669089301774086
2024-08-22 00:30:00,31.78973388333333,37.280508950000005,36.68298,4.893245700406904
2024-08-22 01:00:00,30.49582395,30.4173395,33.08511,2.589285760693361
2024-08-22 01:30:00,28.560842716666667,28.1304784,30.615948,2.0551050067220054
2024-08-22 02:00:00,27.8283223,25.744762766666668,26.812283,-1.0160397377441406
2024-08-22 02:30:00,27.199149450000004,24.673257116666665,26.034267,-1.1648820244628943
2024-08-22 03:00:00,24.24404395,22.53393265,25.642544,1.3984998427246111
2024-08-22 03:30:00,25.452127883333333,23.826177666666663,27.106121,1.6539931798990892
2024-08-22 04:00:00,25.15113725,25.16940705,28.955791,3.8046542233886704
2024-08-22 04:30:00,28.54693226666667,25.7434804,31.127392,2.5804595485188777
2024-08-22 05:00:00,26.44892785,27.601063933333336,33.158672,6.709744482763671
2024-08-22 05:30:00,27.41542671666667,29.57165618333333,33.926037,6.510610118050128
2024-08-22 06:00:00,27.2815609,31.42961893333333,33.568645,6.287084577294923
2024-08-22 06:30:00,33.75065778333333,35.64862398333333,32.260296,-1.4903619154134091
2024-08-22 07:00:00,35.423848383333336,32.06863463333334,28.032772,-7.391076319124352
2024-08-22 07:30:00,28.785761283333333,19.621719616666667,17.539913,-11.245848105843098
2024-08-22 08:00:00,9.025521533333334,0.0734244166666666,2.5551414,-6.470380084358725
2024-08-22 08:30:00,-17.427435516666666,-36.48337263333333,-15.198566,2.228869079899088
2024-08-22 09:00:00,-41.2111891,-56.124781033333335,-34.684742,6.5264471261230455
2024-08-22 09:30:00,-72.58550939999999,-73.19735733333333,-50.848667,21.7368422552246
2024-08-22 10:00:00,-93.71302656666668,-92.89832223333332,-65.398315,28.314711136979184
2024-08-22 10:30:00,-98.30702003333332,-121.37940728333336,-78.92737,19.379651869270816
2024-08-22 11:00:00,-123.87079741666666,-114.10763451666666,-88.511345,35.35945250699869
2024-08-22 11:30:00,-126.24989899999998,-127.33685218333332,-95.71022,30.539678663085922
2024-08-22 12:00:00,-134.67490721666667,-148.16705388333332,-99.95552,34.719386586783855
2024-08-22 12:30:00,-124.41201408333336,-129.57943328333332,-102.02735,22.38466270393883
2024-08-22 13:00:00,-138.6374590833333,-119.4013761,-98.05313,40.58432797981769
2024-08-22 13:30:00,-135.08440278333333,-116.7486815,-91.55499,43.52941010755208
2024-08-22 14:00:00,-131.11173161666667,-110.04947115,-83.57539,47.53633793990886
2024-08-22 14:30:00,-116.32889931666666,-106.41682388333334,-73.475555,42.85334389674479
2024-08-22 15:00:00,-98.59468173333332,-79.5794087,-57.321766,41.272915833675114
2024-08-22 15:30:00,-69.43066096666666,-57.990514966666666,-40.36205,29.06861186388346
2024-08-22 16:00:00,-41.592934883333335,-29.776687183333333,-21.844929,19.748006141878257
2024-08-22 16:30:00,-9.79397665,-0.7857593666666668,-0.21092604,9.583050608992957
2024-08-22 17:00:00,11.5192477,17.133104983333336,15.440044,3.9207967030761726
2024-08-22 17:30:00,37.106210366666666,40.43793673333334,30.527859,-6.5783516325358065
2024-08-22 18:00:00,52.13474816666667,61.10200486666667,43.455547,-8.679200833902996
2024-08-22 18:30:00,60.805485583333336,55.3335742,51.18858,-9.616906024007164
2024-08-22 19:00:00,52.944263250000006,54.5482762,55.875362,2.9310991462402285
2024-08-22 19:30:00,56.55895061666667,56.11180168333334,58.127544,1.568593786409501
2024-08-22 20:00:00,57.73383288333333,51.7791767,55.039608,-2.6942248816243435
2024-08-22 20:30:00,56.46756773333333,52.1606443,50.50192,-5.965648940608723
2024-08-22 21:00:00,53.5210509,56.222422083333335,49.65437,-3.866681545751952
2024-08-22 21:30:00,53.64161225,54.348011033333336,46.639233,-7.002379614501955
2024-08-22 22:00:00,47.850817283333335,53.40210335,45.566097,-2.2847200238118504
2024-08-22 22:30:00,43.32873836666667,46.618949283333336,46.94566,3.616921270784502
2024-08-22 23:00:00,40.353677833333336,48.400951433333326,44.696667,4.342988884195961
2024-08-22 23:30:00,40.73716996666666,44.994572833333336,43.02412,2.286950364143884
2024-08-23 00:00:00,38.40921926666667,38.531514183333336,40.57484,2.1656212789876292
2024-08-23 00:30:00,32.0324873,31.78973388333333,35.736187,3.703699681201172
2024-08-23 01:00:00,28.43878285,30.49582395,31.072704,2.633921465185548
2024-08-23 01:30:00,27.98694478333333,28.560842716666667,29.90907,1.9221242779459686
2024-08-23 02:00:00,28.681258416666665,27.8283223,27.252712,-1.428546166910806
2024-08-23 02:30:00,25.9693071,27.199149450000004,26.416897,0.4475897200683576
2024-08-23 03:00:00,26.89089121666667,24.24404395,26.056667,-0.8342238887858109
2024-08-23 03:30:00,28.42827621666667,25.452127883333333,24.303555,-4.124721681754561
2024-08-23 04:00:00,29.682451633333333,25.15113725,27.440289,-2.242163089632161
2024-08-23 04:30:00,28.739477216666668,28.54693226666667,30.123714,1.3842372303548167
2024-08-23 05:00:00,35.17953023333333,26.44892785,30.771282,-4.408248037288409
2024-08-23 05:30:00,43.19315486666667,27.41542671666667,32.402355,-10.79079967257487
2024-08-23 06:00:00,41.9348834,27.2815609,34.024685,-7.910198493994137
2024-08-23 06:30:00,46.71659733333333,33.75065778333333,30.65054,-16.066057935139973
2024-08-23 07:00:00,34.24924995,35.423848383333336,24.738903,-9.510346904345703
2024-08-23 07:30:00,16.611004483333332,28.785761283333333,14.884533,-1.726471554866535
2024-08-23 08:00:00,3.4774159833333336,9.025521533333334,-3.419407,-6.896822874202474
2024-08-23 08:30:00,-21.66745735,-17.427435516666666,-23.45966,-1.7922022264160162
2024-08-23 09:00:00,-40.57794673333333,-41.2111891,-41.010334,-0.4323872815592509
2024-08-23 09:30:00,-63.90507398333333,-72.58550939999999,-57.96877,5.936304909847003
2024-08-23 10:00:00,-80.26008081666667,-93.71302656666668,-73.74931,6.510767462174485
2024-08-23 10:30:00,-97.06620896666668,-98.30702003333332,-86.0941,10.972108014518241
2024-08-23 11:00:00,-90.81610943333334,-123.87079741666666,-97.64381,-6.827697024186193
2024-08-23 11:30:00,-102.91698505,-126.24989899999998,-104.216324,-1.2993388025390686
2024-08-23 12:00:00,-108.8454277,-134.67490721666667,-109.338684,-0.4932563820312481
2024-08-23 12:30:00,-119.75327525,-124.41201408333336,-109.78087,9.972406719726564
2024-08-23 13:00:00,-120.6870685,-138.6374590833333,-106.09751,14.589557208496089
2024-08-23 13:30:00,-108.31866006666668,-135.08440278333333,-99.18505,9.133609102311212
2024-08-23 14:00:00,-90.94448208333334,-131.11173161666667,-93.812874,-2.8683917569986903
2024-08-23 14:30:00,-88.42094446666665,-116.32889931666666,-80.58463,7.836311593131498
2024-08-23 15:00:00,-64.52940393333333,-98.59468173333332,-66.23993,-1.7105252658854226
2024-08-23 15:30:00,-41.72785758333333,-69.43066096666666,-48.263874,-6.536016470621746
2024-08-23 16:00:00,-11.78861215,-41.592934883333335,-26.932362,-15.143749452783203
2024-08-23 16:30:00,13.78724555,-9.79397665,-7.2216682,-21.008913793408205
2024-08-23 17:00:00,30.025354366666665,11.5192477,10.745586,-19.279767971402993
2024-08-23 17:30:00,44.68772328333333,37.106210366666666,28.391384,-16.296339158577467
2024-08-23 18:00:00,50.41194501666666,52.13474816666667,42.65173,-7.760215432926422
2024-08-23 18:30:00,55.72903513333333,60.805485583333336,51.533016,-4.196018928499349
2024-08-23 19:00:00,55.40813013333334,52.944263250000006,57.161465,1.7533345578287722
2024-08-23 19:30:00,49.18397396666666,56.55895061666667,58.3607,9.176724733284509
2024-08-23 20:00:00,43.77276131666667,57.73383288333333,56.891064,13.11830237351888
2024-08-23 20:30:00,49.77103386666667,56.46756773333333,54.29922,4.528187172151689
2024-08-23 21:00:00,44.374259566666666,53.5210509,52.78001,8.405750656722006
2024-08-23 21:30:00,49.4125012,53.64161225,50.464825,1.0523234765136706
2024-08-23 22:00:00,44.52800213333333,47.850817283333335,48.696575,4.168573031461591
2024-08-23 22:30:00,39.63426148333333,43.32873836666667,46.953686,7.319424277164714
2024-08-23 23:00:00,42.249195500000006,40.353677833333336,44.101498,1.8523021501464783
2024-08-23 23:30:00,37.59896565,40.73716996666666,42.30093,4.701964373193363
2024-08-24 00:00:00,37.068027566666665,38.40921926666667,37.42625,0.35822289109700733
2024-08-24 00:30:00,33.278335366666674,32.0324873,34.425945,1.1476099153157477
2024-08-24 01:00:00,32.933820116666666,28.43878285,32.275417,-0.658402788785807
2024-08-24 01:30:00,29.01993823333333,27.98694478333333,29.859554,0.8396160574381533
2024-08-24 02:00:00,29.278794466666668,28.681258416666665,26.560879,-2.717915713004558
2024-08-24 02:30:00,27.377122216666667,25.9693071,24.237133,-3.13998919054362
2024-08-24 03:00:00,27.07725255,26.89089121666667,24.885525,-2.1917278002441414
2024-08-24 03:30:00,25.43717835,28.42827621666667,24.937298,-0.49988052895507806
2024-08-24 04:00:00,25.01268795,29.682451633333333,24.947353,-0.06533458696289074
2024-08-24 04:30:00,25.841673916666668,28.739477216666668,28.600231,2.758557253987629
2024-08-24 05:00:00,28.91567925,35.17953023333333,32.01675,3.101071085693359
2024-08-24 05:30:00,34.98034653333333,43.19315486666667,31.95892,-3.0214270081868477
2024-08-24 06:00:00,31.195469516666662,41.9348834,35.249584,4.054114681331384
2024-08-24 06:30:00,30.89442408333333,46.71659733333333,33.43075,2.536327717203779
2024-08-24 07:00:00,23.0594551,34.24924995,25.709011,2.6495559778808584
2024-08-24 07:30:00,6.811773383333333,16.611004483333332,14.949123,8.137349999235028
2024-08-24 08:00:00,-2.2761166999999998,3.4774159833333336,-3.53516,-1.2590433646972659
2024-08-24 08:30:00,-32.769019416666666,-21.66745735,-23.221638,9.547381690836588
2024-08-24 09:00:00,-60.31750008333333,-40.57794673333333,-44.3718,15.945700614339188
2024-08-24 09:30:00,-69.24253341666666,-63.90507398333333,-63.348988,5.893545837320957
2024-08-24 10:00:00,-101.50246225,-80.26008081666667,-81.53244,19.97002206445312
2024-08-24 10:30:00,-111.86342335,-97.06620896666668,-96.13298,15.730443003320318
2024-08-24 11:00:00,-131.6261887,-90.81610943333334,-106.27518,25.351011698046875
2024-08-24 11:30:00,-148.4266005,-102.91698505,-111.98593,36.44066910351563
2024-08-24 12:00:00,-153.26049725,-108.8454277,-115.13768,38.12281719628905
2024-08-24 12:30:00,-151.39258295,-119.75327525,-114.47623,36.916356143359366
2024-08-24 13:00:00,-158.239679,-120.6870685,-110.90865,47.33102574072265
2024-08-24 13:30:00,-154.76672433333334,-108.31866006666668,-105.789894,48.97683022932944
2024-08-24 14:00:00,-131.03736335,-90.94448208333334,-93.83842,37.198946296777336
2024-08-24 14:30:00,-109.8004357,-88.42094446666665,-81.85567,27.94476858574218
2024-08-24 15:00:00,-87.85782223333332,-64.52940393333333,-65.84267,22.01515560735676
2024-08-24 15:30:00,-62.181636266666665,-41.72785758333333,-46.1039,16.077735357242837
2024-08-24 16:00:00,-31.86073318333333,-11.78861215,-24.532932,7.32780090183919
2024-08-24 16:30:00,-2.6990199333333336,13.78724555,-2.203785,0.49523499070638044
2024-08-24 17:00:00,23.576252266666668,30.025354366666665,19.065807,-4.510444924137371
2024-08-24 17:30:00,37.36998798333333,44.68772328333333,34.678005,-2.691982764827472
2024-08-24 18:00:00,40.0852724,50.41194501666666,46.604214,6.5189413145996085
2024-08-24 18:30:00,42.33912148333334,55.72903513333333,53.20071,10.861588813297523
2024-08-24 19:00:00,47.03389488333334,55.40813013333334,59.099926,12.066031111539708
2024-08-24 19:30:00,52.06843213333334,49.18397396666666,59.601055,7.532623011930333
2024-08-24 20:00:00,43.68452506666667,43.77276131666667,56.693905,13.009379810042311
2024-08-24 20:30:00,37.7886692,49.77103386666667,55.23608,17.447410969677733
2024-08-24 21:00:00,40.26504225,44.374259566666666,50.977795,10.712752397216796
2024-08-24 21:30:00,39.42068335,49.4125012,48.52252,9.101834807958987
2024-08-24 22:00:00,40.645840383333336,44.52800213333333,46.791775,6.145934366422523
2024-08-24 22:30:00,35.60832505,39.63426148333333,44.884136,9.275811149951174
2024-08-24 23:00:00,36.32430741666666,42.249195500000006,42.004833,5.680525804768884
2024-08-24 23:30:00,38.020721683333335,37.59896565,39.612698,1.5919759179850246
2024-08-25 00:00:00,35.028889,37.068027566666665,36.802914,1.7740246657714849
2024-08-25 00:30:00,27.5582222,33.278335366666674,34.592983,7.03476104584961
2024-08-25 01:00:00,25.55293655,32.933820116666666,32.859478,7.306541446826174
2024-08-25 01:30:00,24.848444233333336,29.01993823333333,29.51823,4.669786204899086
2024-08-25 02:00:00,26.3801883,29.278794466666668,28.188488,1.8082997065917965
2024-08-25 02:30:00,24.352070416666667,27.377122216666667,23.880627,-0.47144373819986995
2024-08-25 03:00:00,23.75655491666667,27.07725255,26.021725,2.265169784261065
2024-08-25 03:30:00,25.80772053333333,25.43717835,25.96841,0.16068995861002833
2024-08-25 04:00:00,25.765584966666665,25.01268795,28.18002,2.414434411995444
2024-08-25 04:30:00,25.67085428333333,25.841673916666668,30.390575,4.7197211256022165
2024-08-25 05:00:00,31.88785601666667,28.91567925,32.22822,0.34036587664387596
2024-08-25 05:30:00,37.95847778333333,34.98034653333333,34.646145,-3.3123329163899697
2024-08-25 06:00:00,33.55898173333333,31.195469516666662,37.56323,4.0042468738444015
2024-08-25 06:30:00,33.9307663,30.89442408333333,34.257397,0.32663039799804494
2024-08-25 07:00:00,21.301409016666668,23.0594551,26.060802,4.759393443050129
2024-08-25 07:30:00,10.512736683333332,6.811773383333333,12.722073,2.209335917985028
2024-08-25 08:00:00,0.4074311833333346,-2.2761166999999998,-2.4432564,-2.8506875615071627
2024-08-25 08:30:00,-15.103042183333336,-32.769019416666666,-22.86237,-7.759327354020179
2024-08-25 09:00:00,-17.37358546666667,-60.31750008333333,-47.005726,-29.632140393929035
2024-08-25 09:30:00,-22.11422413333333,-69.24253341666666,-65.879944,-43.76571971432292
2024-08-25 10:00:00,-36.58980716666667,-101.50246225,-83.43753,-46.84772335091146
2024-08-25 10:30:00,-37.38765833333333,-111.86342335,-97.92027,-60.53261449381511
2024-08-25 11:00:00,-54.34901168333334,-131.6261887,-109.52631,-55.177302098404944
2024-08-25 11:30:00,-64.65149050000001,-148.4266005,-116.398926,-51.74743528124999
2024-08-25 12:00:00,-78.90067218333333,-153.26049725,-121.27762,-42.3769462248698
2024-08-25 12:30:00,-72.72710265,-151.39258295,-122.9552,-50.228097545312494
2024-08-25 13:00:00,-62.477264983333335,-158.239679,-121.0067,-58.5294336250651
2024-08-25 13:30:00,-78.19274988333333,-154.76672433333334,-114.39957,-36.20681676705729
2024-08-25 14:00:00,-73.47024664999999,-131.03736335,-105.3067,-31.836455010156257
2024-08-25 14:30:00,-43.78039761666667,-109.8004357,-90.10145,-46.32105044241536
2024-08-25 15:00:00,-24.20315438333333,-87.85782223333332,-71.4404,-47.23724478658855
2024-08-25 15:30:00,-4.894231233333333,-62.181636266666665,-51.939045,-47.04481371905925
2024-08-25 16:00:00,-11.650118933333331,-31.86073318333333,-27.879475,-16.229355706559247
2024-08-25 16:30:00,7.450107299999999,-2.6990199333333336,-5.700306,-13.150413238720702
2024-08-25 17:00:00,22.8860495,23.576252266666668,13.9710045,-8.915045013916014
2024-08-25 17:30:00,40.4658533,37.36998798333333,31.68945,-8.776403989697265
2024-08-25 18:00:00,46.61969976666666,40.0852724,45.10774,-1.5119612717936164
2024-08-25 18:30:00,56.72754493333333,42.33912148333334,51.793453,-4.934091716780593
2024-08-25 19:00:00,49.354724,47.03389488333334,54.41772,5.062996794677737
2024-08-25 19:30:00,46.21794435,52.06843213333334,58.16125,11.943306718115231
2024-08-25 20:00:00,48.58714215,43.68452506666667,55.451885,6.864743073388674
2024-08-25 20:30:00,43.87446155,37.7886692,51.698116,7.823654752490235
2024-08-25 21:00:00,47.56419991666667,40.26504225,46.86868,-0.6955208700358071
2024-08-25 21:30:00,38.7158478,39.42068335,43.68693,4.971083810107423
2024-08-25 22:00:00,36.76341048333333,40.645840383333336,41.109493,4.346082772281903
2024-08-25 22:30:00,35.321595,35.60832505,40.896633,5.575038148193357
2024-08-25 23:00:00,36.9148679,36.32430741666666,39.118984,2.204116322412112
2024-08-25 23:30:00,41.656250283333335,38.020721683333335,36.721203,-4.935047432991539
2024-08-26 00:00:00,36.60965235,35.028889,35.137707,-1.4719455934082006
2024-08-26 00:30:00,27.62122008333333,27.5582222,32.24644,4.625220804117841
2024-08-26 01:00:00,25.555265066666667,25.55293655,30.88763,5.332365395979817
2024-08-26 01:30:00,27.69158593333333,24.848444233333336,27.75549,0.06390341603190564
2024-08-26 02:00:00,25.8018879,26.3801883,24.44093,-1.3609584871582037
2024-08-26 02:30:00,26.29958,24.352070416666667,22.904186,-3.395393751220702
2024-08-26 03:00:00,25.08002008333333,23.75655491666667,23.694195,-1.3858252896321588
2024-08-26 03:30:00,25.25242563333333,25.80772053333333,24.014065,-1.2383608445149719
2024-08-26 04:00:00,27.5622673,25.765584966666665,26.883297,-0.6789703334472641
2024-08-26 04:30:00,32.266895600000005,25.67085428333333,29.722729,-2.5441668707519582
2024-08-26 05:00:00,30.15313946666667,31.88785601666667,29.626781,-0.5263580030436223
2024-08-26 05:30:00,31.211941666666664,37.95847778333333,34.73971,3.527770094807945
2024-08-26 06:00:00,30.58684768333333,33.55898173333333,36.573635,5.986787417985031
2024-08-26 06:30:00,24.32426763333333,33.9307663,33.54347,9.219200842008465
2024-08-26 07:00:00,23.11945345,21.301409016666668,26.640285,3.5208320419433576
2024-08-26 07:30:00,12.758319983333337,10.512736683333332,13.915447,1.1571272517740852
2024-08-26 08:00:00,-2.8710621999999995,0.4074311833333346,-4.7832527,-1.9121905160644537
2024-08-26 08:30:00,-32.87055778333333,-15.103042183333336,-25.077442,7.793115614143879
2024-08-26 09:00:00,-49.54175275,-17.37358546666667,-46.76285,2.77890103491211
2024-08-26 09:30:00,-76.9057245,-22.11422413333333,-63.386936,13.518788312255865
2024-08-26 10:00:00,-100.8569072,-36.58980716666667,-78.6276,22.22930557646484
2024-08-26 10:30:00,-117.57678331666666,-37.38765833333333,-91.05068,26.52610124879557
2024-08-26 11:00:00,-128.60619048333334,-54.34901168333334,-99.97708,28.62910918450521
2024-08-26 11:30:00,-151.89560798333332,-64.65149050000001,-105.333954,46.561654125911446
2024-08-26 12:00:00,-144.80532495,-78.90067218333333,-110.04007,34.765255369921874
2024-08-26 12:30:00,-129.39589161666666,-72.72710265,-111.67766,17.718233535611972
2024-08-26 13:00:00,-127.54017103333337,-62.477264983333335,-105.43906,22.10111463684899
2024-08-26 13:30:00,-133.34912738333333,-78.19274988333333,-99.21305,34.13607654104817
2024-08-26 14:00:00,-122.16414785,-73.47024664999999,-90.78024,31.38390493007813
2024-08-26 14:30:00,-105.56482826666668,-43.78039761666667,-74.47969,31.085137714908868
2024-08-26 15:00:00,-94.75072613333332,-24.20315438333333,-55.849598,38.90112820242511
2024-08-26 15:30:00,-60.30740326666666,-4.894231233333333,-36.34215,23.965251624820958
2024-08-26 16:00:00,-36.8474737,-11.650118933333331,-16.079014,20.76845987553711
2024-08-26 16:30:00,-5.067826583333333,7.450107299999999,5.9294243,10.997250869222004
2024-08-26 17:00:00,23.094857766666667,22.8860495,22.297146,-0.7977119231608079
2024-08-26 17:30:00,38.443668300000006,40.4658533,38.327374,-0.11629479536133402
2024-08-26 18:00:00,50.32286715,46.61969976666666,49.06941,-1.2534587332519536
2024-08-26 18:30:00,51.104276166666665,56.72754493333333,54.379818,3.2755417959798194
2024-08-26 19:00:00,55.96658555,49.354724,57.130566,1.163980093310549
2024-08-26 19:30:00,51.49978951666666,46.21794435,56.275143,4.775353153011075
2024-08-26 20:00:00,45.37563381666666,48.58714215,51.652218,6.276584048323578
2024-08-26 20:30:00,43.11577543333333,43.87446155,48.60716,5.491383227555339
2024-08-26 21:00:00,43.43860385,47.56419991666667,45.994305,2.555700806982422
2024-08-26 21:30:00,40.66834565,38.7158478,41.960384,1.2920387188964852
2024-08-26 22:00:00,41.34514618333333,36.76341048333333,41.36616,0.021015163102219958
2024-08-26 22:30:00,42.26245831666667,35.321595,38.74786,-3.5145983618326824
2024-08-26 23:00:00,36.66497293333333,36.9148679,38.754864,2.0898908056803407
2024-08-26 23:30:00,38.753282516666665,41.656250283333335,37.555004,-1.1982783967936186
2024-08-27 00:00:00,39.45081451666667,36.60965235,35.587612,-3.8632023645670586
2024-08-27 00:30:00,32.7476006,27.62122008333333,32.13908,-0.6085205523925765
2024-08-27 01:00:00,31.3058699,25.555265066666667,29.906094,-1.3997763025878918
2024-08-27 01:30:00,31.32416648333333,27.69158593333333,26.574642,-4.7495243019368445
2024-08-27 02:00:00,31.80894781666667,25.8018879,25.070263,-6.738684907731123
2024-08-27 02:30:00,28.964602433333337,26.29958,23.266842,-5.697760544905602
2024-08-27 03:00:00,29.1837595,25.08002008333333,23.478634,-5.705125619384766
2024-08-27 03:30:00,30.663809216666667,25.25242563333333,25.522655,-5.1411537296061205
2024-08-27 04:00:00,32.90250305,27.5622673,27.341854,-5.560648954541016
2024-08-27 04:30:00,32.16915001666667,32.266895600000005,30.866665,-1.3024851301920606
2024-08-27 05:00:00,30.93180725,30.15313946666667,31.020153,0.08834579565429834
2024-08-27 05:30:00,32.254323283333335,31.211941666666664,34.841076,2.586752613883462
2024-08-27 06:00:00,34.65977266666667,30.58684768333333,37.74168,3.081907478597003
2024-08-27 06:30:00,33.186308700000005,24.32426763333333,35.078564,1.8922549901855419
2024-08-27 07:00:00,31.615713383333333,23.11945345,28.727947,-2.8877661482259107
2024-08-27 07:30:00,20.323037766666666,12.758319983333337,17.425854,-2.8971840374186186
2024-08-27 08:00:00,14.896728833333334,-2.8710621999999995,7.249415e-05,-14.896656339184126
2024-08-27 08:30:00,-31.536269466666663,-32.87055778333333,-19.169636,12.366633693961585
2024-08-27 09:00:00,-57.66976726666667,-49.54175275,-39.93749,17.732278710758465
2024-08-27 09:30:00,-90.31618793333332,-76.9057245,-60.131367,30.184821203596996
2024-08-27 10:00:00,-110.6692194,-100.8569072,-75.50998,35.15924015195313
2024-08-27 10:30:00,-133.03752776666667,-117.57678331666666,-91.89177,41.14575835748698
2024-08-27 11:00:00,-140.23625331666668,-128.60619048333334,-104.19601,36.04024654176433
2024-08-27 11:30:00,-146.1869615,-151.89560798333332,-114.114586,32.07237562353515
2024-08-27 12:00:00,-149.54765898333332,-144.80532495,-116.76962,32.778036180598946
2024-08-27 12:30:00,-153.8539788,-129.39589161666666,-119.656555,34.19742362421874
2024-08-27 13:00:00,-134.84652728333333,-127.54017103333337,-116.06595,18.780578797005205
2024-08-27 13:30:00,-136.28154383333333,-133.34912738333333,-110.26761,26.013935190755205
2024-08-27 14:00:00,-137.17882158333333,-122.16414785,-102.11607,35.062747974934894
2024-08-27 14:30:00,-124.88915046666666,-105.56482826666668,-87.362305,37.52684577916666
2024-08-27 15:00:00,-99.6786287,-94.75072613333332,-68.987274,30.69135453007813
2024-08-27 15:30:00,-70.98527023333334,-60.30740326666666,-49.25902,21.726248474300135
2024-08-27 16:00:00,-36.92754261666666,-36.8474737,-28.625385,8.302157332242835
2024-08-27 16:30:00,-9.583615316666664,-5.067826583333333,-6.641514,2.942101492203774
2024-08-27 17:00:00,10.4306683,23.094857766666667,12.351528,1.9208598677246087
2024-08-27 17:30:00,26.22010033333333,38.443668300000006,28.6011,2.3810005882975283
2024-08-27 18:00:00,35.70002221666667,50.32286715,41.947628,6.247605804573567
2024-08-27 18:30:00,48.47622331666667,51.104276166666665,50.635036,2.1588131518391904
2024-08-27 19:00:00,48.55458811666667,55.96658555,52.029797,3.475208483675125
2024-08-27 19:30:00,47.46053991666667,51.49978951666666,53.93704,6.476498504964191
2024-08-27 20:00:00,41.64064848333333,45.37563381666666,51.774944,10.134295822086592
2024-08-27 20:30:00,45.97467666666666,43.11577543333333,47.635723,1.6610464473470117
2024-08-27 21:00:00,42.72405559999999,43.43860385,43.757442,1.0333868743652417
2024-08-27 21:30:00,41.224540350000005,40.66834565,40.082714,-1.1418262691894583
2024-08-27 22:00:00,41.50470668333333,41.34514618333333,39.75706,-1.74764567869466
2024-08-27 22:30:00,32.86037105,42.26245831666667,38.66882,5.808448377490237
2024-08-27 23:00:00,38.31121051666667,36.66497293333333,36.96777,-1.343440893863935
2024-08-27 23:30:00,37.95015051666667,38.753282516666665,35.97816,-1.9719896585123706
2024-08-28 00:00:00,34.70837615,39.45081451666667,35.52522,0.8168428136230474
2024-08-28 00:30:00,27.69428555,32.7476006,33.09776,5.403473696826172
2024-08-28 01:00:00,29.27242043333333,31.3058699,31.754772,2.4823517529459664
2024-08-28 01:30:00,27.687798333333333,31.32416648333333,28.667095,0.9792968509928386
2024-08-28 02:00:00,27.65970868333333,31.80894781666667,24.625347,-3.0343615458821596
2024-08-28 02:30:00,26.585372733333333,28.964602433333337,23.228802,-3.3565710060384113
2024-08-28 03:00:00,26.09240725,29.1837595,25.911114,-0.18129351098632895
2024-08-28 03:30:00,26.0383063,30.663809216666667,25.02322,-1.0150862377441392
2024-08-28 04:00:00,24.73706835,32.90250305,26.160793,1.4237249544433581
2024-08-28 04:30:00,27.149081616666667,32.16915001666667,30.531322,3.38224086258138
2024-08-28 05:00:00,33.43523565,30.93180725,32.74342,-0.6918160027832059
2024-08-28 05:30:00,37.42657725,32.254323283333335,34.91998,-2.5065981545410168
2024-08-28 06:00:00,31.164718383333334,34.65977266666667,36.332043,5.167324310758463
2024-08-28 06:30:00,29.69207333333333,33.186308700000005,32.717373,3.02529956095378
2024-08-28 07:00:00,26.496753866666666,31.615713383333333,27.714352,1.2175977873860688
2024-08-28 07:30:00,19.96676335,20.323037766666666,14.605419,-5.361344191064454
2024-08-28 08:00:00,4.201403233333331,14.896728833333334,-1.4856148,-5.6870180099446594
2024-08-28 08:30:00,-37.35775481666667,-31.536269466666663,-19.786152,17.571602930680342
2024-08-28 09:00:00,-75.535674,-57.66976726666667,-40.837467,34.698206806396485
2024-08-28 09:30:00,-88.5426101,-90.31618793333332,-61.89745,26.6451606065918
2024-08-28 10:00:00,-110.26379658333332,-110.6692194,-80.833275,29.430521742024723
2024-08-28 10:30:00,-121.92866865,-133.03752776666667,-98.11689,23.811778696386725
2024-08-28 11:00:00,-135.87974726666667,-140.23625331666668,-110.7569,25.12285029401042
2024-08-28 11:30:00,-144.67624516666666,-146.1869615,-120.407616,24.268629505045567
2024-08-28 12:00:00,-147.06112156666666,-149.54765898333332,-125.67622,21.384897811783844
2024-08-28 12:30:00,-148.47390753333335,-153.8539788,-129.67784,18.79606634680991
2024-08-28 13:00:00,-140.29567116666666,-134.84652728333333,-125.49961,14.796060265787759
2024-08-28 13:30:00,-133.33354369999998,-136.28154383333333,-116.645676,16.68786804082029
2024-08-28 14:00:00,-108.64304613333331,-137.17882158333333,-107.70904,0.9340083525715954
2024-08-28 14:30:00,-89.19219383333332,-124.88915046666666,-91.8316,-2.6394025411783986
2024-08-28 15:00:00,-84.80485063333333,-99.6786287,-74.80229,10.002558763216143
2024-08-28 15:30:00,-51.17264848333334,-70.98527023333334,-53.813282,-2.640633529606113
2024-08-28 16:00:00,-33.083683433333334,-36.92754261666666,-29.93114,3.152542533675131
2024-08-28 16:30:00,-4.641975666666666,-9.583615316666664,-5.3120613,-0.6700856431477868
2024-08-28 17:00:00,21.163030666666668,10.4306683,14.014919,-7.148111385660808
2024-08-28 17:30:00,38.78711775,26.22010033333333,30.784618,-8.002499372314453
2024-08-28 18:00:00,55.78818161666667,35.70002221666667,43.41244,-12.37574036300456
2024-08-28 18:30:00,62.89437876666667,48.47622331666667,51.817013,-11.077365979801435
2024-08-28 19:00:00,53.742855600000006,48.55458811666667,55.08067,1.3378138030761662
2024-08-28 19:30:00,52.290082616666666,47.46053991666667,54.49055,2.2004683782063807
2024-08-28 20:00:00,49.98698658333333,41.64064848333333,50.984966,0.9979796947428454
2024-08-28 20:30:00,46.64865425,45.97467666666666,47.01286,0.364205094482422
2024-08-28 21:00:00,56.19083286666666,42.72405559999999,42.428356,-13.762476696012364
2024-08-28 21:30:00,52.99111513333333,41.224540350000005,41.059597,-11.931518117952471
2024-08-28 22:00:00,44.75379326666666,41.50470668333333,41.14497,-3.608823326481115
2024-08-28 22:30:00,40.34273386666667,32.86037105,40.201748,-0.14098597237956056
2024-08-28 23:00:00,39.2603345,38.31121051666667,38.68498,-0.5753560148925772
2024-08-28 23:30:00,38.569345516666665,37.95015051666667,35.18478,-3.384565395817056
2024-08-29 00:00:00,31.76902768333333,34.70837615,33.96208,2.193050411149091
2024-08-29 00:30:00,31.33974235,27.69428555,33.870205,2.5304625755371077
2024-08-29 01:00:00,29.82575668333333,29.27242043333333,30.270336,0.44457946778971547
2024-08-29 01:30:00,29.054343216666663,27.687798333333333,26.66734,-2.3870038917154908
2024-08-29 02:00:00,26.553622716666663,27.65970868333333,23.796429,-2.757194036246741
2024-08-29 02:30:00,25.536607216666667,26.585372733333333,22.912258,-2.6243490684733075
2024-08-29 03:00:00,27.365771616666667,26.09240725,23.035137,-4.330634440152995
2024-08-29 03:30:00,25.31030605,26.0383063,23.435406,-1.8749003187988293
2024-08-29 04:00:00,27.88639003333333,24.73706835,25.523067,-2.363322558968097
2024-08-29 04:30:00,30.2505311,27.149081616666667,28.884212,-1.3663186061035155
2024-08-29 05:00:00,37.88705446666667,33.43523565,28.67236,-9.214695000113934
2024-08-29 05:30:00,40.27836155,37.42657725,30.990398,-9.287963143017578
2024-08-29 06:00:00,35.60185496666667,31.164718383333334,32.435863,-3.1659914717936246
2024-08-29 06:30:00,32.94330333333333,29.69207333333333,28.778515,-4.164788471272786
2024-08-29 07:00:00,22.401340583333333,26.496753866666666,21.521969,-0.8793717417805986
2024-08-29 07:30:00,13.129265466666666,19.96676335,9.573757,-3.555508295035807
2024-08-29 08:00:00,-9.131383733333331,4.201403233333331,-6.076847,3.054536656917316
2024-08-29 08:30:00,-29.390425516666667,-37.35775481666667,-24.571583,4.818842722477214
2024-08-29 09:00:00,-67.30332048333334,-75.535674,-51.283436,16.019884661800134
2024-08-29 09:30:00,-88.38166626666667,-88.5426101,-72.34184,16.039823615299483
2024-08-29 10:00:00,-129.10766478333332,-110.26379658333332,-90.449646,38.65801878723957
2024-08-29 10:30:00,-139.2481533333333,-121.92866865,-107.07531,32.17284357991534
2024-08-29 11:00:00,-138.0246373,-135.87974726666667,-121.07985,16.944788056835932
2024-08-29 11:30:00,-153.40547095,-144.67624516666666,-130.99492,22.410552126757807
2024-08-29 12:00:00,-157.83674766666667,-147.06112156666666,-138.45673,19.380021592447918
2024-08-29 12:30:00,-151.69092561666665,-148.47390753333335,-140.56967,11.121253985807272
2024-08-29 13:00:00,-154.16256984999998,-140.29567116666666,-137.212,16.950564234765608
2024-08-29 13:30:00,-144.67836268333335,-133.33354369999998,-128.25998,16.418383435286472
2024-08-29 14:00:00,-134.72211554999998,-108.64304613333331,-116.756226,17.965889964062484
2024-08-29 14:30:00,-119.46247838333332,-89.19219383333332,-99.49214,19.970336659700507
2024-08-29 15:00:00,-99.68962791666668,-84.80485063333333,-79.06682,20.622809679361993
2024-08-29 15:30:00,-59.4319187,-51.17264848333334,-53.964558,5.467361052294919
2024-08-29 16:00:00,-32.98276855,-33.083683433333334,-28.210087,4.772681727490237
2024-08-29 16:30:00,-8.062635833333333,-4.641975666666666,-4.119526,3.943109923909505
2024-08-29 17:00:00,18.96530783333333,21.163030666666668,16.162304,-2.8030039087727836
2024-08-29 17:30:00,31.822514566666666,38.78711775,32.144497,0.3219823510579438
2024-08-29 18:00:00,42.53959106666667,55.78818161666667,43.387035,0.8474443032063803
2024-08-29 18:30:00,53.64378853333333,62.89437876666667,49.159084,-4.484704213264969
2024-08-29 19:00:00,48.14537826666666,53.742855600000006,51.36729,3.2219122301595107
2024-08-29 19:30:00,43.79851288333333,52.290082616666666,51.3753,7.576788477750654
2024-08-29 20:00:00,46.80119008333333,49.98698658333333,50.528744,3.727553660563153
2024-08-29 20:30:00,46.912192016666665,46.64865425,48.513744,1.6015523375813814
2024-08-29 21:00:00,39.19258378333333,56.19083286666666,44.90974,5.717156664664714
2024-08-29 21:30:00,35.14082065,52.99111513333333,43.98222,8.84139904604492
2024-08-29 22:00:00,32.69051285,44.75379326666666,42.88075,10.1902358987793
2024-08-29 22:30:00,27.877068966666663,40.34273386666667,42.28886,14.41179135437826
2024-08-29 23:00:00,37.4513015,39.2603345,40.651226,3.1999245437011723
2024-08-29 23:30:00,36.25708828333333,38.569345516666665,38.482723,2.225634952750653
2024-08-30 00:00:00,35.89707335,31.76902768333333,34.691586,-1.205487809228515
2024-08-30 00:30:00,28.42285935,31.33974235,34.38838,5.965518793310547
2024-08-30 01:00:00,26.4321135,29.82575668333333,31.52209,5.089977411865235
2024-08-30 01:30:00,25.32660493333333,29.054343216666663,31.821346,6.494741349625656
2024-08-30 02:00:00,22.969485016666667,26.553622716666663,29.279842,6.3103573600423175
2024-08-30 02:30:00,20.655044383333333,25.536607216666667,29.104687,8.449642353727214
2024-08-30 03:00:00,24.810459466666668,27.365771616666667,28.753948,3.943488745003254
2024-08-30 03:30:00,27.58006005,25.31030605,27.555874,-0.024186179150390785
2024-08-30 04:00:00,27.3189562,27.88639003333333,27.380856,0.06189936030273557
2024-08-30 04:30:00,24.75216228333333,30.2505311,28.914959,4.1627966705240915
2024-08-30 05:00:00,30.90212228333333,37.88705446666667,31.161999,0.25987646544596643
2024-08-30 05:30:00,36.41507498333333,40.27836155,34.511868,-1.903207460139967
2024-08-30 06:00:00,33.4483754,35.60185496666667,35.80972,2.361343685693356
2024-08-30 06:30:00,27.19819105,32.94330333333333,31.452404,4.2542129722167985
2024-08-30 07:00:00,15.77012845,22.401340583333333,22.858517,7.088388243115235
2024-08-30 07:30:00,1.7788343666666664,13.129265466666666,7.7294273,5.950592970979818
2024-08-30 08:00:00,-23.04110725,-9.131383733333331,-8.758472,14.282634807373046
2024-08-30 08:30:00,-51.5857285,-29.390425516666667,-30.056904,21.528824660888674
2024-08-30 09:00:00,-74.52074761666667,-67.30332048333334,-54.01099,20.509757473844402
2024-08-30 09:30:00,-89.13223386666668,-88.38166626666667,-74.16168,14.970551737760431
2024-08-30 10:00:00,-117.43290276666666,-129.10766478333332,-95.23784,22.19506402154947
2024-08-30 10:30:00,-131.82398145,-139.2481533333333,-112.247856,19.576125309863272
2024-08-30 11:00:00,-145.18519676666668,-138.0246373,-125.77404,19.41115654449871
2024-08-30 11:30:00,-158.62809156666663,-153.40547095,-136.45724,22.17084669361975
2024-08-30 12:00:00,-158.0681227,-157.83674766666667,-143.03491,15.033210590625004
2024-08-30 12:30:00,-156.87679305,-151.69092561666665,-147.13246,9.744331502148441
2024-08-30 13:00:00,-165.07033268333333,-154.16256984999998,-142.5632,22.50713077903646
2024-08-30 13:30:00,-153.91373181666663,-144.67836268333335,-133.1706,20.743138554947876
2024-08-30 14:00:00,-126.780529,-134.72211554999998,-122.50678,4.27374646826172
2024-08-30 14:30:00,-105.88530151666669,-119.46247838333332,-104.68454,1.2007617217448114
2024-08-30 15:00:00,-77.63134396666666,-99.68962791666668,-82.68607,-5.054729336555994
2024-08-30 15:30:00,-58.21961356666666,-59.4319187,-59.16483,-0.9452156874837314
2024-08-30 16:00:00,-38.13826986666667,-32.98276855,-32.303654,5.834616149625653
2024-08-30 16:30:00,-13.3139944,-8.062635833333333,-8.833195,4.480799667333985
2024-08-30 17:00:00,10.2757486,18.96530783333333,11.887859,1.6121107444824219
2024-08-30 17:30:00,28.45050331666667,31.822514566666666,29.648083,1.1975794164876277
2024-08-30 18:00:00,31.58157513333333,42.53959106666667,41.012264,9.430689118375653
2024-08-30 18:30:00,40.76137608333333,53.64378853333333,47.62689,6.865512191813153
2024-08-30 19:00:00,45.0284695,48.14537826666666,51.70834,6.6798701911621094
2024-08-30 19:30:00,41.75258828333333,43.79851288333333,51.5184,9.765810001578778
2024-08-30 20:00:00,48.11455326666667,46.80119008333333,49.033306,0.9187528551595037
2024-08-30 20:30:00,46.45452623333333,46.912192016666665,46.64567,0.19114561114908923
2024-08-30 21:00:00,48.265863333333336,39.19258378333333,44.646893,-3.6189707857259137
2024-08-30 21:30:00,41.591035616666666,35.14082065,40.384945,-1.2060907008951816
2024-08-30 22:00:00,39.78353838333333,32.69051285,36.739117,-3.0444217146321577
2024-08-30 22:30:00,33.75311045,27.877068966666663,36.832195,3.0790848319824207
2024-08-30 23:00:00,34.21386461666666,37.4513015,35.883526,1.66966123172201
2024-08-30 23:30:00,31.1251317,36.25708828333333,35.952908,4.827775862255859
2024-08-31 00:00:00,27.017979333333333,35.89707335,34.96063,7.9426491761881515
2024-08-31 00:30:00,25.57830605,28.42285935,30.839764,5.2614575913574235
2024-08-31 01:00:00,24.480776516666666,26.4321135,27.872265,3.3914883453938813
2024-08-31 01:30:00,22.65750506666667,25.32660493333333,25.520092,2.862586943831378
2024-08-31 02:00:00,21.93671876666667,22.969485016666667,23.514568,1.5778495621907531
2024-08-31 02:30:00,23.18904205,20.655044383333333,23.319012,0.1299696382324207
2024-08-31 03:00:00,20.05622815,24.810459466666668,24.44363,4.38740206850586
2024-08-31 03:30:00,18.61491713333333,27.58006005,24.342937,5.728020336149093
2024-08-31 04:00:00,18.94332123333333,27.3189562,28.578732,9.635410303531906
2024-08-31 04:30:00,18.56136628333333,24.75216228333333,30.095058,11.533692157828778
2024-08-31 05:00:00,27.508164333333337,30.90212228333333,30.504223,2.99605853653971
2024-08-31 05:30:00,34.32980551666667,36.41507498333333,32.75079,-1.5790158743326828
2024-08-31 06:00:00,32.105813366666666,33.4483754,31.962292,-0.14352164913736942
2024-08-31 06:30:00,27.724568450000003,27.19819105,28.186337,0.46176806733398124
2024-08-31 07:00:00,13.602277199999998,15.77012845,19.5041,5.901823599560549
2024-08-31 07:30:00,-5.21808215,1.7788343666666664,5.7157097,10.933791836279298
2024-08-31 08:00:00,-26.12753043333333,-23.04110725,-12.173252,13.95427832762044
2024-08-31 08:30:00,-44.1345607,-51.5857285,-33.789066,10.345494385302736
2024-08-31 09:00:00,-65.96418926666666,-74.52074761666667,-57.013737,8.95045254181315
2024-08-31 09:30:00,-91.7525453,-89.13223386666668,-79.78107,11.971478405468744
2024-08-31 10:00:00,-90.3016238,-117.43290276666666,-100.34975,-10.048122904101561
2024-08-31 10:30:00,-110.87397661666668,-131.82398145,-117.11449,-6.240510077669256
2024-08-31 11:00:00,-133.99123026666666,-145.18519676666668,-129.51,4.481235759830724
2024-08-31 11:30:00,-140.03177061666668,-158.62809156666663,-139.1449,0.8868731557291767
2024-08-31 12:00:00,-151.94103738333334,-158.0681227,-142.2121,9.728940215364588
2024-08-31 12:30:00,-147.67301331666667,-156.87679305,-143.99109,3.681924449479169
2024-08-31 13:00:00,-123.94259068333334,-165.07033268333333,-140.13228,-16.189687759049477
2024-08-31 13:30:00,-104.79026498333332,-153.91373181666663,-131.31232,-26.522051911197934
2024-08-31 14:00:00,-110.08553038333334,-126.780529,-119.246765,-9.161234753385415
2024-08-31 14:30:00,-115.72218626666668,-105.88530151666669,-99.37512,16.347064196354182
2024-08-31 15:00:00,-92.66394493333333,-77.63134396666666,-77.1589,15.505047533430982
2024-08-31 15:30:00,-61.83952943333333,-58.21961356666666,-55.116062,6.723467269026692
2024-08-31 16:00:00,-42.60388613333333,-38.13826986666667,-29.401188,13.202698236604817
2024-08-31 16:30:00,-17.362949566666668,-13.3139944,-8.412235,8.950714306656902
2024-08-31 17:00:00,10.938365500000002,10.2757486,12.67004,1.7316746306152329
2024-08-31 17:30:00,27.81308336666667,28.45050331666667,30.491894,2.678810401643876
2024-08-31 18:00:00,43.649240983333335,31.58157513333333,41.484585,-2.164656174983726
2024-08-31 18:30:00,45.12396745,40.76137608333333,46.969738,1.8457705565917948
2024-08-31 19:00:00,40.19209386666667,45.0284695,47.906857,7.714762670198567
2024-08-31 19:30:00,39.46968005,41.75258828333333,49.780895,10.311215183154296
2024-08-31 20:00:00,38.80265346666667,48.11455326666667,47.020306,8.217652166878253
2024-08-31 20:30:00,39.44383148333333,46.45452623333333,42.691708,3.247876127750658
2024-08-31 21:00:00,41.15524723333333,48.265863333333336,40.724483,-0.43076374334309264
2024-08-31 21:30:00,41.12158216666666,41.591035616666666,38.54063,-2.580951826090491
2024-08-31 22:00:00,31.33058205,39.78353838333333,37.494656,6.164073559130859
2024-08-31 22:30:00,30.576014933333337,33.75311045,38.046978,7.470963063492835
2024-08-31 23:00:00,36.23739498333333,34.21386461666666,35.934216,-0.30317943767903444
2024-08-31 23:30:00,34.227785966666666,31.1251317,35.547955,1.3201685926595061
2024-09-01 00:00:00,29.497558366666667,27.017979333333333,34.363842,4.86628364383138
2024-09-01 00:30:00,23.18718885,25.57830605,29.292645,6.105455650732424
2024-09-01 01:00:00,22.591087716666667,24.480776516666666,28.49963,5.908542257698567
2024-09-01 01:30:00,18.6741692,22.65750506666667,26.183178,7.509008747998045
2024-09-01 02:00:00,18.797060966666667,21.93671876666667,24.51112,5.71405887586263
2024-09-01 02:30:00,20.48087973333333,23.18904205,24.716793,4.235913326969403
2024-09-01 03:00:00,23.378233366666667,20.05622815,25.00813,1.6298957532063802
2024-09-01 03:30:00,22.90998103333333,18.61491713333333,25.133785,2.2238042144694035
2024-09-01 04:00:00,22.139210700000003,18.94332123333333,24.550426,2.4112157831542937
2024-09-01 04:30:00,21.93721118333333,18.56136628333333,25.520412,3.583201261735031
2024-09-01 05:00:00,27.39648043333333,27.508164333333337,25.882687,-1.5137938183430961
2024-09-01 05:30:00,32.54469558333333,34.32980551666667,27.054546,-5.490149227132157
2024-09-01 06:00:00,33.53944015,32.105813366666666,29.766048,-3.773391718603513
2024-09-01 06:30:00,26.26639156666667,27.724568450000003,27.30006,1.0336687055501272
2024-09-01 07:00:00,10.9440038,13.602277199999998,19.176723,8.232719680224609
2024-09-01 07:30:00,-10.6668061,-5.21808215,4.087124,14.75392997084961
2024-09-01 08:00:00,-31.802852233333336,-26.12753043333333,-17.627293,14.175559600276696
2024-09-01 08:30:00,-45.927966,-44.1345607,-38.883686,7.04427993432617
2024-09-01 09:00:00,-67.33428135,-65.96418926666666,-63.495625,3.8386568077636696
2024-09-01 09:30:00,-80.77320608333333,-91.7525453,-85.59135,-4.818140657389321
2024-09-01 10:00:00,-99.1435599,-90.3016238,-103.03312,-3.8895593016601566
2024-09-01 10:30:00,-104.84470068333331,-110.87397661666668,-120.34246,-15.497759948990904
2024-09-01 11:00:00,-120.76343686666668,-133.99123026666666,-133.01982,-12.256384300325507
2024-09-01 11:30:00,-133.75830283333332,-140.03177061666668,-140.967,-7.208692405924495
2024-09-01 12:00:00,-144.53878403333331,-151.94103738333334,-146.89153,-2.352741235221373
2024-09-01 12:30:00,-138.29406735,-147.67301331666667,-148.11046,-9.816391024023432
2024-09-01 13:00:00,-121.93620978333333,-123.94259068333334,-141.92555,-19.989342584830737
2024-09-01 13:30:00,-104.9662532,-104.79026498333332,-130.79669,-25.830438694531253
2024-09-01 14:00:00,-102.73885275,-110.08553038333334,-117.05056,-14.311707247558587
2024-09-01 14:30:00,-95.58621566666666,-115.72218626666668,-99.959465,-4.373249360188808
2024-09-01 15:00:00,-83.4964435,-92.66394493333333,-78.464516,5.031927813964842
2024-09-01 15:30:00,-70.69186261666667,-61.83952943333333,-57.10985,13.582010779508465
2024-09-01 16:00:00,-38.226391166666666,-42.60388613333333,-33.806614,4.419777244547525
2024-09-01 16:30:00,-17.472843533333332,-17.362949566666668,-10.689259,6.783584957893879
2024-09-01 17:00:00,2.399197666666668,10.938365500000002,8.501278,6.102080256917317
2024-09-01 17:30:00,25.867982183333336,27.81308336666667,23.808834,-2.0591481074056013
2024-09-01 18:00:00,38.378052833333335,43.649240983333335,35.44372,-2.9343310620931007
2024-09-01 18:30:00,44.20533270000001,45.12396745,44.565228,0.3598948085449152
2024-09-01 19:00:00,45.5670922,40.19209386666667,47.464535,1.8974425595214868
2024-09-01 19:30:00,42.21571406666666,39.46968005,48.14848,5.932765395003258
2024-09-01 20:00:00,43.2241872,38.80265346666667,44.2736,1.049414331982419
2024-09-01 20:30:00,40.52739348333333,39.44383148333333,40.171215,-0.35617842596028026
2024-09-01 21:00:00,38.49346831666666,41.15524723333333,38.779644,0.2861756957845145
2024-09-01 21:30:00,33.204871149999995,41.12158216666666,38.470974,5.266102818505864
2024-09-01 22:00:00,34.27800453333334,31.33058205,37.98756,3.7095557388834592
2024-09-01 22:30:00,34.02689035,30.576014933333337,35.899395,1.8725046390136697
2024-09-01 23:00:00,37.02071493333333,36.23739498333333,33.598736,-3.4219791240071586
2024-09-01 23:30:00,36.87671001666667,34.227785966666666,31.993298,-4.883412439762374
2024-09-02 00:00:00,29.35809738333333,29.497558366666667,32.762875,3.404777219938154
2024-09-02 00:30:00,28.673668383333336,23.18718885,30.811275,2.1376070988443985
2024-09-02 01:00:00,26.00038548333333,22.591087716666667,28.740932,2.740546981266281
2024-09-02 01:30:00,26.2610586,18.6741692,25.972775,-0.288284094384764
2024-09-02 02:00:00,27.61652003333333,18.797060966666667,24.18835,-3.428169355843096
2024-09-02 02:30:00,26.7476656,20.48087973333333,23.00935,-3.7383157770019544
2024-09-02 03:00:00,26.836619483333333,23.378233366666667,22.259869,-4.576750861507161
2024-09-02 03:30:00,25.79679631666667,22.90998103333333,22.323544,-3.473252768082684
2024-09-02 04:00:00,25.486024966666665,22.139210700000003,24.254345,-1.2316800264811185
2024-09-02 04:30:00,24.48006158333333,21.93721118333333,28.078396,3.5983342601725283
2024-09-02 05:00:00,26.50635928333333,27.39648043333333,30.14236,3.6360014039225277
2024-09-02 05:30:00,25.264968916666664,32.54469558333333,32.54849,7.283519700276695
2024-09-02 06:00:00,28.568981616666665,33.53944015,32.905712,4.336730511018882
2024-09-02 06:30:00,25.661395116666665,26.26639156666667,27.770794,2.1093987981282574
2024-09-02 07:00:00,15.662336166666668,10.9440038,17.548763,1.8864271084798165
2024-09-02 07:30:00,5.241405149999999,-10.6668061,4.844433,-0.3969723191894525
2024-09-02 08:00:00,-16.360103849999998,-31.802852233333336,-14.294117,2.065986876123045
2024-09-02 08:30:00,-36.26112486666667,-45.927966,-36.656574,-0.39544938260090845
2024-09-02 09:00:00,-60.207089466666666,-67.33428135,-61.695576,-1.488486247444662
2024-09-02 09:30:00,-91.50481225,-80.77320608333333,-83.097595,8.40721703515625
2024-09-02 10:00:00,-102.66864731666664,-99.1435599,-101.32693,1.3417201316080423
2024-09-02 10:30:00,-128.13967836666666,-104.84470068333331,-116.73845,11.40122926998697
2024-09-02 11:00:00,-145.83487108333335,-120.76343686666668,-129.99887,15.83600023372398
2024-09-02 11:30:00,-148.28448525,-133.75830283333332,-137.93509,10.349396138671864
2024-09-02 12:00:00,-151.06961055,-144.53878403333331,-142.60773,8.461883499218743
2024-09-02 12:30:00,-154.01910445,-138.29406735,-142.31357,11.705536334765611
2024-09-02 13:00:00,-149.1512533,-121.93620978333333,-136.15207,12.999184208203133
2024-09-02 13:30:00,-143.93728116666668,-104.9662532,-125.58242,18.354860817545585
2024-09-02 14:00:00,-131.09795066666666,-102.73885275,-111.79628,19.3016707594401
2024-09-02 14:30:00,-111.306956,-95.58621566666666,-95.38124,15.925715155273437
2024-09-02 15:00:00,-85.10344998333333,-83.4964435,-74.780014,10.323435945247397
2024-09-02 15:30:00,-61.8301833,-70.69186261666667,-55.827335,6.002847942333986
2024-09-02 16:00:00,-28.34735501666667,-38.226391166666666,-33.321354,-4.973998895686847
2024-09-02 16:30:00,-1.3415385166666665,-17.472843533333332,-12.51244,-11.170901211116536
2024-09-02 17:00:00,27.398553366666665,2.399197666666668,4.7855034,-22.613049979215493
2024-09-02 17:30:00,49.93633163333334,25.867982183333336,23.005276,-26.93105590701498
2024-09-02 18:00:00,51.36155778333333,38.378052833333335,35.371197,-15.99036103650716
2024-09-02 18:30:00,58.17881603333333,44.20533270000001,44.74856,-13.430254174202467
2024-09-02 19:00:00,61.39023946666666,45.5670922,50.428356,-10.96188329601236
2024-09-02 19:30:00,60.48977991666666,42.21571406666666,50.359768,-10.130012002848304
2024-09-02 20:00:00,58.9385745,43.2241872,45.947826,-12.990748114501955
2024-09-02 20:30:00,51.71671438333333,40.52739348333333,40.754696,-10.962018490999348
2024-09-02 21:00:00,49.407424416666665,38.49346831666666,37.735226,-11.67219873917643
2024-09-02 21:30:00,46.62322183333333,33.204871149999995,35.561672,-11.061549622639973
2024-09-02 22:00:00,50.27407958333333,34.27800453333334,36.721706,-13.552373192952473
2024-09-02 22:30:00,42.86254323333333,34.02689035,35.91241,-6.950132497249342
2024-09-02 23:00:00,51.750075933333335,37.02071493333333,34.69163,-17.058444616194663
2024-09-02 23:30:00,52.660986666666666,36.87671001666667,32.48318,-20.177805666910807
2024-09-03 00:00:00,39.82117268333334,29.35809738333333,31.602093,-8.219079940413415
2024-09-03 00:30:00,33.20254873333334,28.673668383333336,28.963955,-4.238593807796228
2024-09-03 01:00:00,27.83685836666667,26.00038548333333,27.061031,-0.7758270251139372
2024-09-03 01:30:00,28.66951926666667,26.2610586,24.469692,-4.199827036442059
2024-09-03 02:00:00,26.21506715,27.61652003333333,21.522427,-4.69264054477539
2024-09-03 02:30:00,25.923142233333333,26.7476656,20.6898,-5.233341970882162
2024-09-03 03:00:00,23.534340033333336,26.836619483333333,20.332272,-3.202068457405602
2024-09-03 03:30:00,29.281356766666665,25.79679631666667,22.555859,-6.725498154606118
2024-09-03 04:00:00,26.725712283333333,25.486024966666665,25.474346,-1.2513661224446615
2024-09-03 04:30:00,28.97602563333333,24.48006158333333,27.47787,-1.4981546921712194
2024-09-03 05:00:00,29.6551584,26.50635928333333,29.535152,-0.12000596469726688
2024-09-03 05:30:00,34.5433611,25.264968916666664,30.993038,-3.550322922509764
2024-09-03 06:00:00,36.24072161666667,28.568981616666665,31.104733,-5.135989103238934
2024-09-03 06:30:00,34.711048383333335,25.661395116666665,28.681118,-6.029930371858725
2024-09-03 07:00:00,20.625220966666667,15.662336166666668,19.43887,-1.186351490348308
2024-09-03 07:30:00,5.859796783333333,5.241405149999999,5.7254295,-0.13436724842122327
2024-09-03 08:00:00,-19.0356616,-16.360103849999998,-13.478855,5.55680646694336
2024-09-03 08:30:00,-49.00302991666666,-36.26112486666667,-37.537067,11.465962503336584
2024-09-03 09:00:00,-75.13648959999999,-60.207089466666666,-63.27689,11.8595997989746
2024-09-03 09:30:00,-100.75811298333332,-91.50481225,-86.142075,14.616038398372382
2024-09-03 10:00:00,-115.23013221666668,-102.66864731666664,-106.61607,8.614058608268238
2024-09-03 10:30:00,-123.81939171666666,-128.13967836666666,-122.07368,1.7457146536783767
2024-09-03 11:00:00,-137.76973955000005,-145.83487108333335,-133.7423,4.027445238476616
2024-09-03 11:30:00,-151.9149849833333,-148.28448525,-140.93419,10.980796140559875
2024-09-03 12:00:00,-160.46528576666665,-151.06961055,-145.30972,15.155562866276028
2024-09-03 12:30:00,-159.94605055,-154.01910445,-146.54132,13.404729749218745
2024-09-03 13:00:00,-166.96533288333333,-149.1512533,-142.86061,24.10472192141927
2024-09-03 13:30:00,-165.85695733333333,-143.93728116666668,-135.23067,30.626290219075514
2024-09-03 14:00:00,-143.45736006666667,-131.09795066666666,-121.17437,22.282990254654948
2024-09-03 14:30:00,-132.12238943333332,-111.306956,-101.847916,30.274473783919262
2024-09-03 15:00:00,-102.36115281666667,-85.10344998333333,-81.562515,20.798637557877612
2024-09-03 15:30:00,-81.62205173333334,-61.8301833,-57.901844,23.720207708675133
2024-09-03 16:00:00,-49.57611611666667,-28.34735501666667,-34.134144,15.441972287320965
2024-09-03 16:30:00,-23.769673866666665,-1.3415385166666665,-11.361729,12.407945198453774
2024-09-03 17:00:00,10.808621116666666,27.398553366666665,9.610714,-1.1979071579264318
2024-09-03 17:30:00,33.29811816666667,49.93633163333334,27.069439,-6.228679232340497
2024-09-03 18:00:00,49.16929401666667,51.36155778333333,38.523357,-10.645936625309247
2024-09-03 18:30:00,52.03386080000001,58.17881603333333,47.44305,-4.590810415478522
2024-09-03 19:00:00,56.8641055,61.39023946666666,53.22224,-3.641865052001954
2024-09-03 19:30:00,57.250682833333336,60.48977991666666,53.079678,-4.171005251546227
2024-09-03 20:00:00,55.427470983333336,58.9385745,50.12158,-5.305892766780602
2024-09-03 20:30:00,57.76187385,51.71671438333333,47.134365,-10.627508768212891
2024-09-03 21:00:00,58.10792785,49.407424416666665,43.842693,-14.265234521142581
2024-09-03 21:30:00,55.499271066666665,46.62322183333333,39.843746,-15.655524881363931
2024-09-03 22:00:00,41.95683778333333,50.27407958333333,39.08679,-2.870049605843093
2024-09-03 22:30:00,38.6430627,42.86254323333333,39.670162,1.0270995009277328
2024-09-03 23:00:00,36.71912271666667,51.750075933333335,38.671947,1.952824762581379
2024-09-03 23:30:00,39.6828284,52.660986666666666,36.75633,-2.9264998172363264
2024-09-04 00:00:00,39.11626225,39.82117268333334,33.39233,-5.723932080322264
2024-09-04 00:30:00,35.44682433333333,33.20254873333334,29.220592,-6.226231834554035
2024-09-04 01:00:00,34.09917958333333,27.83685836666667,29.04411,-5.0550702388509094
2024-09-04 01:30:00,26.89452233333333,28.66951926666667,26.383587,-0.5109354497884091
2024-09-04 02:00:00,28.651275616666663,26.21506715,25.123241,-3.528034192106116
2024-09-04 02:30:00,29.106027883333336,25.923142233333333,23.109493,-5.996534627718102
2024-09-04 03:00:00,29.776501666666665,23.534340033333336,23.8065,-5.970002185465493
2024-09-04 03:30:00,30.0901223,29.281356766666665,25.333477,-4.756645279736329
2024-09-04 04:00:00,27.354753916666667,26.725712283333333,25.894466,-1.4602875165201823
2024-09-04 04:30:00,31.0693045,28.97602563333333,28.789959,-2.2793455461425793
2024-09-04 05:00:00,32.380744416666666,29.6551584,29.113186,-3.267558534098306
2024-09-04 05:30:00,41.25597238333334,34.5433611,32.18498,-9.070993898225915
2024-09-04 06:00:00,38.994121150000005,36.24072161666667,32.889904,-6.104217127783208
2024-09-04 06:30:00,36.56752178333333,34.711048383333335,29.511593,-7.055928918343099
2024-09-04 07:00:00,29.26915633333333,20.625220966666667,18.775356,-10.493800040608722
2024-09-04 07:30:00,9.9047661,5.859796783333333,4.277096,-5.627670305322265
2024-09-04 08:00:00,-23.3340476,-19.0356616,-16.654667,6.679380699365236
2024-09-04 08:30:00,-59.06376651666667,-49.00302991666666,-39.96033,19.103435553531902
2024-09-04 09:00:00,-86.354269,-75.13648959999999,-66.28931,20.064962359375002
2024-09-04 09:30:00,-101.3842578,-100.75811298333332,-87.79151,13.592746264355469
2024-09-04 10:00:00,-135.47876829999998,-115.23013221666668,-106.969055,28.509713124218734
2024-09-04 10:30:00,-142.9096344333333,-123.81939171666666,-122.81056,20.099072299544247
2024-09-04 11:00:00,-150.74752479999998,-137.76973955000005,-135.17477,15.572750630078104
2024-09-04 11:30:00,-164.77639323333332,-151.9149849833333,-144.4839,20.29249125579426
2024-09-04 12:00:00,-161.9271173333333,-160.46528576666665,-148.76251,13.164605126302064
2024-09-04 12:30:00,-151.20676948333332,-159.94605055,-147.58188,3.624890821223943
2024-09-04 13:00:00,-153.6412611,-166.96533288333333,-147.3096,6.331660269921883
2024-09-04 13:30:00,-126.40500451666668,-165.85695733333333,-138.91116,-12.506158813411446
2024-09-04 14:00:00,-125.5660738,-143.45736006666667,-124.588295,0.9777788170898418
2024-09-04 14:30:00,-99.99448605,-132.12238943333332,-107.99561,-8.001127048144525
2024-09-04 15:00:00,-74.34406406666666,-102.36115281666667,-86.298035,-11.953970601302089
2024-09-04 15:30:00,-38.73113226666667,-81.62205173333334,-62.836002,-24.104870083186846
2024-09-04 16:00:00,-20.807973883333336,-49.57611611666667,-37.9408,-17.13282582980143
2024-09-04 16:30:00,3.423282733333333,-23.769673866666665,-14.579136,-18.002418628108725
2024-09-04 17:00:00,24.94695668333333,10.808621116666666,8.759182,-16.18777470701497
2024-09-04 17:30:00,36.681193783333335,33.29811816666667,27.021664,-9.65953011756185
2024-09-04 18:00:00,47.78298333333333,49.16929401666667,40.261303,-7.52168038533528
2024-09-04 18:30:00,52.39013365,52.03386080000001,49.66029,-2.729843885595706
2024-09-04 19:00:00,56.2370429,56.8641055,52.80821,-3.428834434423827
2024-09-04 19:30:00,50.55045673333333,57.250682833333336,53.451275,2.900818138492845
2024-09-04 20:00:00,49.29638116666666,55.427470983333336,52.140087,2.843705961018884
2024-09-04 20:30:00,46.94538921666666,57.76187385,50.29211,3.3467212264485724
2024-09-04 21:00:00,43.981543433333336,58.10792785,44.712017,0.7304736259928362
2024-09-04 21:30:00,41.50633618333333,55.499271066666665,43.563152,2.05681612989909
2024-09-04 22:00:00,34.827771649999995,41.95683778333333,41.594845,6.767073168115239
2024-09-04 22:30:00,30.24596436666667,38.6430627,40.25001,10.004047077425128
2024-09-04 23:00:00,32.466199100000004,36.71912271666667,37.861065,5.394865810888668
2024-09-04 23:30:00,34.9598351,39.6828284,37.410885,2.451049757177735
2024-09-05 00:00:00,36.35703043333333,39.11626225,35.614376,-0.7426543652180939
2024-09-05 00:30:00,33.940730116666664,35.44682433333333,31.811138,-2.1295919635904923
2024-09-05 01:00:00,30.1585095,34.09917958333333,30.501019,0.3425090241699209
2024-09-05 01:30:00,24.57754333333333,26.89452233333333,27.754894,3.177350923258466
2024-09-05 02:00:00,28.25041378333333,28.651275616666663,25.30769,-2.942724116585282
2024-09-05 02:30:00,27.69775158333333,29.106027883333336,24.355877,-3.3418746607259067
2024-09-05 03:00:00,27.82415353333333,29.776501666666665,24.498165,-3.325988402718096
2024-09-05 03:30:00,25.74533608333333,30.0901223,25.3988,-0.34653618709309697
2024-09-05 04:00:00,26.55526478333333,27.354753916666667,27.428905,0.8736407037272151
2024-09-05 04:30:00,26.729994566666665,31.0693045,31.018444,4.288449494612632
2024-09-05 05:00:00,27.9793435,32.380744416666666,33.099575,5.120231542724611
2024-09-05 05:30:00,26.82432911666667,41.25597238333334,35.765087,8.940758011018875
2024-09-05 06:00:00,31.047437716666668,38.994121150000005,35.4024,4.354963253792317
2024-09-05 06:30:00,29.391460066666667,36.56752178333333,29.19386,-0.19760096632487034
2024-09-05 07:00:00,26.9171266,29.26915633333333,18.825344,-8.09178251430664
2024-09-05 07:30:00,12.923401066666663,9.9047661,3.0051079,-9.918293187027992
2024-09-05 08:00:00,-5.2347791500000005,-23.3340476,-19.09235,-13.857570856103514
2024-09-05 08:30:00,-19.05794716666667,-59.06376651666667,-42.17284,-23.114892951741535
2024-09-05 09:00:00,-35.76663908333333,-86.354269,-67.44061,-31.67397370963542
2024-09-05 09:30:00,-56.4417265,-101.3842578,-92.01031,-35.56858081201172
2024-09-05 10:00:00,-73.3013341,-135.47876829999998,-114.33116,-41.02982739902343
2024-09-05 10:30:00,-73.49754589999999,-142.9096344333333,-131.12834,-57.630795774804696
2024-09-05 11:00:00,-67.90404556666667,-150.74752479999998,-144.8127,-76.90865279759115
2024-09-05 11:30:00,-73.01082936666667,-164.77639323333332,-151.42262,-78.41179331399739
2024-09-05 12:00:00,-81.06338293333333,-161.9271173333333,-155.44551,-74.38212793092448
2024-09-05 12:30:00,-91.9247889,-151.20676948333332,-154.94002,-63.01522880019532
2024-09-05 13:00:00,-89.80104454999999,-153.6412611,-149.20703,-59.405986700000014
2024-09-05 13:30:00,-94.22066938333334,-126.40500451666668,-137.50491,-43.28424394674478
2024-09-05 14:00:00,-78.28281006666667,-125.5660738,-124.920364,-46.63755431321614
2024-09-05 14:30:00,-64.31989836666666,-99.99448605,-107.664474,-43.344576120638024
2024-09-05 15:00:00,-50.05315328333334,-74.34406406666666,-84.9091,-34.85595011022135
2024-09-05 15:30:00,-26.530027283333336,-38.73113226666667,-59.193745,-32.66371737609049
2024-09-05 16:00:00,-8.754422283333334,-20.807973883333336,-31.683186,-22.928763294059245
2024-09-05 16:30:00,10.016635133333333,3.423282733333333,-6.0660133,-16.08264846951497
2024-09-05 17:00:00,23.736259383333334,24.94695668333333,14.608044,-9.128215712679037
2024-09-05 17:30:00,39.55994145,36.681193783333335,31.259212,-8.300728956103512
2024-09-05 18:00:00,43.06369218333333,47.78298333333333,43.820583,0.756891160172529
2024-09-05 18:30:00,43.81193558333333,52.39013365,51.66203,7.850093683024092
2024-09-05 19:00:00,40.66144703333333,56.2370429,56.34782,15.68637324864909
2024-09-05 19:30:00,35.9093089,50.55045673333333,57.277615,21.36830569350586
2024-09-05 20:00:00,43.97771646666666,49.29638116666666,56.04159,12.063875177620453
2024-09-05 20:30:00,49.88834891666667,46.94538921666666,51.49528,1.6069323028157498
2024-09-05 21:00:00,44.73050521666666,43.981543433333336,49.747707,5.017202150276702
2024-09-05 21:30:00,43.14418545,41.50633618333333,45.08714,1.94295367963867
2024-09-05 22:00:00,35.79061986666667,34.827771649999995,41.21316,5.4225416018391925
2024-09-05 22:30:00,32.2412638,30.24596436666667,38.53213,6.290867395068361
2024-09-05 23:00:00,36.50413673333333,32.466199100000004,36.47595,-0.028188399593098268
2024-09-05 23:30:00,35.1489167,34.9598351,35.946896,0.7979788993652335
2024-09-06 00:00:00,34.97401108333333,36.35703043333333,34.814785,-0.15922607967122104
2024-09-06 00:30:00,30.53265113333333,33.940730116666664,33.57327,3.040617757047528
2024-09-06 01:00:00,27.85797841666667,30.1585095,31.951168,4.093189643636066
2024-09-06 01:30:00,28.946197066666667,24.57754333333333,28.646358,-0.2998385766764322
2024-09-06 02:00:00,25.26061233333333,28.25041378333333,25.765575,0.5049630756022161
2024-09-06 02:30:00,25.379990816666663,27.69775158333333,26.740887,1.3608958715657593
2024-09-06 03:00:00,27.078520466666664,27.82415353333333,26.256786,-0.8217341202311168
2024-09-06 03:30:00,27.747016666666667,25.74533608333333,27.61987,-0.12714743448893273
2024-09-06 04:00:00,26.58146711666667,26.55526478333333,30.445644,3.86417726199544
2024-09-06 04:30:00,30.948412883333333,26.729994566666665,30.915249,-0.03316401248372358
2024-09-06 05:00:00,31.02175895,27.9793435,29.824429,-1.1973303916503895
2024-09-06 05:30:00,33.46480888333333,26.82432911666667,33.80096,0.3361516574381511
2024-09-06 06:00:00,34.30696405,31.047437716666668,32.548977,-1.7579871518066383
2024-09-06 06:30:00,27.25018563333333,29.391460066666667,26.861614,-0.3885714060384089
2024-09-06 07:00:00,11.80146395,26.9171266,16.919827,5.118362557568359
2024-09-06 07:30:00,2.1774599,12.923401066666663,1.834835,-0.34262484750976574
2024-09-06 08:00:00,-22.615390516666668,-5.2347791500000005,-19.469471,3.145919538883465
2024-09-06 08:30:00,-49.27911613333333,-19.05794716666667,-42.53339,6.7457260881673164
2024-09-06 09:00:00,-61.11115883333334,-35.76663908333333,-66.13008,-5.018922343424471
2024-09-06 09:30:00,-63.392464933333336,-56.4417265,-88.252235,-24.85977047926432
2024-09-06 10:00:00,-84.48565326666666,-73.3013341,-105.37084,-20.88518871331381
2024-09-06 10:30:00,-89.84308001666666,-73.49754589999999,-119.62663,-29.783552673763026
2024-09-06 11:00:00,-103.9669876,-67.90404556666667,-129.42729,-25.46030427011719
2024-09-06 11:30:00,-113.95729268333334,-73.01082936666667,-135.68207,-21.724775187760414
2024-09-06 12:00:00,-105.72749646666666,-81.06338293333333,-138.12836,-32.400860466927085
2024-09-06 12:30:00,-96.7480784,-91.9247889,-138.09254,-41.344466155664065
2024-09-06 13:00:00,-96.35440273333334,-89.80104454999999,-131.84793,-35.49352817486978
2024-09-06 13:30:00,-81.15317345,-94.22066938333334,-123.44848,-42.29530524873047
2024-09-06 14:00:00,-68.01022936666666,-78.28281006666667,-109.230644,-41.220414859407555
2024-09-06 14:30:00,-57.72334775,-64.31989836666666,-90.466415,-32.743067655273435
2024-09-06 15:00:00,-48.6744023,-50.05315328333334,-68.63025,-19.955846723437503
2024-09-06 15:30:00,-31.210305666666667,-26.530027283333336,-46.640354,-15.430048489827474
2024-09-06 16:00:00,-11.583366666666665,-8.754422283333334,-22.087574,-10.504207338460288
2024-09-06 16:30:00,3.005731683333334,10.016635133333333,-0.4261818,-3.4319134765462245
2024-09-06 17:00:00,20.33623565,23.736259383333334,18.737621,-1.5986143426269521
2024-09-06 17:30:00,26.287082183333336,39.55994145,33.112713,6.825630676774086
2024-09-06 18:00:00,32.85259163333333,43.06369218333333,44.434948,11.582356334195964
2024-09-06 18:30:00,37.953387033333335,43.81193558333333,50.002773,12.049386251578774
2024-09-06 19:00:00,37.6651066,40.66144703333333,51.697475,14.032368833349608
2024-09-06 19:30:00,39.07979491666666,35.9093089,52.31454,13.234745946370452
2024-09-06 20:00:00,46.7439512,43.97771646666666,49.054607,2.310656191357424
2024-09-06 20:30:00,45.51078666666667,49.88834891666667,45.920162,0.4093755342610663
2024-09-06 21:00:00,39.69643623333334,44.73050521666666,42.40582,2.7093827058756474
2024-09-06 21:30:00,36.45362435,43.14418545,39.479595,3.0259708343261735
2024-09-06 22:00:00,31.76939165,35.79061986666667,38.08723,6.317839032373048
2024-09-06 22:30:00,34.0820468,32.2412638,38.235226,4.153178877490234
2024-09-06 23:00:00,38.79738685,36.50413673333333,37.620693,-1.176693643212893
2024-09-06 23:30:00,32.18670168333333,35.1489167,35.634274,3.447571845719402
2024-09-07 00:00:00,30.093780116666665,34.97401108333333,35.04965,4.955868168245445
2024-09-07 00:30:00,27.564639083333333,30.53265113333333,31.581814,4.017174728922527
2024-09-07 01:00:00,25.376587716666663,27.85797841666667,28.774197,3.3976089080891967
2024-09-07 01:30:00,23.80229051666667,28.946197066666667,25.000103,1.1978124801595023
2024-09-07 02:00:00,22.39980778333333,25.26061233333333,24.831646,2.431838182242842
2024-09-07 02:30:00,22.425313316666664,25.379990816666663,24.612179,2.1868654858235708
2024-09-07 03:00:00,21.340391033333333,27.078520466666664,25.751171,4.410780078727214
2024-09-07 03:30:00,21.860190716666665,27.747016666666667,26.675182,4.814991625862632
2024-09-07 04:00:00,21.2638073,26.58146711666667,28.322079,7.0582714048339845
2024-09-07 04:30:00,22.3069334,30.948412883333333,31.191357,8.884423258935549
2024-09-07 05:00:00,27.0446588,31.02175895,33.547558,6.502899030810546
2024-09-07 05:30:00,31.381839866666667,33.46480888333333,37.20399,5.82215106961263
2024-09-07 06:00:00,31.929482850000003,34.30696405,36.27528,4.345797148779294
2024-09-07 06:30:00,23.15938103333333,27.25018563333333,30.055126,6.895745156852218
2024-09-07 07:00:00,11.886531916666668,11.80146395,21.487942,9.601409825276692
2024-09-07 07:30:00,-4.45598995,2.1774599,5.487316,9.943306081591796
2024-09-07 08:00:00,-22.123238966666666,-22.615390516666668,-14.507908,7.615331099235025
2024-09-07 08:30:00,-37.3137987,-49.27911613333333,-35.893986,1.419812951708984
2024-09-07 09:00:00,-55.266573916666665,-61.11115883333334,-59.80965,-4.543076504475913
2024-09-07 09:30:00,-75.52110395,-63.392464933333336,-78.313255,-2.7921513600585968
2024-09-07 10:00:00,-112.84062765,-84.48565326666666,-95.11951,17.721120814062502
2024-09-07 10:30:00,-129.3996599,-89.84308001666666,-109.35642,20.043237475683583
2024-09-07 11:00:00,-133.35466208333335,-103.9669876,-119.67666,13.678003452962258
2024-09-07 11:30:00,-145.46431271666668,-113.95729268333334,-126.44175,19.022563143912777
2024-09-07 12:00:00,-133.96203121666667,-105.72749646666666,-129.41641,4.545618863151049
2024-09-07 12:30:00,-133.90620558333333,-96.7480784,-127.35737,6.5488371140950505
2024-09-07 13:00:00,-134.2765628,-96.35440273333334,-122.75509,11.52147399384765
2024-09-07 13:30:00,-141.5645528,-81.15317345,-113.632454,27.93209888154297
2024-09-07 14:00:00,-133.73882,-68.01022936666666,-100.36937,33.36945049316407
2024-09-07 14:30:00,-117.68711003333334,-57.72334775,-83.3835,34.30361088782553
2024-09-07 15:00:00,-95.65753596666669,-48.6744023,-63.418568,32.23896830919598
2024-09-07 15:30:00,-70.51079215,-31.210305666666667,-41.838993,28.671799077490235
2024-09-07 16:00:00,-48.90789886666666,-11.583366666666665,-20.765202,28.142697298063148
2024-09-07 16:30:00,-28.905705616666665,3.005731683333334,0.6284447,29.534150288297525
2024-09-07 17:00:00,0.4143216833333334,20.33623565,18.205502,17.79117987306315
2024-09-07 17:30:00,26.75356798333333,26.287082183333336,31.379375,4.625807474430342
2024-09-07 18:00:00,38.67491386666666,32.85259163333333,42.346752,3.67183830008139
2024-09-07 18:30:00,41.81218011666667,37.953387033333335,46.791546,4.979365751253255
2024-09-07 19:00:00,44.23952905,37.6651066,48.759777,4.520248019091795
2024-09-07 19:30:00,48.40072998333333,39.07979491666666,48.828564,0.4278337068522191
2024-09-07 20:00:00,48.33795008333333,46.7439512,46.726955,-1.610994669514973
2024-09-07 20:30:00,45.21823655,45.51078666666667,43.988842,-1.2293945395019534
2024-09-07 21:00:00,50.88357448333333,39.69643623333334,40.704296,-10.17927837127278
2024-09-07 21:30:00,48.35590956666667,36.45362435,36.73045,-11.625459890152996
2024-09-07 22:00:00,48.183530600000005,31.76939165,36.189663,-11.993867666650395
2024-09-07 22:30:00,42.8424368,34.0820468,38.66334,-4.179095277783205
2024-09-07 23:00:00,41.1314233,38.79738685,36.595837,-4.535586660595705
2024-09-07 23:30:00,43.24987386666666,32.18670168333333,33.492382,-9.757491817106114
2024-09-08 00:00:00,37.50196723333333,30.093780116666665,30.959347,-6.5426204620930974
2024-09-08 00:30:00,32.8463001,27.564639083333333,29.39346,-3.452840779931641
2024-09-08 01:00:00,31.362408866666662,25.376587716666663,27.66354,-3.698868980192053
2024-09-08 01:30:00,27.33724115,23.80229051666667,27.120235,-0.21700570688476617
2024-09-08 02:00:00,28.173661766666665,22.39980778333333,24.027325,-4.1463370901529935
2024-09-08 02:30:00,28.44425273333333,22.425313316666664,21.74023,-6.7040221730305944
2024-09-08 03:00:00,27.84978211666667,21.340391033333333,22.152035,-5.697747357145186
2024-09-08 03:30:00,24.4751082,21.860190716666665,22.146862,-2.328246169970704
2024-09-08 04:00:00,23.38417765,21.2638073,24.37045,0.9862714161621078
2024-09-08 04:30:00,25.47152758333333,22.3069334,27.26141,1.7898821761881543
2024-09-08 05:00:00,33.25541855,27.0446588,29.802624,-3.452794801220705
2024-09-08 05:30:00,38.754844,31.381839866666667,33.583385,-5.171458532470702
2024-09-08 06:00:00,36.38900768333333,31.929482850000003,34.514797,-1.874210472639973
2024-09-08 06:30:00,33.94229051666667,23.15938103333333,29.758663,-4.183627339176432
2024-09-08 07:00:00,29.588538383333333,11.886531916666668,19.082668,-10.505870078889973
2024-09-08 07:30:00,12.587293433333334,-4.45598995,4.7002983,-7.8869951240071625
2024-09-08 08:00:00,-4.234698966666668,-22.123238966666666,-13.576603,-9.341903969124347
2024-09-08 08:30:00,-20.545747116666664,-37.3137987,-33.911823,-13.366076156038414
2024-09-08 09:00:00,-34.956064966666666,-55.266573916666665,-55.41776,-20.461693974983724
2024-09-08 09:30:00,-55.054737933333335,-75.52110395,-74.940346,-19.88560783082682
2024-09-08 10:00:00,-68.0681998,-112.84062765,-91.79342,-23.72521908427734
2024-09-08 10:30:00,-79.90523555,-129.3996599,-105.81275,-25.90751622001953
2024-09-08 11:00:00,-92.20844493333334,-133.35466208333335,-115.880066,-23.67162098463541
2024-09-08 11:30:00,-86.13463438333333,-145.46431271666668,-122.590256,-36.45562135397135
2024-09-08 12:00:00,-78.90683228333333,-133.96203121666667,-126.560585,-47.65375273863933
2024-09-08 12:30:00,-83.23502171666667,-133.90620558333333,-126.843,-43.60798060266927
2024-09-08 13:00:00,-86.0148339,-134.2765628,-122.83649,-36.82165291640625
2024-09-08 13:30:00,-86.70844616666666,-141.5645528,-116.80181,-30.093365051595057
2024-09-08 14:00:00,-82.68573091666667,-133.73882,-105.37607,-22.690337198567704
2024-09-08 14:30:00,-56.72380395,-117.68711003333334,-87.207886,-30.484081792187503
2024-09-08 15:00:00,-51.53398553333333,-95.65753596666669,-70.079636,-18.54565008678386
2024-09-08 15:30:00,-35.92943051666666,-70.51079215,-49.163975,-13.234544245296227
2024-09-08 16:00:00,-23.835460583333333,-48.90789886666666,-26.583363,-2.74790199601237
2024-09-08 16:30:00,-5.2776740166666665,-28.905705616666665,-7.672062,-2.394387903499349
2024-09-08 17:00:00,17.95356145,0.4143216833333334,11.046795,-6.906766558642577
2024-09-08 17:30:00,38.38375431666666,26.75356798333333,27.24815,-11.135604444840489
2024-09-08 18:00:00,46.43267603333334,38.67491386666666,38.918224,-7.51445169861654
2024-09-08 18:30:00,54.74457003333333,41.81218011666667,44.582684,-10.16188647010091
2024-09-08 19:00:00,49.22655546666667,44.23952905,47.797924,-1.4286314249186205
2024-09-08 19:30:00,44.60082555,48.40072998333333,48.075756,3.4749305229980436
2024-09-08 20:00:00,44.28068278333333,48.33795008333333,46.154568,1.8738849351725264
2024-09-08 20:30:00,39.25401326666667,45.21823655,45.059093,5.805080208675129
2024-09-08 21:00:00,41.62551596666666,50.88357448333333,42.69714,1.071623773323573
2024-09-08 21:30:00,38.98638211666667,48.35590956666667,40.100872,1.1144899231282537
2024-09-08 22:00:00,38.67274836666667,48.183530600000005,39.441982,0.7692339026204422
2024-09-08 22:30:00,35.62414275,42.8424368,36.5359,0.9117573659667997
2024-09-08 23:00:00,38.06926168333333,41.1314233,36.075527,-1.993734492171221
2024-09-08 23:30:00,42.29811273333333,43.24987386666666,34.58894,-7.7091730665852864
2024-09-09 00:00:00,37.80935173333334,37.50196723333333,33.834194,-3.9751575499837273
2024-09-09 00:30:00,35.648115383333334,32.8463001,32.30537,-3.342745052522787
2024-09-09 01:00:00,32.2289333,31.362408866666662,29.690044,-2.5388888969238295
2024-09-09 01:30:00,27.481743883333333,27.33724115,26.393353,-1.0883913747884115
2024-09-09 02:00:00,27.62977,28.173661766666665,23.606121,-4.023648936767579
2024-09-09 02:30:00,27.889490016666667,28.44425273333333,21.42065,-6.468839534488932
2024-09-09 03:00:00,23.88725445,27.84978211666667,22.160397,-1.726857874072266
2024-09-09 03:30:00,27.860626633333336,24.4751082,23.456188,-4.404438431429039
2024-09-09 04:00:00,25.987671716666668,23.38417765,26.387218,0.3995467586751289
2024-09-09 04:30:00,26.991925466666668,25.47152758333333,28.877544,1.8856189364095037
2024-09-09 05:00:00,32.32179826666667,33.25541855,29.665462,-2.656335772770184
2024-09-09 05:30:00,35.64863318333334,38.754844,32.15832,-3.4903118027181037
2024-09-09 06:00:00,37.56187323333333,36.38900768333333,33.884884,-3.6769893527180955
2024-09-09 06:30:00,29.66304236666667,33.94229051666667,28.078167,-1.5848754049967475
2024-09-09 07:00:00,19.34543783333333,29.588538383333333,18.275692,-1.0697458472493473
2024-09-09 07:30:00,-1.5707481833333328,12.587293433333334,4.814953,6.385701033675129
2024-09-09 08:00:00,-19.70109555,-4.234698966666668,-13.704044,5.997051207958986
2024-09-09 08:30:00,-50.79923333333334,-20.545747116666664,-34.25565,16.54358376668295
2024-09-09 09:00:00,-78.89773931666666,-34.956064966666666,-57.571476,21.326263334000643
2024-09-09 09:30:00,-97.19014723333332,-55.054737933333335,-76.786415,20.403732133235664
2024-09-09 10:00:00,-115.80838113333334,-68.0681998,-92.99765,22.810730986848966
2024-09-09 10:30:00,-132.12637446666668,-79.90523555,-105.53375,26.592622025260425
2024-09-09 11:00:00,-136.0602733,-92.20844493333334,-114.90158,21.15869248945313
2024-09-09 11:30:00,-142.21983118333333,-86.13463438333333,-120.92314,21.29668970384114
2024-09-09 12:00:00,-146.18113516666668,-78.90683228333333,-123.46872,22.712415684244803
2024-09-09 12:30:00,-141.04829333333336,-83.23502171666667,-122.05504,18.993254881184924
2024-09-09 13:00:00,-146.64232486666666,-86.0148339,-117.44182,29.200506629361968
2024-09-09 13:30:00,-133.16623226666667,-86.70844616666666,-109.1484,24.017832913639324
2024-09-09 14:00:00,-118.13040831666667,-82.68573091666667,-98.40467,19.725737601334643
2024-09-09 14:30:00,-100.90074761666666,-56.72380395,-82.49141,18.40933831490885
2024-09-09 15:00:00,-93.03605273333334,-51.53398553333333,-64.31816,28.717891722591148
2024-09-09 15:30:00,-66.50415108333333,-35.92943051666666,-44.47559,22.02856133113606
2024-09-09 16:00:00,-40.52436291666667,-23.835460583333333,-24.866291,15.65807187052409
2024-09-09 16:30:00,-18.5599685,-5.2776740166666665,-4.0146523,14.545316247802734
2024-09-09 17:00:00,6.48584675,17.95356145,14.644833,8.158985861083984
2024-09-09 17:30:00,26.794263266666665,38.38375431666666,32.294323,5.500059700862632
2024-09-09 18:00:00,40.93155156666666,46.43267603333334,43.22114,2.289590248518884
2024-09-09 18:30:00,41.64678118333333,54.74457003333333,49.685482,8.038700841813153
2024-09-09 19:00:00,42.9040801,49.22655546666667,52.68379,9.779708199560545
2024-09-09 19:30:00,45.12991676666667,44.60082555,52.11572,6.985802074886067
2024-09-09 20:00:00,44.30198316666667,44.28068278333333,49.129986,4.828002642659499
2024-09-09 20:30:00,43.32402931666667,39.25401326666667,46.62106,3.297030101057942
2024-09-09 21:00:00,43.51441786666667,41.62551596666666,43.95634,0.4419229231282529
2024-09-09 21:30:00,46.1089326,38.98638211666667,42.10429,-4.004642591455081
2024-09-09 22:00:00,40.48518886666667,38.67274836666667,40.433254,-0.05193462472330879
2024-09-09 22:30:00,34.80776885,35.62414275,38.481915,3.6741456702636697
2024-09-09 23:00:00,32.551228783333336,38.06926168333333,39.403698,6.852469184195961
2024-09-09 23:30:00,33.29107546666666,42.29811273333333,38.1199,4.828824283089197
2024-09-10 00:00:00,38.15951511666667,37.80935173333334,35.55569,-2.603824351285809
2024-09-10 00:30:00,28.74388933333333,35.648115383333334,33.1723,4.428409098063156
2024-09-10 01:00:00,27.661418283333333,32.2289333,29.131954,1.4705359097819013
2024-09-10 01:30:00,24.3914379,27.481743883333333,27.161877,2.770438778466797
2024-09-10 02:00:00,27.88797053333333,27.62977,26.76727,-1.1207013988118462
2024-09-10 02:30:00,26.676717116666666,27.889490016666667,25.651424,-1.0252927087076813
2024-09-10 03:00:00,27.88953165,23.88725445,26.082714,-1.8068175691894517
2024-09-10 03:30:00,29.21689166666667,27.860626633333336,26.648449,-2.568442722574872
2024-09-10 04:00:00,29.044311633333333,25.987671716666668,26.868282,-2.1760293152180985
2024-09-10 04:30:00,33.456560616666664,26.991925466666668,29.544796,-3.9117646266764297
2024-09-10 05:00:00,37.88301221666666,32.32179826666667,30.570019,-7.31299344835611
2024-09-10 05:30:00,40.719941516666665,35.64863318333334,33.840725,-6.879216571598306
2024-09-10 06:00:00,36.374452,37.56187323333333,35.081203,-1.2932485393066386
2024-09-10 06:30:00,30.166725016666664,29.66304236666667,31.168316,1.0015908707845078
2024-09-10 07:00:00,24.927951633333333,19.34543783333333,21.525433,-3.4025190466634108
2024-09-10 07:30:00,-1.4342850499999995,-1.5707481833333328,6.5972404,8.031525497998047
2024-09-10 08:00:00,-19.124772316666668,-19.70109555,-11.215183,7.9095890586100275
2024-09-10 08:30:00,-53.4587122,-50.79923333333334,-33.426807,20.031904796435548
2024-09-10 09:00:00,-83.49244491666666,-78.89773931666666,-58.467594,25.02485076993814
2024-09-10 09:30:00,-111.51238446666666,-97.19014723333332,-77.55119,33.96119122936197
2024-09-10 10:00:00,-131.16749723333334,-115.80838113333334,-95.82537,35.34212644475912
2024-09-10 10:30:00,-137.69405555,-132.12637446666668,-111.12307,26.570985786816408
2024-09-10 11:00:00,-144.44356433333334,-136.0602733,-119.93233,24.51123706282553
2024-09-10 11:30:00,-162.36782208333332,-142.21983118333333,-127.282486,35.08533612141926
2024-09-10 12:00:00,-165.70938543333332,-146.18113516666668,-131.2034,34.5059857751302
2024-09-10 12:30:00,-155.68179941666668,-141.04829333333336,-130.63547,25.046331887369803
2024-09-10 13:00:00,-163.04105845,-146.64232486666666,-129.10135,33.93970957304688
2024-09-10 13:30:00,-151.67630315,-133.16623226666667,-121.17233,30.50397038632812
2024-09-10 14:00:00,-132.8140889833333,-118.13040831666667,-108.95718,23.856912774837213
2024-09-10 14:30:00,-118.03028148333334,-100.90074761666666,-92.12989,25.90039104143881
2024-09-10 15:00:00,-110.89033056666666,-93.03605273333334,-73.636246,37.2540848391276
2024-09-10 15:30:00,-70.46398936666667,-66.50415108333333,-52.952274,17.5117150441569
2024-09-10 16:00:00,-39.04190211666667,-40.52436291666667,-31.017704,8.024198106656904
2024-09-10 16:30:00,-7.5295127666666675,-18.5599685,-7.5702095,-0.04069673650716066
2024-09-10 17:00:00,12.407409816666666,6.48584675,10.54092,-1.8664895590983068
2024-09-10 17:30:00,28.1293827,26.794263266666665,26.37585,-1.7535320225097664
2024-09-10 18:00:00,38.92973061666667,40.93155156666666,37.777126,-1.1526043044108079
2024-09-10 18:30:00,41.5104823,41.64678118333333,44.595715,3.0852322690917973
2024-09-10 19:00:00,44.48867271666666,42.9040801,47.222622,2.7339492010579463
2024-09-10 19:30:00,49.18901611666666,45.12991676666667,47.989376,-1.199640048551423
2024-09-10 20:00:00,49.91486835,44.30198316666667,47.14094,-2.773926730126952
2024-09-10 20:30:00,48.55990715,43.32402931666667,45.42497,-3.134938430517579
2024-09-10 21:00:00,46.80055551666667,43.51441786666667,44.118816,-2.6817391409342477
2024-09-10 21:30:00,41.480422866666665,46.1089326,41.544445,0.06402217117513231
2024-09-10 22:00:00,43.6523505,40.48518886666667,40.69885,-2.953501775634763
2024-09-10 22:30:00,38.78823935,34.80776885,39.366833,0.5785933831542991
2024-09-10 23:00:00,38.16142011666667,32.551228783333336,36.797573,-1.3638470270670595
2024-09-10 23:30:00,40.8760239,33.29107546666666,34.376934,-6.499089848486328
2024-09-11 00:00:00,44.242542183333335,38.15951511666667,32.707348,-11.535194313460288
2024-09-11 00:30:00,35.92015765,28.74388933333333,30.082363,-5.837794521337891
2024-09-11 01:00:00,35.8459138,27.661418283333333,28.247555,-7.598359020947264
2024-09-11 01:30:00,30.00063545,24.3914379,26.754864,-3.245771710986329
2024-09-11 02:00:00,28.25752785,27.88797053333333,24.228863,-4.028665087548827
2024-09-11 02:30:00,31.346523266666665,26.676717116666666,24.466854,-6.879669171207681
2024-09-11 03:00:00,28.59897266666667,27.88953165,25.222607,-3.3763660077311215
2024-09-11 03:30:00,31.02660278333333,29.21689166666667,24.420666,-6.605937042366534
2024-09-11 04:00:00,33.39108715,29.044311633333333,27.490551,-5.90053615512695
2024-09-11 04:30:00,32.9830315,33.456560616666664,30.8558,-2.1272308713378933
2024-09-11 05:00:00,32.8661617,37.88301221666666,32.36273,-0.5034335811035149
2024-09-11 05:30:00,35.965857633333336,40.719941516666665,36.074383,0.10852514864908613
2024-09-11 06:00:00,34.96875105,36.374452,35.001614,0.03286256694335776
2024-09-11 06:30:00,29.449039600000003,30.166725016666664,27.539913,-1.9091264225097682
2024-09-11 07:00:00,20.2235705,24.927951633333333,17.801113,-2.4224573713378916
2024-09-11 07:30:00,2.031852633333333,-1.4342850499999995,3.2252922,1.1934395724772138
2024-09-11 08:00:00,-23.266053,-19.124772316666668,-14.772373,8.493679800537109
2024-09-11 08:30:00,-45.921785066666665,-53.4587122,-37.234364,8.687421510758462
2024-09-11 09:00:00,-70.39761598333332,-83.49244491666666,-62.20763,8.189985825862621
2024-09-11 09:30:00,-77.44781765,-111.51238446666666,-83.315926,-5.868107948144527
2024-09-11 10:00:00,-88.89502829999999,-131.16749723333334,-101.0944,-12.199370198535163
2024-09-11 10:30:00,-105.34368951666666,-137.69405555,-114.806854,-9.463164731380218
2024-09-11 11:00:00,-107.33754065,-144.44356433333334,-124.60648,-17.268942809472662
2024-09-11 11:30:00,-120.95719986666666,-162.36782208333332,-132.02429,-11.067092125520844
2024-09-11 12:00:00,-125.84590011666668,-165.70938543333332,-136.66022,-10.814317168489566
2024-09-11 12:30:00,-134.03790335,-155.68179941666668,-136.18127,-2.1433710640625065
2024-09-11 13:00:00,-142.66589031666666,-163.04105845,-130.57257,12.093319515885412
2024-09-11 13:30:00,-130.72873165,-151.67630315,-121.60172,9.12700893271483
2024-09-11 14:00:00,-111.51584276666668,-132.8140889833333,-109.65264,1.8632014702799609
2024-09-11 14:30:00,-102.60453238333334,-118.03028148333334,-93.41498,9.189554355989586
2024-09-11 15:00:00,-86.32785688333333,-110.89033056666666,-76.43745,9.890410289095044
2024-09-11 15:30:00,-69.90136723333333,-70.46398936666667,-56.37659,13.524776504573566
2024-09-11 16:00:00,-35.68317546666666,-39.04190211666667,-31.689823,3.9933523160318956
2024-09-11 16:30:00,-2.637680533333333,-7.5295127666666675,-9.170994,-6.533313271598308
2024-09-11 17:00:00,17.09930185,12.407409816666666,8.589336,-8.509965454736328
2024-09-11 17:30:00,34.338393700000005,28.1293827,25.917217,-8.421176445361333
2024-09-11 18:00:00,46.3963576,38.92973061666667,35.69299,-10.703368250634767
2024-09-11 18:30:00,55.680486550000005,41.5104823,42.354412,-13.326074471142583
2024-09-11 19:00:00,51.2458216,44.48867271666666,47.327663,-3.91815817836914
2024-09-11 19:30:00,59.72900608333333,49.18901611666666,49.247463,-10.481542857014972
2024-09-11 20:00:00,52.300342883333336,49.91486835,49.27876,-3.021583880647789
2024-09-11 20:30:00,50.46452008333333,48.55990715,44.81645,-5.6480718716634115
2024-09-11 21:00:00,44.057268916666665,46.80055551666667,42.067364,-1.989905177652993
2024-09-11 21:30:00,41.39854335,41.480422866666665,39.814907,-1.5836362760253877
2024-09-11 22:00:00,37.98047268333333,43.6523505,38.920315,0.9398421054850274
2024-09-11 22:30:00,39.620187816666665,38.78823935,39.841183,0.22099489207356982
2024-09-11 23:00:00,44.668842866666665,38.16142011666667,39.083385,-5.585457399137368
2024-09-11 23:30:00,43.72571345,40.8760239,37.0538,-6.671914774462891
2024-09-12 00:00:00,34.26225891666667,44.242542183333335,35.417065,1.1548057500813798
2024-09-12 00:30:00,29.90542505,35.92015765,32.76237,2.8569460132324203
2024-09-12 01:00:00,28.965992133333334,35.8459138,29.449398,0.4834059074381507
2024-09-12 01:30:00,26.207338000000004,30.00063545,27.405956,1.1986182683105433
2024-09-12 02:00:00,27.50380333333333,28.25752785,24.838512,-2.6652909126790334
2024-09-12 02:30:00,26.116161716666667,31.346523266666665,24.659512,-1.456650150504558
2024-09-12 03:00:00,27.05094115,28.59897266666667,24.447872,-2.6030689881347655
2024-09-12 03:30:00,28.200371016666665,31.02660278333333,25.578426,-2.6219446555826806
2024-09-12 04:00:00,26.74522843333333,33.39108715,28.854366,2.1091378691569034
2024-09-12 04:30:00,26.97939008333333,32.9830315,30.899578,3.92018801114909
2024-09-12 05:00:00,30.94968325,32.8661617,30.435986,-0.5136976848144528
2024-09-12 05:30:00,39.051417183333335,35.965857633333336,31.199413,-7.852003883772788
2024-09-12 06:00:00,39.45809235,34.96875105,29.938229,-9.519863742822267
2024-09-12 06:30:00,31.867430433333336,29.449039600000003,22.784893,-9.082537397444664
2024-09-12 07:00:00,19.13470338333333,20.2235705,11.710232,-7.424471602327472
2024-09-12 07:30:00,2.1045166499999985,2.031852633333333,-3.855976,-5.960492754736327
2024-09-12 08:00:00,-24.710644366666667,-23.266053,-23.857853,0.8527914308756515
2024-09-12 08:30:00,-56.37473673333333,-45.921785066666665,-46.460606,9.914131111995438
2024-09-12 09:00:00,-87.33586378333332,-70.39761598333332,-68.41284,18.923021986458323
2024-09-12 09:30:00,-102.26634058333332,-77.44781765,-87.67353,14.592810004720036
2024-09-12 10:00:00,-101.40540328333331,-88.89502829999999,-103.86743,-2.462028357291686
2024-09-12 10:30:00,-115.42642166666668,-105.34368951666666,-116.38908,-0.9626545662434722
2024-09-12 11:00:00,-119.94295396666666,-107.33754065,-124.86856,-4.925606824348961
2024-09-12 11:30:00,-133.05354308333332,-120.95719986666666,-130.62662,2.4269256516926987
2024-09-12 12:00:00,-124.20390325,-125.84590011666668,-133.45888,-9.254974313476566
2024-09-12 12:30:00,-126.37389401666668,-134.03790335,-131.23425,-4.860358913020818
2024-09-12 13:00:00,-143.06761506666666,-142.66589031666666,-127.56398,15.503634964127599
2024-09-12 13:30:00,-130.54307071666668,-130.72873165,-119.82707,10.715998573111989
2024-09-12 14:00:00,-133.91412508333335,-111.51584276666668,-108.29514,25.61898195589194
2024-09-12 14:30:00,-127.0251165,-102.60453238333334,-93.42937,33.59574943457031
2024-09-12 15:00:00,-97.36636451666668,-86.32785688333333,-75.5159,21.850464858463553
2024-09-12 15:30:00,-71.91774654999999,-69.90136723333333,-55.785725,16.13202191010741
2024-09-12 16:00:00,-44.106145950000005,-35.68317546666666,-32.789158,11.316988082568365
2024-09-12 16:30:00,-19.81096675,-2.637680533333333,-11.119404,8.69156291088867
2024-09-12 17:00:00,9.839099,17.09930185,7.9648094,-1.8742895822753898
2024-09-12 17:30:00,28.633355883333337,34.338393700000005,23.447552,-5.185804156038415
2024-09-12 18:00:00,42.05997906666666,46.3963576,34.74911,-7.310867891129554
2024-09-12 18:30:00,48.7005722,55.680486550000005,42.839184,-5.8613883926269565
2024-09-12 19:00:00,49.08086840000001,51.2458216,47.551006,-1.5298620828613352
2024-09-12 19:30:00,49.03802941666667,59.72900608333333,49.295406,0.2573769248860671
2024-09-12 20:00:00,44.2016633,52.300342883333336,47.849422,3.6477591548339845
2024-09-12 20:30:00,47.49986186666666,50.46452008333333,45.226925,-2.2729369704264286
2024-09-12 21:00:00,49.41522923333333,44.057268916666665,40.951473,-8.463755997249343
2024-09-12 21:30:00,44.47176008333333,41.39854335,41.027203,-3.4445574771321574
2024-09-12 22:00:00,40.90749053333334,37.98047268333333,39.789135,-1.1183555540852907
2024-09-12 22:30:00,44.65651066666666,39.620187816666665,40.918667,-3.737843827067053
2024-09-12 23:00:00,46.422018900000005,44.668842866666665,41.16351,-5.25850953110352
2024-09-12 23:30:00,47.95868333333333,43.72571345,39.446163,-8.512520155843099
2024-09-13 00:00:00,43.23852428333333,34.26225891666667,35.74081,-7.497713889046217
2024-09-13 00:30:00,43.673030100000005,29.90542505,33.202267,-10.470763406884771
2024-09-13 01:00:00,35.10749116666667,28.965992133333334,32.013226,-3.0942656112467475
2024-09-13 01:30:00,32.205019916666664,26.207338000000004,31.120586,-1.0844335214029925
2024-09-13 02:00:00,27.07116585,27.50380333333333,30.056835,2.985669324560547
2024-09-13 02:30:00,28.431184416666667,26.116161716666667,28.646725,0.21554028426106697
2024-09-13 03:00:00,32.33728335,27.05094115,28.715878,-3.6214058170410155
2024-09-13 03:30:00,32.851476733333335,28.200371016666665,27.955746,-4.895731036311851
2024-09-13 04:00:00,32.41109215,26.74522843333333,30.124477,-2.2866147635253924
2024-09-13 04:30:00,33.87787671666667,26.97939008333333,30.906872,-2.971004921012373
2024-09-13 05:00:00,40.8982473,30.94968325,32.470806,-8.42744117817383
2024-09-13 05:30:00,45.77319113333333,39.051417183333335,35.80102,-9.972169557405593
2024-09-13 06:00:00,41.4793679,39.45809235,34.93327,-6.546098399267578
2024-09-13 06:30:00,37.656334316666666,31.867430433333336,26.607128,-11.049206173356119
2024-09-13 07:00:00,24.166286316666667,19.13470338333333,13.696011,-10.470275727067058
2024-09-13 07:30:00,1.7475694500000003,2.1045166499999985,-2.364872,-4.112441428759766
2024-09-13 08:00:00,-28.074652016666665,-24.710644366666667,-21.418522,6.656130135563149
2024-09-13 08:30:00,-57.90265555,-56.37473673333333,-44.706287,13.196368165966796
2024-09-13 09:00:00,-75.01317013333333,-87.33586378333332,-68.063675,6.94949520657552
2024-09-13 09:30:00,-102.30962848333331,-102.26634058333332,-86.107445,16.20218372014972
2024-09-13 10:00:00,-120.45694556666668,-101.40540328333331,-101.283066,19.173879770768238
2024-09-13 10:30:00,-139.93180385,-115.42642166666668,-113.63788,26.293925432031244
2024-09-13 11:00:00,-137.86951211666667,-119.94295396666666,-123.30411,14.565404450651044
2024-09-13 11:30:00,-145.03867036666665,-133.05354308333332,-128.9114,16.127262895963526
2024-09-13 12:00:00,-155.61394608333333,-124.20390325,-130.77248,24.84146988704427
2024-09-13 12:30:00,-164.88999181666665,-126.37389401666668,-131.7461,33.14389806666665
2024-09-13 13:00:00,-155.15922266666666,-143.06761506666666,-128.24852,26.910702769205727
2024-09-13 13:30:00,-149.09037618333335,-130.54307071666668,-120.241196,28.84918050462241
2024-09-13 14:00:00,-128.94162665,-133.91412508333335,-112.123215,16.8184119283203
2024-09-13 14:30:00,-117.14167213333332,-127.0251165,-97.637375,19.50429725540363
2024-09-13 15:00:00,-97.79108836666668,-97.36636451666668,-80.42632,17.364765429654966
2024-09-13 15:30:00,-76.8913228,-71.91774654999999,-60.74663,16.144691177685544
2024-09-13 16:00:00,-43.48116396666666,-44.106145950000005,-38.924732,4.556431758414703
2024-09-13 16:30:00,-11.428947283333336,-19.81096675,-17.460117,-6.031170056754554
2024-09-13 17:00:00,11.308598766666668,9.839099,1.3716545,-9.936944256168621
2024-09-13 17:30:00,31.328613916666665,28.633355883333337,18.014782,-13.313831964762368
2024-09-13 18:00:00,46.0271662,42.05997906666666,33.05012,-12.977044892626957
2024-09-13 18:30:00,59.26106846666667,48.7005722,42.54443,-16.716638687613937
2024-09-13 19:00:00,50.75452711666667,49.08086840000001,46.658154,-4.096373582731125
2024-09-13 19:30:00,49.06059901666666,49.03802941666667,49.198055,0.13745625066732714
2024-09-13 20:00:00,41.65658440000001,44.2016633,49.008236,7.351651531396477
2024-09-13 20:30:00,52.3878263,47.49986186666666,45.15637,-7.231458044384766
2024-09-13 21:00:00,51.64580496666667,49.41522923333333,43.492474,-8.153331364371745
2024-09-13 21:30:00,54.07054888333334,44.47176008333333,42.64256,-11.427989831819666
2024-09-13 22:00:00,49.7215495,40.90749053333334,40.302486,-9.419063080322267
2024-09-13 22:30:00,38.30494575,44.65651066666666,40.39741,2.092465596435545
2024-09-13 23:00:00,37.39212551666667,46.422018900000005,38.571667,1.17954120086263
2024-09-13 23:30:00,34.91327328333333,47.95868333333333,39.389706,4.476432374625652
2024-09-14 00:00:00,38.9658145,43.23852428333333,38.225018,-0.7407969523925786
2024-09-14 00:30:00,36.767992166666666,43.673030100000005,34.68217,-2.085821298746744
2024-09-14 01:00:00,34.81038731666666,35.10749116666667,32.38751,-2.4228789243326787
2024-09-14 01:30:00,32.15834161666667,32.205019916666664,29.551617,-2.606724947965496
2024-09-14 02:00:00,30.692320566666663,27.07116585,26.677425,-4.014895182145178
2024-09-14 02:30:00,30.32569615,28.431184416666667,26.082104,-4.243592420751952
2024-09-14 03:00:00,29.63704768333333,32.33728335,25.070812,-4.566235457991532
2024-09-14 03:30:00,29.09138873333333,32.851476733333335,25.04005,-4.051338226741532
2024-09-14 04:00:00,28.319649283333334,32.41109215,29.892544,1.5728945093912756
2024-09-14 04:30:00,29.925217133333334,33.87787671666667,32.654186,2.728969115445963
2024-09-14 05:00:00,32.90870588333333,40.8982473,34.588238,1.6795318791178389
2024-09-14 05:30:00,38.35650631666667,45.77319113333333,37.168972,-1.1875343012858082
2024-09-14 06:00:00,35.41448286666667,41.4793679,35.38043,-0.03405455245768252
2024-09-14 06:30:00,25.592130516666668,37.656334316666666,28.144054,2.551923896175129
2024-09-14 07:00:00,12.9226027,24.166286316666667,16.669674,3.747071219677734
2024-09-14 07:30:00,-0.9405232833333328,1.7475694500000003,1.2417412,2.1822644637532544
2024-09-14 08:00:00,-22.67158661666667,-28.074652016666665,-18.93436,3.7372261125162787
2024-09-14 08:30:00,-33.766158999999995,-57.90265555,-42.946903,-9.180744228759771
2024-09-14 09:00:00,-50.86496163333334,-75.01317013333333,-65.52533,-14.660367956510413
2024-09-14 09:30:00,-75.21987943333333,-102.30962848333331,-87.29128,-12.071403220475261
2024-09-14 10:00:00,-94.0359367,-120.45694556666668,-103.89825,-9.862310065136725
2024-09-14 10:30:00,-110.36707261666668,-139.93180385,-119.763565,-9.396492446809887
2024-09-14 11:00:00,-130.94259883333334,-137.86951211666667,-128.04562,2.89697505403646
2024-09-14 11:30:00,-137.22033876666669,-145.03867036666665,-132.46161,4.758729879947936
2024-09-14 12:00:00,-146.79550513333334,-155.61394608333333,-136.22932,10.566180792513023
2024-09-14 12:30:00,-136.1964294,-164.88999181666665,-137.18607,-0.9896362738281255
2024-09-14 13:00:00,-125.79378388333332,-155.15922266666666,-132.37401,-6.580224295377619
2024-09-14 13:30:00,-129.61167613333333,-149.09037618333335,-125.58003,4.03164378470052
2024-09-14 14:00:00,-127.16046328333334,-128.94162665,-116.44401,10.716455409798186
2024-09-14 14:30:00,-110.80724506666668,-117.14167213333332,-100.85997,9.947274973893244
2024-09-14 15:00:00,-95.76964836666669,-97.79108836666668,-81.96634,13.803309255338561
2024-09-14 15:30:00,-66.45852345,-76.8913228,-61.539295,4.919228253466798
2024-09-14 16:00:00,-43.65863765,-43.48116396666666,-38.54581,5.112826950537112
2024-09-14 16:30:00,-16.313045866666666,-11.428947283333336,-16.68555,-0.3725048230305994
2024-09-14 17:00:00,8.627964416666668,11.308598766666668,3.757473,-4.870491424723308
2024-09-14 17:30:00,30.305436250000003,31.328613916666665,23.948086,-6.357350465087894
2024-09-14 18:00:00,57.01561401666667,46.0271662,35.717175,-21.29843948663737
2024-09-14 18:30:00,62.57807775,59.26106846666667,44.593884,-17.9841942355957
2024-09-14 19:00:00,58.30198598333333,50.75452711666667,50.16894,-8.133044485530597
2024-09-14 19:30:00,64.3544712,49.06059901666666,52.892498,-11.461973183642584
2024-09-14 20:00:00,60.839401666666674,41.65658440000001,49.19061,-11.64879268839519
2024-09-14 20:30:00,53.072434783333335,52.3878263,47.43655,-5.635884642952476
2024-09-14 21:00:00,59.34585908333333,51.64580496666667,45.29495,-14.050910505452471
2024-09-14 21:30:00,59.25843173333333,54.07054888333334,44.051647,-15.206784547054035
2024-09-14 22:00:00,55.11480351666666,49.7215495,43.323437,-11.791366779606115
2024-09-14 22:30:00,57.05149766666667,38.30494575,42.340923,-14.710574357340498
2024-09-14 23:00:00,48.51310178333333,37.39212551666667,40.449947,-8.063154426155599
2024-09-14 23:30:00,46.14224816666667,34.91327328333333,38.883938,-7.258310330973309
2024-09-15 00:00:00,47.00981938333334,38.9658145,38.81599,-8.19382893533529
2024-09-15 00:30:00,41.96467676666666,36.767992166666666,35.328915,-6.635762124332679
2024-09-15 01:00:00,37.13131058333334,34.81038731666666,31.895168,-5.236142278889979
2024-09-15 01:30:00,31.18640166666667,32.15834161666667,27.47453,-3.7118724003092467
2024-09-15 02:00:00,32.50366735,30.692320566666663,27.69328,-4.810388083642579
2024-09-15 02:30:00,33.34017335,30.32569615,26.977886,-6.362287150048829
2024-09-15 03:00:00,37.04295128333333,29.63704768333333,27.19482,-9.848130879280596
2024-09-15 03:30:00,36.80796113333333,29.09138873333333,29.221142,-7.586819318147782
2024-09-15 04:00:00,34.2419339,28.319649283333334,29.749462,-4.4924717723144525
2024-09-15 04:30:00,38.31985478333333,29.925217133333334,30.457088,-7.862766312874342
2024-09-15 05:00:00,37.66480631666666,32.90870588333333,32.839092,-4.825714062027991
2024-09-15 05:30:00,41.8107524,38.35650631666667,36.03413,-5.7766223035644515
2024-09-15 06:00:00,38.57623766666666,35.41448286666667,34.341824,-4.2344140887857975
2024-09-15 06:30:00,24.4160854,25.592130516666668,27.633434,3.217348895654297
2024-09-15 07:00:00,12.0890749,12.9226027,13.28471,1.195635030419922
2024-09-15 07:30:00,-5.72532735,-0.9405232833333328,-1.8916969,3.833630420068359
2024-09-15 08:00:00,-41.4445402,-22.67158661666667,-23.464039,17.980501351123046
2024-09-15 08:30:00,-68.30366428333333,-33.766158999999995,-46.019306,22.284358100472005
2024-09-15 09:00:00,-102.88654775,-50.86496163333334,-69.01083,33.87571400976563
2024-09-15 09:30:00,-115.33765018333334,-75.21987943333333,-89.265564,26.072086218489588
2024-09-15 10:00:00,-132.45021931666668,-94.0359367,-105.05445,27.395768327897144
2024-09-15 10:30:00,-142.71059506666666,-110.36707261666668,-117.66063,25.04996579420572
2024-09-15 11:00:00,-144.5138463,-130.94259883333334,-126.9718,17.54204454218751
2024-09-15 11:30:00,-157.25155826666665,-137.22033876666669,-134.99889,22.25267215826821
2024-09-15 12:00:00,-168.79769281666668,-146.79550513333334,-141.35455,27.443139594010432
2024-09-15 12:30:00,-165.88889386666668,-136.1964294,-142.1169,23.771996283658865
2024-09-15 13:00:00,-172.06251511666665,-125.79378388333332,-138.99619,33.06632981393227
2024-09-15 13:30:00,-171.87314503333334,-129.61167613333333,-133.34987,38.52327625891928
2024-09-15 14:00:00,-151.43474154999998,-127.16046328333334,-121.00397,30.430774264843734
2024-09-15 14:30:00,-149.01874948333332,-110.80724506666668,-104.355,44.66374612639973
2024-09-15 15:00:00,-124.39702546666666,-95.76964836666669,-84.282845,40.11418092320963
2024-09-15 15:30:00,-92.8978593,-66.45852345,-62.347446,30.550412858349603
2024-09-15 16:00:00,-65.98667671666666,-43.65863765,-38.288883,27.69779350743815
2024-09-15 16:30:00,-27.325866116666663,-16.313045866666666,-13.920475,13.405391110563148
2024-09-15 17:00:00,16.08023775,8.627964416666668,5.976116,-10.104121569580077
2024-09-15 17:30:00,36.882265,30.305436250000003,23.583553,-13.298711685791012
2024-09-15 18:00:00,52.95172673333334,57.01561401666667,36.167538,-16.784189044124354
2024-09-15 18:30:00,64.52295113333334,62.57807775,45.24325,-19.279699332796227
2024-09-15 19:00:00,69.78809846666667,58.30198598333333,51.37788,-18.41021837023112
2024-09-15 19:30:00,70.85910386666667,64.3544712,52.631496,-18.227607437223313
2024-09-15 20:00:00,66.63618565,60.839401666666674,51.4297,-15.206486705908205
2024-09-15 20:30:00,61.287307166666665,53.072434783333335,50.027416,-11.259890937418618
2024-09-15 21:00:00,45.97140783333333,59.34585908333333,48.929104,2.957696017985029
2024-09-15 21:30:00,41.13180018333333,59.25843173333333,48.066433,6.934632769547527
2024-09-15 22:00:00,37.723611016666666,55.11480351666666,46.36961,8.645998816097006
2024-09-15 22:30:00,35.271917183333336,57.05149766666667,44.840435,9.568517844742836
2024-09-15 23:00:00,40.5470527,48.51310178333333,43.817364,3.27031103901367
2024-09-15 23:30:00,47.25574445,46.14224816666667,43.453884,-3.8018603252441423
2024-09-16 00:00:00,43.76119938333333,47.00981938333334,40.446056,-3.3151430173665304
2024-09-16 00:30:00,40.96600698333334,41.96467676666666,38.817623,-2.1483838449056023
2024-09-16 01:00:00,35.90316365,37.13131058333334,35.44781,-0.45535252329101894
2024-09-16 01:30:00,33.0958051,31.18640166666667,33.181683,0.08587748666992212
2024-09-16 02:00:00,31.6404728,32.50366735,31.319439,-0.3210338656738294
2024-09-16 02:30:00,31.0080222,33.34017335,31.188778,0.18075572358398517
2024-09-16 03:00:00,29.02692563333333,37.04295128333333,31.403606,2.376680781461591
2024-09-16 03:30:00,32.526227883333334,36.80796113333333,32.626797,0.10056883907877534
2024-09-16 04:00:00,30.1336366,34.2419339,34.1768,4.043163174169923
2024-09-16 04:30:00,34.93166228333333,38.31985478333333,38.21658,3.284917153922528
2024-09-16 05:00:00,38.18638533333333,37.66480631666666,38.28555,0.09916383048503263
2024-09-16 05:30:00,43.373085116666665,41.8107524,39.067867,-4.305217837613931
2024-09-16 06:00:00,42.97838008333334,38.57623766666666,37.897945,-5.080434679280607
2024-09-16 06:30:00,33.395119433333335,24.4160854,32.22526,-1.169857745100913
2024-09-16 07:00:00,20.2759335,12.0890749,18.269222,-2.0067112404785163
2024-09-16 07:30:00,-1.57364045,-5.72532735,0.85993576,2.433576210498047
2024-09-16 08:00:00,-31.218454933333334,-41.4445402,-22.247318,8.971136665511068
2024-09-16 08:30:00,-55.60377173333333,-68.30366428333333,-49.01502,6.588753270198566
2024-09-16 09:00:00,-86.54951551666666,-102.88654775,-71.76216,14.787354261783847
2024-09-16 09:30:00,-104.51036228333334,-115.33765018333334,-91.7739,12.73645939026693
2024-09-16 10:00:00,-121.87115991666668,-132.45021931666668,-108.56283,13.30833185270184
2024-09-16 10:30:00,-146.751219,-142.71059506666666,-122.19071,24.560507024902336
2024-09-16 11:00:00,-168.6557228833333,-144.5138463,-132.56566,36.090064313997374
2024-09-16 11:30:00,-170.39519673333334,-157.25155826666665,-141.20215,29.193048295833336
2024-09-16 12:00:00,-178.0907688,-168.79769281666668,-145.67538,32.41538427851563
2024-09-16 12:30:00,-176.27293488333336,-165.88889386666668,-147.95361,28.319321602083363
2024-09-16 13:00:00,-175.51858606666667,-172.06251511666665,-144.42444,31.09414759010417
2024-09-16 13:30:00,-163.1444412333333,-171.87314503333334,-140.26196,22.88247834270831
2024-09-16 14:00:00,-142.26595673333335,-151.43474154999998,-128.97333,13.292629096614604
2024-09-16 14:30:00,-128.1667023,-149.01874948333332,-113.772675,14.394027739453122
2024-09-16 15:00:00,-110.97498725,-124.39702546666666,-94.42407,16.550914984374998
2024-09-16 15:30:00,-77.54622590000001,-92.8978593,-72.14497,5.401252145117198
2024-09-16 16:00:00,-46.96811160000001,-65.98667671666666,-47.140125,-0.17201367465819573
2024-09-16 16:30:00,-18.1719963,-27.325866116666663,-20.51926,-2.3472641064941406
2024-09-16 17:00:00,4.579928866666666,16.08023775,3.5360374,-1.0438914215983068
2024-09-16 17:30:00,26.96390068333333,36.882265,24.719936,-2.243964312483719
2024-09-16 18:00:00,39.723916583333335,52.95172673333334,40.53996,0.8160423705240873
2024-09-16 18:30:00,57.10375728333333,64.52295113333334,50.644497,-6.459260365608721
2024-09-16 19:00:00,58.21336386666667,69.78809846666667,56.312313,-1.901050786832684
2024-09-16 19:30:00,56.75466961666666,70.85910386666667,57.141155,0.3864856262532612
2024-09-16 20:00:00,50.27747313333333,66.63618565,56.53953,6.262058574430341
2024-09-16 20:30:00,55.47387755,61.287307166666665,53.075893,-2.397984147900388
2024-09-16 21:00:00,47.91567725,45.97140783333333,49.4454,1.5297229880371077
2024-09-16 21:30:00,44.88518440000001,41.13180018333333,47.719738,2.83455360659179
2024-09-16 22:00:00,43.706763200000005,37.723611016666666,47.23585,3.5290880878417923
2024-09-16 22:30:00,40.25332761666667,35.271917183333336,46.227062,5.97373460867513
2024-09-16 23:00:00,40.99211903333333,40.5470527,45.60548,4.6133611607584655
2024-09-16 23:30:00,41.63574103333334,47.25574445,44.641216,3.005475244742833
2024-09-17 00:00:00,43.53728643333333,43.76119938333333,40.07098,-3.466306361311844
2024-09-17 00:30:00,40.992179316666665,40.96600698333334,36.77505,-4.217128199723305
2024-09-17 01:00:00,35.19235943333334,35.90316365,33.422832,-1.769526944319665
2024-09-17 01:30:00,32.60911775,33.0958051,30.32986,-2.2792570627441435
2024-09-17 02:00:00,34.330561100000004,31.6404728,28.135754,-6.194807468408207
2024-09-17 02:30:00,31.36636418333333,31.0080222,27.706005,-3.6603590868977847
2024-09-17 03:00:00,33.094052733333335,29.02692563333333,28.33479,-4.759263457210288
2024-09-17 03:30:00,28.916624266666663,32.526227883333334,29.575191,0.6585672311360717
2024-09-17 04:00:00,30.175532066666666,30.1336366,32.7521,2.576569831526694
2024-09-17 04:30:00,31.291249416666663,34.93166228333333,36.51701,5.225760318440759
2024-09-17 05:00:00,34.919258883333335,38.18638533333333,38.73347,3.8142120334147123
2024-09-17 05:30:00,37.88618151666667,43.373085116666665,41.4985,3.612319307307942
2024-09-17 06:00:00,37.20894593333333,42.97838008333334,39.356853,2.1479075517740895
2024-09-17 06:30:00,36.1262252,33.395119433333335,30.68275,-5.4434744980957035
2024-09-17 07:00:00,16.7801389,20.2759335,16.708263,-0.07187550278320387
2024-09-17 07:30:00,-2.489752166666667,-1.57364045,-1.9048653,0.5848869017740888
2024-09-17 08:00:00,-23.709718316666667,-31.218454933333334,-25.717197,-2.007479101546224
2024-09-17 08:30:00,-55.14426638333333,-55.60377173333333,-51.758396,3.3858702346516907
2024-09-17 09:00:00,-92.75364901666666,-86.54951551666666,-78.66682,14.086832305240875
2024-09-17 09:30:00,-119.67304623333332,-104.51036228333334,-101.8569,17.81614315716145
2024-09-17 10:00:00,-131.8518589,-121.87115991666668,-118.09577,13.756087110449215
2024-09-17 10:30:00,-150.94177588333335,-146.751219,-131.9772,18.964572514192724
2024-09-17 11:00:00,-164.50963761666665,-168.6557228833333,-142.44212,22.067514203580714
2024-09-17 11:30:00,-181.7322895,-170.39519673333334,-149.88687,31.845418162109382
2024-09-17 12:00:00,-194.33443146666664,-178.0907688,-153.2672,41.067234811393206
2024-09-17 12:30:00,-188.552485,-176.27293488333336,-155.1908,33.36168910156249
2024-09-17 13:00:00,-195.59858333333327,-175.51858606666667,-151.36086,44.237728230794204
2024-09-17 13:30:00,-190.25547000000003,-163.1444412333333,-145.37802,44.877448759765656
2024-09-17 14:00:00,-169.06959175,-142.26595673333335,-134.87215,34.19744514355469
2024-09-17 14:30:00,-155.0005955833333,-128.1667023,-119.19499,35.80560351790362
2024-09-17 15:00:00,-130.22350231666667,-110.97498725,-99.08374,31.139762082291668
2024-09-17 15:30:00,-96.71067036666666,-77.54622590000001,-73.74155,22.969123735807287
2024-09-17 16:00:00,-71.98130716666667,-46.96811160000001,-46.010715,25.970591682047527
2024-09-17 16:30:00,-35.3072599,-18.1719963,-18.61472,16.692540509130858
2024-09-17 17:00:00,-6.468907883333333,4.579928866666666,6.4155693,12.884477188753255
2024-09-17 17:30:00,19.72282193333333,26.96390068333333,26.766079,7.043257015641281
2024-09-17 18:00:00,37.36148106666667,39.723916583333335,41.44479,4.0833088198079395
2024-09-17 18:30:00,44.5225377,57.10375728333333,51.759197,7.236659535107421
2024-09-17 19:00:00,55.32115675,58.21336386666667,57.68603,2.3648745915527343
2024-09-17 19:30:00,57.05127096666666,56.75466961666666,59.259167,2.2078957508626402
2024-09-17 20:00:00,54.80117998333333,50.27747313333333,56.748806,1.9476260164225323
2024-09-17 20:30:00,53.24329835,55.47387755,54.04919,0.8058921712402309
2024-09-17 21:00:00,56.539725583333336,47.91567725,51.13635,-5.403376858968102
2024-09-17 21:30:00,52.25029171666667,44.88518440000001,48.185894,-4.0643977042155015
2024-09-17 22:00:00,46.98547081666667,43.706763200000005,45.83827,-1.1472025366373728
2024-09-17 22:30:00,48.25616161666667,40.25332761666667,45.235485,-3.02067653976237
2024-09-17 23:00:00,40.61042571666667,40.99211903333333,43.140835,2.530409091682941
2024-09-17 23:30:00,45.27092605000001,41.63574103333334,40.58566,-4.685267022900398
2024-09-18 00:00:00,37.95608033333333,43.53728643333333,38.459972,0.5038920482584643
2024-09-18 00:30:00,40.97970253333333,40.992179316666665,35.893047,-5.086655200569659
2024-09-18 01:00:00,35.12473055,35.19235943333334,34.497707,-0.6270231830566431
2024-09-18 01:30:00,36.34627771666667,32.60911775,32.320553,-4.025724890738935
2024-09-18 02:00:00,31.927723466666663,34.330561100000004,30.945293,-0.9824300401529911
2024-09-18 02:30:00,32.21986331666667,31.36636418333333,30.16296,-2.0569032641764338
2024-09-18 03:00:00,30.221787766666665,33.094052733333335,30.102016,-0.11977131769205585
2024-09-18 03:30:00,32.13207003333333,28.916624266666663,31.729076,-0.4029936478352809
2024-09-18 04:00:00,31.55505298333333,30.175532066666666,34.524197,2.96914364142253
2024-09-18 04:30:00,35.27139476666667,31.291249416666663,37.255047,1.983652077815755
2024-09-18 05:00:00,35.96267915,34.919258883333335,37.995235,2.032556293115235
2024-09-18 05:30:00,45.00578765,37.88618151666667,39.2348,-5.770989218603518
2024-09-18 06:00:00,36.151738216666665,37.20894593333333,35.55383,-0.5979090235514306
2024-09-18 06:30:00,24.277402050000003,36.1262252,26.81808,2.5406788520996066
2024-09-18 07:00:00,10.560392166666668,16.7801389,12.925182,2.3647901758626286
2024-09-18 07:30:00,-18.71371841666667,-2.489752166666667,-4.8693733,13.844345095133466
2024-09-18 08:00:00,-53.4565157,-23.709718316666667,-27.9388,25.51771488823242
2024-09-18 08:30:00,-76.0094924,-55.14426638333333,-52.204838,23.804654600927734
2024-09-18 09:00:00,-111.78420118333334,-92.75364901666666,-79.04498,32.73921827317709
2024-09-18 09:30:00,-134.4436289666667,-119.67304623333332,-101.031,33.412630736686225
2024-09-18 10:00:00,-160.22007349999998,-131.8518589,-119.75746,40.46261195214842
2024-09-18 10:30:00,-170.53234121666665,-150.94177588333335,-136.36978,34.16255972252603
2024-09-18 11:00:00,-180.71025165,-164.50963761666665,-148.70709,32.003159364843754
2024-09-18 11:30:00,-194.26605216666667,-181.7322895,-157.36778,36.89826957389323
2024-09-18 12:00:00,-199.1779462,-194.33443146666664,-163.16003,36.01791202031251
2024-09-18 12:30:00,-196.50958705,-188.552485,-166.26843,30.241154432812493
2024-09-18 13:00:00,-187.367669,-195.59858333333327,-165.44392,21.923745049804694
2024-09-18 13:30:00,-188.87979395,-190.25547000000003,-159.16562,29.714175053515618
2024-09-18 14:00:00,-173.2156646,-169.06959175,-146.66394,26.551724170312497
2024-09-18 14:30:00,-154.3859523,-155.0005955833333,-129.24902,25.136928862500014
2024-09-18 15:00:00,-122.19351461666668,-130.22350231666667,-104.80338,17.39013174313152
2024-09-18 15:30:00,-97.50938556666668,-96.71067036666666,-79.20508,18.30430744166668
2024-09-18 16:00:00,-65.42860761666667,-71.98130716666667,-53.47878,11.94982877755534
2024-09-18 16:30:00,-34.8765982,-35.3072599,-25.049595,9.827003320849606
2024-09-18 17:00:00,2.052601466666666,-6.468907883333333,0.5578728,-1.494728694449869
2024-09-18 17:30:00,20.7672886,19.72282193333333,19.115047,-1.6522411451660162
2024-09-18 18:00:00,35.7555134,37.36148106666667,35.572964,-0.18254968540038874
2024-09-18 18:30:00,41.0152673,44.5225377,45.790737,4.7754698520996115
2024-09-18 19:00:00,45.24073723333333,55.32115675,52.586452,7.345715250797532
2024-09-18 19:30:00,43.653356800000005,57.05127096666666,54.85435,11.200994243701167
2024-09-18 20:00:00,42.66766496666667,54.80117998333333,53.333126,10.665461101448564
2024-09-18 20:30:00,45.8862934,53.24329835,50.668163,4.781869899560547
2024-09-18 21:00:00,46.10932655,56.539725583333336,49.350674,3.2413471255371107
2024-09-18 21:30:00,44.72818675,52.25029171666667,47.563046,2.8348587517089854
2024-09-18 22:00:00,40.87959896666667,46.98547081666667,45.513332,4.6337334002766895
2024-09-18 22:30:00,34.61531718333333,48.25616161666667,44.91757,10.302251023453778
2024-09-18 23:00:00,37.395965116666666,40.61042571666667,45.902416,8.50645111258138
2024-09-18 23:30:00,38.26777906666667,45.27092605000001,44.731533,6.46375398387044
2024-09-19 00:00:00,37.02534671666667,37.95608033333333,43.69682,6.671472588753254
2024-09-19 00:30:00,30.720499116666662,40.97970253333333,40.802685,10.082185667268885
2024-09-19 01:00:00,33.24776335,35.12473055,37.081142,3.8333790755371098
2024-09-19 01:30:00,28.70842835,36.34627771666667,34.294476,5.5860472054199235
2024-09-19 02:00:00,29.952890016666668,31.927723466666663,31.943874,1.9909843424641913
2024-09-19 02:30:00,28.034874316666663,32.21986331666667,31.409405,3.374530437972009
2024-09-19 03:00:00,27.761902516666662,30.221787766666665,30.559582,2.7976792399251345
2024-09-19 03:30:00,30.585203266666667,32.13207003333333,33.080044,2.494840526057942
2024-09-19 04:00:00,29.26003448333333,31.55505298333333,36.712994,7.45295913849284
2024-09-19 04:30:00,25.74867801666667,35.27139476666667,37.152233,11.403555107112627
2024-09-19 05:00:00,33.01506981666667,35.96267915,38.87904,5.86396994773763
2024-09-19 05:30:00,37.71413785,45.00578765,40.949352,3.2352144144042967
2024-09-19 06:00:00,31.937982666666667,36.151738216666665,36.612103,4.674119841878255
2024-09-19 06:30:00,28.354693766666667,24.277402050000003,27.413418,-0.9412759505045578
2024-09-19 07:00:00,14.221760533333333,10.560392166666668,11.855618,-2.3661430101399734
2024-09-19 07:30:00,-19.719510516666663,-18.71371841666667,-6.791065,12.92844530060221
2024-09-19 08:00:00,-51.78062783333333,-53.4565157,-30.428867,21.351760493245436
2024-09-19 08:30:00,-76.77744726666667,-76.0094924,-55.68529,21.092155976383467
2024-09-19 09:00:00,-92.33301325,-111.78420118333334,-82.893,9.440015508300775
2024-09-19 09:30:00,-112.89523651666669,-134.4436289666667,-106.76403,6.131206060123716
2024-09-19 10:00:00,-120.52725478333332,-160.22007349999998,-128.26823,-7.740979469596368
2024-09-19 10:30:00,-125.67293325,-170.53234121666665,-144.9833,-19.310373634765625
2024-09-19 11:00:00,-141.17512295,-180.71025165,-158.54433,-17.36920383222656
2024-09-19 11:30:00,-152.44652378333333,-194.26605216666667,-167.63422,-15.187692525260417
2024-09-19 12:00:00,-154.66810045,-199.1779462,-173.42952,-18.761419203320315
2024-09-19 12:30:00,-142.46685051666668,-196.50958705,-175.62659,-33.15973639739582
2024-09-19 13:00:00,-146.92800833333334,-187.367669,-171.08447,-24.156464322916662
2024-09-19 13:30:00,-150.33779555,-188.87979395,-165.16325,-14.825458234179678
2024-09-19 14:00:00,-120.8737506,-173.2156646,-153.0042,-32.130445566992194
2024-09-19 14:30:00,-108.54715561666669,-154.3859523,-135.71365,-27.16649794778644
2024-09-19 15:00:00,-95.95093395,-122.19351461666668,-112.38105,-16.430116159863275
2024-09-19 15:30:00,-78.85369716666666,-97.50938556666668,-86.16053,-7.306832923665368
2024-09-19 16:00:00,-47.84376890000001,-65.42860761666667,-55.423893,-7.580124074853508
2024-09-19 16:30:00,-23.1873639,-34.8765982,-28.172672,-4.9853083717285145
2024-09-19 17:00:00,2.2029567666666665,2.052601466666666,-2.9768257,-5.179782480777995
2024-09-19 17:30:00,20.713659383333333,20.7672886,20.869228,0.15556897970377648
2024-09-19 18:00:00,35.04799798333333,35.7555134,38.35496,3.30696341193034
2024-09-19 18:30:00,53.23719025,41.0152673,48.360455,-4.876735690673826
2024-09-19 19:00:00,57.18921053333333,45.24073723333333,54.47085,-2.718358635139971
2024-09-19 19:30:00,48.71975451666666,43.653356800000005,56.741924,8.02216976922201
2024-09-19 20:00:00,44.37842285,42.66766496666667,53.00346,8.625037080419922
2024-09-19 20:30:00,48.1447921,45.8862934,49.680767,1.5359749593261753
2024-09-19 21:00:00,52.71614168333334,46.10932655,46.720898,-5.995244008772794
2024-09-19 21:30:00,47.8016973,44.72818675,44.80061,-3.001087711376954
2024-09-19 22:00:00,39.318281033333335,40.87959896666667,43.594204,4.275922915641274
2024-09-19 22:30:00,36.7290144,34.61531718333333,44.029736,7.30072116518555
2024-09-19 23:00:00,40.23083436666666,37.395965116666666,42.678417,2.447582839143884
2024-09-19 23:30:00,36.71586323333333,38.26777906666667,41.86552,5.149657243961592
2024-09-20 00:00:00,32.984816083333335,37.02534671666667,39.50941,6.524594774820962
2024-09-20 00:30:00,33.23666515,30.720499116666662,36.227993,2.991327861474609
2024-09-20 01:00:00,33.570779466666664,33.24776335,34.07629,0.50551066394857
2024-09-20 01:30:00,34.0756751,28.70842835,30.601284,-3.4743910729003886
2024-09-20 02:00:00,31.33599883333333,29.952890016666668,28.772686,-2.5633128286946594
2024-09-20 02:30:00,29.257919033333334,28.034874316666663,28.74815,-0.5097691615071618
2024-09-20 03:00:00,31.08325448333333,27.761902516666662,29.526424,-1.5568300753743465
2024-09-20 03:30:00,31.39481755,30.585203266666667,30.908733,-0.4860841820800772
2024-09-20 04:00:00,29.94088975,29.26003448333333,32.802746,2.8618560690917967
2024-09-20 04:30:00,29.812461116666668,25.74867801666667,32.959805,3.147343418245441
2024-09-20 05:00:00,28.282876516666665,33.01506981666667,36.93336,8.650484536800132
2024-09-20 05:30:00,31.26659808333333,37.71413785,38.901592,7.63499417130534
2024-09-20 06:00:00,29.485931216666668,31.937982666666667,35.478848,5.992916286995442
2024-09-20 06:30:00,18.7806089,28.354693766666667,25.751522,6.970913164208984
2024-09-20 07:00:00,8.450367683333335,14.221760533333333,10.337673,1.8873055039225246
2024-09-20 07:30:00,-13.586971033333333,-19.719510516666663,-10.203083,3.3838879950032545
2024-09-20 08:00:00,-40.64143648333334,-51.78062783333333,-36.34876,4.292677785823571
2024-09-20 08:30:00,-48.8085776,-76.77744726666667,-65.73143,-16.922852453710938
2024-09-20 09:00:00,-90.31218051666669,-92.33301325,-90.810265,-0.49808407073565775
2024-09-20 09:30:00,-109.15489051666668,-112.89523651666669,-113.13257,-3.9776778427083173
2024-09-20 10:00:00,-123.67808275,-120.52725478333332,-131.87254,-8.194460584960936
2024-09-20 10:30:00,-131.17901651666668,-125.67293325,-145.20041,-14.021392418880197
2024-09-20 11:00:00,-137.36843235,-141.17512295,-156.42514,-19.05670803085937
2024-09-20 11:30:00,-153.55307916666666,-152.44652378333333,-164.25162,-10.698538264973962
2024-09-20 12:00:00,-153.98547721666668,-154.66810045,-169.47633,-15.490856401497382
2024-09-20 12:30:00,-149.82329221666666,-142.46685051666668,-170.41962,-20.59632448255209
2024-09-20 13:00:00,-159.20407105,-146.92800833333334,-168.86209,-9.658020014453115
2024-09-20 13:30:00,-138.17825385,-150.33779555,-161.63771,-23.459456721289058
2024-09-20 14:00:00,-126.78616288333336,-120.8737506,-147.46896,-20.682800739713514
2024-09-20 14:30:00,-110.46089095,-108.54715561666669,-127.41185,-16.95095902558593
2024-09-20 15:00:00,-89.45040273333335,-95.95093395,-104.235466,-14.78506327008462
2024-09-20 15:30:00,-67.7217156,-78.85369716666666,-76.7791,-9.057382910742191
2024-09-20 16:00:00,-38.7390395,-47.84376890000001,-50.863117,-12.124077718017581
2024-09-20 16:30:00,-21.98522936666667,-23.1873639,-24.241123,-2.2558938327962217
2024-09-20 17:00:00,8.966588833333333,2.2029567666666665,0.5477867,-8.418802120686848
2024-09-20 17:30:00,19.93061443333333,20.713659383333333,20.910732,0.9801178359537808
2024-09-20 18:00:00,43.305983016666666,35.04799798333333,37.856182,-5.449800918277994
2024-09-20 18:30:00,57.51604655,53.23719025,47.49969,-10.016355540478514
2024-09-20 19:00:00,56.11540285,57.18921053333333,52.11845,-3.9969526852050805
2024-09-20 19:30:00,51.367045133333335,48.71975451666666,53.925762,2.558717043180337
2024-09-20 20:00:00,42.46020223333333,44.37842285,52.684383,10.224181159000658
2024-09-20 20:30:00,43.62849574999999,48.1447921,49.93098,6.302484932373055
2024-09-20 21:00:00,51.45940221666667,52.71614168333334,47.31056,-4.148843897574871
2024-09-20 21:30:00,52.76930719999999,47.8016973,44.111065,-8.658242289111321
2024-09-20 22:00:00,47.28942621666667,39.318281033333335,43.41955,-3.869874367301435
2024-09-20 22:30:00,45.60160281666666,36.7290144,43.37869,-2.2229140044108036
2024-09-20 23:00:00,50.77519848333333,40.23083436666666,42.831676,-7.94352200017903
2024-09-20 23:30:00,44.05822601666667,36.71586323333333,42.806927,-1.251299289371751
2024-09-21 00:00:00,34.62265111666667,32.984816083333335,40.10075,5.478098852815755
2024-09-21 00:30:00,32.92193151666667,33.23666515,37.562344,4.640412080745442
2024-09-21 01:00:00,28.78220465,33.570779466666664,35.476665,6.694460846826171
2024-09-21 01:30:00,29.172218416666663,34.0756751,31.584743,2.4125250830891964
2024-09-21 02:00:00,27.5521538,31.33599883333333,30.937542,3.3853881616699226
2024-09-21 02:30:00,27.9188674,29.257919033333334,28.503063,0.584195801904297
2024-09-21 03:00:00,30.543976433333334,31.08325448333333,28.928143,-1.6158338857259125
2024-09-21 03:30:00,30.11724765,31.39481755,30.58192,0.4646729737792974
2024-09-21 04:00:00,32.00026925,29.94088975,31.045086,-0.9551833430175805
2024-09-21 04:30:00,29.65444791666667,29.812461116666668,35.08192,5.427472707112628
2024-09-21 05:00:00,30.840441,28.282876516666665,37.390484,6.550042856201173
2024-09-21 05:30:00,30.72459663333333,31.26659808333333,37.603573,6.878976212125654
2024-09-21 06:00:00,28.11792765,29.485931216666668,35.06396,6.946033379052736
2024-09-21 06:30:00,15.36310505,18.7806089,27.832851,12.46974635991211
2024-09-21 07:00:00,-7.666236716666666,8.450367683333335,11.7869835,19.4532202066569
2024-09-21 07:30:00,-30.12627795,-13.586971033333333,-8.30373,21.82254793901367
2024-09-21 08:00:00,-55.17446831666666,-40.64143648333334,-35.278553,19.89591530763346
2024-09-21 08:30:00,-72.35258773333334,-48.8085776,-59.62232,12.730269465511071
2024-09-21 09:00:00,-81.8761624,-90.31218051666669,-87.66228,-5.786114821679689
2024-09-21 09:30:00,-97.32031551666668,-109.15489051666668,-109.3853,-12.064984165950506
2024-09-21 10:00:00,-130.94462591666667,-123.67808275,-129.78394,1.1606903697916664
2024-09-21 10:30:00,-137.26642063333335,-131.17901651666668,-144.02057,-6.754148214322896
2024-09-21 11:00:00,-123.04761715,-137.36843235,-155.8695,-32.821889685937506
2024-09-21 11:30:00,-143.35002083333333,-153.55307916666666,-162.44019,-19.090164713541668
2024-09-21 12:00:00,-145.9708578166667,-153.98547721666668,-168.1672,-22.19634799388018
2024-09-21 12:30:00,-149.40208906666666,-149.82329221666666,-167.07904,-17.67695146067709
2024-09-21 13:00:00,-148.65904693333331,-159.20407105,-163.95671,-15.297663882096373
2024-09-21 13:30:00,-134.76185,-138.17825385,-155.96207,-21.200216650390615
2024-09-21 14:00:00,-115.1004278,-126.78616288333336,-141.61801,-26.51758367460937
2024-09-21 14:30:00,-110.78634781666666,-110.46089095,-123.42835,-12.642004539290369
2024-09-21 15:00:00,-88.33953348333334,-89.45040273333335,-101.4647,-13.125165308170565
2024-09-21 15:30:00,-67.37728376666666,-67.7217156,-75.84097,-8.46368913372396
2024-09-21 16:00:00,-38.44159005,-38.7390395,-48.521107,-10.079516669970701
2024-09-21 16:30:00,-16.015652766666665,-21.98522936666667,-22.450108,-6.434454807796225
2024-09-21 17:00:00,6.239483866666667,8.966588833333333,0.95739365,-5.282090220426433
2024-09-21 17:30:00,27.7150346,19.93061443333333,19.472897,-8.242138024072265
2024-09-21 18:00:00,37.0891774,43.305983016666666,35.97125,-1.1179287732910126
2024-09-21 18:30:00,41.79519723333333,57.51604655,45.874172,4.078974977360026
2024-09-21 19:00:00,44.36659413333334,56.11540285,52.508724,8.142130079313148
2024-09-21 19:30:00,47.168356116666665,51.367045133333335,56.22482,9.056463066682944
2024-09-21 20:00:00,44.62529396666667,42.46020223333333,55.182293,10.556998971565754
2024-09-21 20:30:00,48.435677950000006,43.62849574999999,52.23765,3.801973874951166
2024-09-21 21:00:00,46.073993916666666,51.45940221666667,48.97157,2.897575144612631
2024-09-21 21:30:00,47.22232555,52.76930719999999,45.28056,-1.9417660102050789
2024-09-21 22:00:00,43.835392250000005,47.28942621666667,43.923428,0.0880353317871041
2024-09-21 22:30:00,35.36107058333334,45.60160281666666,43.733883,8.372812320719397
2024-09-21 23:00:00,36.47683346666667,50.77519848333333,41.517254,5.040420409065753
2024-09-21 23:30:00,38.53847098333333,44.05822601666667,41.25781,2.719337701969401
2024-09-22 00:00:00,31.982833483333334,34.62265111666667,39.311657,7.328823468570963
2024-09-22 00:30:00,29.69858598333333,32.92193151666667,38.390972,8.692386154117841
2024-09-22 01:00:00,33.72739888333333,28.78220465,33.12344,-0.6039590945149698
2024-09-22 01:30:00,29.596141066666664,29.172218416666663,29.250957,-0.34518357765299257
2024-09-22 02:00:00,26.4138655,27.5521538,27.269436,0.8555703825683594
2024-09-22 02:30:00,27.166122833333333,27.9188674,28.056316,0.8901935423990892
2024-09-22 03:00:00,27.03375593333333,30.543976433333334,28.363064,1.3293078789225277
2024-09-22 03:30:00,28.053029483333333,30.11724765,29.88795,1.834921413883464
2024-09-22 04:00:00,27.05691885,32.00026925,31.415066,4.3581469153808605
2024-09-22 04:30:00,26.01436598333333,29.65444791666667,34.011425,7.997059034977216
2024-09-22 05:00:00,26.869654516666667,30.840441,33.8885,7.0188456969563795
2024-09-22 05:30:00,28.13328495,30.72459663333333,35.270046,7.136761284130859
2024-09-22 06:00:00,19.65328273333333,28.11792765,34.50105,14.847766308414716
2024-09-22 06:30:00,9.928718383333331,15.36310505,25.113262,15.18454379318034
2024-09-22 07:00:00,-6.002571133333333,-7.666236716666666,10.464626,16.467197445589193
2024-09-22 07:30:00,-26.396608333333333,-30.12627795,-8.495655,17.90095327351888
2024-09-22 08:00:00,-52.847430583333335,-55.17446831666666,-32.898212,19.949218150472007
2024-09-22 08:30:00,-42.49648535,-72.35258773333334,-58.089466,-15.592980744970703
2024-09-22 09:00:00,-66.75701943333333,-81.8761624,-84.37248,-17.61546286647136
2024-09-22 09:30:00,-94.98052491666664,-97.32031551666668,-107.45707,-12.476544480306018
2024-09-22 10:00:00,-122.51133676666666,-130.94462591666667,-125.416756,-2.905418909602872
2024-09-22 10:30:00,-129.59733568333334,-137.26642063333335,-139.75302,-10.155685556901034
2024-09-22 11:00:00,-127.01252278333334,-123.04761715,-149.15121,-22.138691816276037
2024-09-22 11:30:00,-120.3425789,-143.35002083333333,-155.98373,-35.64115523085937
2024-09-22 12:00:00,-140.25221926666666,-145.9708578166667,-159.63167,-19.379448824153656
2024-09-22 12:30:00,-158.6924516,-149.40208906666666,-160.74826,-2.0558088980468767
2024-09-22 13:00:00,-154.8566843,-148.65904693333331,-157.12442,-2.267735866015613
2024-09-22 13:30:00,-156.6448649,-134.76185,-150.27226,6.3726023267578
2024-09-22 14:00:00,-140.0836088,-115.1004278,-136.33835,3.7452604113281325
2024-09-22 14:30:00,-142.17120066666666,-110.78634781666666,-117.64148,24.529721174479164
2024-09-22 15:00:00,-116.72938111666669,-88.33953348333334,-94.99279,21.73659089449872
2024-09-22 15:30:00,-85.44393793333334,-67.37728376666666,-70.10768,15.336256658919282
2024-09-22 16:00:00,-43.94178073333333,-38.44159005,-41.85671,2.0850722067220033
2024-09-22 16:30:00,-11.069623899999998,-16.015652766666665,-15.452091,-4.3824673170410176
2024-09-22 17:00:00,14.20249235,6.239483866666667,8.533413,-5.669079416650391
2024-09-22 17:30:00,25.0908483,27.7150346,28.626766,3.5359179048339833
2024-09-22 18:00:00,38.3413588,37.0891774,42.367916,4.0265573071777325
2024-09-22 18:30:00,38.85553995,41.79519723333333,49.49693,10.641389218701171
2024-09-22 19:00:00,41.87272491666667,44.36659413333334,53.93475,12.062024686604815
2024-09-22 19:30:00,42.15499376666667,47.168356116666665,56.786907,14.631913429378251
2024-09-22 20:00:00,42.0754179,44.62529396666667,53.614483,11.539064979638674
2024-09-22 20:30:00,42.6056636,48.435677950000006,51.49232,8.886657414404297
2024-09-22 21:00:00,38.70975108333334,46.073993916666666,47.046825,8.33707432560221
2024-09-22 21:30:00,38.87452021666667,47.22232555,44.929485,6.054965104378255
2024-09-22 22:00:00,37.45454828333333,43.835392250000005,43.79788,6.343329982047528
2024-09-22 22:30:00,35.01294935,35.36107058333334,42.912975,7.900025961279297
2024-09-22 23:00:00,35.1181654,36.47683346666667,41.652416,6.534250829248045
2024-09-22 23:30:00,34.65926833333334,38.53847098333333,39.658703,4.99943451700846
2024-09-23 00:00:00,31.71847836666667,31.982833483333334,37.198467,5.479988887972002
2024-09-23 00:30:00,31.534923383333336,29.69858598333333,34.66699,3.1320649894693986
2024-09-23 01:00:00,30.805776116666667,33.72739888333333,31.145855,0.3400788332845046
2024-09-23 01:30:00,27.077840133333336,29.596141066666664,27.186474,0.10863371310221126
2024-09-23 02:00:00,25.295280233333333,26.4138655,27.2458,1.9505197849772138
2024-09-23 02:30:00,25.655802816666665,27.166122833333333,26.038296,0.38249292918294486
2024-09-23 03:00:00,25.3309051,27.03375593333333,26.53474,1.203835347998048
2024-09-23 03:30:00,24.278159483333337,28.053029483333333,27.767254,3.4890943923990854
2024-09-23 04:00:00,21.42111978333333,27.05691885,30.486996,9.065875913688153
2024-09-23 04:30:00,22.69230333333333,26.01436598333333,33.732784,11.040480937906903
2024-09-23 05:00:00,24.285406716666667,26.869654516666667,35.57046,11.285054556526692
2024-09-23 05:30:00,28.5751058,28.13328495,36.126934,7.5518282515136725
2024-09-23 06:00:00,22.255801566666666,19.65328273333333,33.985867,11.730064979964194
2024-09-23 06:30:00,9.303015566666668,9.928718383333331,22.147823,12.844807767073567
2024-09-23 07:00:00,-5.016042766666666,-6.002571133333333,6.9214287,11.937471447086587
2024-09-23 07:30:00,-23.275267766666666,-26.396608333333333,-11.549915,11.725352452945963
2024-09-23 08:00:00,-54.127917233333335,-52.847430583333335,-37.420414,16.70750326238607
2024-09-23 08:30:00,-77.50230393333334,-42.49648535,-60.421925,17.080379342268884
2024-09-23 09:00:00,-97.04856271666668,-66.75701943333333,-85.44203,11.606530856315118
2024-09-23 09:30:00,-123.68853176666666,-94.98052491666664,-105.87027,17.81826199127603
2024-09-23 10:00:00,-139.34249715,-122.51133676666666,-123.90316,15.43933705478517
2024-09-23 10:30:00,-151.64239156666667,-129.59733568333334,-138.64182,13.0005763811198
2024-09-23 11:00:00,-160.59753936666667,-127.01252278333334,-147.4012,13.196340025846354
2024-09-23 11:30:00,-164.92941058333335,-120.3425789,-150.96928,13.960126525716163
2024-09-23 12:00:00,-161.51047451666668,-140.25221926666666,-156.58836,4.9221108692057385
2024-09-23 12:30:00,-156.30743041666668,-158.6924516,-156.61655,-0.30911621419269864
2024-09-23 13:00:00,-151.13036603333333,-154.8566843,-155.20715,-4.076787286979169
2024-09-23 13:30:00,-140.80367765,-156.6448649,-147.67113,-6.86744966933594
2024-09-23 14:00:00,-124.41706103333333,-140.0836088,-136.01201,-11.594947633658862
2024-09-23 14:30:00,-113.88307963333334,-142.17120066666666,-119.398445,-5.515365496061193
2024-09-23 15:00:00,-96.43347726666669,-116.72938111666669,-98.16293,-1.72945608294269
2024-09-23 15:30:00,-68.91800508333334,-85.44393793333334,-76.48983,-7.571824933756503
2024-09-23 16:00:00,-50.19538061666666,-43.94178073333333,-48.343876,1.8515047316568953
2024-09-23 16:30:00,-17.827604183333335,-11.069623899999998,-20.761143,-2.9335385473795554
2024-09-23 17:00:00,6.542750633333333,14.20249235,4.42593,-2.116820610139974
2024-09-23 17:30:00,28.03117063333333,25.0908483,24.856106,-3.175064828889969
2024-09-23 18:00:00,34.03331943333333,38.3413588,39.63,5.596681634781902
2024-09-23 18:30:00,41.7080484,38.85553995,46.236202,4.528153839990232
2024-09-23 19:00:00,44.98342165,41.87272491666667,51.48904,6.505618724755863
2024-09-23 19:30:00,44.34834565,42.15499376666667,53.822414,9.47406874819336
2024-09-23 20:00:00,40.69634396666667,42.0754179,51.982143,11.285799435432942
2024-09-23 20:30:00,37.37364945,42.6056636,50.055172,12.681522516552732
2024-09-23 21:00:00,41.952067633333336,38.70975108333334,47.91482,5.962753991422524
2024-09-23 21:30:00,40.18793995,38.87452021666667,45.118008,4.930067709912109
2024-09-23 22:00:00,33.79385021666667,37.45454828333333,43.01385,9.220000949104815
2024-09-23 22:30:00,36.29406935,35.01294935,42.42645,6.1323794720214835
2024-09-23 23:00:00,35.479343883333335,35.1181654,40.948925,5.469581134977211
2024-09-23 23:30:00,35.399091033333335,34.65926833333334,39.140697,3.7416064459147123
2024-09-24 00:00:00,29.019247366666665,31.71847836666667,36.754833,7.735585854768882
2024-09-24 00:30:00,26.082309483333333,31.534923383333336,34.034725,7.9524157058756515
2024-09-24 01:00:00,23.06376235,30.805776116666667,30.22189,7.158127145849608
2024-09-24 01:30:00,20.110765566666668,27.077840133333336,27.55035,7.439584622542316
2024-09-24 02:00:00,19.85153645,25.295280233333333,26.981564,7.130027118115233
2024-09-24 02:30:00,19.994064316666663,25.655802816666665,26.43925,6.445186629378259
2024-09-24 03:00:00,23.05866783333333,25.3309051,27.373577,4.314909284586591
2024-09-24 03:30:00,24.3130407,24.278159483333337,29.063381,4.750340495068361
2024-09-24 04:00:00,23.519025466666665,21.42111978333333,31.304272,7.7852462313313815
2024-09-24 04:30:00,26.572755016666665,22.69230333333333,33.895504,7.322748981136069
2024-09-24 05:00:00,27.88044353333333,24.285406716666667,34.102154,6.221710244742841
2024-09-24 05:30:00,32.18163728333334,28.5751058,34.952923,2.7712855377115844
2024-09-24 06:00:00,24.95370893333333,22.255801566666666,30.262264,5.308555318375653
2024-09-24 06:30:00,14.344045983333332,9.303015566666668,20.135098,5.791051520328777
2024-09-24 07:00:00,0.4216783999999996,-5.016042766666666,5.7157097,5.2940312862792975
2024-09-24 07:30:00,-18.664690583333336,-23.275267766666666,-12.786243,5.8784471446126325
2024-09-24 08:00:00,-33.653341600000005,-54.127917233333335,-38.1673,-4.513959577978511
2024-09-24 08:30:00,-58.98679031666666,-77.50230393333334,-63.577152,-4.590361935530609
2024-09-24 09:00:00,-80.76481665,-97.04856271666668,-88.728874,-7.9640575565429685
2024-09-24 09:30:00,-88.57434384999999,-123.68853176666666,-109.8012,-21.226857016699228
2024-09-24 10:00:00,-100.47327653333332,-139.34249715,-128.3627,-27.889424882682306
2024-09-24 10:30:00,-108.8544555,-151.64239156666667,-141.3461,-32.491644353515625
2024-09-24 11:00:00,-114.10938465,-160.59753936666667,-151.2096,-37.100210076562504
2024-09-24 11:30:00,-132.7982454,-164.92941058333335,-159.0943,-26.296053916406237
2024-09-24 12:00:00,-147.1317606,-161.51047451666668,-162.85263,-15.720870015234368
2024-09-24 12:30:00,-138.1172288,-156.30743041666668,-162.72812,-24.610890096484383
2024-09-24 13:00:00,-143.82206703333335,-151.13036603333333,-159.58447,-15.762405622916646
2024-09-24 13:30:00,-137.51600576666667,-140.80367765,-150.03552,-12.519516694270834
2024-09-24 14:00:00,-117.57127881666666,-124.41706103333333,-135.56284,-17.991556876692712
2024-09-24 14:30:00,-82.35003661666666,-113.88307963333334,-119.18047,-36.83043671097006
2024-09-24 15:00:00,-58.55389011666667,-96.43347726666669,-97.508446,-38.95455562307942
2024-09-24 15:30:00,-41.119614983333335,-68.91800508333334,-74.56018,-33.440565680729165
2024-09-24 16:00:00,-20.615772216666667,-50.19538061666666,-49.169407,-28.553634674202474
2024-09-24 16:30:00,-3.130217633333333,-17.827604183333335,-21.825169,-18.694950976285806
2024-09-24 17:00:00,13.569806083333331,6.542750633333333,2.330532,-11.239274009358722
2024-09-24 17:30:00,32.23840586666667,28.03117063333333,23.165829,-9.072577161832683
2024-09-24 18:00:00,38.15060318333334,34.03331943333333,38.72839,0.5777865566568963
2024-09-24 18:30:00,39.2631015,41.7080484,48.03674,8.773637849365237
2024-09-24 19:00:00,44.84913341666667,44.98342165,52.980785,8.13165195320638
2024-09-24 19:30:00,41.79961235,44.34834565,53.972393,12.172780685888675
2024-09-24 20:00:00,37.047132366666666,40.69634396666667,51.77714,14.730009204378256
2024-09-24 20:30:00,38.99191368333334,37.37364945,48.68252,9.690608136735023
2024-09-24 21:00:00,38.7194015,41.952067633333336,45.622417,6.903015949951175
2024-09-24 21:30:00,38.30782388333333,40.18793995,42.10586,3.798037780485032
2024-09-24 22:00:00,36.03238266666667,33.79385021666667,41.1611,5.128715813557939
2024-09-24 22:30:00,33.732004966666665,36.29406935,38.876446,5.144440803597007
2024-09-24 23:00:00,30.62719703333333,35.479343883333335,38.017467,7.390270465445965
2024-09-24 23:30:00,30.276690400000003,35.399091033333335,35.48451,5.207818114404294
2024-09-25 00:00:00,28.64851,29.019247366666665,33.78172,5.13320920776367
2024-09-25 00:30:00,25.236902083333334,26.082309483333333,31.322155,6.085252915445963
2024-09-25 01:00:00,26.15642001666667,23.06376235,29.733578,3.5771577116048157
2024-09-25 01:30:00,20.1060866,20.110765566666668,27.93414,7.828052651708983
2024-09-25 02:00:00,20.26313388333333,19.85153645,25.651943,5.388809323453778
2024-09-25 02:30:00,20.56789725,19.994064316666663,24.549694,3.9817968112792954
2024-09-25 03:00:00,20.50097116666667,23.05866783333333,24.038326,3.5373550967610647
2024-09-25 03:30:00,21.48260708333333,24.3130407,24.747204,3.2645967435709657
2024-09-25 04:00:00,21.838787133333337,23.519025466666665,26.004345,4.16555780685221
2024-09-25 04:30:00,22.209638433333332,26.572755016666665,28.02531,5.81567208302409
2024-09-25 05:00:00,23.57199045,27.88044353333333,28.786968,5.214977781201171
2024-09-25 05:30:00,25.89446785,32.18163728333334,30.38412,4.489653091162108
2024-09-25 06:00:00,24.13684603333333,24.95370893333333,25.719433,1.5825867974772159
2024-09-25 06:30:00,17.6311901,14.344045983333332,16.65971,-0.9714801695800794
2024-09-25 07:00:00,13.038723316666667,0.4216783999999996,2.033413,-11.005310383317058
2024-09-25 07:30:00,5.681647316666667,-18.664690583333336,-16.571857,-22.253504769059244
2024-09-25 08:00:00,-15.429170516666668,-33.653341600000005,-39.27811,-23.848939987483725
2024-09-25 08:30:00,-18.95194615,-58.98679031666666,-64.06517,-45.11322413808594
2024-09-25 09:00:00,-47.879109983333336,-80.76481665,-88.023384,-40.144274110904945
2024-09-25 09:30:00,-57.3484236,-88.57434384999999,-107.85336,-50.50493943710938
2024-09-25 10:00:00,-69.42127864999999,-100.47327653333332,-123.95703,-54.53575260000001
2024-09-25 10:30:00,-77.40197451666667,-108.8544555,-136.83456,-59.432589692317705
2024-09-25 11:00:00,-87.47005733333333,-114.10938465,-145.84955,-58.37949100651042
2024-09-25 11:30:00,-98.16772715,-132.7982454,-151.82393,-53.65620168300781
2024-09-25 12:00:00,-95.76372403333332,-147.1317606,-156.7901,-61.02637606432293
2024-09-25 12:30:00,-103.36007271666666,-138.1172288,-155.94676,-52.58668936829427
2024-09-25 13:00:00,-83.20185728333333,-143.82206703333335,-151.26535,-68.06349305846355
2024-09-25 13:30:00,-75.61063593333334,-137.51600576666667,-144.30093,-68.69029790455728
2024-09-25 14:00:00,-75.70660283333333,-117.57127881666666,-129.97888,-54.272279002604165
2024-09-25 14:30:00,-56.62700661666667,-82.35003661666666,-110.455215,-53.82820883743489
2024-09-25 15:00:00,-42.78380396666668,-58.55389011666667,-88.465546,-45.68174168763019
2024-09-25 15:30:00,-31.265609816666668,-41.119614983333335,-62.93886,-31.67325203025716
2024-09-25 16:00:00,-20.8175246,-20.615772216666667,-36.364353,-15.546828579931642
2024-09-25 16:30:00,-3.137494433333333,-3.130217633333333,-11.931782,-8.794287335465494
2024-09-25 17:00:00,9.509982783333331,13.569806083333331,8.097744,-1.412238795296222
2024-09-25 17:30:00,25.876046666666667,32.23840586666667,25.271969,-0.6040778251139329
2024-09-25 18:00:00,40.7604595,38.15060318333334,37.059628,-3.700831967041019
2024-09-25 18:30:00,49.80631683333333,39.2631015,43.46542,-6.340897064046217
2024-09-25 19:00:00,51.01375723333334,44.84913341666667,48.6271,-2.3866553351399773
2024-09-25 19:30:00,58.86832114999999,41.79961235,49.854626,-9.013695448095696
2024-09-25 20:00:00,54.25020998333334,37.047132366666666,46.470196,-7.78001421306967
2024-09-25 20:30:00,67.63438273333333,38.99191368333334,43.910595,-23.72378779314778
2024-09-25 21:00:00,55.01213053333333,38.7194015,44.027355,-10.98477533924153
2024-09-25 21:30:00,52.26056186666667,38.30782388333333,41.620007,-10.640555305387373
2024-09-25 22:00:00,51.88543666666667,36.03238266666667,39.781597,-12.103839529215499
2024-09-25 22:30:00,40.12502228333333,33.732004966666665,37.608456,-2.5165666253743453
2024-09-25 23:00:00,30.940300166666663,30.62719703333333,37.252743,6.312442600667321
2024-09-25 23:30:00,29.681376166666663,30.276690400000003,34.63052,4.9491437002766965
2024-09-26 00:00:00,33.14339688333333,28.64851,31.622433,-1.5209641745930966
2024-09-26 00:30:00,29.64840773333333,25.236902083333334,28.500896,-1.147511279475907
2024-09-26 01:00:00,28.2752106,26.15642001666667,25.918835,-2.3563759137207043
2024-09-26 01:30:00,25.670976266666667,20.1060866,23.194912,-2.4760643098795576
2024-09-26 02:00:00,21.9584367,20.26313388333333,23.428432,1.4699957645996093
2024-09-26 02:30:00,26.555464333333333,20.56789725,23.775204,-2.7802606284993487
2024-09-26 03:00:00,26.396209483333333,20.50097116666667,25.632885,-0.7633245040852863
2024-09-26 03:30:00,28.200307716666668,21.48260708333333,26.111233,-2.0890749590983084
2024-09-26 04:00:00,27.96456635,21.838787133333337,28.501202,0.5366352796386735
2024-09-26 04:30:00,26.86428336666667,22.209638433333332,30.310848,3.4465648694173154
2024-09-26 05:00:00,25.414558983333336,23.57199045,29.466915,4.052356147281898
2024-09-26 05:30:00,28.6218093,25.89446785,28.073483,-0.5483267865722645
2024-09-26 06:00:00,28.19231166666667,24.13684603333333,24.300777,-3.8915342313639343
2024-09-26 06:30:00,21.53401788333333,17.6311901,12.105373,-9.428644500764971
2024-09-26 07:00:00,14.696278466666667,13.038723316666667,-2.2634926,-16.959771050895185
2024-09-26 07:30:00,2.778789533333334,5.681647316666667,-17.014347,-19.79313660974935
2024-09-26 08:00:00,-16.7282629,-15.429170516666668,-37.85422,-21.12595844399414
2024-09-26 08:30:00,-42.434037,-18.95194615,-59.37128,-16.93724367016602
2024-09-26 09:00:00,-56.47270676666667,-47.879109983333336,-80.938065,-24.465357808528644
2024-09-26 09:30:00,-71.1991445,-57.3484236,-95.96284,-24.76369271923828
2024-09-26 10:00:00,-74.45892331666667,-69.42127864999999,-110.76814,-36.30921938352864
2024-09-26 10:30:00,-90.84976398333332,-77.40197451666667,-121.75277,-30.903005486881526
2024-09-26 11:00:00,-99.8578838,-87.47005733333333,-129.59894,-29.741054188281254
2024-09-26 11:30:00,-103.2190472,-98.16772715,-135.30075,-32.08170353242187
2024-09-26 12:00:00,-112.6595272,-95.76372403333332,-138.83023,-26.170703512890626
2024-09-26 12:30:00,-120.94723325,-103.36007271666666,-138.26587,-17.318635890625004
2024-09-26 13:00:00,-116.7201813,-83.20185728333333,-134.05476,-17.33458249394532
2024-09-26 13:30:00,-108.71795833333334,-75.61063593333334,-127.78397,-19.066015360514314
2024-09-26 14:00:00,-101.63184103333332,-75.70660283333333,-115.28513,-13.65329232848309
2024-09-26 14:30:00,-84.92863125000001,-56.62700661666667,-97.06065,-12.132022436523428
2024-09-26 15:00:00,-73.6183565,-42.78380396666668,-75.693146,-2.0747892519531206
2024-09-26 15:30:00,-61.83871536666667,-31.265609816666668,-52.70917,9.129544071500654
2024-09-26 16:00:00,-42.7530083,-20.8175246,-28.407673,14.34533541791992
2024-09-26 16:30:00,-15.888499566666669,-3.137494433333333,-5.8994637,9.989035913102216
2024-09-26 17:00:00,13.705892816666667,9.509982783333331,13.289471,-0.41642214405924527
2024-09-26 17:30:00,25.46955558333333,25.876046666666667,26.287304,0.8177483412272153
2024-09-26 18:00:00,40.86844701666667,40.7604595,37.726727,-3.1417204846842495
2024-09-26 18:30:00,51.46643493333334,49.80631683333333,43.984264,-7.482170559554042
2024-09-26 19:00:00,53.373341733333326,51.01375723333334,48.283398,-5.08994405877278
2024-09-26 19:30:00,60.8487671,58.86832114999999,49.55389,-11.294876871728519
2024-09-26 20:00:00,56.83749065,54.25020998333334,48.4297,-8.407791705908203
2024-09-26 20:30:00,48.78709053333333,67.63438273333333,46.43321,-2.353882067757155
2024-09-26 21:00:00,52.75899233333333,55.01213053333333,43.265896,-9.493096489827472
2024-09-26 21:30:00,51.84652673333333,52.26056186666667,42.058987,-9.787540069514968
2024-09-26 22:00:00,39.8650876,51.88543666666667,39.46919,-0.39589890981445564
2024-09-26 22:30:00,44.1581849,40.12502228333333,37.95634,-6.20184411020508
2024-09-26 23:00:00,40.9788635,30.940300166666663,38.293056,-2.6858070119628934
2024-09-26 23:30:00,40.046958833333335,29.681376166666663,36.3809,-3.666057496663413
2024-09-27 00:00:00,34.86712343333333,33.14339688333333,33.38014,-1.4869850361165362
2024-09-27 00:30:00,32.03500771666666,29.64840773333333,30.939617,-1.0953905596842404
2024-09-27 01:00:00,28.81715575,28.2752106,26.639233,-2.1779231145019544
2024-09-27 01:30:00,28.5034971,25.670976266666667,24.593166,-3.910330748681641
2024-09-27 02:00:00,24.23331715,21.9584367,23.741009,-0.49230839145507943
2024-09-27 02:30:00,27.75967113333333,26.555464333333333,24.130077,-3.629593771272784
2024-09-27 03:00:00,26.81356215,26.396209483333333,24.833675,-1.9798867654785148
2024-09-27 03:30:00,25.9861504,28.200307716666668,26.948864,0.9627135831542972
2024-09-27 04:00:00,28.48649175,27.96456635,28.715115,0.22862284350586037
2024-09-27 04:30:00,27.9515883,26.86428336666667,30.301632,2.3500436274902334
2024-09-27 05:00:00,24.118302733333334,25.414558983333336,28.582851,4.464548676578776
2024-09-27 05:30:00,26.375250066666663,28.6218093,27.404339,1.0290887700032592
2024-09-27 06:00:00,30.01258233333333,28.19231166666667,24.940517,-5.072064907796221
2024-09-27 06:30:00,19.142164033333334,21.53401788333333,16.11308,-3.0290849622884117
2024-09-27 07:00:00,2.3476008000000004,14.696278466666667,4.99638,2.6487790522949215
2024-09-27 07:30:00,-24.1386879,2.778789533333334,-10.126972,14.011715701513673
2024-09-27 08:00:00,-47.593377583333336,-16.7282629,-26.991856,20.601521961995445
2024-09-27 08:30:00,-71.00723718333333,-42.434037,-47.758717,23.248520600081378
2024-09-27 09:00:00,-92.2757705,-56.47270676666667,-66.20322,26.072553947265618
2024-09-27 09:30:00,-115.94917843333332,-71.1991445,-82.08663,33.86254665843097
2024-09-27 10:00:00,-141.24983671666666,-74.45892331666667,-97.36478,43.88506010533854
2024-09-27 10:30:00,-146.09205625,-90.84976398333332,-110.0721,36.0199584716797
2024-09-27 11:00:00,-145.16542196666668,-99.8578838,-118.48439,26.681031707877622
2024-09-27 11:30:00,-148.30598999999998,-103.2190472,-123.937004,24.36898591064451
2024-09-27 12:00:00,-160.63732493333333,-112.6595272,-126.546364,34.090961102766926
2024-09-27 12:30:00,-158.45902451666666,-120.94723325,-126.33852,32.1205082813151
2024-09-27 13:00:00,-164.73935431666666,-116.7201813,-124.66069,40.078664009049476
2024-09-27 13:30:00,-160.9935388,-108.71795833333334,-116.21399,44.77954954218751
2024-09-27 14:00:00,-146.14394575,-101.63184103333332,-104.00004,42.143907603027344
2024-09-27 14:30:00,-128.79665771666666,-84.92863125000001,-89.219734,39.57692352477213
2024-09-27 15:00:00,-109.60343048333334,-73.6183565,-70.492584,39.110846254817716
2024-09-27 15:30:00,-89.02401778333332,-61.83871536666667,-48.557407,40.46661040418293
2024-09-27 16:00:00,-59.07503986666666,-42.7530083,-27.96851,31.10653019259439
2024-09-27 16:30:00,-27.347362816666664,-15.888499566666669,-6.8277626,20.519600212906898
2024-09-27 17:00:00,-0.5992870333333334,13.705892816666667,10.747189,11.346475601448567
2024-09-27 17:30:00,22.53411945,25.46955558333333,25.033749,2.4996291767089858
2024-09-27 18:00:00,35.018577883333336,40.86844701666667,37.196682,2.1781040929850235
2024-09-27 18:30:00,56.27269445,51.46643493333334,44.753735,-11.518959861376956
2024-09-27 19:00:00,61.89995953333334,53.373341733333326,49.655697,-12.244262664436853
2024-09-27 19:30:00,56.61876891666666,60.8487671,50.477398,-6.141370997965488
2024-09-27 20:00:00,48.9087616,56.83749065,51.85136,2.9425987210449236
2024-09-27 20:30:00,46.803067766666665,48.78709053333333,49.16212,2.359053052425132
2024-09-27 21:00:00,45.8073056,52.75899233333333,44.023037,-1.78426864321289
2024-09-27 21:30:00,44.16999331666667,51.84652673333333,41.074062,-3.0959309692545602
2024-09-27 22:00:00,45.54547721666666,39.8650876,40.810802,-4.734674756949865
2024-09-27 22:30:00,47.9424749,44.1581849,41.172894,-6.769581375830079
2024-09-27 23:00:00,40.174486316666666,40.9788635,39.036633,-1.1378537788248693
2024-09-27 23:30:00,38.944197816666666,40.046958833333335,37.34904,-1.595156831559244
2024-09-28 00:00:00,34.527915416666666,34.86712343333333,33.416058,-1.1118578299967439
2024-09-28 00:30:00,35.8373049,32.03500771666666,28.97813,-6.859174559423828
2024-09-28 01:00:00,32.28141706666667,28.81715575,26.64645,-5.63496702394206
2024-09-28 01:30:00,27.732824500000003,28.5034971,23.93832,-3.7945043400878937
2024-09-28 02:00:00,27.889514483333333,24.23331715,22.045116,-5.844398058772786
2024-09-28 02:30:00,26.32454005,27.75967113333333,22.199352,-4.125187785595703
2024-09-28 03:00:00,28.267623283333336,26.81356215,23.2066,-5.0610230941243515
2024-09-28 03:30:00,24.374192616666665,25.9861504,25.110363,0.7361703899251317
2024-09-28 04:00:00,25.8438862,28.48649175,28.547329,2.7034427489746093
2024-09-28 04:30:00,27.32970545,27.9515883,28.95831,1.6286037235839856
2024-09-28 05:00:00,30.323847283333333,24.118302733333334,30.94949,0.6256423101725268
2024-09-28 05:30:00,30.45998493333333,26.375250066666663,31.762035,1.3020504365397159
2024-09-28 06:00:00,23.383370416666665,30.01258233333333,29.51678,6.133410436604819
2024-09-28 06:30:00,8.150014883333332,19.142164033333334,20.70782,12.557806009000652
2024-09-28 07:00:00,-1.6869229833333337,2.3476008000000004,7.3724937,9.059416727229818
2024-09-28 07:30:00,-14.57899785,-24.1386879,-9.496525,5.082473039208985
2024-09-28 08:00:00,-51.92917871666666,-47.593377583333336,-29.305058,22.624121191031897
2024-09-28 08:30:00,-57.36034106666667,-71.00723718333333,-51.52306,5.837281221695967
2024-09-28 09:00:00,-78.66321053333333,-92.2757705,-72.10731,6.555903099251296
2024-09-28 09:30:00,-116.74787201666668,-115.94917843333332,-88.70692,28.040955207584645
2024-09-28 10:00:00,-116.79715268333332,-141.24983671666666,-102.87027,13.926882907942698
2024-09-28 10:30:00,-122.02290293333334,-146.09205625,-114.441284,7.5816187536458415
2024-09-28 11:00:00,-123.86098933333334,-145.16542196666668,-123.96211,-0.10112309342447645
2024-09-28 11:30:00,-129.1964006,-148.30598999999998,-128.76071,0.43568893007812903
2024-09-28 12:00:00,-136.2454016833333,-160.63732493333333,-133.40854,2.836862864973938
2024-09-28 12:30:00,-148.83371194999998,-158.45902451666666,-133.42297,15.41073831718748
2024-09-28 13:00:00,-154.40657041666665,-164.73935431666666,-130.20096,24.20561216471353
2024-09-28 13:30:00,-154.19963345,-160.9935388,-122.276306,31.923327297656243
2024-09-28 14:00:00,-142.57578773333333,-146.14394575,-113.66133,28.914456556575516
2024-09-28 14:30:00,-110.36617568333332,-128.79665771666666,-99.09393,11.272242577864574
2024-09-28 15:00:00,-82.82356346666667,-109.60343048333334,-81.55689,1.2666710716471385
2024-09-28 15:30:00,-67.22630503333333,-89.02401778333332,-60.813618,6.412687327034504
2024-09-28 16:00:00,-32.27611451666667,-59.07503986666666,-36.98287,-4.706753677913412
2024-09-28 16:30:00,-10.381016633333331,-27.347362816666664,-14.796757,-4.415740111051434
2024-09-28 17:00:00,13.385885483333333,-0.5992870333333334,5.5046196,-7.881265884944661
2024-09-28 17:30:00,32.504722050000005,22.53411945,23.559353,-8.945369175244146
2024-09-28 18:00:00,41.09054868333333,35.018577883333336,37.53552,-3.555030037093097
2024-09-28 18:30:00,43.25548461666667,56.27269445,45.233593,1.9781083703938762
2024-09-28 19:00:00,47.24719705,61.89995953333334,48.972515,1.725318056201175
2024-09-28 19:30:00,44.7752654,56.61876891666666,51.802273,7.027007396630857
2024-09-28 20:00:00,50.90940606666666,48.9087616,52.237225,1.3278185121907597
2024-09-28 20:30:00,41.08911376666666,46.803067766666665,51.214687,10.125573580745453
2024-09-28 21:00:00,38.52809498333333,45.8073056,49.178112,10.650017046695964
2024-09-28 21:30:00,38.04084001666667,44.16999331666667,45.650463,7.609623087581376
2024-09-28 22:00:00,33.59015218333334,45.54547721666666,43.096584,9.506432136735022
2024-09-28 22:30:00,34.079404866666664,47.9424749,42.44041,8.361005747347008
2024-09-28 23:00:00,32.038011016666665,40.174486316666666,41.797894,9.759882507503256
2024-09-28 23:30:00,31.34378883333333,38.944197816666666,38.667843,7.324054031656903
2024-09-29 00:00:00,29.70592908333333,34.527915416666666,34.025463,4.319534020914716
2024-09-29 00:30:00,28.43627,35.8373049,31.725277,3.289006947021484
2024-09-29 01:00:00,25.13892218333333,32.28141706666667,28.701336,3.5624137236490903
2024-09-29 01:30:00,25.89417705,27.732824500000003,26.320309,0.4261316353027347
2024-09-29 02:00:00,21.773792216666667,27.889514483333333,24.922604,3.1488113905110673
2024-09-29 02:30:00,21.405449533333336,26.32454005,24.027615,2.6221650601725237
2024-09-29 03:00:00,21.707027866666664,28.267623283333336,23.969814,2.2627864338704455
2024-09-29 03:30:00,23.674662566666665,24.374192616666665,25.003445,1.3287821049641941
2024-09-29 04:00:00,26.654950466666666,25.8438862,27.168835,0.5138842196126312
2024-09-29 04:30:00,25.58306998333333,27.32970545,28.778393,3.1953228084147156
2024-09-29 05:00:00,23.05082395,30.323847283333333,27.625317,4.574492669873045
2024-09-29 05:30:00,22.118498433333333,30.45998493333333,26.558285,4.439786326188152
2024-09-29 06:00:00,14.662394983333334,23.383370416666665,22.41322,7.750824468570963
2024-09-29 06:30:00,7.114587816666667,8.150014883333332,13.508663,6.394075360823567
2024-09-29 07:00:00,2.6392527833333324,-1.6869229833333337,-0.058765396,-2.6980181798091243
2024-09-29 07:30:00,-10.305731366666668,-14.57899785,-16.081745,-5.77601378103841
2024-09-29 08:00:00,-26.46146273333333,-51.92917871666666,-36.81371,-10.352246525699872
2024-09-29 08:30:00,-33.50869886666667,-57.36034106666667,-57.929447,-24.420748307405596
2024-09-29 09:00:00,-55.43723721666667,-78.66321053333333,-78.23632,-22.799083278938802
2024-09-29 09:30:00,-73.89936281666667,-116.74787201666668,-95.46933,-21.56996701731771
2024-09-29 10:00:00,-91.21086556666668,-116.79715268333332,-110.766525,-19.555659701888004
2024-09-29 10:30:00,-102.02592336666667,-122.02290293333334,-123.34198,-21.316056613802076
2024-09-29 11:00:00,-91.51126663333334,-123.86098933333334,-131.03563,-39.5243626391276
2024-09-29 11:30:00,-89.49639831666667,-129.1964006,-137.88467,-48.388275755598954
2024-09-29 12:00:00,-98.6308722,-136.2454016833333,-142.51083,-43.879961540234376
2024-09-29 12:30:00,-115.49370455,-148.83371194999998,-141.79025,-26.29654813554687
2024-09-29 13:00:00,-115.4287199,-154.40657041666665,-137.69785,-22.26912555898437
2024-09-29 13:30:00,-103.74063841666668,-154.19963345,-130.78787,-27.04723389778644
2024-09-29 14:00:00,-96.04238281666666,-142.57578773333333,-118.98165,-22.939268489485684
2024-09-29 14:30:00,-92.00243963333332,-110.36617568333332,-103.31001,-11.307573184049488
2024-09-29 15:00:00,-98.04763548333334,-82.82356346666667,-82.42772,15.6199163671224
2024-09-29 15:30:00,-78.83371255,-67.22630503333333,-60.476353,18.35735985834961
2024-09-29 16:00:00,-56.94705341666667,-32.27611451666667,-35.706562,21.24049137443034
2024-09-29 16:30:00,-29.656657300000003,-10.381016633333331,-13.638889,16.017767987255862
2024-09-29 17:00:00,-6.678589516666666,13.385885483333333,6.7341576,13.412747078922525
2024-09-29 17:30:00,12.891708016666668,32.504722050000005,24.574444,11.682735800472004
2024-09-29 18:00:00,29.96685503333333,41.09054868333333,37.230328,7.26347257286784
2024-09-29 18:30:00,39.639238866666666,43.25548461666667,45.06985,5.430612054964193
2024-09-29 19:00:00,43.93516675,47.24719705,48.72952,4.794352140380859
2024-09-29 19:30:00,43.02902735,44.7752654,51.11465,8.08562337631836
2024-09-29 20:00:00,45.3688768,50.90940606666666,52.324673,6.955795898974607
2024-09-29 20:30:00,44.33220928333333,41.08911376666666,52.6952,8.36299259044597
2024-09-29 21:00:00,39.74098658333333,38.52809498333333,49.081264,9.340277912516278
2024-09-29 21:30:00,40.91590705,38.04084001666667,45.034725,4.118818139208983
2024-09-29 22:00:00,38.83469011666666,33.59015218333334,40.808987,1.9742965471517024
2024-09-29 22:30:00,37.31811488333333,34.079404866666664,40.405254,3.0871394806803423
2024-09-29 23:00:00,37.91544165,32.038011016666665,39.859463,1.9440210880371112
2024-09-29 23:30:00,35.01622208333333,31.34378883333333,37.499233,2.483011162516277
2024-09-30 00:00:00,35.623257333333335,29.70592908333333,32.148067,-3.4751898589681005
2024-09-30 00:30:00,32.5476577,28.43627,30.265469,-2.2821891025878926
2024-09-30 01:00:00,33.116960150000004,25.13892218333333,26.435299,-6.68166123032227
2024-09-30 01:30:00,26.7127532,25.89417705,25.22282,-1.4899329180175798
2024-09-30 02:00:00,26.14457218333333,21.773792216666667,25.130672,-1.0138997284993465
2024-09-30 02:30:00,25.16112216666667,21.405449533333336,23.86877,-1.2923515673014343
2024-09-30 03:00:00,23.229319966666665,21.707027866666664,24.847805,1.6184850565266942
2024-09-30 03:30:00,23.251588283333334,23.674662566666665,25.99815,2.7465615884928383
2024-09-30 04:00:00,25.88241515,26.654950466666666,28.756145,2.873730327294922
2024-09-30 04:30:00,29.06837943333333,25.58306998333333,28.655758,-0.4126215292805959
2024-09-30 05:00:00,32.06724706666667,23.05082395,26.668392,-5.3988548852701825
2024-09-30 05:30:00,37.65461138333333,22.118498433333333,23.292217,-14.36239412869466
2024-09-30 06:00:00,33.0109444,14.662394983333334,19.184307,-13.826637301611328
2024-09-30 06:30:00,19.699801283333333,7.114587816666667,9.789593,-9.91020854041341
2024-09-30 07:00:00,5.948473849999999,2.6392527833333324,-2.8614388,-8.809912601220702
2024-09-30 07:30:00,-16.95639278333333,-10.305731366666668,-20.900562,-3.9441695030436215
2024-09-30 08:00:00,-53.93311943333333,-26.46146273333333,-37.88695,16.04616798680013
2024-09-30 08:30:00,-87.62691881666666,-33.50869886666667,-56.02547,31.60144808302408
2024-09-30 09:00:00,-100.48108761666668,-55.43723721666667,-76.636185,23.844902924283872
2024-09-30 09:30:00,-112.91419991666667,-73.89936281666667,-92.728325,20.185875026529956
2024-09-30 10:00:00,-114.0352006,-91.21086556666668,-106.239395,7.7958054583984335
2024-09-30 10:30:00,-134.10170838333332,-102.02592336666667,-118.249664,15.852044076692692
2024-09-30 11:00:00,-133.20480456666667,-91.51126663333334,-126.71903,6.48577227906901
2024-09-30 11:30:00,-137.21927011666665,-89.49639831666667,-132.35532,4.8639539545572745
2024-09-30 12:00:00,-143.64628901666666,-98.6308722,-136.48036,7.165927078190094
2024-09-30 12:30:00,-145.43200245,-115.49370455,-135.22025,10.211757088671874
2024-09-30 13:00:00,-152.71785721666666,-115.4287199,-133.50018,19.21767411119791
2024-09-30 13:30:00,-136.71013043333332,-103.74063841666668,-125.42198,11.288148621809881
2024-09-30 14:00:00,-132.90475913333333,-96.04238281666666,-112.55519,20.349568093294266
2024-09-30 14:30:00,-124.05524068333334,-92.00243963333332,-97.83109,26.22414784886068
2024-09-30 15:00:00,-126.49411425,-98.04763548333334,-79.90165,46.59246477490234
2024-09-30 15:30:00,-97.40654431666668,-78.83371255,-59.415287,37.99125729884442
2024-09-30 16:00:00,-59.90266605,-56.94705341666667,-38.42194,21.480726200146485
2024-09-30 16:30:00,-34.569641,-29.656657300000003,-16.326176,18.24346531030273
2024-09-30 17:00:00,-7.943672799999999,-6.678589516666666,2.7147026,10.65837540620117
2024-09-30 17:30:00,15.206489499999998,12.891708016666668,17.962765,2.756275239990236
2024-09-30 18:00:00,32.1420096,29.96685503333333,28.674252,-3.467758043603517
2024-09-30 18:30:00,44.3621334,39.639238866666666,38.190395,-6.171738044775388
2024-09-30 19:00:00,44.75585161666667,43.93516675,43.0702,-1.685649742887371
2024-09-30 19:30:00,38.97987556666666,43.02902735,47.671276,8.69140052586264
2024-09-30 20:00:00,38.89604165,45.3688768,50.010418,11.114376288232421
2024-09-30 20:30:00,42.70978221666667,44.33220928333333,48.40768,5.697898294807942
2024-09-30 21:00:00,39.70966845,39.74098658333333,43.886272,4.1766039804199195
2024-09-30 21:30:00,36.61948276666666,40.91590705,42.259197,5.639714468440765
2024-09-30 22:00:00,42.3096945,38.83469011666666,39.132534,-3.1771604729003897
2024-09-30 22:30:00,36.75340863333333,37.31811488333333,36.16052,-0.5928899870930948
2024-09-30 23:00:00,36.29084851666666,37.91544165,33.628597,-2.662251257145172
2024-09-30 23:30:00,30.922494633333333,35.01622208333333,31.392437,0.46994234786783906
2024-10-01 00:00:00,27.6446994,35.623257333333335,29.852276,2.2075764483886715
2024-10-01 00:30:00,25.27363215,32.5476577,28.447903,3.1742705294433584
2024-10-01 01:00:00,26.50213958333333,33.116960150000004,26.931927,0.42978714396159035
2024-10-01 01:30:00,25.63604835,26.7127532,25.329723,-0.3063249918457025
2024-10-01 02:00:00,27.74215925,26.14457218333333,24.67471,-3.067449929931641
2024-10-01 02:30:00,24.348125066666668,25.16112216666667,24.583874,0.23574868211262867
2024-10-01 03:00:00,25.0729438,23.229319966666665,23.970913,-1.1020308666503915
2024-10-01 03:30:00,25.933928266666666,23.251588283333334,23.882992,-2.050936475895181
2024-10-01 04:00:00,25.51210903333333,25.88241515,24.523373,-0.988736383186847
2024-10-01 04:30:00,28.061932783333333,29.06837943333333,26.296124,-1.765809278694661
2024-10-01 05:00:00,30.476441166666664,32.06724706666667,26.204494,-4.2719466903483045
2024-10-01 05:30:00,31.280666,37.65461138333333,26.347363,-4.933303481689453
2024-10-01 06:00:00,21.82933848333333,33.0109444,23.628872,1.7995334343912788
2024-10-01 06:30:00,7.270974816666668,19.699801283333333,16.617992,9.347017584456378
2024-10-01 07:00:00,-10.692200533333336,5.948473849999999,2.621212,13.31341253894857
2024-10-01 07:30:00,-22.438771216666662,-16.95639278333333,-11.333012,11.105759589469397
2024-10-01 08:00:00,-49.012152533333335,-53.93311943333333,-30.935017,18.077135901253257
2024-10-01 08:30:00,-80.55139191666667,-87.62691881666666,-54.229725,26.32166703263347
2024-10-01 09:00:00,-101.40831226666668,-100.48108761666668,-77.787796,23.62051624615887
2024-10-01 09:30:00,-121.59611218333332,-112.91419991666667,-93.93866,27.657452515364568
2024-10-01 10:00:00,-124.09138265,-114.0352006,-108.065956,16.025426534277344
2024-10-01 10:30:00,-125.1063132,-134.10170838333332,-118.95735,6.14896151542969
2024-10-01 11:00:00,-151.10186621666665,-133.20480456666667,-128.36603,22.7358383846354
2024-10-01 11:30:00,-166.4082276,-137.21927011666665,-133.78156,32.626672424218754
2024-10-01 12:00:00,-166.63510216666666,-143.64628901666666,-135.71783,30.917267694010405
2024-10-01 12:30:00,-168.0187149333333,-145.43200245,-136.40952,31.60919955247394
2024-10-01 13:00:00,-175.29571231666668,-152.71785721666666,-131.93863,43.357083166276055
2024-10-01 13:30:00,-168.30247883333334,-136.71013043333332,-125.6795,42.62298206819662
2024-10-01 14:00:00,-158.31593346666668,-132.90475913333333,-115.409256,42.906677485221365
2024-10-01 14:30:00,-154.61034893333334,-124.05524068333334,-101.38898,53.22137188255209
2024-10-01 15:00:00,-132.14365898333332,-126.49411425,-85.286865,46.856793748958324
2024-10-01 15:30:00,-101.50404848333334,-97.40654431666668,-67.395386,34.108662741145835
2024-10-01 16:00:00,-72.92219328333333,-59.90266605,-46.39275,26.529443496956375
2024-10-01 16:30:00,-39.59685606666667,-34.569641,-22.962757,16.634098956070964
2024-10-01 17:00:00,-8.566587766666666,-7.943672799999999,-5.111408,3.455179533024088
2024-10-01 17:30:00,13.563129033333334,15.206489499999998,12.554424,-1.0087047474446624
2024-10-01 18:00:00,32.07956183333334,32.1420096,27.238903,-4.84065878767904
2024-10-01 18:30:00,37.605317633333335,44.3621334,35.95422,-1.651097815218101
2024-10-01 19:00:00,37.25245568333333,44.75585161666667,42.778225,5.525769261735029
2024-10-01 19:30:00,48.23614608333333,38.97987556666666,45.25047,-2.985676875569659
2024-10-01 20:00:00,45.226353200000005,38.89604165,46.386486,1.1601328534667914
2024-10-01 20:30:00,51.716187350000006,42.70978221666667,43.90817,-7.808018557275396
2024-10-01 21:00:00,51.96327011666667,39.70966845,41.722485,-10.240785528043624
2024-10-01 21:30:00,50.08480665,36.61948276666666,40.56944,-9.515367715673825
2024-10-01 22:00:00,45.051412383333336,42.3096945,38.90919,-6.142221251741539
2024-10-01 22:30:00,42.868614400000006,36.75340863333333,38.051876,-4.816738331884771
2024-10-01 23:00:00,37.87822631666666,36.29084851666666,35.765728,-2.1124983198404905
2024-10-01 23:30:00,33.49707671666667,30.922494633333333,32.621044,-0.8760325577311221
2024-10-02 00:00:00,33.324968516666665,27.6446994,30.114529,-3.2104398606608058
2024-10-02 00:30:00,31.47245671666667,25.27363215,27.422894,-4.049563192496748
2024-10-02 01:00:00,28.06569995,26.50213958333333,24.626766,-3.4389337451660147
2024-10-02 01:30:00,25.845398316666664,25.63604835,22.661816,-3.183582673356117
2024-10-02 02:00:00,25.978087733333336,27.74215925,20.48164,-5.496447871272789
2024-10-02 02:30:00,25.39522451666667,24.348125066666668,20.193493,-5.201731627262372
2024-10-02 03:00:00,26.80577716666667,25.0729438,20.359402,-6.4463754637858095
2024-10-02 03:30:00,26.085369416666666,25.933928266666666,21.987835,-4.097534486246744
2024-10-02 04:00:00,26.29565236666667,25.51210903333333,24.042019,-2.2536334762858097
2024-10-02 04:30:00,27.0625994,28.061932783333333,25.849743,-1.212856510595703
2024-10-02 05:00:00,32.258069400000004,30.476441166666664,25.354305,-6.903764132666019
2024-10-02 05:30:00,35.48655848333333,31.280666,25.275387,-10.211171673030599
2024-10-02 06:00:00,25.00152483333333,21.82933848333333,21.218304,-3.783221152913409
2024-10-02 06:30:00,17.7802431,7.270974816666668,13.677334,-4.1029092682128905
2024-10-02 07:00:00,10.605466583333332,-10.692200533333336,-0.33685684,-10.942323425374347
2024-10-02 07:30:00,-13.1729404,-22.438771216666662,-16.393543,-3.2206028434082032
2024-10-02 08:00:00,-45.03352776666666,-49.012152533333335,-36.343174,8.690353785953768
2024-10-02 08:30:00,-64.83494551666666,-80.55139191666667,-60.631565,4.203380422672524
2024-10-02 09:00:00,-88.59621943333333,-101.40831226666668,-79.10111,9.495107067610675
2024-10-02 09:30:00,-100.80027225,-121.59611218333332,-94.020805,6.779466891113287
2024-10-02 10:00:00,-124.67555056666669,-124.09138265,-109.65537,15.02017794703778
2024-10-02 10:30:00,-129.9701555166667,-125.1063132,-120.17606,9.794091979069037
2024-10-02 11:00:00,-131.78685008333332,-151.10186621666665,-128.89503,2.8918152932942576
2024-10-02 11:30:00,-148.00425113333333,-166.4082276,-136.91663,11.087625156770827
2024-10-02 12:00:00,-157.09888105000002,-166.63510216666666,-139.32901,17.769871040234392
2024-10-02 12:30:00,-167.00918123333335,-168.0187149333333,-138.60025,28.408930989192726
2024-10-02 13:00:00,-166.94062706666668,-175.29571231666668,-138.09863,28.84199425416668
2024-10-02 13:30:00,-162.21584656666667,-168.30247883333334,-133.16658,29.049266366471358
2024-10-02 14:00:00,-157.36439895,-158.31593346666668,-123.04215,34.32224654521485
2024-10-02 14:30:00,-133.33800945,-154.61034893333334,-112.78147,20.55653819755858
2024-10-02 15:00:00,-116.0585784,-132.14365898333332,-95.79773,20.260848907812502
2024-10-02 15:30:00,-100.33716675,-101.50404848333334,-74.79538,25.54178711132812
2024-10-02 16:00:00,-67.97790816666667,-72.92219328333333,-52.165073,15.812834771891275
2024-10-02 16:30:00,-37.043463800000005,-39.59685606666667,-29.152607,7.890856835888677
2024-10-02 17:00:00,-4.723013416666666,-8.566587766666666,-7.0930824,-2.370069011311849
2024-10-02 17:30:00,19.13670988333333,13.563129033333334,10.041317,-9.095392897249347
2024-10-02 18:00:00,30.36899148333333,32.07956183333334,23.604244,-6.764747251155594
2024-10-02 18:30:00,45.43061776666667,37.605317633333335,35.697414,-9.733203368473312
2024-10-02 19:00:00,52.72778893333333,37.25245568333333,42.90646,-9.82132912498372
2024-10-02 19:30:00,52.44477401666666,48.23614608333333,45.727,-6.7177728264811165
2024-10-02 20:00:00,49.52114211666666,45.226353200000005,45.012814,-4.508328548551425
2024-10-02 20:30:00,46.27531506666667,51.716187350000006,43.448788,-2.826527377457687
2024-10-02 21:00:00,47.81081555,51.96327011666667,42.95042,-4.860395170361329
2024-10-02 21:30:00,46.14988545,50.08480665,42.597927,-3.55195835649414
2024-10-02 22:00:00,41.8085302,45.051412383333336,41.552364,-0.2561658506347655
2024-10-02 22:30:00,37.8047999,42.868614400000006,41.43951,3.6347104454589854
2024-10-02 23:00:00,32.0771401,37.87822631666666,38.63516,6.558018438818358
2024-10-02 23:30:00,28.992114966666666,33.49707671666667,36.246105,7.253990227425131
2024-10-03 00:00:00,28.107482200000003,33.324968516666665,32.198925,4.091442818310544
2024-10-03 00:30:00,26.173855016666664,31.47245671666667,29.848446,3.6745908756673202
2024-10-03 01:00:00,23.760836616666666,28.06569995,25.73283,1.9719934309407563
2024-10-03 01:30:00,21.86551998333333,25.845398316666664,24.518826,2.653305547672531
2024-10-03 02:00:00,23.56469333333333,25.978087733333336,24.315609,0.7509156449381535
2024-10-03 02:30:00,22.30811346666667,25.39522451666667,24.103878,1.7957645545735659
2024-10-03 03:00:00,24.10933723333333,26.80577716666667,24.708996,0.5996585857584655
2024-10-03 03:30:00,23.0017175,26.085369416666666,26.853817,3.852099486083983
2024-10-03 04:00:00,23.799664366666665,26.29565236666667,28.60693,4.807265412386069
2024-10-03 04:30:00,26.57892875,27.0625994,26.511166,-0.06776313110351495
2024-10-03 05:00:00,30.215933433333333,32.258069400000004,26.814083,-3.401850333968099
2024-10-03 05:30:00,32.465036233333336,35.48655848333333,24.977764,-7.487272103694664
2024-10-03 06:00:00,26.076796666666667,25.00152483333333,20.341732,-5.735064641520182
2024-10-03 06:30:00,11.256337283333332,17.7802431,10.5057335,-0.7506037933430978
2024-10-03 07:00:00,-1.4111627000000002,10.605466583333332,-3.2784462,-1.8672834975097654
2024-10-03 07:30:00,-34.40967891666667,-13.1729404,-20.288761,14.120917777750655
2024-10-03 08:00:00,-74.9208443,-45.03352776666666,-40.631947,34.288897736279296
2024-10-03 08:30:00,-86.48753791666667,-64.83494551666666,-62.209324,24.278214033610027
2024-10-03 09:00:00,-124.078569,-88.59621943333333,-82.061035,42.01753384375
2024-10-03 09:30:00,-139.00795933333333,-100.80027225,-98.61696,40.39100071516927
2024-10-03 10:00:00,-146.91649006666668,-124.67555056666669,-112.734474,34.182015884537776
2024-10-03 10:30:00,-150.83294661666667,-129.9701555166667,-124.29425,26.538696128385425
2024-10-03 11:00:00,-149.85821226666667,-131.78685008333332,-133.17972,16.678494249088544
2024-10-03 11:30:00,-160.33985388333335,-148.00425113333333,-140.90868,19.43117773587241
2024-10-03 12:00:00,-159.84532701666666,-157.09888105000002,-145.7089,14.136434194401033
2024-10-03 12:30:00,-166.06890213333335,-167.00918123333335,-146.89497,19.17392837845054
2024-10-03 13:00:00,-165.23789853333332,-166.94062706666668,-146.81824,18.419661228645822
2024-10-03 13:30:00,-156.32613268333333,-162.21584656666667,-143.82614,12.499991325911452
2024-10-03 14:00:00,-134.5536884166667,-157.36439895,-135.73468,-1.180991759114562
2024-10-03 14:30:00,-124.09132606666668,-133.33800945,-122.38942,1.701906511002619
2024-10-03 15:00:00,-94.8815222,-116.0585784,-103.467995,-8.5864724899414
2024-10-03 15:30:00,-72.60621548333333,-100.33716675,-79.311165,-6.704949372623702
2024-10-03 16:00:00,-54.72626048333333,-67.97790816666667,-57.479374,-2.7531134485514386
2024-10-03 16:30:00,-16.7746817,-37.043463800000005,-33.56786,-16.793177949658205
2024-10-03 17:00:00,7.53912595,-4.723013416666666,-9.81406,-17.35318616118164
2024-10-03 17:30:00,29.624147366666666,19.13670988333333,9.809139,-19.81500811495768
2024-10-03 18:00:00,36.1071881,30.36899148333333,25.769894,-10.337294453759768
2024-10-03 18:30:00,37.75192378333333,45.43061776666667,38.08961,0.3376872701334648
2024-10-03 19:00:00,37.7774454,52.72778893333333,46.8701,9.092652714013674
2024-10-03 19:30:00,43.08367231666667,52.44477401666666,51.89192,8.808245865706375
2024-10-03 20:00:00,41.57083895,49.52114211666666,51.85243,10.281589486279294
2024-10-03 20:30:00,37.866372733333336,46.27531506666667,47.350597,9.484224648258461
2024-10-03 21:00:00,35.78153575,47.81081555,46.186153,10.404617661865231
2024-10-03 21:30:00,37.26015,46.14988545,43.99078,6.730629876708981
2024-10-03 22:00:00,35.84120488333333,41.8085302,42.79684,6.955635784391276
2024-10-03 22:30:00,32.91450786666667,37.8047999,40.105984,7.191475867464192
2024-10-03 23:00:00,31.36989285,32.0771401,38.934536,7.56464313022461
2024-10-03 23:30:00,30.166555833333334,28.992114966666666,38.627377,8.46082072306315
2024-10-04 00:00:00,32.43548236666667,28.107482200000003,34.11285,1.6773678225423154
2024-10-04 00:30:00,28.108805466666663,26.173855016666664,30.233974,2.1251689901204465
2024-10-04 01:00:00,27.067920116666667,23.760836616666666,27.64767,0.5797506291829428
2024-10-04 01:30:00,25.59894335,21.86551998333333,26.975811,1.3768676546386729
2024-10-04 02:00:00,23.60087385,23.56469333333333,25.973736,2.3728619593261726
2024-10-04 02:30:00,23.699635666666666,22.30811346666667,25.317974,1.6183384239095062
2024-10-04 03:00:00,24.696380716666667,24.10933723333333,25.801983,1.105602162972005
2024-10-04 03:30:00,23.93837433333333,23.0017175,25.801067,1.8626930189615933
2024-10-04 04:00:00,24.539102016666664,23.799664366666665,28.237484,3.69838196160482
2024-10-04 04:30:00,24.654235116666666,26.57892875,28.723263,4.069027670198569
2024-10-04 05:00:00,26.016529916666663,30.215933433333333,27.964138,1.9476081143391966
2024-10-04 05:30:00,25.535558366666667,32.465036233333336,27.597668,2.06210932742513
2024-10-04 06:00:00,15.078309849999998,26.076796666666667,22.02383,6.945520563818361
2024-10-04 06:30:00,1.316127683333333,11.256337283333332,11.324474,10.008346651383464
2024-10-04 07:00:00,-14.095706816666665,-1.4111627000000002,-3.020527,11.075179930680337
2024-10-04 07:30:00,-32.77712775,-34.40967891666667,-21.822285,10.95484305151367
2024-10-04 08:00:00,-64.28763728333332,-74.9208443,-45.314274,18.97336344910481
2024-10-04 08:30:00,-84.72867778333334,-86.48753791666667,-69.49131,15.237367663704433
2024-10-04 09:00:00,-117.72576378333332,-124.078569,-90.45395,27.271814808723946
2024-10-04 09:30:00,-137.15068653333333,-139.00795933333333,-108.3649,28.785787851692703
2024-10-04 10:00:00,-132.87631205,-146.91649006666668,-124.830215,8.046096595898433
2024-10-04 10:30:00,-131.24518115,-150.83294661666667,-137.32663,-6.081448488671867
2024-10-04 11:00:00,-133.46356706666666,-149.85821226666667,-145.66016,-12.196589183333344
2024-10-04 11:30:00,-123.14494658333332,-160.33985388333335,-150.80063,-27.655682078776053
2024-10-04 12:00:00,-132.1582304833333,-159.84532701666666,-154.2789,-22.120669663151062
2024-10-04 12:30:00,-143.89843993333332,-166.06890213333335,-155.65564,-11.757199715104178
2024-10-04 13:00:00,-136.24366328333335,-165.23789853333332,-154.36798,-18.124317673697902
2024-10-04 13:30:00,-114.87073571666669,-156.32613268333333,-149.60266,-34.73192541614581
2024-10-04 14:00:00,-107.42723901666666,-134.5536884166667,-140.72562,-33.298377438411464
2024-10-04 14:30:00,-89.89990223333332,-124.09132606666668,-124.60189,-34.70198833063152
2024-10-04 15:00:00,-89.15705224999999,-94.8815222,-105.38974,-16.232687740234383
2024-10-04 15:30:00,-50.66667996666666,-72.60621548333333,-82.73274,-32.06606234290365
2024-10-04 16:00:00,-30.62210548333333,-54.72626048333333,-56.58875,-25.966643448551437
2024-10-04 16:30:00,-15.387397866666667,-16.7746817,-29.62563,-14.23823155838216
2024-10-04 17:00:00,-4.9469283,7.53912595,-4.36388,0.5830481425292966
2024-10-04 17:30:00,17.961615333333334,29.624147366666666,16.714352,-1.2472636792806
2024-10-04 18:00:00,30.610799916666668,36.1071881,33.487408,2.876607767659504
2024-10-04 18:30:00,37.18583175,37.75192378333333,42.218304,5.0324719304199235
2024-10-04 19:00:00,37.0411873,37.7774454,47.326107,10.284919725146487
2024-10-04 19:30:00,34.84629925,43.08367231666667,50.92898,16.082682531005858
2024-10-04 20:00:00,33.06194543333333,41.57083895,49.507534,16.44558859376628
2024-10-04 20:30:00,35.5176834,37.866372733333336,46.434475,10.916791545068357
2024-10-04 21:00:00,35.618954433333336,35.78153575,43.900784,8.281829105485023
2024-10-04 21:30:00,35.03184006666667,37.26015,41.065975,6.034135122542317
2024-10-04 22:00:00,29.406878383333336,35.84120488333333,38.059963,8.653084842985024
2024-10-04 22:30:00,28.54454065,32.91450786666667,36.102108,7.557567351708986
2024-10-04 23:00:00,27.12582226666667,31.36989285,36.18272,9.056897917659501
2024-10-04 23:30:00,24.92360105,30.166555833333334,33.64015,8.716547112841798
2024-10-05 00:00:00,23.832910566666666,32.43548236666667,30.242016,6.409105271956381
2024-10-05 00:30:00,25.37078358333333,28.108805466666663,27.588436,2.217652543375653
2024-10-05 01:00:00,23.39920445,27.067920116666667,25.406551,2.007346911083985
2024-10-05 01:30:00,23.157061,25.59894335,22.938656,-0.2184051467285144
2024-10-05 02:00:00,22.23042148333333,23.60087385,23.040798,0.8103767039225289
2024-10-05 02:30:00,24.0364017,23.699635666666666,21.207867,-2.828535031298827
2024-10-05 03:00:00,21.793926716666665,24.696380716666667,21.840878,0.046950816292319786
2024-10-05 03:30:00,22.371378466666663,23.93837433333333,23.702465,1.3310865907063842
2024-10-05 04:00:00,22.2826471,24.539102016666664,25.78442,3.501772913427736
2024-10-05 04:30:00,21.871928883333336,24.654235116666666,28.867825,6.9958956711100235
2024-10-05 05:00:00,24.24715278333333,26.016529916666663,27.652508,3.4053549986490914
2024-10-05 05:30:00,21.429482366666665,25.535558366666667,25.336514,3.907031152620444
2024-10-05 06:00:00,11.685456083333332,15.078309849999998,20.335796,8.65034027286784
2024-10-05 06:30:00,-1.4101106833333332,1.316127683333333,8.637707,10.04781743992513
2024-10-05 07:00:00,-21.62417225,-14.095706816666665,-8.517948,13.106224099365235
2024-10-05 07:30:00,-42.49347516666666,-32.77712775,-28.491749,14.00172635685221
2024-10-05 08:00:00,-65.60104553333333,-64.28763728333332,-51.152363,14.448682709847006
2024-10-05 08:30:00,-70.78242345,-84.72867778333334,-75.341675,-4.559251354687504
2024-10-05 09:00:00,-96.07042108333331,-117.72576378333332,-98.43089,-2.3604718610026225
2024-10-05 09:30:00,-114.58979778333332,-137.15068653333333,-114.37135,0.21844463391926183
2024-10-05 10:00:00,-127.73910941666668,-132.87631205,-128.29172,-0.552608112630196
2024-10-05 10:30:00,-129.07023821666667,-131.24518115,-137.49796,-8.427717105598958
2024-10-05 11:00:00,-133.86933618333333,-133.46356706666666,-143.87418,-10.004839842057294
2024-10-05 11:30:00,-158.9871317333333,-123.14494658333332,-149.53604,9.451090473567689
2024-10-05 12:00:00,-139.3308972,-132.1582304833333,-151.555,-12.22409547578124
2024-10-05 12:30:00,-132.00881095,-143.89843993333332,-149.40756,-17.398751305859378
2024-10-05 13:00:00,-125.4167873,-136.24366328333335,-146.72824,-21.31145366679688
2024-10-05 13:30:00,-127.3735797,-114.87073571666669,-141.65312,-14.279542248242194
2024-10-05 14:00:00,-93.46201235,-107.42723901666666,-129.52441,-36.062401712500005
2024-10-05 14:30:00,-101.7363517,-89.89990223333332,-115.74564,-14.009291915722656
2024-10-05 15:00:00,-97.87036261666668,-89.15705224999999,-97.3564,0.5139630805338697
2024-10-05 15:30:00,-80.17214506666666,-50.66667996666666,-72.764534,7.407611070084627
2024-10-05 16:00:00,-53.67099053333334,-30.62210548333333,-45.840122,7.8308683104329475
2024-10-05 16:30:00,-27.807434333333333,-15.387397866666667,-20.205372,7.60206247664388
2024-10-05 17:00:00,-9.807117383333331,-4.9469283,0.43410873,10.24122611746419
2024-10-05 17:30:00,9.291890983333332,17.961615333333334,19.203,9.911108131656903
2024-10-05 18:00:00,26.47330066666667,30.610799916666668,29.916286,3.442985801839189
2024-10-05 18:30:00,42.87204215,37.18583175,39.184856,-3.6871857352050768
2024-10-05 19:00:00,40.95927891666667,37.0411873,44.22076,3.2614814287923153
2024-10-05 19:30:00,41.1383134,34.84629925,44.48823,3.3499182589355456
2024-10-05 20:00:00,41.1204126,33.06194543333333,44.286587,3.1661741614746077
2024-10-05 20:30:00,40.6905711,35.5176834,42.923763,2.2331921751464847
2024-10-05 21:00:00,35.486448233333334,35.618954433333336,39.168118,3.681669289860025
2024-10-05 21:30:00,39.49237948333333,35.03184006666667,36.503475,-2.988904294124346
2024-10-05 22:00:00,38.70400543333333,29.406878383333336,35.776836,-2.927169038069657
2024-10-05 22:30:00,38.68421655,28.54454065,35.654003,-3.0302134066894553
2024-10-05 23:00:00,35.29587061666667,27.12582226666667,34.689465,-0.6064060475748718
2024-10-05 23:30:00,31.76581946666667,24.92360105,32.67326,0.9074402684407517
2024-10-06 00:00:00,25.75221398333333,23.832910566666666,32.466183,6.713968725406904
2024-10-06 00:30:00,22.863050466666667,25.37078358333333,28.78506,5.922010415901692
2024-10-06 01:00:00,25.0483498,23.39920445,24.862926,-0.18542331684570357
2024-10-06 01:30:00,23.2674261,23.157061,21.942059,-1.3253675367675797
2024-10-06 02:00:00,23.648027266666663,22.23042148333333,20.68539,-2.9626367942545535
2024-10-06 02:30:00,22.47773068333333,24.0364017,21.33305,-1.1446809091634087
2024-10-06 03:00:00,26.574776083333333,21.793926716666665,21.094616,-5.480160147054036
2024-10-06 03:30:00,26.6367377,22.371378466666663,23.202526,-3.4342116074707043
2024-10-06 04:00:00,22.5641861,22.2826471,25.216534,2.6523475608886713
2024-10-06 04:30:00,21.8951861,21.871928883333336,25.459911,3.564725246435547
2024-10-06 05:00:00,24.76896085,24.24715278333333,24.114346,-0.6546152994628898
2024-10-06 05:30:00,20.657644316666666,21.429482366666665,22.176586,1.5189418344563812
2024-10-06 06:00:00,10.714828716666666,11.685456083333332,15.748638,5.033809436409506
2024-10-06 06:30:00,-7.163889483333333,-1.4101106833333332,3.662899,10.826788500667316
2024-10-06 07:00:00,-25.049533816666667,-21.62417225,-13.235584,11.813949557633464
2024-10-06 07:30:00,-58.07617583333334,-42.49347516666666,-32.362385,25.71379103719076
2024-10-06 08:00:00,-64.58727893333334,-65.60104553333333,-53.930058,10.657221407698572
2024-10-06 08:30:00,-84.11356763333333,-70.78242345,-77.108,7.005565924348957
2024-10-06 09:00:00,-88.66682106666667,-96.07042108333331,-95.00144,-6.334620888899735
2024-10-06 09:30:00,-92.7623149,-114.58979778333332,-110.19058,-17.428267375390618
2024-10-06 10:00:00,-115.55396996666668,-127.73910941666668,-121.19402,-5.640053165657534
2024-10-06 10:30:00,-127.10791343333337,-129.07023821666667,-130.23793,-3.130016864518197
2024-10-06 11:00:00,-140.08915266666668,-133.86933618333333,-138.84062,1.2485307184244903
2024-10-06 11:30:00,-155.88635165,-158.9871317333333,-145.46521,10.421141689062495
2024-10-06 12:00:00,-150.93903598333333,-139.3308972,-148.75578,2.183252902278639
2024-10-06 12:30:00,-163.73472751666665,-132.00881095,-147.54521,16.189515724674465
2024-10-06 13:00:00,-149.9815483,-125.4167873,-142.99075,6.990795126171861
2024-10-06 13:30:00,-130.91484491666668,-127.3735797,-137.80765,-6.892802788411444
2024-10-06 14:00:00,-121.3085121,-93.46201235,-123.61651,-2.3079963838867172
2024-10-06 14:30:00,-118.93754173333332,-101.7363517,-110.80093,8.136615524837225
2024-10-06 15:00:00,-103.93965885,-97.87036261666668,-91.95545,11.98420688466797
2024-10-06 15:30:00,-79.98113896666668,-80.17214506666666,-69.17966,10.801481984244802
2024-10-06 16:00:00,-50.658284900000005,-53.67099053333334,-45.63912,5.019166705419927
2024-10-06 16:30:00,-27.202907666666665,-27.807434333333333,-23.743366,3.4595414252115866
2024-10-06 17:00:00,-10.252845633333331,-9.807117383333331,-4.409992,5.842853415315753
2024-10-06 17:30:00,17.302129466666667,9.291890983333332,12.04002,-5.262109477652995
2024-10-06 18:00:00,20.456487383333336,26.47330066666667,24.086788,3.6303007941568985
2024-10-06 18:30:00,31.176914116666666,42.87204215,35.693264,4.516349890901694
2024-10-06 19:00:00,41.76927341666666,40.95927891666667,40.369076,-1.4001976415201725
2024-10-06 19:30:00,44.3588839,41.1383134,43.96977,-0.38911537583008027
2024-10-06 20:00:00,37.7130485,41.1204126,42.5845,4.87145085913086
2024-10-06 20:30:00,34.46596283333333,40.6905711,42.077297,7.611334377360031
2024-10-06 21:00:00,37.81354335,35.486448233333334,41.121456,3.307912796240231
2024-10-06 21:30:00,35.80788736666667,39.49237948333333,39.014477,3.2065894094563774
2024-10-06 22:00:00,31.6513605,38.70400543333333,36.712597,5.061236393310548
2024-10-06 22:30:00,29.780963916666668,38.68421655,35.610546,5.829582195393879
2024-10-06 23:00:00,26.12909495,35.29587061666667,37.764202,11.635107167919923
2024-10-06 23:30:00,31.67466403333333,31.76581946666667,32.766094,1.091430174430343
2024-10-07 00:00:00,29.063586150000003,25.75221398333333,29.775372,0.7117854015136693
2024-10-07 00:30:00,27.71435113333333,22.863050466666667,27.60873,-0.1056208171712214
2024-10-07 01:00:00,25.839917816666667,25.0483498,25.207516,-0.6324021001139322
2024-10-07 01:30:00,26.13705003333333,23.2674261,23.580502,-2.5565484769368467
2024-10-07 02:00:00,20.90302458333333,23.648027266666663,21.804974,0.9019490189615915
2024-10-07 02:30:00,24.14204615,22.47773068333333,20.515362,-3.626684364111327
2024-10-07 03:00:00,20.03935608333333,26.574776083333333,21.864315,1.8249589496256533
2024-10-07 03:30:00,22.162972216666663,26.6367377,23.449413,1.2864410828938837
2024-10-07 04:00:00,20.23289895,22.5641861,25.56155,5.32865119038086
2024-10-07 04:30:00,22.6587891,21.8951861,25.30943,2.650640068701172
2024-10-07 05:00:00,26.75350548333333,24.76896085,24.48811,-2.2653958947102844
2024-10-07 05:30:00,24.498584933333333,20.657644316666666,20.331768,-4.1668168974446615
2024-10-07 06:00:00,19.71486713333333,10.714828716666666,16.832256,-2.8826108161946564
2024-10-07 06:30:00,7.324173383333332,-7.163889483333333,5.0406303,-2.2835430427571604
2024-10-07 07:00:00,-16.218879483333335,-25.049533816666667,-11.72089,4.49798943816732
2024-10-07 07:30:00,-43.29364781666666,-58.07617583333334,-32.512806,10.78084187794596
2024-10-07 08:00:00,-54.98252671666666,-64.58727893333334,-56.99898,-2.016454759163416
2024-10-07 08:30:00,-72.65307306666666,-84.11356763333333,-80.49681,-7.843737846419273
2024-10-07 09:00:00,-83.16059800000001,-88.66682106666667,-95.60311,-12.442513267089836
2024-10-07 09:30:00,-105.87911168333332,-92.7623149,-108.98079,-3.101677501236992
2024-10-07 10:00:00,-122.98444656666668,-115.55396996666668,-122.08667,0.8977766447916764
2024-10-07 10:30:00,-132.08656953333335,-127.10791343333337,-129.2313,2.8552768087239713
2024-10-07 11:00:00,-130.05248395,-140.08915266666668,-135.36902,-5.31653460468749
2024-10-07 11:30:00,-140.66631106666668,-155.88635165,-141.22287,-0.5565588063801954
2024-10-07 12:00:00,-147.74135601666669,-150.93903598333333,-143.3273,4.4140549912760605
2024-10-07 12:30:00,-150.06794566666667,-163.73472751666665,-144.49525,5.572691150065111
2024-10-07 13:00:00,-129.75427211666667,-149.9815483,-143.13287,-13.37860141848958
2024-10-07 13:30:00,-124.03561408333331,-130.91484491666668,-138.84158,-14.80596916861981
2024-10-07 14:00:00,-110.20011728333331,-121.3085121,-128.18008,-17.979966945182312
2024-10-07 14:30:00,-94.74917618333332,-118.93754173333332,-112.674545,-17.92536910475262
2024-10-07 15:00:00,-87.02475558333333,-103.93965885,-94.61963,-7.594873322916669
2024-10-07 15:30:00,-69.99513946666667,-79.98113896666668,-73.246765,-3.2516256700520785
2024-10-07 16:00:00,-46.1070884,-50.658284900000005,-50.22463,-4.117540048486326
2024-10-07 16:30:00,-19.35472225,-27.202907666666665,-26.083027,-6.72830463598633
2024-10-07 17:00:00,9.268750699999998,-10.252845633333331,-5.9323006,-15.201051267626951
2024-10-07 17:30:00,28.402438333333333,17.302129466666667,13.573559,-14.828879525960286
2024-10-07 18:00:00,42.46439823333333,20.456487383333336,26.820782,-15.643616525569655
2024-10-07 18:30:00,46.52743883333333,31.176914116666666,36.415554,-10.111884786702468
2024-10-07 19:00:00,42.25522285,41.76927341666666,42.391964,0.1367411087402317
2024-10-07 19:30:00,45.459889383333326,44.3588839,45.090405,-0.36948487283527953
2024-10-07 20:00:00,42.53896948333334,37.7130485,43.27374,0.734769377750645
2024-10-07 20:30:00,43.0771772,34.46596283333333,40.592007,-2.485170516650392
2024-10-07 21:00:00,45.8474,37.81354335,40.480648,-5.366751959228516
2024-10-07 21:30:00,39.01626556666667,35.80788736666667,39.654156,0.6378901645345039
2024-10-07 22:00:00,36.0756536,31.6513605,39.28758,3.2119249827636693
2024-10-07 22:30:00,37.79561331666667,29.780963916666668,37.03822,-0.7573938647623706
2024-10-07 23:00:00,30.91229578333333,26.12909495,35.341656,4.429359947867841
2024-10-07 23:30:00,31.74977121666667,31.67466403333333,31.941586,0.19181432410481492
2024-10-08 00:00:00,26.41807285,29.063586150000003,27.79449,1.3764179642089829
2024-10-08 00:30:00,28.00093453333333,27.71435113333333,25.39468,-2.6062545101399692
2024-10-08 01:00:00,25.16805885,25.839917816666667,21.434155,-3.7339043395019544
2024-10-08 01:30:00,28.19931225,26.13705003333333,20.040203,-8.159109155517577
2024-10-08 02:00:00,26.543710633333333,20.90302458333333,18.325527,-8.218183442171224
2024-10-08 02:30:00,29.730751666666663,24.14204615,19.476437,-10.254315051676429
2024-10-08 03:00:00,29.8309405,20.03935608333333,20.16705,-9.663891092041016
2024-10-08 03:30:00,31.634020000000003,22.162972216666663,24.610775,-7.023245006103519
2024-10-08 04:00:00,30.96261755,20.23289895,27.885891,-3.0767265893066416
2024-10-08 04:30:00,33.33816278333333,22.6587891,28.355022,-4.983140352913409
2024-10-08 05:00:00,31.92946728333333,26.75350548333333,24.322643,-7.606824003304034
2024-10-08 05:30:00,34.109928833333335,24.498584933333333,22.839764,-11.270165191975913
2024-10-08 06:00:00,31.78221768333333,19.71486713333333,16.08862,-15.693598451155594
2024-10-08 06:30:00,21.73793385,7.324173383333332,2.9993553,-18.73857853383789
2024-10-08 07:00:00,7.245629549999999,-16.218879483333335,-13.954456,-21.200085879345703
2024-10-08 07:30:00,-2.565355,-43.29364781666666,-34.301,-31.73564368774414
2024-10-08 08:00:00,-42.01590725,-54.98252671666666,-58.18398,-16.16807178442383
2024-10-08 08:30:00,-49.3317723,-72.65307306666666,-79.69156,-30.359786537890628
2024-10-08 09:00:00,-85.36478828333334,-83.16059800000001,-97.259705,-11.89491630651041
2024-10-08 09:30:00,-91.02423506666668,-105.87911168333332,-112.47307,-21.44883317063801
2024-10-08 10:00:00,-100.02869485,-122.98444656666668,-124.05048,-24.021788853613288
2024-10-08 10:30:00,-112.89683605,-132.08656953333335,-133.6268,-20.72996448710937
2024-10-08 11:00:00,-107.14724621666666,-130.05248395,-139.63625,-32.488999510872404
2024-10-08 11:30:00,-105.18361991666666,-140.66631106666668,-142.71594,-37.53232246614584
2024-10-08 12:00:00,-105.20922963333334,-147.74135601666669,-145.22437,-40.01513560104166
2024-10-08 12:30:00,-122.14045933333334,-150.06794566666667,-146.49225,-24.35178920182291
2024-10-08 13:00:00,-122.26416305,-129.75427211666667,-144.66747,-22.403302159960944
2024-10-08 13:30:00,-117.08266061666666,-124.03561408333331,-138.11389,-21.031230984895842
2024-10-08 14:00:00,-120.93591661666666,-110.20011728333331,-127.47282,-6.5368998506184965
2024-10-08 14:30:00,-103.33060898333332,-94.74917618333332,-112.975525,-9.64491591901043
2024-10-08 15:00:00,-93.34169398333334,-87.02475558333333,-93.711,-0.369304551822907
2024-10-08 15:30:00,-76.32521226666667,-69.99513946666667,-71.63628,4.68893602154948
2024-10-08 16:00:00,-50.5117617,-46.1070884,-49.167698,1.3440637935058604
2024-10-08 16:30:00,-26.825433916666668,-19.35472225,-24.484959,2.3404752679850276
2024-10-08 17:00:00,-4.662276683333334,9.268750699999998,-3.7371101,0.9251665453938811
2024-10-08 17:30:00,10.232319433333332,28.402438333333333,16.215298,5.982978265641277
2024-10-08 18:00:00,28.56720728333333,42.46439823333333,31.341396,2.7741890484537777
2024-10-08 18:30:00,39.0313278,46.52743883333333,40.02142,0.9900917251464847
2024-10-08 19:00:00,45.31863065,42.25522285,44.367672,-0.9509586834472685
2024-10-08 19:30:00,49.71586675,45.459889383333326,47.549526,-2.166340535400394
2024-10-08 20:00:00,47.15603823333333,42.53896948333334,45.559658,-1.5963801827962172
2024-10-08 20:30:00,47.06893338333333,43.0771772,42.761974,-4.306959048616534
2024-10-08 21:00:00,42.35550186666666,45.8474,39.872128,-2.4833743337076726
2024-10-08 21:30:00,36.93589661666667,39.01626556666667,39.45811,2.5222141926595043
2024-10-08 22:00:00,37.43821103333334,36.0756536,39.87779,2.439577510367833
2024-10-08 22:30:00,31.821579433333337,37.79561331666667,36.827404,5.00582458888346
2024-10-08 23:00:00,34.6278894,30.91229578333333,35.703976,1.0760862774902336
2024-10-08 23:30:00,32.55800356666666,31.74977121666667,34.38444,1.8264378090657587
2024-10-09 00:00:00,30.94129481666667,26.41807285,29.28651,-1.6547843491373726
2024-10-09 00:30:00,34.31830033333333,28.00093453333333,26.692654,-7.625646677327474
2024-10-09 01:00:00,31.8466246,25.16805885,23.459133,-8.387491451806639
2024-10-09 01:30:00,31.177111333333333,28.19931225,21.650616,-9.52649564119466
2024-10-09 02:00:00,29.94858775,26.543710633333333,21.780727,-8.167860363525392
2024-10-09 02:30:00,27.5446744,29.730751666666663,22.392773,-5.151901725439455
2024-10-09 03:00:00,25.52043865,29.8309405,23.098415,-2.4220232752441397
2024-10-09 03:30:00,26.80943465,31.634020000000003,26.854626,0.04519105190429684
2024-10-09 04:00:00,34.525414966666666,30.96261755,27.441875,-7.083539508902994
2024-10-09 04:30:00,40.84796428333333,33.33816278333333,27.436321,-13.411643024788411
2024-10-09 05:00:00,41.56188891666667,31.92946728333333,25.540234,-16.02165530460612
2024-10-09 05:30:00,41.5105077,34.109928833333335,24.812191,-16.698316690478514
2024-10-09 06:00:00,32.86786608333333,31.78221768333333,16.67509,-16.19277529353841
2024-10-09 06:30:00,23.29238983333333,21.73793385,4.4251213,-18.867268525960284
2024-10-09 07:00:00,-5.707198333333333,7.245629549999999,-9.664204,-3.9570053104654948
2024-10-09 07:30:00,-27.08201623333333,-2.565355,-27.969028,-0.8870122395670599
2024-10-09 08:00:00,-54.58840441666666,-42.01590725,-50.0743,4.5141055580240845
2024-10-09 08:30:00,-85.98758665000001,-49.3317723,-72.77102,13.216567668066418
2024-10-09 09:00:00,-106.42283168333334,-85.36478828333334,-92.10696,14.315875201399749
2024-10-09 09:30:00,-122.27496606666666,-91.02423506666668,-106.54029,15.734675234147133
2024-10-09 10:00:00,-128.14675233333332,-100.02869485,-122.273834,5.8729181048177
2024-10-09 10:30:00,-132.79788676666666,-112.89683605,-131.93965,0.858235277408852
2024-10-09 11:00:00,-144.98455021666666,-107.14724621666666,-136.35675,8.627799728385412
2024-10-09 11:30:00,-154.16555036666668,-105.18361991666666,-140.07742,14.088127270963554
2024-10-09 12:00:00,-148.75838050000002,-105.20922963333334,-141.75949,6.9988895332031404
2024-10-09 12:30:00,-143.74036718333335,-122.14045933333334,-141.3162,2.4241745563802226
2024-10-09 13:00:00,-148.40783,-122.26416305,-137.83737,10.570458173828115
2024-10-09 13:30:00,-149.4900273,-117.08266061666666,-131.13141,18.35861860859376
2024-10-09 14:00:00,-141.90313938333335,-120.93591661666666,-119.326096,22.577043802278666
2024-10-09 14:30:00,-127.98123753333334,-103.33060898333332,-105.80262,22.17861759925131
2024-10-09 15:00:00,-103.85660198333332,-93.34169398333334,-85.73594,18.120662957454414
2024-10-09 15:30:00,-84.49523671666667,-76.32521226666667,-68.127,16.36823781529948
2024-10-09 16:00:00,-59.963306816666666,-50.5117617,-45.2374,14.725906761735025
2024-10-09 16:30:00,-30.434137250000003,-26.825433916666668,-23.610172,6.823964978271487
2024-10-09 17:00:00,-2.728773316666666,-4.662276683333334,-3.5818672,-0.853093901350912
2024-10-09 17:30:00,15.621758983333336,10.232319433333332,13.289028,-2.332730815608727
2024-10-09 18:00:00,26.450579266666665,28.56720728333333,26.346935,-0.10364399444986816
2024-10-09 18:30:00,39.101675666666665,39.0313278,37.5516,-1.5500742567545558
2024-10-09 19:00:00,39.92006641666666,45.31863065,44.145123,4.225056111409515
2024-10-09 19:30:00,40.986011483333336,49.71586675,47.577557,6.591545126774086
2024-10-09 20:00:00,41.58611605,47.15603823333333,45.67268,4.086563851123046
2024-10-09 20:30:00,45.21010786666667,47.06893338333333,44.11813,-1.0919781364420587
2024-10-09 21:00:00,39.90576966666666,42.35550186666666,41.31123,1.4054600391438896
2024-10-09 21:30:00,39.596204066666665,36.93589661666667,38.98924,-0.6069653276529934
2024-10-09 22:00:00,35.1791727,37.43821103333334,35.737896,0.5587232655761696
2024-10-09 22:30:00,32.70624936666667,31.821579433333337,36.958126,4.251876701448566
2024-10-09 23:00:00,31.4373874,34.6278894,35.314373,3.8769856163574232
2024-10-09 23:30:00,29.09095603333333,32.55800356666666,33.279476,4.188520132438153
2024-10-10 00:00:00,29.1736973,30.94129481666667,31.635052,2.4613544272949213
2024-10-10 00:30:00,28.89322235,34.31830033333333,29.594997,0.7017750560058609
2024-10-10 01:00:00,26.9974975,31.8466246,25.75935,-1.2381476770019546
2024-10-10 01:30:00,28.67848718333333,31.177111333333333,24.72993,-3.9485563056477844
2024-10-10 02:00:00,28.30901545,29.94858775,23.1347,-5.174314674853516
2024-10-10 02:30:00,25.53324175,27.5446744,25.26118,-0.27206087231445153
2024-10-10 03:00:00,24.50125153333333,25.52043865,24.133724,-0.3675273206868468
2024-10-10 03:30:00,25.262397766666663,26.80943465,26.162685,0.9002876276204468
2024-10-10 04:00:00,31.418261166666667,34.525414966666666,30.929974,-0.4882875643717455
2024-10-10 04:30:00,37.01098395,40.84796428333333,33.609203,-3.4017806113769566
2024-10-10 05:00:00,34.8579414,41.56188891666667,32.219997,-2.637943993994142
2024-10-10 05:30:00,35.58834505,41.5105077,29.727993,-5.8603520385253915
2024-10-10 06:00:00,25.703637466666667,32.86786608333333,23.439068,-2.264569626090495
2024-10-10 06:30:00,11.464089766666667,23.29238983333333,10.217159,-1.246930495426433
2024-10-10 07:00:00,-18.583236633333332,-5.707198333333333,-5.012501,13.570735870393879
2024-10-10 07:30:00,-52.31924683333333,-27.08201623333333,-25.886845,26.432402198323565
2024-10-10 08:00:00,-82.84682173333333,-54.58840441666666,-47.366673,35.48014921746419
2024-10-10 08:30:00,-115.37284723333332,-85.98758665000001,-72.22951,43.143339787044255
2024-10-10 09:00:00,-132.10868458333334,-106.42283168333334,-90.8621,41.24658588948569
2024-10-10 09:30:00,-153.9797015,-122.27496606666666,-107.794785,46.18491695410157
2024-10-10 10:00:00,-177.32659126666667,-128.14675233333332,-121.364105,55.96248604205729
2024-10-10 10:30:00,-182.41150295,-132.79788676666666,-130.93134,51.48016750078125
2024-10-10 11:00:00,-188.81780726666668,-144.98455021666666,-138.69826,50.119549820377614
2024-10-10 11:30:00,-189.0535294166667,-154.16555036666668,-143.99016,45.063371335612004
2024-10-10 12:00:00,-192.4750206333333,-148.75838050000002,-143.85065,48.62437366067704
2024-10-10 12:30:00,-200.02353053333331,-143.74036718333335,-139.72699,60.296540787239564
2024-10-10 13:00:00,-199.9914195,-148.40783,-136.65053,63.340891545898444
2024-10-10 13:30:00,-186.27020286666664,-149.4900273,-131.17459,55.09561180221351
2024-10-10 14:00:00,-181.24626181666667,-141.90313938333335,-121.15101,60.09525321070964
2024-10-10 14:30:00,-161.7833344833333,-127.98123753333334,-107.74327,54.04006360930987
2024-10-10 15:00:00,-143.19557096666668,-103.85660198333332,-89.9562,53.239371320670585
2024-10-10 15:30:00,-111.87258506666666,-84.49523671666667,-69.91992,41.95266319166666
2024-10-10 16:00:00,-79.42968373333333,-59.963306816666666,-45.430195,33.999488878597006
2024-10-10 16:30:00,-49.548159366666674,-30.434137250000003,-24.680912,24.86724734884441
2024-10-10 17:00:00,-19.69890635,-2.728773316666666,-3.4732857,16.225620674951173
2024-10-10 17:30:00,10.460488266666667,15.621758983333336,12.779797,2.3193083336751297
2024-10-10 18:00:00,27.55084283333333,26.450579266666665,25.552944,-1.9978986499837212
2024-10-10 18:30:00,32.52926956666666,39.101675666666665,36.04739,3.5181204174641962
2024-10-10 19:00:00,38.12651958333333,39.92006641666666,41.27473,3.1482110990397203
2024-10-10 19:30:00,39.27950333333333,40.986011483333336,43.22903,3.9495272757975286
2024-10-10 20:00:00,40.543316,41.58611605,43.68429,3.140975839599612
2024-10-10 20:30:00,35.41171108333334,45.21010786666667,44.173153,8.761441840250647
2024-10-10 21:00:00,38.26518336666667,39.90576966666666,41.550106,3.2849226819173154
2024-10-10 21:30:00,40.047693333333335,39.596204066666665,39.549023,-0.49867065877278804
2024-10-10 22:00:00,37.354058783333336,35.1791727,36.80978,-0.5442786624837268
2024-10-10 22:30:00,32.09635555,32.70624936666667,35.44914,3.3527830913574235
2024-10-10 23:00:00,26.897092216666667,31.4373874,34.490612,7.593519813362629
2024-10-10 23:30:00,26.33919218333333,29.09095603333333,31.773037,5.433844773453778
2024-10-11 00:00:00,27.595203916666662,29.1736973,30.898342,3.303138215901697
2024-10-11 00:30:00,26.25442715,28.89322235,28.20042,1.9459932296386704
2024-10-11 01:00:00,25.92686038333333,26.9974975,25.982647,0.055786558805341
2024-10-11 01:30:00,24.6653204,28.67848718333333,25.338207,0.6728868448730481
2024-10-11 02:00:00,23.667160383333336,28.30901545,24.78593,1.1187702502115862
2024-10-11 02:30:00,24.14345353333333,25.53324175,24.752956,0.6095028570475307
2024-10-11 03:00:00,23.456585166666667,24.50125153333333,26.188442,2.7318570635579427
2024-10-11 03:30:00,23.525568766666662,25.262397766666663,29.292858,5.7672893571126345
2024-10-11 04:00:00,30.4649202,31.418261166666667,30.59039,0.1254690517089827
2024-10-11 04:30:00,36.59625673333333,37.01098395,32.100277,-4.4959797863118425
2024-10-11 05:00:00,34.266419500000005,34.8579414,32.983593,-1.282826512939458
2024-10-11 05:30:00,32.18248285,35.58834505,28.797588,-3.3848945016113277
2024-10-11 06:00:00,20.05077263333333,25.703637466666667,20.99081,0.9400377609537784
2024-10-11 06:30:00,-0.1281314666666667,11.464089766666667,8.277737,8.405868130485025
2024-10-11 07:00:00,-22.64619043333333,-18.583236633333332,-9.35619,13.290000705550128
2024-10-11 07:30:00,-55.408197300000005,-52.31924683333333,-30.662754,24.745443241162114
2024-10-11 08:00:00,-90.37460146666666,-82.84682173333333,-57.65552,32.719080073844395
2024-10-11 08:30:00,-112.52354076666668,-115.37284723333332,-81.59813,30.925411494205747
2024-10-11 09:00:00,-134.67031328333334,-132.10868458333334,-101.13438,33.53593675745444
2024-10-11 09:30:00,-150.73267706666667,-153.9797015,-115.81719,34.91548498902995
2024-10-11 10:00:00,-168.98760733333333,-177.32659126666667,-129.51796,39.46964773860677
2024-10-11 10:30:00,-173.50253993333334,-182.41150295,-141.25546,32.24707728684896
2024-10-11 11:00:00,-181.79807198333333,-188.81780726666668,-149.65302,32.14505684661458
2024-10-11 11:30:00,-184.8973994,-189.0535294166667,-153.41599,31.481414292578137
2024-10-11 12:00:00,-179.52427826666667,-192.4750206333333,-156.8663,22.657975776432295
2024-10-11 12:30:00,-187.84063956666668,-200.02353053333331,-154.672,33.16864249635418
2024-10-11 13:00:00,-186.2288401,-199.9914195,-150.6366,35.59224342031251
2024-10-11 13:30:00,-158.45821758333332,-186.27020286666664,-145.58997,12.868251763020822
2024-10-11 14:00:00,-143.28560966666666,-181.24626181666667,-133.3264,9.959208909830721
2024-10-11 14:30:00,-122.9380056,-161.7833344833333,-118.91444,4.0235692596679655
2024-10-11 15:00:00,-103.3066488,-143.19557096666668,-98.8863,4.420349666699224
2024-10-11 15:30:00,-83.46519943333332,-111.87258506666666,-77.82316,5.642041169173169
2024-10-11 16:00:00,-68.4493267,-79.42968373333333,-53.987934,14.461392587451172
2024-10-11 16:30:00,-38.81305295,-49.548159366666674,-32.519108,6.293945131396484
2024-10-11 17:00:00,-16.190922233333335,-19.69890635,-11.271946,4.918976279964195
2024-10-11 17:30:00,12.523949416666667,10.460488266666667,6.9773674,-5.5465820155436205
2024-10-11 18:00:00,20.133462116666667,27.55084283333333,19.056408,-1.0770541881998703
2024-10-11 18:30:00,24.33553675,32.52926956666666,29.04858,4.713043419677735
2024-10-11 19:00:00,32.78107216666667,38.12651958333333,37.38368,4.602606269612629
2024-10-11 19:30:00,34.33348215,39.27950333333333,41.68365,7.350168820458983
2024-10-11 20:00:00,37.33069318333333,40.543316,42.643597,5.312903465836591
2024-10-11 20:30:00,35.92372743333333,35.41171108333334,40.65704,4.733312209000651
2024-10-11 21:00:00,34.779742383333335,38.26518336666667,39.309963,4.530220842985024
2024-10-11 21:30:00,37.617382283333335,40.047693333333335,37.78776,0.1703794048990872
2024-10-11 22:00:00,35.5373261,37.354058783333336,36.110256,0.572930095068358
2024-10-11 22:30:00,35.31968776666667,32.09635555,34.917202,-0.4024857708170586
2024-10-11 23:00:00,32.13361716666667,26.897092216666667,35.659008,3.5253908594563796
2024-10-11 23:30:00,34.53482831666667,26.33919218333333,33.28941,-1.245418679215497
2024-10-12 00:00:00,33.083813983333336,27.595203916666662,30.848385,-2.2354291261556014
2024-10-12 00:30:00,27.20925791666667,26.25442715,30.566387,3.357129259847003
2024-10-12 01:00:00,25.63666968333333,25.92686038333333,26.526714,0.8900446416178411
2024-10-12 01:30:00,27.046141666666667,24.6653204,25.432217,-1.6139250223795578
2024-10-12 02:00:00,25.597680166666667,23.667160383333336,23.841671,-1.7560091766764323
2024-10-12 02:30:00,24.46747668333333,24.14345353333333,24.429089,-0.038388090804033936
2024-10-12 03:00:00,25.1792706,23.456585166666667,26.366512,1.1872416985839855
2024-10-12 03:30:00,25.9987397,23.525568766666662,28.253231,2.254491348583983
2024-10-12 04:00:00,31.482741966666666,30.4649202,30.479519,-1.0032230762858063
2024-10-12 04:30:00,31.11754223333333,36.59625673333333,30.388012,-0.7295303009602847
2024-10-12 05:00:00,29.598185566666668,34.266419500000005,27.701183,-1.8970022475748713
2024-10-12 05:30:00,28.75872503333333,32.18248285,25.403133,-3.3555916409993465
2024-10-12 06:00:00,19.362532266666665,20.05077263333333,16.911983,-2.450548776676431
2024-10-12 06:30:00,-0.2933222999999992,-0.1281314666666667,2.9500542,3.2433764687011712
2024-10-12 07:00:00,-14.41663405,-22.64619043333333,-17.88338,-3.4667468398925774
2024-10-12 07:30:00,-38.86663835,-55.408197300000005,-42.35677,-3.490131211767576
2024-10-12 08:00:00,-56.75785223333333,-90.37460146666666,-67.87564,-11.117788635807294
2024-10-12 08:30:00,-64.98803466666666,-112.52354076666668,-92.385994,-27.397959290852867
2024-10-12 09:00:00,-91.60170286666666,-134.67031328333334,-111.76637,-20.164669813997406
2024-10-12 09:30:00,-112.4670733,-150.73267706666667,-128.37213,-15.905058047656254
2024-10-12 10:00:00,-120.43332328333334,-168.98760733333333,-142.20615,-21.772822956901038
2024-10-12 10:30:00,-128.05217595,-173.50253993333334,-152.14265,-24.09047846894532
2024-10-12 11:00:00,-138.67327211666665,-181.79807198333333,-159.6462,-20.97292234134116
2024-10-12 11:30:00,-150.81486616666666,-184.8973994,-164.1355,-13.320631880208339
2024-10-12 12:00:00,-150.5118309,-179.52427826666667,-165.64774,-15.135904695703118
2024-10-12 12:30:00,-164.25788893333333,-187.84063956666668,-165.28674,-1.0288542307291664
2024-10-12 13:00:00,-169.2780559,-186.2288401,-161.04297,8.235087149999998
2024-10-12 13:30:00,-162.6846022,-158.45821758333332,-152.59567,10.088929592578125
2024-10-12 14:00:00,-153.44525815,-143.28560966666666,-139.03871,14.406546602148438
2024-10-12 14:30:00,-130.85406153333332,-122.9380056,-122.417496,8.43656580579426
2024-10-12 15:00:00,-114.49793995,-103.3066488,-101.17114,13.326797371875003
2024-10-12 15:30:00,-95.5044995,-83.46519943333332,-81.1916,14.312902515136713
2024-10-12 16:00:00,-68.85628265000001,-68.4493267,-56.552982,12.303300319677746
2024-10-12 16:30:00,-37.653347616666665,-38.81305295,-34.330296,3.323052053922524
2024-10-12 17:00:00,-7.41900005,-16.190922233333335,-14.285557,-6.8665567432128904
2024-10-12 17:30:00,8.950175633333332,12.523949416666667,5.837124,-3.113051762483723
2024-10-12 18:00:00,21.169376616666668,20.133462116666667,21.451397,0.2820203254720042
2024-10-12 18:30:00,25.584896666666666,24.33553675,31.03059,5.445693390706381
2024-10-12 19:00:00,34.348474016666664,32.78107216666667,36.689617,2.341143140315758
2024-10-12 19:30:00,36.06144393333333,34.33348215,40.772717,4.7112725888834674
2024-10-12 20:00:00,41.9605142,37.33069318333333,42.303158,0.3426436063964857
2024-10-12 20:30:00,45.6510815,35.92372743333333,40.93173,-4.719353136962887
2024-10-12 21:00:00,42.55433781666667,34.779742383333335,38.754543,-3.7997945122233077
2024-10-12 21:30:00,40.24207893333333,37.617382283333335,36.329082,-3.91299644431966
2024-10-12 22:00:00,32.14731343333333,35.5373261,35.374065,3.2267519658365913
2024-10-12 22:30:00,32.848003166666665,35.31968776666667,35.163937,2.3159334483235696
2024-10-12 23:00:00,31.84724,32.13361716666667,35.586987,3.7397465417480475
2024-10-12 23:30:00,29.396714466666666,34.53482831666667,33.600613,4.203898173714194
2024-10-13 00:00:00,26.503254966666663,33.083813983333336,30.810406,4.307150764534509
2024-10-13 00:30:00,26.082412883333333,27.20925791666667,28.047222,1.9648092541178386
2024-10-13 01:00:00,25.05582343333333,25.63666968333333,27.051052,1.995228660172529
2024-10-13 01:30:00,22.7081751,27.046141666666667,26.009396,3.301220499365236
2024-10-13 02:00:00,21.29146783333333,25.597680166666667,26.696835,5.405366730875656
2024-10-13 02:30:00,21.47703448333333,24.46747668333333,27.290829,5.813794221500654
2024-10-13 03:00:00,23.85504783333333,25.1792706,27.45039,3.5953420287272166
2024-10-13 03:30:00,23.4937983,25.9987397,27.571697,4.07789893510742
2024-10-13 04:00:00,29.00299933333333,31.482741966666666,29.027538,0.024538966227215298
2024-10-13 04:30:00,38.648015050000005,31.11754223333333,25.702572,-12.94544318110352
2024-10-13 05:00:00,31.045431866666664,29.598185566666668,24.430798,-6.614634289762368
2024-10-13 05:30:00,35.0948076,28.75872503333333,22.308819,-12.785988782861331
2024-10-13 06:00:00,23.887583316666667,19.362532266666665,12.154552,-11.73303085694987
2024-10-13 06:30:00,9.4350071,-0.2933222999999992,-1.3990974,-10.834104542626953
2024-10-13 07:00:00,-7.249322133333333,-14.41663405,-20.740223,-13.49090079757487
2024-10-13 07:30:00,-38.925189583333335,-38.86663835,-42.625538,-3.700348288981118
2024-10-13 08:00:00,-66.80741293333334,-56.75785223333333,-67.296906,-0.48949258424478614
2024-10-13 08:30:00,-83.24314548333332,-64.98803466666666,-92.55768,-9.314532739322928
2024-10-13 09:00:00,-97.41178998333334,-91.60170286666666,-112.99226,-15.580473810611977
2024-10-13 09:30:00,-118.32403951666667,-112.4670733,-127.83189,-9.507846774837233
2024-10-13 10:00:00,-130.33652433333333,-120.43332328333334,-141.4527,-11.11617342057292
2024-10-13 10:30:00,-145.98141398333334,-128.05217595,-149.85254,-3.87112507916666
2024-10-13 11:00:00,-155.87250275,-138.67327211666665,-155.36273,0.5097708164062453
2024-10-13 11:30:00,-162.8507311,-150.81486616666666,-157.3815,5.469230855859365
2024-10-13 12:00:00,-167.15775933333333,-150.5118309,-159.63876,7.518995905598956
2024-10-13 12:30:00,-159.86508223333334,-164.25788893333333,-160.91058,-1.0455012627604106
2024-10-13 13:00:00,-160.77018076666667,-169.2780559,-159.23618,1.5340052295572946
2024-10-13 13:30:00,-142.9601538,-162.6846022,-152.58228,-9.622121590625
2024-10-13 14:00:00,-124.40713161666667,-153.44525815,-142.6505,-18.243365819856763
2024-10-13 14:30:00,-110.39753618333332,-130.85406153333332,-126.90778,-16.510247324967466
2024-10-13 15:00:00,-97.68576938333332,-114.49793995,-106.90397,-9.218199427701833
2024-10-13 15:30:00,-69.71437145,-95.5044995,-84.21642,-14.502051584667967
2024-10-13 16:00:00,-41.41134215,-68.85628265000001,-60.097584,-18.68624162075195
2024-10-13 16:30:00,-20.968725083333336,-37.653347616666665,-37.445255,-16.47653019620768
2024-10-13 17:00:00,-1.8741960333333336,-7.41900005,-14.312336,-12.438139934684244
2024-10-13 17:30:00,17.565119183333334,8.950175633333332,4.5008965,-13.064222729475912
2024-10-13 18:00:00,37.43566183333333,21.169376616666668,18.367,-19.068661253499343
2024-10-13 18:30:00,37.38754791666667,25.584896666666666,28.09605,-9.291497654215497
2024-10-13 19:00:00,39.64896676666667,34.348474016666664,34.918346,-4.730620361637371
2024-10-13 19:30:00,38.93755946666667,36.06144393333333,38.898266,-0.03929362804362313
2024-10-13 20:00:00,33.83617443333333,41.9605142,40.940426,7.104251439469401
2024-10-13 20:30:00,35.092456500000004,45.6510815,40.569912,5.477455456787105
2024-10-13 21:00:00,34.38853506666667,42.55433781666667,39.46899,5.080455259261065
2024-10-13 21:30:00,32.743596466666666,40.24207893333333,36.902813,4.1592164910970055
2024-10-13 22:00:00,28.788894866666663,32.14731343333333,34.852108,6.0632131350423215
2024-10-13 22:30:00,28.0296627,32.848003166666665,35.44923,7.4195674940917975
2024-10-13 23:00:00,28.8362052,31.84724,33.98109,5.1448853456542984
2024-10-13 23:30:00,26.566552583333333,29.396714466666666,32.160686,5.5941339095865885
2024-10-14 00:00:00,26.38666763333333,26.503254966666663,29.681744,3.2950759884928402
2024-10-14 00:30:00,23.819138366666664,26.082412883333333,25.379025,1.5598861389485705
2024-10-14 01:00:00,23.74980225,25.05582343333333,25.15884,1.409037929443361
2024-10-14 01:30:00,23.6697623,22.7081751,23.515347,-0.15441577290038921
2024-10-14 02:00:00,23.616041166666665,21.29146783333333,23.816875,0.20083429109700646
2024-10-14 02:30:00,24.8004534,21.47703448333333,24.443218,-0.35723516879882666
2024-10-14 03:00:00,23.6145817,23.85504783333333,25.26524,1.6506580155761732
2024-10-14 03:30:00,28.05841725,23.4937983,27.773205,-0.28521244653320466
2024-10-14 04:00:00,28.6629813,29.00299933333333,29.47633,0.8133485034667984
2024-10-14 04:30:00,35.91292386666667,38.648015050000005,30.426357,-5.486566597379557
2024-10-14 05:00:00,29.01157446666667,31.045431866666664,30.87991,1.86833504871419
2024-10-14 05:30:00,23.10596935,35.0948076,27.021404,3.915434916357423
2024-10-14 06:00:00,14.797894516666666,23.887583316666667,18.400723,3.602827986995443
2024-10-14 06:30:00,-1.7048959666666663,9.4350071,4.1431847,5.848080628531901
2024-10-14 07:00:00,-20.15399115,-7.249322133333333,-14.152393,6.001597808935546
2024-10-14 07:30:00,-38.38838211666667,-38.925189583333335,-36.045597,2.3427850402506536
2024-10-14 08:00:00,-66.07818031666666,-66.80741293333334,-61.82082,4.2573604619303325
2024-10-14 08:30:00,-85.39447606666666,-83.24314548333332,-85.34645,0.048025261002592856
2024-10-14 09:00:00,-98.456449,-97.41178998333334,-106.60993,-8.153482945800775
2024-10-14 09:30:00,-106.37452228333332,-118.32403951666667,-123.796036,-17.421513483268242
2024-10-14 10:00:00,-126.69083266666668,-130.33652433333333,-137.22804,-10.537209935872383
2024-10-14 10:30:00,-141.56729725,-145.98141398333334,-146.8617,-5.294397085937504
2024-10-14 11:00:00,-141.15197726666668,-155.87250275,-153.96524,-12.813263211848948
2024-10-14 11:30:00,-161.74566333333334,-162.8507311,-158.19177,3.55389087239584
2024-10-14 12:00:00,-161.52882838333332,-167.15775933333333,-161.48495,0.04387354934894461
2024-10-14 12:30:00,-149.9716856,-159.86508223333334,-159.29486,-9.32317523984375
2024-10-14 13:00:00,-128.89924845,-160.77018076666667,-156.54163,-27.642377526562512
2024-10-14 13:30:00,-120.75570371666667,-142.9601538,-150.10214,-29.346438617317702
2024-10-14 14:00:00,-106.70704948333332,-124.40713161666667,-139.21635,-32.509304886783866
2024-10-14 14:30:00,-103.03789368333332,-110.39753618333332,-123.83644,-20.79854735670574
2024-10-14 15:00:00,-77.82949328333333,-97.68576938333332,-105.95616,-28.126668215690103
2024-10-14 15:30:00,-68.91273539999999,-69.71437145,-81.6167,-12.703963818750012
2024-10-14 16:00:00,-47.63869945,-41.41134215,-58.0714,-10.432700238720706
2024-10-14 16:30:00,-16.973463966666664,-20.968725083333336,-32.85097,-15.877507255257164
2024-10-14 17:00:00,4.921782183333334,-1.8741960333333336,-10.44437,-15.366152453108725
2024-10-14 17:30:00,25.972774,17.565119183333334,8.446987,-17.52578684790039
2024-10-14 18:00:00,28.54572275,37.43566183333333,24.303234,-4.242488649658203
2024-10-14 18:30:00,30.352925600000003,37.38754791666667,34.661587,4.308661161474607
2024-10-14 19:00:00,32.70104501666666,39.64896676666667,40.589336,7.88829137859701
2024-10-14 19:30:00,30.486334916666664,38.93755946666667,41.90884,11.422505262776696
2024-10-14 20:00:00,33.98426021666666,33.83617443333333,41.50964,7.525379523323572
2024-10-14 20:30:00,34.822464483333334,35.092456500000004,40.39729,5.5748247927897125
2024-10-14 21:00:00,33.810151133333335,34.38853506666667,36.872234,3.062083211149087
2024-10-14 21:30:00,31.50857906666667,32.743596466666666,34.63769,3.1291124311360647
2024-10-14 22:00:00,32.33716391666667,28.788894866666663,33.174847,0.8376827325032536
2024-10-14 22:30:00,28.68846661666667,28.0296627,32.565304,3.8768371858235646
2024-10-14 23:00:00,26.67615108333333,28.8362052,32.821102,6.144951059000654
2024-10-14 23:30:00,26.7353706,26.566552583333333,30.048916,3.31354526303711
2024-10-15 00:00:00,27.54687665,26.38666763333333,27.670925,0.12404849038085786
2024-10-15 00:30:00,27.718282716666664,23.819138366666664,25.607708,-2.1105747393717422
2024-10-15 01:00:00,26.006310066666668,23.74980225,23.171322,-2.8349881977701834
2024-10-15 01:30:00,25.8781249,23.6697623,21.85493,-4.023194022314453
2024-10-15 02:00:00,27.964221,23.616041166666665,21.651897,-6.312323569580077
2024-10-15 02:30:00,29.79515115,24.8004534,22.73167,-7.063480770361327
2024-10-15 03:00:00,29.240194066666664,23.6145817,24.936977,-4.303216680192055
2024-10-15 03:30:00,25.66231996666667,28.05841725,28.653408,2.991088083870441
2024-10-15 04:00:00,29.756354516666665,28.6629813,30.452618,0.6962631285970069
2024-10-15 04:30:00,33.374182233333336,35.91292386666667,32.38551,-0.9886727423665391
2024-10-15 05:00:00,31.2645332,29.01157446666667,31.84811,0.5835769989746105
2024-10-15 05:30:00,35.732353833333335,23.10596935,28.317287,-7.415066388264975
2024-10-15 06:00:00,25.54019003333333,14.797894516666666,20.353909,-5.186281494514972
2024-10-15 06:30:00,8.819999033333334,-1.7048959666666663,6.1688957,-2.6511033118977867
2024-10-15 07:00:00,3.6575355666666662,-20.15399115,-12.766758,-16.424293531754557
2024-10-15 07:30:00,-13.201391266666668,-38.38838211666667,-34.752445,-21.551053954280597
2024-10-15 08:00:00,-39.169164466666665,-66.07818031666666,-60.59151,-21.422346306038413
2024-10-15 08:30:00,-55.88571496666666,-85.39447606666666,-84.79657,-28.91085485755209
2024-10-15 09:00:00,-84.68864831666666,-98.456449,-104.98136,-20.2927130724935
2024-10-15 09:30:00,-101.39923435,-106.37452228333332,-119.21336,-17.814129297460937
2024-10-15 10:00:00,-94.5950482,-126.69083266666668,-133.39046,-38.79540895332032
2024-10-15 10:30:00,-101.1266001,-141.56729725,-143.71832,-42.591722653906245
2024-10-15 11:00:00,-115.5158575,-141.15197726666668,-149.5155,-33.999645429687504
2024-10-15 11:30:00,-128.16358060000002,-161.74566333333334,-154.15866,-25.995080288671858
2024-10-15 12:00:00,-138.4177783,-161.52882838333332,-157.22011,-18.802329732226553
2024-10-15 12:30:00,-135.07872725,-149.9716856,-154.08801,-19.009285445312514
2024-10-15 13:00:00,-118.98138456666668,-128.89924845,-150.51208,-31.530700394270823
2024-10-15 13:30:00,-110.96091665,-120.75570371666667,-144.2896,-33.328679907617186
2024-10-15 14:00:00,-94.1932769,-106.70704948333332,-130.41174,-36.2184662640625
2024-10-15 14:30:00,-76.99658551666667,-103.03789368333332,-115.81314,-38.816555352473955
2024-10-15 15:00:00,-61.52755058333333,-77.82949328333333,-94.75053,-33.222975844889326
2024-10-15 15:30:00,-62.02296613333333,-68.91273539999999,-72.24411,-10.221143974088548
2024-10-15 16:00:00,-35.25088013333333,-47.63869945,-47.158115,-11.907235253629558
2024-10-15 16:30:00,-12.663148833333333,-16.973463966666664,-24.994038,-12.330888794840495
2024-10-15 17:00:00,-3.4030283666666663,4.921782183333334,-4.9538155,-1.5507870935384118
2024-10-15 17:30:00,12.822155083333334,25.972774,13.614971,0.7928160775553383
2024-10-15 18:00:00,30.33082738333333,28.54572275,25.142086,-5.1887413542805945
2024-10-15 18:30:00,35.63790015,30.352925600000003,35.596172,-0.041727817236328235
2024-10-15 19:00:00,48.27459781666667,32.70104501666666,40.116405,-8.158192329606123
2024-10-15 19:30:00,42.13295986666667,30.486334916666664,41.658993,-0.47396709933268255
2024-10-15 20:00:00,42.716174333333335,33.98426021666666,40.34997,-2.3662025620931004
2024-10-15 20:30:00,36.56717608333333,34.822464483333334,37.98956,1.422383090250655
2024-10-15 21:00:00,30.1002556,33.810151133333335,35.100994,5.000738510107421
2024-10-15 21:30:00,29.50871058333333,31.50857906666667,35.532833,6.024122516031905
2024-10-15 22:00:00,32.045995383333334,32.33716391666667,34.112118,2.06612238400065
2024-10-15 22:30:00,31.20414793333333,28.68846661666667,32.455914,1.2517656103678405
2024-10-15 23:00:00,28.02375705,26.67615108333333,31.471447,3.4476899409667965
2024-10-15 23:30:00,30.86189876666667,26.7353706,29.710674,-1.1512244807779979
2024-10-16 00:00:00,29.37819898333333,27.54687665,27.924938,-1.4532607814290337
2024-10-16 00:30:00,28.09946233333333,27.718282716666664,26.350567,-1.7488954693196597
2024-10-16 01:00:00,25.63673825,26.006310066666668,24.518276,-1.1184620354003911
2024-10-16 01:30:00,23.889848283333333,25.8781249,25.067165,1.1773170914225268
2024-10-16 02:00:00,24.34140551666667,27.964221,25.184856,0.8434508981282534
2024-10-16 02:30:00,24.881411716666666,29.79515115,25.655499,0.7740867879720064
2024-10-16 03:00:00,27.8744585,29.240194066666664,27.988003,0.11354427709961001
2024-10-16 03:30:00,27.971090983333337,25.66231996666667,29.98811,2.01701860528971
2024-10-16 04:00:00,29.33476938333333,29.756354516666665,33.82559,4.490818842985028
2024-10-16 04:30:00,25.469325466666664,33.374182233333336,33.64625,8.176926211800133
2024-10-16 05:00:00,30.087504866666663,31.2645332,34.277905,4.190399643831384
2024-10-16 05:30:00,24.287846616666663,35.732353833333335,30.5164,6.228552766878259
2024-10-16 06:00:00,14.780029583333333,25.54019003333333,23.240658,8.460628223063152
2024-10-16 06:30:00,3.214130533333333,8.819999033333334,7.7375755,4.523444997672526
2024-10-16 07:00:00,-13.118496833333332,3.6575355666666662,-11.18198,1.936516700276691
2024-10-16 07:30:00,-47.43468783333333,-13.201391266666668,-32.3846,15.05008624031575
2024-10-16 08:00:00,-57.96674264999999,-39.169164466666665,-56.78281,1.1839324388183528
2024-10-16 08:30:00,-70.7486583,-55.88571496666666,-79.074104,-8.325446009082029
2024-10-16 09:00:00,-77.36837388333333,-84.68864831666666,-98.717606,-21.34923170748698
2024-10-16 09:30:00,-84.7583822,-101.39923435,-114.2813,-29.52292120576172
2024-10-16 10:00:00,-97.793576,-94.5950482,-125.96058,-28.16700291845703
2024-10-16 10:30:00,-100.35650828333333,-101.1266001,-134.65489,-34.29838368444011
2024-10-16 11:00:00,-116.02145853333332,-115.5158575,-140.73183,-24.710368248893246
2024-10-16 11:30:00,-123.2988611,-128.16358060000002,-146.01985,-22.720990584570316
2024-10-16 12:00:00,-129.08042733333335,-138.4177783,-149.31924,-20.238817051432278
2024-10-16 12:30:00,-116.1001807,-135.07872725,-148.79013,-32.68994991523438
2024-10-16 13:00:00,-128.08272661666666,-118.98138456666668,-144.75925,-16.676520209505213
2024-10-16 13:30:00,-125.81137095,-110.96091665,-136.39218,-10.580810446484378
2024-10-16 14:00:00,-117.78839385,-94.1932769,-124.27618,-6.487782602636713
2024-10-16 14:30:00,-84.78031813333332,-76.99658551666667,-107.690125,-22.909806378385426
2024-10-16 15:00:00,-62.26118611666666,-61.52755058333333,-88.05643,-25.795240885286468
2024-10-16 15:30:00,-58.57852046666667,-62.02296613333333,-65.828735,-7.250214884895833
2024-10-16 16:00:00,-36.53532048333333,-35.25088013333333,-42.822773,-6.287452496402999
2024-10-16 16:30:00,-12.286579116666667,-12.663148833333333,-20.516117,-8.229537979280598
2024-10-16 17:00:00,8.565536133333334,-3.4030283666666663,-1.9614754,-10.527011505647787
2024-10-16 17:30:00,24.32229745,12.822155083333334,13.602291,-10.720006342822266
2024-10-16 18:00:00,30.993530550000003,30.33082738333333,26.020992,-4.972538270947268
2024-10-16 18:30:00,47.751207666666666,35.63790015,36.72102,-11.030187921793619
2024-10-16 19:00:00,38.48109046666666,48.27459781666667,43.01161,4.5305176571126395
2024-10-16 19:30:00,44.99316146666666,42.13295986666667,43.43147,-1.5616925030436164
2024-10-16 20:00:00,39.39736511666667,42.716174333333335,42.59274,3.1953739885579395
2024-10-16 20:30:00,39.40598903333333,36.56717608333333,39.636074,0.23008503282878223
2024-10-16 21:00:00,34.8136255,30.1002556,36.070675,1.2570493962402338
2024-10-16 21:30:00,32.68698008333333,29.50871058333333,35.175518,2.4885379525553404
2024-10-16 22:00:00,30.581498366666665,32.045995383333334,36.015102,5.4336040198079445
2024-10-16 22:30:00,30.41433435,31.20414793333333,36.20161,5.787276215185546
2024-10-16 23:00:00,30.0416145,28.02375705,34.985607,4.943992647216795
2024-10-16 23:30:00,28.1183565,30.86189876666667,33.77496,5.6566030642089835
2024-10-17 00:00:00,26.471740633333336,29.37819898333333,29.252377,2.780635923063148
2024-10-17 00:30:00,24.54885665,28.09946233333333,27.070934,2.5220776456542957
2024-10-17 01:00:00,25.306735983333336,25.63673825,24.954754,-0.3519821076009144
2024-10-17 01:30:00,23.519915766666667,23.889848283333333,23.53564,0.015724949886067208
2024-10-17 02:00:00,23.151626033333333,24.34140551666667,23.826214,0.6745878033365891
2024-10-17 02:30:00,24.44046158333333,24.881411716666666,26.37019,1.929728083414716
2024-10-17 03:00:00,25.826513783333336,27.8744585,29.495235,3.668721659781898
2024-10-17 03:30:00,28.5183151,27.971090983333337,32.410336,3.8920204407714856
2024-10-17 04:00:00,26.35640235,29.33476938333333,33.49963,7.143227624365235
2024-10-17 04:30:00,26.728880166666663,25.469325466666664,33.494442,6.7655618194173215
2024-10-17 05:00:00,29.43574388333333,30.087504866666663,34.34399,4.908246442594404
2024-10-17 05:30:00,25.28222833333333,24.287846616666663,30.42178,5.1395512992350305
2024-10-17 06:00:00,13.8034799,14.780029583333333,20.238537,6.435056934716798
2024-10-17 06:30:00,3.533289616666666,3.214130533333333,7.4062004,3.872910792268881
2024-10-17 07:00:00,-26.64128055,-13.118496833333332,-10.282749,16.35853137397461
2024-10-17 07:30:00,-47.06496463333334,-47.43468783333333,-30.173573,16.891392093050136
2024-10-17 08:00:00,-73.60874618333334,-57.96674264999999,-53.373005,20.23574127000326
2024-10-17 08:30:00,-93.84855536666667,-70.7486583,-77.5121,16.33645514694011
2024-10-17 09:00:00,-113.2518611,-77.36837388333333,-96.227356,17.02450514296875
2024-10-17 09:30:00,-130.83673621666665,-84.7583822,-112.0925,18.744237437369776
2024-10-17 10:00:00,-145.66403390000002,-97.793576,-124.42968,21.234354029394552
2024-10-17 10:30:00,-141.49869733333333,-100.35650828333333,-133.03679,8.461908392903638
2024-10-17 11:00:00,-148.1551183,-116.02145853333332,-138.20728,9.947842909374998
2024-10-17 11:30:00,-144.77961961666665,-123.2988611,-142.43835,2.3412651244791505
2024-10-17 12:00:00,-145.2880172333333,-129.08042733333335,-144.80347,0.4845504364583064
2024-10-17 12:30:00,-121.36328403333331,-116.1001807,-143.12677,-21.763485986197935
2024-10-17 13:00:00,-116.83816665,-128.08272661666666,-141.45851,-24.620344702539057
2024-10-17 13:30:00,-135.52570963333332,-125.81137095,-133.24988,2.275831703645821
2024-10-17 14:00:00,-126.74465485,-117.78839385,-120.908195,5.836459354394535
2024-10-17 14:30:00,-81.60472066666667,-84.78031813333332,-104.50429,-22.899567053059897
2024-10-17 15:00:00,-59.45264885,-62.26118611666666,-83.68724,-24.234591750585935
2024-10-17 15:30:00,-39.28189218333333,-58.57852046666667,-60.292988,-21.011095640152995
2024-10-17 16:00:00,-24.086954,-36.53532048333333,-38.523716,-14.436761972900392
2024-10-17 16:30:00,-4.352380733333334,-12.286579116666667,-15.51395,-11.161569614567057
2024-10-17 17:00:00,9.72685675,8.565536133333334,2.9185753,-6.808281463134765
2024-10-17 17:30:00,29.395768766666663,24.32229745,17.181728,-12.214040403629554
2024-10-17 18:00:00,29.502530166666663,30.993530550000003,29.550335,0.04780476375325904
2024-10-17 18:30:00,35.165865950000004,47.751207666666666,38.026394,2.8605279403808552
2024-10-17 19:00:00,36.74103495,38.48109046666666,41.279644,4.538609062451172
2024-10-17 19:30:00,35.69183756666666,44.99316146666666,41.98631,6.2944714848470085
2024-10-17 20:00:00,34.722329816666665,39.39736511666667,42.78628,8.063951769026694
2024-10-17 20:30:00,38.72210818333333,39.40598903333333,41.40347,2.6813609023600264
2024-10-17 21:00:00,35.97178325,34.8136255,38.648434,2.676650435302733
2024-10-17 21:30:00,36.837103383333336,32.68698008333333,35.99992,-0.8371834919759138
2024-10-17 22:00:00,37.58374441666667,30.581498366666665,33.8688,-3.714943299723309
2024-10-17 22:30:00,33.01654168333334,30.41433435,33.076748,0.060206210953772654
2024-10-17 23:00:00,33.762580533333335,30.0416145,32.58604,-1.1765400365071628
2024-10-17 23:30:00,29.41453935,28.1183565,29.739223,0.32468413022461107
2024-10-18 00:00:00,30.16063733333333,26.471740633333336,27.15295,-3.007687046468096
2024-10-18 00:30:00,26.8926585,24.54885665,25.165401,-1.7272570412597652
2024-10-18 01:00:00,26.354652766666664,25.306735983333336,22.07803,-4.276623134098305
2024-10-18 01:30:00,28.2486609,23.519915766666667,19.913952,-8.334709026220704
2024-10-18 02:00:00,26.377578866666667,23.151626033333333,21.10374,-5.273838174527995
2024-10-18 02:30:00,26.71513275,24.44046158333333,23.344921,-3.3702116379394518
2024-10-18 03:00:00,26.368258516666668,25.826513783333336,25.3773,-0.9909582542154958
2024-10-18 03:30:00,27.54816248333333,28.5183151,30.225872,2.6777095564615934
2024-10-18 04:00:00,27.40645326666667,26.35640235,32.070477,4.664023265315752
2024-10-18 04:30:00,28.3159589,26.728880166666663,34.16218,5.846222954248049
2024-10-18 05:00:00,27.365133933333336,29.43574388333333,34.171917,6.806783028336586
2024-10-18 05:30:00,29.19501115,25.28222833333333,30.901485,1.7064742931152352
2024-10-18 06:00:00,26.37430141666667,13.8034799,20.826992,-5.547309381754559
2024-10-18 06:30:00,21.1068363,3.533289616666666,8.282314,-12.824521999462892
2024-10-18 07:00:00,18.027790516666663,-26.64128055,-11.649326,-29.677116841129553
2024-10-18 07:30:00,9.97057275,-47.06496463333334,-33.409184,-43.37975625219727
2024-10-18 08:00:00,8.640731533333332,-73.60874618333334,-56.82015,-65.46088000135092
2024-10-18 08:30:00,2.013548333333334,-93.84855536666667,-79.64132,-81.65486760823568
2024-10-18 09:00:00,-6.324952733333333,-113.2518611,-98.20087,-91.87591396588542
2024-10-18 09:30:00,-23.8998571,-130.83673621666665,-113.01489,-89.11503547812501
2024-10-18 10:00:00,-37.2502561,-145.66403390000002,-126.73579,-89.48553033798828
2024-10-18 10:30:00,-35.43598651666667,-141.49869733333333,-136.12677,-100.69078350286458
2024-10-18 11:00:00,-54.32133301666666,-148.1551183,-141.83533,-87.51399413177084
2024-10-18 11:30:00,-78.53312108333334,-144.77961961666665,-145.58809,-67.05496790592447
2024-10-18 12:00:00,-73.82413000000001,-145.2880172333333,-147.19293,-73.36880212890624
2024-10-18 12:30:00,-82.38210383333335,-121.36328403333331,-143.90108,-61.518973437174466
2024-10-18 13:00:00,-88.03833056666667,-116.83816665,-138.09525,-50.05691479466145
2024-10-18 13:30:00,-81.81495174999999,-135.52570963333332,-131.17361,-49.35866275195313
2024-10-18 14:00:00,-81.65185621666667,-126.74465485,-117.838936,-36.18707963538411
2024-10-18 14:30:00,-69.49155386666666,-81.60472066666667,-100.962944,-31.471390164095055
2024-10-18 15:00:00,-59.82518236666667,-59.45264885,-79.914635,-20.089452337923177
2024-10-18 15:30:00,-42.12270505,-39.28189218333333,-57.875828,-15.75312273930664
2024-10-18 16:00:00,-30.974183333333333,-24.086954,-35.234074,-4.259890305582683
2024-10-18 16:30:00,-15.829528266666664,-4.352380733333334,-15.21973,0.6097978894693981
2024-10-18 17:00:00,-2.4593982666666663,9.72685675,2.6147118,5.074110028141275
2024-10-18 17:30:00,16.54437155,29.395768766666663,19.397167,2.852795655810546
2024-10-18 18:00:00,28.72207385,29.502530166666663,31.023418,2.301344576513671
2024-10-18 18:30:00,33.534689433333334,35.165865950000004,37.058193,3.5235037734537755
2024-10-18 19:00:00,33.13647748333333,36.74103495,41.042706,7.906228052555342
2024-10-18 19:30:00,37.58555015,35.69183756666666,42.55348,4.967928090966794
2024-10-18 20:00:00,37.25787176666667,34.722329816666665,40.688213,3.430341581722004
2024-10-18 20:30:00,37.72121598333333,38.72210818333333,40.07765,2.3564321795084666
2024-10-18 21:00:00,36.37175608333333,35.97178325,38.445568,2.073812001383466
2024-10-18 21:30:00,32.994361633333334,36.837103383333336,35.379284,2.384922271695963
2024-10-18 22:00:00,30.172873866666663,37.58374441666667,32.45297,2.2800947307454464
2024-10-18 22:30:00,29.742282666666668,33.01654168333334,30.193707,0.4514238457845039
2024-10-18 23:00:00,28.8566912,33.762580533333335,31.653713,2.797022026318359
2024-10-18 23:30:00,29.563248883333333,29.41453935,31.959438,2.396189440641276
2024-10-19 00:00:00,26.6035244,30.16063733333333,31.003689,4.400164412255858
2024-10-19 00:30:00,26.82599765,26.8926585,27.850842,1.0248438722167954
2024-10-19 01:00:00,24.80905948333333,26.354652766666664,24.09988,-0.7091792648274691
2024-10-19 01:30:00,24.99915435,28.2486609,21.40475,-3.594403526025392
2024-10-19 02:00:00,24.5433302,26.377578866666667,21.197323,-3.3460073545410154
2024-10-19 02:30:00,28.28150825,26.71513275,22.870235,-5.411272806884767
2024-10-19 03:00:00,29.20212618333333,26.368258516666668,24.917751,-4.284374871077471
2024-10-19 03:30:00,28.473426166666663,27.54816248333333,27.095898,-1.3775284921061157
2024-10-19 04:00:00,24.26492445,27.40645326666667,29.021206,4.756281452099611
2024-10-19 04:30:00,22.775556283333334,28.3159589,28.782024,6.006468100211588
2024-10-19 05:00:00,25.233927633333334,27.365133933333336,26.97102,1.737092111539713
2024-10-19 05:30:00,21.543757783333334,29.19501115,21.49284,-0.0509179701009117
2024-10-19 06:00:00,18.708458366666665,26.37430141666667,13.894634,-4.813824119840493
2024-10-19 06:30:00,4.705946666666668,21.1068363,1.8161583,-2.8897883719889332
2024-10-19 07:00:00,-17.653706,18.027790516666663,-13.262501,4.3912052370605466
2024-10-19 07:30:00,-43.14106675,9.97057275,-30.938816,12.20225067944336
2024-10-19 08:00:00,-63.14154778333333,8.640731533333332,-48.20682,14.93472634168294
2024-10-19 08:30:00,-89.99519313333333,2.013548333333334,-67.51729,22.477904925325518
2024-10-19 09:00:00,-106.39318501666666,-6.324952733333333,-81.47223,24.920956012760414
2024-10-19 09:30:00,-143.2455884,-23.8998571,-93.74224,49.503347494238284
2024-10-19 10:00:00,-146.72341613333333,-37.2502561,-104.99572,41.72769622366536
2024-10-19 10:30:00,-131.3200406,-35.43598651666667,-113.5438,17.776240245996092
2024-10-19 11:00:00,-132.84739155,-54.32133301666666,-119.20575,13.641642038281248
2024-10-19 11:30:00,-156.63832398333332,-78.53312108333334,-124.99514,31.64318390764973
2024-10-19 12:00:00,-156.28913780000002,-73.82413000000001,-126.373405,29.91573234345705
2024-10-19 12:30:00,-163.36551623333335,-82.38210383333335,-123.182335,40.18318133343101
2024-10-19 13:00:00,-158.43931273333334,-88.03833056666667,-117.71459,40.72472075335287
2024-10-19 13:30:00,-149.79832760000002,-81.81495174999999,-110.34351,39.45481411123049
2024-10-19 14:00:00,-129.67090166666665,-81.65185621666667,-98.03084,31.64006365397134
2024-10-19 14:30:00,-121.73884335,-69.49155386666666,-84.9264,36.812444119042965
2024-10-19 15:00:00,-94.53155383333336,-59.82518236666667,-66.80887,27.722685425130237
2024-10-19 15:30:00,-80.76144461666667,-42.12270505,-48.236958,32.52448706661784
2024-10-19 16:00:00,-63.6074312,-30.974183333333333,-28.517033,35.090398576708985
2024-10-19 16:30:00,-44.76057296666667,-15.829528266666664,-10.411274,34.349299010367844
2024-10-19 17:00:00,-13.953914966666668,-2.4593982666666663,5.1731377,19.127052631461588
2024-10-19 17:30:00,9.993961016666669,16.54437155,17.833462,7.839500744807941
2024-10-19 18:00:00,18.221996633333333,28.72207385,28.54533,10.323333414274089
2024-10-19 18:30:00,27.34622165,33.534689433333334,35.874416,8.528194701318359
2024-10-19 19:00:00,38.90114933333333,33.13647748333333,38.18675,-0.7144008286946573
2024-10-19 19:30:00,43.69184046666667,37.58555015,39.31387,-4.3779709903483095
2024-10-19 20:00:00,37.44384333333333,37.25787176666667,41.445812,4.00196889200847
2024-10-19 20:30:00,33.3348163,37.72121598333333,41.083126,7.748309768115234
2024-10-19 21:00:00,38.16347825,36.37175608333333,39.010036,0.8465582185058622
2024-10-19 21:30:00,36.185315583333335,32.994361633333334,37.18742,1.0021043080240872
2024-10-19 22:00:00,31.69559986666667,30.172873866666663,34.67114,2.9755388967610656
2024-10-19 22:30:00,29.04269985,29.742282666666668,32.384747,3.34204670151367
2024-10-19 23:00:00,30.0224899,28.8566912,31.043041,1.0205513292480468
2024-10-19 23:30:00,27.695869216666665,29.563248883333333,26.731487,-0.9643819424967432
2024-10-20 00:00:00,26.26170255,26.6035244,25.959377,-0.3023252611816396
2024-10-20 00:30:00,25.50478096666667,26.82599765,26.333263,0.8284824305501282
2024-10-20 01:00:00,25.612403416666663,24.80905948333333,25.155102,-0.45730164054361566
2024-10-20 01:30:00,27.37150381666667,24.99915435,23.573986,-3.797517763199874
2024-10-20 02:00:00,26.96679871666667,24.5433302,25.824886,-1.1419123946451855
2024-10-20 02:30:00,26.97264283333333,28.28150825,27.853298,0.8806553539225277
2024-10-20 03:00:00,26.09069666666667,29.20212618333333,30.102154,4.011457111409502
2024-10-20 03:30:00,28.6918818,28.473426166666663,30.869534,2.1776517388183585
2024-10-20 04:00:00,34.021628916666664,24.26492445,32.056057,-1.9655719403483047
2024-10-20 04:30:00,36.4608427,22.775556283333334,31.439938,-5.020905108447266
2024-10-20 05:00:00,33.86856456666667,25.233927633333334,29.003063,-4.865501364762373
2024-10-20 05:30:00,28.378137266666663,21.543757783333334,25.938152,-2.439984953434241
2024-10-20 06:00:00,18.05395818333333,18.708458366666665,20.609112,2.555153602555343
2024-10-20 06:30:00,-8.49679735,4.705946666666668,9.47047,17.9672677784668
2024-10-20 07:00:00,-34.034724366666666,-17.653706,-5.5080757,28.526648652555338
2024-10-20 07:30:00,-60.29219181666667,-43.14106675,-22.606098,37.686093641617845
2024-10-20 08:00:00,-87.445715,-63.14154778333333,-41.351627,46.09408765014649
2024-10-20 08:30:00,-102.63096676666667,-89.99519313333333,-63.016132,39.614834411930346
2024-10-20 09:00:00,-125.54566513333332,-106.39318501666666,-81.12491,44.42075668606769
2024-10-20 09:30:00,-142.9924199,-143.2455884,-96.06487,46.92754715830077
2024-10-20 10:00:00,-156.25762563333333,-146.72341613333333,-108.7296,47.528026634309896
2024-10-20 10:30:00,-158.73464528333332,-131.3200406,-117.89001,40.84463826429035
2024-10-20 11:00:00,-180.22498426666667,-132.84739155,-123.60683,56.618157484440104
2024-10-20 11:30:00,-197.9078127,-156.63832398333332,-129.57323,68.33458577128906
2024-10-20 12:00:00,-194.1309016333333,-156.28913780000002,-134.14691,59.98399001223956
2024-10-20 12:30:00,-184.7405532,-163.36551623333335,-136.55336,48.18719321464843
2024-10-20 13:00:00,-180.6749545333333,-158.43931273333334,-133.82568,46.849270939583306
2024-10-20 13:30:00,-166.72411621666666,-149.79832760000002,-124.8004,41.92371643639322
2024-10-20 14:00:00,-152.52893394999998,-129.67090166666665,-111.68167,40.847262807421856
2024-10-20 14:30:00,-140.97708165,-121.73884335,-98.25405,42.72303044150391
2024-10-20 15:00:00,-117.10546123333334,-94.53155383333336,-81.54401,35.561454885677094
2024-10-20 15:30:00,-91.58649548333334,-80.76144461666667,-60.192066,31.394429290706384
2024-10-20 16:00:00,-63.080228266666666,-63.6074312,-39.964725,23.1155027722819
2024-10-20 16:30:00,-42.48665553333333,-44.76057296666667,-19.967579,22.519076645393874
2024-10-20 17:00:00,-13.823099633333332,-13.953914966666668,-3.8145943,10.008505364534503
2024-10-20 17:30:00,10.9884577,9.993961016666669,9.735943,-1.2525148594238278
2024-10-20 18:00:00,26.8931211,18.221996633333333,21.920544,-4.9725774293457015
2024-10-20 18:30:00,35.44223713333333,27.34622165,30.27264,-5.169596905061844
2024-10-20 19:00:00,39.02001098333333,38.90114933333333,34.983593,-4.036417996272782
2024-10-20 19:30:00,42.81832168333333,43.69184046666667,39.052135,-3.7661862158040336
2024-10-20 20:00:00,41.96334563333333,37.44384333333333,40.061413,-1.901932822054036
2024-10-20 20:30:00,34.249683866666665,33.3348163,38.86883,4.61914776785482
2024-10-20 21:00:00,36.436773466666665,38.16347825,34.560467,-1.876306700309243
2024-10-20 21:30:00,30.99392151666667,36.185315583333335,32.31033,1.3164079205891888
2024-10-20 22:00:00,30.12927675,31.69559986666667,31.947613,1.818336012451173
2024-10-20 22:30:00,27.55498233333333,29.04269985,30.946148,3.3911655853678404
2024-10-20 23:00:00,27.257362816666667,30.0224899,30.271542,3.014178778792317
2024-10-20 23:30:00,27.609406266666667,27.695869216666665,27.939983,0.33057710125325457
2024-10-21 00:00:00,26.766842166666667,26.26170255,26.480862,-0.28598050284830734
2024-10-21 00:30:00,24.96151168333333,25.50478096666667,25.774334,0.8128222705240908
2024-10-21 01:00:00,24.78661228333333,25.612403416666663,24.545834,-0.24077869568684562
2024-10-21 01:30:00,24.923140583333332,27.37150381666667,23.277325,-1.64581590681966
2024-10-21 02:00:00,25.73171376666667,26.96679871666667,24.460262,-1.2714514680826845
2024-10-21 02:30:00,26.83849443333333,26.97264283333333,23.844173,-2.9943210019368465
2024-10-21 03:00:00,29.865343166666666,26.09069666666667,25.78767,-4.077673031168619
2024-10-21 03:30:00,27.08485335,28.6918818,26.023449,-1.0614044059082026
2024-10-21 04:00:00,32.21972048333333,34.021628916666664,28.737713,-3.482007623225911
2024-10-21 04:30:00,36.63725818333333,36.4608427,30.314236,-6.323022496077471
2024-10-21 05:00:00,33.134380783333334,33.86856456666667,28.863827,-4.27055403162435
2024-10-21 05:30:00,30.863610116666667,28.378137266666663,27.223598,-3.6400116364420576
2024-10-21 06:00:00,20.96710261666667,18.05395818333333,19.587795,-1.3793073590983091
2024-10-21 06:30:00,-2.9617338,-8.49679735,5.9193077,8.881041508740235
2024-10-21 07:00:00,-24.43725985,-34.034724366666666,-8.625095,15.81216448256836
2024-10-21 07:30:00,-47.42753995,-60.29219181666667,-29.497395,17.930145388232425
2024-10-21 08:00:00,-82.65271994999999,-87.445715,-51.68961,30.9631104224121
2024-10-21 08:30:00,-107.71291636666666,-102.63096676666667,-72.01543,35.697489730924474
2024-10-21 09:00:00,-119.43147218333333,-125.54566513333332,-90.73928,28.692191482649733
2024-10-21 09:30:00,-138.59866296666667,-142.9924199,-107.26346,31.33520471471354
2024-10-21 10:00:00,-141.32301056666668,-156.25762563333333,-120.20733,21.115681770279963
2024-10-21 10:30:00,-141.39813271666665,-158.73464528333332,-131.42157,9.976562892447902
2024-10-21 11:00:00,-164.60775263333332,-180.22498426666667,-137.95721,26.65053827786457
2024-10-21 11:30:00,-181.97780258333333,-197.9078127,-141.47897,40.498829194661454
2024-10-21 12:00:00,-183.74282755,-194.1309016333333,-145.0462,38.69662393671874
2024-10-21 12:30:00,-193.46698836666667,-184.7405532,-143.63535,49.831642907682294
2024-10-21 13:00:00,-182.9546234,-180.6749545333333,-139.01428,43.9403411734375
2024-10-21 13:30:00,-186.72658496666668,-166.72411621666666,-128.44482,58.28176074791668
2024-10-21 14:00:00,-167.76637105,-152.52893394999998,-119.74008,48.02628926289063
2024-10-21 14:30:00,-146.32483381666663,-140.97708165,-103.88016,42.4446763459635
2024-10-21 15:00:00,-126.67838495,-117.10546123333334,-85.073456,41.60492913945312
2024-10-21 15:30:00,-94.47247105,-91.58649548333334,-65.37041,29.10206394550781
2024-10-21 16:00:00,-65.51242986666666,-63.080228266666666,-42.009342,23.50308767306315
2024-10-21 16:30:00,-31.79782765,-42.48665553333333,-22.198795,9.599032331396483
2024-10-21 17:00:00,-11.937244883333332,-13.823099633333332,-5.9754677,5.961777201448566
2024-10-21 17:30:00,11.157957783333332,10.9884577,10.054882,-1.1030757337727852
2024-10-21 18:00:00,29.232947816666663,26.8931211,21.959698,-7.273250093277991
2024-10-21 18:30:00,34.97805351666667,35.44223713333333,28.826641,-6.151412433902998
2024-10-21 19:00:00,41.1759415,39.02001098333333,34.181484,-6.994457277587891
2024-10-21 19:30:00,42.951937066666666,42.81832168333333,37.51817,-5.433767663590494
2024-10-21 20:00:00,45.95807953333334,41.96334563333333,38.46789,-7.4901878402181055
2024-10-21 20:30:00,41.33613333333333,34.249683866666665,37.959377,-3.37675604451497
2024-10-21 21:00:00,34.57412406666666,36.436773466666665,35.35136,0.7772362543782592
2024-10-21 21:30:00,31.984165633333333,30.99392151666667,34.48341,2.4992442482584636
2024-10-21 22:00:00,29.88501283333333,30.12927675,31.44801,1.562996657633466
2024-10-21 22:30:00,31.77571985,27.55498233333333,31.908794,0.13307455307617033
2024-10-21 23:00:00,33.328832766666665,27.257362816666667,32.068707,-1.2601262542154927
2024-10-21 23:30:00,33.326179366666665,27.609406266666667,28.263348,-5.062831740934243
2024-10-22 00:00:00,30.15727235,26.766842166666667,25.57452,-4.582752238916015
2024-10-22 00:30:00,27.858441016666664,24.96151168333333,25.193356,-2.6650854563639292
2024-10-22 01:00:00,26.449121583333334,24.78661228333333,22.566555,-3.882566560139974
2024-10-22 01:30:00,27.46416575,24.923140583333332,21.614407,-5.84975916430664
2024-10-22 02:00:00,27.644486116666663,25.73171376666667,21.142162,-6.502323793668616
2024-10-22 02:30:00,26.92703895,26.83849443333333,24.145916,-2.781122964892578
2024-10-22 03:00:00,26.038239583333333,29.865343166666666,25.846478,-0.19176207478841079
2024-10-22 03:30:00,27.98697841666667,27.08485335,27.536083,-0.45089519523112287
2024-10-22 04:00:00,27.61532766666667,32.21972048333333,28.640285,1.0249578252766902
2024-10-22 04:30:00,29.6069767,36.63725818333333,27.54066,-2.0663158418457037
2024-10-22 05:00:00,29.787378966666665,33.134380783333334,23.261364,-6.526014983512368
2024-10-22 05:30:00,24.24909725,30.863610116666667,19.425457,-4.8236402492675765
2024-10-22 06:00:00,12.493913966666668,20.96710261666667,9.890728,-2.6031859698404958
2024-10-22 06:30:00,-3.4669509999999994,-2.9617338,-3.0622902,0.4046608083496088
2024-10-22 07:00:00,-23.8022945,-24.43725985,-20.636234,3.166060216552733
2024-10-22 07:30:00,-52.897378333333336,-47.42753995,-42.706806,10.190572150472008
2024-10-22 08:00:00,-69.62101961666667,-82.65271994999999,-63.780285,5.840734735074875
2024-10-22 08:30:00,-99.22027861666668,-107.71291636666666,-85.72011,13.500170584440113
2024-10-22 09:00:00,-110.88743505,-119.43147218333333,-104.426735,6.460700125683587
2024-10-22 09:30:00,-123.75577495,-138.59866296666667,-119.2196,4.536178087207034
2024-10-22 10:00:00,-142.57170678333333,-141.32301056666668,-133.03665,9.535055172005201
2024-10-22 10:30:00,-147.70004815,-141.39813271666665,-143.24255,4.457494439062486
2024-10-22 11:00:00,-147.48314115,-164.60775263333332,-147.51308,-0.029935632226568032
2024-10-22 11:30:00,-162.4602155,-181.97780258333333,-152.14957,10.310648849609379
2024-10-22 12:00:00,-172.75416835,-183.74282755,-154.39102,18.36314662148436
2024-10-22 12:30:00,-174.30607988333335,-193.46698836666667,-153.52458,20.781497974153666
2024-10-22 13:00:00,-167.61578396666667,-182.9546234,-150.814,16.801788605338544
2024-10-22 13:30:00,-146.87262731666667,-186.72658496666668,-144.56044,2.3121872531901033
2024-10-22 14:00:00,-139.80842675,-167.76637105,-133.37889,6.429535758789058
2024-10-22 14:30:00,-125.87806243333334,-146.32483381666663,-117.128525,8.749537653059903
2024-10-22 15:00:00,-105.16954005,-126.67838495,-98.01172,7.157821299999995
2024-10-22 15:30:00,-75.72632616666667,-94.47247105,-74.96205,0.764274775065104
2024-10-22 16:00:00,-59.49673486666666,-65.51242986666666,-50.879704,8.617031344938141
2024-10-22 16:30:00,-32.50813731666667,-31.79782765,-31.0929,1.4152379941569038
2024-10-22 17:00:00,-16.341743216666668,-11.937244883333332,-14.382893,1.9588506080240897
2024-10-22 17:30:00,14.98697565,11.157957783333332,2.6798668,-12.307108859228515
2024-10-22 18:00:00,32.73497381666667,29.232947816666663,16.126202,-16.608772187027995
2024-10-22 18:30:00,34.802353466666666,34.97805351666667,27.398159,-7.404194439567057
2024-10-22 19:00:00,41.23490923333333,41.1759415,33.71284,-7.522068199397786
2024-10-22 19:30:00,41.028211383333336,42.951937066666666,38.41595,-2.612260608186851
2024-10-22 20:00:00,38.25813668333333,45.95807953333334,39.628124,1.3699875537272135
2024-10-22 20:30:00,38.84007773333334,41.33613333333333,39.28004,0.43996300763345886
2024-10-22 21:00:00,39.68171723333333,34.57412406666666,37.258434,-2.4232829376790335
2024-10-22 21:30:00,35.3070405,31.984165633333333,36.637844,1.33080358569336
2024-10-22 22:00:00,32.1741084,29.88501283333333,35.748196,3.574087248193358
2024-10-22 22:30:00,29.077357016666667,31.77571985,35.90112,6.823762215511067
2024-10-22 23:00:00,29.11263286666667,33.328832766666665,34.880627,5.767993811800128
2024-10-22 23:30:00,29.102974083333333,33.326179366666665,32.677486,3.5745123363444016
2024-10-23 00:00:00,28.390103366666665,30.15727235,31.846172,3.456068966097007
2024-10-23 00:30:00,25.477355016666667,27.858441016666664,30.007153,4.5297975407063795
2024-10-23 01:00:00,26.42681226666667,26.449121583333334,27.97012,1.5433072096516902
2024-10-23 01:30:00,24.96564605,27.46416575,27.53378,2.5681330942871092
2024-10-23 02:00:00,24.74371071666667,27.644486116666663,26.356472,1.6127612987141902
2024-10-23 02:30:00,24.680062733333333,26.92703895,28.013699,3.3336358445475263
2024-10-23 03:00:00,24.3964522,26.038239583333333,28.86842,4.471967447216798
2024-10-23 03:30:00,25.4720494,27.98697841666667,28.66537,3.19332154116211
2024-10-23 04:00:00,25.30658258333333,27.61532766666667,28.99995,3.693367825602216
2024-10-23 04:30:00,27.89965331666667,29.6069767,26.335918,-1.5637348901529968
2024-10-23 05:00:00,26.51726773333333,29.787378966666665,24.369167,-2.148100405452471
2024-10-23 05:30:00,23.8500896,24.24909725,19.249615,-4.600474884423829
2024-10-23 06:00:00,13.075040533333334,12.493913966666668,7.9764977,-5.09854288318685
2024-10-23 06:30:00,-4.258464866666667,-3.4669509999999994,-6.076603,-1.8181380691243483
2024-10-23 07:00:00,-17.337523533333332,-23.8022945,-23.364185,-6.026661799918621
2024-10-23 07:30:00,-38.78521283333333,-52.897378333333336,-45.23392,-6.448708217692058
2024-10-23 08:00:00,-61.02836361666667,-69.62101961666667,-67.88945,-6.861086456575521
2024-10-23 08:30:00,-82.14127056666666,-99.22027861666668,-89.53547,-7.394198488509119
2024-10-23 09:00:00,-107.84257288333332,-110.88743505,-107.37805,0.46452112552081815
2024-10-23 09:30:00,-131.51168056666668,-123.75577495,-122.10893,9.402748071549496
2024-10-23 10:00:00,-147.23561261666666,-142.57170678333333,-136.84401,10.391603217252595
2024-10-23 10:30:00,-145.68902500000002,-147.70004815,-149.03172,-3.3426980224609224
2024-10-23 11:00:00,-160.41394571666666,-147.48314115,-155.20265,5.211293739127598
2024-10-23 11:30:00,-177.70301281666664,-162.4602155,-159.02098,18.682031981705705
2024-10-23 12:00:00,-170.99946441666663,-172.75416835,-162.05203,8.947431945963501
2024-10-23 12:30:00,-157.54922451666667,-174.30607988333335,-161.02179,-3.472565034114581
2024-10-23 13:00:00,-157.63893706666667,-167.61578396666667,-156.47261,1.1663265930338582
2024-10-23 13:30:00,-147.76726336666667,-146.87262731666667,-146.83444,0.9328212279947934
2024-10-23 14:00:00,-142.71730661666666,-139.80842675,-133.87482,8.842489722135412
2024-10-23 14:30:00,-112.51807611666668,-125.87806243333334,-117.3603,-4.842222040071604
2024-10-23 15:00:00,-89.90662338333334,-105.16954005,-100.26962,-10.362999419401035
2024-10-23 15:30:00,-72.9079279,-75.72632616666667,-76.30924,-3.401314348535152
2024-10-23 16:00:00,-63.25713173333333,-59.49673486666666,-52.851704,10.405428089534503
2024-10-23 16:30:00,-35.75205105,-32.50813731666667,-30.877659,4.874392206005858
2024-10-23 17:00:00,-13.08836435,-16.341743216666668,-10.730396,2.3579680792480477
2024-10-23 17:30:00,17.463738083333332,14.98697565,8.076427,-9.387310623616536
2024-10-23 18:00:00,25.948094466666664,32.73497381666667,21.38322,-4.564873794059242
2024-10-23 18:30:00,34.06862821666667,34.802353466666666,30.96606,-3.102567578238933
2024-10-23 19:00:00,46.47115765,41.23490923333333,36.92767,-9.543488124853518
2024-10-23 19:30:00,45.44283171666667,41.028211383333336,39.03059,-6.41224165929362
2024-10-23 20:00:00,42.29958618333333,38.25813668333333,39.98109,-2.3184956376790353
2024-10-23 20:30:00,38.70715821666666,38.84007773333334,37.758327,-0.9488307325358036
2024-10-23 21:00:00,37.691855833333335,39.68171723333333,35.649105,-2.0427507613118507
2024-10-23 21:30:00,34.103474266666666,35.3070405,35.832394,1.7289193795735684
2024-10-23 22:00:00,31.822636783333333,32.1741084,33.50558,1.682944118766276
2024-10-23 22:30:00,29.109663366666663,29.077357016666667,31.452785,2.3431221252766967
2024-10-23 23:00:00,27.409469516666665,29.11263286666667,28.211239,0.8017693444173197
2024-10-23 23:30:00,27.04419783333333,29.102974083333333,26.981457,-0.06274107674153484
2024-10-24 00:00:00,24.84077238333333,28.390103366666665,26.461544,1.6207716535319037
2024-10-24 00:30:00,23.469109866666667,25.477355016666667,24.106564,0.6374537014485675
2024-10-24 01:00:00,24.4386712,26.42681226666667,23.330318,-1.1083527490722673
2024-10-24 01:30:00,25.94907276666667,24.96564605,24.569363,-1.3797101262858114
2024-10-24 02:00:00,22.555764816666667,24.74371071666667,25.084301,2.52853617820638
2024-10-24 02:30:00,22.872975033333333,24.680062733333333,26.935894,4.062918979117839
2024-10-24 03:00:00,23.4198082,24.3964522,28.184917,4.765109249951173
2024-10-24 03:30:00,23.939136233333333,25.4720494,28.535198,4.596061978336589
2024-10-24 04:00:00,27.3716295,25.30658258333333,27.419186,0.04755613842773343
2024-10-24 04:30:00,28.339795516666666,27.89965331666667,27.153713,-1.1860822903483061
2024-10-24 05:00:00,30.38884995,26.51726773333333,23.26295,-7.125899052783204
2024-10-24 05:30:00,29.747902083333333,23.8500896,18.56802,-11.179882216389974
2024-10-24 06:00:00,13.432827633333334,13.075040533333334,7.994213,-5.438614529085287
2024-10-24 06:30:00,-8.2331489,-4.258464866666667,-6.5012856,1.7318633470214841
2024-10-24 07:00:00,-31.118942866666668,-17.337523533333332,-24.99599,6.12295211349284
2024-10-24 07:30:00,-57.30658596666666,-38.78521283333333,-43.01836,14.288225828727207
2024-10-24 08:00:00,-96.38338566666664,-61.02836361666667,-63.996372,32.38701344376625
2024-10-24 08:30:00,-113.81740096666664,-82.14127056666666,-84.77786,29.039538417838514
2024-10-24 09:00:00,-129.83904108333334,-107.84257288333332,-101.94143,27.897611945149748
2024-10-24 09:30:00,-140.86161015000002,-131.51168056666668,-117.68746,23.174148296972675
2024-10-24 10:00:00,-161.2801143,-147.23561261666666,-131.79907,29.481042034375008
2024-10-24 10:30:00,-179.41221633333336,-145.68902500000002,-141.5533,37.85891738313805
2024-10-24 11:00:00,-170.13136046666668,-160.41394571666666,-149.83348,20.29787963170574
2024-10-24 11:30:00,-182.55015663333333,-177.70301281666664,-154.83353,27.716630022005205
2024-10-24 12:00:00,-183.4262062,-170.99946441666663,-157.9718,25.454404442187496
2024-10-24 12:30:00,-180.6676473166667,-157.54922451666667,-158.3338,22.333846047135438
2024-10-24 13:00:00,-181.33764095,-157.63893706666667,-152.77716,28.560480305468758
2024-10-24 13:30:00,-164.60059501666666,-147.76726336666667,-144.45186,20.148736496158847
2024-10-24 14:00:00,-147.49215171666663,-142.71730661666666,-130.5233,16.96885154576819
2024-10-24 14:30:00,-109.75096008333333,-112.51807611666668,-113.76556,-4.0145962521158935
2024-10-24 15:00:00,-100.90041488333334,-89.90662338333334,-94.726555,6.1738600127278715
2024-10-24 15:30:00,-84.06964413333333,-72.9079279,-73.14351,10.926135222200514
2024-10-24 16:00:00,-59.60358168333334,-63.25713173333333,-50.222797,9.38078428953451
2024-10-24 16:30:00,-34.75376215,-35.75205105,-30.567997,4.185765171240234
2024-10-24 17:00:00,-14.658030483333334,-13.08836435,-10.237385,4.420645687190756
2024-10-24 17:30:00,7.835392116666665,17.463738083333332,6.118435,-1.716957210660806
2024-10-24 18:00:00,20.08016615,25.948094466666664,18.965527,-1.1146395691894533
2024-10-24 18:30:00,36.397950533333336,34.06862821666667,28.430431,-7.9675191673665395
2024-10-24 19:00:00,38.95351781666667,46.47115765,34.98028,-3.973235986832684
2024-10-24 19:30:00,41.06635001666667,45.44283171666667,38.953,-2.1133509016764336
2024-10-24 20:00:00,41.624454533333335,42.29958618333333,40.76161,-0.862846409554038
2024-10-24 20:30:00,42.03778758333333,38.70715821666666,39.943676,-2.0941115884602866
2024-10-24 21:00:00,42.32326506666667,37.691855833333335,37.81204,-4.511226645035812
2024-10-24 21:30:00,33.4352745,34.103474266666666,34.592968,1.1576934870605484
2024-10-24 22:00:00,30.333862683333336,31.822636783333333,31.930035,1.5961719541178354
2024-10-24 22:30:00,30.895125066666665,29.109663366666663,29.60809,-1.2870356196451809
2024-10-24 23:00:00,27.777363933333334,27.409469516666665,29.471264,1.6938999521647133
2024-10-24 23:30:00,27.416791966666665,27.04419783333333,28.5453,1.128507563362632
2024-10-25 00:00:00,25.272465550000003,24.84077238333333,27.03323,1.760764277880856
2024-10-25 00:30:00,22.3865209,23.469109866666667,26.614834,4.228312931787109
2024-10-25 01:00:00,22.24445723333333,24.4386712,25.919048,3.6745910759928435
2024-10-25 01:30:00,22.508651516666664,25.94907276666667,24.298656,1.7900049469563832
2024-10-25 02:00:00,23.94114005,22.555764816666667,23.102596,-0.838543767041017
2024-10-25 02:30:00,23.579071133333333,22.872975033333333,24.648876,1.0698050568522142
2024-10-25 03:00:00,25.853576683333333,23.4198082,25.430874,-0.422702812483724
2024-10-25 03:30:00,26.63229343333333,23.939136233333333,27.182293,0.5499995048990911
2024-10-25 04:00:00,32.69545663333333,27.3716295,27.123608,-5.571848997835282
2024-10-25 04:30:00,36.671174283333336,28.339795516666666,26.347958,-10.323216672249352
2024-10-25 05:00:00,37.75828985,30.38884995,24.609386,-13.1489034059082
2024-10-25 05:30:00,33.358127016666664,29.747902083333333,21.350231,-12.007895846012367
2024-10-25 06:00:00,18.64000285,13.432827633333334,10.891048,-7.748954418603514
2024-10-25 06:30:00,4.375909433333333,-8.2331489,-5.4410133,-9.816922769514974
2024-10-25 07:00:00,-37.03518005,-31.118942866666668,-24.344303,12.690876918896485
2024-10-25 07:30:00,-65.77881673333333,-57.30658596666666,-44.87508,20.90373662469075
2024-10-25 08:00:00,-90.51581398333332,-96.38338566666664,-67.74863,22.76718727434894
2024-10-25 08:30:00,-113.24476336666667,-113.81740096666664,-90.4852,22.7595643920573
2024-10-25 09:00:00,-139.7855802,-129.83904108333334,-108.94564,30.839939636035155
2024-10-25 09:30:00,-155.95666401666668,-140.86161015000002,-123.580696,32.37596791070965
2024-10-25 10:00:00,-167.57644208333332,-161.2801143,-138.46063,29.11580975911457
2024-10-25 10:30:00,-170.8112476,-179.41221633333336,-150.86166,19.949583781640627
2024-10-25 11:00:00,-176.1196122166667,-170.13136046666668,-157.07509,19.044523715690133
2024-10-25 11:30:00,-180.64806783333333,-182.55015663333333,-163.54205,17.10601461067708
2024-10-25 12:00:00,-194.47902005,-183.4262062,-165.26923,29.209793975781253
2024-10-25 12:30:00,-182.32376975,-180.6676473166667,-164.34503,17.978738011718747
2024-10-25 13:00:00,-178.73408828333334,-181.33764095,-160.147,18.58708510950521
2024-10-25 13:30:00,-185.57759721666665,-164.60059501666666,-152.09262,33.48497636705727
2024-10-25 14:00:00,-163.5405334,-147.49215171666663,-137.32599,26.214544630468737
2024-10-25 14:30:00,-151.56353631666667,-109.75096008333333,-120.21601,31.34752526930339
2024-10-25 15:00:00,-132.24771515,-100.90041488333334,-99.49969,32.748027955175786
2024-10-25 15:30:00,-114.97940711666666,-84.06964413333333,-75.95987,39.01953773190104
2024-10-25 16:00:00,-81.36307348333334,-59.60358168333334,-51.32178,30.041292324886072
2024-10-25 16:30:00,-46.2527494,-34.75376215,-30.025135,16.227614359716796
2024-10-25 17:00:00,-26.21208675,-14.658030483333334,-9.759342,16.452744556396485
2024-10-25 17:30:00,1.848497316666667,7.835392116666665,8.167492,6.31899459617513
2024-10-25 18:00:00,23.63095106666667,20.08016615,20.360226,-3.270725389176434
2024-10-25 18:30:00,31.736682183333333,36.397950533333336,29.217785,-2.5188973017415357
2024-10-25 19:00:00,36.94025001666667,38.95351781666667,34.906597,-2.033652879215495
2024-10-25 19:30:00,43.307015,41.06635001666667,38.65739,-4.649624405517578
2024-10-25 20:00:00,43.69568206666667,41.624454533333335,40.349194,-3.346488493668623
2024-10-25 20:30:00,45.07034383333333,42.03778758333333,39.85989,-5.210453849202473
2024-10-25 21:00:00,39.61883898333333,42.32326506666667,38.276424,-1.3424145753743488
2024-10-25 21:30:00,37.34830958333333,33.4352745,35.627438,-1.720871991780598
2024-10-25 22:00:00,33.47147158333333,30.333862683333336,35.002697,1.531225407633464
2024-10-25 22:30:00,29.654320466666665,30.895125066666665,34.18635,4.532031309456382
2024-10-25 23:00:00,25.40203228333333,27.777363933333334,33.733746,8.331713291617842
2024-10-25 23:30:00,27.88493388333333,27.416791966666665,31.706158,3.8212238009928434
2024-10-26 00:00:00,27.4579194,25.272465550000003,28.965755,1.5078360626464828
2024-10-26 00:30:00,23.313297766666665,22.3865209,28.25755,4.944251519222007
2024-10-26 01:00:00,26.926641216666667,22.24445723333333,27.023113,0.096472034065755
2024-10-26 01:30:00,25.6876411,22.508651516666664,22.5442,-3.1434402027832036
2024-10-26 02:00:00,25.684253916666663,23.94114005,23.594112,-2.090141520426428
2024-10-26 02:30:00,26.67517493333333,23.579071133333333,26.90643,0.2312543574381536
2024-10-26 03:00:00,26.80967438333333,25.853576683333333,27.52708,0.7174061525553412
2024-10-26 03:30:00,26.715031666666665,26.63229343333333,28.794521,2.0794896651204446
2024-10-26 04:00:00,32.43326115,32.69545663333333,30.325329,-2.107932323095703
2024-10-26 04:30:00,32.133974916666666,36.671174283333336,27.26994,-4.8640354940592445
2024-10-26 05:00:00,27.390753933333333,37.75828985,25.085308,-2.3054458583821607
2024-10-26 05:30:00,20.12063398333333,33.358127016666664,20.171032,0.0503979685709659
2024-10-26 06:00:00,14.843553966666668,18.64000285,12.449505,-2.3940491143717466
2024-10-26 06:30:00,-8.28064785,4.375909433333333,-2.1145668,6.166081047021484
2024-10-26 07:00:00,-41.8459019,-37.03518005,-21.129307,20.71659510678711
2024-10-26 07:30:00,-59.84475441666667,-65.77881673333333,-44.380222,15.464532096110027
2024-10-26 08:00:00,-88.55637443333335,-90.51581398333332,-69.03123,19.52514732151694
2024-10-26 08:30:00,-112.44032328333331,-113.24476336666667,-91.80828,20.632042338509095
2024-10-26 09:00:00,-135.12092378333332,-139.7855802,-113.039795,22.081128861458325
2024-10-26 09:30:00,-155.79660725,-155.95666401666668,-129.67363,26.122977489257806
2024-10-26 10:00:00,-173.08233013333333,-167.57644208333332,-144.31082,28.771508600130204
2024-10-26 10:30:00,-191.1928438333333,-170.8112476,-155.944,35.24884358919269
2024-10-26 11:00:00,-200.43860771666667,-176.1196122166667,-161.59999,38.838616871940104
2024-10-26 11:30:00,-204.39316273333336,-180.64806783333333,-166.90167,37.491490370052105
2024-10-26 12:00:00,-201.9847889,-194.47902005,-171.23254,30.752244954687512
2024-10-26 12:30:00,-202.8439015,-182.32376975,-168.57773,34.26617322851561
2024-10-26 13:00:00,-205.13143218333332,-178.73408828333334,-163.9613,41.17012847239582
2024-10-26 13:30:00,-195.50786058333333,-185.57759721666665,-156.289,39.218859118489576
2024-10-26 14:00:00,-184.00445791666667,-163.5405334,-144.25443,39.75003286783854
2024-10-26 14:30:00,-169.76506513333334,-151.56353631666667,-125.7401,44.0249680874349
2024-10-26 15:00:00,-143.50766781666667,-132.24771515,-105.085335,38.42233303883464
2024-10-26 15:30:00,-107.37133723333334,-114.97940711666666,-83.44274,23.928595839290367
2024-10-26 16:00:00,-69.30795218333333,-81.36307348333334,-58.487247,10.820704716292312
2024-10-26 16:30:00,-35.90435445,-46.2527494,-34.198444,1.7059100835449215
2024-10-26 17:00:00,-11.1717355,-26.21208675,-12.434879,-1.2631438029785151
2024-10-26 17:30:00,9.208222366666666,1.848497316666667,4.8567314,-4.351490951871744
2024-10-26 18:00:00,26.60119163333333,23.63095106666667,20.505047,-6.096144788850907
2024-10-26 18:30:00,28.032563316666668,31.736682183333333,29.555279,1.5227154614095042
2024-10-26 19:00:00,31.035814466666665,36.94025001666667,34.636974,3.601159868050132
2024-10-26 19:30:00,35.154901216666666,43.307015,39.48753,4.332628537972006
2024-10-26 20:00:00,35.06520341666667,43.69568206666667,41.66467,6.599465620198565
2024-10-26 20:30:00,34.02538298333334,45.07034383333333,39.886196,5.860813153141272
2024-10-26 21:00:00,33.43645838333333,39.61883898333333,38.12158,4.685119833219403
2024-10-26 21:30:00,30.156544333333333,37.34830958333333,36.58685,6.430304879313152
2024-10-26 22:00:00,30.35285168333333,33.47147158333333,34.40321,4.050358002945966
2024-10-26 22:30:00,29.36087396666667,29.654320466666665,34.506145,5.145271510628252
2024-10-26 23:00:00,28.1832195,25.40203228333333,34.425167,6.2419475837402345
2024-10-26 23:30:00,27.27337405,27.88493388333333,31.623333,4.349958927294921
2024-10-27 00:00:00,26.669765533333333,27.4579194,29.37547,2.705703674430339
2024-10-27 00:30:00,25.471991316666664,23.313297766666665,27.446636,1.9746448832845083
2024-10-27 01:00:00,26.137428316666668,26.926641216666667,26.272396,0.1349677709798165
2024-10-27 01:30:00,26.055971783333334,25.6876411,24.204693,-1.8512789427571619
2024-10-27 02:00:00,25.25265038333333,25.684253916666663,23.54713,-1.7055197986165318
2024-10-27 02:30:00,26.161060016666667,26.67517493333333,24.47958,-1.6814800911295578
2024-10-27 03:00:00,23.9648728,26.80967438333333,26.229794,2.264920748583986
2024-10-27 03:30:00,22.6497302,26.715031666666665,27.057049,4.407318597607421
2024-10-27 04:00:00,22.429566583333337,32.43326115,30.514126,8.084559240641273
2024-10-27 04:30:00,22.8021211,32.133974916666666,30.533459,7.731337609716796
2024-10-27 05:00:00,21.795999066666667,27.390753933333333,30.011288,8.215288622542317
2024-10-27 05:30:00,17.874750383333332,20.12063398333333,23.053158,5.1784074230631525
2024-10-27 06:00:00,6.056919400000001,14.843553966666668,13.298641,7.2417218048339835
2024-10-27 06:30:00,-8.13353045,-8.28064785,-4.0196114,4.113919091357422
2024-10-27 07:00:00,-40.15564281666666,-41.8459019,-27.295963,12.859679529313148
2024-10-27 07:30:00,-58.64480281666667,-59.84475441666667,-52.51363,6.131172903336591
2024-10-27 08:00:00,-83.98880436666667,-88.55637443333335,-80.47325,3.515553023893233
2024-10-27 08:30:00,-110.59135693333332,-112.44032328333331,-105.62076,4.970598876692691
2024-10-27 09:00:00,-126.03870055,-135.12092378333332,-126.37136,-0.33266022880859225
2024-10-27 09:30:00,-159.43073003333333,-155.79660725,-144.10452,15.326207328255208
2024-10-27 10:00:00,-175.3780362,-173.08233013333333,-157.84683,17.531203924609372
2024-10-27 10:30:00,-181.47680158333333,-191.1928438333333,-170.20578,11.271021554036452
2024-10-27 11:00:00,-188.64179441666667,-200.43860771666667,-178.94089,9.700906965494795
2024-10-27 11:30:00,-186.09537221666665,-204.39316273333336,-182.9961,3.0992784666666466
2024-10-27 12:00:00,-191.1729471333333,-201.9847889,-186.61105,4.5618936665364345
2024-10-27 12:30:00,-189.36830616666663,-202.8439015,-184.1146,5.253712660807253
2024-10-27 13:00:00,-183.2925478666667,-205.13143218333332,-178.44759,4.844961807096382
2024-10-27 13:30:00,-174.81147668333332,-195.50786058333333,-169.46277,5.348708128645825
2024-10-27 14:00:00,-158.68368463333334,-184.00445791666667,-155.5096,3.17408685501303
2024-10-27 14:30:00,-145.89569774999998,-169.76506513333334,-137.24548,8.650214351562482
2024-10-27 15:00:00,-128.96865976666666,-143.50766781666667,-116.551834,12.416825660221349
2024-10-27 15:30:00,-113.84870281666667,-107.37133723333334,-94.31275,19.535951046647142
2024-10-27 16:00:00,-85.33859439999999,-69.30795218333333,-67.793655,17.54493900449218
2024-10-27 16:30:00,-57.74187678333333,-35.90435445,-41.307026,16.434850873909504
2024-10-27 17:00:00,-27.44620205,-11.1717355,-18.690327,8.755875359326172
2024-10-27 17:30:00,4.923374466666666,9.208222366666666,2.2518425,-2.6715319678873692
2024-10-27 18:00:00,20.200472816666664,26.60119163333333,18.009914,-2.190558418473305
2024-10-27 18:30:00,26.769254433333334,28.032563316666668,31.256008,4.486753714860026
2024-10-27 19:00:00,37.23297388333334,31.035814466666665,38.99322,1.7602473996256478
2024-10-27 19:30:00,39.35962615,35.154901216666666,41.584255,2.2246290685058625
2024-10-27 20:00:00,35.08981566666667,35.06520341666667,44.3775,9.287682960042318
2024-10-27 20:30:00,31.901208883333336,34.02538298333334,42.206127,10.304918283414711
2024-10-27 21:00:00,32.523874983333336,33.43645838333333,38.86833,6.344453111149086
2024-10-27 21:30:00,33.420888633333334,30.156544333333333,37.651806,4.230917244352213
2024-10-27 22:00:00,34.46789945,30.35285168333333,35.71287,1.2449721015136745
2024-10-27 22:30:00,33.95762166666666,29.36087396666667,33.317974,-0.6396475760904892
2024-10-27 23:00:00,35.07373128333334,28.1832195,31.170727,-3.903004507210291
2024-10-27 23:30:00,32.58340663333333,27.27337405,28.015469,-4.567938035921223
2024-10-28 00:00:00,29.727421016666668,26.669765533333333,26.295223,-3.4321977805826833
2024-10-28 00:30:00,26.7083474,25.471991316666664,26.516613,-0.19173439340820408
2024-10-28 01:00:00,24.926414366666663,26.137428316666668,24.89996,-0.026454802457678284
2024-10-28 01:30:00,24.969803716666664,26.055971783333334,23.556774,-1.4130295772623676
2024-10-28 02:00:00,25.09036445,25.25265038333333,23.854336,-1.2360286650878898
2024-10-28 02:30:00,27.200102633333334,26.161060016666667,25.521175,-1.6789272488118492
2024-10-28 03:00:00,26.56468433333333,23.9648728,27.863277,1.2985931019694057
2024-10-28 03:30:00,27.25591795,22.6497302,30.452465,3.1965471073730463
2024-10-28 04:00:00,32.36730283333333,22.429566583333337,31.298061,-1.069241462483724
2024-10-28 04:30:00,36.29364781666667,22.8021211,28.445263,-7.848384907731123
2024-10-28 05:00:00,30.03465336666667,21.795999066666667,26.279202,-3.7554518590983115
2024-10-28 05:30:00,28.551855466666662,17.874750383333332,19.706448,-8.845407865348303
2024-10-28 06:00:00,20.28136178333333,6.056919400000001,8.497692,-11.783669675179034
2024-10-28 06:30:00,1.0919898166666666,-8.13353045,-8.859364,-9.95135337257487
2024-10-28 07:00:00,-23.008363433333333,-40.15564281666666,-32.770405,-9.762041382340495
2024-10-28 07:30:00,-50.5483423,-58.64480281666667,-56.409336,-5.860993790087889
2024-10-28 08:00:00,-65.65492386666666,-83.98880436666667,-81.016075,-15.36115126761068
2024-10-28 08:30:00,-96.10900555,-110.59135693333332,-108.86306,-12.754054447558588
2024-10-28 09:00:00,-117.94279323333336,-126.03870055,-131.27925,-13.336457865299451
2024-10-28 09:30:00,-130.52203448333333,-159.43073003333333,-149.89087,-19.36883465729167
2024-10-28 10:00:00,-153.51685516666666,-175.3780362,-163.49771,-9.980856014973966
2024-10-28 10:30:00,-170.94708106666667,-181.47680158333333,-175.90028,-4.953202746809893
2024-10-28 11:00:00,-163.1848896,-188.64179441666667,-183.8225,-20.637604906835946
2024-10-28 11:30:00,-178.12614163333333,-186.09537221666665,-187.12514,-8.99899569576823
2024-10-28 12:00:00,-188.5928679,-191.1729471333333,-189.4834,-0.8905305375000125
2024-10-28 12:30:00,-181.56367836666664,-189.36830616666663,-188.12094,-6.557262795442739
2024-10-28 13:00:00,-168.86349338333335,-183.2925478666667,-182.35649,-13.492997705533838
2024-10-28 13:30:00,-165.26855718333334,-174.81147668333332,-173.37741,-8.108853705338532
2024-10-28 14:00:00,-155.04978993333336,-158.68368463333334,-157.14325,-2.093459578385392
2024-10-28 14:30:00,-147.75790376666666,-145.89569774999998,-139.46649,8.291412067447908
2024-10-28 15:00:00,-131.03456658333334,-128.96865976666666,-118.1276,12.906964959798188
2024-10-28 15:30:00,-104.09397625,-113.84870281666667,-92.25218,11.84179424316406
2024-10-28 16:00:00,-73.51759715,-85.33859439999999,-67.18359,6.3340034
2024-10-28 16:30:00,-51.27477278333333,-57.74187678333333,-41.99103,9.283741136604817
2024-10-28 17:00:00,-24.462777016666667,-27.44620205,-19.705952,4.756825325992839
2024-10-28 17:30:00,4.668269550000001,4.923374466666666,1.8431816,-2.825087939892579
2024-10-28 18:00:00,23.810989483333334,20.200472816666664,17.049175,-6.761814220882162
2024-10-28 18:30:00,28.01837133333333,26.769254433333334,28.91653,0.8981592757975285
2024-10-28 19:00:00,35.71953958333334,37.23297388333334,34.70309,-1.016448915608727
2024-10-28 19:30:00,38.21714,39.35962615,40.000347,1.7832071374511713
2024-10-28 20:00:00,43.78982606666667,35.08981566666667,40.602993,-3.1868330551920607
2024-10-28 20:30:00,45.64156343333334,31.901208883333336,39.954494,-5.687068957014979
2024-10-28 21:00:00,44.65773118333333,32.523874983333336,36.656414,-8.00131715135091
2024-10-28 21:30:00,36.00867075,33.420888633333334,35.133343,-0.8753280070800784
2024-10-28 22:00:00,34.100235,34.46789945,34.05122,-0.04901505981445098
2024-10-28 22:30:00,30.129882866666662,33.95762166666666,31.472118,1.3422355110188846
2024-10-28 23:00:00,33.487825566666665,35.07373128333334,30.704967,-2.782858067887368
2024-10-28 23:30:00,33.19690513333333,32.58340663333333,28.056988,-5.139917370882159
2024-10-29 00:00:00,26.776617466666664,29.727421016666668,26.345882,-0.43073505089517994
2024-10-29 00:30:00,23.784855000000004,26.7083474,26.044064,2.2592085681152305
2024-10-29 01:00:00,22.738188750000003,24.926414366666663,25.900066,3.1618776257324193
2024-10-29 01:30:00,23.032916683333337,24.969803716666664,25.042248,2.00933108888346
2024-10-29 02:00:00,24.13271495,25.09036445,26.800549,2.6678336034667964
2024-10-29 02:30:00,24.224251366666667,27.200102633333334,27.106472,2.882220648714192
2024-10-29 03:00:00,24.578606033333333,26.56468433333333,27.77766,3.1990543365397137
2024-10-29 03:30:00,24.20998948333333,27.25591795,28.430828,4.220838611149091
2024-10-29 04:00:00,28.0682995,32.36730283333333,28.23019,0.16189077709961097
2024-10-29 04:30:00,31.075022833333332,36.29364781666667,26.822308,-4.25271524666341
2024-10-29 05:00:00,30.49949283333333,30.03465336666667,25.28172,-5.217773625569659
2024-10-29 05:30:00,23.93965341666667,28.551855466666662,21.513195,-2.426458378824872
2024-10-29 06:00:00,6.029345716666666,20.28136178333333,9.4549675,3.425621782112631
2024-10-29 06:30:00,-15.928472233333332,1.0919898166666666,-6.9197884,9.00868387273763
2024-10-29 07:00:00,-33.20706728333334,-23.008363433333333,-27.700108,5.506959708870447
2024-10-29 07:30:00,-63.97239681666667,-50.5483423,-52.036015,11.936382259781901
2024-10-29 08:00:00,-94.65149008333331,-65.65492386666666,-78.88345,15.76803671419269
2024-10-29 08:30:00,-117.64159705000002,-96.10900555,-106.34514,11.296458500195328
2024-10-29 09:00:00,-131.93556955,-117.94279323333336,-127.795044,4.140525604687497
2024-10-29 09:30:00,-145.76088995,-130.52203448333333,-143.59457,2.1663159753906314
2024-10-29 10:00:00,-159.37123696666666,-153.51685516666666,-159.74883,-0.37758810657553
2024-10-29 10:30:00,-169.24557608333333,-170.94708106666667,-172.90845,-3.662871182291667
2024-10-29 11:00:00,-181.66980773333333,-163.1848896,-179.8385,1.8313067567708288
2024-10-29 11:30:00,-202.29443493333332,-178.12614163333333,-183.5398,18.75464001145832
2024-10-29 12:00:00,-211.5786572333333,-188.5928679,-186.33737,25.241285407161428
2024-10-29 12:30:00,-210.54896721666668,-181.56367836666664,-186.57993,23.969041679557307
2024-10-29 13:00:00,-201.85685453333332,-168.86349338333335,-179.8061,22.050747965950507
2024-10-29 13:30:00,-193.23110551666664,-165.26855718333334,-169.33162,23.899486253971332
2024-10-29 14:00:00,-182.06394521666667,-155.04978993333336,-155.63318,26.430766505729167
2024-10-29 14:30:00,-168.07153226666665,-147.75790376666666,-137.8619,30.20963956647134
2024-10-29 15:00:00,-153.30575718333333,-131.03456658333334,-115.76624,37.539514202376296
2024-10-29 15:30:00,-121.54867116666668,-104.09397625,-92.647316,28.901355187662773
2024-10-29 16:00:00,-86.50100438333334,-73.51759715,-67.89426,18.606747791536463
2024-10-29 16:30:00,-53.22867198333333,-51.27477278333333,-42.08399,11.144683793636062
2024-10-29 17:00:00,-25.61280598333333,-24.462777016666667,-20.78342,4.82938542058919
2024-10-29 17:30:00,1.4668911833333338,4.668269550000001,0.028957382,-1.4379338014888132
2024-10-29 18:00:00,23.3320466,23.810989483333334,15.071178,-8.260868163720705
2024-10-29 18:30:00,35.0870895,28.01837133333333,25.588192,-9.498897513916013
2024-10-29 19:00:00,36.078695583333335,35.71953958333334,33.22816,-2.8505347251790383
2024-10-29 19:30:00,41.44805101666666,38.21714,39.32559,-2.122462790348301
2024-10-29 20:00:00,41.5847271,43.78982606666667,41.26208,-0.3226459537597677
2024-10-29 20:30:00,36.309176,45.64156343333334,40.117123,3.8079466501464836
2024-10-29 21:00:00,39.30022376666667,44.65773118333333,38.97221,-0.32801383624674685
2024-10-29 21:30:00,34.07926285,36.00867075,38.441875,4.362612607763673
2024-10-29 22:00:00,32.16624166666667,34.100235,36.725765,4.559523561604813
2024-10-29 22:30:00,33.53855468333333,30.129882866666662,34.186565,0.6480107158365911
2024-10-29 23:00:00,34.433091733333335,33.487825566666665,33.82928,-0.6038108800618502
2024-10-29 23:30:00,31.95774288333333,33.19690513333333,30.770596,-1.187147332796222
2024-10-30 00:00:00,30.182660100000003,26.776617466666664,28.492,-1.6906595201660188
2024-10-30 00:30:00,29.55873945,23.784855000000004,26.508907,-3.0498321318847665
2024-10-30 01:00:00,29.34162433333333,22.738188750000003,24.600857,-4.740767552327469
2024-10-30 01:30:00,29.614595466666668,23.032916683333337,24.337536,-5.277059608512371
2024-10-30 02:00:00,28.682033416666663,24.13271495,24.322796,-4.359237548746741
2024-10-30 02:30:00,30.561148216666663,24.224251366666667,25.821346,-4.739801933707678
2024-10-30 03:00:00,28.149821266666667,24.578606033333333,26.623043,-1.5267782063639324
2024-10-30 03:30:00,28.92520826666667,24.20998948333333,28.821697,-0.1035110315592469
2024-10-30 04:00:00,32.021511,28.0682995,30.45509,-1.5664214309081999
2024-10-30 04:30:00,36.96490276666667,31.075022833333332,30.357601,-6.607301600895184
2024-10-30 05:00:00,30.333363266666662,30.49949283333333,28.305813,-2.027550430973303
2024-10-30 05:30:00,22.340497716666665,23.93965341666667,23.460033,1.1195357000813821
2024-10-30 06:00:00,10.443189266666668,6.029345716666666,11.155239,0.7120498385579417
2024-10-30 06:30:00,-5.8569523,-15.928472233333332,-5.053562,0.803390135693359
2024-10-30 07:00:00,-33.54368295,-33.20706728333334,-28.3577,5.185982602099607
2024-10-30 07:30:00,-58.37984275,-63.97239681666667,-53.796482,4.583360663818361
2024-10-30 08:00:00,-92.12067495,-94.65149008333331,-78.62488,13.495797020312494
2024-10-30 08:30:00,-116.52921423333332,-117.64159705000002,-106.013985,10.515229553157539
2024-10-30 09:00:00,-140.12535941666667,-131.93556955,-129.13672,10.988640666666669
2024-10-30 09:30:00,-163.05856555,-145.76088995,-146.88646,16.17210619941406
2024-10-30 10:00:00,-186.20256848333332,-159.37123696666666,-162.46707,23.735496950130198
2024-10-30 10:30:00,-201.4161401,-169.24557608333333,-172.55101,28.86512996816407
2024-10-30 11:00:00,-207.54371685,-181.66980773333333,-178.61581,28.927902641015635
2024-10-30 11:30:00,-214.17745765,-202.29443493333332,-183.32585,30.85160620957032
2024-10-30 12:00:00,-213.7674089666667,-211.5786572333333,-186.68936,27.078047394401068
2024-10-30 12:30:00,-210.5148739,-210.54896721666668,-186.93033,23.584545530859373
2024-10-30 13:00:00,-206.13491781666667,-201.85685453333332,-180.83481,25.300109467057297
2024-10-30 13:30:00,-199.87660855,-193.23110551666664,-173.18811,26.688498198437486
2024-10-30 14:00:00,-175.77747046666664,-182.06394521666667,-162.18182,13.595646736197892
2024-10-30 14:30:00,-147.00569944999998,-168.07153226666665,-143.20645,3.7992480339843553
2024-10-30 15:00:00,-112.94179996666666,-153.30575718333333,-123.20577,-10.26397243323568
2024-10-30 15:30:00,-98.19455665,-121.54867116666668,-99.56202,-1.3674626981445357
2024-10-30 16:00:00,-86.56727621666666,-86.50100438333334,-71.78688,14.780395723502593
2024-10-30 16:30:00,-52.90965868333333,-53.22867198333333,-44.929707,7.979952109847005
2024-10-30 17:00:00,-24.08502953333333,-25.61280598333333,-22.30846,1.7765692977376268
2024-10-30 17:30:00,11.353635516666666,1.4668911833333338,-2.0978584,-13.451493945621744
2024-10-30 18:00:00,26.121782750000005,23.3320466,15.42918,-10.692602604736333
2024-10-30 18:30:00,33.107549,35.0870895,28.33662,-4.770928669189452
2024-10-30 19:00:00,37.73540263333334,36.078695583333335,35.291897,-2.443505813264977
2024-10-30 19:30:00,41.43752835,41.44805101666666,40.353237,-1.0842911979003915
2024-10-30 20:00:00,39.3769928,41.5847271,40.96652,1.589525602099613
2024-10-30 20:30:00,43.7291973,36.309176,38.968777,-4.760420597119143
2024-10-30 21:00:00,37.98733266666667,39.30022376666667,37.193157,-0.7941754706217452
2024-10-30 21:30:00,37.55259841666666,34.07926285,37.373775,-0.1788229344889274
2024-10-30 22:00:00,35.9165573,32.16624166666667,36.60902,0.692462933154296
2024-10-30 22:30:00,34.339521,33.53855468333333,34.99783,0.6583084372558616
2024-10-30 23:00:00,32.65460381666667,34.433091733333335,34.134975,1.4803716166829375
2024-10-30 23:30:00,28.1838521,31.95774288333333,31.755795,3.571942425146485
2024-10-31 00:00:00,26.14435383333333,30.182660100000003,28.080257,1.9359035824381543
2024-10-31 00:30:00,28.291487616666668,29.55873945,25.324596,-2.966891211637371
2024-10-31 01:00:00,26.6036761,29.34162433333333,24.138775,-2.4649012281738294
2024-10-31 01:30:00,24.512183883333336,29.614595466666668,23.13026,-1.3819234158040388
2024-10-31 02:00:00,23.49051165,28.682033416666663,22.400784,-1.089728111181639
2024-10-31 02:30:00,23.992729933333333,30.561148216666663,26.037197,2.0444671797037763
2024-10-31 03:00:00,22.719652266666667,28.149821266666667,29.231487,6.5118350075032545
2024-10-31 03:30:00,23.48207465,28.92520826666667,31.967052,8.484977809716796
2024-10-31 04:00:00,29.633714333333334,32.021511,31.32713,1.6934150306803382
2024-10-31 04:30:00,36.121234,36.96490276666667,31.50996,-4.611273825439454
2024-10-31 05:00:00,28.954335933333336,30.333363266666662,30.52821,1.5738737529459605
2024-10-31 05:30:00,21.57943948333333,22.340497716666665,25.386074,3.806634582828778
2024-10-31 06:00:00,4.554669433333333,10.443189266666668,12.599712,8.045042938492838
2024-10-31 06:30:00,-12.64309375,-5.8569523,-4.4335365,8.209557220458985
2024-10-31 07:00:00,-35.83495728333333,-33.54368295,-25.76418,10.070778053597003
2024-10-31 07:30:00,-63.0354628,-58.37984275,-50.261112,12.774350586865232
2024-10-31 08:00:00,-89.36842985,-92.12067495,-79.11904,10.249388407128905
2024-10-31 08:30:00,-115.7636655,-116.52921423333332,-109.46965,6.294015231445314
2024-10-31 09:00:00,-131.5894322166667,-140.12535941666667,-133.25858,-1.6691432227864311
2024-10-31 09:30:00,-155.37854330000002,-163.05856555,-151.38625,3.9922975724609557
2024-10-31 10:00:00,-170.21040356666666,-186.20256848333332,-166.98079,3.2296143820963437
2024-10-31 10:30:00,-178.70891421666667,-201.4161401,-178.2178,0.4911102615885454
2024-10-31 11:00:00,-180.48429855,-207.54371685,-187.12631,-6.64201370585937
2024-10-31 11:30:00,-183.9347038333333,-214.17745765,-191.66147,-7.7267646725260875
2024-10-31 12:00:00,-177.27836318333334,-213.7674089666667,-193.86105,-16.582690283463535
2024-10-31 12:30:00,-171.11644216666664,-210.5148739,-192.448,-21.331555880208356
2024-10-31 13:00:00,-159.86977681666667,-206.13491781666667,-187.3988,-27.529026894270828
2024-10-31 13:30:00,-138.4532494,-199.87660855,-179.41724,-40.963986928124996
2024-10-31 14:00:00,-120.32507395,-175.77747046666664,-165.5599,-45.23483205585937
2024-10-31 14:30:00,-115.88879655,-147.00569944999998,-147.97734,-32.08854414824219
2024-10-31 15:00:00,-115.4417167,-112.94179996666666,-124.12174,-8.680025548535156
2024-10-31 15:30:00,-95.07471988333332,-98.19455665,-98.83394,-3.7592187152994967
2024-10-31 16:00:00,-65.30633616666667,-86.56727621666666,-71.79742,-6.491080520345051
2024-10-31 16:30:00,-39.58477658333334,-52.90965868333333,-45.130177,-5.545399960856116
2024-10-31 17:00:00,-17.784300599999998,-24.08502953333333,-20.094349,-2.310048307470705
2024-10-31 17:30:00,4.899233933333334,11.353635516666666,0.23472215,-4.664511780981001
2024-10-31 18:00:00,17.078438916666666,26.121782750000005,17.37164,0.293200335042318
2024-10-31 18:30:00,24.969745366666668,33.107549,31.66682,6.697075159456379
2024-10-31 19:00:00,35.80478096666667,37.73540263333334,38.738995,2.9342136317220024
2024-10-31 19:30:00,37.99698611666667,41.43752835,42.636837,4.6398508889485655
2024-10-31 20:00:00,39.29283936666666,39.3769928,43.28767,3.9948307688313847
2024-10-31 20:30:00,32.98558905,43.7291973,41.91952,8.933932281787108
2024-10-31 21:00:00,34.204648983333335,37.98733266666667,40.162853,5.9582042576334615
2024-10-31 21:30:00,30.57296913333333,37.55259841666666,37.62556,7.052591627164716
2024-10-31 22:00:00,32.1928112,35.9165573,34.73289,2.5400798827636706
2024-10-31 22:30:00,31.11715768333333,34.339521,34.61726,3.5001022959147186
2024-10-31 23:00:00,32.2786739,32.65460381666667,34.259777,1.9811031690917957
2024-10-31 23:30:00,33.65943501666666,28.1838521,33.813763,0.15432764812825894
2024-11-01 00:00:00,31.82101538333333,26.14435383333333,30.836483,-0.9845323816243443
2024-11-01 00:30:00,28.113930516666667,28.291487616666668,27.646816,-0.4671142630045573
2024-11-01 01:00:00,26.62998608333333,26.6036761,26.25822,-0.3717654107259065
2024-11-01 01:30:00,28.1845779,24.512183883333336,25.74937,-2.435207325048829
2024-11-01 02:00:00,29.21168443333333,23.49051165,26.111141,-3.100543228499344
2024-11-01 02:30:00,28.564726083333337,23.992729933333333,28.388485,-0.17624112849935258
2024-11-01 03:00:00,26.97826938333333,22.719652266666667,29.493908,2.5156385451334664
2024-11-01 03:30:00,28.81288388333333,23.48207465,30.602016,1.7891325656412782
2024-11-01 04:00:00,35.50130136666667,29.633714333333334,30.732143,-4.769157964567057
2024-11-01 04:30:00,37.82260885,36.121234,29.295116,-8.527492425439455
2024-11-01 05:00:00,34.955368316666664,28.954335933333336,28.07838,-6.876987731949868
2024-11-01 05:30:00,24.280431066666665,21.57943948333333,20.267101,-4.013329778824868
2024-11-01 06:00:00,11.446247149999998,4.554669433333333,9.568829,-1.877418567236326
2024-11-01 06:30:00,-8.420873783333333,-12.64309375,-7.105686,1.315187595589192
2024-11-01 07:00:00,-33.90337636666667,-35.83495728333333,-30.478672,3.4247043390787795
2024-11-01 07:30:00,-62.88050666666666,-63.0354628,-57.948017,4.932489546305334
2024-11-01 08:00:00,-68.23649281666667,-89.36842985,-86.127525,-17.891032512923175
2024-11-01 08:30:00,-102.79714455,-115.7636655,-113.02249,-10.225346905078126
2024-11-01 09:00:00,-114.27738243333332,-131.5894322166667,-134.956,-20.678611219010435
2024-11-01 09:30:00,-142.3863582,-155.37854330000002,-153.8248,-11.438440383984386
2024-11-01 10:00:00,-161.91770291666666,-170.21040356666666,-168.86977,-6.952063318684907
2024-11-01 10:30:00,-154.65574173333331,-178.70891421666667,-182.49284,-27.837101894596373
2024-11-01 11:00:00,-169.13936306666668,-180.48429855,-190.8623,-21.722941620833325
2024-11-01 11:30:00,-184.74398661666663,-183.9347038333333,-195.40994,-10.665956010286493
2024-11-01 12:00:00,-186.88009931666667,-177.27836318333334,-196.20984,-9.329739550520827
2024-11-01 12:30:00,-188.72620056666665,-171.11644216666664,-193.54788,-4.821681513411477
2024-11-01 13:00:00,-182.73856611666668,-159.86977681666667,-185.93713,-3.198567672395825
2024-11-01 13:30:00,-182.7390478,-138.4532494,-174.45914,8.279910837109384
2024-11-01 14:00:00,-181.76327431666667,-120.32507395,-158.49438,23.268889551041667
2024-11-01 14:30:00,-159.96533001666668,-115.88879655,-138.0771,21.88822735553387
2024-11-01 15:00:00,-135.05454268333332,-115.4417167,-116.34871,18.70583357688801
2024-11-01 15:30:00,-106.8683377,-95.07471988333332,-93.0408,13.827535698046873
2024-11-01 16:00:00,-85.46681438333333,-65.30633616666667,-67.16542,18.301393851106766
2024-11-01 16:30:00,-48.19480395,-39.58477658333334,-40.78435,7.410452601123048
2024-11-01 17:00:00,-24.892917083333334,-17.784300599999998,-16.230701,8.66221563680013
2024-11-01 17:30:00,-1.6476139500000004,4.899233933333334,2.8672905,4.514904446826172
2024-11-01 18:00:00,14.8358233,17.078438916666666,20.204205,5.368381259326172
2024-11-01 18:30:00,24.745766133333333,24.969745366666668,31.705868,6.960101634000651
2024-11-01 19:00:00,31.8611469,35.80478096666667,38.098186,6.2370395929199205
2024-11-01 19:30:00,34.45275125,37.99698611666667,42.111935,7.659183411865236
2024-11-01 20:00:00,35.30037778333333,39.29283936666666,43.40237,8.101992669547528
2024-11-01 20:30:00,38.323175166666665,32.98558905,40.66264,2.3394644512532565
2024-11-01 21:00:00,37.69679953333333,34.204648983333335,38.037365,0.34056542638346343
2024-11-01 21:30:00,29.38251905,30.57296913333333,35.957775,6.575256065966798
2024-11-01 22:00:00,28.832746033333333,32.1928112,34.959393,6.126646514274089
2024-11-01 22:30:00,26.6709894,31.11715768333333,35.113384,8.442394846826172
2024-11-01 23:00:00,33.22827005,32.2786739,35.733578,2.5053076782714854
2024-11-01 23:30:00,29.749839366666667,33.65943501666666,33.39625,3.6464123118001304
2024-11-02 00:00:00,26.68915158333333,31.82101538333333,30.992077,4.302925290445966
2024-11-02 00:30:00,25.86255878333333,28.113930516666667,28.734753,2.8721938716959663
2024-11-02 01:00:00,25.62804548333333,26.62998608333333,27.340633,1.7125879090006535
2024-11-02 01:30:00,24.473375583333333,28.1845779,26.712475,2.2390992396647142
2024-11-02 02:00:00,24.188880716666663,29.21168443333333,26.126873,1.9379922996907588
2024-11-02 02:30:00,22.88487728333333,28.564726083333337,26.513454,3.628577153922528
2024-11-02 03:00:00,23.25928443333333,26.97826938333333,28.458202,5.198917928727216
2024-11-02 03:30:00,22.958357216666663,28.81288388333333,29.141521,6.183164237190759
2024-11-02 04:00:00,29.1583027,35.50130136666667,29.849789,0.6914859657714842
2024-11-02 04:30:00,31.813022283333336,37.82260885,29.744793,-2.0682293451009137
2024-11-02 05:00:00,30.0359911,34.955368316666664,29.987942,-0.04804935805664101
2024-11-02 05:30:00,26.352200516666667,24.280431066666665,23.178082,-3.1741190042154948
2024-11-02 06:00:00,13.466626083333333,11.446247149999998,11.600445,-1.866181289632161
2024-11-02 06:30:00,-3.289499816666668,-8.420873783333333,-7.1263924,-3.8368925478352853
2024-11-02 07:00:00,-27.6770756,-33.90337636666667,-29.816319,-2.139242911962892
2024-11-02 07:30:00,-48.30313048333333,-62.88050666666666,-54.588535,-6.285404825504564
2024-11-02 08:00:00,-59.2563393,-68.23649281666667,-79.704185,-20.447846185839843
2024-11-02 08:30:00,-86.86482378333334,-102.79714455,-108.9334,-22.068579231803383
2024-11-02 09:00:00,-103.10829676666668,-114.27738243333332,-132.07706,-28.968760118098942
2024-11-02 09:30:00,-128.9865327,-142.3863582,-150.24818,-21.261651504101565
2024-11-02 10:00:00,-135.6812788833333,-161.91770291666666,-164.67741,-28.99613505709638
2024-11-02 10:30:00,-145.58442718333333,-154.65574173333331,-176.04585,-30.46142547779948
2024-11-02 11:00:00,-146.78430778333333,-169.13936306666668,-183.261,-36.47669380358073
2024-11-02 11:30:00,-156.64864881666668,-184.74398661666663,-186.86005,-30.21139757005207
2024-11-02 12:00:00,-147.11478441666665,-186.88009931666667,-189.5775,-42.462714972981786
2024-11-02 12:30:00,-147.18793376666667,-188.72620056666665,-188.16989,-40.9819575907552
2024-11-02 13:00:00,-151.6148161333333,-182.73856611666668,-181.83318,-30.21835952584638
2024-11-02 13:30:00,-139.10962331666667,-182.7390478,-172.94232,-33.83269846067708
2024-11-02 14:00:00,-120.12049943333334,-181.76327431666667,-159.68983,-39.56933516139323
2024-11-02 14:30:00,-108.31785443333332,-159.96533001666668,-143.38731,-35.069459409440114
2024-11-02 15:00:00,-85.78547985,-135.05454268333332,-122.86569,-37.08021228867187
2024-11-02 15:30:00,-66.1899067,-106.8683377,-98.31128,-32.121372596875005
2024-11-02 16:00:00,-53.18437055,-85.46681438333333,-71.49133,-18.306962457812503
2024-11-02 16:30:00,-30.126912833333336,-48.19480395,-44.384464,-14.25755143058268
2024-11-02 17:00:00,-9.932070516666666,-24.892917083333334,-21.993046,-12.0609752902181
2024-11-02 17:30:00,9.302916716666669,-1.6476139500000004,-2.3021278,-11.605044554801434
2024-11-02 18:00:00,24.762918416666665,14.8358233,14.704815,-10.058103505777993
2024-11-02 18:30:00,31.97899428333333,24.745766133333333,26.7756,-5.203393849983719
2024-11-02 19:00:00,34.71726915,31.8611469,35.313473,0.5962035978027345
2024-11-02 19:30:00,37.243489483333335,34.45275125,39.30923,2.065741321110025
2024-11-02 20:00:00,38.94105495,35.30037778333333,38.939785,-0.001269946337892236
2024-11-02 20:30:00,39.5804329,38.323175166666665,39.402782,-0.17765045981445127
2024-11-02 21:00:00,43.7827232,37.69679953333333,38.54092,-5.24180294243164
2024-11-02 21:30:00,41.397462616666665,29.38251905,36.13,-5.267461548551431
2024-11-02 22:00:00,41.2059676,28.832746033333333,36.467236,-4.738732034814454
2024-11-02 22:30:00,38.743281716666665,26.6709894,34.064587,-4.678695077262368
2024-11-02 23:00:00,36.73908548333333,33.22827005,34.903957,-1.835128116389967
2024-11-02 23:30:00,36.7787174,29.749839366666667,33.172756,-3.6059612049316385
2024-11-03 00:00:00,31.6384181,26.68915158333333,30.12582,-1.5125979400878897
2024-11-03 00:30:00,31.310438066666663,25.86255878333333,28.622402,-2.6880358755045535
2024-11-03 01:00:00,28.09018946666667,25.62804548333333,25.778072,-2.312117109488934
2024-11-03 01:30:00,26.612329,24.473375583333333,23.815517,-2.7968115744628896
2024-11-03 02:00:00,28.749605766666665,24.188880716666663,23.942883,-4.806723228824868
2024-11-03 02:30:00,29.057003816666665,22.88487728333333,24.876553,-4.1804512348795555
2024-11-03 03:00:00,28.10383836666667,23.25928443333333,26.70448,-1.3993591491373714
2024-11-03 03:30:00,27.91582198333333,22.958357216666663,29.836285,1.9204626541178413
2024-11-03 04:00:00,27.746328316666663,29.1583027,31.214611,3.468282736800134
2024-11-03 04:30:00,28.16519895,31.813022283333336,30.334362,2.1691630800292963
2024-11-03 05:00:00,31.26145785,30.0359911,28.805813,-2.45564501430664
2024-11-03 05:30:00,22.476683833333336,26.352200516666667,23.16676,0.6900756576334608
2024-11-03 06:00:00,11.138163783333331,13.466626083333333,10.77795,-0.36021349646809675
2024-11-03 06:30:00,-10.2798989,-3.289499816666668,-5.607212,4.6726868333496085
2024-11-03 07:00:00,-36.46900718333333,-27.6770756,-26.514225,9.954782177229816
2024-11-03 07:30:00,-62.41123253333333,-48.30313048333333,-51.148426,11.26280647742513
2024-11-03 08:00:00,-71.39844993333334,-59.2563393,-78.164566,-6.766116106705724
2024-11-03 08:30:00,-93.7963765,-86.86482378333334,-104.79709,-11.000712123046881
2024-11-03 09:00:00,-119.64675838333334,-103.10829676666668,-128.18852,-8.541763955533852
2024-11-03 09:30:00,-159.8937726,-128.9865327,-144.27667,15.617100236718755
2024-11-03 10:00:00,-167.79123906666666,-135.6812788833333,-156.60703,11.184213920182287
2024-11-03 10:30:00,-172.40077128333334,-145.58442718333333,-167.22351,5.177260541145841
2024-11-03 11:00:00,-160.4831957,-146.78430778333333,-173.57109,-13.087894998242177
2024-11-03 11:30:00,-188.01804606666667,-156.64864881666668,-179.20596,8.812082931901045
2024-11-03 12:00:00,-176.50458335,-147.11478441666665,-181.9988,-5.494211205664072
2024-11-03 12:30:00,-165.57522888333332,-147.18793376666667,-181.44432,-15.869091795377614
2024-11-03 13:00:00,-177.26878501666667,-151.6148161333333,-174.25421,3.014573590885419
2024-11-03 13:30:00,-172.03427175000002,-139.10962331666667,-165.31262,6.721649679687516
2024-11-03 14:00:00,-164.0492288,-120.12049943333334,-150.85802,13.191211832226571
2024-11-03 14:30:00,-144.75397451666666,-108.31785443333332,-132.47458,12.279395659244784
2024-11-03 15:00:00,-124.12057491666668,-85.78547985,-111.66063,12.459945644205746
2024-11-03 15:30:00,-101.5601432,-66.1899067,-87.56634,13.99380561455078
2024-11-03 16:00:00,-75.97547533333334,-53.18437055,-62.22623,13.749244711995445
2024-11-03 16:30:00,-43.641296716666666,-30.126912833333336,-36.247364,7.393932672477213
2024-11-03 17:00:00,-24.956144100000003,-9.932070516666666,-13.740681,11.215463405419925
2024-11-03 17:30:00,11.711175,9.302916716666669,5.8948784,-5.816296612548829
2024-11-03 18:00:00,24.1395471,24.762918416666665,21.276302,-2.863244762353517
2024-11-03 18:30:00,35.630228933333335,31.97899428333333,31.616467,-4.013762411116538
2024-11-03 19:00:00,37.95163675,34.71726915,37.571194,-0.3804430549316393
2024-11-03 19:30:00,36.42398055,37.243489483333335,40.924847,4.500866099169919
2024-11-03 20:00:00,38.8001282,38.94105495,42.298367,3.498238346630856
2024-11-03 20:30:00,37.45055108333333,39.5804329,41.81663,4.3660802338053415
2024-11-03 21:00:00,34.2967023,43.7827232,38.363293,4.066590394091797
2024-11-03 21:30:00,32.95982195,41.397462616666665,36.97134,4.011518229443361
2024-11-03 22:00:00,37.23211315,41.2059676,36.15698,-1.0751345428222692
2024-11-03 22:30:00,36.60140913333333,38.743281716666665,34.748913,-1.85249632205403
2024-11-03 23:00:00,31.57615846666667,36.73908548333333,34.120922,2.5447636219563776
2024-11-03 23:30:00,32.37437546666667,36.7787174,33.51669,1.142313833870439
2024-11-04 00:00:00,29.0086839,31.6384181,30.149746,1.1410620411621082
2024-11-04 00:30:00,27.669795066666666,31.310438066666663,28.31892,0.6491250688313812
2024-11-04 01:00:00,27.6360366,28.09018946666667,27.043957,-0.5920798434082037
2024-11-04 01:30:00,25.52219225,26.612329,25.963924,0.4417321579589846
2024-11-04 02:00:00,23.67463085,28.749605766666665,25.17744,1.502809793310547
2024-11-04 02:30:00,26.6949766,29.057003816666665,27.051617,0.3566400687011715
2024-11-04 03:00:00,26.66740665,28.10383836666667,30.043087,3.375680355615234
2024-11-04 03:30:00,25.827625383333334,27.91582198333333,29.980816,4.153190504117838
2024-11-04 04:00:00,30.66405905,27.746328316666663,31.217907,0.5538479019042981
2024-11-04 04:30:00,36.91281113333333,28.16519895,30.217693,-6.695117804475906
2024-11-04 05:00:00,32.016276733333335,31.26145785,28.543438,-3.472838775569663
2024-11-04 05:30:00,24.99290153333333,22.476683833333336,23.806164,-1.1867377454915342
2024-11-04 06:00:00,15.044613933333332,11.138163783333331,13.253506,-1.791108226546223
2024-11-04 06:30:00,0.3089588166666666,-10.2798989,-3.2000465,-3.509005355973307
2024-11-04 07:00:00,-17.56135885,-36.46900718333333,-23.762348,-6.200989325048827
2024-11-04 07:30:00,-44.08356498333333,-62.41123253333333,-49.99532,-5.911754383121746
2024-11-04 08:00:00,-58.36578333333333,-71.39844993333334,-74.035934,-15.670151114908855
2024-11-04 08:30:00,-77.00947323333334,-93.7963765,-100.92119,-23.91171512115885
2024-11-04 09:00:00,-90.82752766666664,-119.64675838333334,-121.6134,-30.78587565364586
2024-11-04 09:30:00,-91.5234951,-159.8937726,-139.02182,-47.49832496835937
2024-11-04 10:00:00,-93.98042986666668,-167.79123906666666,-154.06335,-60.08292462552082
2024-11-04 10:30:00,-100.77431766666666,-172.40077128333334,-165.6923,-64.91798885188803
2024-11-04 11:00:00,-109.3053682,-160.4831957,-172.99744,-63.692068323437496
2024-11-04 11:30:00,-124.87820955,-188.01804606666667,-178.44272,-53.56450895585938
2024-11-04 12:00:00,-130.4923361,-176.50458335,-179.16258,-48.67024629746095
2024-11-04 12:30:00,-145.59901013333334,-165.57522888333332,-177.61823,-32.01921496432291
2024-11-04 13:00:00,-146.88006873333333,-177.26878501666667,-172.34898,-25.468915031315106
2024-11-04 13:30:00,-146.86122133333333,-172.03427175000002,-162.98198,-16.120758036783855
2024-11-04 14:00:00,-161.99148711666666,-164.0492288,-151.45714,10.534349055143224
2024-11-04 14:30:00,-144.25947818333336,-144.75397451666666,-133.43329,10.826189609114607
2024-11-04 15:00:00,-127.70478551666667,-124.12057491666668,-113.63249,14.072293451236987
2024-11-04 15:30:00,-109.63265405,-101.5601432,-90.77284,18.859811642773437
2024-11-04 16:00:00,-74.38316168333334,-75.97547533333334,-66.559296,7.823866029036466
2024-11-04 16:30:00,-46.3118768,-43.641296716666666,-42.133213,4.17866375678711
2024-11-04 17:00:00,-19.787586033333334,-24.956144100000003,-20.823536,-1.0359498858561196
2024-11-04 17:30:00,0.6838167,11.711175,-0.7721138,-1.455930500048828
2024-11-04 18:00:00,21.37770656666667,24.1395471,15.770245,-5.607461968277999
2024-11-04 18:30:00,24.8407309,35.630228933333335,28.432186,3.591455226708984
2024-11-04 19:00:00,31.95746873333333,37.95163675,34.51826,2.560792222477218
2024-11-04 19:30:00,40.253505100000005,36.42398055,39.1479,-1.1056054723144584
2024-11-04 20:00:00,36.52781886666667,38.8001282,41.696087,5.168268016878251
2024-11-04 20:30:00,34.046414983333335,37.45055108333333,42.22688,8.180464136539712
2024-11-04 21:00:00,34.5965388,34.2967023,40.754818,6.158279162646487
2024-11-04 21:30:00,32.59226851666667,32.95982195,38.0276,5.435330818050126
2024-11-04 22:00:00,32.38466605,37.23211315,36.26382,3.8791545981933595
2024-11-04 22:30:00,30.561726016666665,36.60140913333333,36.066097,5.50437124285482
2024-11-04 23:00:00,30.45330935,31.57615846666667,35.13267,4.6793620062011705
2024-11-04 23:30:00,28.5908633,32.37437546666667,33.42599,4.835127758349611
2024-11-05 00:00:00,27.77334538333333,29.0086839,32.133373,4.360027877164718
2024-11-05 00:30:00,22.143701000000004,27.669795066666666,30.105694,7.961992817138668
2024-11-05 01:00:00,22.276809600000004,27.6360366,28.514736,6.237926575537106
2024-11-05 01:30:00,23.403034450000003,25.52219225,26.565975,3.162940739208981
2024-11-05 02:00:00,23.2716228,23.67463085,25.318829,2.0472057827636725
2024-11-05 02:30:00,23.222198233333334,26.6949766,26.040203,2.818004861149088
2024-11-05 03:00:00,24.15518175,26.66740665,27.898968,3.7437859929199213
2024-11-05 03:30:00,22.938673766666668,25.827625383333334,30.048138,7.109463898128254
2024-11-05 04:00:00,27.5543271,30.66405905,31.15556,3.6012324397949236
2024-11-05 04:30:00,31.444875433333333,36.91281113333333,31.267254,-0.17762155760091147
2024-11-05 05:00:00,29.02068506666667,32.016276733333335,30.209667,1.188982139143878
2024-11-05 05:30:00,27.759974966666665,24.99290153333333,25.176281,-2.5836939913248678
2024-11-05 06:00:00,16.171830216666667,15.044613933333332,15.1229515,-1.0488787090983074
2024-11-05 06:30:00,-7.944571116666666,0.3089588166666666,-1.746067,6.198504069547526
2024-11-05 07:00:00,-28.053440616666663,-17.56135885,-22.241932,5.81150870138346
2024-11-05 07:30:00,-52.4736607,-44.08356498333333,-46.30678,6.166878931201175
2024-11-05 08:00:00,-82.82379166666666,-58.36578333333333,-73.539444,9.284347696940102
2024-11-05 08:30:00,-100.48227205,-77.00947323333334,-98.04913,2.433138749218756
2024-11-05 09:00:00,-110.58734703333334,-90.82752766666664,-119.09886,-8.511514661002593
2024-11-05 09:30:00,-121.4400534,-91.5234951,-135.83264,-14.392588201562504
2024-11-05 10:00:00,-113.4418806,-93.98042986666668,-148.0384,-34.59652577207031
2024-11-05 10:30:00,-115.03794123333334,-100.77431766666666,-156.91176,-41.87381718951822
2024-11-05 11:00:00,-117.75098505,-109.3053682,-161.11705,-43.36606512089844
2024-11-05 11:30:00,-139.08209825,-124.87820955,-162.983,-23.900903458984374
2024-11-05 12:00:00,-125.31435275,-130.4923361,-165.30566,-39.9913113125
2024-11-05 12:30:00,-128.56021846666667,-145.59901013333334,-164.11185,-35.551628457161456
2024-11-05 13:00:00,-126.15760491666668,-146.88006873333333,-160.35954,-34.201937930013
2024-11-05 13:30:00,-131.69655183333333,-146.86122133333333,-152.86954,-21.172985520182294
2024-11-05 14:00:00,-125.10218,-161.99148711666666,-142.0033,-16.901115898437496
2024-11-05 14:30:00,-97.83842395,-144.25947818333336,-127.95453,-30.116104858593744
2024-11-05 15:00:00,-79.6755356,-127.70478551666667,-110.988045,-31.312509138769528
2024-11-05 15:30:00,-76.45157283333333,-109.63265405,-89.834854,-13.383281292643233
2024-11-05 16:00:00,-57.62792391666667,-74.38316168333334,-64.45438,-6.826452304036458
2024-11-05 16:30:00,-37.42404605,-46.3118768,-40.11141,-2.687362183642577
2024-11-05 17:00:00,-14.795468733333331,-19.787586033333334,-18.183811,-3.388342454410809
2024-11-05 17:30:00,5.881834466666667,0.6838167,1.5782433,-4.303591211051432
2024-11-05 18:00:00,21.23936995,21.37770656666667,18.09933,-3.140039047900391
2024-11-05 18:30:00,26.52936483333333,24.8407309,29.525234,2.9958693890787806
2024-11-05 19:00:00,35.41104993333334,31.95746873333333,37.753674,2.342623620133459
2024-11-05 19:30:00,38.77154543333334,40.253505100000005,43.21954,4.4479942090006475
2024-11-05 20:00:00,42.4627571,36.52781886666667,44.53056,2.0678024397949244
2024-11-05 20:30:00,38.4984284,34.046414983333335,42.595425,4.096996252099608
2024-11-05 21:00:00,34.039270183333336,34.5965388,40.628506,6.589235523453773
2024-11-05 21:30:00,32.76776938333333,32.59226851666667,39.815777,7.048007441617841
2024-11-05 22:00:00,30.02036105,32.38466605,38.91865,8.898290530810545
2024-11-05 22:30:00,29.795429916666667,30.561726016666665,38.31799,8.522559432698568
2024-11-05 23:00:00,27.533341583333332,30.45330935,34.494747,6.9614055785319024
2024-11-05 23:30:00,27.14719841666667,28.5908633,32.008556,4.861357949300128
2024-11-06 00:00:00,25.70179455,27.77334538333333,28.87785,3.176055028857423
2024-11-06 00:30:00,23.73966165,22.143701000000004,26.674664,2.9350018937011733
2024-11-06 01:00:00,24.92962735,22.276809600000004,24.555584,-0.37404339614257864
2024-11-06 01:30:00,23.65863355,23.403034450000003,23.019924,-0.6387093861816417
2024-11-06 02:00:00,22.8033555,23.2716228,22.051205,-0.7521508186035142
2024-11-06 02:30:00,23.258456683333332,23.222198233333334,24.628353,1.3698964355631524
2024-11-06 03:00:00,21.800663633333333,24.15518175,27.529613,5.728949861539714
2024-11-06 03:30:00,22.475904383333333,22.938673766666668,30.699047,8.223142705289714
2024-11-06 04:00:00,23.38150095,27.5543271,33.035778,9.654277095654297
2024-11-06 04:30:00,24.36344985,31.444875433333333,32.718533,8.35508271225586
2024-11-06 05:00:00,23.01442771666667,29.02068506666667,28.59074,5.5763124871907515
2024-11-06 05:30:00,12.2840629,27.759974966666665,22.913021,10.628958187646484
2024-11-06 06:00:00,1.8676545500000004,16.171830216666667,14.141964,12.274309408740233
2024-11-06 06:30:00,-13.8875461,-7.944571116666666,-1.2987251,12.588820971826172
2024-11-06 07:00:00,-35.74322,-28.053440616666663,-21.093311,14.649908690185548
2024-11-06 07:30:00,-65.07332468333333,-52.4736607,-44.54601,20.527315619612622
2024-11-06 08:00:00,-91.28071723333332,-82.82379166666666,-70.3754,20.905320504817695
2024-11-06 08:30:00,-108.42241458333332,-100.48227205,-96.31861,12.10380343831379
2024-11-06 09:00:00,-127.12675273333332,-110.58734703333334,-118.5363,8.590452074153632
2024-11-06 09:30:00,-137.44377481666666,-121.4400534,-134.8661,2.5776706906900984
2024-11-06 10:00:00,-138.79124985,-113.4418806,-143.99672,-5.2054695103515485
2024-11-06 10:30:00,-133.45657431666666,-115.03794123333334,-153.39017,-19.933592919661464
2024-11-06 11:00:00,-140.62762921666666,-117.75098505,-156.65549,-16.027857843880213
2024-11-06 11:30:00,-159.755464,-139.08209825,-161.0499,-1.2944322402343857
2024-11-06 12:00:00,-169.28897768333334,-125.31435275,-163.1951,6.093878806380218
2024-11-06 12:30:00,-177.39483278333333,-128.56021846666667,-162.42807,14.966762714973953
2024-11-06 13:00:00,-172.2040239,-126.15760491666668,-156.92102,15.28300339218751
2024-11-06 13:30:00,-131.14557336666667,-131.69655183333333,-150.15508,-19.00950170657552
2024-11-06 14:00:00,-111.47414458333331,-125.10218,-139.01294,-27.538794869791687
2024-11-06 14:30:00,-101.05955306666664,-97.83842395,-125.36061,-24.301057895247425
2024-11-06 15:00:00,-80.76349108333334,-79.6755356,-104.86136,-24.09786755924479
2024-11-06 15:30:00,-71.98491225,-76.45157283333333,-81.99014,-10.005230572265631
2024-11-06 16:00:00,-61.94934133333334,-57.62792391666667,-56.67676,5.272579706136071
2024-11-06 16:30:00,-41.76297221666667,-37.42404605,-34.25182,7.511152606070965
2024-11-06 17:00:00,-17.2015454,-14.795468733333331,-15.840992,1.3605534261230474
2024-11-06 17:30:00,10.88725495,5.881834466666667,2.182888,-8.704366918994141
2024-11-06 18:00:00,28.29390718333333,21.23936995,17.259594,-11.034313219710285
2024-11-06 18:30:00,31.74070826666667,26.52936483333333,30.29263,-1.4480790247233095
2024-11-06 19:00:00,36.77271703333333,35.41104993333334,36.04591,-0.7268071517415322
2024-11-06 19:30:00,44.95582411666667,38.77154543333334,37.764034,-7.191789845426435
2024-11-06 20:00:00,47.27497781666667,42.4627571,40.939327,-6.335650576676436
2024-11-06 20:30:00,46.860185050000005,38.4984284,41.25842,-5.601766013134771
2024-11-06 21:00:00,40.36463555,34.039270183333336,38.107876,-2.2567597260253933
2024-11-06 21:30:00,36.24887261666667,32.76776938333333,38.348568,2.0996953459798178
2024-11-06 22:00:00,32.87194158333333,30.02036105,36.529842,3.657900793375653
2024-11-06 22:30:00,29.106708183333332,29.795429916666667,34.265057,5.15834842677409
2024-11-06 23:00:00,30.881056583333333,27.533341583333332,32.994976,2.113919460367839
2024-11-06 23:30:00,32.360596550000004,27.14719841666667,31.096722,-1.263874900830082
2024-11-07 00:00:00,31.81452433333333,25.70179455,27.47482,-4.339705149983722
2024-11-07 00:30:00,29.01046841666667,23.73966165,25.911465,-3.0990037255045593
2024-11-07 01:00:00,26.708359116666667,24.92962735,23.371502,-3.3368571940592453
2024-11-07 01:30:00,25.23235573333333,23.65863355,23.66766,-1.564695973811844
2024-11-07 02:00:00,26.002107833333337,22.8033555,24.263912,-1.7381956324056027
2024-11-07 02:30:00,26.381109316666667,23.258456683333332,25.688702,-0.6924076870279947
2024-11-07 03:00:00,27.353307366666662,21.800663633333333,28.52081,1.167501806917322
2024-11-07 03:30:00,27.389068866666666,22.475904383333333,29.244335,1.8552663078938814
2024-11-07 04:00:00,26.62698135,23.38150095,30.489956,3.862974552099608
2024-11-07 04:30:00,26.384508616666665,24.36344985,29.645916,3.261407368440757
2024-11-07 05:00:00,26.58187715,23.01442771666667,30.665768,4.083890519677734
2024-11-07 05:30:00,17.71660208333333,12.2840629,24.53616,6.819557432047528
2024-11-07 06:00:00,7.910499183333333,1.8676545500000004,13.92001,6.009510429703776
2024-11-07 06:30:00,-4.493472316666666,-13.8875461,-2.5582466,1.9352257041178378
2024-11-07 07:00:00,-28.5331485,-35.74322,-21.273548,7.259600373779296
2024-11-07 07:30:00,-35.3930933,-65.07332468333333,-44.182255,-8.789161491259769
2024-11-07 08:00:00,-51.8721761,-91.28071723333332,-69.509766,-17.637589525000003
2024-11-07 08:30:00,-71.68069946666667,-108.42241458333332,-95.81708,-24.136378170052083
2024-11-07 09:00:00,-94.74959708333334,-127.12675273333332,-115.373535,-20.62393807291666
2024-11-07 09:30:00,-94.7968261,-137.44377481666666,-128.79211,-33.995288157812496
2024-11-07 10:00:00,-120.57014495,-138.79124985,-140.90884,-20.338699044140625
2024-11-07 10:30:00,-116.76626548333331,-133.45657431666666,-149.87328,-33.107010273502624
2024-11-07 11:00:00,-122.65930188333334,-140.62762921666666,-153.7448,-31.085494869596346
2024-11-07 11:30:00,-132.0915066,-159.755464,-158.28778,-26.196274161718748
2024-11-07 12:00:00,-138.18702148333333,-169.28897768333334,-159.67865,-21.491628419010425
2024-11-07 12:30:00,-126.41023175,-177.39483278333333,-159.39523,-32.98500140429688
2024-11-07 13:00:00,-134.0931955,-172.2040239,-155.04347,-20.950276790039055
2024-11-07 13:30:00,-116.41910951666668,-131.14557336666667,-146.55179,-30.132678813411445
2024-11-07 14:00:00,-84.71928781666666,-111.47414458333331,-133.88751,-49.168224390364585
2024-11-07 14:30:00,-75.85487316666666,-101.05955306666664,-117.81932,-41.96444751204427
2024-11-07 15:00:00,-72.81129553333334,-80.76349108333334,-99.15189,-26.34059808238932
2024-11-07 15:30:00,-56.33023698333333,-71.98491225,-77.16409,-20.833856034244796
2024-11-07 16:00:00,-43.59548621666667,-61.94934133333334,-54.498127,-10.902640766975907
2024-11-07 16:30:00,-21.080363833333333,-41.76297221666667,-34.831455,-13.751091397379557
2024-11-07 17:00:00,0.7206323833333347,-17.2015454,-15.935001,-16.65563375662435
2024-11-07 17:30:00,20.61777795,10.88725495,2.3688774,-18.24890053911133
2024-11-07 18:00:00,27.29180235,28.29390718333333,14.522427,-12.769375744775392
2024-11-07 18:30:00,33.51914165,31.74070826666667,26.27583,-7.243312334814455
2024-11-07 19:00:00,38.73120156666667,36.77271703333333,34.39021,-4.340992368668623
2024-11-07 19:30:00,40.12510726666667,44.95582411666667,39.71046,-0.4146466038248704
2024-11-07 20:00:00,39.34636953333334,47.27497781666667,42.492382,3.1460125162272092
2024-11-07 20:30:00,43.2929306,46.860185050000005,41.192913,-2.1000175445800764
2024-11-07 21:00:00,44.54216625,40.36463555,38.74168,-5.800486104736329
2024-11-07 21:30:00,42.012807216666666,36.24887261666667,36.21925,-5.793557491324869
2024-11-07 22:00:00,36.180112666666666,32.87194158333333,35.606106,-0.5740068622233068
2024-11-07 22:30:00,32.80572933333333,29.106708183333332,35.54434,2.7386088929850274
2024-11-07 23:00:00,31.956575766666663,30.881056583333333,33.665813,1.7092376793782584
2024-11-07 23:30:00,31.303072216666667,32.360596550000004,30.7888,-0.5142729307779952
2024-11-08 00:00:00,29.270588416666666,31.81452433333333,27.104168,-2.166420478434244
2024-11-08 00:30:00,28.315991,29.01046841666667,24.078716,-4.2372747219238285
2024-11-08 01:00:00,24.69173883333333,26.708359116666667,21.693645,-2.9980933560384067
2024-11-08 01:30:00,22.885018733333336,25.23235573333333,20.731136,-2.1538824113118515
2024-11-08 02:00:00,22.98689498333333,26.002107833333337,23.139736,0.15284119220378045
2024-11-08 02:30:00,22.0877146,26.381109316666667,24.150158,2.062443328466795
2024-11-08 03:00:00,22.35602986666667,27.353307366666662,24.326809,1.970779062776689
2024-11-08 03:30:00,23.940636116666667,27.389068866666666,26.089245,2.14860872586263
2024-11-08 04:00:00,27.528137150000003,26.62698135,26.616756,-0.9113807107910183
2024-11-08 04:30:00,31.76939783333333,26.384508616666665,25.562435,-6.206962683186845
2024-11-08 05:00:00,27.97061413333333,26.58187715,24.132778,-3.837835965608722
2024-11-08 05:30:00,24.2092817,17.71660208333333,17.38203,-6.827251212939451
2024-11-08 06:00:00,11.420688816666669,7.910499183333333,6.316387,-5.104301640152997
2024-11-08 06:30:00,-7.345162883333334,-4.493472316666666,-8.6661415,-1.3209786266764318
2024-11-08 07:00:00,-38.34824831666666,-28.5331485,-29.939365,8.408882929703772
2024-11-08 07:30:00,-67.57397276666667,-35.3930933,-50.044254,17.529718463688155
2024-11-08 08:00:00,-82.6415089,-51.8721761,-72.51749,10.12402232773438
2024-11-08 08:30:00,-103.31065438333331,-71.68069946666667,-89.660645,13.650009852083315
2024-11-08 09:00:00,-112.79532841666666,-94.74959708333334,-106.390015,6.405313768229163
2024-11-08 09:30:00,-114.49905901666666,-94.7968261,-120.787186,-6.288126652278649
2024-11-08 10:00:00,-132.07378896666668,-120.57014495,-131.81137,0.2624181170573081
2024-11-08 10:30:00,-132.95708723333334,-116.76626548333331,-139.83937,-6.882283494205723
2024-11-08 11:00:00,-149.6444648,-122.65930188333334,-142.95276,6.691706010937509
2024-11-08 11:30:00,-170.43778788333336,-132.0915066,-145.15137,25.286420695833357
2024-11-08 12:00:00,-182.63735893333333,-138.18702148333333,-147.25919,35.378173142317706
2024-11-08 12:30:00,-159.84151145,-126.41023175,-146.92479,12.916722021289075
2024-11-08 13:00:00,-169.23431386666667,-134.0931955,-143.6535,25.580810448697918
2024-11-08 13:30:00,-173.1315189333333,-116.41910951666668,-137.81543,35.3160892458333
2024-11-08 14:00:00,-157.5895239,-84.71928781666666,-125.32343,32.26609097763671
2024-11-08 14:30:00,-144.5386661,-75.85487316666666,-110.39484,34.14382967421875
2024-11-08 15:00:00,-118.63889041666668,-72.81129553333334,-91.43214,27.206753881022152
2024-11-08 15:30:00,-93.22480123333332,-56.33023698333333,-69.71483,23.509972742122386
2024-11-08 16:00:00,-76.42593153333333,-43.59548621666667,-45.13898,31.28695066785481
2024-11-08 16:30:00,-45.95326433333333,-21.080363833333333,-24.716602,21.236662007893877
2024-11-08 17:00:00,-32.59314213333334,0.7206323833333347,-4.6936073,27.899534803011072
2024-11-08 17:30:00,-3.593641766666668,20.61777795,11.07922,14.672861584781902
2024-11-08 18:00:00,14.573460616666669,27.29180235,23.692974,9.119513473909503
2024-11-08 18:30:00,26.85211823333333,33.51914165,33.429043,6.576924582828781
2024-11-08 19:00:00,35.2753686,38.73120156666667,40.11764,4.842272848974609
2024-11-08 19:30:00,39.201487316666665,40.12510726666667,42.835674,3.6341869692220072
2024-11-08 20:00:00,43.354175733333335,39.34636953333334,44.830944,1.4767683279459618
2024-11-08 20:30:00,42.36665995,43.2929306,43.007336,0.6406757128417979
2024-11-08 21:00:00,42.229657716666665,44.54216625,38.673702,-3.5559554766764307
2024-11-08 21:30:00,38.45074673333333,42.012807216666666,35.731747,-2.719000059749348
2024-11-08 22:00:00,37.56743041666667,36.180112666666666,36.32507,-1.242360989176433
2024-11-08 22:30:00,35.09119233333333,32.80572933333333,35.7438,0.6526087836100274
2024-11-08 23:00:00,31.848849866666665,31.956575766666663,36.2525,4.403648760042319
2024-11-08 23:30:00,31.40490653333333,31.303072216666667,33.99333,2.58842156114909
2024-11-09 00:00:00,27.816472883333333,29.270588416666666,29.816036,1.9995633410319016
2024-11-09 00:30:00,25.40266765,28.315991,28.03468,2.6320117628417954
2024-11-09 01:00:00,23.58705388333333,24.69173883333333,26.214855,2.6278013107584677
2024-11-09 01:30:00,23.43927843333333,22.885018733333336,24.775433,1.3361541533365902
2024-11-09 02:00:00,22.54858223333333,22.98689498333333,24.05244,1.5038584099772159
2024-11-09 02:30:00,24.9941768,22.0877146,25.066082,0.07190520073242013
2024-11-09 03:00:00,24.94003775,22.35602986666667,26.015865,1.075827575927736
2024-11-09 03:30:00,23.15620158333333,23.940636116666667,27.891796,4.735594528727216
2024-11-09 04:00:00,23.775106466666667,27.528137150000003,27.305447,3.530340158089192
2024-11-09 04:30:00,28.0412019,31.76939783333333,25.827236,-2.2139657244628914
2024-11-09 05:00:00,31.788680933333332,27.97061413333333,22.83537,-8.95331182322591
2024-11-09 05:30:00,18.6193392,24.2092817,18.535488,-0.0838510713378895
2024-11-09 06:00:00,1.852250066666666,11.420688816666669,7.038891,5.186640771956381
2024-11-09 06:30:00,-8.1739199,-7.345162883333334,-10.064274,-1.890353934228516
2024-11-09 07:00:00,-41.00732713333333,-38.34824831666666,-29.709782,11.297545486604811
2024-11-09 07:30:00,-55.4494911,-67.57397276666667,-51.027576,4.4219146534668
2024-11-09 08:00:00,-68.26405056666667,-82.6415089,-72.25211,-3.988062775618488
2024-11-09 08:30:00,-87.3480655,-103.31065438333331,-91.81507,-4.467005605957027
2024-11-09 09:00:00,-109.23330645,-112.79532841666666,-108.740524,0.4927821580078131
2024-11-09 09:30:00,-118.51377848333334,-114.49905901666666,-120.28929,-1.7755128985025976
2024-11-09 10:00:00,-109.75474493333331,-132.07378896666668,-128.09546,-18.340714051041687
2024-11-09 10:30:00,-108.68367545,-132.95708723333334,-138.2457,-29.56202157148438
2024-11-09 11:00:00,-119.23868606666667,-149.6444648,-142.03287,-22.79418136497395
2024-11-09 11:30:00,-127.53214656666668,-170.43778788333336,-147.43121,-19.899066812239568
2024-11-09 12:00:00,-143.61820835,-182.63735893333333,-151.59723,-7.979020653906247
2024-11-09 12:30:00,-165.93142003333332,-159.84151145,-153.5597,12.371727650520825
2024-11-09 13:00:00,-158.17115791666666,-169.23431386666667,-149.49887,8.672287067057283
2024-11-09 13:30:00,-140.98923773333334,-173.1315189333333,-145.55655,-4.567311338932285
2024-11-09 14:00:00,-123.08271738333332,-157.5895239,-135.67535,-12.592636620572932
2024-11-09 14:30:00,-100.94312646666668,-144.5386661,-122.21522,-21.272091123665348
2024-11-09 15:00:00,-86.67300505000001,-118.63889041666668,-102.54675,-15.873747879687485
2024-11-09 15:30:00,-72.07038063333333,-93.22480123333332,-81.75702,-9.686638409635421
2024-11-09 16:00:00,-54.0108016,-76.42593153333333,-57.603016,-3.5922142996582025
2024-11-09 16:30:00,-32.10016686666667,-45.95326433333333,-34.192936,-2.0927690769368468
2024-11-09 17:00:00,-14.942651066666668,-32.59314213333334,-15.085972,-0.1433207656087223
2024-11-09 17:30:00,1.8486518666666676,-3.593641766666668,4.3293724,2.480720539339192
2024-11-09 18:00:00,17.346980516666665,14.573460616666669,19.076641,1.7296605660970066
2024-11-09 18:30:00,37.43619493333333,26.85211823333333,27.872723,-9.563472307600911
2024-11-09 19:00:00,40.435749566666665,35.2753686,35.369396,-5.066353356949868
2024-11-09 19:30:00,44.37314846666666,39.201487316666665,40.05447,-4.318678404410804
2024-11-09 20:00:00,44.07745933333333,43.354175733333335,39.340954,-4.736505506429033
2024-11-09 20:30:00,47.28058871666667,42.36665995,38.983837,-8.296751588981124
2024-11-09 21:00:00,44.7519196,42.229657716666665,38.89462,-5.857300611962891
2024-11-09 21:30:00,39.82088983333333,38.45074673333333,37.904858,-1.9160321978352854
2024-11-09 22:00:00,43.243721066666666,37.56743041666667,37.31735,-5.9263725864420564
2024-11-09 22:30:00,35.20279226666667,35.09119233333333,35.706295,0.5035027467610647
2024-11-09 23:00:00,29.41084833333333,31.848849866666665,36.686,7.275152490641279
2024-11-09 23:30:00,30.12368453333333,31.40490653333333,32.895123,2.7714379947428434
2024-11-10 00:00:00,28.734199666666665,27.816472883333333,30.448498,1.7142981055501316
2024-11-10 00:30:00,25.537741666666665,25.40266765,26.894695,1.3569536153157564
2024-11-10 01:00:00,26.003347700000003,23.58705388333333,24.917507,-1.0858405283691432
2024-11-10 01:30:00,24.7401851,23.43927843333333,21.391155,-3.3490298570800796
2024-11-10 02:00:00,24.3338994,22.54858223333333,20.865429,-3.468470475439453
2024-11-10 02:30:00,25.30398975,24.9941768,22.834667,-2.4693225441894526
2024-11-10 03:00:00,25.200584383333336,24.94003775,26.55682,1.3562355324381485
2024-11-10 03:30:00,24.116742,23.15620158333333,27.068508,2.951766148193361
2024-11-10 04:00:00,28.517574366666665,23.775106466666667,30.15878,1.6412047776204446
2024-11-10 04:30:00,30.533856266666664,28.0412019,27.960644,-2.573212498356117
2024-11-10 05:00:00,26.7992316,31.788680933333332,23.858624,-2.940608095361327
2024-11-10 05:30:00,20.80800453333333,18.6193392,19.973278,-0.8347264876790348
2024-11-10 06:00:00,2.83652375,1.852250066666666,8.094784,5.258260032958985
2024-11-10 06:30:00,-23.486954366666662,-8.1739199,-8.302982,15.183972036344397
2024-11-10 07:00:00,-51.32065791666667,-41.00732713333333,-27.164982,24.155676074625653
2024-11-10 07:30:00,-72.84661771666667,-55.4494911,-50.686802,22.15981580626628
2024-11-10 08:00:00,-91.69014435,-68.26405056666667,-75.0405,16.649647523828122
2024-11-10 08:30:00,-113.86592843333334,-87.3480655,-95.69533,18.170600674544275
2024-11-10 09:00:00,-130.26576338333334,-109.23330645,-110.993774,19.271988969270836
2024-11-10 09:30:00,-145.63517218333334,-118.51377848333334,-121.47877,24.156404788313807
2024-11-10 10:00:00,-169.75241954999998,-109.75474493333331,-129.94598,39.806435663281235
2024-11-10 10:30:00,-168.57169566666667,-108.68367545,-134.18376,34.38793406998698
2024-11-10 11:00:00,-174.28944725,-119.23868606666667,-138.83173,35.457721175781245
2024-11-10 11:30:00,-180.2226655,-127.53214656666668,-141.88498,38.33768625195313
2024-11-10 12:00:00,-186.64651433333333,-143.61820835,-143.95364,42.692870534505204
2024-11-10 12:30:00,-182.9679622333333,-165.93142003333332,-145.04196,37.926000563411435
2024-11-10 13:00:00,-182.27833665,-158.17115791666666,-141.63019,40.64814866171875
2024-11-10 13:30:00,-164.73540265,-140.98923773333334,-137.18924,27.546163148046872
2024-11-10 14:00:00,-155.61006223333334,-123.08271738333332,-128.1758,27.434265724544275
2024-11-10 14:30:00,-136.0874191,-100.94312646666668,-115.86683,20.220590181542974
2024-11-10 15:00:00,-122.34674118333334,-86.67300505000001,-96.52608,25.820663912825523
2024-11-10 15:30:00,-94.79084886666668,-72.07038063333333,-76.24144,18.54940904733074
2024-11-10 16:00:00,-74.49959181666667,-54.0108016,-54.061237,20.438354481461587
2024-11-10 16:30:00,-44.01595035,-32.10016686666667,-31.02489,12.991059450341794
2024-11-10 17:00:00,-20.767359316666667,-14.942651066666668,-13.174854,7.592505038102214
2024-11-10 17:30:00,2.085871516666667,1.8486518666666676,3.8848076,1.798936070003255
2024-11-10 18:00:00,16.289246133333332,17.346980516666665,18.339657,2.050410696500652
2024-11-10 18:30:00,28.56650673333333,37.43619493333333,29.602001,1.0354944568522164
2024-11-10 19:00:00,40.55128268333333,40.435749566666665,36.67471,-3.876573363264974
2024-11-10 19:30:00,41.85719173333333,44.37314846666666,42.54005,0.6828587732584666
2024-11-10 20:00:00,47.12899438333333,44.07745933333333,46.282345,-0.8466495652180939
2024-11-10 20:30:00,41.55121341666666,47.28058871666667,46.295742,4.744528618245447
2024-11-10 21:00:00,38.8595249,44.7519196,43.565456,4.705931490380863
2024-11-10 21:30:00,43.76004076666667,39.82088983333333,41.322292,-2.4377484387858104
2024-11-10 22:00:00,39.24505963333333,43.243721066666666,41.012493,1.7674335002115953
2024-11-10 22:30:00,37.19269826666667,35.20279226666667,38.066097,0.8733989928548169
2024-11-10 23:00:00,29.122276166666666,29.41084833333333,35.483196,6.360920091878256
2024-11-10 23:30:00,29.61317836666667,30.12368453333333,29.729397,0.11621845340168946
2024-11-11 00:00:00,27.69115555,28.734199666666665,29.143581,1.452425840380858
2024-11-11 00:30:00,25.362334583333336,25.537741666666665,24.514843,-0.8474915962727891
2024-11-11 01:00:00,24.52395005,26.003347700000003,23.618954,-0.9049963451660155
2024-11-11 01:30:00,27.05982315,24.7401851,22.234585,-4.82523834165039
2024-11-11 02:00:00,28.44102115,24.3338994,21.249218,-7.191803162939454
2024-11-11 02:30:00,28.974144966666668,25.30398975,22.756466,-6.217679054801433
2024-11-11 03:00:00,25.7020856,25.200584383333336,25.88319,0.18110455502929668
2024-11-11 03:30:00,25.54316563333333,24.116742,26.821285,1.2781196144694036
2024-11-11 04:00:00,32.66434385,28.517574366666665,27.714108,-4.950236336572267
2024-11-11 04:30:00,37.20385605,30.533856266666664,25.850445,-11.353411256298827
2024-11-11 05:00:00,31.8557054,26.7992316,21.353146,-10.502559800634767
2024-11-11 05:30:00,21.73790775,20.80800453333333,17.025784,-4.712124211181642
2024-11-11 06:00:00,7.502554566666666,2.83652375,3.1783714,-4.324183137223307
2024-11-11 06:30:00,-5.578205266666667,-23.486954366666662,-12.87653,-7.298324426936849
2024-11-11 07:00:00,-18.134874466666663,-51.32065791666667,-33.17116,-15.036287184944666
2024-11-11 07:30:00,-35.85241263333333,-72.84661771666667,-55.33124,-19.478828974332686
2024-11-11 08:00:00,-55.99478756666667,-91.69014435,-77.197205,-21.202417023177077
2024-11-11 08:30:00,-77.62766671666667,-113.86592843333334,-95.31407,-17.68640493860677
2024-11-11 09:00:00,-100.60605555,-130.26576338333334,-112.52679,-11.920731254199225
2024-11-11 09:30:00,-112.38559678333333,-145.63517218333334,-125.112495,-12.726898639029955
2024-11-11 10:00:00,-131.69659238333332,-169.75241954999998,-134.87024,-3.173646874479175
2024-11-11 10:30:00,-134.69637093333333,-168.57169566666667,-142.81015,-8.113779213151048
2024-11-11 11:00:00,-125.7349721,-174.28944725,-151.17711,-25.442136664648444
2024-11-11 11:30:00,-126.283221,-180.2226655,-154.30807,-28.024853951171877
2024-11-11 12:00:00,-128.7000254666667,-186.64651433333333,-158.60495,-29.904924484505187
2024-11-11 12:30:00,-123.8875228,-182.9679622333333,-160.84935,-36.96182717558594
2024-11-11 13:00:00,-122.6965179,-182.27833665,-157.02646,-34.32994084023437
2024-11-11 13:30:00,-116.17142048333334,-164.73540265,-148.07596,-31.90453776861979
2024-11-11 14:00:00,-106.6684627,-155.61006223333334,-135.71587,-29.04740338886718
2024-11-11 14:30:00,-85.49818318333332,-136.0874191,-122.06279,-36.56460673365886
2024-11-11 15:00:00,-68.70092823333333,-122.34674118333334,-104.27693,-35.576003529361984
2024-11-11 15:30:00,-44.21207956666667,-94.79084886666668,-83.02003,-38.807947593977865
2024-11-11 16:00:00,-28.469637516666666,-74.49959181666667,-61.515644,-33.04600655681966
2024-11-11 16:30:00,-9.48101625,-44.01595035,-38.71683,-29.23581495727539
2024-11-11 17:00:00,3.5832094333333337,-20.767359316666667,-17.775867,-21.359076895491537
2024-11-11 17:30:00,20.01863945,2.085871516666667,-1.3235054,-21.342144851611327
2024-11-11 18:00:00,28.246018216666663,16.289246133333332,11.646435,-16.599583432731116
2024-11-11 18:30:00,34.1516883,28.56650673333333,23.158627,-10.99306174360352
2024-11-11 19:00:00,38.33997966666667,40.55128268333333,33.29971,-5.040270346598312
2024-11-11 19:30:00,36.86375775,41.85719173333333,39.498043,2.6342853103027366
2024-11-11 20:00:00,39.28818616666667,47.12899438333333,44.39192,5.1037320157063775
2024-11-11 20:30:00,40.34815215,41.55121341666666,44.005352,3.6571998702636748
2024-11-11 21:00:00,38.60010015,38.8595249,41.61955,3.019448647607419
2024-11-11 21:30:00,40.94541541666667,43.76004076666667,40.77496,-0.17045585245768535
2024-11-11 22:00:00,39.753328966666665,39.24505963333333,39.935375,0.18204624695638216
2024-11-11 22:30:00,39.0823744,37.19269826666667,36.88815,-2.1942251385253897
2024-11-11 23:00:00,35.73824116666667,29.122276166666666,34.615017,-1.123224229410809
2024-11-11 23:30:00,33.977118966666666,29.61317836666667,31.523205,-2.453914163199869
2024-11-12 00:00:00,30.003842916666667,27.69115555,30.986828,0.9829849336751302
2024-11-12 00:30:00,27.76110518333333,25.362334583333336,28.72491,0.963805552750653
2024-11-12 01:00:00,27.119193433333333,24.52395005,25.717937,-1.401255963850911
2024-11-12 01:30:00,26.5851944,27.05982315,25.545834,-1.0393608123535145
2024-11-12 02:00:00,25.61993495,28.44102115,24.22668,-1.3932541943847667
2024-11-12 02:30:00,25.25749113333333,28.974144966666668,23.070553,-2.186938307405594
2024-11-12 03:00:00,25.79136498333333,25.7020856,24.480846,-1.310518578304034
2024-11-12 03:30:00,26.95811008333333,25.54316563333333,27.7998,0.8416907894694035
2024-11-12 04:00:00,24.2293449,32.66434385,27.866085,3.6367401524902334
2024-11-12 04:30:00,25.6316317,37.20385605,26.657833,1.0262013993652346
2024-11-12 05:00:00,24.323825350000003,31.8557054,22.50755,-1.8162760641113316
2024-11-12 05:30:00,21.97705928333333,21.73790775,13.445187,-8.531872668343095
2024-11-12 06:00:00,18.20595846666667,7.502554566666666,0.684597,-17.52136145128581
2024-11-12 06:30:00,-1.074544366666666,-5.578205266666667,-16.30515,-15.230604711702474
2024-11-12 07:00:00,-14.645133199999998,-18.134874466666663,-35.2988,-20.653668222119144
2024-11-12 07:30:00,-37.901211583333335,-35.85241263333333,-54.51473,-16.613516962809243
2024-11-12 08:00:00,-62.0229429,-55.99478756666667,-73.09337,-11.07042563027344
2024-11-12 08:30:00,-87.08209035,-77.62766671666667,-92.30919,-5.227098492773436
2024-11-12 09:00:00,-110.3981916,-100.60605555,-108.83858,1.5596143294921916
2024-11-12 09:30:00,-128.49775951666666,-112.38559678333333,-121.95401,6.543749506901037
2024-11-12 10:00:00,-138.30944163333334,-131.69659238333332,-134.52966,3.7797785473958356
2024-11-12 10:30:00,-128.11145431666668,-134.69637093333333,-142.80687,-14.695415190169257
2024-11-12 11:00:00,-125.9330101,-125.7349721,-148.14929,-22.216281892187496
2024-11-12 11:30:00,-137.06674828333334,-126.283221,-151.62318,-14.556435920768223
2024-11-12 12:00:00,-140.41718104999998,-128.7000254666667,-153.81311,-13.395929301562518
2024-11-12 12:30:00,-148.66476951666667,-123.8875228,-151.81076,-3.1459909813802085
2024-11-12 13:00:00,-135.78796495,-122.6965179,-146.91014,-11.122176041210935
2024-11-12 13:30:00,-124.65400328333334,-116.17142048333334,-139.21909,-14.565082410026037
2024-11-12 14:00:00,-106.66277388333332,-106.6684627,-126.57494,-19.912169659147153
2024-11-12 14:30:00,-97.01709376666668,-85.49818318333332,-108.77362,-11.756526838802074
2024-11-12 15:00:00,-69.92067095,-68.70092823333333,-91.5769,-21.656225717480467
2024-11-12 15:30:00,-51.8891583,-44.21207956666667,-69.83722,-17.94806093828125
2024-11-12 16:00:00,-38.24304321666667,-28.469637516666666,-46.147602,-7.904558864632158
2024-11-12 16:30:00,-18.23928725,-9.48101625,-25.825962,-7.58667481665039
2024-11-12 17:00:00,-4.339767283333333,3.5832094333333337,-8.206699,-3.8669320880045577
2024-11-12 17:30:00,10.140421833333331,20.01863945,10.301876,0.16145423478190324
2024-11-12 18:00:00,24.7165543,28.246018216666663,20.579082,-4.137471810986327
2024-11-12 18:30:00,33.921367616666664,34.1516883,29.959423,-3.9619445514811176
2024-11-12 19:00:00,39.73136193333333,38.33997966666667,37.551556,-2.1798062997884102
2024-11-12 19:30:00,41.538147183333336,36.86375775,43.35078,1.8126333037272104
2024-11-12 20:00:00,41.02397488333333,39.28818616666667,45.39178,4.3678059699381535
2024-11-12 20:30:00,41.93316491666666,40.34815215,45.277462,3.344297088948572
2024-11-12 21:00:00,44.85765655,38.60010015,43.716534,-1.1411228891113296
2024-11-12 21:30:00,44.42523463333333,40.94541541666667,40.37721,-4.048025923616535
2024-11-12 22:00:00,44.857272783333336,39.753328966666665,37.824596,-7.032676378304039
2024-11-12 22:30:00,37.08672553333333,39.0823744,35.261913,-1.8248122337727821
2024-11-12 23:00:00,36.31555935,35.73824116666667,34.237774,-2.077785454736329
2024-11-12 23:30:00,40.53646043333333,33.977118966666666,30.87408,-9.662379775374347
2024-11-13 00:00:00,34.995959416666665,30.003842916666667,29.756054,-5.239905492106118
2024-11-13 00:30:00,32.9621955,27.76110518333333,28.60635,-4.355845554931641
2024-11-13 01:00:00,33.014618250000005,27.119193433333333,25.920467,-7.094150873291021
2024-11-13 01:30:00,30.546976666666662,26.5851944,22.922375,-7.624601941324865
2024-11-13 02:00:00,29.036317883333336,25.61993495,24.580685,-4.455633221468101
2024-11-13 02:30:00,29.48433221666667,25.25749113333333,26.216076,-3.268256319449872
2024-11-13 03:00:00,29.086043683333333,25.79136498333333,27.590511,-1.4955323613118487
2024-11-13 03:30:00,29.6209284,26.95811008333333,29.422009,-0.1989198855957035
2024-11-13 04:00:00,30.0491399,24.2293449,28.64671,-1.4024304578613283
2024-11-13 04:30:00,31.0622778,25.6316317,25.019161,-6.043116575634766
2024-11-13 05:00:00,27.89669325,24.323825350000003,20.725887,-7.170805951416014
2024-11-13 05:30:00,20.23322095,21.97705928333333,13.04504,-7.188180819384765
2024-11-13 06:00:00,15.869754966666669,18.20595846666667,1.9286613,-13.941093620231122
2024-11-13 06:30:00,-0.078915033333333,-1.074544366666666,-13.670307,-13.591392126090495
2024-11-13 07:00:00,-21.45941605,-14.645133199999998,-30.819279,-9.359862667041014
2024-11-13 07:30:00,-36.96836273333333,-37.901211583333335,-50.517902,-13.549539640934249
2024-11-13 08:00:00,-44.823346566666665,-62.0229429,-71.973625,-27.150278616438804
2024-11-13 08:30:00,-51.13528901666667,-87.08209035,-90.58937,-39.454081710872394
2024-11-13 09:00:00,-52.92450721666666,-110.3981916,-106.34155,-53.41704551770834
2024-11-13 09:30:00,-81.52944688333334,-128.49775951666666,-117.43513,-35.905680374967446
2024-11-13 10:00:00,-110.56621703333332,-138.30944163333334,-127.624825,-17.058607490592465
2024-11-13 10:30:00,-97.147526,-128.11145431666668,-136.12286,-38.97533776953125
2024-11-13 11:00:00,-119.6328537,-125.9330101,-142.01675,-22.383900450390627
2024-11-13 11:30:00,-125.8407626,-137.06674828333334,-145.7272,-19.88644076914062
2024-11-13 12:00:00,-195.74437865,-140.41718104999998,-148.70636,47.03801878671874
2024-11-13 12:30:00,-140.18384619999998,-148.66476951666667,-146.44034,-6.2564919347656485
2024-11-13 13:00:00,-139.39326731666668,-135.78796495,-141.28868,-1.8954137136067573
2024-11-13 13:30:00,-136.14728995,-124.65400328333334,-132.56586,3.581433016406237
2024-11-13 14:00:00,-138.93520226666666,-106.66277388333332,-122.24588,16.68932213971354
2024-11-13 14:30:00,-120.24800283333332,-97.01709376666668,-107.09944,13.148561305013004
2024-11-13 15:00:00,-100.86979101666668,-69.92067095,-88.275925,12.593866334049494
2024-11-13 15:30:00,-72.88755163333333,-51.8891583,-66.27231,6.615243283723956
2024-11-13 16:00:00,-61.491490383333336,-38.24304321666667,-42.269962,19.22152807254232
2024-11-13 16:30:00,-49.64165043333333,-18.23928725,-20.361897,29.279753918440754
2024-11-13 17:00:00,-24.062490033333333,-4.339767283333333,-4.0973244,19.965165661995442
2024-11-13 17:30:00,15.510927116666666,10.140421833333331,10.279278,-5.231649315152994
2024-11-13 18:00:00,24.34578605,24.7165543,21.2886,-3.0571851283691416
2024-11-13 18:30:00,35.39969525,33.921367616666664,30.175365,-5.224329802001954
2024-11-13 19:00:00,35.09951758333333,39.73136193333333,36.482815,1.3832972054850288
2024-11-13 19:30:00,37.01754428333333,41.538147183333336,39.540966,2.5234217506022176
2024-11-13 20:00:00,43.776160616666665,41.02397488333333,40.89213,-2.8840288112467434
2024-11-13 20:30:00,43.567578700000006,41.93316491666666,42.478283,-1.0892957715332088
2024-11-13 21:00:00,36.12701996666667,44.85765655,40.79153,4.664510642464187
2024-11-13 21:30:00,34.7076528,44.42523463333333,40.492504,5.784851319873049
2024-11-13 22:00:00,34.903452816666665,44.857272783333336,39.00552,4.102067050276695
2024-11-13 22:30:00,29.716205416666668,37.08672553333333,36.798733,7.082527340901692
2024-11-13 23:00:00,33.04915365,36.31555935,34.58154,1.5323855040527334
2024-11-13 23:30:00,34.40041501666666,40.53646043333333,33.22851,-1.171903206363929
2024-11-14 00:00:00,30.433727216666668,34.995959416666665,30.094357,-0.33937067980143354
2024-11-14 00:30:00,27.07787995,32.9621955,28.337444,1.259564355419922
2024-11-14 01:00:00,28.0120321,33.014618250000005,27.892467,-0.11956460122070212
2024-11-14 01:30:00,25.19078185,30.546976666666662,28.236965,3.046183329443359
2024-11-14 02:00:00,23.857925016666663,29.036317883333336,27.460293,3.602367799495447
2024-11-14 02:30:00,24.54223748333333,29.48433221666667,28.475094,3.9328563582194036
2024-11-14 03:00:00,24.7172393,29.086043683333333,30.182873,5.465633472216798
2024-11-14 03:30:00,26.027035766666668,29.6209284,30.153164,4.126128143245442
2024-11-14 04:00:00,23.7581517,30.0491399,28.813747,5.05559570600586
2024-11-14 04:30:00,25.190005,31.0622778,25.790203,0.6001980944824226
2024-11-14 05:00:00,30.67081941666667,27.89669325,24.698513,-5.972306385660811
2024-11-14 05:30:00,21.35046495,20.23322095,18.673016,-2.6774493555175773
2024-11-14 06:00:00,16.754153883333334,15.869754966666669,8.008205,-8.745948469514975
2024-11-14 06:30:00,-5.8462258,-0.078915033333333,-7.5886116,-1.742385802783203
2024-11-14 07:00:00,-26.90524926666667,-21.45941605,-25.663486,1.241762785953778
2024-11-14 07:30:00,-38.95695823333333,-36.96836273333333,-47.64774,-8.690781177067059
2024-11-14 08:00:00,-52.6622752,-44.823346566666665,-67.22058,-14.558305854687497
2024-11-14 08:30:00,-78.48246965,-51.13528901666667,-83.758896,-5.276426224023439
2024-11-14 09:00:00,-91.32480778333333,-52.92450721666666,-98.37848,-7.053671220572923
2024-11-14 09:30:00,-97.36410386666668,-81.52944688333334,-109.373024,-12.008920120149725
2024-11-14 10:00:00,-119.55228003333332,-110.56621703333332,-119.02394,0.5283389932942555
2024-11-14 10:30:00,-130.33412703333332,-97.147526,-127.94549,2.3886390572590983
2024-11-14 11:00:00,-143.15361995,-119.6328537,-134.70311,8.450510208789069
2024-11-14 11:30:00,-175.51197011666667,-125.8407626,-136.53418,38.977790429166674
2024-11-14 12:00:00,-184.9197496,-195.74437865,-143.31525,41.60450301796874
2024-11-14 12:30:00,-173.352399,-140.18384619999998,-141.31892,32.03347504980468
2024-11-14 13:00:00,-161.37406926666665,-139.39326731666668,-138.91272,22.461349540104152
2024-11-14 13:30:00,-157.83249541666666,-136.14728995,-129.42474,28.40775176432291
2024-11-14 14:00:00,-159.9272627,-138.93520226666666,-121.51118,38.41608563701172
2024-11-14 14:30:00,-137.65153383333333,-120.24800283333332,-105.01917,32.6323611648763
2024-11-14 15:00:00,-118.18952663333332,-100.86979101666668,-88.3692,29.820324973177065
2024-11-14 15:30:00,-92.23022163333331,-72.88755163333333,-67.5726,24.65762031497394
2024-11-14 16:00:00,-74.9524038,-61.491490383333336,-46.743214,28.209190146435546
2024-11-14 16:30:00,-51.76334936666667,-49.64165043333333,-26.335667,25.427682710172526
2024-11-14 17:00:00,-24.127209983333334,-24.062490033333333,-7.9353523,16.19185765789388
2024-11-14 17:30:00,1.1474547833333328,15.510927116666666,6.4206963,5.273241475211589
2024-11-14 18:00:00,23.20739228333333,24.34578605,18.342175,-4.865217753304034
2024-11-14 18:30:00,26.6074062,35.39969525,27.964336,1.356930195263672
2024-11-14 19:00:00,33.490596116666666,35.09951758333333,37.149563,3.6589667190266937
2024-11-14 19:30:00,43.45714783333333,37.01754428333333,42.214687,-1.242460485921221
2024-11-14 20:00:00,44.166835033333335,43.776160616666665,45.22546,1.0586250191568993
2024-11-14 20:30:00,36.6302285,43.567578700000006,45.65971,9.02948143041992
2024-11-14 21:00:00,39.66855901666667,36.12701996666667,45.29736,5.628800449886064
2024-11-14 21:30:00,41.35073131666667,34.7076528,44.39526,3.0445285405110667
2024-11-14 22:00:00,36.60653238333334,34.903452816666665,40.468594,3.8620612140787713
2024-11-14 22:30:00,32.08491515,29.716205416666668,37.179607,5.094692241357421
2024-11-14 23:00:00,36.82024963333333,33.04915365,33.117886,-3.7023640437337235
2024-11-14 23:30:00,33.83758395,34.40041501666666,31.098064,-2.7395195273925808
2024-11-15 00:00:00,26.915765366666665,30.433727216666668,27.645016,0.729250349886069
2024-11-15 00:30:00,23.87369285,27.07787995,25.831951,1.9582582913574207
2024-11-15 01:00:00,24.714880616666665,28.0120321,25.339321,0.6244405198079441
2024-11-15 01:30:00,23.053714566666667,25.19078185,26.288876,3.2351610131673176
2024-11-15 02:00:00,23.92243723333333,23.857925016666663,24.89761,0.9751724773600294
2024-11-15 02:30:00,25.290930433333333,24.54223748333333,27.68359,2.3926595019694012
2024-11-15 03:00:00,22.953684816666662,24.7172393,28.692043,5.738358487776697
2024-11-15 03:30:00,22.180862016666666,26.027035766666668,29.866497,7.685635023128256
2024-11-15 04:00:00,23.861799,23.7581517,30.974895,7.113096477294921
2024-11-15 04:30:00,24.311128366666665,25.190005,30.378918,6.067789327425132
2024-11-15 05:00:00,31.257623266666663,30.67081941666667,25.66151,-5.596112799137366
2024-11-15 05:30:00,23.689443283333333,21.35046495,19.784328,-3.9051148226399732
2024-11-15 06:00:00,13.699391033333333,16.754153883333334,7.268093,-6.4312979242024735
2024-11-15 06:30:00,0.2927474666666665,-5.8462258,-6.598484,-6.891231505973307
2024-11-15 07:00:00,-30.91812061666667,-26.90524926666667,-23.770847,7.147273296110029
2024-11-15 07:30:00,-49.11401055,-38.95695823333333,-42.825474,6.288536764599613
2024-11-15 08:00:00,-67.52987833333333,-52.6622752,-63.38448,4.145398810628251
2024-11-15 08:30:00,-85.55278056666667,-78.48246965,-80.8951,4.657677112076826
2024-11-15 09:00:00,-99.47582331666666,-91.32480778333333,-95.564,3.9118203259440065
2024-11-15 09:30:00,-116.00280823333333,-97.36410386666668,-108.51535,7.487457891536451
2024-11-15 10:00:00,-131.65038371666665,-119.55228003333332,-119.73083,11.919556385123684
2024-11-15 10:30:00,-143.26564938333334,-130.33412703333332,-129.68413,13.581521575716152
2024-11-15 11:00:00,-145.38054506666666,-143.15361995,-134.90453,10.476019309830718
2024-11-15 11:30:00,-147.90595058333335,-175.51197011666667,-140.74884,7.1571102513021
2024-11-15 12:00:00,-153.80665615,-184.9197496,-144.38467,9.421982077734384
2024-11-15 12:30:00,-152.84738315,-173.352399,-146.90884,5.938539155859388
2024-11-15 13:00:00,-149.04000463333333,-161.37406926666665,-143.41476,5.62524022903645
2024-11-15 13:30:00,-133.26777865,-157.83249541666666,-137.25328,-3.9855019896484407
2024-11-15 14:00:00,-120.06151785,-159.9272627,-129.24896,-9.187444552343749
2024-11-15 14:30:00,-111.09525335,-137.65153383333333,-114.551735,-3.4564815743164132
2024-11-15 15:00:00,-97.62831188333332,-118.18952663333332,-95.66823,1.9600837339192623
2024-11-15 15:30:00,-88.97183226666668,-92.23022163333331,-77.275925,11.695907584049493
2024-11-15 16:00:00,-71.78489503333334,-74.9524038,-54.074482,17.710413069222014
2024-11-15 16:30:00,-43.04277116666666,-51.76334936666667,-32.663715,10.379055804117833
2024-11-15 17:00:00,-17.54426116666667,-24.127209983333334,-15.546818,1.997443387125653
2024-11-15 17:30:00,-2.41304845,1.1474547833333328,1.033062,3.4461104312011717
2024-11-15 18:00:00,10.481381033333331,23.20739228333333,17.725338,7.243956948844403
2024-11-15 18:30:00,25.0209481,26.6074062,29.794918,4.773969960302736
2024-11-15 19:00:00,27.59339875,33.490596116666666,37.11456,9.521160423583986
2024-11-15 19:30:00,34.196525650000005,43.45714783333333,43.300488,9.103961868310542
2024-11-15 20:00:00,36.95013825,44.166835033333335,44.556347,7.606208643310545
2024-11-15 20:30:00,36.24319951666666,36.6302285,44.97923,8.736029456722015
2024-11-15 21:00:00,39.10744225,39.66855901666667,43.978817,4.871374736083986
2024-11-15 21:30:00,35.8639022,41.35073131666667,41.439907,5.576004873974611
2024-11-15 22:00:00,31.10264833333333,36.60653238333334,39.18394,8.08129255411784
2024-11-15 22:30:00,30.98980555,32.08491515,39.064587,8.074781089404297
2024-11-15 23:00:00,36.12893508333334,36.82024963333333,37.92358,1.7946450863443957
2024-11-15 23:30:00,38.848807283333336,33.83758395,32.95512,-5.893687196663414
2024-11-16 00:00:00,36.06877048333333,26.915765366666665,30.233608,-5.835162237483722
2024-11-16 00:30:00,32.40302726666666,23.87369285,26.578732,-5.8242957298014275
2024-11-16 01:00:00,31.27973278333333,24.714880616666665,25.77621,-5.5035219984212205
2024-11-16 01:30:00,33.64900958333333,23.053714566666667,24.422878,-9.226131317952472
2024-11-16 02:00:00,33.06669158333333,23.92243723333333,24.25378,-8.812911218343096
2024-11-16 02:30:00,31.77397833333333,25.290930433333333,26.94926,-4.824717621663407
2024-11-16 03:00:00,34.420435999999995,22.953684816666662,31.73161,-2.6888266555175733
2024-11-16 03:30:00,30.859209916666668,22.180862016666666,31.698742,0.8395319961751291
2024-11-16 04:00:00,28.60534545,23.861799,31.843609,3.2382634062011704
2024-11-16 04:30:00,30.345796683333333,24.311128366666665,28.163692,-2.1821042089680986
2024-11-16 05:00:00,28.12536188333333,31.257623266666663,24.984798,-3.1405634519368455
2024-11-16 05:30:00,20.646811683333333,23.689443283333333,18.306622,-2.3401901318196607
2024-11-16 06:00:00,6.07901935,13.699391033333333,9.253384,3.174364286474609
2024-11-16 06:30:00,-14.03007215,0.2927474666666665,-5.8097878,8.22028439975586
2024-11-16 07:00:00,-38.78933251666667,-30.91812061666667,-21.827518,16.961814053531903
2024-11-16 07:30:00,-67.03834021666667,-49.11401055,-40.91521,26.123129492789715
2024-11-16 08:00:00,-91.10909598333336,-67.52987833333333,-60.836643,30.27245276433922
2024-11-16 08:30:00,-113.81718216666668,-85.55278056666667,-84.83491,28.9822746349284
2024-11-16 09:00:00,-128.3672038,-99.47582331666666,-102.22771,26.13949689082031
2024-11-16 09:30:00,-133.08340345,-116.00280823333333,-117.9387,15.144705635058585
2024-11-16 10:00:00,-138.63873603333334,-131.65038371666665,-130.34732,8.29141547669272
2024-11-16 10:30:00,-141.02964178333335,-143.26564938333334,-140.00764,1.021997130013034
2024-11-16 11:00:00,-126.3013482,-145.38054506666666,-150.09857,-23.797223577343743
2024-11-16 11:30:00,-140.98966116666668,-147.90595058333335,-152.94386,-11.954201748372384
2024-11-16 12:00:00,-150.45662613333334,-153.80665615,-154.95216,-4.495537562955718
2024-11-16 12:30:00,-152.20786554999998,-152.84738315,-155.42664,-3.2187701921875203
2024-11-16 13:00:00,-157.14668051666666,-149.04000463333333,-151.30959,5.837094945377601
2024-11-16 13:30:00,-148.24492888333333,-133.26777865,-143.01735,5.227579640169267
2024-11-16 14:00:00,-134.02269328333333,-120.06151785,-129.98267,4.040027267708325
2024-11-16 14:30:00,-107.2656896,-111.09525335,-114.6822,-7.4165079708007795
2024-11-16 15:00:00,-89.4041492,-97.62831188333332,-97.52659,-8.1224392399414
2024-11-16 15:30:00,-72.21636765,-88.97183226666668,-77.31244,-5.096071314843755
2024-11-16 16:00:00,-56.66564606666668,-71.78489503333334,-56.839115,-0.17346907615558393
2024-11-16 16:30:00,-18.775408216666666,-43.04277116666666,-34.95769,-16.182282975960288
2024-11-16 17:00:00,3.32230885,-17.54426116666667,-15.385471,-18.70778019399414
2024-11-16 17:30:00,19.037041616666663,-2.41304845,0.6072655,-18.429776144254554
2024-11-16 18:00:00,25.18031811666667,10.481381033333331,15.643185,-9.537133454801435
2024-11-16 18:30:00,36.12081451666666,25.0209481,28.132504,-7.988311007145178
2024-11-16 19:00:00,36.6535728,27.59339875,33.626842,-3.0267303012207023
2024-11-16 19:30:00,39.28593901666667,34.196525650000005,37.40637,-1.8795707610514327
2024-11-16 20:00:00,35.86082436666667,36.95013825,38.576687,2.71586249246419
2024-11-16 20:30:00,37.40740778333333,36.24319951666666,42.233776,4.8263683091959635
2024-11-16 21:00:00,38.19978936666666,39.10744225,38.630825,0.43103567605795234
2024-11-16 21:30:00,35.8019631,35.8639022,39.02377,3.2218062786621076
2024-11-16 22:00:00,42.33659396666666,31.10264833333333,38.67158,-3.665012698356115
2024-11-16 22:30:00,39.459422466666666,30.98980555,39.239697,-0.21972596398111932
2024-11-16 23:00:00,36.36081385,36.12893508333334,35.966213,-0.3946006236816402
2024-11-16 23:30:00,34.67893465,38.848807283333336,32.990917,-1.6880174441894553
2024-11-17 00:00:00,33.5635828,36.06877048333333,28.590298,-4.97328510102539
2024-11-17 00:30:00,29.18246945,32.40302726666666,25.594738,-3.5877314434082024
2024-11-17 01:00:00,25.33022935,31.27973278333333,27.064495,1.7342657366699221
2024-11-17 01:30:00,24.25988218333333,33.64900958333333,25.852734,1.5928514287272186
2024-11-17 02:00:00,24.138091666666668,33.06669158333333,26.629208,2.4911159444173165
2024-11-17 02:30:00,24.15854655,31.77397833333333,26.535564,2.3770178726074214
2024-11-17 03:00:00,26.852403916666663,34.420435999999995,28.958492,2.106088362386071
2024-11-17 03:30:00,26.36792625,30.859209916666668,29.059246,2.691319813232422
2024-11-17 04:00:00,26.747485466666664,28.60534545,28.438213,1.6907278817220082
2024-11-17 04:30:00,26.713766266666667,30.345796683333333,27.292873,0.5791071159016923
2024-11-17 05:00:00,22.0164055,28.12536188333333,24.25108,2.2346740593261707
2024-11-17 05:30:00,12.94415505,20.646811683333333,18.93156,5.987405466357421
2024-11-17 06:00:00,-2.42990835,6.07901935,7.927273,10.35718114663086
2024-11-17 06:30:00,-15.824707783333333,-14.03007215,-6.017185,9.807522572151692
2024-11-17 07:00:00,-34.12661666666667,-38.78933251666667,-22.764591,11.362025449625655
2024-11-17 07:30:00,-53.63254656666666,-67.03834021666667,-44.17467,9.457875393570959
2024-11-17 08:00:00,-69.27926838333333,-91.10909598333336,-66.73625,2.543016552278644
2024-11-17 08:30:00,-84.85305251666666,-113.81718216666668,-87.45756,-2.6045051615559913
2024-11-17 09:00:00,-98.63927548333334,-128.3672038,-105.76722,-7.127944060123696
2024-11-17 09:30:00,-101.46327611666668,-133.08340345,-120.071594,-18.608318121614573
2024-11-17 10:00:00,-109.0830737,-138.63873603333334,-133.84125,-24.75817385859375
2024-11-17 10:30:00,-109.1231859,-141.02964178333335,-144.78853,-35.66534254238282
2024-11-17 11:00:00,-102.70060118333332,-126.3013482,-151.88815,-49.187551892838556
2024-11-17 11:30:00,-116.63239926666664,-140.98966116666668,-152.655,-36.02259951263024
2024-11-17 12:00:00,-120.07173171666666,-150.45662613333334,-155.60121,-35.5294798311849
2024-11-17 12:30:00,-118.0973628,-152.20786554999998,-154.52408,-36.426715569140626
2024-11-17 13:00:00,-128.92371835,-157.14668051666666,-150.27136,-21.3476439546875
2024-11-17 13:30:00,-132.92227736666666,-148.24492888333333,-138.37282,-5.4505406264974
2024-11-17 14:00:00,-132.6987427,-134.02269328333333,-127.49147,5.207272363085934
2024-11-17 14:30:00,-112.83390161666668,-107.2656896,-110.86082,1.9730846611002733
2024-11-17 15:00:00,-97.61942675,-89.4041492,-93.18366,4.435764335449221
2024-11-17 15:30:00,-75.43071455,-72.21636765,-73.88136,1.5493516349609422
2024-11-17 16:00:00,-53.66612828333333,-56.66564606666668,-52.662037,1.0040913875813757
2024-11-17 16:30:00,-37.01873733333333,-18.775408216666666,-31.098026,5.920711057698561
2024-11-17 17:00:00,-14.83024445,3.32230885,-12.137745,2.6924995464355472
2024-11-17 17:30:00,0.1842691,19.037041616666663,4.752041,4.5677717630371095
2024-11-17 18:00:00,18.77956616666667,25.18031811666667,16.74046,-2.039106724527997
2024-11-17 18:30:00,27.90223445,36.12081451666666,27.643017,-0.2592176348144548
2024-11-17 19:00:00,32.054387883333334,36.6535728,34.177395,2.1230069836100256
2024-11-17 19:30:00,41.08324768333333,39.28593901666667,39.280758,-1.8024897792805987
2024-11-17 20:00:00,40.66693285,35.86082436666667,41.232494,0.5655615042480449
2024-11-17 20:30:00,40.30786376666666,37.40740778333333,42.25355,1.9456877164876403
2024-11-17 21:00:00,41.4261967,38.19978936666666,41.47761,0.051414841748048445
2024-11-17 21:30:00,38.36528085,35.8019631,38.35188,-0.013401730126950895
2024-11-17 22:00:00,33.725369916666665,42.33659396666666,37.329144,3.603773607503257
2024-11-17 22:30:00,32.76417108333333,39.459422466666666,38.757153,5.992981474039716
2024-11-17 23:00:00,29.36240025,36.36081385,38.46298,9.100578113037109
2024-11-17 23:30:00,29.339014316666667,34.67893465,35.032864,5.693849300276693
2024-11-18 00:00:00,27.355063366666663,33.5635828,32.83581,5.480748248323572
2024-11-18 00:30:00,26.817492,29.18246945,28.7048,1.887307652099608
2024-11-18 01:00:00,25.25766405,25.33022935,27.820538,2.562873517138673
2024-11-18 01:30:00,25.01837718333333,24.25988218333333,25.970226,0.9518491045084652
2024-11-18 02:00:00,25.627540416666665,24.138091666666668,23.598782,-2.028758830973306
2024-11-18 02:30:00,25.68491515,24.15854655,22.874325,-2.810590351416014
2024-11-18 03:00:00,25.66083443333333,26.852403916666663,23.879055,-1.781779410139972
2024-11-18 03:30:00,25.653929200000004,26.36792625,25.660183,0.006253752880855501
2024-11-18 04:00:00,26.266906533333337,26.747485466666664,25.250713,-1.0161931849446653
2024-11-18 04:30:00,27.970475466666667,26.713766266666667,25.154156,-2.8163197354654947
2024-11-18 05:00:00,28.68854518333333,22.0164055,22.289059,-6.399486498030594
2024-11-18 05:30:00,15.231741049999998,12.94415505,13.939083,-1.292657950634764
2024-11-18 06:00:00,13.42345435,-2.42990835,1.7302818,-11.693172520166016
2024-11-18 06:30:00,1.9295403333333336,-15.824707783333333,-11.98476,-13.914300617757162
2024-11-18 07:00:00,-16.844519000000002,-34.12661666666667,-30.542149,-13.697629590087889
2024-11-18 07:30:00,-43.34076168333333,-53.63254656666666,-50.40949,-7.068726994645189
2024-11-18 08:00:00,-74.68699393333333,-69.27926838333333,-70.9704,3.7165959841145764
2024-11-18 08:30:00,-98.39407051666666,-84.85305251666666,-90.6237,7.770367513736971
2024-11-18 09:00:00,-124.34850310000002,-98.63927548333334,-105.47401,18.874496447167985
2024-11-18 09:30:00,-140.99936541666668,-101.46327611666668,-118.62039,22.378973570963552
2024-11-18 10:00:00,-163.05947206666667,-109.0830737,-130.17618,32.88329408815105
2024-11-18 10:30:00,-165.65747223333332,-109.1231859,-138.7679,26.88957367376301
2024-11-18 11:00:00,-171.3073393666667,-102.70060118333332,-143.41994,27.887402232877633
2024-11-18 11:30:00,-177.82410381666668,-116.63239926666664,-145.85678,31.967322810807303
2024-11-18 12:00:00,-190.97596518333333,-120.07173171666666,-147.10623,43.869733493880204
2024-11-18 12:30:00,-179.80106901666667,-118.0973628,-145.94751,33.85355925104167
2024-11-18 13:00:00,-178.72576800000002,-128.92371835,-140.10275,38.62301531445314
2024-11-18 13:30:00,-186.32806921666668,-132.92227736666666,-132.84723,53.48084021276043
2024-11-18 14:00:00,-174.68485008333334,-132.6987427,-123.25228,51.4325688943685
2024-11-18 14:30:00,-156.23975286666666,-112.83390161666668,-107.89078,48.34897527877604
2024-11-18 15:00:00,-139.40768733333334,-97.61942675,-91.691605,47.71608271907553
2024-11-18 15:30:00,-117.92867093333332,-75.43071455,-71.29213,46.63654141673176
2024-11-18 16:00:00,-87.19069945,-53.66612828333333,-48.95937,38.23132979057617
2024-11-18 16:30:00,-45.98134836666667,-37.01873733333333,-27.655308,18.326040596891282
2024-11-18 17:00:00,-21.31256115,-14.83024445,-11.503391,9.80916988413086
2024-11-18 17:30:00,-0.3725606666666666,0.1842691,3.250805,3.6233655677897136
2024-11-18 18:00:00,13.4710595,18.77956616666667,16.585308,3.114248574951171
2024-11-18 18:30:00,26.57542505,27.90223445,27.242535,0.6671095874511721
2024-11-18 19:00:00,36.88506203333333,32.054387883333334,33.00137,-3.8836925570149674
2024-11-18 19:30:00,40.88588836666667,41.08324768333333,38.41232,-2.4735691833170605
2024-11-18 20:00:00,43.719356616666666,40.66693285,39.918774,-3.8005829655436187
2024-11-18 20:30:00,40.99028501666667,40.30786376666666,41.346294,0.35600938640950375
2024-11-18 21:00:00,46.68119720000001,41.4261967,42.238995,-4.442202601611335
2024-11-18 21:30:00,42.95023703333334,38.36528085,38.81718,-4.1330563997884155
2024-11-18 22:00:00,37.09088496666667,33.725369916666665,36.344387,-0.7464979122233117
2024-11-18 22:30:00,30.6554122,32.76417108333333,35.9922,5.336786744091796
2024-11-18 23:00:00,32.61388108333333,29.36240025,33.473537,0.859656361735027
2024-11-18 23:30:00,28.02100655,29.339014316666667,33.26016,5.23915198881836
2024-11-19 00:00:00,25.92785161666667,27.355063366666663,30.480816,4.5529642707845035
2024-11-19 00:30:00,24.17686068333333,26.817492,28.086742,3.909881717789716
2024-11-19 01:00:00,24.36829795,25.25766405,26.489788,2.121490105419923
2024-11-19 01:30:00,22.9175638,25.01837718333333,24.67883,1.7612653931152344
2024-11-19 02:00:00,22.43421275,25.627540416666665,22.685665,0.251452380615234
2024-11-19 02:30:00,23.09710886666667,25.68491515,24.172436,1.0753268938313774
2024-11-19 03:00:00,23.585035166666668,25.66083443333333,26.489971,2.9049359942220043
2024-11-19 03:30:00,23.3844359,25.653929200000004,26.730312,3.3458764474121097
2024-11-19 04:00:00,28.57198535,26.266906533333337,27.127499,-1.4444867232910141
2024-11-19 04:30:00,33.068238183333335,27.970475466666667,24.722866,-8.345372124983726
2024-11-19 05:00:00,27.614455566666667,28.68854518333333,20.180218,-7.434237823746745
2024-11-19 05:30:00,19.157374916666665,15.231741049999998,13.377544,-5.779830513590493
2024-11-19 06:00:00,8.580531183333333,13.42345435,4.3693504,-4.211180749983724
2024-11-19 06:30:00,-4.584092850000001,1.9295403333333336,-9.674305,-5.090212112158202
2024-11-19 07:00:00,-24.1415466,-16.844519000000002,-24.331028,-0.189481384619139
2024-11-19 07:30:00,-40.749978383333335,-43.34076168333333,-43.606297,-2.8563181559733053
2024-11-19 08:00:00,-70.4249415,-74.68699393333333,-64.04283,6.382110079101565
2024-11-19 08:30:00,-87.35493213333332,-98.39407051666666,-83.64114,3.713788334505196
2024-11-19 09:00:00,-114.09716663333334,-124.34850310000002,-99.23987,14.857298469270845
2024-11-19 09:30:00,-141.18122913333335,-140.99936541666668,-114.21427,26.96695758792319
2024-11-19 10:00:00,-159.88669506666665,-163.05947206666667,-123.54637,36.34032360670571
2024-11-19 10:30:00,-154.21383503333334,-165.65747223333332,-136.09863,18.11520222083334
2024-11-19 11:00:00,-158.64566098333333,-171.3073393666667,-144.33394,14.311722384700516
2024-11-19 11:30:00,-169.37251126666666,-177.82410381666668,-149.1752,20.19730985065104
2024-11-19 12:00:00,-180.87251,-190.97596518333333,-153.4745,27.398007436523443
2024-11-19 12:30:00,-176.7340713,-179.80106901666667,-151.81616,24.91790919062501
2024-11-19 13:00:00,-178.16542890000002,-178.72576800000002,-148.42377,29.741661810156273
2024-11-19 13:30:00,-174.60042678333335,-186.32806921666668,-141.45193,33.14849196888022
2024-11-19 14:00:00,-162.76742618333333,-174.68485008333334,-133.59674,29.170685460677078
2024-11-19 14:30:00,-148.41541655,-156.23975286666666,-118.09075,30.324664902050785
2024-11-19 15:00:00,-126.38786903333332,-139.40768733333334,-102.33796,24.049909743782536
2024-11-19 15:30:00,-111.39426168333334,-117.92867093333332,-82.02663,29.367635096419278
2024-11-19 16:00:00,-79.32367583333333,-87.19069945,-60.816654,18.50702162801106
2024-11-19 16:30:00,-50.45836328333333,-45.98134836666667,-40.25243,10.205933321175124
2024-11-19 17:00:00,-25.46706553333333,-21.31256115,-22.158085,3.3089806639485637
2024-11-19 17:30:00,-1.406043433333333,-0.3725606666666666,-3.320057,-1.9140134819498702
2024-11-19 18:00:00,10.763103383333332,13.4710595,11.176052,0.4129487101725271
2024-11-19 18:30:00,28.40532993333333,26.57542505,23.444286,-4.961043586897784
2024-11-19 19:00:00,31.68293883333333,36.88506203333333,31.063229,-0.6197102261555969
2024-11-19 19:30:00,38.33159493333333,40.88588836666667,38.873394,0.541799079117844
2024-11-19 20:00:00,37.72913656666667,43.719356616666666,44.294872,6.565735717268879
2024-11-19 20:30:00,36.93555598333333,40.99028501666667,44.306835,7.371279191227217
2024-11-19 21:00:00,45.47413566666666,46.68119720000001,42.228436,-3.24570015030924
2024-11-19 21:30:00,39.53119878333333,42.95023703333334,40.25587,0.7246720357584664
2024-11-19 22:00:00,32.13946348333334,37.09088496666667,40.64593,8.506467760563147
2024-11-19 22:30:00,29.7035638,30.6554122,37.276943,7.573379406787108
2024-11-19 23:00:00,26.326859983333332,32.61388108333333,34.4611,8.13424154864909
2024-11-19 23:30:00,27.242727783333333,28.02100655,32.11027,4.867543670524089
2024-11-20 00:00:00,28.23641388333333,25.92785161666667,29.027126,0.7907124289225287
2024-11-20 00:30:00,25.42852945,24.17686068333333,28.722317,3.29378729194336
2024-11-20 01:00:00,24.204287766666667,24.36829795,27.728497,3.524208784847005
2024-11-20 01:30:00,20.90616938333333,22.9175638,26.300213,5.39404347677409
2024-11-20 02:00:00,20.20966101666667,22.43421275,24.271572,4.061911096370441
2024-11-20 02:30:00,21.171632783333333,23.09710886666667,24.954449,3.782815916617839
2024-11-20 03:00:00,20.995681783333332,23.585035166666668,25.44601,4.450328806266278
2024-11-20 03:30:00,21.714301766666665,23.3844359,25.79562,4.081318197932944
2024-11-20 04:00:00,28.041384016666665,28.57198535,24.531063,-3.510320936832681
2024-11-20 04:30:00,34.12557543333333,33.068238183333335,25.102718,-9.022857080061847
2024-11-20 05:00:00,23.523900766666667,27.614455566666667,20.709469,-2.814431925113933
2024-11-20 05:30:00,17.07777283333333,19.157374916666665,14.010876,-3.066897131429034
2024-11-20 06:00:00,7.503812233333334,8.580531183333333,5.7225304,-1.7812818683430995
2024-11-20 06:30:00,-14.62822505,-4.584092850000001,-7.785572,6.842652997998046
2024-11-20 07:00:00,-40.53799385,-24.1415466,-26.023472,14.514522017724609
2024-11-20 07:30:00,-62.10367551666667,-40.749978383333335,-46.890614,15.213061960758466
2024-11-20 08:00:00,-80.46280428333334,-70.4249415,-70.35998,10.102826561165372
2024-11-20 08:30:00,-102.5269189,-87.35493213333332,-88.303024,14.22389460800781
2024-11-20 09:00:00,-122.31562985,-114.09716663333334,-106.07278,16.2428530555664
2024-11-20 09:30:00,-140.43173051666665,-141.18122913333335,-120.48399,19.94773698639321
2024-11-20 10:00:00,-147.32531495,-159.88669506666665,-132.43878,14.886533211718756
2024-11-20 10:30:00,-164.9314622,-154.21383503333334,-144.37248,20.55897990019531
2024-11-20 11:00:00,-164.1223593,-158.64566098333333,-152.01654,12.10581877265625
2024-11-20 11:30:00,-173.84470905,-169.37251126666666,-157.52963,16.31507648164063
2024-11-20 12:00:00,-186.6883304833333,-180.87251,-159.6174,27.070929360286414
2024-11-20 12:30:00,-182.33735923333333,-176.7340713,-162.11717,20.220186992122393
2024-11-20 13:00:00,-186.8696949333333,-178.16542890000002,-158.4548,28.41489146653643
2024-11-20 13:30:00,-182.1673871833333,-174.60042678333335,-150.5198,31.647581275130165
2024-11-20 14:00:00,-165.85747995,-162.76742618333333,-142.29929,23.558194061328123
2024-11-20 14:30:00,-160.61770051666667,-148.41541655,-126.53333,34.08436769195964
2024-11-20 15:00:00,-133.38405596666666,-126.38786903333332,-108.8058,24.578254575065102
2024-11-20 15:30:00,-113.34683941666668,-111.39426168333334,-87.71783,25.629012573404964
2024-11-20 16:00:00,-86.88573906666666,-79.32367583333333,-65.96138,20.924359061783846
2024-11-20 16:30:00,-51.878808033333335,-50.45836328333333,-40.745808,11.133000385628257
2024-11-20 17:00:00,-24.974257766666668,-25.46706553333333,-19.71349,5.2607682341959645
2024-11-20 17:30:00,-9.447774783333331,-1.406043433333333,-2.5410805,6.906694308479816
2024-11-20 18:00:00,10.977578433333331,10.763103383333332,13.73875,2.7611720244303406
2024-11-20 18:30:00,28.2691045,28.40532993333333,23.593044,-4.676060218994142
2024-11-20 19:00:00,40.93332273333333,31.68293883333333,32.21168,-8.72164136736653
2024-11-20 19:30:00,44.709894383333335,38.33159493333333,38.35525,-6.354643071077476
2024-11-20 20:00:00,42.20543933333334,37.72913656666667,43.735973,1.530534024820959
2024-11-20 20:30:00,39.22000186666667,36.93555598333333,43.85078,4.630778620393876
2024-11-20 21:00:00,40.3121833,45.47413566666666,40.645718,0.33353432084960843
2024-11-20 21:30:00,35.47124445,39.53119878333333,40.407024,4.9357799335449215
2024-11-20 22:00:00,33.7369028,32.13946348333334,39.340176,5.6032728286621065
2024-11-20 22:30:00,32.93413386666666,29.7035638,38.73541,5.801274916292321
2024-11-20 23:00:00,27.755037666666663,26.326859983333332,34.87779,7.122750877034509
2024-11-20 23:30:00,28.1374516,27.242727783333333,31.737972,3.600520659521486
2024-11-21 00:00:00,25.2784643,28.23641388333333,27.343838,2.06537343803711
2024-11-21 00:30:00,23.18794705,25.42852945,27.062237,3.8742897358886736
2024-11-21 01:00:00,23.45569773333333,24.204287766666667,26.723782,3.2680838523600286
2024-11-21 01:30:00,22.392054966666667,20.90616938333333,25.435238,3.0431829178548178
2024-11-21 02:00:00,21.22397015,20.20966101666667,23.8278,2.6038306007324223
2024-11-21 02:30:00,22.3394773,21.171632783333333,25.53024,3.1907618052246107
2024-11-21 03:00:00,21.716025066666663,20.995681783333332,27.592129,5.876103686995446
2024-11-21 03:30:00,23.14580158333333,21.714301766666665,27.41917,4.273368796305341
2024-11-21 04:00:00,27.424351283333333,28.041384016666665,26.375896,-1.0484548294759115
2024-11-21 04:30:00,29.94341165,34.12557543333333,25.194347,-4.749064268408205
2024-11-21 05:00:00,23.54597748333333,23.523900766666667,19.813854,-3.7321232658040344
2024-11-21 05:30:00,10.644849933333331,17.07777283333333,14.341885,3.697034679703778
2024-11-21 06:00:00,-5.2820104,7.503812233333334,6.195263,11.477273308935548
2024-11-21 06:30:00,-21.2745718,-14.62822505,-9.330387,11.944184684521485
2024-11-21 07:00:00,-49.7153982,-40.53799385,-30.12688,19.58851755424805
2024-11-21 07:30:00,-70.32904165000001,-62.10367551666667,-52.035786,18.29325597495118
2024-11-21 08:00:00,-86.59933116666666,-80.46280428333334,-70.81972,15.779613759440096
2024-11-21 08:30:00,-107.94806828333331,-102.5269189,-93.08645,14.86161961389972
2024-11-21 09:00:00,-124.51477041666668,-122.31562985,-112.04872,12.466049103190116
2024-11-21 09:30:00,-124.83968505,-140.43173051666665,-129.75375,-4.914068612109375
2024-11-21 10:00:00,-148.61856651666668,-147.32531495,-139.54205,9.076513294010425
2024-11-21 10:30:00,-156.43380121666667,-164.9314622,-149.10709,7.326715035026041
2024-11-21 11:00:00,-166.05939049999998,-164.1223593,-158.17004,7.889346554687478
2024-11-21 11:30:00,-169.58924823333334,-173.84470905,-163.23167,6.357574038997399
2024-11-21 12:00:00,-167.46611241666668,-186.6883304833333,-167.36404,0.10206822721355024
2024-11-21 12:30:00,-164.93808873333333,-182.33735923333333,-170.32936,-5.391272228580732
2024-11-21 13:00:00,-157.2154458,-186.8696949333333,-167.60281,-10.387367920703127
2024-11-21 13:30:00,-158.39755448333332,-182.1673871833333,-162.3743,-3.976743612369802
2024-11-21 14:00:00,-144.06336606666667,-165.85747995,-152.29742,-8.234058249739576
2024-11-21 14:30:00,-126.0980682,-160.61770051666667,-137.40384,-11.305770911328125
2024-11-21 15:00:00,-102.6693991,-133.38405596666666,-117.51015,-14.840747994726556
2024-11-21 15:30:00,-74.5511863,-113.34683941666668,-96.94386,-22.392676615039065
2024-11-21 16:00:00,-52.31369998333333,-86.88573906666666,-72.24976,-19.936063505436202
2024-11-21 16:30:00,-37.541817683333335,-51.878808033333335,-46.733723,-9.191905003434243
2024-11-21 17:00:00,-10.42990065,-24.974257766666668,-23.999836,-13.569935318017578
2024-11-21 17:30:00,7.585114966666666,-9.447774783333331,-5.342808,-12.927922736442056
2024-11-21 18:00:00,17.865519016666667,10.977578433333331,9.62318,-8.24233862726237
2024-11-21 18:30:00,25.17700316666667,28.2691045,21.212093,-3.9649098133951846
2024-11-21 19:00:00,41.54269905,40.93332273333333,29.13084,-12.411858748486331
2024-11-21 19:30:00,43.16836675,44.709894383333335,35.19328,-7.975087483642575
2024-11-21 20:00:00,44.05848628333333,42.20543933333334,39.090923,-4.9675629740071585
2024-11-21 20:30:00,41.46055385,39.22000186666667,41.222317,-0.23823710805663723
2024-11-21 21:00:00,46.20282328333334,40.3121833,39.424145,-6.778678538460291
2024-11-21 21:30:00,38.06701006666667,35.47124445,38.82548,0.7584713481282535
2024-11-21 22:00:00,33.81976718333333,33.7369028,40.764523,6.944755369156901
2024-11-21 22:30:00,31.2042732,32.93413386666666,39.30644,8.102165246044922
2024-11-21 23:00:00,28.63096888333333,27.755037666666663,35.917004,7.286034748258466
2024-11-21 23:30:00,28.16835775,28.1374516,31.649502,3.481144050537111
2024-11-22 00:00:00,24.53478338333333,25.2784643,28.57661,4.0418271818522165
2024-11-22 00:30:00,25.436989866666664,23.18794705,27.373547,1.9365567336751326
2024-11-22 01:00:00,23.47316775,23.45569773333333,25.675518,2.20235028588867
2024-11-22 01:30:00,22.7925684,22.392054966666667,23.54684,0.754272267724609
2024-11-22 02:00:00,23.78320025,21.22397015,23.880322,0.09712125268554672
2024-11-22 02:30:00,23.613947683333333,22.3394773,25.372387,1.7584392490397143
2024-11-22 03:00:00,24.72247428333333,21.716025066666663,26.86819,2.145716482047529
2024-11-22 03:30:00,24.841017316666665,23.14580158333333,28.30386,3.462842394026694
2024-11-22 04:00:00,28.500872266666665,27.424351283333333,27.571957,-0.9289156321451806
2024-11-22 04:30:00,32.26271903333333,29.94341165,25.721798,-6.540921090218099
2024-11-22 05:00:00,24.88930505,23.54597748333333,21.718029,-3.171276027783204
2024-11-22 05:30:00,14.0481517,10.644849933333331,15.160137,1.1119854765136719
2024-11-22 06:00:00,-0.9015244,-5.2820104,4.1659813,5.067505692724609
2024-11-22 06:30:00,-21.144810616666668,-21.2745718,-12.996098,8.148713051969402
2024-11-22 07:00:00,-43.79244996666667,-49.7153982,-34.531513,9.260936752555345
2024-11-22 07:30:00,-58.60722661666667,-70.32904165000001,-57.130863,1.4763634269694066
2024-11-22 08:00:00,-87.67094265000001,-86.59933116666666,-80.26116,7.409780845800796
2024-11-22 08:30:00,-109.5444029,-107.94806828333331,-102.093735,7.450668158789057
2024-11-22 09:00:00,-129.69280176666666,-124.51477041666668,-121.75465,7.938155465397131
2024-11-22 09:30:00,-149.08033386666668,-124.83968505,-136.3295,12.750835575651053
2024-11-22 10:00:00,-159.08188953333334,-148.61856651666668,-146.59254,12.489344977669276
2024-11-22 10:30:00,-167.91893435,-156.43380121666667,-156.17706,11.74187136171875
2024-11-22 11:00:00,-164.95164495,-166.05939049999998,-163.9803,0.9713440466796897
2024-11-22 11:30:00,-173.9834761333333,-169.58924823333334,-166.61873,7.3647474956379995
2024-11-22 12:00:00,-144.41807433333335,-167.46611241666668,-169.47629,-25.058213508463524
2024-11-22 12:30:00,-121.9162416,-164.93808873333333,-169.84178,-47.92554001621093
2024-11-22 13:00:00,-109.10926046666668,-157.2154458,-165.84735,-56.73809060755207
2024-11-22 13:30:00,-104.53536441666668,-158.39755448333332,-159.65909,-55.123723718098944
2024-11-22 14:00:00,-100.4762712,-144.06336606666667,-149.67786,-49.2015852453125
2024-11-22 14:30:00,-87.34185223333333,-126.0980682,-134.54431,-47.20245929010417
2024-11-22 15:00:00,-64.13819778333334,-102.6693991,-114.42173,-50.28353225817057
2024-11-22 15:30:00,-50.42862795,-74.5511863,-91.82658,-41.39794828291016
2024-11-22 16:00:00,-32.74251385,-52.31369998333333,-65.855835,-33.1133211109375
2024-11-22 16:30:00,-12.796276083333332,-37.541817683333335,-40.84865,-28.052375802652996
2024-11-22 17:00:00,12.100048916666667,-10.42990065,-20.05373,-32.15377892765299
2024-11-22 17:30:00,20.7824126,7.585114966666666,0.027492538,-20.75492006190548
2024-11-22 18:00:00,30.446780766666667,17.865519016666667,15.920406,-14.526374425113932
2024-11-22 18:30:00,47.06436651666667,25.17700316666667,27.59811,-19.466256317692057
2024-11-22 19:00:00,53.82750108333334,41.54269905,34.705883,-19.12161805721029
2024-11-22 19:30:00,52.215146583333336,43.16836675,38.762615,-13.452531379475914
2024-11-22 20:00:00,55.70464003333333,44.05848628333333,40.695477,-15.009163501350905
2024-11-22 20:30:00,54.73978181666666,41.46055385,42.739666,-12.000115831559235
2024-11-22 21:00:00,60.25311795,46.20282328333334,41.568127,-18.6849912715332
2024-11-22 21:30:00,45.43923781666667,38.06701006666667,40.38313,-5.056108696793622
2024-11-22 22:00:00,40.87993196666667,33.81976718333333,38.970898,-1.9090342921061207
2024-11-22 22:30:00,40.92198103333333,31.2042732,36.11619,-4.8057891693196595
2024-11-22 23:00:00,37.50691616666666,28.63096888333333,33.016445,-4.490471006754554
2024-11-22 23:30:00,33.01793361666667,28.16835775,29.871227,-3.1467063522623704
2024-11-23 00:00:00,32.0403471,24.53478338333333,27.704357,-4.335989952783201
2024-11-23 00:30:00,29.40204908333333,25.436989866666664,23.470638,-5.931410808186847
2024-11-23 01:00:00,29.7394534,23.47316775,21.62727,-8.112183655126952
2024-11-23 01:30:00,30.089764433333333,22.7925684,20.808758,-9.28100665135091
2024-11-23 02:00:00,30.71699128333333,23.78320025,20.34161,-10.375381328499344
2024-11-23 02:30:00,30.16381108333333,23.613947683333333,22.726986,-7.436825151936844
2024-11-23 03:00:00,27.2063568,24.72247428333333,24.120312,-3.0860450629394514
2024-11-23 03:30:00,25.999593416666663,24.841017316666665,26.20251,0.20291741707357147
2024-11-23 04:00:00,26.71361825,28.500872266666665,26.833538,0.1199198054199222
2024-11-23 04:30:00,27.30968548333333,32.26271903333333,25.202816,-2.1068694738118445
2024-11-23 05:00:00,30.6242605,24.88930505,18.753399,-11.870861604736326
2024-11-23 05:30:00,23.269181666666668,14.0481517,12.027584,-11.241597590738934
2024-11-23 06:00:00,9.052820283333334,-0.9015244,-1.2003059,-10.253126222054037
2024-11-23 06:30:00,-6.092966,-21.144810616666668,-16.290424,-10.197458346923828
2024-11-23 07:00:00,-38.39162348333333,-43.79244996666667,-35.55016,2.8414640289876303
2024-11-23 07:30:00,-58.686414516666666,-58.60722661666667,-58.78899,-0.10257550408528715
2024-11-23 08:00:00,-65.15277386666666,-87.67094265000001,-83.005226,-17.852452268587243
2024-11-23 08:30:00,-87.14230848333334,-109.5444029,-103.41188,-16.269572009830725
2024-11-23 09:00:00,-88.38273345,-129.69280176666666,-121.147934,-32.765200509960934
2024-11-23 09:30:00,-106.24509118333332,-149.08033386666668,-134.52002,-28.274928347916685
2024-11-23 10:00:00,-106.26300563333332,-159.08188953333334,-145.78218,-39.51917515279949
2024-11-23 10:30:00,-128.1524678,-167.91893435,-155.58054,-27.428068088671864
2024-11-23 11:00:00,-127.48904073333334,-164.95164495,-162.84344,-35.35440409088541
2024-11-23 11:30:00,-133.97901786666668,-173.9834761333333,-165.12993,-31.150910722200507
2024-11-23 12:00:00,-142.3831489833333,-144.41807433333335,-165.52454,-23.141387149479186
2024-11-23 12:30:00,-124.1935327,-121.9162416,-162.37607,-38.18253541523437
2024-11-23 13:00:00,-122.95360336666666,-109.10926046666668,-154.27104,-31.317438503450532
2024-11-23 13:30:00,-116.07757423333334,-104.53536441666668,-145.71968,-29.642106552799476
2024-11-23 14:00:00,-95.26925950000002,-100.4762712,-133.10541,-37.83614821484373
2024-11-23 14:30:00,-67.95306991666666,-87.34185223333333,-118.22982,-50.27675033479818
2024-11-23 15:00:00,-52.93078205,-64.13819778333334,-98.647385,-45.71660259355469
2024-11-23 15:30:00,-31.310021183333333,-50.42862795,-76.81498,-45.50495836988932
2024-11-23 16:00:00,-23.56825785,-32.74251385,-54.02245,-30.454191643408205
2024-11-23 16:30:00,-5.9528771833333325,-12.796276083333332,-30.772282,-24.819404463395184
2024-11-23 17:00:00,6.720832783333333,12.100048916666667,-10.443165,-17.163997608772785
2024-11-23 17:30:00,25.29987668333333,20.7824126,8.04771,-17.25216626463216
2024-11-23 18:00:00,32.224252166666666,30.446780766666667,23.357143,-8.867108764567057
2024-11-23 18:30:00,35.5143755,47.06436651666667,33.21899,-2.2953851740722655
2024-11-23 19:00:00,35.512830216666664,53.82750108333334,39.017773,3.5049424578938826
2024-11-23 19:30:00,38.48392091666667,52.215146583333336,42.357113,3.8731919678548152
2024-11-23 20:00:00,34.8844583,55.70464003333333,42.444195,7.559736493701173
2024-11-23 20:30:00,36.86519318333333,54.73978181666666,43.077633,6.212439720719402
2024-11-23 21:00:00,42.70543731666667,60.25311795,43.168102,0.462664947737629
2024-11-23 21:30:00,38.524501666666666,45.43923781666667,41.689495,3.164993420003256
2024-11-23 22:00:00,34.07641818333333,40.87993196666667,40.166515,6.090097167008466
2024-11-23 22:30:00,33.605797200000005,40.92198103333333,38.14767,4.5418735458496045
2024-11-23 23:00:00,28.85976623333333,37.50691616666666,36.098873,7.239106905094406
2024-11-23 23:30:00,29.2738494,33.01793361666667,33.363354,4.089504329248047
2024-11-24 00:00:00,25.796390983333332,32.0403471,31.616634,5.820243385563153
2024-11-24 00:30:00,25.060970866666665,29.40204908333333,28.844646,3.783675587190757
2024-11-24 01:00:00,24.751562333333336,29.7394534,27.891338,3.139776015055336
2024-11-24 01:30:00,24.709591083333333,30.089764433333333,25.198025,0.4884336664225266
2024-11-24 02:00:00,26.001603216666663,30.71699128333333,23.94946,-2.0521441407389283
2024-11-24 02:30:00,25.1275888,30.16381108333333,25.18211,0.05452103276367026
2024-11-24 03:00:00,25.4078889,27.2063568,24.918346,-0.4895424949707028
2024-11-24 03:30:00,23.585346483333332,25.999593416666663,24.838314,1.2529675730631524
2024-11-24 04:00:00,23.905277316666663,26.71361825,24.231167,0.3258895229329468
2024-11-24 04:30:00,23.581215466666663,27.30968548333333,22.52087,-1.0603452579264285
2024-11-24 05:00:00,23.23001616666667,30.6242605,19.060574,-4.1694425887858095
2024-11-24 05:30:00,16.346823133333334,23.269181666666668,13.28236,-3.0644630564290374
2024-11-24 06:00:00,4.710207366666666,9.052820283333334,0.5855675,-4.124639892301432
2024-11-24 06:30:00,-10.990699566666668,-6.092966,-15.175861,-4.18516179197591
2024-11-24 07:00:00,-29.063473283333337,-38.39162348333333,-33.08109,-4.017615736442053
2024-11-24 07:30:00,-45.93119335,-58.686414516666666,-55.53516,-9.603966714697265
2024-11-24 08:00:00,-51.754928150000005,-65.15277386666666,-78.961044,-27.206116161523433
2024-11-24 08:30:00,-67.4073886,-87.14230848333334,-97.522835,-30.115446177832027
2024-11-24 09:00:00,-72.36747559999999,-88.38273345,-113.334564,-40.96708860898438
2024-11-24 09:30:00,-92.21983508333334,-106.24509118333332,-125.93771,-33.71787853971354
2024-11-24 10:00:00,-104.68780223333331,-106.26300563333332,-136.53445,-31.84665211236981
2024-11-24 10:30:00,-121.45696513333333,-128.1524678,-144.65176,-23.194798782682298
2024-11-24 11:00:00,-123.5817852,-127.48904073333334,-149.39015,-25.808366777539064
2024-11-24 11:30:00,-128.80705043333333,-133.97901786666668,-152.67288,-23.865831646744795
2024-11-24 12:00:00,-132.71145406666668,-142.3831489833333,-153.7077,-20.996248570052074
2024-11-24 12:30:00,-120.74896661666666,-124.1935327,-152.42987,-31.680903988802086
2024-11-24 13:00:00,-121.10706826666669,-122.95360336666666,-146.53781,-25.430743012630188
2024-11-24 13:30:00,-120.79842555,-116.07757423333334,-136.42578,-15.627355699999995
2024-11-24 14:00:00,-97.76112466666666,-95.26925950000002,-123.414825,-25.653700772786465
2024-11-24 14:30:00,-79.21819221666667,-67.95306991666666,-105.47381,-26.255616071907554
2024-11-24 15:00:00,-53.66985221666667,-52.93078205,-87.04978,-33.37992958264974
2024-11-24 15:30:00,-48.38864281666667,-31.310021183333333,-65.264694,-16.87605139720052
2024-11-24 16:00:00,-29.73759436666667,-23.56825785,-43.18105,-13.443454980257158
2024-11-24 16:30:00,0.555998400000001,-5.9528771833333325,-21.659657,-22.215654924658203
2024-11-24 17:00:00,8.975905666666664,6.720832783333333,-2.8723335,-11.848239193277992
2024-11-24 17:30:00,19.63711165,25.29987668333333,15.956295,-3.680816636572267
2024-11-24 18:00:00,34.685857383333335,32.224252166666666,28.723217,-5.962640372835288
2024-11-24 18:30:00,43.752164933333326,35.5143755,38.16763,-5.584535691389966
2024-11-24 19:00:00,40.3673605,35.512830216666664,42.40965,2.0422883952636752
2024-11-24 19:30:00,44.06044583333334,38.48392091666667,44.487164,0.4267177103678321
2024-11-24 20:00:00,43.32872601666667,34.8844583,45.525158,2.1964319118001256
2024-11-24 20:30:00,45.90135385,36.86519318333333,44.413433,-1.4879207750488277
2024-11-24 21:00:00,44.951950466666666,42.70543731666667,44.166668,-0.7852825284342444
2024-11-24 21:30:00,39.92907841666667,38.524501666666666,43.565105,3.636027021565752
2024-11-24 22:00:00,32.7351922,34.07641818333333,42.412228,9.677035430615234
2024-11-24 22:30:00,33.65247885,33.605797200000005,39.03906,5.386579835302733
2024-11-24 23:00:00,28.640079916666668,28.85976623333333,35.476055,6.835975228597004
2024-11-24 23:30:00,26.988282916666662,29.2738494,32.214428,5.226145031331384
2024-11-25 00:00:00,27.09957615,25.796390983333332,28.691036,1.5914600743652336
2024-11-25 00:30:00,25.1762177,25.060970866666665,25.610271,0.4340537538574232
2024-11-25 01:00:00,26.570316666666667,24.751562333333336,24.359798,-2.2105182352701824
2024-11-25 01:30:00,24.87054823333333,24.709591083333333,22.218624,-2.6519241183430964
2024-11-25 02:00:00,24.349607666666667,26.001603216666663,22.433193,-1.916414459879558
2024-11-25 02:30:00,23.74287405,25.1275888,25.311047,1.5681725503417958
2024-11-25 03:00:00,23.054722716666664,25.4078889,27.292843,4.238120148323571
2024-11-25 03:30:00,23.75584971666667,23.585346483333332,27.80598,4.050130965706376
2024-11-25 04:00:00,23.92549488333333,23.905277316666663,26.034954,2.109459187711593
2024-11-25 04:30:00,24.806458000000003,23.581215466666663,24.897274,0.09081601733398159
2024-11-25 05:00:00,21.47406748333333,23.23001616666667,21.204967,-0.26909998455403183
2024-11-25 05:30:00,16.96385285,16.346823133333334,14.237011,-2.7268418941894517
2024-11-25 06:00:00,6.629645033333333,4.710207366666666,3.3642235,-3.265421553108724
2024-11-25 06:30:00,-0.9272423999999994,-10.990699566666668,-11.393665,-10.466422913720704
2024-11-25 07:00:00,-18.91015223333333,-29.063473283333337,-31.85152,-12.941368304996747
2024-11-25 07:30:00,-38.561473283333335,-45.93119335,-51.853275,-13.29180201573893
2024-11-25 08:00:00,-65.84192726666667,-51.754928150000005,-73.62937,-7.787444376399733
2024-11-25 08:30:00,-83.87454501666667,-67.4073886,-89.29978,-5.425236782649733
2024-11-25 09:00:00,-100.488982,-72.36747559999999,-104.22088,-3.731896601074226
2024-11-25 09:30:00,-121.16492498333332,-92.21983508333334,-116.19811,4.966812495540353
2024-11-25 10:00:00,-126.27960535,-104.68780223333331,-123.79863,2.4809755892578096
2024-11-25 10:30:00,-117.06920223333331,-121.45696513333333,-131.3338,-14.264599036197936
2024-11-25 11:00:00,-116.06463175,-123.5817852,-137.09178,-21.027149866210934
2024-11-25 11:30:00,-116.1431505,-128.80705043333333,-139.08427,-22.941123791992183
2024-11-25 12:00:00,-113.58788261666666,-132.71145406666668,-142.58292,-28.995033643098964
2024-11-25 12:30:00,-104.7898583,-120.74896661666666,-143.09381,-38.303952735156244
2024-11-25 13:00:00,-96.40585905,-121.10706826666669,-139.3586,-42.95273775175781
2024-11-25 13:30:00,-93.94808501666668,-120.79842555,-130.14957,-36.201481633723944
2024-11-25 14:00:00,-77.61949905,-97.76112466666666,-118.87768,-41.25817886748047
2024-11-25 14:30:00,-56.18323448333334,-79.21819221666667,-102.04883,-45.86559364166666
2024-11-25 15:00:00,-53.405094350000006,-53.66985221666667,-81.31469,-27.909595286230463
2024-11-25 15:30:00,-52.46148436666667,-48.38864281666667,-62.871998,-10.410513466585286
2024-11-25 16:00:00,-39.00241281666667,-29.73759436666667,-40.243626,-1.2412128242024707
2024-11-25 16:30:00,-19.654458916666663,0.555998400000001,-17.707676,1.946782982828772
2024-11-25 17:00:00,1.1669466666666664,8.975905666666664,1.8311882,0.6642415352376305
2024-11-25 17:30:00,19.17296616666667,19.63711165,18.890575,-0.28239075773112177
2024-11-25 18:00:00,30.4875023,34.685857383333335,34.34927,3.86176756694336
2024-11-25 18:30:00,38.758257783333335,43.752164933333326,41.359386,2.6011286607584623
2024-11-25 19:00:00,36.34230565,40.3673605,45.78111,9.438803206201172
2024-11-25 19:30:00,43.637503316666674,44.06044583333334,48.37579,4.7382863256673105
2024-11-25 20:00:00,35.85932333333333,43.32872601666667,50.07092,14.211595703531906
2024-11-25 20:30:00,36.76387335,45.90135385,48.184933,11.421059358740237
2024-11-25 21:00:00,38.08349561666667,44.951950466666666,44.35368,6.270184040315755
2024-11-25 21:30:00,41.466938733333336,39.92907841666667,41.668392,0.20145344806314824
2024-11-25 22:00:00,40.55800386666667,32.7351922,39.17091,-1.3870939850748698
2024-11-25 22:30:00,34.35500616666667,33.65247885,36.29913,1.944123319417315
2024-11-25 23:00:00,34.51065753333334,28.640079916666668,34.084866,-0.42579196326497737
2024-11-25 23:30:00,33.282551166666664,26.988282916666662,31.765148,-1.5174030038248674
2024-11-26 00:00:00,31.243746,27.09957615,28.750118,-2.493627744384767
2024-11-26 00:30:00,30.03601625,25.1762177,26.469677,-3.5663392785644525
2024-11-26 01:00:00,27.27221225,26.570316666666667,23.339184,-3.933028442626952
2024-11-26 01:30:00,24.563442266666662,24.87054823333333,23.831738,-0.7317047483561154
2024-11-26 02:00:00,23.848934466666663,24.349607666666667,23.21072,-0.6382144044108031
2024-11-26 02:30:00,24.13817383333333,23.74287405,26.006298,1.8681242318522173
2024-11-26 03:00:00,25.146783916666667,23.054722716666664,27.515087,2.3683032110188798
2024-11-26 03:30:00,24.11774918333333,23.75584971666667,27.75056,3.6328115771647163
2024-11-26 04:00:00,25.350635666666665,23.92549488333333,28.124722,2.774085860432944
2024-11-26 04:30:00,24.39094611666667,24.806458000000003,26.638073,2.247126850862628
2024-11-26 05:00:00,24.453984916666663,21.47406748333333,23.908596,-0.5453888778483034
2024-11-26 05:30:00,15.989029516666667,16.96385285,16.982006,0.9929765563313797
2024-11-26 06:00:00,-1.5970301333333332,6.629645033333333,7.181774,8.77880427273763
2024-11-26 06:30:00,-10.653260416666669,-0.9272423999999994,-6.214756,4.438504404703778
2024-11-26 07:00:00,-29.378797916666667,-18.91015223333333,-25.127415,4.251383213297526
2024-11-26 07:30:00,-54.29768503333333,-38.561473283333335,-45.47478,8.822903996956377
2024-11-26 08:00:00,-79.32325918333333,-65.84192726666667,-66.301956,13.021303006575522
2024-11-26 08:30:00,-105.9995167,-83.87454501666667,-88.11569,17.883824561328126
2024-11-26 09:00:00,-119.86643328333334,-100.488982,-102.858765,17.007668634895836
2024-11-26 09:30:00,-134.8472679333333,-121.16492498333332,-116.826996,18.02027208372394
2024-11-26 10:00:00,-148.60847283333334,-126.27960535,-127.476746,21.131727227864587
2024-11-26 10:30:00,-153.17926626666667,-117.06920223333331,-135.40248,17.77678518756511
2024-11-26 11:00:00,-158.62428555,-116.06463175,-139.94788,18.676409573437496
2024-11-26 11:30:00,-168.62839713333332,-116.1431505,-141.39743,27.230966713411448
2024-11-26 12:00:00,-168.53805624999998,-113.58788261666666,-141.58267,26.955384130859358
2024-11-26 12:30:00,-157.77661895,-104.7898583,-138.55637,19.220252983203125
2024-11-26 13:00:00,-149.76798396666666,-96.40585905,-130.16118,19.606805377799475
2024-11-26 13:30:00,-140.02637835,-93.94808501666668,-121.6078,18.418575005273425
2024-11-26 14:00:00,-119.58903933333332,-77.61949905,-108.00892,11.580120571126287
2024-11-26 14:30:00,-113.73772663333334,-56.18323448333334,-90.97301,22.7647194311849
2024-11-26 15:00:00,-81.41086223333333,-53.405094350000006,-73.6611,7.749759938411458
2024-11-26 15:30:00,-60.981572166666666,-52.46148436666667,-53.98032,7.0012521898600255
2024-11-26 16:00:00,-23.380357816666663,-39.00241281666667,-34.695683,-11.315324708968102
2024-11-26 16:30:00,-0.756881600000001,-19.654458916666663,-17.00455,-16.24766933383789
2024-11-26 17:00:00,21.09181978333333,1.1669466666666664,0.48374557,-20.60807420838216
2024-11-26 17:30:00,36.05346266666667,19.17296616666667,16.107815,-19.94564787784831
2024-11-26 18:00:00,44.39593489999999,30.4875023,29.635021,-14.760913690283196
2024-11-26 18:30:00,50.14118223333333,38.758257783333335,38.99896,-11.142223645686848
2024-11-26 19:00:00,63.96315428333333,36.34230565,45.704037,-18.259117570686847
2024-11-26 19:30:00,68.76290886666666,43.637503316666674,48.348217,-20.414691856168616
2024-11-26 20:00:00,58.50071905,35.85932333333333,49.0809,-9.419820765087891
2024-11-26 20:30:00,46.554319883333335,36.76387335,46.811367,0.25704715157877445
2024-11-26 21:00:00,48.138697666666665,38.08349561666667,41.60107,-6.537627262613931
2024-11-26 21:30:00,49.46464108333333,41.466938733333336,38.52891,-10.935729492757162
2024-11-26 22:00:00,38.33827736666667,40.55800386666667,36.38072,-1.9575591354654946
2024-11-26 22:30:00,38.00241295,34.35500616666667,35.630657,-2.371755753955078
2024-11-26 23:00:00,35.7824487,34.51065753333334,33.38757,-2.394879272509769
2024-11-26 23:30:00,32.93786336666667,33.282551166666664,32.779797,-0.15806676632487182
2024-11-27 00:00:00,31.74310903333333,31.243746,28.699108,-3.0440009095540326
2024-11-27 00:30:00,31.93023015,30.03601625,26.22073,-5.7095003221191405
2024-11-27 01:00:00,31.92458958333333,27.27221225,24.344707,-7.579882094319657
2024-11-27 01:30:00,29.8572199,24.563442266666662,23.590954,-6.266266073095704
2024-11-27 02:00:00,28.725096116666663,23.848934466666663,23.115398,-5.609697709684241
2024-11-27 02:30:00,28.4407793,24.13817383333333,24.487865,-3.952913852001952
2024-11-27 03:00:00,27.589863516666668,25.146783916666667,26.110302,-1.479561545231121
2024-11-27 03:30:00,27.46636638333333,24.11774918333333,25.614605,-1.8517614333821584
2024-11-27 04:00:00,26.001888416666663,25.350635666666665,26.88403,0.8821409717610713
2024-11-27 04:30:00,27.47329963333333,24.39094611666667,23.789425,-3.6838747370930953
2024-11-27 05:00:00,29.710541133333336,24.453984916666663,21.42036,-8.29018056814779
2024-11-27 05:30:00,23.825046766666663,15.989029516666667,16.978573,-6.846473921207679
2024-11-27 06:00:00,15.759097916666668,-1.5970301333333332,7.371517,-8.387580735270184
2024-11-27 06:30:00,-1.3911618166666664,-10.653260416666669,-5.9783516,-4.587189776350912
2024-11-27 07:00:00,-10.206722116666668,-29.378797916666667,-23.535892,-13.329170369905597
2024-11-27 07:30:00,-23.49807668333333,-54.29768503333333,-46.75356,-23.255482429215498
2024-11-27 08:00:00,-34.83542621666667,-79.32325918333333,-68.02617,-33.19074260657552
2024-11-27 08:30:00,-48.09617995,-105.9995167,-88.46222,-40.36603928828125
2024-11-27 09:00:00,-75.11906783333333,-119.86643328333334,-106.38195,-31.262882545084636
2024-11-27 09:30:00,-86.64206378333334,-134.8472679333333,-120.919945,-34.27788097985025
2024-11-27 10:00:00,-107.80807501666668,-148.60847283333334,-130.8638,-23.055725032161448
2024-11-27 10:30:00,-106.74693921666666,-153.17926626666667,-138.83533,-32.08838793177084
2024-11-27 11:00:00,-94.3187116,-158.62428555,-143.72444,-49.40572992832031
2024-11-27 11:30:00,-99.15343838333332,-168.62839713333332,-145.11963,-45.966190522916676
2024-11-27 12:00:00,-121.81726113333332,-168.53805624999998,-144.63547,-22.818206395963557
2024-11-27 12:30:00,-118.51917835,-157.77661895,-140.80339,-22.284212152929683
2024-11-27 13:00:00,-109.54224226666668,-149.76798396666666,-133.12918,-23.58693864153645
2024-11-27 13:30:00,-117.21706336666666,-140.02637835,-123.78555,-6.56848961184896
2024-11-27 14:00:00,-100.32147945,-119.58903933333332,-110.544975,-10.22349583076172
2024-11-27 14:30:00,-66.27529388333333,-113.73772663333334,-96.371124,-30.095830384244792
2024-11-27 15:00:00,-60.262242183333335,-81.41086223333333,-78.9926,-18.730357303971353
2024-11-27 15:30:00,-53.047157733333336,-60.981572166666666,-58.069782,-5.022624523746742
2024-11-27 16:00:00,-34.19296116666666,-23.380357816666663,-36.52869,-2.3357291714681025
2024-11-27 16:30:00,-28.5822946,-0.756881600000001,-15.922565,12.659729139794923
2024-11-27 17:00:00,-6.6165379,21.09181978333333,1.0611382,7.677676053076172
2024-11-27 17:30:00,31.0639643,36.05346266666667,15.286938,-15.777026586376952
2024-11-27 18:00:00,35.9696304,44.39593489999999,29.247356,-6.722273985205078
2024-11-27 18:30:00,39.00723111666667,50.14118223333333,37.405193,-1.6020377878092447
2024-11-27 19:00:00,45.10638318333333,63.96315428333333,44.981213,-0.12517056736653132
2024-11-27 19:30:00,49.22772281666667,68.76290886666666,48.80972,-0.4180037309733109
2024-11-27 20:00:00,47.814051166666665,58.50071905,51.68542,3.871369823323569
2024-11-27 20:30:00,46.46228558333333,46.554319883333335,50.688335,4.226049835367839
2024-11-27 21:00:00,41.21223455,48.138697666666665,47.166714,5.954479164599611
2024-11-27 21:30:00,36.94710045,49.46464108333333,45.710217,8.763116072216796
2024-11-27 22:00:00,32.34858151666667,38.33827736666667,43.021664,10.673082149104815
2024-11-27 22:30:00,34.96625845,38.00241295,40.536617,5.570358829052736
2024-11-27 23:00:00,33.5193482,35.7824487,36.11146,2.5921134394042937
2024-11-27 23:30:00,31.87222995,32.93786336666667,31.681805,-0.19042529301757938
2024-11-28 00:00:00,28.867917766666665,31.74310903333333,29.60339,0.7354719733235697
2024-11-28 00:30:00,25.447474666666665,31.93023015,27.138348,1.6908729590657572
2024-11-28 01:00:00,24.89362885,31.92458958333333,25.218472,0.32484267709961046
2024-11-28 01:30:00,24.35050325,29.8572199,24.361523,0.01101942456054772
2024-11-28 02:00:00,24.035501016666668,28.725096116666663,24.521694,0.4861931666829413
2024-11-28 02:30:00,25.10952333333333,28.4407793,24.148586,-0.9609370601399689
2024-11-28 03:00:00,24.79511225,27.589863516666668,25.43243,0.6373180173339854
2024-11-28 03:30:00,26.9818911,27.46636638333333,25.28439,-1.6975016041503892
2024-11-28 04:00:00,25.392756450000004,26.001888416666663,25.46725,0.07449437397460557
2024-11-28 04:30:00,26.32489995,27.47329963333333,24.065685,-2.259214677783202
2024-11-28 05:00:00,25.41932493333333,29.710541133333336,20.547405,-4.871919690413407
2024-11-28 05:30:00,18.24390333333333,23.825046766666663,13.932949,-4.310954267171219
2024-11-28 06:00:00,2.4309366333333333,15.759097916666668,3.2891045,0.8581678283365886
2024-11-28 06:30:00,-7.268472766666666,-1.3911618166666664,-11.1778145,-3.909341716975912
2024-11-28 07:00:00,-27.81219103333333,-10.206722116666668,-29.486744,-1.674552893668622
2024-11-28 07:30:00,-49.30546271666666,-23.49807668333333,-49.444447,-0.13898384705404254
2024-11-28 08:00:00,-56.11218134999999,-34.83542621666667,-69.15767,-13.04548771738282
2024-11-28 08:30:00,-76.26598015,-48.09617995,-89.57603,-13.310046766503902
2024-11-28 09:00:00,-83.03218686666666,-75.11906783333333,-103.83791,-20.80572664651693
2024-11-28 09:30:00,-97.98027898333332,-86.64206378333334,-116.001854,-18.021574959537773
2024-11-28 10:00:00,-98.94818381666666,-107.80807501666668,-126.48184,-27.53365822434897
2024-11-28 10:30:00,-95.07735046666666,-106.74693921666666,-133.72658,-38.649227292122404
2024-11-28 11:00:00,-101.0385378,-94.3187116,-137.42993,-36.391393840625
2024-11-28 11:30:00,-122.98042311666666,-99.15343838333332,-137.68585,-14.705428934114593
2024-11-28 12:00:00,-121.27272736666669,-121.81726113333332,-136.93109,-15.658363941927064
2024-11-28 12:30:00,-101.85865045,-118.51917835,-135.20369,-33.34503912519531
2024-11-28 13:00:00,-87.61475335,-109.54224226666668,-126.24286,-38.62810553671875
2024-11-28 13:30:00,-82.20596238333333,-117.21706336666666,-115.1311,-32.92514113229167
2024-11-28 14:00:00,-74.80948931666667,-100.32147945,-102.744576,-27.93508618382161
2024-11-28 14:30:00,-66.75921623333333,-66.27529388333333,-84.72051,-17.961296156803385
2024-11-28 15:00:00,-61.90014823333333,-60.262242183333335,-66.6805,-4.78034798248698
2024-11-28 15:30:00,-45.20595158333333,-53.047157733333336,-47.987125,-2.781173813395185
2024-11-28 16:00:00,-26.15635265,-34.19296116666666,-26.233097,-0.07674442641601686
2024-11-28 16:30:00,-7.040882550000002,-28.5822946,-8.916935,-1.8760524170410138
2024-11-28 17:00:00,-5.011380033333333,-6.6165379,7.222454,12.233834104378255
2024-11-28 17:30:00,15.61607105,31.0639643,21.373272,5.7572008921386715
2024-11-28 18:00:00,33.071160033333335,35.9696304,31.979687,-1.0914732962727882
2024-11-28 18:30:00,37.98473276666667,39.00723111666667,39.65507,1.6703384918782547
2024-11-28 19:00:00,40.31676005,45.10638318333333,44.07658,3.7598199976074227
2024-11-28 19:30:00,40.72963948333334,49.22772281666667,49.536617,8.806977795719398
2024-11-28 20:00:00,47.63862718333333,47.814051166666665,50.193356,2.5547283769694076
2024-11-28 20:30:00,41.33512555,46.46228558333333,48.781017,7.445891753466796
2024-11-28 21:00:00,42.72203605000001,41.21223455,45.35145,2.62941582377929
2024-11-28 21:30:00,38.098824066666666,36.94710045,43.007534,4.908709960432944
2024-11-28 22:00:00,37.4446515,32.34858151666667,39.242916,1.7982646071777353
2024-11-28 22:30:00,35.8271682,34.96625845,36.01701,0.1898415351074192
2024-11-28 23:00:00,34.41895775,33.5193482,34.153713,-0.26524452368163765
2024-11-28 23:30:00,33.09127555,31.87222995,32.48863,-0.602647162548827
2024-11-29 00:00:00,30.293798366666664,28.867917766666665,28.765682,-1.5281161462076795
2024-11-29 00:30:00,26.95926575,25.447474666666665,25.95747,-1.0017958098144533
2024-11-29 01:00:00,26.83887051666667,24.89362885,25.230679,-1.608191958317061
2024-11-29 01:30:00,24.86031015,24.35050325,22.899715,-1.9605947264160157
2024-11-29 02:00:00,24.8120666,24.035501016666668,24.761288,-0.05077891079101704
2024-11-29 02:30:00,24.3035662,25.10952333333333,28.605694,4.302127617138673
2024-11-29 03:00:00,24.865446116666664,24.79511225,28.518536,3.6530894973470076
2024-11-29 03:30:00,24.1252227,26.9818911,29.048046,4.9228234120605485
2024-11-29 04:00:00,28.16123445,25.392756450000004,27.080502,-1.080732893603514
2024-11-29 04:30:00,27.7760751,26.32489995,23.728329,-4.0477463951660155
2024-11-29 05:00:00,26.038955016666662,25.41932493333333,21.402187,-4.636767669254553
2024-11-29 05:30:00,19.049477133333333,18.24390333333333,15.605389,-3.4440884919759114
2024-11-29 06:00:00,3.695333483333334,2.4309366333333333,5.379772,1.6844387029459629
2024-11-29 06:30:00,-8.085959483333333,-7.268472766666666,-9.384296,-1.2983369339029949
2024-11-29 07:00:00,-26.690786666666668,-27.81219103333333,-27.208286,-0.5174996187337229
2024-11-29 07:30:00,-38.24279168333333,-49.30546271666666,-46.487995,-8.245203464371748
2024-11-29 08:00:00,-50.86696555,-56.11218134999999,-65.8705,-15.00353310722656
2024-11-29 08:30:00,-70.81522386666667,-76.26598015,-84.4932,-13.677978342805986
2024-11-29 09:00:00,-94.89143065,-83.03218686666666,-99.172874,-4.28144380068359
2024-11-29 09:30:00,-106.82181655,-97.98027898333332,-112.40915,-5.587332619921881
2024-11-29 10:00:00,-111.14500371666666,-98.94818381666666,-122.159355,-11.014351446907554
2024-11-29 10:30:00,-101.80344118333332,-95.07735046666666,-129.69724,-27.893793924088556
2024-11-29 11:00:00,-102.76963438333333,-101.0385378,-131.45828,-28.6886480873698
2024-11-29 11:30:00,-112.33687823333334,-122.98042311666666,-132.77026,-20.433385438541663
2024-11-29 12:00:00,-122.05624955,-121.27272736666669,-131.87459,-9.818338462695309
2024-11-29 12:30:00,-109.74172126666669,-101.85865045,-128.4266,-18.684883957942688
2024-11-29 13:00:00,-105.24887605,-87.61475335,-118.17219,-12.923311755175774
2024-11-29 13:30:00,-100.9989665,-82.20596238333333,-107.714355,-6.7153889687500055
2024-11-29 14:00:00,-80.25663401666667,-74.80948931666667,-93.72862,-13.471988419856771
2024-11-29 14:30:00,-83.2409684,-66.75921623333333,-77.375244,5.865724259375
2024-11-29 15:00:00,-69.85107948333332,-61.90014823333333,-60.091908,9.759171982112619
2024-11-29 15:30:00,-48.85144783333334,-45.20595158333333,-44.48731,4.364139331136073
2024-11-29 16:00:00,-28.582504900000004,-26.15635265,-26.666965,1.915539415380863
2024-11-29 16:30:00,-12.843403033333333,-7.040882550000002,-7.1958504,5.64755266101888
2024-11-29 17:00:00,-0.0392788333333339,-5.011380033333333,6.6236076,6.662886468831381
2024-11-29 17:30:00,17.79481601666667,15.61607105,18.312435,0.5176191334798155
2024-11-29 18:00:00,31.53979115,33.071160033333335,28.936779,-2.6030121277832023
2024-11-29 18:30:00,36.56240706666667,37.98473276666667,37.861065,1.2986578442219994
2024-11-29 19:00:00,38.26247735,40.31676005,41.536266,3.2737889769042994
2024-11-29 19:30:00,36.5079829,40.72963948333334,45.83906,9.331078837060545
2024-11-29 20:00:00,34.98242308333334,47.63862718333333,46.540264,11.557841046305334
2024-11-29 20:30:00,37.660508316666665,41.33512555,44.951687,7.291178542464195
2024-11-29 21:00:00,38.48130328333333,42.72203605000001,42.806255,4.3249520572428395
2024-11-29 21:30:00,38.911006666666665,38.098824066666666,40.469982,1.5589754805501315
2024-11-29 22:00:00,36.12704103333333,37.4446515,38.604992,2.4779508795084695
2024-11-29 22:30:00,34.17830463333333,35.8271682,36.042187,1.8638821037272137
2024-11-29 23:00:00,33.35497876666667,34.41895775,34.751446,1.396467003597003
2024-11-29 23:30:00,30.977964116666666,33.09127555,30.614422,-0.36354227218424384
2024-11-30 00:00:00,31.19538405,30.293798366666664,28.532238,-2.6631460434082044
2024-11-30 00:30:00,29.6633595,26.95926575,26.356304,-3.3070553312988267
2024-11-30 01:00:00,30.339017116666668,26.83887051666667,26.606411,-3.732606136442058
2024-11-30 01:30:00,28.40910545,24.86031015,23.954082,-4.4550229609863266
2024-11-30 02:00:00,27.1461398,24.8120666,24.66595,-2.480189024853516
2024-11-30 02:30:00,26.8387528,24.3035662,26.338741,-0.5000114975097674
2024-11-30 03:00:00,28.461963416666663,24.865446116666664,26.960903,-1.5010602489420535
2024-11-30 03:30:00,27.30268735,24.1252227,25.7561,-1.546587649072265
2024-11-30 04:00:00,25.90124003333333,28.16123445,24.80029,-1.100950879280596
2024-11-30 04:30:00,25.73017151666667,27.7760751,25.61993,-0.11024124933268453
2024-11-30 05:00:00,30.0979135,26.038955016666662,25.2653,-4.832612749267579
2024-11-30 05:30:00,30.11244113333333,19.049477133333333,19.118252,-10.994189332796221
2024-11-30 06:00:00,25.707660283333336,3.695333483333334,9.828701,-15.878959264046227
2024-11-30 06:30:00,15.38759285,-8.085959483333333,-5.1292915,-20.51688438442383
2024-11-30 07:00:00,2.7485644,-26.690786666666668,-22.990574,-25.73913828305664
2024-11-30 07:30:00,-1.6948101999999998,-38.24279168333333,-40.415363,-38.72055311176758
2024-11-30 08:00:00,-15.9433937,-50.86696555,-62.002598,-46.05920410883789
2024-11-30 08:30:00,-16.010525666666666,-70.81522386666667,-78.93686,-62.92633346419271
2024-11-30 09:00:00,-31.17841543333334,-94.89143065,-95.24599,-64.06757150514322
2024-11-30 09:30:00,-35.6094959,-106.82181655,-108.12018,-72.51068232265625
2024-11-30 10:00:00,-41.486621633333336,-111.14500371666666,-116.58369,-75.09706519527995
2024-11-30 10:30:00,-48.46328736666666,-101.80344118333332,-120.27016,-71.8068694936849
2024-11-30 11:00:00,-52.67478113333333,-102.76963438333333,-121.65135,-68.9765707953776
2024-11-30 11:30:00,-63.7056314,-112.33687823333334,-121.43543,-57.72980103408203
2024-11-30 12:00:00,-63.729985166666665,-122.05624955,-119.5854,-55.85541827571615
2024-11-30 12:30:00,-71.57252168333333,-109.74172126666669,-115.623276,-44.0507540735026
2024-11-30 13:00:00,-59.43240828333334,-105.24887605,-108.39853,-48.96612076940104
2024-11-30 13:30:00,-58.4586237,-100.9989665,-99.68582,-41.22719783320313
2024-11-30 14:00:00,-63.13713430000001,-80.25663401666667,-86.926956,-23.789821876757806
2024-11-30 14:30:00,-60.80981625,-83.2409684,-75.15871,-14.348890415039065
2024-11-30 15:00:00,-60.50072725,-69.85107948333332,-59.2999,1.2008271950683564
2024-11-30 15:30:00,-52.0416922,-48.85144783333334,-43.064503,8.977189483935547
2024-11-30 16:00:00,-35.71985673333333,-28.582504900000004,-25.42966,10.29019593621419
2024-11-30 16:30:00,-22.252766500000003,-12.843403033333333,-8.229313,14.023453603271488
2024-11-30 17:00:00,-8.81644835,-0.0392788333333339,6.334347,15.150795121240234
2024-11-30 17:30:00,0.1976437833333329,17.79481601666667,17.618145,17.42050120568034
2024-11-30 18:00:00,7.665430149999999,31.53979115,29.67654,22.01111022475586
2024-11-30 18:30:00,21.208790516666667,36.56240706666667,38.874264,17.665473246761067
2024-11-30 19:00:00,35.25614263333333,38.26247735,42.404415,7.148272497281901
2024-11-30 19:30:00,41.65394671666667,36.5079829,44.165264,2.511317412972005
2024-11-30 20:00:00,47.07476541666667,34.98242308333334,44.403744,-2.6710216727701876
2024-11-30 20:30:00,41.80870001666667,37.660508316666665,42.69807,0.8893705094563771
2024-11-30 21:00:00,41.16849783333333,38.48130328333333,39.50613,-1.662367614827474
2024-11-30 21:30:00,35.17888936666667,38.911006666666665,38.74049,3.56160059305013
2024-11-30 22:00:00,33.528923400000004,36.12704103333333,37.552975,4.024051300927731
2024-11-30 22:30:00,33.23055278333333,34.17830463333333,34.993206,1.7626532408365918
2024-11-30 23:00:00,30.278374866666667,33.35497876666667,32.74188,2.4635036428548176
2024-11-30 23:30:00,31.650835533333336,30.977964116666666,30.798687,-0.8521485521321637
2024-12-01 00:00:00,27.65099445,31.19538405,28.719036,1.068041652294923
2024-12-01 00:30:00,24.80217073333333,29.6633595,27.130932,2.3287611209147165
2024-12-01 01:00:00,25.35290343333333,30.339017116666668,25.196346,-0.15655715037434703
2024-12-01 01:30:00,24.937726,28.40910545,23.211864,-1.7258615285644545
2024-12-01 02:00:00,24.04398448333333,27.1461398,20.579708,-3.4642763839680946
2024-12-01 02:30:00,25.734417116666663,26.8387528,21.92593,-3.8084870934733033
2024-12-01 03:00:00,26.2203907,28.461963416666663,24.528347,-1.69204368461914
2024-12-01 03:30:00,27.88047613333333,27.30268735,25.285854,-2.5946217937337224
2024-12-01 04:00:00,25.92650558333333,25.90124003333333,25.44122,-0.4852862534993463
2024-12-01 04:30:00,25.52382101666667,25.73017151666667,24.050198,-1.4736234153483103
2024-12-01 05:00:00,21.510446016666663,30.0979135,19.713894,-1.7965521262858033
2024-12-01 05:30:00,15.16470325,30.11244113333333,15.934231,0.7695275544433589
2024-12-01 06:00:00,3.6993808,25.707660283333336,7.4401817,3.7408009321777342
2024-12-01 06:30:00,-13.071142133333334,15.38759285,-4.6652565,8.405885633089193
2024-12-01 07:00:00,-34.58738896666667,2.7485644,-17.508503,17.078886006461595
2024-12-01 07:30:00,-46.71201703333333,-1.6948101999999998,-32.94051,13.771507237190754
2024-12-01 08:00:00,-66.91831718333333,-15.9433937,-50.13373,16.784585341292313
2024-12-01 08:30:00,-84.60726498333334,-16.010525666666666,-64.448975,20.158290373958337
2024-12-01 09:00:00,-100.03375876666666,-31.17841543333334,-78.636,21.397757179752602
2024-12-01 09:30:00,-132.70547066666666,-35.6094959,-89.435135,43.270335778971344
2024-12-01 10:00:00,-130.05051054999998,-41.486621633333336,-96.67442,33.37608733222655
2024-12-01 10:30:00,-118.76588173333334,-48.46328736666666,-102.26429,16.501591877376313
2024-12-01 11:00:00,-118.71562068333331,-52.67478113333333,-106.35142,12.364203141829407
2024-12-01 11:30:00,-126.06077605,-63.7056314,-106.42795,19.632828051953126
2024-12-01 12:00:00,-103.98151381666668,-63.729985166666665,-104.65772,-0.6762086564778542
2024-12-01 12:30:00,-108.50780118333334,-71.57252168333333,-102.75114,5.756664403548186
2024-12-01 13:00:00,-118.27061875,-59.43240828333334,-95.27207,22.99854691162109
2024-12-01 13:30:00,-104.30094953333334,-58.4586237,-85.24248,19.05847211634115
2024-12-01 14:00:00,-89.07800315000001,-63.13713430000001,-76.22304,12.854965430273452
2024-12-01 14:30:00,-64.71309558333333,-60.80981625,-65.19406,-0.48096569596354755
2024-12-01 15:00:00,-61.10478205,-60.50072725,-53.10245,8.002330725537107
2024-12-01 15:30:00,-58.00950178333333,-52.0416922,-39.031254,18.97824796863606
2024-12-01 16:00:00,-47.37563446666667,-35.71985673333333,-22.11539,25.260243689078777
2024-12-01 16:30:00,-29.91604961666667,-22.252766500000003,-6.0144234,23.90162624630534
2024-12-01 17:00:00,-0.5993333166666669,-8.81644835,5.5582848,6.157618076188151
2024-12-01 17:30:00,11.02173285,0.1976437833333329,15.837353,4.8156199026855475
2024-12-01 18:00:00,19.78442885,7.665430149999999,26.32893,6.544501051123046
2024-12-01 18:30:00,31.175351566666667,21.208790516666667,31.81506,0.6397080951985679
2024-12-01 19:00:00,38.5817384,35.25614263333333,37.241833,-1.3399056668457021
2024-12-01 19:30:00,43.330618433333335,41.65394671666667,41.311153,-2.0194650214681005
2024-12-01 20:00:00,42.301956716666666,47.07476541666667,41.965908,-0.33604866612955675
2024-12-01 20:30:00,39.38931493333333,41.80870001666667,39.604702,0.21538706251627815
2024-12-01 21:00:00,42.17699995,41.16849783333333,37.980038,-4.196962260791018
2024-12-01 21:30:00,40.96787433333333,35.17888936666667,37.350796,-3.617078587483718
2024-12-01 22:00:00,39.2226544,33.528923400000004,36.265408,-2.957246837744144
2024-12-01 22:30:00,32.95397583333333,33.23055278333333,34.378765,1.4247892728678409
2024-12-01 23:00:00,36.51255561666667,30.278374866666667,34.073635,-2.4389205153483076
2024-12-01 23:30:00,31.54288671666667,31.650835533333336,31.265118,-0.27776907140299656
2024-12-02 00:00:00,33.417021633333334,27.65099445,28.526623,-4.890398861116537
2024-12-02 00:30:00,29.7220735,24.80217073333333,28.183758,-1.5383157180175786
2024-12-02 01:00:00,26.75601573333333,25.35290343333333,26.86671,0.11069492950846538
2024-12-02 01:30:00,25.99376668333333,24.937726,26.88464,0.8908730566569041
2024-12-02 02:00:00,26.978302666666668,24.04398448333333,27.12199,0.143687537190754
2024-12-02 02:30:00,28.25691731666667,25.734417116666663,27.136593,-1.120324451676435
2024-12-02 03:00:00,27.61935958333333,26.2203907,26.938564,-0.6807952827962218
2024-12-02 03:30:00,27.91938323333333,27.88047613333333,28.421291,0.5019081179850282
2024-12-02 04:00:00,31.728196,25.92650558333333,28.843456,-2.8847397316894536
2024-12-02 04:30:00,32.087494883333335,25.52382101666667,26.585125,-5.502369913850913
2024-12-02 05:00:00,23.22435773333333,21.510446016666663,23.097057,-0.12730039080403444
2024-12-02 05:30:00,12.191320516666666,15.16470325,18.911861,6.720540903011068
2024-12-02 06:00:00,-5.612500566666665,3.6993808,11.659878,17.272378343766274
2024-12-02 06:30:00,-14.128050483333334,-13.071142133333334,0.48038864,14.608439124690756
2024-12-02 07:00:00,-44.89139045,-34.58738896666667,-14.301594,30.589796669482425
2024-12-02 07:30:00,-72.7999852,-46.71201703333333,-31.437962,41.362023621630854
2024-12-02 08:00:00,-93.42475951666668,-66.91831718333333,-48.286716,45.13804305548504
2024-12-02 08:30:00,-122.75652325,-84.60726498333334,-64.82512,57.93140423144531
2024-12-02 09:00:00,-135.34890228333333,-100.03375876666666,-80.29825,55.050653992317706
2024-12-02 09:30:00,-162.36115953333334,-132.70547066666666,-91.29279,71.06836625940755
2024-12-02 10:00:00,-171.80476355,-130.05051054999998,-102.00868,69.79608129902343
2024-12-02 10:30:00,-169.61221046666665,-118.76588173333334,-110.44908,59.163129045768216
2024-12-02 11:00:00,-169.4536332,-118.71562068333331,-113.32753,56.12610329277345
2024-12-02 11:30:00,-170.9280868666667,-126.06077605,-113.64538,57.28270875387372
2024-12-02 12:00:00,-154.19745211666665,-103.98151381666668,-113.57089,40.62655978268228
2024-12-02 12:30:00,-148.33734381666667,-108.50780118333334,-111.26065,37.07669318190105
2024-12-02 13:00:00,-148.41535495,-118.27061875,-105.982956,42.43239901738281
2024-12-02 13:30:00,-134.76719508333335,-104.30094953333334,-98.42121,36.34598384065757
2024-12-02 14:00:00,-95.35778163333332,-89.07800315000001,-88.2142,7.1435787524739425
2024-12-02 14:30:00,-65.94134676666667,-64.71309558333333,-75.26814,-9.326795933528643
2024-12-02 15:00:00,-52.01016618333333,-61.10478205,-61.028034,-9.017868026871746
2024-12-02 15:30:00,-37.3049256,-58.00950178333333,-45.28731,-7.982385953955081
2024-12-02 16:00:00,-11.830880633333337,-47.37563446666667,-30.769825,-18.938944348356117
2024-12-02 16:30:00,9.562780533333331,-29.91604961666667,-14.772388,-24.335168991585284
2024-12-02 17:00:00,25.35242453333333,-0.5993333166666669,-1.0089455,-26.36136999842122
2024-12-02 17:30:00,33.88197218333333,11.02173285,11.828808,-22.053164352522785
2024-12-02 18:00:00,50.92186118333333,19.78442885,24.503628,-26.418233406233718
2024-12-02 18:30:00,53.45730163333334,31.175351566666667,31.95457,-21.502730863069665
2024-12-02 19:00:00,53.20376665,38.5817384,36.97392,-16.229847735205077
2024-12-02 19:30:00,45.91252933333333,43.330618433333335,41.384777,-4.527752264241535
2024-12-02 20:00:00,55.463833316666665,42.301956716666666,43.037197,-12.426636203629556
2024-12-02 20:30:00,47.71442503333333,39.38931493333333,42.643826,-5.070599502327468
2024-12-02 21:00:00,50.12089173333334,42.17699995,41.804165,-8.316726846858728
2024-12-02 21:30:00,44.0531149,40.96787433333333,37.97285,-6.08026410043945
2024-12-02 22:00:00,42.72082938333333,39.2226544,35.468822,-7.252006904085285
2024-12-02 22:30:00,40.31633178333333,32.95397583333333,34.49246,-5.823873439827473
2024-12-02 23:00:00,38.94676545,36.51255561666667,33.650616,-5.296149757861329
2024-12-02 23:30:00,35.668483316666666,31.54288671666667,31.538052,-4.130431711442057
2024-12-03 00:00:00,29.96766823333333,33.417021633333334,29.374996,-0.5926720480305967
2024-12-03 00:30:00,31.52004666666667,29.7220735,26.6011,-4.91894574503581
2024-12-03 01:00:00,30.5632878,26.75601573333333,25.20744,-5.355848377392579
2024-12-03 01:30:00,28.03829853333333,25.99376668333333,23.858242,-4.180056498421219
2024-12-03 02:00:00,28.104647383333333,26.978302666666668,23.979946,-4.124701246858724
2024-12-03 02:30:00,27.97958675,28.25691731666667,23.242977,-4.736609607666015
2024-12-03 03:00:00,27.69034723333333,27.61935958333333,23.464733,-4.225614109554034
2024-12-03 03:30:00,27.782662716666664,27.91938323333333,23.389385,-4.393277493277992
2024-12-03 04:00:00,28.2672262,31.728196,25.074276,-3.1929502295410153
2024-12-03 04:30:00,29.64525251666667,32.087494883333335,25.681973,-3.9632800130045602
2024-12-03 05:00:00,29.49111673333333,23.22435773333333,23.591396,-5.899720401546222
2024-12-03 05:30:00,25.1077461,12.191320516666666,19.488338,-5.619407629541016
2024-12-03 06:00:00,21.07776435,-5.612500566666665,9.765301,-11.312463599267577
2024-12-03 06:30:00,5.570642433333333,-14.128050483333334,-3.760746,-9.331388435530599
2024-12-03 07:00:00,-15.422305866666669,-44.89139045,-20.340626,-4.918319896272784
2024-12-03 07:30:00,-26.592952866666664,-72.7999852,-39.385838,-12.792884688264976
2024-12-03 08:00:00,-28.47292656666667,-93.42475951666668,-59.7652,-31.292275001936847
2024-12-03 08:30:00,-42.32422445,-122.75652325,-75.60803,-33.2838077765625
2024-12-03 09:00:00,-57.0117661,-135.34890228333333,-92.09205,-35.08028254501953
2024-12-03 09:30:00,-63.95467056666666,-162.36115953333334,-103.0417,-39.087031703841156
2024-12-03 10:00:00,-96.57938158333332,-171.80476355,-113.18254,-16.603159310221372
2024-12-03 10:30:00,-116.06564556666666,-169.61221046666665,-122.04541,-5.97976458958334
2024-12-03 11:00:00,-113.47090303333334,-169.4536332,-124.946175,-11.475271588248688
2024-12-03 11:30:00,-115.06018261666668,-170.9280868666667,-125.61736,-10.557180359407539
2024-12-03 12:00:00,-109.20186781666666,-154.19745211666665,-123.34767,-14.1458036921224
2024-12-03 12:30:00,-106.89988941666668,-148.33734381666667,-119.39295,-12.49306254866535
2024-12-03 13:00:00,-94.9969206,-148.41535495,-111.771095,-16.77417467587891
2024-12-03 13:30:00,-85.0376256,-134.76719508333335,-104.183365,-19.145739268164064
2024-12-03 14:00:00,-83.98141561666667,-95.35778163333332,-93.729965,-9.748549593294271
2024-12-03 14:30:00,-77.33133991666666,-65.94134676666667,-79.034615,-1.703274646321617
2024-12-03 15:00:00,-78.09215006666666,-52.01016618333333,-64.66873,13.423418377213537
2024-12-03 15:30:00,-71.42461055,-37.3049256,-48.753315,22.67129557807617
2024-12-03 16:00:00,-44.35772083333333,-11.830880633333337,-27.027378,17.33034275105794
2024-12-03 16:30:00,-27.663589916666663,9.562780533333331,-8.840824,18.822765789469397
2024-12-03 17:00:00,-12.126596233333336,25.35242453333333,7.0232964,19.14989258953451
2024-12-03 17:30:00,4.674200416666667,33.88197218333333,21.877987,17.203786491292316
2024-12-03 18:00:00,17.27649965,50.92186118333333,31.308071,14.031571486474608
2024-12-03 18:30:00,26.35948675,53.45730163333334,37.900753,11.541266271240236
2024-12-03 19:00:00,30.99402728333333,53.20376665,43.35432,12.360293242789716
2024-12-03 19:30:00,37.1992511,45.91252933333333,45.534817,8.335565641943361
2024-12-03 20:00:00,39.796286333333335,55.463833316666665,47.622982,7.82669569181315
2024-12-03 20:30:00,46.76702328333334,47.71442503333333,46.5043,-0.26272411951497787
2024-12-03 21:00:00,50.35041931666667,50.12089173333334,43.935055,-6.415364537613932
2024-12-03 21:30:00,44.97782725,44.0531149,41.10963,-3.8681966652832003
2024-12-03 22:00:00,36.9576111,42.72082938333333,38.98231,2.0247001487792957
2024-12-03 22:30:00,37.70644333333333,40.31633178333333,37.319668,-0.38677551717122327
2024-12-03 23:00:00,28.351237466666664,38.94676545,35.75082,7.399582693245446
2024-12-03 23:30:00,27.26113428333333,35.668483316666666,32.845333,5.584198816031904
2024-12-04 00:00:00,26.941540083333333,29.96766823333333,30.75349,3.811950364664714
2024-12-04 00:30:00,25.1673668,31.52004666666667,28.579006,3.4116393950683594
2024-12-04 01:00:00,24.921077333333333,30.5632878,24.462658,-0.458419404866536
2024-12-04 01:30:00,24.213224933333333,28.03829853333333,22.99435,-1.2188744999837233
2024-12-04 02:00:00,24.4919541,28.104647383333333,21.181301,-3.3106529830566416
2024-12-04 02:30:00,26.366229933333333,27.97958675,22.66824,-3.6979903398274736
2024-12-04 03:00:00,25.97940721666667,27.69034723333333,22.799053,-3.180354024527997
2024-12-04 03:30:00,26.177087316666668,27.782662716666664,21.577724,-4.599362859879559
2024-12-04 04:00:00,33.88476166666667,28.2672262,21.714153,-12.170608376871748
2024-12-04 04:30:00,31.58715258333333,29.64525251666667,20.365826,-11.22132693025716
2024-12-04 05:00:00,27.2635806,29.49111673333333,15.47929,-11.784290591455079
2024-12-04 05:30:00,16.957129650000002,25.1077461,7.792782,-9.164347820166018
2024-12-04 06:00:00,8.308971083333333,21.07776435,-1.0907784,-9.399749434163411
2024-12-04 06:30:00,-9.602543483333331,5.570642433333333,-13.159763,-3.557219852848309
2024-12-04 07:00:00,-25.799107333333332,-15.422305866666669,-29.462452,-3.6633446014811213
2024-12-04 07:30:00,-48.61625061666667,-26.592952866666664,-47.922215,0.6940361086100282
2024-12-04 08:00:00,-86.46208046666668,-28.47292656666667,-65.42691,21.035170066276052
2024-12-04 08:30:00,-121.5968422,-42.32422445,-80.86444,40.73240128203125
2024-12-04 09:00:00,-133.21247441666665,-57.0117661,-92.521034,40.691440175943995
2024-12-04 09:30:00,-151.77039549999998,-63.95467056666666,-102.30132,49.46907256298826
2024-12-04 10:00:00,-166.92906593333333,-96.57938158333332,-111.47205,55.4570124055013
2024-12-04 10:30:00,-171.9835737,-116.06564556666666,-117.56374,54.4198301086914
2024-12-04 11:00:00,-178.9196155,-113.47090303333334,-121.5374,57.382216208007804
2024-12-04 11:30:00,-178.02424265,-115.06018261666668,-121.554085,56.47015787216796
2024-12-04 12:00:00,-179.67078293333336,-109.20186781666666,-120.36276,59.30802048216148
2024-12-04 12:30:00,-170.84564353333334,-106.89988941666668,-116.74323,54.10241080628256
2024-12-04 13:00:00,-157.05007331666664,-94.9969206,-110.233475,46.81659858522133
2024-12-04 13:30:00,-144.40553163333334,-85.0376256,-100.20944,44.196089494661464
2024-12-04 14:00:00,-122.99919001666666,-83.98141561666667,-89.55889,33.44029872027994
2024-12-04 14:30:00,-106.72727876666666,-77.33133991666666,-74.33681,32.390471515690095
2024-12-04 15:00:00,-80.19893384999999,-78.09215006666666,-58.99352,21.205415020654286
2024-12-04 15:30:00,-70.0452055,-71.42461055,-44.305714,25.73949184643554
2024-12-04 16:00:00,-59.2193699,-44.35772083333333,-26.921848,32.297521602880856
2024-12-04 16:30:00,-39.701233316666666,-27.663589916666663,-10.460468,29.24076502443034
2024-12-04 17:00:00,-17.260929800000003,-12.126596233333336,2.7477226,20.008652425732425
2024-12-04 17:30:00,3.136464133333332,4.674200416666667,15.970165,12.833701119352215
2024-12-04 18:00:00,26.34108623333333,17.27649965,27.065044,0.7239581697428434
2024-12-04 18:30:00,42.23703666666666,26.35948675,34.09611,-8.14092536905924
2024-12-04 19:00:00,42.6732811,30.99402728333333,37.83192,-4.8413604762207
2024-12-04 19:30:00,44.16937838333333,37.1992511,42.106518,-2.0628605915852845
2024-12-04 20:00:00,48.958961816666665,39.796286333333335,45.013363,-3.945598932145181
2024-12-04 20:30:00,48.28031291666667,46.76702328333334,43.59274,-4.687573811442057
2024-12-04 21:00:00,48.5214063,50.35041931666667,42.259243,-6.262163288525393
2024-12-04 21:30:00,43.88421558333334,44.97782725,41.553493,-2.330722083577477
2024-12-04 22:00:00,42.17448253333333,36.9576111,40.867947,-1.306535908577473
2024-12-04 22:30:00,39.020798500000005,37.70644333333333,38.054058,-0.9667404250488332
2024-12-04 23:00:00,37.3678516,28.351237466666664,34.87962,-2.4882320016113297
2024-12-04 23:30:00,37.3981705,27.26113428333333,34.129726,-3.2684440900878897
2024-12-05 00:00:00,36.62494281666667,26.941540083333333,31.967175,-4.657768286637371
2024-12-05 00:30:00,37.39381286666667,25.1673668,32.020412,-5.373400421598312
2024-12-05 01:00:00,34.12945498333334,24.921077333333333,30.602291,-3.527163876155605
2024-12-05 01:30:00,32.19134165,24.213224933333333,29.323757,-2.867584478369139
2024-12-05 02:00:00,32.57170216666666,24.4919541,27.476223,-5.095479174723302
2024-12-05 02:30:00,32.5669269,26.366229933333333,28.132915,-4.434011403173827
2024-12-05 03:00:00,31.30849338333333,25.97940721666667,27.707592,-3.6009013728352848
2024-12-05 03:30:00,30.958555,26.177087316666668,25.360195,-5.598359840087891
2024-12-05 04:00:00,35.290534,33.88476166666667,25.402554,-9.887980441650392
2024-12-05 04:30:00,36.19743618333333,31.58715258333333,23.061565,-13.135870784163409
2024-12-05 05:00:00,25.94879435,27.2635806,17.80267,-8.146124824853516
2024-12-05 05:30:00,19.330518766666668,16.957129650000002,11.522549,-7.807970091129558
2024-12-05 06:00:00,9.042992866666667,8.308971083333333,3.980404,-5.062588966520183
2024-12-05 06:30:00,-8.9532466,-9.602543483333331,-7.9663734,0.9868731563964843
2024-12-05 07:00:00,-24.2663401,-25.799107333333332,-24.954502,-0.6881620057128899
2024-12-05 07:30:00,-47.00336463333334,-48.61625061666667,-43.14539,3.857975076448575
2024-12-05 08:00:00,-78.7558778,-86.46208046666668,-62.155445,16.60043270112304
2024-12-05 08:30:00,-101.12243508333334,-121.5968422,-81.79683,19.32560585970053
2024-12-05 09:00:00,-121.67904895,-133.21247441666665,-98.81966,22.859392577929682
2024-12-05 09:30:00,-129.00528831666665,-151.77039549999998,-109.94975,19.055535509049463
2024-12-05 10:00:00,-144.13583400000002,-166.92906593333333,-119.84252,24.293312332519548
2024-12-05 10:30:00,-158.70703061666666,-171.9835737,-127.8093,30.89772733297525
2024-12-05 11:00:00,-167.48016376666666,-178.9196155,-134.15381,33.326355172916664
2024-12-05 11:30:00,-170.73655169999998,-178.02424265,-136.20459,34.53196185624998
2024-12-05 12:00:00,-166.3163967,-179.67078293333336,-135.93466,30.381734834765638
2024-12-05 12:30:00,-165.284675,-170.84564353333334,-131.36937,33.915305493164055
2024-12-05 13:00:00,-156.58831555,-157.05007331666664,-123.77441,32.813909116894536
2024-12-05 13:30:00,-155.0341629333333,-144.40553163333334,-113.752975,41.28118746946612
2024-12-05 14:00:00,-130.93088878333333,-122.99919001666666,-103.99291,26.93797649085286
2024-12-05 14:30:00,-106.4984801,-106.72727876666666,-90.439026,16.059454221093745
2024-12-05 15:00:00,-82.8966579,-80.19893384999999,-74.24615,8.650510744238275
2024-12-05 15:30:00,-76.60614046666667,-70.0452055,-57.27805,19.328090997672533
2024-12-05 16:00:00,-47.2656845,-59.2193699,-40.406834,6.858850851318358
2024-12-05 16:30:00,-21.175817266666662,-39.701233316666666,-23.876667,-2.7008497560384157
2024-12-05 17:00:00,4.227225066666666,-17.260929800000003,-7.2453957,-11.472620727067056
2024-12-05 17:30:00,32.13674603333333,3.136464133333332,6.3512077,-25.785538300179034
2024-12-05 18:00:00,47.4256665,26.34108623333333,19.762218,-27.6634480246582
2024-12-05 18:30:00,61.3869316,42.23703666666666,29.795528,-31.591403188134763
2024-12-05 19:00:00,71.96625891666666,42.6732811,37.399975,-34.566284093668614
2024-12-05 19:30:00,66.39451006666667,44.16937838333333,42.45402,-23.940488612809247
2024-12-05 20:00:00,55.24624003333333,48.958961816666665,45.82365,-9.422589673225907
2024-12-05 20:30:00,53.4833653,48.28031291666667,43.788433,-9.69493222504883
2024-12-05 21:00:00,52.39466001666667,48.5214063,41.765118,-10.629542371402998
2024-12-05 21:30:00,48.22121336666667,43.88421558333334,40.00999,-8.211222674527995
2024-12-05 22:00:00,43.32523286666666,42.17448253333333,41.283306,-2.041926744840488
2024-12-05 22:30:00,40.44982665,39.020798500000005,39.591335,-0.8584913533691392
2024-12-05 23:00:00,39.07038331666666,37.3678516,36.308193,-2.7621901098795476
2024-12-05 23:30:00,33.26355335,37.3981705,34.42274,1.1591875862792946
2024-12-06 00:00:00,33.220768283333335,36.62494281666667,31.718395,-1.5023730501790382
2024-12-06 00:30:00,31.23946843333333,37.39381286666667,27.897503,-3.341965534163407
2024-12-06 01:00:00,29.0333571,34.12945498333334,27.33511,-1.6982473893066405
2024-12-06 01:30:00,28.513574416666668,32.19134165,26.642086,-1.8714883876139332
2024-12-06 02:00:00,27.61432538333333,32.57170216666666,25.543255,-2.0710705310384085
2024-12-06 02:30:00,28.20900915,32.5669269,26.4398,-1.769208887548828
2024-12-06 03:00:00,29.205971533333337,31.30849338333333,27.468426,-1.7375457826009146
2024-12-06 03:30:00,30.265687216666667,30.958555,27.869106,-2.3965809239420572
2024-12-06 04:00:00,27.917558816666663,35.290534,27.302166,-0.615392831559241
2024-12-06 04:30:00,29.10595166666667,36.19743618333333,23.16644,-5.939512610270185
2024-12-06 05:00:00,25.674477166666662,25.94879435,17.687023,-7.987454003824865
2024-12-06 05:30:00,15.16597665,19.330518766666668,14.246563,-0.9194136922363274
2024-12-06 06:00:00,0.8532309833333328,9.042992866666667,5.8291435,4.975912540836589
2024-12-06 06:30:00,-14.04331105,-8.9532466,-8.7729225,5.270388534130859
2024-12-06 07:00:00,-25.625077466666667,-24.2663401,-25.34409,0.28098795861002657
2024-12-06 07:30:00,-43.68928538333333,-47.00336463333334,-45.31667,-1.6273840807780005
2024-12-06 08:00:00,-50.17060381666667,-78.7558778,-67.74581,-17.575207645735674
2024-12-06 08:30:00,-73.20092831666666,-101.12243508333334,-86.74635,-13.5454248327474
2024-12-06 09:00:00,-74.36644391666667,-121.67904895,-104.495285,-30.12884111751302
2024-12-06 09:30:00,-77.57372331666666,-129.00528831666665,-116.32268,-38.74895429563803
2024-12-06 10:00:00,-86.09947933333335,-144.13583400000002,-126.85148,-40.75199924332681
2024-12-06 10:30:00,-99.35625731666666,-158.70703061666666,-133.87675,-34.52049744407553
2024-12-06 11:00:00,-116.2541065,-167.48016376666666,-136.87216,-20.61805536523437
2024-12-06 11:30:00,-122.95097946666664,-170.73655169999998,-137.75514,-14.804162745247424
2024-12-06 12:00:00,-119.3739771,-166.3163967,-134.62637,-15.25239619101562
2024-12-06 12:30:00,-102.2931862,-165.284675,-129.09962,-26.80643843378907
2024-12-06 13:00:00,-98.31380175,-156.58831555,-122.28108,-23.967280403320316
2024-12-06 13:30:00,-80.63073706666667,-155.0341629333333,-114.919754,-34.289016961653644
2024-12-06 14:00:00,-71.31187338333332,-130.93088878333333,-104.318016,-33.00614266891277
2024-12-06 14:30:00,-48.35642788333333,-106.4984801,-91.93202,-43.57559421139323
2024-12-06 15:00:00,-20.695846566666667,-82.8966579,-74.67151,-53.97566222239583
2024-12-06 15:30:00,-7.254668249999999,-76.60614046666667,-58.764103,-51.509434685791014
2024-12-06 16:00:00,3.657359283333333,-47.2656845,-40.989765,-44.64712445056966
2024-12-06 16:30:00,8.443717533333334,-21.175817266666662,-24.82433,-33.26804690955404
2024-12-06 17:00:00,12.726396016666667,4.227225066666666,-6.292454,-19.01884978253581
2024-12-06 17:30:00,23.3257562,32.13674603333333,9.688793,-13.636963017626954
2024-12-06 18:00:00,34.64777468333333,47.4256665,22.39436,-12.253415094710284
2024-12-06 18:30:00,39.29056271666666,61.3869316,32.837765,-6.452797976676429
2024-12-06 19:00:00,44.58917761666667,71.96625891666666,41.30563,-3.283547886442058
2024-12-06 19:30:00,48.19299835,66.39451006666667,45.079693,-3.1133055094238316
2024-12-06 20:00:00,52.96563291666666,55.24624003333333,47.418026,-5.547606946207672
2024-12-06 20:30:00,59.93021053333334,53.4833653,48.071133,-11.859077873421228
2024-12-06 21:00:00,58.75248045,52.39466001666667,45.605633,-13.146847668017578
2024-12-06 21:30:00,51.5303727,48.22121336666667,45.475994,-6.054378589892579
2024-12-06 22:00:00,45.75092551666666,43.32523286666666,42.957623,-2.79330298859049
2024-12-06 22:30:00,42.97982725,40.44982665,42.38084,-0.5989869484863277
2024-12-06 23:00:00,34.57708216666666,39.07038331666666,38.886242,4.309159746175133
2024-12-06 23:30:00,31.958949633333333,33.26355335,34.233715,2.274765424039714
2024-12-07 00:00:00,34.86373895,33.220768283333335,31.63795,-3.2257880527832015
2024-12-07 00:30:00,33.63105795,31.23946843333333,29.22189,-4.4091684541503895
2024-12-07 01:00:00,35.76035108333333,29.0333571,28.056149,-7.704202554280599
2024-12-07 01:30:00,34.113085983333335,28.513574416666668,27.343227,-6.769858596858725
2024-12-07 02:00:00,34.85632051666666,27.61432538333333,25.611279,-9.245041982731117
2024-12-07 02:30:00,35.55160285,28.20900915,25.902096,-9.649507055322267
2024-12-07 03:00:00,29.13896435,29.205971533333337,27.11642,-2.022543604150389
2024-12-07 03:30:00,28.5267932,30.265687216666667,26.158016,-2.368776995166016
2024-12-07 04:00:00,28.03068135,27.917558816666663,27.029644,-1.0010373375488264
2024-12-07 04:30:00,27.319482283333333,29.10595166666667,25.085476,-2.2340063617024732
2024-12-07 05:00:00,27.2716326,25.674477166666662,20.2411,-7.030532288720703
2024-12-07 05:30:00,19.962623366666666,15.16597665,14.693371,-5.269252547574869
2024-12-07 06:00:00,7.741817766666667,0.8532309833333328,2.6852226,-5.056595140934245
2024-12-07 06:30:00,-5.764948916666666,-14.04331105,-13.60384,-7.8388909576009125
2024-12-07 07:00:00,-18.534321833333333,-25.625077466666667,-32.281116,-13.74679465226237
2024-12-07 07:30:00,-25.28878843333333,-43.68928538333333,-53.40357,-28.114779834488935
2024-12-07 08:00:00,-40.54558791666667,-50.17060381666667,-71.51579,-30.97020493001302
2024-12-07 08:30:00,-60.27380846666667,-73.20092831666666,-90.03985,-29.766039860970047
2024-12-07 09:00:00,-81.84365413333333,-74.36644391666667,-105.01372,-23.170063518033857
2024-12-07 09:30:00,-99.6294929,-77.57372331666666,-116.76895,-17.139458516015623
2024-12-07 10:00:00,-106.63003875,-86.09947933333335,-126.42142,-19.791378486328128
2024-12-07 10:30:00,-93.8526572,-99.35625731666666,-132.02237,-38.16971218476563
2024-12-07 11:00:00,-85.00301218333334,-116.2541065,-135.65112,-50.64811086354166
2024-12-07 11:30:00,-119.12120501666668,-122.95097946666664,-135.79257,-16.671367004817697
2024-12-07 12:00:00,-113.61213915,-119.3739771,-133.67616,-20.064023569726558
2024-12-07 12:30:00,-108.82038816666666,-102.2931862,-128.89313,-20.07273927473959
2024-12-07 13:00:00,-109.63436273333332,-98.31380175,-119.96156,-10.327200377018244
2024-12-07 13:30:00,-120.51547911666664,-80.63073706666667,-110.9633,9.552176504361952
2024-12-07 14:00:00,-112.14612608333334,-71.31187338333332,-99.157486,12.98864012141928
2024-12-07 14:30:00,-115.33704893333334,-48.35642788333333,-83.30879,32.02825681907552
2024-12-07 15:00:00,-90.48169978333334,-20.695846566666667,-64.94763,25.53406794739584
2024-12-07 15:30:00,-73.84247276666666,-7.254668249999999,-46.625843,27.216629718570957
2024-12-07 16:00:00,-49.39918165,3.657359283333333,-28.071217,21.32796506674805
2024-12-07 16:30:00,-24.1595556,8.443717533333334,-11.619862,12.539693997216798
2024-12-07 17:00:00,-1.8666307166666671,12.726396016666667,3.6930351,5.559665842399089
2024-12-07 17:30:00,26.753819950000004,23.3257562,16.489574,-10.264245517626957
2024-12-07 18:00:00,46.681012716666665,34.64777468333333,27.641232,-19.03978117980143
2024-12-07 18:30:00,56.27109264999999,39.29056271666666,36.89169,-19.379403349462883
2024-12-07 19:00:00,57.67516451666668,44.58917761666667,42.208797,-15.466367061832699
2024-12-07 19:30:00,59.1392574,48.19299835,48.461727,-10.677530257666014
2024-12-07 20:00:00,47.67956045,52.96563291666666,51.05897,3.3794109550293
2024-12-07 20:30:00,45.95849453333333,59.93021053333334,50.38223,4.42373431798503
2024-12-07 21:00:00,49.09775043333334,58.75248045,49.54858,0.4508297363443958
2024-12-07 21:30:00,46.18112386666667,51.5303727,48.67645,2.4953249553548176
2024-12-07 22:00:00,42.03307665,45.75092551666666,44.524364,2.4912878214355487
2024-12-07 22:30:00,38.54221171666666,42.97982725,41.30334,2.7611291951985777
2024-12-07 23:00:00,38.553484700000006,34.57708216666666,41.213024,2.6595394394042913
2024-12-07 23:30:00,35.77376278333333,31.958949633333333,37.89047,2.1167058140787773
2024-12-08 00:00:00,32.089848950000004,34.86373895,36.507427,4.417578265576168
2024-12-08 00:30:00,30.947784016666663,33.63105795,33.970867,3.0230831403157588
2024-12-08 01:00:00,30.176422316666663,35.76035108333333,32.203,2.026576798323571
2024-12-08 01:30:00,28.304624516666667,34.113085983333335,29.712002,1.4073772838704421
2024-12-08 02:00:00,27.7700056,34.85632051666666,30.45457,2.684565170263671
2024-12-08 02:30:00,32.02339455,35.55160285,31.724163,-0.29923149458007714
2024-12-08 03:00:00,29.446312733333333,29.13896435,32.167294,2.720980815250652
2024-12-08 03:30:00,27.75796565,28.5267932,33.051052,5.29308644350586
2024-12-08 04:00:00,33.139314883333334,28.03068135,32.811214,-0.3281004363118498
2024-12-08 04:30:00,32.98573616666666,27.319482283333333,29.699398,-3.2863381258951776
2024-12-08 05:00:00,22.415767766666665,27.2716326,24.05357,1.6378020270345068
2024-12-08 05:30:00,13.020087283333334,19.962623366666666,14.761105,1.7410173004069005
2024-12-08 06:00:00,-4.904453749999999,7.741817766666667,4.154705,9.05915879760742
2024-12-08 06:30:00,-27.07900115,-5.764948916666666,-8.593479,18.48552199350586
2024-12-08 07:00:00,-51.36721283333333,-18.534321833333333,-26.201344,25.16586929695638
2024-12-08 07:30:00,-75.39570323333334,-25.28878843333333,-44.290638,31.105065263362633
2024-12-08 08:00:00,-100.47709211666668,-40.54558791666667,-61.157032,39.32006010372723
2024-12-08 08:30:00,-119.9827167,-60.27380846666667,-76.51265,43.470067163867185
2024-12-08 09:00:00,-129.50682043333333,-81.84365413333333,-93.19295,36.31387304563802
2024-12-08 09:30:00,-146.88386706666665,-99.6294929,-106.63139,40.252473634049466
2024-12-08 10:00:00,-156.22826221666665,-106.63003875,-117.98658,38.24168232164712
2024-12-08 10:30:00,-166.70694451666668,-93.8526572,-125.53382,41.17312341070965
2024-12-08 11:00:00,-175.57115771666668,-85.00301218333334,-127.76872,47.80243518248699
2024-12-08 11:30:00,-173.41572613333335,-119.12120501666668,-128.3087,45.10702557180991
2024-12-08 12:00:00,-165.99624105,-113.61213915,-127.34112,38.65512319111329
2024-12-08 12:30:00,-166.45720465,-108.82038816666666,-121.46838,44.988820860937494
2024-12-08 13:00:00,-142.5284932666667,-109.63436273333332,-111.252335,31.276158671940124
2024-12-08 13:30:00,-131.50838898333333,-120.51547911666664,-104.51564,26.99274872454427
2024-12-08 14:00:00,-132.17414181666666,-112.14612608333334,-92.60379,39.57035153346354
2024-12-08 14:30:00,-121.76974506666666,-115.33704893333334,-81.310745,40.458999827408846
2024-12-08 15:00:00,-106.81914773333334,-90.48169978333334,-66.850845,39.968302396419276
2024-12-08 15:30:00,-81.73472505,-73.84247276666666,-51.691196,30.043528608349604
2024-12-08 16:00:00,-71.39558836666667,-49.39918165,-32.970142,38.42544600216472
2024-12-08 16:30:00,-52.66809331666667,-24.1595556,-15.780766,36.887327783219405
2024-12-08 17:00:00,-26.313917250000003,-1.8666307166666671,0.8680229,27.181940168701175
2024-12-08 17:30:00,-1.35403865,26.753819950000004,17.627422,18.98146098276367
2024-12-08 18:00:00,12.3355194,46.681012716666665,27.845211,15.509691629052734
2024-12-08 18:30:00,23.7392773,56.27109264999999,38.65443,14.915153089404296
2024-12-08 19:00:00,33.3875277,57.67516451666668,47.61427,14.226741556591797
2024-12-08 19:30:00,34.541412066666666,59.1392574,52.450542,17.909130383284506
2024-12-08 20:00:00,37.53284671666667,47.67956045,52.400936,14.868089410042316
2024-12-08 20:30:00,42.313674516666666,45.95849453333333,50.574245,8.260570936214194
2024-12-08 21:00:00,43.04317723333333,49.09775043333334,48.08975,5.046571149235028
2024-12-08 21:30:00,39.0047813,46.18112386666667,45.757473,6.752691691943362
2024-12-08 22:00:00,39.75088785,42.03307665,42.486935,2.7360468118652364
2024-12-08 22:30:00,34.40120208333334,38.54221171666666,38.64549,4.244286655680334
2024-12-08 23:00:00,35.1139594,38.553484700000006,37.767742,2.653782756982423
2024-12-08 23:30:00,33.056848800000004,35.77376278333333,35.418682,2.3618332983886674
2024-12-09 00:00:00,32.91702396666667,32.089848950000004,33.176647,0.259623219612628
2024-12-09 00:30:00,30.604215566666667,30.947784016666663,29.42532,-1.178895895035808
2024-12-09 01:00:00,28.17918163333333,30.176422316666663,27.85661,-0.32257228885090683
2024-12-09 01:30:00,28.736901166666662,28.304624516666667,25.181744,-3.5551575448404904
2024-12-09 02:00:00,29.127480066666667,27.7700056,26.153927,-2.9735532173014327
2024-12-09 02:30:00,30.11990653333333,32.02339455,28.38432,-1.7355872279134097
2024-12-09 03:00:00,28.164154416666666,29.446312733333333,28.52052,0.35636483992513135
2024-12-09 03:30:00,26.35122486666667,27.75796565,27.800716,1.449491533479815
2024-12-09 04:00:00,30.21042148333333,33.139314883333334,27.77412,-2.436301152522784
2024-12-09 04:30:00,33.22030783333333,32.98573616666666,27.214733,-6.005574709554033
2024-12-09 05:00:00,26.380217366666667,22.415767766666665,27.489315,1.1090976662923175
2024-12-09 05:30:00,19.426917,13.020087283333334,23.49728,4.07036312084961
2024-12-09 06:00:00,11.5784823,-4.904453749999999,13.425289,1.8468068540527351
2024-12-09 06:30:00,1.23775715,-27.07900115,-1.2963295,-2.534086648291016
2024-12-09 07:00:00,-11.707996166666666,-51.36721283333333,-20.318363,-8.6103670230306
2024-12-09 07:30:00,-24.33608443333333,-75.39570323333334,-41.671833,-17.33574860499675
2024-12-09 08:00:00,-37.26274875,-100.47709211666668,-65.663605,-28.400855986328125
2024-12-09 08:30:00,-59.30530058333333,-119.9827167,-89.461525,-30.15622438004558
2024-12-09 09:00:00,-70.7070179,-129.50682043333333,-108.07322,-37.36620139931641
2024-12-09 09:30:00,-79.5560484,-146.88386706666665,-121.32699,-41.77093982021485
2024-12-09 10:00:00,-95.33402001666668,-156.22826221666665,-129.23306,-33.89904272747394
2024-12-09 10:30:00,-77.88628325,-166.70694451666668,-135.4205,-57.53421845898437
2024-12-09 11:00:00,-91.89424735,-175.57115771666668,-138.71384,-46.819589319921874
2024-12-09 11:30:00,-116.47876618333332,-173.41572613333335,-140.09245,-23.613686819596367
2024-12-09 12:00:00,-144.08381618333334,-165.99624105,-137.63928,6.44453395677084
2024-12-09 12:30:00,-143.04650806666666,-166.45720465,-132.6258,10.42071460963541
2024-12-09 13:00:00,-130.95158933333337,-142.5284932666667,-122.26702,8.684568154134155
2024-12-09 13:30:00,-125.82646121666666,-131.50838898333333,-111.1012,14.725264927604158
2024-12-09 14:00:00,-125.9056007,-132.17414181666666,-99.27815,26.62744823417968
2024-12-09 14:30:00,-109.94053235,-121.76974506666666,-85.543755,24.39677777236328
2024-12-09 15:00:00,-97.14495358333332,-106.81914773333334,-71.65755,25.487406586263006
2024-12-09 15:30:00,-86.61501218333335,-81.73472505,-56.665928,29.949084296370458
2024-12-09 16:00:00,-74.45191774999999,-71.39558836666667,-38.58829,35.8636265817871
2024-12-09 16:30:00,-55.68514048333333,-52.66809331666667,-21.612064,34.07307612176106
2024-12-09 17:00:00,-31.793673766666668,-26.313917250000003,-5.75449,26.039183867985027
2024-12-09 17:30:00,-10.14379045,-1.35403865,10.555141,20.698931898974607
2024-12-09 18:00:00,11.21114285,12.3355194,25.553463,14.342320132177734
2024-12-09 18:30:00,23.392751866666668,23.7392773,36.47476,13.082006281526692
2024-12-09 19:00:00,33.020795383333336,33.3875277,43.26504,10.244245967985023
2024-12-09 19:30:00,35.129666666666665,34.541412066666666,47.563747,12.434080739339194
2024-12-09 20:00:00,38.529758183333335,37.53284671666667,48.746258,10.216499598649087
2024-12-09 20:30:00,39.8542162,42.313674516666666,48.84358,8.989362138623044
2024-12-09 21:00:00,38.76812503333333,43.04317723333333,46.918163,8.15003826622722
2024-12-09 21:30:00,39.52354208333333,39.0047813,44.429256,4.905714355875652
2024-12-09 22:00:00,36.371601733333335,39.75088785,41.595562,5.223960247867836
2024-12-09 22:30:00,35.31514156666667,34.40120208333334,37.95544,2.6402989545735664
2024-12-09 23:00:00,29.6224016,35.1139594,35.305035,5.682633037451172
