datetime,observation,naive,forecast,residual
2024-03-04 23:30:00,20.94657733333333,23.705898883333333,21.316713,0.37013599979655254
2024-03-05 00:00:00,18.311048916666667,23.176433900000003,20.88831,2.577260562093098
2024-03-05 00:30:00,21.2508873,40.26005798333333,23.957628,2.7067409501220716
2024-03-05 01:00:00,20.12560818333333,41.62701418333334,25.016161,4.89055278163249
2024-03-05 01:30:00,23.58433605,23.99043108333333,21.092844,-2.491492040600587
2024-03-05 02:00:00,18.081790533333333,23.224384533333332,19.077736,0.9959453675455734
2024-03-05 02:30:00,19.973121266666663,22.47280665,19.287497,-0.6856246998942019
2024-03-05 03:00:00,19.637579966666667,23.75960508333333,19.83182,0.19423956763509054
2024-03-05 03:30:00,22.95034058333333,23.698352083333333,20.909777,-2.0405638957112586
2024-03-05 04:00:00,20.15831658333333,24.546201550000003,20.216139,0.05782225638834859
2024-03-05 04:30:00,21.523290033333332,23.07904333333333,20.891756,-0.6315339755940741
2024-03-05 05:00:00,23.27339098333333,27.99930895,23.417305,0.1439140093424527
2024-03-05 05:30:00,24.56966555,32.33528231666667,25.424238,0.8545726549560548
2024-03-05 06:00:00,22.75077663333333,26.729373783333333,23.777576,1.0267998131998723
2024-03-05 06:30:00,25.382399433333333,28.782057316666663,24.505838,-0.8765610391682941
2024-03-05 07:00:00,28.7671945,26.02752555,24.24655,-4.5206448936767565
2024-03-05 07:30:00,18.69906896666667,18.751247166666666,15.307429,-3.391639653007001
2024-03-05 08:00:00,-2.0632506,2.939902350000001,1.1817971,3.24504774679718
2024-03-05 08:30:00,-19.2661789,-11.2099573,-15.326549,3.9396303236450194
2024-03-05 09:00:00,-28.89566345,-33.71860161666667,-29.122517,-0.22685318208007743
2024-03-05 09:30:00,-48.54592933333333,-56.32735681666667,-46.527054,2.018875500325521
2024-03-05 10:00:00,-73.61749331666667,-76.74319665,-70.38237,3.23512332154948
2024-03-05 10:30:00,-91.0568855,-98.26117013333334,-93.05436,-1.9974739360351492
2024-03-05 11:00:00,-123.86936836666666,-105.1408595,-121.48414,2.3852298778971317
2024-03-05 11:30:00,-147.97962775,-106.78015926666669,-144.11935,3.8602735019531167
2024-03-05 12:00:00,-153.03452226666667,-119.2924772,-150.86389,2.17063066510417
2024-03-05 12:30:00,-174.75135335000002,-140.91846938333333,-168.7118,6.039546099023454
2024-03-05 13:00:00,-175.15461926666669,-146.91807721666666,-176.48767,-1.3330516317708145
2024-03-05 13:30:00,-184.38300873333333,-139.08783883333334,-180.00674,4.376264348567702
2024-03-05 14:00:00,-161.00803658333334,-130.40576431666668,-162.52596,-1.5179186168619765
2024-03-05 14:30:00,-151.48778278333333,-115.02714231666666,-149.7919,1.695882148567705
2024-03-05 15:00:00,-126.13039076666666,-99.18208221666669,-124.72392,1.406468037174477
2024-03-05 15:30:00,-104.4457556,-83.08935986666667,-104.43859,0.007164596582029503
2024-03-05 16:00:00,-81.94160448333334,-68.1385822,-82.88384,-0.9422379849283828
2024-03-05 16:30:00,-46.10456556666667,-42.8772827,-44.802235,1.3023309170084687
2024-03-05 17:00:00,-14.254176533333334,-24.479327766666668,-17.35929,-3.1051126359781893
2024-03-05 17:30:00,-7.1692309,-15.995305,-8.302983,-1.1337523839965824
2024-03-05 18:00:00,3.5602428000000006,-3.598364383333333,2.228894,-1.3313488047149664
2024-03-05 18:30:00,7.529836166666667,4.279096816666667,7.140427,-0.38940905408732096
2024-03-05 19:00:00,9.1913994,15.685355016666668,11.913348,2.721948797937012
2024-03-05 19:30:00,14.152105416666666,16.082578950000002,16.974821,2.822715674031576
2024-03-05 20:00:00,12.314060016666668,15.18449615,16.827326,4.513265804256184
2024-03-05 20:30:00,15.642663333333331,18.84711768333333,20.56985,4.927187588297528
2024-03-05 21:00:00,22.38427825,21.48528728333333,21.967445,-0.416832876464845
2024-03-05 21:30:00,22.141018866666663,20.72149723333333,23.33288,1.1918611534749388
2024-03-05 22:00:00,21.846619416666663,18.0120111,21.432335,-0.41428451676431877
2024-03-05 22:30:00,21.517602766666663,18.776097733333334,22.687595,1.169992600764978
2024-03-05 23:00:00,22.10626388333333,22.75595785,23.896162,1.7898981497477244
2024-03-05 23:30:00,20.507874366666663,20.94657733333333,21.385292,0.8774176865559937
2024-03-06 00:00:00,18.88405615,18.311048916666667,21.80933,2.9252738365722664
2024-03-06 00:30:00,21.32299108333333,21.2508873,22.31048,0.9874890344645202
2024-03-06 01:00:00,20.097691066666663,20.12560818333333,21.045141,0.9474501534261108
2024-03-06 01:30:00,19.86606275,23.58433605,21.254858,1.3887952669677723
2024-03-06 02:00:00,22.39894828333333,18.081790533333333,21.290016,-1.1089321090169229
2024-03-06 02:30:00,22.18156225,19.973121266666663,21.417583,-0.763978784423827
2024-03-06 03:00:00,21.42551885,19.637579966666667,21.29203,-0.1334885155273433
2024-03-06 03:30:00,23.3154033,22.95034058333333,21.274006,-2.0413974101074217
2024-03-06 04:00:00,21.448393183333334,20.15831658333333,21.091217,-0.35717614231770867
2024-03-06 04:30:00,21.8442851,21.523290033333332,21.96362,0.11933413217773392
2024-03-06 05:00:00,22.948441733333336,23.27339098333333,23.060818,0.11237598517252323
2024-03-06 05:30:00,21.551385066666665,24.56966555,23.532686,1.981301166853843
2024-03-06 06:00:00,28.590320116666664,22.75077663333333,25.098475,-3.4918456141031875
2024-03-06 06:30:00,29.10583173333333,25.382399433333333,24.933395,-4.172436347591141
2024-03-06 07:00:00,25.66988836666667,28.7671945,23.430271,-2.239617217985028
2024-03-06 07:30:00,24.000732133333333,18.69906896666667,18.198738,-5.801994035188802
2024-03-06 08:00:00,16.48736835,-2.0632506,9.527591,-6.959777598352051
2024-03-06 08:30:00,-2.0875848666666665,-19.2661789,-4.1724095,-2.084824667787679
2024-03-06 09:00:00,-20.67240835,-28.89566345,-20.25913,0.4132778720947279
2024-03-06 09:30:00,-41.10764761666667,-48.54592933333333,-41.32622,-0.21857384939778512
2024-03-06 10:00:00,-57.01768235,-73.61749331666667,-59.220463,-2.2027804490722644
2024-03-06 10:30:00,-78.92406678333333,-91.0568855,-77.712944,1.2111227525716117
2024-03-06 11:00:00,-97.27979383333331,-123.86936836666666,-99.18172,-1.9019230856119975
2024-03-06 11:30:00,-122.14974558333334,-147.97962775,-120.56372,1.5860248802083419
2024-03-06 12:00:00,-132.6369166,-153.03452226666667,-132.56659,0.07032724453125638
2024-03-06 12:30:00,-136.26957945,-174.75135335000002,-137.59033,-1.320752581249991
2024-03-06 13:00:00,-142.30215271666663,-175.15461926666669,-135.85426,6.4478894110025635
2024-03-06 13:30:00,-142.06204573333332,-184.38300873333333,-138.80544,3.256610552669258
2024-03-06 14:00:00,-125.96123618333333,-161.00803658333334,-127.88823,-1.9269931867838608
2024-03-06 14:30:00,-104.34083061666666,-151.48778278333333,-104.21109,0.1297405287760398
2024-03-06 15:00:00,-94.16178511666668,-126.13039076666666,-92.898994,1.262790670865897
2024-03-06 15:30:00,-73.86781215,-104.4457556,-74.66728,-0.7994699544921815
2024-03-06 16:00:00,-45.97676205,-81.94160448333334,-49.53094,-3.5541789595214865
2024-03-06 16:30:00,-28.221770016666667,-46.10456556666667,-31.981524,-3.759753497127278
2024-03-06 17:00:00,-11.98891265,-14.254176533333334,-11.38359,0.6053229054321285
2024-03-06 17:30:00,-0.4426584999999997,-7.1692309,-0.23711054,0.20554795972919432
2024-03-06 18:00:00,11.356883866666664,3.5602428000000006,8.443991,-2.9128931592692027
2024-03-06 18:30:00,16.51078778333333,7.529836166666667,15.714894,-0.7958934885945617
2024-03-06 19:00:00,20.660798916666668,9.1913994,18.972078,-1.6887205933024099
2024-03-06 19:30:00,28.57747713333333,14.152105416666666,21.72359,-6.85388628250325
2024-03-06 20:00:00,24.451692166666664,12.314060016666668,20.631964,-3.8197284368082656
2024-03-06 20:30:00,19.783624983333336,15.642663333333331,19.695457,-0.08816752483724244
2024-03-06 21:00:00,19.690499983333336,22.38427825,23.252636,3.5621359724772113
2024-03-06 21:30:00,21.3669171,22.141018866666663,22.501745,1.134828123999025
2024-03-06 22:00:00,27.986096083333333,21.846619416666663,24.266441,-3.7196547381184892
2024-03-06 22:30:00,20.88750615,21.517602766666663,23.08064,2.1931346428466796
2024-03-06 23:00:00,28.136228366666668,22.10626388333333,25.794512,-2.3417165716227224
2024-03-06 23:30:00,31.13276396666667,20.507874366666663,25.221548,-5.911215886222333
2024-03-07 00:00:00,32.70785845,18.88405615,24.062515,-8.64534319121094
2024-03-07 00:30:00,25.26614758333333,21.32299108333333,23.843647,-1.4225005801595003
2024-03-07 01:00:00,17.605628383333336,20.097691066666663,20.916363,3.310734379117836
2024-03-07 01:30:00,16.02921775,19.86606275,20.91973,4.890511482788085
2024-03-07 02:00:00,15.98391095,22.39894828333333,20.806286,4.822374908154297
2024-03-07 02:30:00,16.082341166666666,22.18156225,20.215994,4.13365271455892
2024-03-07 03:00:00,17.192705566666667,21.42551885,20.729746,3.5370402982014966
2024-03-07 03:30:00,17.778219500000002,23.3154033,21.18179,3.403569898193357
2024-03-07 04:00:00,19.5258094,21.448393183333334,21.426836,1.9010266137939453
2024-03-07 04:30:00,18.746838866666668,21.8442851,22.373642,3.62680310110677
2024-03-07 05:00:00,21.93987333333333,22.948441733333336,23.9192,1.9793275638834658
2024-03-07 05:30:00,36.116649466666665,21.551385066666665,27.196775,-8.919874030265298
2024-03-07 06:00:00,32.9527889,28.590320116666664,26.747303,-6.2054858909667985
2024-03-07 06:30:00,22.2626251,29.10583173333333,24.911716,2.6490913611816396
2024-03-07 07:00:00,21.929073833333334,25.66988836666667,21.4048,-0.5242734182942712
2024-03-07 07:30:00,14.076291250000002,24.000732133333333,14.839762,0.7634704840087867
2024-03-07 08:00:00,5.428147783333333,16.48736835,4.418534,-1.0096139813008627
2024-03-07 08:30:00,-6.099343416666667,-2.0875848666666665,-4.57295,1.5263935303446452
2024-03-07 09:00:00,-28.763564366666667,-20.67240835,-26.696102,2.067462224332683
2024-03-07 09:30:00,-49.55889991666667,-41.10764761666667,-47.32971,2.229191817301434
2024-03-07 10:00:00,-67.80983341666666,-57.01768235,-66.64046,1.1693762633463507
2024-03-07 10:30:00,-87.39249235,-78.92406678333333,-83.82991,3.562582071679685
2024-03-07 11:00:00,-106.37403335,-97.27979383333331,-103.81944,2.5545906009765673
2024-03-07 11:30:00,-124.55674608333334,-122.14974558333334,-122.42367,2.1330781756184933
2024-03-07 12:00:00,-129.27165395,-132.6369166,-130.24686,-0.975202739453124
2024-03-07 12:30:00,-146.97921165,-136.26957945,-144.95143,2.027780375585934
2024-03-07 13:00:00,-153.7273716,-142.30215271666663,-153.06735,0.6600193050781229
2024-03-07 13:30:00,-161.3200193333333,-142.06204573333332,-156.38417,4.935848801106744
2024-03-07 14:00:00,-152.24239106666667,-125.96123618333333,-148.1107,4.1316885520182325
2024-03-07 14:30:00,-134.77670666666666,-104.34083061666666,-130.20293,4.573780030924468
2024-03-07 15:00:00,-120.82602943333332,-94.16178511666668,-115.1783,5.647730483138005
2024-03-07 15:30:00,-96.43677123333332,-73.86781215,-92.36324,4.073528130305974
2024-03-07 16:00:00,-66.63655776666667,-45.97676205,-65.10302,1.5335380523112008
2024-03-07 16:30:00,-37.2286229,-28.221770016666667,-35.004433,2.2241902217773415
2024-03-07 17:00:00,-23.412038216666662,-11.98891265,-21.136194,2.2758439875406857
2024-03-07 17:30:00,-8.02041775,-0.4426584999999997,-7.250061,0.77035671484375
2024-03-07 18:00:00,2.64468,11.356883866666664,4.431815,1.7871351473999022
2024-03-07 18:30:00,7.697544016666666,16.51078778333333,10.860095,3.1625510074422207
2024-03-07 19:00:00,18.12674735,20.660798916666668,15.995907,-2.1308405201660143
2024-03-07 19:30:00,18.89133045,28.57747713333333,18.043068,-0.8482625178710954
2024-03-07 20:00:00,21.089517283333333,24.451692166666664,19.942347,-1.147170710457356
2024-03-07 20:30:00,20.90088045,19.783624983333336,19.763042,-1.137838000048827
2024-03-07 21:00:00,20.70356285,19.690499983333336,21.279829,0.5762661752685538
2024-03-07 21:30:00,24.88041545,21.3669171,21.937555,-2.9428601368896494
2024-03-07 22:00:00,19.839320416666663,27.986096083333333,21.867416,2.0280959651692747
2024-03-07 22:30:00,17.872871616666668,20.88750615,22.261377,4.388505717928059
2024-03-07 23:00:00,18.706701016666667,28.136228366666668,21.501451,2.7947504756429034
2024-03-07 23:30:00,22.192491166666667,31.13276396666667,21.693773,-0.49871789701334635
2024-03-08 00:00:00,23.003112116666667,32.70785845,24.78028,1.7771670428792312
2024-03-08 00:30:00,25.187142766666668,25.26614758333333,22.89724,-2.289903081608074
2024-03-08 01:00:00,22.974131100000005,17.605628383333336,19.781237,-3.1928944514404343
2024-03-08 01:30:00,28.049768333333333,16.02921775,22.298082,-5.751685981648762
2024-03-08 02:00:00,33.54440935,15.98391095,23.056908,-10.487501696191408
2024-03-08 02:30:00,27.269217416666667,16.082341166666666,22.522402,-4.746815606974284
2024-03-08 03:00:00,24.478249533333337,17.192705566666667,22.066216,-2.412034018196618
2024-03-08 03:30:00,25.615288000000003,17.778219500000002,24.355669,-1.2596189783935579
2024-03-08 04:00:00,28.233023866666667,19.5258094,23.521477,-4.711547121061198
2024-03-08 04:30:00,26.588559416666666,18.746838866666668,25.103033,-1.4855263508707672
2024-03-08 05:00:00,27.94344346666667,21.93987333333333,28.133411,0.1899679408040349
2024-03-08 05:30:00,41.034706633333336,36.116649466666665,34.221622,-6.81308416629232
2024-03-08 06:00:00,54.50134665,32.9527889,40.04624,-14.455104889746096
2024-03-08 06:30:00,31.55570821666667,22.2626251,30.589937,-0.9657710065836618
2024-03-08 07:00:00,29.907452816666662,21.929073833333334,26.02513,-3.8823234984293578
2024-03-08 07:30:00,22.47630055,14.076291250000002,19.92068,-2.5556214575927747
2024-03-08 08:00:00,9.6407988,5.428147783333333,9.463195,-0.17760395289306707
2024-03-08 08:30:00,-1.8469260166666668,-6.099343416666667,-2.421966,-0.57504005923055
2024-03-08 09:00:00,-18.504638266666664,-28.763564366666667,-19.747604,-1.2429661034505237
2024-03-08 09:30:00,-44.03988343333333,-49.55889991666667,-43.223,0.8168838605794235
2024-03-08 10:00:00,-60.37909685,-67.80983341666666,-59.828064,0.5510328851562534
2024-03-08 10:30:00,-81.17445993333332,-87.39249235,-81.72048,-0.5460219392252696
2024-03-08 11:00:00,-105.13375006666666,-106.37403335,-103.41631,1.7174368952799455
2024-03-08 11:30:00,-123.66766053333332,-124.55674608333334,-120.90646,2.7611969102864435
2024-03-08 12:00:00,-130.13321126666668,-129.27165395,-129.16066,0.9725514766276149
2024-03-08 12:30:00,-135.40034008333333,-146.97921165,-137.14017,-1.739827152994792
2024-03-08 13:00:00,-140.36659258333333,-153.7273716,-144.2116,-3.8450010445963585
2024-03-08 13:30:00,-170.48350371666666,-161.3200193333333,-169.22229,1.261213677604161
2024-03-08 14:00:00,-185.2808242,-152.24239106666667,-172.91298,12.36784507402345
2024-03-08 14:30:00,-115.99912666666668,-134.77670666666666,-118.055176,-2.056049114583317
2024-03-08 15:00:00,-98.9690643,-120.82602943333332,-100.37383,-1.4047684026367193
2024-03-08 15:30:00,-77.81372416666666,-96.43677123333332,-81.941124,-4.127399795735684
2024-03-08 16:00:00,-56.039059400000006,-66.63655776666667,-59.070057,-3.0309975152831967
2024-03-08 16:30:00,-42.4433573,-37.2286229,-40.904644,1.5387132875488305
2024-03-08 17:00:00,-20.013567816666665,-23.412038216666662,-18.340908,1.6726597661295557
2024-03-08 17:30:00,-4.427912633333333,-8.02041775,-6.8546147,-2.426702101316325
2024-03-08 18:00:00,5.4917869,2.64468,3.2135918,-2.2781950859588624
2024-03-08 18:30:00,0.6309055666666669,7.697544016666666,8.122068,7.4911628384847
2024-03-08 19:00:00,6.666251533333334,18.12674735,13.760471,7.094219810660807
2024-03-08 19:30:00,11.399913933333332,18.89133045,16.51406,5.114145133439129
2024-03-08 20:00:00,14.975063383333334,21.089517283333333,18.307749,3.3326854112223305
2024-03-08 20:30:00,20.512323366666667,20.90088045,19.981739,-0.530584322477214
2024-03-08 21:00:00,22.29782368333333,20.70356285,20.265415,-2.03240849168294
2024-03-08 21:30:00,19.313792316666667,24.88041545,20.385115,1.0713223531331373
2024-03-08 22:00:00,18.278073433333333,19.839320416666663,20.05528,1.777207252091472
2024-03-08 22:30:00,19.4510789,17.872871616666668,21.721098,2.2700190461669933
2024-03-08 23:00:00,18.167556183333332,18.706701016666667,20.035135,1.8675790858317072
2024-03-08 23:30:00,15.521832333333334,22.192491166666667,20.585882,5.064049853556314
2024-03-09 00:00:00,15.22367485,23.003112116666667,20.147245,4.923570557104492
2024-03-09 00:30:00,16.080564266666666,25.187142766666668,19.763887,3.6833231387288414
2024-03-09 01:00:00,17.06379445,22.974131100000005,18.165464,1.1016699512451176
2024-03-09 01:30:00,16.32524165,28.049768333333333,18.339022,2.013780032739259
2024-03-09 02:00:00,16.3168966,33.54440935,21.590563,5.273666220434571
2024-03-09 02:30:00,16.82791735,27.269217416666667,20.533804,3.705886589819336
2024-03-09 03:00:00,18.861893316666663,24.478249533333337,18.545383,-0.3165098632975223
2024-03-09 03:30:00,18.427810016666665,25.615288000000003,19.23967,0.8118597831380221
2024-03-09 04:00:00,18.295158333333333,28.233023866666667,20.31113,2.0159721903483074
2024-03-09 04:30:00,18.31004165,26.588559416666666,21.06173,2.751687781152345
2024-03-09 05:00:00,20.17286328333333,27.94344346666667,22.774174,2.601310453238934
2024-03-09 05:30:00,20.78943058333333,41.034706633333336,26.06991,5.280479466105145
2024-03-09 06:00:00,18.81883275,54.50134665,20.712328,1.8934952071533218
2024-03-09 06:30:00,13.860302733333333,31.55570821666667,17.142982,3.2826797495768236
2024-03-09 07:00:00,12.991580583333333,29.907452816666662,15.577244,2.585663221598308
2024-03-09 07:30:00,6.232000033333333,22.47630055,10.8942795,4.662279446647136
2024-03-09 08:00:00,1.75817155,9.6407988,3.9038033,2.1456317985412596
2024-03-09 08:30:00,-9.373424483333332,-1.8469260166666668,-7.202063,2.171361399684651
2024-03-09 09:00:00,-28.476403333333334,-18.504638266666664,-29.070581,-0.5941781028238928
2024-03-09 09:30:00,-46.36787265,-44.03988343333333,-46.817097,-0.44922406020507566
2024-03-09 10:00:00,-68.4281957,-60.37909685,-66.83827,1.589923605273441
2024-03-09 10:30:00,-82.98317886666666,-81.17445993333332,-87.21705,-4.233869778352869
2024-03-09 11:00:00,-104.67158565,-105.13375006666666,-103.74168,0.929909319433591
2024-03-09 11:30:00,-117.86747395,-123.66766053333332,-116.56866,1.2988170286132856
2024-03-09 12:00:00,-119.64507606666666,-130.13321126666668,-121.31152,-1.666447370833339
2024-03-09 12:30:00,-132.83751821666667,-135.40034008333333,-133.39491,-0.5573945030598964
2024-03-09 13:00:00,-141.1476405,-140.36659258333333,-143.95529,-2.8076512480468807
2024-03-09 13:30:00,-129.47755501666666,-170.48350371666666,-131.24606,-1.7685082157552188
2024-03-09 14:00:00,-126.83423276666667,-185.2808242,-128.64401,-1.8097796845052017
2024-03-09 14:30:00,-112.67259225,-115.99912666666668,-114.622925,-1.950332554687506
2024-03-09 15:00:00,-103.19236321666666,-98.9690643,-100.91585,2.276515438346351
2024-03-09 15:30:00,-75.79388383333334,-77.81372416666666,-77.915764,-2.1218800216471294
2024-03-09 16:00:00,-49.77463058333333,-56.039059400000006,-51.21393,-1.4392976393229233
2024-03-09 16:30:00,-27.77110321666667,-42.4433573,-31.257133,-3.4860302672200483
2024-03-09 17:00:00,-12.888557333333331,-20.013567816666665,-13.709747,-0.8211899811197938
2024-03-09 17:30:00,1.254823816666666,-4.427912633333333,1.195315,-0.059508813271585526
2024-03-09 18:00:00,7.79841845,5.4917869,7.8247833,0.02636487519531272
2024-03-09 18:30:00,17.883785066666665,0.6309055666666669,13.581876,-4.301909265580239
2024-03-09 19:00:00,25.1249421,6.666251533333334,21.221867,-3.9030754923339828
2024-03-09 19:30:00,30.260965533333334,11.399913933333332,24.306614,-5.954351611214193
2024-03-09 20:00:00,28.36985055,14.975063383333334,25.726036,-2.643814478222655
2024-03-09 20:30:00,31.116375583333333,20.512323366666667,27.67101,-3.44536651961263
2024-03-09 21:00:00,28.9170106,22.29782368333333,27.132471,-1.7845395154052746
2024-03-09 21:30:00,26.41049725,19.313792316666667,25.313232,-1.0972648281249988
2024-03-09 22:00:00,28.582711166666662,18.278073433333333,26.728136,-1.8545751040445921
2024-03-09 22:30:00,34.99753843333333,19.4510789,30.999945,-3.997593746443684
2024-03-09 23:00:00,37.2163608,18.167556183333332,30.068531,-7.147829763623044
2024-03-09 23:30:00,41.02645725,15.521832333333334,29.178946,-11.847511708618164
2024-03-10 00:00:00,31.8266667,15.22367485,25.068123,-6.758543836230469
2024-03-10 00:30:00,29.076241933333336,16.080564266666666,23.445303,-5.6309389700765
2024-03-10 01:00:00,22.397965666666664,17.06379445,22.107092,-0.2908737629801408
2024-03-10 01:30:00,21.631862666666667,16.32524165,21.634918,0.0030555462239583164
2024-03-10 02:00:00,21.9003539,16.3168966,22.015156,0.1148018922363292
2024-03-10 02:30:00,20.547517183333333,16.82791735,21.147198,0.5996805400553384
2024-03-10 03:00:00,22.60764896666667,18.861893316666663,21.43025,-1.1773987988199899
2024-03-10 03:30:00,23.173163166666665,18.427810016666665,21.049742,-2.123421421671548
2024-03-10 04:00:00,24.3912773,18.295158333333333,21.378988,-3.012289034008788
2024-03-10 04:30:00,24.30256655,18.31004165,22.152231,-2.1503353335693376
2024-03-10 05:00:00,32.23179056666667,20.17286328333333,23.196623,-9.035167718155925
2024-03-10 05:30:00,32.465809433333334,20.78943058333333,28.551956,-3.9138532565755213
2024-03-10 06:00:00,22.3087373,18.81883275,24.922106,2.6133684891845697
2024-03-10 06:30:00,20.441305433333333,13.860302733333333,21.00718,0.5658738269205728
2024-03-10 07:00:00,13.026161516666669,12.991580583333333,16.317896,3.291734372615558
2024-03-10 07:30:00,9.5441684,6.232000033333333,9.956353,0.41218478756103494
2024-03-10 08:00:00,0.1322966833333329,1.75817155,1.8905449,1.758248208024089
2024-03-10 08:30:00,-10.077097216666669,-9.373424483333332,-6.5694532,3.507643977225751
2024-03-10 09:00:00,-20.26129275,-28.476403333333334,-21.17775,-0.9164568837890634
2024-03-10 09:30:00,-47.0340848,-46.36787265,-45.80449,1.2295956642578147
2024-03-10 10:00:00,-54.78151838333333,-68.4281957,-60.969532,-6.188013629606125
2024-03-10 10:30:00,-86.78546295,-82.98317886666666,-83.87924,2.906221006640621
2024-03-10 11:00:00,-110.09889611666668,-104.67158565,-110.358925,-0.2600287490559765
2024-03-10 11:30:00,-127.01746215,-117.86747395,-124.47747,2.5399917520507813
2024-03-10 12:00:00,-133.59536161666668,-119.64507606666666,-135.44257,-1.847204301302071
2024-03-10 12:30:00,-154.76690115,-132.83751821666667,-152.27576,2.4911443140624954
2024-03-10 13:00:00,-155.8058824,-141.1476405,-154.36296,1.442921584570314
2024-03-10 13:30:00,-153.30261565,-129.47755501666666,-155.5131,-2.2104916498046805
2024-03-10 14:00:00,-140.27368551666666,-126.83423276666667,-142.02151,-1.747829375911465
2024-03-10 14:30:00,-127.34247131666666,-112.67259225,-122.94139,4.401080325455723
2024-03-10 15:00:00,-113.91092775,-103.19236321666666,-111.43352,2.4774102939453115
2024-03-10 15:30:00,-98.31454825,-75.79388383333334,-92.91054,5.404010530273439
2024-03-10 16:00:00,-60.13360106666666,-49.77463058333333,-57.257923,2.8756779404459536
2024-03-10 16:30:00,-29.909381516666667,-27.77110321666667,-31.004112,-1.0947307269856772
2024-03-10 17:00:00,-12.412867366666667,-12.888557333333331,-14.256876,-1.844008625154622
2024-03-10 17:30:00,-4.229524950000001,1.254823816666666,-3.1693993,1.0601256885253916
2024-03-10 18:00:00,18.014131083333336,7.79841845,14.597228,-3.416903033101402
2024-03-10 18:30:00,29.86916168333333,17.883785066666665,20.122812,-9.746349412215167
2024-03-10 19:00:00,20.50736505,25.1249421,18.67911,-1.8282554766357428
2024-03-10 19:30:00,22.04710486666667,30.260965533333334,20.596775,-1.4503298117350276
2024-03-10 20:00:00,22.822985650000003,28.36985055,20.918493,-1.9044923791259798
2024-03-10 20:30:00,28.519414916666666,31.116375583333333,23.68234,-4.837074294718423
2024-03-10 21:00:00,30.286790616666668,28.9170106,24.92645,-5.360339887296551
2024-03-10 21:30:00,23.4840983,26.41049725,22.035727,-1.4483717527587885
2024-03-10 22:00:00,17.1819393,28.582711166666662,21.080587,3.898648087084961
2024-03-10 22:30:00,23.17172566666667,34.99753843333333,25.638851,2.4671254991048137
2024-03-10 23:00:00,28.2629444,37.2163608,28.544437,0.2814930084472671
2024-03-10 23:30:00,36.29395546666667,41.02645725,29.874075,-6.419880530753581
2024-03-11 00:00:00,28.41405435,31.8266667,27.275875,-1.1381792584472663
2024-03-11 00:30:00,25.513818233333332,29.076241933333336,25.447468,-0.06635042937825375
2024-03-11 01:00:00,25.604468683333334,22.397965666666664,25.106495,-0.4979737797688806
2024-03-11 01:30:00,24.953148433333336,21.631862666666667,22.984795,-1.9683538166341172
2024-03-11 02:00:00,20.702946166666667,21.9003539,22.384304,1.6813578799641924
2024-03-11 02:30:00,22.92776705,20.547517183333333,22.208178,-0.7195894834716796
2024-03-11 03:00:00,21.79183546666667,22.60764896666667,22.629269,0.8374331795735657
2024-03-11 03:30:00,22.1775344,23.173163166666665,22.839725,0.6621910943847666
2024-03-11 04:00:00,23.3087855,24.3912773,23.219927,-0.08885866589355373
2024-03-11 04:30:00,25.15610613333333,24.30256655,23.401781,-1.754325051180011
2024-03-11 05:00:00,30.821116716666666,32.23179056666667,28.221928,-2.5991890738444
2024-03-11 05:30:00,30.412566183333336,32.465809433333334,31.689974,1.2774076478434218
2024-03-11 06:00:00,28.570668800000004,22.3087373,28.979849,0.4091800616943324
2024-03-11 06:30:00,32.046878400000004,20.441305433333333,28.87674,-3.170138898046879
2024-03-11 07:00:00,27.567674416666662,13.026161516666669,25.549297,-2.0183770839029904
2024-03-11 07:30:00,29.013839583333333,9.5441684,23.891808,-5.122032027180989
2024-03-11 08:00:00,10.936610566666666,0.1322966833333329,9.678928,-1.257682191422525
2024-03-11 08:30:00,-3.2376816333333327,-10.077097216666669,-3.4598525,-0.2221708237131761
2024-03-11 09:00:00,-24.7235158,-20.26129275,-22.644976,2.078540137768556
2024-03-11 09:30:00,-27.90922218333333,-47.0340848,-29.25692,-1.3476976775065133
2024-03-11 10:00:00,-44.33376056666666,-54.78151838333333,-47.344765,-3.0110041428059944
2024-03-11 10:30:00,-70.0369272,-86.78546295,-69.737114,0.2998132473632751
2024-03-11 11:00:00,-82.36980293333333,-110.09889611666668,-84.377106,-2.0073027795572926
2024-03-11 11:30:00,-108.99414278333334,-127.01746215,-108.213554,0.7805884010091262
2024-03-11 12:00:00,-121.19849295,-133.59536161666668,-121.19501,0.0034856257812521108
2024-03-11 12:30:00,-130.79635493333333,-154.76690115,-132.15044,-1.3540814680338542
2024-03-11 13:00:00,-123.43379223333334,-155.8058824,-126.50438,-3.0705870391276022
2024-03-11 13:30:00,-116.82665728333332,-153.30261565,-117.80051,-0.9738493084635564
2024-03-11 14:00:00,-107.7377383,-140.27368551666666,-111.11964,-3.3818982356445275
2024-03-11 14:30:00,-113.25740228333332,-127.34247131666666,-115.60737,-2.349966185904961
2024-03-11 15:00:00,-104.03437968333331,-113.91092775,-101.24271,2.791673384505188
2024-03-11 15:30:00,-60.448152683333326,-98.31454825,-63.602646,-3.1544931906901112
2024-03-11 16:00:00,-40.73325155,-60.13360106666666,-40.672005,0.06124685029296728
2024-03-11 16:30:00,-16.213624433333333,-29.909381516666667,-16.367033,-0.15340857142740916
2024-03-11 17:00:00,0.2025173166666672,-12.412867366666667,-1.9085294,-2.111046717492168
2024-03-11 17:30:00,12.026974433333333,-4.229524950000001,8.83816,-3.1888148721761063
2024-03-11 18:00:00,17.753513366666667,18.014131083333336,17.096893,-0.6566200561197917
2024-03-11 18:30:00,11.791976749999998,29.86916168333333,14.711969,2.9199926256103534
2024-03-11 19:00:00,27.41191825,20.50736505,23.61018,-3.8017383488769525
2024-03-11 19:30:00,34.9579778,22.04710486666667,28.572725,-6.385252503979494
2024-03-11 20:00:00,27.4502811,22.822985650000003,24.596638,-2.8536433741699234
2024-03-11 20:30:00,27.867561183333333,28.519414916666666,24.870775,-2.9967859605550125
2024-03-11 21:00:00,25.53427931666667,30.286790616666668,25.313063,-0.22121664881998981
2024-03-11 21:30:00,30.717736400000003,23.4840983,27.175377,-3.5423595079101595
2024-03-11 22:00:00,42.02400166666666,17.1819393,31.814798,-10.209203311564124
2024-03-11 22:30:00,32.385876116666665,23.17172566666667,26.38254,-6.0033363675211575
2024-03-11 23:00:00,24.76793375,28.2629444,24.507332,-0.2606019018554697
2024-03-11 23:30:00,24.8986884,36.29395546666667,27.109695,2.2110070345703114
2024-03-12 00:00:00,26.63394998333333,28.41405435,24.653315,-1.980635392879229
2024-03-12 00:30:00,24.2973646,25.513818233333332,23.747826,-0.5495389774414079
2024-03-12 01:00:00,22.703368800000003,25.604468683333334,21.5663,-1.1370693615234408
2024-03-12 01:30:00,21.5648355,24.953148433333336,21.212263,-0.35257239270019625
2024-03-12 02:00:00,21.273631116666667,20.702946166666667,21.55613,0.28249833889973885
2024-03-12 02:30:00,21.064777666666668,22.92776705,20.612295,-0.452482515909832
2024-03-12 03:00:00,21.905967816666664,21.79183546666667,20.903173,-1.0027943700113902
2024-03-12 03:30:00,21.70017335,22.1775344,21.640924,-0.059248896264648465
2024-03-12 04:00:00,23.9823411,23.3087855,22.259108,-1.7232335102783196
2024-03-12 04:30:00,23.42155688333333,25.15610613333333,23.970839,0.5492816634195989
2024-03-12 05:00:00,27.1012967,30.821116716666666,28.448444,1.3471476664550792
2024-03-12 05:30:00,26.0819578,30.412566183333336,29.317198,3.2352399996826158
2024-03-12 06:00:00,31.93100715,28.570668800000004,28.46168,-3.469327691381835
2024-03-12 06:30:00,38.338944966666666,32.046878400000004,33.763226,-4.5757194112467445
2024-03-12 07:00:00,30.86629938333333,27.567674416666662,27.708242,-3.158056966951495
2024-03-12 07:30:00,17.729633866666667,29.013839583333333,18.742592,1.0129579912434892
2024-03-12 08:00:00,9.453599016666669,10.936610566666666,9.2690525,-0.1845465111735045
2024-03-12 08:30:00,-4.4827489,-3.2376816333333327,-2.493841,1.9889079671539305
2024-03-12 09:00:00,-21.796532716666665,-24.7235158,-20.68034,1.1161929034342428
2024-03-12 09:30:00,-44.85341825,-27.90922218333333,-38.834362,6.0190562199707
2024-03-12 10:00:00,-63.70869326666667,-44.33376056666666,-63.720997,-0.012303590022781918
2024-03-12 10:30:00,-68.55203831666667,-70.0369272,-69.01064,-0.45860468870442617
2024-03-12 11:00:00,-82.24512091666666,-82.36980293333333,-80.31193,1.933193121256508
2024-03-12 11:30:00,-97.71623888333332,-108.99414278333334,-102.75955,-5.043313118619807
2024-03-12 12:00:00,-112.53311006666668,-121.19849295,-113.71895,-1.1858382975911326
2024-03-12 12:30:00,-117.1054261,-130.79635493333333,-117.7602,-0.6547744004882787
2024-03-12 13:00:00,-117.94794535,-123.43379223333334,-119.699036,-1.7510902945312523
2024-03-12 13:30:00,-116.46916221666667,-116.82665728333332,-114.06481,2.404350510123706
2024-03-12 14:00:00,-109.7650234,-107.7377383,-108.5857,1.1793224112304728
2024-03-12 14:30:00,-88.02940283333334,-113.25740228333332,-89.89078,-1.8613747545572892
2024-03-12 15:00:00,-67.30425776666667,-104.03437968333331,-70.53807,-3.2338129120442716
2024-03-12 15:30:00,-47.73411778333334,-60.448152683333326,-47.685005,0.04911259534505774
2024-03-12 16:00:00,-34.180809466666666,-40.73325155,-37.52033,-3.3395190550618494
2024-03-12 16:30:00,-24.57407173333333,-16.213624433333333,-22.958775,1.6152971666829394
2024-03-12 17:00:00,-6.32660975,0.2025173166666672,-7.590116,-1.2635062740173337
2024-03-12 17:30:00,1.7312300500000006,12.026974433333333,2.6822255,0.9509954157745355
2024-03-12 18:00:00,15.5159107,17.753513366666667,12.239622,-3.276288583911132
2024-03-12 18:30:00,26.4153951,11.791976749999998,21.552551,-4.862843830468751
2024-03-12 19:00:00,31.60162995,27.41191825,25.862076,-5.739554144335937
2024-03-12 19:30:00,30.44406943333333,34.9579778,27.666414,-2.7776551724690712
2024-03-12 20:00:00,24.85784665,27.4502811,24.714783,-0.14306393515624904
2024-03-12 20:30:00,27.340464666666666,27.867561183333333,25.304966,-2.035498693766275
2024-03-12 21:00:00,25.94894108333333,25.53427931666667,26.268051,0.31911006412760656
2024-03-12 21:30:00,20.84216155,30.717736400000003,23.53993,2.6977687936279295
2024-03-12 22:00:00,27.53144778333333,42.02400166666666,27.616112,0.0846639720377631
2024-03-12 22:30:00,26.500135083333333,32.385876116666665,24.921778,-1.5783573581136068
2024-03-12 23:00:00,18.4945102,24.76793375,22.304585,3.8100743031738276
2024-03-12 23:30:00,18.80118893333333,24.8986884,22.219448,3.4182591562662807
2024-03-13 00:00:00,18.0646644,26.63394998333333,23.230103,5.165438139062498
2024-03-13 00:30:00,17.43946993333333,24.2973646,21.986408,4.546938300309247
2024-03-13 01:00:00,19.253946083333336,22.703368800000003,20.630245,1.3762991254068986
2024-03-13 01:30:00,19.3241839,21.5648355,20.549948,1.2257638386474596
2024-03-13 02:00:00,19.58531388333333,21.273631116666667,19.711916,0.1266020865153017
2024-03-13 02:30:00,20.18575548333333,21.064777666666668,19.716507,-0.46924852532551853
2024-03-13 03:00:00,21.715867166666666,21.905967816666664,20.771908,-0.9439593602701812
2024-03-13 03:30:00,21.28203888333333,21.70017335,21.539196,0.2571571310709686
2024-03-13 04:00:00,21.0742778,23.9823411,22.42603,1.3517514053222648
2024-03-13 04:30:00,20.7858223,23.42155688333333,24.013079,3.227256389575196
2024-03-13 05:00:00,24.9396149,27.1012967,25.889534,0.9499190965820326
2024-03-13 05:30:00,26.739470616666665,26.0819578,25.899136,-0.8403350270670558
2024-03-13 06:00:00,26.3898652,31.93100715,27.55544,1.1655757027099618
2024-03-13 06:30:00,27.58595275,38.338944966666666,28.126842,0.5408897487792963
2024-03-13 07:00:00,33.75831973333333,30.86629938333333,29.26132,-4.496999619197588
2024-03-13 07:30:00,23.959063566666668,17.729633866666667,21.996927,-1.9621363053141287
2024-03-13 08:00:00,13.212777166666667,9.453599016666669,11.830314,-1.3824634841105148
2024-03-13 08:30:00,10.831019583333331,-4.4827489,7.2863364,-3.5446831613667786
2024-03-13 09:00:00,4.410258916666668,-21.796532716666665,-2.4491107,-6.859369663050335
2024-03-13 09:30:00,-20.615152733333336,-44.85341825,-24.311132,-3.695979697696938
2024-03-13 10:00:00,-31.444587883333337,-63.70869326666667,-34.444817,-3.0002287060221313
2024-03-13 10:30:00,-40.29077711666667,-68.55203831666667,-44.05501,-3.7642346326009104
2024-03-13 11:00:00,-46.616573916666674,-82.24512091666666,-49.141766,-2.525191677815748
2024-03-13 11:30:00,-59.616792233333335,-97.71623888333332,-64.04593,-4.42913672174479
2024-03-13 12:00:00,-69.6106709,-112.53311006666668,-70.0551,-0.44442858730468515
2024-03-13 12:30:00,-88.44755085000001,-117.1054261,-95.711845,-7.264294547949206
2024-03-13 13:00:00,-119.0637961,-117.94794535,-117.41385,1.6499472230468797
2024-03-13 13:30:00,-87.59360601666667,-116.46916221666667,-91.31153,-3.717925050227862
2024-03-13 14:00:00,-86.53748888333332,-109.7650234,-86.90874,-0.37124829928386305
2024-03-13 14:30:00,-75.77868216666667,-88.02940283333334,-77.63502,-1.8563352283528616
2024-03-13 15:00:00,-65.32649728333332,-67.30425776666667,-64.4828,0.8436939386067621
2024-03-13 15:30:00,-46.545392166666666,-47.73411778333334,-49.11538,-2.569987166829428
2024-03-13 16:00:00,-31.702781666666667,-34.180809466666666,-31.754602,-0.051820765584309925
2024-03-13 16:30:00,-20.283079416666663,-24.57407173333333,-19.29528,0.9877989601236941
2024-03-13 17:00:00,-13.08973165,-6.32660975,-12.2746935,0.8150381609252921
2024-03-13 17:30:00,-1.8054717166666672,1.7312300500000006,-1.0985962,0.7068755014185593
2024-03-13 18:00:00,11.6418155,15.5159107,12.657086,1.0152708723754884
2024-03-13 18:30:00,4.892635566666667,26.4153951,9.2831745,4.390538948103841
2024-03-13 19:00:00,11.524306666666666,31.60162995,18.458168,6.93386136311849
2024-03-13 19:30:00,16.703675583333332,30.44406943333333,22.664097,5.960421248942058
2024-03-13 20:00:00,17.878995683333333,24.85784665,21.857038,3.978042814591472
2024-03-13 20:30:00,19.082272716666665,27.340464666666666,22.250036,3.167763522957358
2024-03-13 21:00:00,18.474511083333336,25.94894108333333,22.494255,4.019743982584632
2024-03-13 21:30:00,22.474031566666667,20.84216155,22.013758,-0.4602738609781909
2024-03-13 22:00:00,23.29478943333333,27.53144778333333,24.267302,0.9725121261149106
2024-03-13 22:30:00,18.39217958333333,26.500135083333333,22.492903,4.100723172403974
2024-03-13 23:00:00,23.59796946666667,18.4945102,23.834988,0.23701817371419054
2024-03-13 23:30:00,21.49177265,18.80118893333333,22.734758,1.2429857270751938
2024-03-14 00:00:00,16.494964333333332,18.0646644,22.624973,6.130008963785809
2024-03-14 00:30:00,18.810475933333333,17.43946993333333,21.550833,2.7403568150797533
2024-03-14 01:00:00,21.26767105,19.253946083333336,22.905415,1.6377435312988275
2024-03-14 01:30:00,24.600432166666668,19.3241839,22.059498,-2.5409343334147145
2024-03-14 02:00:00,26.140721483333333,19.58531388333333,21.742172,-4.398549242122396
2024-03-14 02:30:00,22.7781711,20.18575548333333,21.43537,-1.3428016084228531
2024-03-14 03:00:00,21.796878266666667,21.715867166666666,21.453981,-0.34289686713053413
2024-03-14 03:30:00,21.431197216666664,21.28203888333333,21.532328,0.10113043531087484
2024-03-14 04:00:00,23.992116116666665,21.0742778,22.696836,-1.2952796451090478
2024-03-14 04:30:00,29.211712316666667,20.7858223,24.806744,-4.404968694840495
2024-03-14 05:00:00,27.266419600000003,24.9396149,26.650778,-0.6156417832275416
2024-03-14 05:30:00,26.88384728333333,26.739470616666665,30.471106,3.587258292228192
2024-03-14 06:00:00,28.590272783333333,26.3898652,28.746916,0.1566430339274092
2024-03-14 06:30:00,28.9686498,27.58595275,27.266302,-1.702347691235353
2024-03-14 07:00:00,29.2309711,33.75831973333333,28.837027,-0.3939445039306655
2024-03-14 07:30:00,18.80198995,23.959063566666668,19.673115,0.8711248266113287
2024-03-14 08:00:00,11.35124615,13.212777166666667,11.446242,0.09499618245849639
2024-03-14 08:30:00,2.304704466666667,10.831019583333331,3.2501004,0.9453959075551346
2024-03-14 09:00:00,1.6345889499999997,4.410258916666668,-4.143181,-5.777769797167968
2024-03-14 09:30:00,-21.64447008333333,-20.615152733333336,-26.044582,-4.400112283610028
2024-03-14 10:00:00,-45.795717833333335,-31.444587883333337,-44.75792,1.037798521809897
2024-03-14 10:30:00,-52.79285386666666,-40.29077711666667,-53.007694,-0.2148403777181045
2024-03-14 11:00:00,-56.66826898333333,-46.616573916666674,-61.751698,-5.083428556949876
2024-03-14 11:30:00,-75.33923793333334,-59.616792233333335,-72.10857,3.230671649153649
2024-03-14 12:00:00,-91.44430716666666,-69.6106709,-88.2426,3.2017076793619736
2024-03-14 12:30:00,-91.86105558333333,-88.44755085000001,-97.74939,-5.888334065104175
2024-03-14 13:00:00,-85.81143496666665,-119.0637961,-91.67652,-5.8650863346028785
2024-03-14 13:30:00,-79.67060895,-87.59360601666667,-79.02204,0.6485676291992206
2024-03-14 14:00:00,-75.3506811,-86.53748888333332,-79.80507,-4.45438786972656
2024-03-14 14:30:00,-64.07277711666667,-75.77868216666667,-63.76641,0.30636628902995255
2024-03-14 15:00:00,-57.44345211666666,-65.32649728333332,-60.213318,-2.7698657544270873
2024-03-14 15:30:00,-47.19249546666666,-46.545392166666666,-46.047543,1.1449528946451721
2024-03-14 16:00:00,-28.769910050000004,-31.702781666666667,-31.706678,-2.936768340502926
2024-03-14 16:30:00,-17.57902215,-20.283079416666663,-17.556215,0.022806863745117312
2024-03-14 17:00:00,-6.862881116666666,-13.08973165,-10.879954,-4.017073221407064
2024-03-14 17:30:00,1.4164698666666669,-1.8054717166666672,2.415219,0.9987492018605548
2024-03-14 18:00:00,11.51113715,11.6418155,13.0185995,1.5074623601928714
2024-03-14 18:30:00,19.875290516666663,4.892635566666667,15.475822,-4.399468067936194
2024-03-14 19:00:00,19.277283883333336,11.524306666666666,19.222218,-0.055066323518882854
2024-03-14 19:30:00,21.20351275,16.703675583333332,20.618097,-0.58541544470215
2024-03-14 20:00:00,20.4472812,17.878995683333333,19.79057,-0.6567118945800772
2024-03-14 20:30:00,22.43190055,19.082272716666665,21.31821,-1.113689948193361
2024-03-14 21:00:00,23.05607553333333,18.474511083333336,21.59959,-1.4564852318196593
2024-03-14 21:30:00,21.311194366666665,22.474031566666667,23.10054,1.789345794466147
2024-03-14 22:00:00,21.27946173333333,23.29478943333333,21.713484,0.43402207709147334
2024-03-14 22:30:00,21.975418450000003,18.39217958333333,21.828335,-0.14708364165039356
2024-03-14 23:00:00,30.98910443333333,23.59796946666667,23.641623,-7.34748188999837
2024-03-14 23:30:00,26.78603408333333,21.49177265,22.163954,-4.622080302205401
2024-03-15 00:00:00,27.389108933333333,16.494964333333332,20.329058,-7.060051239851887
2024-03-15 00:30:00,25.377826166666665,18.810475933333333,19.885025,-5.492801142252603
2024-03-15 01:00:00,18.75033895,21.26767105,19.3123,0.561960778393555
2024-03-15 01:30:00,19.1129266,24.600432166666668,19.135609,0.022682073095701583
2024-03-15 02:00:00,19.0798927,26.140721483333333,20.429827,1.3499340364501968
2024-03-15 02:30:00,20.551921166666663,22.7781711,19.898746,-0.6531746761881472
2024-03-15 03:00:00,21.69869218333333,21.796878266666667,21.490658,-0.208034376936844
2024-03-15 03:30:00,21.23985946666667,21.431197216666664,21.407547,0.1676875304036436
2024-03-15 04:00:00,20.752644316666665,23.992116116666665,22.007645,1.255000336653648
2024-03-15 04:30:00,23.44722498333333,29.211712316666667,22.308031,-1.1391939011800112
2024-03-15 05:00:00,25.16478875,27.266419600000003,26.24704,1.0822510449218754
2024-03-15 05:30:00,22.3634867,26.88384728333333,27.412369,5.048882074414063
2024-03-15 06:00:00,29.313697716666667,28.590272783333333,29.473207,0.15950975708821602
2024-03-15 06:30:00,35.48589938333333,28.9686498,29.991203,-5.494696075227864
2024-03-15 07:00:00,27.46339543333333,29.2309711,27.07289,-0.39050610533039887
2024-03-15 07:30:00,18.610247283333333,18.80198995,19.737223,1.126975388175456
2024-03-15 08:00:00,-0.5241800166666667,11.35124615,4.495512,5.019692025333659
2024-03-15 08:30:00,-28.181473716666662,2.304704466666667,-17.303413,10.878060325553381
2024-03-15 09:00:00,-28.55407811666667,1.6345889499999997,-23.831036,4.723042502652998
2024-03-15 09:30:00,-44.9156078,-21.64447008333333,-41.556114,3.359493603222653
2024-03-15 10:00:00,-51.83722513333333,-45.795717833333335,-54.65443,-2.81720525607097
2024-03-15 10:30:00,-54.93709561666666,-52.79285386666666,-59.24221,-4.305114771516934
2024-03-15 11:00:00,-69.18229718333333,-56.66826898333333,-70.67863,-1.4963298308268236
2024-03-15 11:30:00,-69.94982885,-75.33923793333334,-74.6321,-4.682274116308591
2024-03-15 12:00:00,-102.07021288333333,-91.44430716666666,-103.25966,-1.1894459301432363
2024-03-15 12:30:00,-125.11566884999998,-91.86105558333333,-122.26711,2.8485561180663836
2024-03-15 13:00:00,-123.89926891666668,-85.81143496666665,-123.208824,0.6904447589518412
2024-03-15 13:30:00,-114.36403018333334,-79.67060895,-113.17887,1.1851590285481848
2024-03-15 14:00:00,-117.9581295,-75.3506811,-112.08631,5.871818159667967
2024-03-15 14:30:00,-100.08177278333334,-64.07277711666667,-97.1442,2.937569597298179
2024-03-15 15:00:00,-94.14334326666666,-57.44345211666666,-89.46149,4.681856450260412
2024-03-15 15:30:00,-79.65005778333334,-47.19249546666666,-75.48905,4.161005964485682
2024-03-15 16:00:00,-63.89733675,-28.769910050000004,-61.5495,2.347837238281251
2024-03-15 16:30:00,-49.873703866666666,-17.57902215,-42.137,7.73670282906901
2024-03-15 17:00:00,-23.28585165,-6.862881116666666,-16.562807,6.723044566870119
2024-03-15 17:30:00,-1.6289244333333333,1.4164698666666669,-2.559339,-0.9304146131449382
2024-03-15 18:00:00,5.191283783333333,11.51113715,7.2204494,2.029165664298503
2024-03-15 18:30:00,4.558772766666666,19.875290516666663,7.6351967,3.076423919124349
2024-03-15 19:00:00,10.955303366666667,19.277283883333336,14.1041155,3.148812119478352
2024-03-15 19:30:00,13.422857816666664,21.20351275,17.637182,4.21432441905111
2024-03-15 20:00:00,14.842870116666669,20.4472812,17.086843,2.243973373933917
2024-03-15 20:30:00,12.254542816666666,22.43190055,18.509275,6.2547326197347015
2024-03-15 21:00:00,12.489276633333333,23.05607553333333,18.063442,5.574165596891277
2024-03-15 21:30:00,15.920927216666668,21.311194366666665,19.253458,3.3325308064046215
2024-03-15 22:00:00,14.229188466666663,21.27946173333333,19.350664,5.121475672127282
2024-03-15 22:30:00,14.314415599999998,21.975418450000003,19.108027,4.793610904516603
2024-03-15 23:00:00,15.72354835,30.98910443333333,20.751019,5.027470174169922
2024-03-15 23:30:00,16.7266078,26.78603408333333,20.524422,3.7978138918945312
2024-03-16 00:00:00,15.707881116666668,27.389108933333333,19.538769,3.830887651643879
2024-03-16 00:30:00,17.3584256,25.377826166666665,17.829882,0.47145606809081997
2024-03-16 01:00:00,19.35135165,18.75033895,18.51062,-0.8407315328125016
2024-03-16 01:30:00,25.333445883333336,19.1129266,20.72377,-4.609675741731774
2024-03-16 02:00:00,25.302745416666667,19.0798927,20.091343,-5.211402490641277
2024-03-16 02:30:00,18.976582816666667,20.551921166666663,18.564945,-0.4116375957194016
2024-03-16 03:00:00,20.410360916666665,21.69869218333333,18.624992,-1.7853685460611963
2024-03-16 03:30:00,19.49337605,21.23985946666667,18.81717,-0.6762068605468734
2024-03-16 04:00:00,19.6145507,20.752644316666665,20.1343,0.519749531933595
2024-03-16 04:30:00,19.510903366666668,23.44722498333333,19.78804,0.2771367944661449
2024-03-16 05:00:00,19.8543072,25.16478875,21.766632,1.912324880078124
2024-03-16 05:30:00,23.25653228333333,22.3634867,22.406408,-0.8501239733968049
2024-03-16 06:00:00,19.0478138,29.313697716666667,20.331444,1.2836299866210936
2024-03-16 06:30:00,13.890769866666666,35.48589938333333,21.042248,7.151477905550131
2024-03-16 07:00:00,10.5211454,27.46339543333333,16.629896,6.10875076394043
2024-03-16 07:30:00,9.449711016666669,18.610247283333333,11.799638,2.3499267778279602
2024-03-16 08:00:00,-2.1040056166666665,-0.5241800166666667,1.4395965,3.543602150441996
2024-03-16 08:30:00,-20.67496668333333,-28.181473716666662,-17.204453,3.4705141686848933
2024-03-16 09:00:00,-38.45464275,-28.55407811666667,-30.776415,7.678227878784178
2024-03-16 09:30:00,-48.31690653333334,-44.9156078,-47.37356,0.9433446742024785
2024-03-16 10:00:00,-65.01095061666666,-51.83722513333333,-61.97521,3.035742334195959
2024-03-16 10:30:00,-83.24368493333334,-54.93709561666666,-75.74652,7.497163937239591
2024-03-16 11:00:00,-91.46006341666669,-69.18229718333333,-87.8974,3.562663514322935
2024-03-16 11:30:00,-111.06381831666666,-69.94982885,-105.80718,5.256636004654936
2024-03-16 12:00:00,-111.11168873333334,-102.07021288333333,-109.35391,1.757776379817713
2024-03-16 12:30:00,-129.75645996666665,-125.11566884999998,-131.13899,-1.3825323429036587
2024-03-16 13:00:00,-135.8854189,-123.89926891666668,-131.41066,4.474759109960928
2024-03-16 13:30:00,-135.41044996666668,-114.36403018333334,-132.0463,3.3641548006510504
2024-03-16 14:00:00,-120.14776546666668,-117.9581295,-118.930786,1.2169793338541837
2024-03-16 14:30:00,-96.70958148333334,-100.08177278333334,-97.91604,-1.206457029850256
2024-03-16 15:00:00,-81.53830221666666,-94.14334326666666,-86.03505,-4.496747221809898
2024-03-16 15:30:00,-71.42995055,-79.65005778333334,-74.87974,-3.4497873040039053
2024-03-16 16:00:00,-56.8645534,-63.89733675,-56.99749,-0.1329365291992204
2024-03-16 16:30:00,-33.13236053333333,-49.873703866666666,-34.98899,-1.856630250358073
2024-03-16 17:00:00,-5.627327833333332,-23.28585165,-7.7749686,-2.147640790781658
2024-03-16 17:30:00,4.529580666666667,-1.6289244333333333,4.024285,-0.50529582703654
2024-03-16 18:00:00,21.79663431666667,5.191283783333333,14.859511,-6.937122941239423
2024-03-16 18:30:00,22.09113495,4.558772766666666,17.038305,-5.052829667407227
2024-03-16 19:00:00,22.702925583333336,10.955303366666667,18.46826,-4.234665771931969
2024-03-16 19:30:00,19.419686066666667,13.422857816666664,19.205221,-0.21446489051920636
2024-03-16 20:00:00,22.064839483333333,14.842870116666669,18.698206,-3.366633535457357
2024-03-16 20:30:00,25.68444875,12.254542816666666,20.592209,-5.092239887695314
2024-03-16 21:00:00,27.30883335,12.489276633333333,21.083082,-6.225751150903321
2024-03-16 21:30:00,24.080048200000004,15.920927216666668,20.932758,-3.1472898687011757
2024-03-16 22:00:00,20.195115466666667,14.229188466666663,20.833717,0.6386018795247388
2024-03-16 22:30:00,17.052799916666668,14.314415599999998,21.123247,4.070447229939777
2024-03-16 23:00:00,15.928302916666668,15.72354835,20.978762,5.0504587563069645
2024-03-16 23:30:00,27.550970633333336,16.7266078,24.722925,-2.828045447176109
2024-03-17 00:00:00,24.0687177,15.707881116666668,19.646109,-4.422609072680665
2024-03-17 00:30:00,27.138466016666666,17.3584256,20.909868,-6.22859777631022
2024-03-17 01:00:00,21.930484066666665,19.35135165,20.453627,-1.4768574339762353
2024-03-17 01:30:00,16.1751983,25.333445883333336,19.582401,3.407202975634764
2024-03-17 02:00:00,15.6546545,25.302745416666667,19.890291,4.235636713989258
2024-03-17 02:30:00,15.231651616666667,18.976582816666667,19.489073,4.25742118301595
2024-03-17 03:00:00,14.9936822,20.410360916666665,19.846607,4.852925008251953
2024-03-17 03:30:00,17.299422833333335,19.49337605,19.448902,2.1494792967936185
2024-03-17 04:00:00,18.10398556666667,19.6145507,20.089407,1.985421400496417
2024-03-17 04:30:00,21.153768333333336,19.510903366666668,22.986202,1.8324339066568989
2024-03-17 05:00:00,20.17156933333333,19.8543072,23.299736,3.128166689615888
2024-03-17 05:30:00,20.562174,23.25653228333333,24.27694,3.714765392089845
2024-03-17 06:00:00,22.05485713333333,19.0478138,22.350954,0.2960969224528043
2024-03-17 06:30:00,19.9516272,13.890769866666666,20.538172,0.5865445681884758
2024-03-17 07:00:00,13.621424383333334,10.5211454,17.385817,3.7643921907633455
2024-03-17 07:30:00,11.04943665,9.449711016666669,14.069591,3.02015391854248
2024-03-17 08:00:00,4.998768283333334,-2.1040056166666665,6.090043,1.0912747845987951
2024-03-17 08:30:00,2.7308566,-20.67496668333333,-6.7509985,-9.481855097009277
2024-03-17 09:00:00,-14.697382866666668,-38.45464275,-24.692974,-9.995591223909503
2024-03-17 09:30:00,-34.32462163333333,-48.31690653333334,-34.67395,-0.3493285619791706
2024-03-17 10:00:00,-43.2770396,-65.01095061666666,-47.57371,-4.29667179526367
2024-03-17 10:30:00,-49.32838784999999,-83.24368493333334,-55.01418,-5.685791379736337
2024-03-17 11:00:00,-54.88100553333333,-91.46006341666669,-57.926018,-3.045012227897139
2024-03-17 11:30:00,-66.17444825,-111.06381831666666,-75.2346,-9.060148002441409
2024-03-17 12:00:00,-90.16378061666668,-111.11168873333334,-95.15355,-4.989768577669253
2024-03-17 12:30:00,-97.58152383333334,-129.75645996666665,-102.71376,-5.132236542643227
2024-03-17 13:00:00,-99.4579117,-135.8854189,-106.52818,-7.070271283398441
2024-03-17 13:30:00,-107.7386615,-135.41044996666668,-109.04586,-1.3071987905273375
2024-03-17 14:00:00,-92.31496085,-120.14776546666668,-94.68742,-2.372462856054682
2024-03-17 14:30:00,-67.76072941666666,-96.70958148333334,-79.071754,-11.311025038899743
2024-03-17 15:00:00,-65.76002175,-81.53830221666666,-71.78991,-6.029887612792962
2024-03-17 15:30:00,-47.48437955,-71.42995055,-51.83176,-4.347380856494141
2024-03-17 16:00:00,-34.902775,-56.8645534,-37.906776,-3.004001428222658
2024-03-17 16:30:00,-27.72679383333333,-33.13236053333333,-29.79887,-2.0720762533365935
2024-03-17 17:00:00,-18.774152666666662,-5.627327833333332,-14.438689,4.335463434794104
2024-03-17 17:30:00,0.1965487999999999,4.529580666666667,0.7333868,0.5368380145942688
2024-03-17 18:00:00,9.89001335,21.79663431666667,10.530647,0.640633927832031
2024-03-17 18:30:00,9.6885073,22.09113495,11.337013,1.6485059446289068
2024-03-17 19:00:00,12.611303216666665,22.702925583333336,16.513214,3.9019108946614605
2024-03-17 19:30:00,18.6194835,19.419686066666667,17.93005,-0.6894336037597668
2024-03-17 20:00:00,20.989366566666664,22.064839483333333,18.8827,-2.106666600236
2024-03-17 20:30:00,18.82916935,25.68444875,19.397228,0.5680588909667961
2024-03-17 21:00:00,19.66251898333333,27.30883335,20.878479,1.2159600205729184
2024-03-17 21:30:00,21.39201508333333,24.080048200000004,19.776295,-1.6157203750813771
2024-03-17 22:00:00,22.36773905,20.195115466666667,18.48475,-3.882988302319337
2024-03-17 22:30:00,22.45285335,17.052799916666668,19.698761,-2.7540923636718766
2024-03-17 23:00:00,21.815695,15.928302916666668,20.144829,-1.6708662036132829
2024-03-17 23:30:00,20.67647398333333,27.550970633333336,21.537655,0.8611808933756535
2024-03-18 00:00:00,23.77295948333333,24.0687177,23.064327,-0.7086322433430965
2024-03-18 00:30:00,28.9942806,27.138466016666666,23.986721,-5.00755956118164
2024-03-18 01:00:00,25.6480449,21.930484066666665,22.37298,-3.275064782202147
2024-03-18 01:30:00,20.2383122,16.1751983,22.085924,1.847611948559571
2024-03-18 02:00:00,20.230927333333334,15.6546545,20.54611,0.3151828198649085
2024-03-18 02:30:00,19.81697833333333,15.231651616666667,19.230997,-0.5859812477620423
2024-03-18 03:00:00,20.05358838333333,14.9936822,19.381496,-0.6720919538899714
2024-03-18 03:30:00,21.4466521,17.299422833333335,20.849907,-0.5967451786132827
2024-03-18 04:00:00,21.83044955,18.10398556666667,21.83599,0.005541355761717881
2024-03-18 04:30:00,24.115551066666665,21.153768333333336,23.641327,-0.47422416236979004
2024-03-18 05:00:00,23.068519483333333,20.17156933333333,25.502935,2.4344159262125658
2024-03-18 05:30:00,26.376774466666664,20.562174,26.577278,0.20050367054036755
2024-03-18 06:00:00,27.63434786666667,22.05485713333333,26.8204,-0.8139476286295597
2024-03-18 06:30:00,35.638971633333334,19.9516272,30.545128,-5.09384376468099
2024-03-18 07:00:00,33.409955116666666,13.621424383333334,26.505165,-6.9047900165690095
2024-03-18 07:30:00,29.77117948333333,11.04943665,22.043259,-7.727920816341143
2024-03-18 08:00:00,6.135074516666666,4.998768283333334,7.3458757,1.2108012233846033
2024-03-18 08:30:00,-6.794801783333334,2.7308566,-8.784173,-1.9893712284464513
2024-03-18 09:00:00,-18.43633888333333,-14.697382866666668,-19.118292,-0.6819529715250674
2024-03-18 09:30:00,-34.49107396666667,-34.32462163333333,-34.726883,-0.23580896790364392
2024-03-18 10:00:00,-45.52472773333333,-43.2770396,-46.679783,-1.155055134098312
2024-03-18 10:30:00,-60.0153817,-49.32838784999999,-59.18526,0.8301209272949208
2024-03-18 11:00:00,-70.96515765,-54.88100553333333,-73.587585,-2.6224277992187552
2024-03-18 11:30:00,-87.22424110000001,-66.17444825,-84.83416,2.390081248925796
2024-03-18 12:00:00,-91.28794826666666,-90.16378061666668,-95.300514,-4.012565954524746
2024-03-18 12:30:00,-110.42940833333334,-97.58152383333334,-111.67109,-1.2416808390299394
2024-03-18 13:00:00,-119.48794648333336,-99.4579117,-120.06253,-0.574584034244765
2024-03-18 13:30:00,-119.79817775,-107.7386615,-118.69947,1.0987072299804623
2024-03-18 14:00:00,-106.12110436666669,-92.31496085,-108.42234,-2.301236026399721
2024-03-18 14:30:00,-94.26733406666666,-67.76072941666666,-96.3876,-2.1202696930989617
2024-03-18 15:00:00,-119.98612705,-65.76002175,-109.9969,9.98922458417968
2024-03-18 15:30:00,-52.896557900000005,-47.48437955,-54.348293,-1.4517354044433546
2024-03-18 16:00:00,-37.85342888333333,-34.902775,-38.433834,-0.5804051925944052
2024-03-18 16:30:00,-23.242653333333333,-27.72679383333333,-26.340893,-3.0982394584147137
2024-03-18 17:00:00,-6.5515641,-18.774152666666662,-7.035225,-0.483660814550781
2024-03-18 17:30:00,8.641654950000001,0.1965487999999999,6.4189916,-2.2226633842956556
2024-03-18 18:00:00,23.47524828333333,9.89001335,16.80951,-6.665739005989579
2024-03-18 18:30:00,28.05586666666667,9.6885073,17.970213,-10.085653730265303
2024-03-18 19:00:00,21.722565433333333,12.611303216666665,21.362083,-0.36048199827473937
2024-03-18 19:30:00,23.312178416666665,18.6194835,23.723362,0.4111835523274756
2024-03-18 20:00:00,19.919883916666667,20.989366566666664,23.218393,3.2985094091389975
2024-03-18 20:30:00,20.51734826666667,18.82916935,23.002653,2.485304855281573
2024-03-18 21:00:00,23.57818268333333,19.66251898333333,22.730387,-0.8477959493245422
2024-03-18 21:30:00,18.95120225,21.39201508333333,21.645515,2.69431319189453
2024-03-18 22:00:00,28.44995053333333,22.36773905,23.243387,-5.20656331104329
2024-03-18 22:30:00,28.783139516666665,22.45285335,23.600922,-5.18221788580729
2024-03-18 23:00:00,29.26615178333333,21.815695,22.320457,-6.945694324837238
2024-03-18 23:30:00,25.82427948333333,20.67647398333333,22.696678,-3.1276013217122376
2024-03-19 00:00:00,27.0611067,23.77295948333333,23.856058,-3.205048579272461
2024-03-19 00:30:00,24.0609923,28.9942806,22.774963,-1.2860289210937488
2024-03-19 01:00:00,19.484023266666668,25.6480449,21.920996,2.4369724456136055
2024-03-19 01:30:00,18.256959316666663,20.2383122,20.091335,1.8343759799641965
2024-03-19 02:00:00,17.43211833333333,20.230927333333334,20.02636,2.594241224772137
2024-03-19 02:30:00,17.35238108333333,19.81697833333333,19.118336,1.7659546405436224
2024-03-19 03:00:00,17.920473933333334,20.05358838333333,19.128904,1.2084304093180336
2024-03-19 03:30:00,19.2829493,21.4466521,19.390406,0.10745635490722805
2024-03-19 04:00:00,18.85845903333333,21.83044955,20.269081,1.4106220823893274
2024-03-19 04:30:00,22.850421166666667,24.115551066666665,21.665918,-1.1845028164469404
2024-03-19 05:00:00,24.809400683333333,23.068519483333333,21.165054,-3.6443463620442706
2024-03-19 05:30:00,24.95642408333333,26.376774466666664,24.195045,-0.7613786121419253
2024-03-19 06:00:00,22.9145206,27.63434786666667,24.85518,1.9406601403564459
2024-03-19 06:30:00,23.4476955,35.638971633333334,31.065292,7.617596858398439
2024-03-19 07:00:00,20.16120211666667,33.409955116666666,29.644531,9.483329133333331
2024-03-19 07:30:00,14.122824533333334,29.77117948333333,17.970156,3.8473311826090484
2024-03-19 08:00:00,4.805942816666667,6.135074516666666,7.0061398,2.2001969385823568
2024-03-19 08:30:00,0.8646411833333335,-6.794801783333334,-4.0080523,-4.872693532423909
2024-03-19 09:00:00,-11.998886566666664,-18.43633888333333,-15.657458,-3.6585717386922223
2024-03-19 09:30:00,-19.59018285,-34.49107396666667,-25.242506,-5.652323177221678
2024-03-19 10:00:00,-38.54723955,-45.52472773333333,-41.170033,-2.6227929512207027
2024-03-19 10:30:00,-51.803731133333336,-60.0153817,-52.943344,-1.1396129828776012
2024-03-19 11:00:00,-73.48691105,-70.96515765,-70.66943,2.8174774562500033
2024-03-19 11:30:00,-84.16268778333334,-87.22424110000001,-85.10961,-0.9469237278971292
2024-03-19 12:00:00,-93.8404072,-91.28794826666666,-95.25575,-1.4153453634765611
2024-03-19 12:30:00,-95.12146986666666,-110.42940833333334,-98.54298,-3.4215065127278734
2024-03-19 13:00:00,-111.84133181666664,-119.48794648333336,-114.23234,-2.3910061349935177
2024-03-19 13:30:00,-108.49302715,-119.79817775,-112.276695,-3.7836681014648406
2024-03-19 14:00:00,-91.22353838333332,-106.12110436666669,-94.403625,-3.18008710494793
2024-03-19 14:30:00,-86.38440345,-94.26733406666666,-87.22227,-0.8378637008789127
2024-03-19 15:00:00,-76.76917058333333,-119.98612705,-81.43352,-4.664346872721353
2024-03-19 15:30:00,-54.90728888333334,-52.896557900000005,-57.688908,-2.781618739957679
2024-03-19 16:00:00,-32.90354163333333,-37.85342888333333,-34.343292,-1.439750602994792
2024-03-19 16:30:00,-19.376063833333333,-23.242653333333333,-21.515661,-2.13959740629069
2024-03-19 17:00:00,-12.4948482,-6.5515641,-6.762345,5.732503362811279
2024-03-19 17:30:00,4.531548983333334,8.641654950000001,2.0791798,-2.4523692195393885
2024-03-19 18:00:00,2.5242039166666665,23.47524828333333,8.783181,6.2589772738240566
2024-03-19 18:30:00,8.562279433333334,28.05586666666667,12.463186,3.900906830704752
2024-03-19 19:00:00,10.577351266666666,21.722565433333333,19.604937,9.02758533306478
2024-03-19 19:30:00,14.604400416666666,23.312178416666665,19.226831,4.622431019490561
2024-03-19 20:00:00,19.377803916666668,19.919883916666667,19.555458,0.17765415218098823
2024-03-19 20:30:00,18.933629416666665,20.51734826666667,21.178074,2.244444466389975
2024-03-19 21:00:00,18.67398731666667,23.57818268333333,20.01271,1.3387232546223942
2024-03-19 21:30:00,16.172107183333335,18.95120225,19.20329,3.03118375599772
2024-03-19 22:00:00,14.812842766666668,28.44995053333333,20.261072,5.448229392146809
2024-03-19 22:30:00,17.412631016666666,28.783139516666665,20.409525,2.9968939009358735
2024-03-19 23:00:00,16.878447716666667,29.26615178333333,20.587376,3.7089279242024737
2024-03-19 23:30:00,16.388051216666664,25.82427948333333,19.473831,3.0857799600911484
2024-03-20 00:00:00,16.723320583333333,27.0611067,21.677305,4.953984638224284
2024-03-20 00:30:00,17.165442133333332,24.0609923,21.711535,4.546092366788738
2024-03-20 01:00:00,15.530031566666668,19.484023266666668,19.859215,4.329183216048175
2024-03-20 01:30:00,15.669443316666667,18.256959316666663,18.222809,2.5533655212239577
2024-03-20 02:00:00,17.5103412,17.43211833333333,18.013971,0.5036301287353524
2024-03-20 02:30:00,16.658918316666668,17.35238108333333,17.90114,1.2422218963460274
2024-03-20 03:00:00,17.434931016666667,17.920473933333334,18.020424,0.5854928724934894
2024-03-20 03:30:00,17.718390483333334,19.2829493,18.798283,1.079892139957682
2024-03-20 04:00:00,20.06179623333333,18.85845903333333,19.448093,-0.6137028190266882
2024-03-20 04:30:00,19.4926771,22.850421166666667,20.184431,0.691753976049803
2024-03-20 05:00:00,19.79210601666667,24.809400683333333,21.004148,1.2120424666096987
2024-03-20 05:30:00,20.592295,24.95642408333333,23.987152,3.394857099609375
2024-03-20 06:00:00,33.29196111666666,22.9145206,25.352524,-7.939437312955725
2024-03-20 06:30:00,30.7990751,23.4476955,26.433714,-4.365361187036132
2024-03-20 07:00:00,21.85213176666667,20.16120211666667,23.860237,2.0081053549153616
2024-03-20 07:30:00,22.564825599999995,14.122824533333334,18.4404,-4.12442643007812
2024-03-20 08:00:00,15.5814245,4.805942816666667,7.3416886,-8.239735867034913
2024-03-20 08:30:00,-0.7006798499999999,0.8646411833333335,-2.5375204,-1.8368405586303713
2024-03-20 09:00:00,-12.1109021,-11.998886566666664,-18.119917,-6.009014815893554
2024-03-20 09:30:00,-30.617200033333333,-19.59018285,-30.375296,0.24190439429524702
2024-03-20 10:00:00,-32.879478283333334,-38.54723955,-36.0583,-3.1788217349772125
2024-03-20 10:30:00,-48.90942715,-51.803731133333336,-48.556362,0.3530649979003897
2024-03-20 11:00:00,-52.318636700000006,-73.48691105,-60.318695,-8.000058368359369
2024-03-20 11:30:00,-60.7714028,-84.16268778333334,-71.96682,-11.195416963183597
2024-03-20 12:00:00,-84.1808305,-93.8404072,-88.17612,-3.995286443359376
2024-03-20 12:30:00,-87.11425728333334,-95.12146986666666,-94.04482,-6.930565409537749
2024-03-20 13:00:00,-117.00274945,-111.84133181666664,-116.57849,0.42425823906249605
2024-03-20 13:30:00,-128.03630266666667,-108.49302715,-123.410164,4.62613878727214
2024-03-20 14:00:00,-122.01060498333334,-91.22353838333332,-121.724846,0.2857590971028685
2024-03-20 14:30:00,-118.69230208333332,-86.38440345,-115.688576,3.0037263387044106
2024-03-20 15:00:00,-105.33991768333334,-76.76917058333333,-99.167564,6.172353291243496
2024-03-20 15:30:00,-80.37121893333334,-54.90728888333334,-71.77406,8.597155822981776
2024-03-20 16:00:00,-66.6533077,-32.90354163333333,-59.75257,6.900736594042968
2024-03-20 16:30:00,-48.98827055,-19.376063833333333,-38.04366,10.944611339794925
2024-03-20 17:00:00,-28.45605835,-12.4948482,-20.956013,7.500045624169921
2024-03-20 17:30:00,-7.738791033333332,4.531548983333334,-2.4307053,5.308085724419147
2024-03-20 18:00:00,7.466943333333334,2.5242039166666665,6.370382,-1.0965615012105312
2024-03-20 18:30:00,9.91932455,8.562279433333334,10.666585,0.7472604185668938
2024-03-20 19:00:00,15.2959295,10.577351266666666,15.163462,-0.13246781481933567
2024-03-20 19:30:00,21.155942816666663,14.604400416666666,17.854662,-3.3012808751383425
2024-03-20 20:00:00,19.8179505,19.377803916666668,17.647715,-2.1702358851318344
2024-03-20 20:30:00,18.314612116666662,18.933629416666665,18.431467,0.11685493960775162
2024-03-20 21:00:00,19.930590616666667,18.67398731666667,19.909761,-0.020829187833658835
2024-03-20 21:30:00,20.39652275,16.172107183333335,19.08976,-1.3067629233398428
2024-03-20 22:00:00,19.4676995,14.812842766666668,19.934559,0.46685936840820474
2024-03-20 22:30:00,18.448900533333333,17.412631016666666,20.154137,1.7052361243815106
2024-03-20 23:00:00,22.21478563333333,16.878447716666667,20.255085,-1.9597006418782534
2024-03-20 23:30:00,20.250688883333336,16.388051216666664,21.064499,0.8138100180338519
2024-03-21 00:00:00,26.925898866666667,16.723320583333333,21.985245,-4.940654115690105
2024-03-21 00:30:00,20.074317166666667,17.165442133333332,20.71291,0.6385925318196612
2024-03-21 01:00:00,15.889664783333332,15.530031566666668,18.267502,2.3778370477213553
2024-03-21 01:30:00,15.525493533333334,15.669443316666667,17.073734,1.5482407501139317
2024-03-21 02:00:00,15.784268850000002,17.5103412,18.360935,2.5766663611816387
2024-03-21 02:30:00,15.612312916666667,16.658918316666668,18.21157,2.5992578230794265
2024-03-21 03:00:00,16.556110583333332,17.434931016666667,16.851557,0.2954461946207694
2024-03-21 03:30:00,18.254515516666668,17.718390483333334,17.613552,-0.6409634231608088
2024-03-21 04:00:00,19.421537233333336,20.06179623333333,19.52626,0.10472314264322691
2024-03-21 04:30:00,18.614338733333334,19.4926771,20.403883,1.789544247013346
2024-03-21 05:00:00,25.83336033333333,19.79210601666667,22.244862,-3.5884987305501284
2024-03-21 05:30:00,23.28390231666667,20.592295,23.427835,0.14393314781086985
2024-03-21 06:00:00,26.484798366666663,33.29196111666666,26.052168,-0.4326304742106082
2024-03-21 06:30:00,27.27224445,30.7990751,26.66989,-0.6023549999267566
2024-03-21 07:00:00,19.230795616666665,21.85213176666667,21.869558,2.638762717683921
2024-03-21 07:30:00,16.654912816666666,22.564825599999995,18.693579,2.038665903426107
2024-03-21 08:00:00,7.378910033333334,15.5814245,7.438815,0.05990508354899049
2024-03-21 08:30:00,-7.2162924,-0.7006798499999999,-6.255746,0.9605465122436527
2024-03-21 09:00:00,-28.268194500000003,-12.1109021,-21.855204,6.412990871459964
2024-03-21 09:30:00,-58.00119383333333,-30.617200033333333,-45.347775,12.653419327718098
2024-03-21 10:00:00,-83.99999824999999,-32.879478283333334,-74.614,9.385999836914053
2024-03-21 10:30:00,-162.38326581666666,-48.90942715,-135.8468,26.536464058854165
2024-03-21 11:00:00,-121.83327831666666,-52.318636700000006,-111.72156,10.111720699479164
2024-03-21 11:30:00,-124.42629626666668,-60.7714028,-115.976776,8.449520143619807
2024-03-21 12:00:00,-144.52047391666667,-84.1808305,-136.24217,8.278301675455737
2024-03-21 12:30:00,-160.77864166666666,-87.11425728333334,-146.61208,14.166565861002596
2024-03-21 13:00:00,-162.41530666666665,-117.00274945,-152.7302,9.685112574869777
2024-03-21 13:30:00,-156.37605211666667,-128.03630266666667,-154.97458,1.4014732592447956
2024-03-21 14:00:00,-139.56338953333332,-122.01060498333334,-138.91853,0.6448562081380089
2024-03-21 14:30:00,-129.57245278333332,-118.69230208333332,-123.97672,5.595730066048162
2024-03-21 15:00:00,-105.91911783333336,-105.33991768333334,-105.80134,0.11777963753257836
2024-03-21 15:30:00,-85.61139613333334,-80.37121893333334,-80.52484,5.0865548247395935
2024-03-21 16:00:00,-63.86046721666667,-66.6533077,-65.102646,-1.2421786573567672
2024-03-21 16:30:00,-48.23336601666667,-48.98827055,-43.670277,4.563089374820969
2024-03-21 17:00:00,-20.278246766666665,-28.45605835,-22.424097,-2.145850294490561
2024-03-21 17:30:00,-10.024969933333336,-7.738791033333332,-9.471361,0.5536087730550161
2024-03-21 18:00:00,4.259109366666667,7.466943333333334,6.6271625,2.368053089845784
2024-03-21 18:30:00,7.604140466666666,9.91932455,8.380534,0.7763937053914391
2024-03-21 19:00:00,13.7194406,15.2959295,12.269185,-1.450255533776856
2024-03-21 19:30:00,13.727440466666666,21.155942816666663,16.033346,2.305905709480795
2024-03-21 20:00:00,16.14842385,19.8179505,15.176166,-0.9722582692504886
2024-03-21 20:30:00,15.428948316666665,18.314612116666662,16.437775,1.0088263415364604
2024-03-21 21:00:00,15.200116799999998,19.930590616666667,16.867361,1.6672442687255877
2024-03-21 21:30:00,16.944886183333335,20.39652275,17.138872,0.19398596327311068
2024-03-21 22:00:00,14.452642316666669,19.4676995,16.780966,2.328323488387042
2024-03-21 22:30:00,14.2129941,18.448900533333333,16.97494,2.761945246313477
2024-03-21 23:00:00,13.664322666666664,22.21478563333333,19.342741,5.678418345906579
2024-03-21 23:30:00,13.992861183333332,20.250688883333336,19.473799,5.480937568497723
2024-03-22 00:00:00,14.160613516666666,26.925898866666667,20.08156,5.920946618221029
2024-03-22 00:30:00,14.75852285,20.074317166666667,19.731087,4.972563880957031
2024-03-22 01:00:00,15.947377533333333,15.889664783333332,16.745584,0.7982069545817065
2024-03-22 01:30:00,15.022686466666668,15.525493533333334,16.233265,1.210578456429035
2024-03-22 02:00:00,13.781696833333331,15.784268850000002,15.548683,1.7669863331705749
2024-03-22 02:30:00,15.463131183333331,15.612312916666667,15.279571,-0.18356060380452277
2024-03-22 03:00:00,14.10150835,16.556110583333332,17.084951,2.9834430507568364
2024-03-22 03:30:00,14.341659616666668,18.254515516666668,17.697056,3.3553961999837227
2024-03-22 04:00:00,16.344682116666668,19.421537233333336,18.280525,1.9358430908528632
2024-03-22 04:30:00,18.125028416666662,18.614338733333334,20.86353,2.738500788655603
2024-03-22 05:00:00,18.60053113333333,25.83336033333333,21.024784,2.4242529548014353
2024-03-22 05:30:00,28.414240566666667,23.28390231666667,23.302963,-5.111277309830729
2024-03-22 06:00:00,31.024173883333333,26.484798366666663,28.419569,-2.6046048678304032
2024-03-22 06:30:00,32.571482800000005,27.27224445,28.325605,-4.245877407543951
2024-03-22 07:00:00,25.08380956666667,19.230795616666665,23.549646,-1.534163189103193
2024-03-22 07:30:00,21.49433773333333,16.654912816666666,19.268282,-2.226055796687824
2024-03-22 08:00:00,11.147806116666668,7.378910033333334,8.926177,-2.22162909182536
2024-03-22 08:30:00,-1.734071083333334,-7.2162924,-4.9393826,-3.205311469767252
2024-03-22 09:00:00,-25.29387328333333,-28.268194500000003,-19.47787,5.81600234217122
2024-03-22 09:30:00,-51.87086166666666,-58.00119383333333,-46.00185,5.869011538492835
2024-03-22 10:00:00,-78.96566448333333,-83.99999824999999,-73.09147,5.874195672298171
2024-03-22 10:30:00,-87.10695161666666,-162.38326581666666,-93.61648,-6.509526349641931
2024-03-22 11:00:00,-94.73583231666667,-121.83327831666666,-102.75698,-8.02114857932942
2024-03-22 11:30:00,-113.27583768333334,-124.42629626666668,-110.8852,2.3906371828450546
2024-03-22 12:00:00,-130.00104443333333,-144.52047391666667,-129.44034,0.5607062985677089
2024-03-22 12:30:00,-139.78842283333333,-160.77864166666666,-143.01837,-3.2299487486979217
2024-03-22 13:00:00,-148.6028401,-162.41530666666665,-147.16536,1.4374806029296963
2024-03-22 13:30:00,-136.49819893333333,-156.37605211666667,-138.85988,-2.361679606705735
2024-03-22 14:00:00,-130.88131485,-139.56338953333332,-137.0823,-6.20099105820313
2024-03-22 14:30:00,-128.06355778333332,-129.57245278333332,-126.70632,1.3572360670247292
2024-03-22 15:00:00,-119.81782285,-105.91911783333336,-105.820015,13.997807896386718
2024-03-22 15:30:00,-99.92743445,-85.61139613333334,-95.025536,4.901898866503913
2024-03-22 16:00:00,-70.78640511666667,-63.86046721666667,-64.0964,6.6900077167643275
2024-03-22 16:30:00,-58.24415486666666,-48.23336601666667,-50.559288,7.684866841764318
2024-03-22 17:00:00,-34.3669049,-20.278246766666665,-25.715374,8.65153090708008
2024-03-22 17:30:00,-16.19407501666667,-10.024969933333336,-9.470646,6.723429112125654
2024-03-22 18:00:00,-0.1280127166666666,4.259109366666667,3.678143,3.8061557411112465
2024-03-22 18:30:00,8.3486273,7.604140466666666,8.805574,0.4569471171142574
2024-03-22 19:00:00,14.2737971,13.7194406,13.877436,-0.3963614157958979
2024-03-22 19:30:00,13.892574383333336,13.727440466666666,16.247074,2.3544997438639292
2024-03-22 20:00:00,15.658994866666667,16.14842385,16.291622,0.6326272951985672
2024-03-22 20:30:00,18.076282366666668,15.428948316666665,16.195251,-1.8810309018229177
2024-03-22 21:00:00,13.605550116666665,15.200116799999998,15.297738,1.6921879585896829
2024-03-22 21:30:00,13.09596,16.944886183333335,16.9288,3.8328405828857424
2024-03-22 22:00:00,18.844900566666663,14.452642316666669,16.008078,-2.836822945206702
2024-03-22 22:30:00,17.025621116666667,14.2129941,17.364265,0.3386443252278646
2024-03-22 23:00:00,25.56170885,13.664322666666664,19.60497,-5.956737917993163
2024-03-22 23:30:00,25.171379866666665,13.992861183333332,18.184462,-6.986918273038736
2024-03-23 00:00:00,23.116797266666666,14.160613516666666,17.69479,-5.422007380192056
2024-03-23 00:30:00,14.024466683333335,14.75852285,15.845842,1.8213756781168602
2024-03-23 01:00:00,12.064962233333333,15.947377533333333,15.879387,3.814424668522136
2024-03-23 01:30:00,13.488903366666667,15.022686466666668,16.017746,2.52884260501302
2024-03-23 02:00:00,13.791611666666666,13.781696833333331,15.575816,1.784204487813314
2024-03-23 02:30:00,14.341272283333334,15.463131183333331,14.118665,-0.22260754181722042
2024-03-23 03:00:00,16.092707233333332,14.10150835,14.688196,-1.4045110510823555
2024-03-23 03:30:00,15.649132933333334,14.341659616666668,15.013974,-0.6351587435750332
2024-03-23 04:00:00,15.381101533333334,16.344682116666668,16.439365,1.0582638536295566
2024-03-23 04:30:00,15.478446666666668,18.125028416666662,16.60522,1.126774128011066
2024-03-23 05:00:00,15.536559966666667,18.60053113333333,17.479233,1.9426728214192703
2024-03-23 05:30:00,16.3692011,28.414240566666667,18.80781,2.4386087297119126
2024-03-23 06:00:00,18.05860925,31.024173883333333,19.808784,1.7501752348632813
2024-03-23 06:30:00,12.800777266666666,32.571482800000005,18.177807,5.377029587581381
2024-03-23 07:00:00,10.954660483333331,25.08380956666667,13.257646,2.3029851236612977
2024-03-23 07:30:00,12.455183483333334,21.49433773333333,14.484347,2.02916386011149
2024-03-23 08:00:00,10.332286666666668,11.147806116666668,3.9530916,-6.379195045267743
2024-03-23 08:30:00,-0.5775322166666664,-1.734071083333334,-3.1718946,-2.59436233365682
2024-03-23 09:00:00,-14.773630083333332,-25.29387328333333,-20.687712,-5.91408163236491
2024-03-23 09:30:00,-42.9005033,-51.87086166666666,-45.583893,-2.683389522265628
2024-03-23 10:00:00,-56.868931233333335,-78.96566448333333,-57.178467,-0.3095355635416652
2024-03-23 10:30:00,-66.71286715000001,-87.10695161666666,-73.78195,-7.069084754296867
2024-03-23 11:00:00,-87.38553233333334,-94.73583231666667,-90.59535,-3.209819839518218
2024-03-23 11:30:00,-90.0911401,-113.27583768333334,-90.74678,-0.6556402955078084
2024-03-23 12:00:00,-106.38343103333334,-130.00104443333333,-109.71593,-3.3324960906900998
2024-03-23 12:30:00,-113.16373326666668,-139.78842283333333,-119.4244,-6.2606670629231616
2024-03-23 13:00:00,-126.43644163333332,-148.6028401,-127.17555,-0.7391107348307457
2024-03-23 13:30:00,-116.7093732,-136.49819893333333,-123.16757,-6.458198821484373
2024-03-23 14:00:00,-119.78934786666666,-130.88131485,-123.6887,-3.8993499482747467
2024-03-23 14:30:00,-116.48124501666666,-128.06355778333332,-117.04728,-0.566034341243494
2024-03-23 15:00:00,-100.24684096666664,-119.81782285,-105.22078,-4.973938452278674
2024-03-23 15:30:00,-87.7323138,-99.92743445,-90.04556,-2.313248944140625
2024-03-23 16:00:00,-70.01520123333333,-70.78640511666667,-70.9736,-0.9584010615885461
2024-03-23 16:30:00,-51.42561955,-58.24415486666666,-45.834957,5.590662427197266
2024-03-23 17:00:00,-29.340680000000003,-34.3669049,-32.398952,-3.058272484130857
2024-03-23 17:30:00,-14.677486616666664,-16.19407501666667,-12.6865015,1.9909851136759418
2024-03-23 18:00:00,-2.3795089,-0.1280127166666666,1.7277304,4.107239293409728
2024-03-23 18:30:00,6.054806733333334,8.3486273,9.059155,3.0043487308390295
2024-03-23 19:00:00,9.47415375,14.2737971,12.84175,3.367596394958497
2024-03-23 19:30:00,11.881484266666668,13.892574383333336,13.567774,1.6862895523030588
2024-03-23 20:00:00,12.036262233333334,15.658994866666667,13.254305,1.218042652530924
2024-03-23 20:30:00,11.581875966666669,18.076282366666668,15.458625,3.876748873116046
2024-03-23 21:00:00,12.42289385,13.605550116666665,14.84712,2.4242264350341802
2024-03-23 21:30:00,14.32661385,13.09596,13.895736,-0.4308781093383782
2024-03-23 22:00:00,15.878749316666664,18.844900566666663,15.518875,-0.35987419459635106
2024-03-23 22:30:00,14.368700633333331,17.025621116666667,16.054949,1.6862481734293642
2024-03-23 23:00:00,14.2193633,25.56170885,16.66073,2.441367061938477
2024-03-23 23:30:00,16.8093112,25.171379866666665,16.823847,0.014535617016601776
2024-03-24 00:00:00,17.835997783333337,23.116797266666666,18.312635,0.47663763841959295
2024-03-24 00:30:00,15.764896683333331,14.024466683333335,16.56284,0.7979428247233091
2024-03-24 01:00:00,15.094312666666667,12.064962233333333,15.416759,0.3224458706258133
2024-03-24 01:30:00,15.938362283333332,13.488903366666667,14.944013,-0.9943496414265933
2024-03-24 02:00:00,16.5168267,13.791611666666666,14.931221,-1.585605691699218
2024-03-24 02:30:00,14.833827166666666,14.341272283333334,14.782176,-0.05165114890543521
2024-03-24 03:00:00,17.57899385,16.092707233333332,16.536726,-1.0422678520751951
2024-03-24 03:30:00,14.986022383333331,15.649132933333334,16.042053,1.0560308393229185
2024-03-24 04:00:00,16.478616650000003,15.381101533333334,16.1732,-0.3054160427001982
2024-03-24 04:30:00,16.4432835,15.478446666666668,16.8185,0.3752170187988284
2024-03-24 05:00:00,19.077335416666667,15.536559966666667,18.84619,-0.2311459177652999
2024-03-24 05:30:00,25.23171041666667,16.3692011,22.48362,-2.7480907267252626
2024-03-24 06:00:00,26.42282095,18.05860925,24.006788,-2.4160326962158187
2024-03-24 06:30:00,24.76132218333333,12.800777266666666,23.230675,-1.5306474396809868
2024-03-24 07:00:00,16.246618333333334,10.954660483333331,15.165367,-1.0812512068684903
2024-03-24 07:30:00,10.143872316666666,12.455183483333334,14.293755,4.1498822609700525
2024-03-24 08:00:00,1.7026387833333334,10.332286666666668,6.7132764,5.010637602927653
2024-03-24 08:30:00,-10.934251083333336,-0.5775322166666664,-5.3211465,5.613104595143639
2024-03-24 09:00:00,-17.311496666666667,-14.773630083333332,-17.48445,-0.17295271993001293
2024-03-24 09:30:00,-34.33252,-42.9005033,-35.91903,-1.5865092358398414
2024-03-24 10:00:00,-58.06973441666667,-56.868931233333335,-55.89518,2.1745546681315133
2024-03-24 10:30:00,-71.4733122,-66.71286715000001,-74.54473,-3.0714189401367236
2024-03-24 11:00:00,-88.00993723333333,-87.38553233333334,-89.691666,-1.6817284160807304
2024-03-24 11:30:00,-102.76347,-90.0911401,-104.70272,-1.9392506420898457
2024-03-24 12:00:00,-126.65140553333332,-106.38343103333334,-125.11319,1.5382158360676925
2024-03-24 12:30:00,-152.54389048333334,-113.16373326666668,-145.24237,7.3015198778645924
2024-03-24 13:00:00,-158.90090998333332,-126.43644163333332,-155.5453,3.3556066386067585
2024-03-24 13:30:00,-160.59382935,-116.7093732,-152.20868,8.385150150781243
2024-03-24 14:00:00,-155.7328244,-119.78934786666666,-148.49005,7.242773130468748
2024-03-24 14:30:00,-130.90339989999998,-116.48124501666666,-131.57939,-0.6759915794922051
2024-03-24 15:00:00,-107.21023616666668,-100.24684096666664,-107.41315,-0.20291080598957478
2024-03-24 15:30:00,-90.66382676666666,-87.7323138,-89.90306,0.7607658535807218
2024-03-24 16:00:00,-73.35382295000001,-70.01520123333333,-68.71344,4.6403830085937585
2024-03-24 16:30:00,-48.728319,-51.42561955,-45.98448,2.7438371884765616
2024-03-24 17:00:00,-23.853460483333333,-29.340680000000003,-25.79181,-1.9383485986979174
2024-03-24 17:30:00,-9.827961716666666,-14.677486616666664,-11.997035,-2.1690733098836272
2024-03-24 18:00:00,4.628936166666667,-2.3795089,-0.598034,-5.226970190905253
2024-03-24 18:30:00,14.9727878,6.054806733333334,9.407034,-5.565753879711915
2024-03-24 19:00:00,19.390813866666665,9.47415375,12.936885,-6.453928986600747
2024-03-24 19:30:00,15.6239711,11.881484266666668,15.298681,-0.3252898408447269
2024-03-24 20:00:00,16.532231133333333,12.036262233333334,15.449335,-1.0828960350667316
2024-03-24 20:30:00,12.2070188,11.581875966666669,15.47417,3.2671509311401365
2024-03-24 21:00:00,16.132237200000002,12.42289385,14.96578,-1.1664569418212913
2024-03-24 21:30:00,15.913871533333335,14.32661385,15.741423,-0.17244888013509296
2024-03-24 22:00:00,14.661049416666666,15.878749316666664,16.371439,1.7103895634358732
2024-03-24 22:30:00,17.517381333333333,14.368700633333331,16.28593,-1.231450699788411
2024-03-24 23:00:00,14.483330616666668,14.2193633,17.708063,3.224732508943683
2024-03-24 23:30:00,13.930106016666665,16.8093112,18.275131,4.345025208919273
2024-03-25 00:00:00,16.707564833333333,17.835997783333337,20.738325,4.030760285685222
2024-03-25 00:30:00,16.43928275,15.764896683333331,18.21306,1.77377762902832
2024-03-25 01:00:00,14.925833916666669,15.094312666666667,16.46307,1.5372359991048157
2024-03-25 01:30:00,16.7082656,15.938362283333332,16.668293,-0.03997260073242259
2024-03-25 02:00:00,19.27135613333333,16.5168267,17.54071,-1.730645684114581
2024-03-25 02:30:00,17.7042322,14.833827166666666,16.448414,-1.2558183511230467
2024-03-25 03:00:00,17.661332666666667,17.57899385,18.729668,1.0683349969075522
2024-03-25 03:30:00,16.6158502,14.986022383333331,17.464907,0.8490564925048822
2024-03-25 04:00:00,18.9444173,16.478616650000003,19.344566,0.4001490452148424
2024-03-25 04:30:00,19.20956298333333,16.4432835,20.04502,0.8354561664469422
2024-03-25 05:00:00,19.04126563333333,19.077335416666667,21.208155,2.166889045011395
2024-03-25 05:30:00,18.15602443333333,25.23171041666667,22.394745,4.238720439713546
2024-03-25 06:00:00,34.537330516666664,26.42282095,26.346123,-8.191207774967445
2024-03-25 06:30:00,38.027855466666665,24.76132218333333,29.413082,-8.61477334386393
2024-03-25 07:00:00,24.754417633333333,16.246618333333334,24.077274,-0.6771433108235669
2024-03-25 07:30:00,23.16645835,10.143872316666666,19.283438,-3.8830206211181633
2024-03-25 08:00:00,12.135172283333333,1.7026387833333334,11.84788,-0.2872919198689772
2024-03-25 08:30:00,3.2189318666666664,-10.934251083333336,-0.67536074,-3.894292605897776
2024-03-25 09:00:00,-12.717217333333332,-17.311496666666667,-14.169452,-1.4522343802286795
2024-03-25 09:30:00,-32.183034400000004,-34.33252,-31.60638,0.5766539373535196
2024-03-25 10:00:00,-45.74371105,-58.06973441666667,-47.837547,-2.093836252246092
2024-03-25 10:30:00,-69.4234733,-71.4733122,-66.99346,2.430011691113279
2024-03-25 11:00:00,-50.83850135,-88.00993723333333,-58.392597,-7.554095848486327
2024-03-25 11:30:00,-94.20386188333332,-102.76347,-93.89669,0.3071715146809737
2024-03-25 12:00:00,-138.72755593333332,-126.65140553333332,-129.55315,9.174409571028633
2024-03-25 12:30:00,-145.26109278333334,-152.54389048333334,-141.28015,3.980941416145839
2024-03-25 13:00:00,-151.44376111666665,-158.90090998333332,-149.41261,2.0311482016275875
2024-03-25 13:30:00,-149.68519976666667,-160.59382935,-143.72469,5.960514097721358
2024-03-25 14:00:00,-139.00868331666666,-155.7328244,-136.01537,2.9933177160807247
2024-03-25 14:30:00,-126.50641713333334,-130.90339989999998,-127.06412,-0.5577002983072816
2024-03-25 15:00:00,-109.6376016,-107.21023616666668,-108.22205,1.4155480721679652
2024-03-25 15:30:00,-85.67821268333334,-90.66382676666666,-86.81345,-1.135240990983064
2024-03-25 16:00:00,-59.77767165,-73.35382295000001,-59.91871,-0.1410371512695292
2024-03-25 16:30:00,-43.313548266666665,-48.728319,-43.07317,0.24037855841471156
2024-03-25 17:00:00,-21.3828229,-23.853460483333333,-21.386257,-0.003434271630858632
2024-03-25 17:30:00,-7.532391133333333,-9.827961716666666,-7.2927465,0.23964458944905598
2024-03-25 18:00:00,-0.8638628166666668,4.628936166666667,2.1727242,3.0365870636454266
2024-03-25 18:30:00,7.838152533333333,14.9727878,11.478161,3.640008324820964
2024-03-25 19:00:00,13.185520783333333,19.390813866666665,15.313483,2.127962454886882
2024-03-25 19:30:00,12.527128916666667,15.6239711,15.607799,3.080669659688313
2024-03-25 20:00:00,16.819941099999998,16.532231133333333,18.210268,1.3903269206298852
2024-03-25 20:30:00,57.9860748,12.2070188,34.88679,-23.09928357075195
2024-03-25 21:00:00,51.4845346,16.132237200000002,39.123108,-12.361426689843753
2024-03-25 21:30:00,22.10956065,15.913871533333335,20.051527,-2.058033626684569
2024-03-25 22:00:00,29.20974096666667,14.661049416666666,23.041616,-6.168124526847333
2024-03-25 22:30:00,31.83200053333333,17.517381333333333,22.965994,-8.866006652107743
2024-03-25 23:00:00,16.945102833333333,14.483330616666668,18.996899,2.0517958177897135
2024-03-25 23:30:00,17.794959000000002,13.930106016666665,19.092878,1.2979193416748025
2024-03-26 00:00:00,16.62194285,16.707564833333333,18.902214,2.280271200292969
2024-03-26 00:30:00,19.130792683333336,16.43928275,18.397324,-0.7334690749348987
2024-03-26 01:00:00,17.621877766666667,14.925833916666669,15.496485,-2.125393010196941
2024-03-26 01:30:00,16.572280616666664,16.7082656,17.326132,0.7538512040120473
2024-03-26 02:00:00,17.196509483333333,19.27135613333333,17.284086,0.08757674408365901
2024-03-26 02:30:00,16.6413157,17.7042322,17.085539,0.44422316413574237
2024-03-26 03:00:00,16.888481583333334,17.661332666666667,16.86692,-0.021561112141927907
2024-03-26 03:30:00,16.9200795,16.6158502,17.330055,0.4099757368164063
2024-03-26 04:00:00,21.0268955,18.9444173,17.99067,-3.036226249511717
2024-03-26 04:30:00,22.05531273333333,19.20956298333333,19.07224,-2.9830719038655573
2024-03-26 05:00:00,20.499711216666668,19.04126563333333,20.09342,-0.40629118798014474
2024-03-26 05:30:00,24.777976,18.15602443333333,22.466652,-2.3113240834960926
2024-03-26 06:00:00,31.241766066666667,34.537330516666664,29.6818,-1.5599652243815108
2024-03-26 06:30:00,36.5217682,38.027855466666665,31.041111,-5.480657207568356
2024-03-26 07:00:00,30.2976656,24.754417633333333,24.779911,-5.517754558740233
2024-03-26 07:30:00,25.9180935,23.16645835,21.520287,-4.3978069399414075
2024-03-26 08:00:00,12.635611783333331,12.135172283333333,12.51887,-0.11674142963460099
2024-03-26 08:30:00,2.7096768,3.2189318666666664,2.7623367,0.052659930957031253
2024-03-26 09:00:00,-3.6845383,-12.717217333333332,-6.9528203,-3.2682820010559084
2024-03-26 09:30:00,-28.79972833333333,-32.183034400000004,-29.95469,-1.1549625998942084
2024-03-26 10:00:00,-52.31960230000001,-45.74371105,-52.14247,0.17713098652344428
2024-03-26 10:30:00,-70.5181927,-69.4234733,-74.297195,-3.7790027345703123
2024-03-26 11:00:00,-87.54295991666667,-50.83850135,-88.3832,-0.840241682454419
2024-03-26 11:30:00,-112.9559294,-94.20386188333332,-108.79566,4.160267473730471
2024-03-26 12:00:00,-137.74201501666667,-138.72755593333332,-138.42969,-0.6876724833333299
2024-03-26 12:30:00,-154.84391723333331,-145.26109278333334,-153.88939,0.9545281952473772
2024-03-26 13:00:00,-160.65894503333334,-151.44376111666665,-160.12746,0.5314883682942764
2024-03-26 13:30:00,-152.67712385000002,-149.68519976666667,-154.53874,-1.8616182154296723
2024-03-26 14:00:00,-143.5396184,-139.00868331666666,-144.42758,-0.8879633871093802
2024-03-26 14:30:00,-126.15718678333332,-126.50641713333334,-129.26445,-3.1072632899088717
2024-03-26 15:00:00,-111.84954658333334,-109.6376016,-108.189964,3.659582288899742
2024-03-26 15:30:00,-80.3938512,-85.67821268333334,-84.75998,-4.366128048046875
2024-03-26 16:00:00,-60.13681211666667,-59.77767165,-61.41313,-1.2763195972005192
2024-03-26 16:30:00,-46.89942956666667,-43.313548266666665,-47.073483,-0.17405294676106564
2024-03-26 17:00:00,-30.906056133333333,-21.3828229,-25.568502,5.337553707185872
2024-03-26 17:30:00,-14.180108383333334,-7.532391133333333,-11.793971,2.3861373216267907
2024-03-26 18:00:00,-2.386344966666667,-0.8638628166666668,-0.35580483,2.030540135877101
2024-03-26 18:30:00,2.79546785,7.838152533333333,7.6841383,4.888670448034668
2024-03-26 19:00:00,9.5235179,13.185520783333333,11.306241,1.782723135461426
2024-03-26 19:30:00,17.413178866666666,12.527128916666667,13.112952,-4.300226634305826
2024-03-26 20:00:00,14.399283283333332,16.819941099999998,14.992971,0.5936881369547535
2024-03-26 20:30:00,15.032009833333332,57.9860748,15.898392,0.8663818902994809
2024-03-26 21:00:00,14.163303133333336,51.4845346,17.486294,3.322990659391273
2024-03-26 21:30:00,15.024465066666666,22.10956065,17.378828,2.3543629820393885
2024-03-26 22:00:00,14.54715375,29.20974096666667,18.22854,3.681386670532227
2024-03-26 22:30:00,14.941797016666667,31.83200053333333,18.622587,3.680790187312825
2024-03-26 23:00:00,14.355748749999998,16.945102833333333,18.521803,4.166054152221681
2024-03-26 23:30:00,15.9113439,17.794959000000002,17.99973,2.0883852564941403
2024-03-27 00:00:00,15.625476066666666,16.62194285,17.435373,1.8098972396077482
2024-03-27 00:30:00,13.9068894,19.130792683333336,17.253063,3.346173801904296
2024-03-27 01:00:00,16.351731333333333,17.621877766666667,16.764973,0.41324135343424473
2024-03-27 01:30:00,14.187313266666663,16.572280616666664,16.753984,2.566671184627282
2024-03-27 02:00:00,14.8453594,17.196509483333333,17.07271,2.2273506372314458
2024-03-27 02:30:00,13.826137283333331,16.6413157,16.679094,2.852957031241864
2024-03-27 03:00:00,15.442337333333333,16.888481583333334,16.765097,1.3227593310953782
2024-03-27 03:30:00,15.13005715,16.9200795,16.76638,1.636323160058593
2024-03-27 04:00:00,16.065931583333334,21.0268955,17.7237,1.657767986368814
2024-03-27 04:30:00,16.200270983333336,22.05531273333333,19.00009,2.799818662052406
2024-03-27 05:00:00,22.93750771666667,20.499711216666668,20.552235,-2.385273067008466
2024-03-27 05:30:00,24.91719786666667,24.777976,21.7213,-3.1958977415445986
2024-03-27 06:00:00,33.022942816666664,31.241766066666667,27.836462,-5.18648079579264
2024-03-27 06:30:00,26.818298350000003,36.5217682,27.164577,0.34627913413085665
2024-03-27 07:00:00,24.64261498333333,30.2976656,24.220266,-0.4223486411702453
2024-03-27 07:30:00,16.187866116666665,25.9180935,19.445219,3.257352923250327
2024-03-27 08:00:00,11.185333366666669,12.635611783333331,11.581447,0.3961132809773744
2024-03-27 08:30:00,0.0290765499999998,2.7096768,-0.23954219,-0.2686187362602232
2024-03-27 09:00:00,-7.703249316666667,-3.6845383,-8.609803,-0.9065538831013997
2024-03-27 09:30:00,-25.63138885,-28.79972833333333,-27.228647,-1.5972583820556636
2024-03-27 10:00:00,-33.47685848333334,-52.31960230000001,-36.39101,-2.9141518010904903
2024-03-27 10:30:00,-42.2132768,-70.5181927,-47.495625,-5.282347742236325
2024-03-27 11:00:00,-78.72520841666666,-87.54295991666667,-79.54676,-0.8215521424153707
2024-03-27 11:30:00,-98.25414238333332,-112.9559294,-96.58775,1.6663890874348795
2024-03-27 12:00:00,-112.38931660000002,-137.74201501666667,-115.03344,-2.6441230362304537
2024-03-27 12:30:00,-135.66521446666667,-154.84391723333331,-135.69193,-0.026710582161456387
2024-03-27 13:00:00,-130.92991956666663,-160.65894503333334,-133.21169,-2.281765613997436
2024-03-27 13:30:00,-130.71731393333332,-152.67712385000002,-130.79431,-0.07699759010418461
2024-03-27 14:00:00,-133.07520946666668,-143.5396184,-129.20656,3.8686512391276153
2024-03-27 14:30:00,-118.96184448333334,-126.15718678333332,-118.57907,0.38277343841146205
2024-03-27 15:00:00,-109.83514993333334,-111.84954658333334,-104.351234,5.4839154972981845
2024-03-27 15:30:00,-80.79407263333333,-80.3938512,-79.349495,1.4445776992512975
2024-03-27 16:00:00,-61.45485988333333,-60.13681211666667,-56.266354,5.188506276155593
2024-03-27 16:30:00,-46.06082833333334,-46.89942956666667,-46.426212,-0.36538397745767526
2024-03-27 17:00:00,-20.50659058333333,-30.906056133333333,-21.638075,-1.1314842915445986
2024-03-27 17:30:00,-12.3768904,-14.180108383333334,-10.953651,1.4232389717773444
2024-03-27 18:00:00,-3.018792733333333,-2.386344966666667,-1.5908165,1.4279762355305987
2024-03-27 18:30:00,2.7205180166666665,2.79546785,5.7914743,3.070956325679525
2024-03-27 19:00:00,9.292020066666666,9.5235179,10.516382,1.2243621507405607
2024-03-27 19:30:00,13.230795533333334,17.413178866666666,14.684045,1.4532493046183266
2024-03-27 20:00:00,13.798371183333332,14.399283283333332,16.208076,2.4097052937174492
2024-03-27 20:30:00,14.619809616666666,15.032009833333332,16.236061,1.61625147952474
2024-03-27 21:00:00,14.966844883333332,14.163303133333336,16.106321,1.1394764515055353
2024-03-27 21:30:00,13.306130016666666,15.024465066666666,16.414045,3.107915317195639
2024-03-27 22:00:00,13.1915922,14.54715375,16.144049,2.952456490795898
2024-03-27 22:30:00,12.417514483333337,14.941797016666667,15.634641,3.217126210331214
2024-03-27 23:00:00,13.305103333333332,14.355748749999998,14.533565,1.2284612342325865
2024-03-27 23:30:00,14.018354933333336,15.9113439,15.109865,1.0915102552652964
2024-03-28 00:00:00,13.925403916666667,15.625476066666666,14.620012,0.6946083666585281
2024-03-28 00:30:00,12.948962733333332,13.9068894,15.066984,2.1180214433024105
2024-03-28 01:00:00,14.481243433333333,16.351731333333333,15.962611,1.48136776509196
2024-03-28 01:30:00,16.346045216666667,14.187313266666663,13.621599,-2.7244460192789717
2024-03-28 02:00:00,15.863275483333334,14.8453594,14.847887,-1.0153884441487637
2024-03-28 02:30:00,14.198099399999998,13.826137283333331,15.10331,0.9052102313476578
2024-03-28 03:00:00,15.49642015,15.442337333333333,14.5241165,-0.9723036338867193
2024-03-28 03:30:00,15.799542683333334,15.13005715,14.80565,-0.9938929259480798
2024-03-28 04:00:00,15.8632767,16.065931583333334,17.889866,2.0265891752441405
2024-03-28 04:30:00,16.429402866666667,16.200270983333336,17.675282,1.2458786579915362
2024-03-28 05:00:00,17.75676328333333,22.93750771666667,18.996649,1.2398855051188171
2024-03-28 05:30:00,19.21268345,24.91719786666667,21.661663,2.4489796054199218
2024-03-28 06:00:00,23.344166066666663,33.022942816666664,25.751207,2.4070412850179075
2024-03-28 06:30:00,22.1124965,26.818298350000003,25.71909,3.6065930080566417
2024-03-28 07:00:00,21.40427778333333,24.64261498333333,21.680374,0.2760963621744814
2024-03-28 07:30:00,23.57711738333333,16.187866116666665,22.504953,-1.0721639989339167
2024-03-28 08:00:00,16.0882809,11.185333366666669,14.052741,-2.035539849279786
2024-03-28 08:30:00,5.167487266666667,0.0290765499999998,4.215256,-0.9522310525248212
2024-03-28 09:00:00,-7.712478366666666,-7.703249316666667,-7.733154,-0.020675453371175934
2024-03-28 09:30:00,-25.331994366666667,-25.63138885,-26.303513,-0.9715182065755208
2024-03-28 10:00:00,-46.75621446666667,-33.47685848333334,-45.871662,0.8845523267740916
2024-03-28 10:30:00,-63.330840466666665,-42.2132768,-65.03698,-1.706139208626304
2024-03-28 11:00:00,-81.39981221666666,-78.72520841666666,-78.00468,3.395135397819004
2024-03-28 11:30:00,-95.30689778333334,-98.25414238333332,-96.086815,-0.7799170970377531
2024-03-28 12:00:00,-112.35830741666666,-112.38931660000002,-109.487404,2.8709035470377557
2024-03-28 12:30:00,-127.95476448333334,-135.66521446666667,-129.0543,-1.0995415469401024
2024-03-28 13:00:00,-137.97433503333335,-130.92991956666663,-136.50809,1.4662478751302217
2024-03-28 13:30:00,-136.8058588,-130.71731393333332,-136.83974,-0.03387813847655252
2024-03-28 14:00:00,-135.28169668333334,-133.07520946666668,-134.2025,1.0791972936848993
2024-03-28 14:30:00,-120.73567711666668,-118.96184448333334,-122.58809,-1.8524118725911336
2024-03-28 15:00:00,-108.21814118333332,-109.83514993333334,-104.42749,3.790650948958316
2024-03-28 15:30:00,-86.45135941666666,-80.79407263333333,-79.194565,7.256794597330725
2024-03-28 16:00:00,-60.21017383333333,-61.45485988333333,-58.489223,1.7209503531087194
2024-03-28 16:30:00,-37.692347383333335,-46.06082833333334,-43.99986,-6.307511472867837
2024-03-28 17:00:00,-11.807642616666667,-20.50659058333333,-17.159592,-5.35194905813802
2024-03-28 17:30:00,-3.5065837499999994,-12.3768904,-10.934433,-7.4278492333984385
2024-03-28 18:00:00,5.225637266666666,-3.018792733333333,1.8414295,-3.384207794697062
2024-03-28 18:30:00,9.655429516666668,2.7205180166666665,6.1088023,-3.5466271980936703
2024-03-28 19:00:00,10.70148015,9.292020066666666,10.120106,-0.581374406591797
2024-03-28 19:30:00,10.563548366666666,13.230795533333334,12.962005,2.3984562948933927
2024-03-28 20:00:00,10.4720646,13.798371183333332,13.783946,3.311881437292481
2024-03-28 20:30:00,10.4163372,14.619809616666666,14.524293,4.107955745861817
2024-03-28 21:00:00,15.718538850000002,14.966844883333332,13.755264,-1.9632745677734391
2024-03-28 21:30:00,14.4770906,13.306130016666666,14.924909,0.4478180380004879
2024-03-28 22:00:00,13.747538083333334,13.1915922,16.174469,2.4269309108072914
2024-03-28 22:30:00,14.038922083333333,12.417514483333337,14.362444,0.32352184061686273
2024-03-28 23:00:00,15.591072783333331,13.305103333333332,14.844343,-0.7467295979085264
2024-03-28 23:30:00,15.9928693,14.018354933333336,15.264041,-0.7288283530395514
2024-03-29 00:00:00,14.683500099999998,13.925403916666667,15.274586,0.5910856238769551
2024-03-29 00:30:00,14.22526115,12.948962733333332,14.597459,0.3721976894165042
2024-03-29 01:00:00,18.135921216666667,14.481243433333333,14.424727,-3.7111937767862955
2024-03-29 01:30:00,17.11266498333333,16.346045216666667,16.30982,-0.8028448081624333
2024-03-29 02:00:00,18.05121725,15.863275483333334,16.03018,-2.0210372725830084
2024-03-29 02:30:00,18.2032329,14.198099399999998,15.1013775,-3.1018554128173825
2024-03-29 03:00:00,18.4948638,15.49642015,16.172657,-2.322206787060548
2024-03-29 03:30:00,17.677255716666668,15.799542683333334,15.463266,-2.213989343986004
2024-03-29 04:00:00,18.150086616666663,15.8632767,15.837235,-2.3128511659220337
2024-03-29 04:30:00,18.10614428333333,16.429402866666667,19.30912,1.2029758948893274
2024-03-29 05:00:00,19.198006183333334,17.75676328333333,20.307253,1.109246700577799
2024-03-29 05:30:00,20.986707666666668,19.21268345,22.376822,1.3901138512776683
2024-03-29 06:00:00,21.694080716666665,23.344166066666663,23.800257,2.1061760124593114
2024-03-29 06:30:00,26.143420616666663,22.1124965,24.128832,-2.014588753263343
2024-03-29 07:00:00,20.175280633333333,21.40427778333333,20.573626,0.3983449312418621
2024-03-29 07:30:00,10.1159239,23.57711738333333,13.471523,3.355599384912109
2024-03-29 08:00:00,2.5183182333333334,16.0882809,8.550347,6.032029094852701
2024-03-29 08:30:00,-4.636966166666667,5.167487266666667,-2.9883993,1.648566899470012
2024-03-29 09:00:00,-21.090015066666663,-7.712478366666666,-16.791168,4.298846853776038
2024-03-29 09:30:00,-44.72967268333334,-25.331994366666667,-42.963367,1.7663052211751378
2024-03-29 10:00:00,-70.26642225,-46.75621446666667,-64.11087,6.15555188867188
2024-03-29 10:30:00,-91.4068478,-63.330840466666665,-84.50432,6.902529562695307
2024-03-29 11:00:00,-99.52020401666664,-81.39981221666666,-95.16068,4.359521338443983
2024-03-29 11:30:00,-108.57119071666666,-95.30689778333334,-109.21014,-0.6389456969075553
2024-03-29 12:00:00,-119.95345776666666,-112.35830741666666,-117.91676,2.0366944610025968
2024-03-29 12:30:00,-141.72109665,-127.95476448333334,-138.76668,2.95441879355468
2024-03-29 13:00:00,-142.32298896666666,-137.97433503333335,-140.90321,1.419775465690094
2024-03-29 13:30:00,-137.73060278333332,-136.8058588,-139.89752,-2.1669191893229254
2024-03-29 14:00:00,-142.64161325,-135.28169668333334,-142.54863,0.09298348925781852
2024-03-29 14:30:00,-134.34314666666668,-120.73567711666668,-131.71005,2.6330941764323086
2024-03-29 15:00:00,-111.44974871666666,-108.21814118333332,-106.63126,4.818484983756505
2024-03-29 15:30:00,-86.78834771666668,-86.45135941666666,-86.21252,0.5758309319987092
2024-03-29 16:00:00,-62.108507116666665,-60.21017383333333,-63.76257,-1.6540623108235692
2024-03-29 16:30:00,-43.03342993333333,-37.692347383333335,-41.343395,1.6900347001790337
2024-03-29 17:00:00,-21.681403866666667,-11.807642616666667,-19.987919,1.6934850129069012
2024-03-29 17:30:00,-11.697460033333334,-3.5065837499999994,-9.351301,2.346158840096029
2024-03-29 18:00:00,-1.2999404666666663,5.225637266666666,-3.1583185,-1.8583780529256189
2024-03-29 18:30:00,4.247471083333333,9.655429516666668,5.727723,1.4802520383097333
2024-03-29 19:00:00,6.846712833333334,10.70148015,10.27325,3.426536792826334
2024-03-29 19:30:00,9.293392166666669,10.563548366666666,12.604632,3.311240210957843
2024-03-29 20:00:00,10.650469916666667,10.4720646,12.0066805,1.3562105719197586
2024-03-29 20:30:00,12.849962283333332,10.4163372,12.669649,-0.18031315918782376
2024-03-29 21:00:00,12.674662933333332,15.718538850000002,13.966018,1.291354789750164
2024-03-29 21:30:00,14.3751589,14.4770906,14.1518135,-0.2233453929199225
2024-03-29 22:00:00,12.887643366666666,13.747538083333334,14.845656,1.9580130282918304
2024-03-29 22:30:00,13.940320483333332,14.038922083333333,14.410009,0.46968890082194115
2024-03-29 23:00:00,12.918592766666665,15.591072783333331,14.442434,1.5238415442464213
2024-03-29 23:30:00,12.0861535,15.9928693,15.047722,2.9615683627929688
2024-03-30 00:00:00,11.95255175,14.683500099999998,14.103501,2.1509495698852543
2024-03-30 00:30:00,13.823766133333336,14.22526115,13.79786,-0.025905987764488714
2024-03-30 01:00:00,15.102107733333334,18.135921216666667,15.220919,0.11881092206217403
2024-03-30 01:30:00,13.409522216666666,17.11266498333333,15.368577,1.959054786812338
2024-03-30 02:00:00,13.011832633333333,18.05121725,15.572509,2.560676178617351
2024-03-30 02:30:00,15.023005566666669,18.2032329,14.590173,-0.4328327990275085
2024-03-30 03:00:00,16.579192266666666,18.4948638,15.660642,-0.9185505964396157
2024-03-30 03:30:00,17.555300083333332,17.677255716666668,14.997348,-2.557952251607258
2024-03-30 04:00:00,16.79869835,18.150086616666663,16.411133,-0.38756553749999867
2024-03-30 04:30:00,16.89305705,18.10614428333333,17.32208,0.4290235621826177
2024-03-30 05:00:00,16.91728875,19.198006183333334,17.26418,0.34689047973632725
2024-03-30 05:30:00,17.2393212,20.986707666666668,18.641844,1.402522595776368
2024-03-30 06:00:00,20.08497225,21.694080716666665,19.889902,-0.1950701351318358
2024-03-30 06:30:00,16.750110433333333,26.143420616666663,19.874508,3.1243974707194013
2024-03-30 07:00:00,15.350447816666668,20.175280633333333,18.42706,3.076611356917317
2024-03-30 07:30:00,10.3335112,10.1159239,12.012449,1.678938064526367
2024-03-30 08:00:00,4.4312310833333335,2.5183182333333334,6.7787623,2.347531257212321
2024-03-30 08:30:00,-1.313169383333333,-4.636966166666667,-4.821903,-3.5087338454264323
2024-03-30 09:00:00,-15.940208716666666,-21.090015066666663,-15.681286,0.25892285851236885
2024-03-30 09:30:00,-42.21370563333333,-44.72967268333334,-42.73587,-0.5221647279947916
2024-03-30 10:00:00,-75.30710771666666,-70.26642225,-70.45596,4.851144581901039
2024-03-30 10:30:00,-94.51868893333334,-91.4068478,-89.88839,4.630299345930993
2024-03-30 11:00:00,-117.60974445,-99.52020401666664,-111.48667,6.1230730022460875
2024-03-30 11:30:00,-129.25005781666667,-108.57119071666666,-126.16711,3.0829511882486997
2024-03-30 12:00:00,-147.10052773333334,-119.95345776666666,-141.11977,5.980761497981774
2024-03-30 12:30:00,-164.26717046666667,-141.72109665,-158.07516,6.192005671744795
2024-03-30 13:00:00,-164.7192477,-142.32298896666666,-157.89069,6.828561664843761
2024-03-30 13:30:00,-157.84522276666667,-137.73060278333332,-154.95824,2.8869860723307283
2024-03-30 14:00:00,-144.0333646,-142.64161325,-138.9918,5.041558569726561
2024-03-30 14:30:00,-119.04606906666667,-134.34314666666668,-121.21418,-2.1681109260091063
2024-03-30 15:00:00,-102.17195168333336,-111.44974871666666,-101.011284,1.1606678088216427
2024-03-30 15:30:00,-80.84898228333333,-86.78834771666668,-84.455215,-3.6062331707682347
2024-03-30 16:00:00,-52.84239338333333,-62.108507116666665,-56.636593,-3.7941994816569036
2024-03-30 16:30:00,-39.19069211666667,-43.03342993333333,-43.303703,-4.113011191438801
2024-03-30 17:00:00,-22.30100678333333,-21.681403866666667,-19.798702,2.5023045433430973
2024-03-30 17:30:00,-1.72227785,-11.697460033333334,-7.973359,-6.251081257971191
2024-03-30 18:00:00,4.52395895,-1.2999404666666663,2.849807,-1.6741519259979247
2024-03-30 18:30:00,8.15872835,4.247471083333333,6.16069,-1.9980385192199712
2024-03-30 19:00:00,11.918573783333336,6.846712833333334,13.409649,1.4910751119303356
2024-03-30 19:30:00,15.852602833333334,9.293392166666669,14.048223,-1.804380291524252
2024-03-30 20:00:00,17.1430756,10.650469916666667,14.525475,-2.6176010516601558
2024-03-30 20:30:00,18.1713789,12.849962283333332,16.65909,-1.5122888578857427
2024-03-30 21:00:00,20.19042058333333,12.674662933333332,18.243755,-1.9466652427571596
2024-03-30 21:30:00,18.1930422,14.3751589,16.761278,-1.4317640475341804
2024-03-30 22:00:00,16.434249416666667,12.887643366666666,15.322499,-1.1117501414591473
2024-03-30 22:30:00,14.036837233333337,13.940320483333332,15.6719475,1.63511024591471
2024-03-30 23:00:00,14.126543383333331,12.918592766666665,14.015058,-0.11148581955159287
2024-03-30 23:30:00,14.679732766666667,12.0861535,14.566239,-0.11349340967203858
2024-03-31 00:00:00,13.814616583333333,11.95255175,15.222349,1.4077325835367844
2024-03-31 00:30:00,13.833222266666668,13.823766133333336,14.566324,0.7331019673421206
2024-03-31 01:00:00,14.847116016666666,15.102107733333334,14.213254,-0.6338620417521152
2024-03-31 01:30:00,15.901504333333332,13.409522216666666,15.013326,-0.8881786421101872
2024-03-31 02:00:00,17.463606799999997,13.011832633333333,14.6534195,-2.810187305371091
2024-03-31 02:30:00,16.069433433333334,15.023005566666669,14.42121,-1.648223144331869
2024-03-31 03:00:00,16.793521466666665,16.579192266666666,16.35902,-0.4345012335123677
2024-03-31 03:30:00,17.20385213333333,17.555300083333332,15.857965,-1.3458866639729798
2024-03-31 04:00:00,17.267093900000003,16.79869835,18.996262,1.729167696679685
2024-03-31 04:30:00,18.0571268,16.89305705,18.363998,0.3068716130859386
2024-03-31 05:00:00,19.98049385,16.91728875,18.38924,-1.5912535851074203
2024-03-31 05:30:00,19.48114286666667,17.2393212,19.857277,0.376134049837237
2024-03-31 06:00:00,17.239158866666667,20.08497225,20.194242,2.955083610750325
2024-03-31 06:30:00,15.446086583333331,16.750110433333333,18.96431,3.5182231090494813
2024-03-31 07:00:00,13.321766033333333,15.350447816666668,17.00003,3.6782644842447922
2024-03-31 07:30:00,9.7019039,10.3335112,11.897868,2.195964256433106
2024-03-31 08:00:00,7.597766633333333,4.4312310833333335,7.189576,-0.40819048434651695
2024-03-31 08:30:00,2.4530395000000005,-1.313169383333333,0.7303333,-1.7227061717529302
2024-03-31 09:00:00,-9.727055116666667,-15.940208716666666,-9.632276,0.09477953530680416
2024-03-31 09:30:00,-30.30233953333333,-42.21370563333333,-34.901085,-4.598745366569013
2024-03-31 10:00:00,-56.8136783,-75.30710771666666,-54.13691,2.676768815136718
2024-03-31 10:30:00,-77.26254445,-94.51868893333334,-77.175095,0.08744984550780543
2024-03-31 11:00:00,-103.58014448333334,-117.60974445,-103.10969,0.47045667815756076
2024-03-31 11:30:00,-118.75655436666666,-129.25005781666667,-117.095825,1.6607291713541628
2024-03-31 12:00:00,-129.28214656666668,-147.10052773333334,-132.52931,-3.24716556712238
2024-03-31 12:30:00,-145.0983641,-164.26717046666667,-144.84886,0.24950240566406023
2024-03-31 13:00:00,-150.18235685,-164.7192477,-146.99112,3.191237465234366
2024-03-31 13:30:00,-133.15615618333334,-157.84522276666667,-136.60475,-3.4485954035807254
2024-03-31 14:00:00,-124.54372446666667,-144.0333646,-131.54178,-6.998054097786451
2024-03-31 14:30:00,-109.36093105,-119.04606906666667,-114.9345,-5.573570597949214
2024-03-31 15:00:00,-108.75783271666668,-102.17195168333336,-105.19829,3.5595447527994963
2024-03-31 15:30:00,-89.17539443333334,-80.84898228333333,-89.64307,-0.46767197291666207
2024-03-31 16:00:00,-132.6167391333333,-52.84239338333333,-116.048004,16.568734982942686
2024-03-31 16:30:00,-64.64255941666666,-39.19069211666667,-60.01907,4.623489745035798
2024-03-31 17:00:00,-24.19309338333333,-22.30100678333333,-22.055214,2.1378794551106743
2024-03-31 17:30:00,-5.908045583333333,-1.72227785,-5.167654,0.7403915458577472
2024-03-31 18:00:00,2.1356561333333337,4.52395895,1.9965616,-0.1390944868718469
2024-03-31 18:30:00,4.153475583333333,8.15872835,7.4379115,3.2844359271341963
2024-03-31 19:00:00,7.398470616666667,11.918573783333336,10.07629,2.6778195139485677
2024-03-31 19:30:00,8.577565466666666,15.852602833333334,11.951038,3.373472893929037
2024-03-31 20:00:00,8.27961545,17.1430756,14.110964,5.831348371411133
2024-03-31 20:30:00,10.582040999999998,18.1713789,13.255328,2.6732871784057632
2024-03-31 21:00:00,14.95398255,20.19042058333333,16.243536,1.2895534454833992
2024-03-31 21:30:00,15.475670066666666,18.1930422,16.6519,1.1762292711018887
2024-03-31 22:00:00,18.046475633333333,16.434249416666667,16.267143,-1.7793323838216146
2024-03-31 22:30:00,20.351207783333333,14.036837233333337,15.921649,-4.429558804146321
2024-03-31 23:00:00,19.85492845,14.126543383333331,15.698805,-4.1561235946533195
2024-03-31 23:30:00,19.476887116666667,14.679732766666667,15.025036,-4.45185125851237
2024-04-01 00:00:00,19.49092755,13.814616583333333,17.297684,-2.193243834179686
2024-04-01 00:30:00,16.74704996666667,13.833222266666668,16.528538,-0.21851221642252838
2024-04-01 01:00:00,18.002401683333332,14.847116016666666,16.089857,-1.9125445818929023
2024-04-01 01:30:00,16.879269416666666,15.901504333333332,17.309658,0.430388633870443
2024-04-01 02:00:00,16.175194233333333,17.463606799999997,17.990921,1.81572678717448
2024-04-01 02:30:00,16.487499616666668,16.069433433333334,17.97069,1.4831901568929027
2024-04-01 03:00:00,16.8980822,16.793521466666665,18.5113,1.6132169333007802
2024-04-01 03:30:00,16.584038699999997,17.20385213333333,18.463428,1.879389797314456
2024-04-01 04:00:00,17.2799462,17.267093900000003,18.907005,1.6270591100585925
2024-04-01 04:30:00,17.69779038333333,18.0571268,20.266346,2.5685555944498724
2024-04-01 05:00:00,21.591483216666663,19.98049385,20.632195,-0.9592886976236947
2024-04-01 05:30:00,20.635679,19.48114286666667,20.862755,0.2270758217773441
2024-04-01 06:00:00,19.518643916666665,17.239158866666667,22.249552,2.730907856404624
2024-04-01 06:30:00,17.430282233333333,15.446086583333331,20.949594,3.519312264347331
2024-04-01 07:00:00,12.124036666666669,13.321766033333333,16.782883,4.658846023763019
2024-04-01 07:30:00,11.785918433333334,9.7019039,14.969133,3.183214943741861
2024-04-01 08:00:00,7.513475066666667,7.597766633333333,9.017269,1.503794067854817
2024-04-01 08:30:00,0.9690432833333332,2.4530395000000005,1.3469994,0.37795612348124197
2024-04-01 09:00:00,-2.525182133333333,-9.727055116666667,-2.3420262,0.18315589966023715
2024-04-01 09:30:00,-21.105449033333333,-30.30233953333333,-25.251541,-4.14609210436198
2024-04-01 10:00:00,-28.23662441666667,-56.8136783,-29.735046,-1.4984219700520818
2024-04-01 10:30:00,-48.48447046666666,-77.26254445,-49.205048,-0.7205771407552177
2024-04-01 11:00:00,-63.13082596666667,-103.58014448333334,-66.83349,-3.7026624976887987
2024-04-01 11:30:00,-69.27026448333334,-118.75655436666666,-71.5046,-2.2343360415690086
2024-04-01 12:00:00,-82.46915109999999,-129.28214656666668,-80.18208,2.287067970117178
2024-04-01 12:30:00,-85.31852381666667,-145.0983641,-87.07013,-1.7516055778645807
2024-04-01 13:00:00,-87.91340286666667,-150.18235685,-87.46194,0.4514659159830785
2024-04-01 13:30:00,-74.07485943333333,-133.15615618333334,-77.98965,-3.9147874782877636
2024-04-01 14:00:00,-69.10161283333333,-124.54372446666667,-73.364174,-4.262561055826822
2024-04-01 14:30:00,-54.3976321,-109.36093105,-60.938057,-6.5404248458007785
2024-04-01 15:00:00,-43.8785071,-108.75783271666668,-47.46674,-3.5882325545410154
2024-04-01 15:30:00,-34.568121133333335,-89.17539443333334,-38.734516,-4.166395010465493
2024-04-01 16:00:00,-21.2167871,-132.6167391333333,-24.124277,-2.907490014868163
2024-04-01 16:30:00,-10.332799933333334,-64.64255941666666,-19.161642,-8.828842141251627
2024-04-01 17:00:00,3.638224450000001,-24.19309338333333,-0.9447194,-4.582943824179841
2024-04-01 17:30:00,4.373118266666666,-5.908045583333333,0.23928781,-4.133830458129183
2024-04-01 18:00:00,6.198836,2.1356561333333337,7.4888573,1.2900212692871094
2024-04-01 18:30:00,8.206018349999999,4.153475583333333,8.892259,0.6862402941040049
2024-04-01 19:00:00,11.842344516666666,7.398470616666667,12.511529,0.6691844521443695
2024-04-01 19:30:00,14.272606766666668,8.577565466666666,15.597692,1.3250847692830394
2024-04-01 20:00:00,15.4536623,8.27961545,15.948168,0.4945055009033208
2024-04-01 20:30:00,17.0526006,10.582040999999998,17.740103,0.6875021679443343
2024-04-01 21:00:00,16.844697316666664,14.95398255,17.874828,1.0301310219563824
2024-04-01 21:30:00,15.852907766666668,15.475670066666666,17.059872,1.2069639069173164
2024-04-01 22:00:00,16.91550155,18.046475633333333,19.91082,2.9953184573242204
2024-04-01 22:30:00,16.291137716666665,20.351207783333333,19.168976,2.8778381134114603
2024-04-01 23:00:00,17.114894516666666,19.85492845,19.74975,2.634855620662435
2024-04-01 23:30:00,18.637670016666664,19.476887116666667,19.894613,1.2569432493245465
2024-04-02 00:00:00,16.641642716666667,19.49092755,18.476833,1.8351906268391929
2024-04-02 00:30:00,16.330588866666666,16.74704996666667,18.213644,1.8830551610432948
2024-04-02 01:00:00,16.13591166666667,18.002401683333332,19.582613,3.446701324666339
2024-04-02 01:30:00,16.098979566666667,16.879269416666666,18.934507,2.83552780332845
2024-04-02 02:00:00,16.98627706666667,16.175194233333333,18.969532,1.9832549462727833
2024-04-02 02:30:00,18.09029785,16.487499616666668,19.318396,1.2280977646240245
2024-04-02 03:00:00,17.83236495,16.8980822,19.751032,1.9186669256103528
2024-04-02 03:30:00,19.109876733333333,16.584038699999997,19.478449,0.3685721344645181
2024-04-02 04:00:00,20.211431716666667,17.2799462,20.148857,-0.06257459996744785
2024-04-02 04:30:00,20.893983916666667,17.69779038333333,19.89069,-1.003294066813151
2024-04-02 05:00:00,26.90296885,21.591483216666663,21.612835,-5.290133919580079
2024-04-02 05:30:00,25.090771566666664,20.635679,23.088192,-2.0025795805826796
2024-04-02 06:00:00,26.019283283333333,19.518643916666665,24.428274,-1.5910091286702475
2024-04-02 06:30:00,25.149902666666662,17.430282233333333,24.688719,-0.4611838708902951
2024-04-02 07:00:00,25.63134841666667,12.124036666666669,22.944368,-2.6869800542399105
2024-04-02 07:30:00,22.97144778333333,11.785918433333334,19.427595,-3.5438526447835237
2024-04-02 08:00:00,24.705531716666663,7.513475066666667,19.483507,-5.222024560294592
2024-04-02 08:30:00,16.09530615,0.9690432833333332,9.565509,-6.529797307531737
2024-04-02 09:00:00,-6.043226716666666,-2.525182133333333,-4.9116554,1.1315712906412756
2024-04-02 09:30:00,-13.6303378,-21.105449033333333,-16.138727,-2.508389388110352
2024-04-02 10:00:00,-14.540704466666668,-28.23662441666667,-19.821922,-5.281217835579426
2024-04-02 10:30:00,-20.66743938333333,-48.48447046666666,-22.189938,-1.5224982082194032
2024-04-02 11:00:00,-32.049639899999995,-63.13082596666667,-31.89992,0.1497203901123001
2024-04-02 11:30:00,-34.55361883333333,-69.27026448333334,-39.92678,-5.373161867350262
2024-04-02 12:00:00,-46.91336896666667,-82.46915109999999,-49.08223,-2.1688606475911456
2024-04-02 12:30:00,-50.10766233333334,-85.31852381666667,-52.989307,-2.881645070231116
2024-04-02 13:00:00,-56.38317768333334,-87.91340286666667,-62.736767,-6.35358913185221
2024-04-02 13:30:00,-60.42890321666667,-74.07485943333333,-65.00686,-4.577955609016925
2024-04-02 14:00:00,-76.81562275,-69.10161283333333,-78.84387,-2.028249320312497
2024-04-02 14:30:00,-86.97111731666666,-54.3976321,-82.3074,4.663713752213539
2024-04-02 15:00:00,-80.1412839,-43.8785071,-75.27949,4.8617962901367235
2024-04-02 15:30:00,-58.85196123333333,-34.568121133333335,-56.884876,1.967084982112624
2024-04-02 16:00:00,-38.97483225,-21.2167871,-36.593052,2.381780339599608
2024-04-02 16:30:00,-21.293936266666663,-10.332799933333334,-20.186241,1.1076951167643188
2024-04-02 17:00:00,-6.3488877666666665,3.638224450000001,-9.520675,-3.1717869388387046
2024-04-02 17:30:00,-3.479253383333333,4.373118266666666,0.9312972,4.410550566370137
2024-04-02 18:00:00,1.1818332333333337,6.198836,3.7025464,2.520713124775187
2024-04-02 18:30:00,8.92703215,8.206018349999999,10.282958,1.355925880700683
2024-04-02 19:00:00,11.668473383333334,11.842344516666666,13.207377,1.5389040504435219
2024-04-02 19:30:00,12.49392395,14.272606766666668,14.341858,1.8479339601562508
2024-04-02 20:00:00,13.322166116666669,15.4536623,14.482507,1.1603406353474917
2024-04-02 20:30:00,13.902624949999998,17.0526006,17.13495,3.2323256878173847
2024-04-02 21:00:00,14.036615,16.844697316666664,18.689177,4.652561559448243
2024-04-02 21:30:00,16.43193936666667,15.852907766666668,17.684465,1.2525260416585269
2024-04-02 22:00:00,18.86174715,16.91550155,19.139702,0.2779546932617194
2024-04-02 22:30:00,18.8411062,16.291137716666665,19.266472,0.42536566279297006
2024-04-02 23:00:00,19.56263888333333,17.114894516666666,18.55594,-1.0066982552815738
2024-04-02 23:30:00,18.922118183333332,18.637670016666664,18.55894,-0.36317729588215997
2024-04-03 00:00:00,17.926185533333335,16.641642716666667,17.936333,0.010147169303383663
2024-04-03 00:30:00,17.322604933333334,16.330588866666666,17.859709,0.5371038526774079
2024-04-03 01:00:00,19.83950935,16.13591166666667,18.436127,-1.4033826410156252
2024-04-03 01:30:00,20.68269008333333,16.098979566666667,18.445028,-2.2376617782796195
2024-04-03 02:00:00,18.245951216666665,16.98627706666667,18.818682,0.5727305002522805
2024-04-03 02:30:00,18.271672266666663,18.09029785,18.358492,0.08681963091634515
2024-04-03 03:00:00,18.93732345,17.83236495,19.18221,0.24488747224121
2024-04-03 03:30:00,19.70696333333333,19.109876733333333,19.677944,-0.02901914998372135
2024-04-03 04:00:00,22.12434985,20.211431716666667,20.01354,-2.1108095820556656
2024-04-03 04:30:00,20.5926073,20.893983916666667,20.254602,-0.3380048677490244
2024-04-03 05:00:00,17.953437366666666,26.90296885,22.428343,4.474905452547201
2024-04-03 05:30:00,18.859566766666664,25.090771566666664,23.637682,4.778115194392907
2024-04-03 06:00:00,27.32081325,26.019283283333333,24.478994,-2.8418188804931646
2024-04-03 06:30:00,26.922826083333334,25.149902666666662,23.547733,-3.375092776448568
2024-04-03 07:00:00,23.564047266666662,25.63134841666667,22.647387,-0.9166607157633422
2024-04-03 07:30:00,17.426584966666667,22.97144778333333,18.925596,1.4990112705159504
2024-04-03 08:00:00,8.468088433333333,24.705531716666663,13.894043,5.4259545354166665
2024-04-03 08:30:00,1.133659016666667,16.09530615,6.2766066,5.142947543086751
2024-04-03 09:00:00,-5.933831716666667,-6.043226716666666,-5.898795,0.035036588798014634
2024-04-03 09:30:00,-28.970214916666663,-13.6303378,-28.437723,0.5324917568766239
2024-04-03 10:00:00,-45.953510533333336,-14.540704466666668,-38.412056,7.541454564095055
2024-04-03 10:30:00,-57.11495825,-20.66743938333333,-50.94354,6.171419584228516
2024-04-03 11:00:00,-60.02214506666667,-32.049639899999995,-54.678623,5.343521867203776
2024-04-03 11:30:00,-59.13201235,-34.55361883333333,-59.153053,-0.02104093369140969
2024-04-03 12:00:00,-72.22340325,-46.91336896666667,-73.36389,-1.140488351562496
2024-04-03 12:30:00,-81.93369108333333,-50.10766233333334,-82.01962,-0.08593171940104583
2024-04-03 13:00:00,-100.75306835,-56.38317768333334,-97.83308,2.9199918729492254
2024-04-03 13:30:00,-99.95884836666666,-60.42890321666667,-95.40177,4.557076821256501
2024-04-03 14:00:00,-96.74411778333337,-76.81562275,-95.39457,1.3495483863607092
2024-04-03 14:30:00,-99.00341506666666,-86.97111731666666,-89.58639,9.417027432389318
2024-04-03 15:00:00,-82.26224728333334,-80.1412839,-80.6526,1.609644133919275
2024-04-03 15:30:00,-63.54885785,-58.85196123333333,-64.70795,-1.1590889273437526
2024-04-03 16:00:00,-44.115252733333335,-38.97483225,-46.09953,-1.9842765330240866
2024-04-03 16:30:00,-21.579817116666664,-21.293936266666663,-22.892487,-1.3126694555989609
2024-04-03 17:00:00,-10.121733966666667,-6.3488877666666665,-10.364158,-0.24242371003010987
2024-04-03 17:30:00,-4.4812155166666665,-3.479253383333333,-1.1834024,3.2978130975763955
2024-04-03 18:00:00,7.3324978,1.1818332333333337,4.435872,-2.896625722058105
2024-04-03 18:30:00,10.040160583333334,8.92703215,8.669867,-1.3702940214436854
2024-04-03 19:00:00,12.749930566666668,11.668473383333334,13.597717,0.8477867184895818
2024-04-03 19:30:00,17.824951733333332,12.49392395,16.358656,-1.4662958037679026
2024-04-03 20:00:00,20.347356016666662,13.322166116666669,18.07839,-2.2689658952067013
2024-04-03 20:30:00,24.38947941666667,13.902624949999998,19.504463,-4.885016220865889
2024-04-03 21:00:00,18.556983366666667,14.036615,19.317675,0.7606912701741528
2024-04-03 21:30:00,19.04733005,16.43193936666667,19.648592,0.6012619452392585
2024-04-03 22:00:00,23.370428816666664,18.86174715,19.451721,-3.9187076252604136
2024-04-03 22:30:00,25.4559734,18.8411062,19.38283,-6.073143733862306
2024-04-03 23:00:00,21.211292083333333,19.56263888333333,19.595005,-1.6162870479329428
2024-04-03 23:30:00,19.482792316666664,18.922118183333332,19.043247,-0.4395450937662737
2024-04-04 00:00:00,18.4616372,17.926185533333335,18.617985,0.1563475717285172
2024-04-04 00:30:00,17.732920500000002,17.322604933333334,18.414827,0.6819068468017555
2024-04-04 01:00:00,20.25637228333333,19.83950935,19.024273,-1.232099364632159
2024-04-04 01:30:00,18.10082433333333,20.68269008333333,19.654354,1.553529762125656
2024-04-04 02:00:00,18.404338316666667,18.245951216666665,19.66204,1.2577023937825516
2024-04-04 02:30:00,18.020876616666666,18.271672266666663,19.101341,1.0804646308919281
2024-04-04 03:00:00,20.4688233,18.93732345,19.416931,-1.0518921476562504
2024-04-04 03:30:00,18.597188300000003,19.70696333333333,20.316061,1.7188727198974583
2024-04-04 04:00:00,21.63678055,22.12434985,20.955656,-0.6811244983642588
2024-04-04 04:30:00,20.74211731666667,20.5926073,22.233635,1.4915176320638004
2024-04-04 05:00:00,25.892296766666664,17.953437366666666,23.844358,-2.047938322452797
2024-04-04 05:30:00,31.837090166666663,18.859566766666664,25.90898,-5.928110750773108
2024-04-04 06:00:00,38.3150416,27.32081325,29.18822,-9.12682252956543
2024-04-04 06:30:00,33.96599153333333,26.922826083333334,28.707064,-5.258927858406572
2024-04-04 07:00:00,30.633987183333332,23.564047266666662,26.66695,-3.967036957503254
2024-04-04 07:30:00,21.64112328333333,17.426584966666667,22.152567,0.5114436264567104
2024-04-04 08:00:00,16.06474775,8.468088433333333,15.954996,-0.1097516409912096
2024-04-04 08:30:00,7.2877239666666656,1.133659016666667,6.966781,-0.32094282729288626
2024-04-04 09:00:00,-3.032008466666666,-5.933831716666667,-4.5342712,-1.502262773567709
2024-04-04 09:30:00,-28.243934416666665,-28.970214916666663,-24.734463,3.5094716786295557
2024-04-04 10:00:00,-46.1765205,-45.953510533333336,-45.213703,0.9628173444824242
2024-04-04 10:30:00,-48.01932098333333,-57.11495825,-48.562504,-0.5431828313639357
2024-04-04 11:00:00,-55.493819916666666,-60.02214506666667,-61.042744,-5.548923766194662
2024-04-04 11:30:00,-61.9557232,-59.13201235,-61.965904,-0.010181035839842423
2024-04-04 12:00:00,-75.03819671666666,-72.22340325,-75.51629,-0.4780920406575575
2024-04-04 12:30:00,-70.71830676666666,-81.93369108333333,-75.08933,-4.371025813899749
2024-04-04 13:00:00,-69.77383616666667,-100.75306835,-71.761375,-1.9875392605794246
2024-04-04 13:30:00,-69.90167888333333,-99.95884836666666,-75.30026,-5.398583567838543
2024-04-04 14:00:00,-68.81134375,-96.74411778333337,-67.40034,1.4110065307617248
2024-04-04 14:30:00,-58.274025,-99.00341506666666,-61.554073,-3.2800483337402326
2024-04-04 15:00:00,-51.14031391666666,-82.26224728333334,-54.617,-3.476686663167321
2024-04-04 15:30:00,-38.79523165,-63.54885785,-40.532307,-1.73707502114258
2024-04-04 16:00:00,-23.96337508333333,-44.115252733333335,-30.700666,-6.737291344278976
2024-04-04 16:30:00,-11.671743816666664,-21.579817116666664,-17.177137,-5.505393558211265
2024-04-04 17:00:00,-2.9273644166666664,-10.121733966666667,-5.137503,-2.210138730458578
2024-04-04 17:30:00,9.56955465,-4.4812155166666665,5.6513968,-3.918157898596192
2024-04-04 18:00:00,16.641390383333334,7.3324978,12.155824,-4.485566675752768
2024-04-04 18:30:00,25.34337955,10.040160583333334,17.469873,-7.873506121655275
2024-04-04 19:00:00,26.91917215,12.749930566666668,20.760643,-6.158529144628908
2024-04-04 19:30:00,25.6109167,17.824951733333332,19.193619,-6.417297925585938
2024-04-04 20:00:00,18.424407716666668,20.347356016666662,19.666733,1.2423250714192697
2024-04-04 20:30:00,26.53065831666667,24.38947941666667,22.889072,-3.64158589845378
2024-04-04 21:00:00,31.905795116666667,18.556983366666667,22.875795,-9.029999752286784
2024-04-04 21:30:00,28.60561905,19.04733005,22.135798,-6.46982154938965
2024-04-04 22:00:00,27.240358933333336,23.370428816666664,21.597427,-5.642931565169274
2024-04-04 22:30:00,18.316307766666668,25.4559734,21.991545,3.675236956844074
2024-04-04 23:00:00,19.5912572,21.211292083333333,20.376886,0.7856291677978504
2024-04-04 23:30:00,24.33890945,19.482792316666664,20.344505,-3.9944041399414054
2024-04-05 00:00:00,21.7919,18.4616372,19.351992,-2.4399083465576155
2024-04-05 00:30:00,24.1739203,17.732920500000002,19.292099,-4.881821300976561
2024-04-05 01:00:00,21.68756885,20.25637228333333,19.98784,-1.6997281975341814
2024-04-05 01:30:00,20.437885533333333,18.10082433333333,19.98876,-0.44912553882649675
2024-04-05 02:00:00,21.67863155,18.404338316666667,19.521584,-2.1570479928710924
2024-04-05 02:30:00,19.819195516666667,18.020876616666666,19.523312,-0.29588390167643297
2024-04-05 03:00:00,21.54650405,20.4688233,20.923576,-0.6229276950195306
2024-04-05 03:30:00,21.78387275,18.597188300000003,20.812098,-0.9717752005615239
2024-04-05 04:00:00,24.10217675,21.63678055,21.888018,-2.2141590955810564
2024-04-05 04:30:00,22.13847936666667,20.74211731666667,22.474817,0.33633790933430774
2024-04-05 05:00:00,24.23472338333333,25.892296766666664,23.653866,-0.580857569124344
2024-04-05 05:30:00,23.798276483333336,31.837090166666663,26.113811,2.3155350095865863
2024-04-05 06:00:00,27.84521273333333,38.3150416,30.385788,2.5405752305338574
2024-04-05 06:30:00,31.12732031666667,33.96599153333333,29.28308,-1.8442411693278018
2024-04-05 07:00:00,35.059765516666666,30.633987183333332,28.137197,-6.92256802215983
2024-04-05 07:30:00,29.90778796666667,21.64112328333333,24.395443,-5.512345004020187
2024-04-05 08:00:00,30.170670016666666,16.06474775,20.20019,-9.970480426212564
2024-04-05 08:30:00,27.37473896666667,7.2877239666666656,16.2261,-11.14863804503581
2024-04-05 09:00:00,20.17005665,-3.032008466666666,13.725803,-6.444253274755859
2024-04-05 09:30:00,0.0556462333333337,-28.243934416666665,-7.9913754,-8.047021679652914
2024-04-05 10:00:00,-34.162500533333336,-46.1765205,-33.430405,0.7320958702473988
2024-04-05 10:30:00,-45.31693551666666,-48.01932098333333,-43.24931,2.0676259768717387
2024-04-05 11:00:00,-46.42437935,-55.493819916666666,-50.375145,-3.9507656084960914
2024-04-05 11:30:00,-61.83366183333334,-61.9557232,-61.88286,-0.049196443033849846
2024-04-05 12:00:00,-67.50840326666666,-75.03819671666666,-73.33251,-5.824108635188807
2024-04-05 12:30:00,-89.64580368333334,-70.71830676666666,-83.82117,5.824636691145841
2024-04-05 13:00:00,-90.13923981666666,-69.77383616666667,-88.74359,1.3956485080729095
2024-04-05 13:30:00,-86.62726266666668,-69.90167888333333,-89.22265,-2.595385953938788
2024-04-05 14:00:00,-73.69412996666667,-68.81134375,-79.04718,-5.353050209114585
2024-04-05 14:30:00,-67.75604133333333,-58.274025,-71.7986,-4.042557909830734
2024-04-05 15:00:00,-58.02500896666666,-51.14031391666666,-60.469833,-2.4448244073567764
2024-04-05 15:30:00,-49.373766116666665,-38.79523165,-47.232597,2.1411687655924467
2024-04-05 16:00:00,-27.908528283333336,-23.96337508333333,-30.844334,-2.9358053653483047
2024-04-05 16:30:00,-13.171592266666666,-11.671743816666664,-11.446963,1.7246289564249668
2024-04-05 17:00:00,-4.904586733333333,-2.9273644166666664,-2.5900826,2.314504087917073
2024-04-05 17:30:00,4.047577749999999,9.56955465,5.908035,1.8604570514831549
2024-04-05 18:00:00,14.479261216666666,16.641390383333334,12.710965,-1.7682960601114903
2024-04-05 18:30:00,17.6317645,25.34337955,15.662731,-1.9690333293457023
2024-04-05 19:00:00,22.17233823333333,26.91917215,18.67685,-3.495488868098956
2024-04-05 19:30:00,21.677891616666667,25.6109167,20.08962,-1.588271026456706
2024-04-05 20:00:00,22.80368168333333,18.424407716666668,19.148088,-3.655593228133135
2024-04-05 20:30:00,19.77473828333333,26.53065831666667,21.932274,2.1575355814127626
2024-04-05 21:00:00,17.31661563333333,31.905795116666667,21.955235,4.638618894254559
2024-04-05 21:30:00,16.661469999999998,28.60561905,22.344147,5.682676728515627
2024-04-05 22:00:00,18.501378966666667,27.240358933333336,22.100443,3.5990639196858716
2024-04-05 22:30:00,18.86521218333333,18.316307766666668,20.946617,2.0814049431315134
2024-04-05 23:00:00,16.7555689,19.5912572,19.523912,2.76834352980957
2024-04-05 23:30:00,16.0083082,24.33890945,19.42696,3.41865179145508
2024-04-06 00:00:00,15.743859916666668,21.7919,17.821447,2.077587455769855
2024-04-06 00:30:00,13.770233366666668,24.1739203,18.098291,4.328058030428059
2024-04-06 01:00:00,14.07250285,21.68756885,18.329462,4.256959201391602
2024-04-06 01:30:00,14.43171,20.437885533333333,17.819727,3.388016943969726
2024-04-06 02:00:00,15.42411765,21.67863155,17.808445,2.384327326806641
2024-04-06 02:30:00,14.925810083333332,19.819195516666667,18.354517,3.428706899698895
2024-04-06 03:00:00,18.28207838333333,21.54650405,19.051018,0.7689393778971372
2024-04-06 03:30:00,19.4957767,21.78387275,19.336432,-0.15934519670410197
2024-04-06 04:00:00,18.17273395,24.10217675,20.898031,2.7252972847412096
2024-04-06 04:30:00,18.943008433333333,22.13847936666667,20.502287,1.5592784776774096
2024-04-06 05:00:00,19.948123833333334,24.23472338333333,22.117899,2.1697751077067053
2024-04-06 05:30:00,20.40119658333333,23.798276483333336,23.62254,3.2213429369303412
2024-04-06 06:00:00,26.7249017,27.84521273333333,25.042604,-1.6822972535888674
2024-04-06 06:30:00,24.05938945,31.12732031666667,24.451288,0.3918987732666004
2024-04-06 07:00:00,25.301778816666666,35.059765516666666,23.699306,-1.6024723286295561
2024-04-06 07:30:00,22.097247733333333,29.90778796666667,19.623373,-2.473874701717122
2024-04-06 08:00:00,16.548676583333332,30.170670016666666,17.613226,1.0645493535563162
2024-04-06 08:30:00,13.689370416666668,27.37473896666667,12.948174,-0.7411959400431325
2024-04-06 09:00:00,6.815544433333334,20.17005665,2.2299955,-4.58554894421285
2024-04-06 09:30:00,-14.846804333333331,0.0556462333333337,-14.127319,0.7194849973958313
2024-04-06 10:00:00,-32.078141116666664,-34.162500533333336,-32.00857,0.06956949191080497
2024-04-06 10:30:00,-43.5668227,-45.31693551666666,-43.857292,-0.29046947529296574
2024-04-06 11:00:00,-61.55179201666667,-46.42437935,-60.31306,1.2387312561686201
2024-04-06 11:30:00,-78.51367931666667,-61.83366183333334,-77.804474,0.7092054397135428
2024-04-06 12:00:00,-86.06529995,-67.50840326666666,-87.35893,-1.293632545117191
2024-04-06 12:30:00,-97.11732278333334,-89.64580368333334,-95.82091,1.2964151905598982
2024-04-06 13:00:00,-115.13299888333334,-90.13923981666666,-113.929756,1.2032427187825618
2024-04-06 13:30:00,-107.34986463333333,-86.62726266666668,-107.41954,-0.06967577194011199
2024-04-06 14:00:00,-97.03899265,-73.69412996666667,-98.4758,-1.4368069105468777
2024-04-06 14:30:00,-86.62013041666667,-67.75604133333333,-86.66479,-0.04465687581379996
2024-04-06 15:00:00,-82.03792781666667,-58.02500896666666,-77.80014,4.237787435807292
2024-04-06 15:30:00,-65.48360285,-49.373766116666665,-67.79266,-2.309060724218753
2024-04-06 16:00:00,-42.41760291666667,-27.908528283333336,-43.42182,-1.0042186775716146
2024-04-06 16:30:00,-28.42074171666667,-13.171592266666666,-23.489222,4.931520143790692
2024-04-06 17:00:00,-11.410227583333333,-4.904586733333333,-10.20441,1.2058179840291334
2024-04-06 17:30:00,-3.9877322,4.047577749999999,0.6601253,4.6478575151893615
2024-04-06 18:00:00,5.1811623,14.479261216666666,11.589649,6.408486900439453
2024-04-06 18:30:00,8.3637628,17.6317645,14.172535,5.808772142626953
2024-04-06 19:00:00,13.280705066666668,22.17233823333333,18.72455,5.443845180525715
2024-04-06 19:30:00,15.001370483333334,21.677891616666667,19.599874,4.598504013126627
2024-04-06 20:00:00,14.0599976,22.80368168333333,19.301691,5.241693455297851
2024-04-06 20:30:00,18.64030908333333,19.77473828333333,21.302921,2.662612211832684
2024-04-06 21:00:00,17.7545595,17.31661563333333,21.972464,4.217904107788087
2024-04-06 21:30:00,18.901250033333334,16.661469999999998,22.029402,3.128151745841471
2024-04-06 22:00:00,17.310752333333333,18.501378966666667,21.665257,4.354504166910807
2024-04-06 22:30:00,16.39169985,18.86521218333333,19.522493,3.1307935124267594
2024-04-06 23:00:00,19.53086788333333,16.7555689,18.945642,-0.5852254120198523
2024-04-06 23:30:00,17.887394033333333,16.0083082,19.615198,1.7278041020426436
2024-04-07 00:00:00,17.92651395,15.743859916666668,19.217798,1.2912842830322262
2024-04-07 00:30:00,16.148133916666666,13.770233366666668,19.103851,2.9557174016927092
2024-04-07 01:00:00,18.07766115,14.07250285,18.393595,0.3159335918212882
2024-04-07 01:30:00,17.620260716666667,14.43171,17.195057,-0.42520380138346425
2024-04-07 02:00:00,17.982456533333334,15.42411765,18.658365,0.6759087163004551
2024-04-07 02:30:00,18.178349266666668,14.925810083333332,17.958378,-0.21997142853190255
2024-04-07 03:00:00,18.41990675,18.28207838333333,20.174454,1.7545469853515634
2024-04-07 03:30:00,19.336216683333333,19.4957767,20.519161,1.182944541031901
2024-04-07 04:00:00,18.778706083333333,18.17273395,20.77838,1.9996733569742844
2024-04-07 04:30:00,20.563301383333336,18.943008433333333,20.858267,0.29496544711100015
2024-04-07 05:00:00,21.608409966666667,19.948123833333334,22.190517,0.5821074588704427
2024-04-07 05:30:00,19.85581888333333,20.40119658333333,22.807447,2.9516285501383486
2024-04-07 06:00:00,18.471925433333336,26.7249017,25.20575,6.733824078385414
2024-04-07 06:30:00,22.021193266666668,24.05938945,24.867483,2.8462898723714183
2024-04-07 07:00:00,25.897572216666664,25.301778816666666,23.016018,-2.881554302848304
2024-04-07 07:30:00,15.06323105,22.097247733333333,21.13097,6.0677389512207025
2024-04-07 08:00:00,12.732172116666668,16.548676583333332,16.929302,4.197130098909504
2024-04-07 08:30:00,9.541054866666666,13.689370416666668,12.428294,2.887239315157064
2024-04-07 09:00:00,4.411075633333334,6.815544433333334,3.066742,-1.3443336899739586
2024-04-07 09:30:00,-6.71239045,-14.846804333333331,-10.759626,-4.047235938549805
2024-04-07 10:00:00,-17.76651055,-32.078141116666664,-22.128546,-4.362035211108399
2024-04-07 10:30:00,-27.20551553333333,-43.5668227,-32.990654,-5.785138458365889
2024-04-07 11:00:00,-54.160194966666666,-61.55179201666667,-54.291107,-0.13091221106770945
2024-04-07 11:30:00,-67.56757548333333,-78.51367931666667,-69.76039,-2.192815752018234
2024-04-07 12:00:00,-81.51684043333334,-86.06529995,-83.710815,-2.1939749963541573
2024-04-07 12:30:00,-92.80854328333334,-97.11732278333334,-91.24904,1.5595045870442732
2024-04-07 13:00:00,-101.35157681666668,-115.13299888333334,-107.415794,-6.064217555891915
2024-04-07 13:30:00,-105.05940265,-107.34986463333333,-102.002304,3.057098572851558
2024-04-07 14:00:00,-101.15209676666666,-97.03899265,-103.20073,-2.0486326034505282
2024-04-07 14:30:00,-93.11996648333331,-86.62013041666667,-89.14029,3.9796771766926895
2024-04-07 15:00:00,-81.99989893333333,-82.03792781666667,-76.70962,5.290281318587233
2024-04-07 15:30:00,-70.0933043,-65.48360285,-69.544685,0.5486189362304685
2024-04-07 16:00:00,-54.20941281666666,-42.41760291666667,-50.044994,4.16441846241861
2024-04-07 16:30:00,-31.725897166666662,-28.42074171666667,-30.231752,1.4941447710367797
2024-04-07 17:00:00,-7.524445049999998,-11.410227583333333,-11.228614,-3.704168803454592
2024-04-07 17:30:00,6.327121200000001,-3.9877322,3.8917453,-2.4353758710968023
2024-04-07 18:00:00,11.455296116666668,5.1811623,8.1397705,-3.315525608854168
2024-04-07 18:30:00,24.383370466666666,8.3637628,14.976518,-9.406852789359537
2024-04-07 19:00:00,26.254092266666664,13.280705066666668,19.169634,-7.0844584013102185
2024-04-07 19:30:00,26.763953966666666,15.001370483333334,20.251669,-6.512285036612955
2024-04-07 20:00:00,23.654132200000003,14.0599976,18.941557,-4.712575269458011
2024-04-07 20:30:00,24.26913498333333,18.64030908333333,20.284193,-3.984941944392901
2024-04-07 21:00:00,23.3413874,17.7545595,19.92126,-3.420126566259764
2024-04-07 21:30:00,23.52475283333333,18.901250033333334,20.370672,-3.1540806073811822
2024-04-07 22:00:00,26.049787233333333,17.310752333333333,20.51954,-5.530246446590169
2024-04-07 22:30:00,25.33410758333333,16.39169985,18.982697,-6.351411050130206
2024-04-07 23:00:00,22.05791503333333,19.53086788333333,19.48722,-2.570694269173174
2024-04-07 23:30:00,23.94746673333333,17.887394033333333,20.391378,-3.5560883306233677
2024-04-08 00:00:00,20.38213988333333,17.92651395,20.340317,-0.04182311087239299
2024-04-08 00:30:00,18.550904366666668,16.148133916666666,19.979254,1.4283494022542307
2024-04-08 01:00:00,18.96603385,18.07766115,19.917732,0.9516983887695325
2024-04-08 01:30:00,20.84418278333333,17.620260716666667,19.921362,-0.9228208601155572
2024-04-08 02:00:00,18.9380678,17.982456533333334,20.123367,1.1852995095703136
2024-04-08 02:30:00,19.51333265,18.178349266666668,20.184223,0.6708905250488293
2024-04-08 03:00:00,20.833545533333336,18.41990675,20.346167,-0.48737892261556226
2024-04-08 03:30:00,21.35813603333333,19.336216683333333,20.74844,-0.6096962445149714
2024-04-08 04:00:00,22.063104383333336,18.778706083333333,21.131556,-0.9315488260823592
2024-04-08 04:30:00,24.03532938333333,20.563301383333336,20.892666,-3.142663520296221
2024-04-08 05:00:00,23.503853366666664,21.608409966666667,21.45119,-2.0526624181803363
2024-04-08 05:30:00,20.52954945,19.85581888333333,21.447794,0.918244510571288
2024-04-08 06:00:00,23.01623023333333,18.471925433333336,23.105484,0.08925377545573099
2024-04-08 06:30:00,20.217518183333333,22.021193266666668,24.243004,4.025485661881511
2024-04-08 07:00:00,26.27431818333333,25.897572216666664,24.751698,-1.5226206430501286
2024-04-08 07:30:00,23.79521773333333,15.06323105,21.935465,-1.859752874324542
2024-04-08 08:00:00,16.495213983333333,12.732172116666668,18.376787,1.8815732023356126
2024-04-08 08:30:00,8.456731616666668,9.541054866666666,11.225347,2.7686149485799145
2024-04-08 09:00:00,-2.4555666833333327,4.411075633333334,2.5104795,4.966046133559162
2024-04-08 09:30:00,-15.037820983333331,-6.71239045,-13.256017,1.7818042520711241
2024-04-08 10:00:00,-42.38805178333333,-17.76651055,-38.348568,4.039483820686847
2024-04-08 10:30:00,-54.881651733333335,-27.20551553333333,-47.970383,6.911269042903648
2024-04-08 11:00:00,-73.32120898333334,-54.160194966666666,-65.90174,7.419467955501304
2024-04-08 11:30:00,-86.36070389999999,-67.56757548333333,-84.02358,2.3371214415038963
2024-04-08 12:00:00,-98.63699953333334,-81.51684043333334,-95.9386,2.698400900520838
2024-04-08 12:30:00,-112.42770648333334,-92.80854328333334,-105.0579,7.369807008235682
2024-04-08 13:00:00,-108.8865154,-101.35157681666668,-105.405266,3.4812495918945245
2024-04-08 13:30:00,-84.24493175,-105.05940265,-87.626625,-3.38169331103515
2024-04-08 14:00:00,-67.01306278333333,-101.15209676666666,-71.85212,-4.839056662467456
2024-04-08 14:30:00,-57.675364433333336,-93.11996648333331,-68.54921,-10.873845161393227
2024-04-08 15:00:00,-51.58511118333333,-81.99989893333333,-59.29329,-7.7081780012369805
2024-04-08 15:30:00,-43.96616996666666,-70.0933043,-51.632168,-7.665997849495447
2024-04-08 16:00:00,-25.99322443333333,-54.20941281666666,-34.008995,-8.015770622819012
2024-04-08 16:30:00,-8.264144366666667,-31.725897166666662,-18.032995,-9.768850857332357
2024-04-08 17:00:00,-0.909298716666667,-7.524445049999998,-4.31447,-3.40517109763387
2024-04-08 17:30:00,-3.6669199,6.327121200000001,1.6591785,5.326098395407104
2024-04-08 18:00:00,1.4183823166666665,11.455296116666668,8.22559,6.807207435530599
2024-04-08 18:30:00,7.916482816666668,24.383370466666666,12.552209,4.635726083784992
2024-04-08 19:00:00,15.0468772,26.254092266666664,17.811705,2.7648274356201163
2024-04-08 19:30:00,16.482421783333333,26.763953966666666,18.547237,2.0648156129069015
2024-04-08 20:00:00,20.02086158333333,23.654132200000003,19.342731,-0.6781301075032502
2024-04-08 20:30:00,20.25904685,24.26913498333333,20.241531,-0.017515477929688217
2024-04-08 21:00:00,24.24896723333333,23.3413874,21.073523,-3.1754446655843083
2024-04-08 21:30:00,23.6681473,23.52475283333333,21.208334,-2.45981333088379
2024-04-08 22:00:00,21.96655773333333,26.049787233333333,21.125385,-0.8411724489095036
2024-04-08 22:30:00,24.587296566666662,25.33410758333333,20.844646,-3.7426501128092404
2024-04-08 23:00:00,20.7926478,22.05791503333333,20.373795,-0.4188532443359385
2024-04-08 23:30:00,21.849538783333333,23.94746673333333,20.863726,-0.9858131211018879
2024-04-09 00:00:00,23.43947565,20.38213988333333,21.163212,-2.276263827490233
2024-04-09 00:30:00,21.23484555,18.550904366666668,20.714464,-0.520381362377929
2024-04-09 01:00:00,23.570897733333336,18.96603385,21.353289,-2.2176090828206405
2024-04-09 01:30:00,21.17116785,20.84418278333333,21.551079,0.37991094638671896
2024-04-09 02:00:00,21.823954083333334,18.9380678,21.124046,-0.6999077576497399
2024-04-09 02:30:00,22.15949338333333,19.51333265,20.813679,-1.3458146418782526
2024-04-09 03:00:00,20.172471066666667,20.833545533333336,20.667221,0.4947500026692708
2024-04-09 03:30:00,21.19853673333333,21.35813603333333,21.132849,-0.06568799370930734
2024-04-09 04:00:00,19.146338466666663,22.063104383333336,21.833988,2.687649723030603
2024-04-09 04:30:00,20.75464823333333,24.03532938333333,22.332502,1.5778541317789738
2024-04-09 05:00:00,18.614290033333333,23.503853366666664,23.429676,4.81538602257487
2024-04-09 05:30:00,20.329489916666667,20.52954945,23.756952,3.427462369099935
2024-04-09 06:00:00,26.0470365,23.01623023333333,24.784063,-1.2629731607666024
2024-04-09 06:30:00,27.9069417,20.217518183333333,25.654266,-2.252675342578126
2024-04-09 07:00:00,30.85836105,26.27431818333333,27.19619,-3.6621711696289054
2024-04-09 07:30:00,30.017757333333336,23.79521773333333,24.329397,-5.68836013179525
2024-04-09 08:00:00,30.828602266666667,16.495213983333333,22.468594,-8.360008669254558
2024-04-09 08:30:00,15.324858283333333,8.456731616666668,14.491979,-0.8328796380086256
2024-04-09 09:00:00,-0.2154255000000004,-2.4555666833333327,4.5215397,4.736965188110352
2024-04-09 09:30:00,-10.407728966666667,-15.037820983333331,-10.367043,0.040686425162761
2024-04-09 10:00:00,-20.29270543333333,-42.38805178333333,-28.82339,-8.530683620011395
2024-04-09 10:30:00,-33.1763733,-54.881651733333335,-42.85508,-9.678706350878905
2024-04-09 11:00:00,-47.88210168333333,-73.32120898333334,-54.305943,-6.423840852067059
2024-04-09 11:30:00,-67.16062266666667,-86.36070389999999,-70.62295,-3.462325026204425
2024-04-09 12:00:00,-65.69444825000001,-98.63699953333334,-79.1016,-13.407152396972648
2024-04-09 12:30:00,-77.74602665,-112.42770648333334,-85.485855,-7.739828452539058
2024-04-09 13:00:00,-70.25407601666667,-108.8865154,-89.01746,-18.76338766741536
2024-04-09 13:30:00,-63.415435433333336,-84.24493175,-72.74862,-9.333183646256508
2024-04-09 14:00:00,-48.78820791666666,-67.01306278333333,-59.971195,-11.182987304280608
2024-04-09 14:30:00,-45.13835215,-57.675364433333336,-45.70557,-0.5672180709472627
2024-04-09 15:00:00,-36.37087498333333,-51.58511118333333,-41.031536,-4.660661118961592
2024-04-09 15:30:00,-24.6376205,-43.96616996666666,-28.5978,-3.9601788011474603
2024-04-09 16:00:00,-13.1675078,-25.99322443333333,-20.455107,-7.287598935229493
2024-04-09 16:30:00,2.3291000000000004,-8.264144366666667,-4.9300046,-7.2591045967102055
2024-04-09 17:00:00,9.786589633333334,-0.909298716666667,6.108277,-3.6783127893086753
2024-04-09 17:30:00,14.933003283333331,-3.6669199,11.317149,-3.615854121040851
2024-04-09 18:00:00,19.54751003333333,1.4183823166666665,11.537169,-8.010340576851398
2024-04-09 18:30:00,28.89163716666667,7.916482816666668,20.5584,-8.333237966227216
2024-04-09 19:00:00,29.811558366666663,15.0468772,25.16595,-4.645607591520179
2024-04-09 19:30:00,36.393306200000005,16.482421783333333,27.114048,-9.279258195849614
2024-04-09 20:00:00,38.49758603333333,20.02086158333333,28.080788,-10.416798374641921
2024-04-09 20:30:00,34.88432663333334,20.25904685,26.735756,-8.148570712923181
2024-04-09 21:00:00,29.309113300000003,24.24896723333333,25.418694,-3.8904197575195347
2024-04-09 21:30:00,30.50296823333333,23.6681473,24.942852,-5.560116213069659
2024-04-09 22:00:00,31.6486404,21.96655773333333,25.307045,-6.341595417089845
2024-04-09 22:30:00,23.5273522,24.587296566666662,24.495161,0.9678088565185554
2024-04-09 23:00:00,27.936768333333333,20.7926478,23.622612,-4.3141563338216145
2024-04-09 23:30:00,26.103439316666663,21.849538783333333,23.228443,-2.8749961709147094
2024-04-10 00:00:00,25.681078216666663,23.43947565,22.156965,-3.524112960929358
2024-04-10 00:30:00,22.08022671666667,21.23484555,19.872036,-2.2081907364420594
2024-04-10 01:00:00,20.74288115,23.570897733333336,20.068136,-0.6747449347900378
2024-04-10 01:30:00,17.526269433333333,21.17116785,20.251022,2.7247529055338546
2024-04-10 02:00:00,18.1536611,21.823954083333334,19.561462,1.4078013023437492
2024-04-10 02:30:00,17.910034566666667,22.15949338333333,19.38231,1.4722763006429034
2024-04-10 03:00:00,17.857370616666667,20.172471066666667,20.297728,2.4403569681721997
2024-04-10 03:30:00,19.197265666666667,21.19853673333333,20.580408,1.38314242964681
2024-04-10 04:00:00,18.71894063333333,19.146338466666663,19.7342,1.0152588905924524
2024-04-10 04:30:00,19.651561216666668,20.75464823333333,20.878212,1.2266507584309885
2024-04-10 05:00:00,18.31731113333333,18.614290033333333,21.284996,2.9676848993815135
2024-04-10 05:30:00,20.84685563333333,20.329489916666667,20.793718,-0.05313729532063505
2024-04-10 06:00:00,19.5680256,26.0470365,23.676214,4.10818861813965
2024-04-10 06:30:00,19.138434383333333,27.9069417,25.522448,6.384013202726237
2024-04-10 07:00:00,34.44760661666667,30.85836105,28.910099,-5.537507587125653
2024-04-10 07:30:00,28.502743366666667,30.017757333333336,24.992811,-3.5099321636637377
2024-04-10 08:00:00,20.38653878333333,30.828602266666667,21.989143,1.6026045882487026
2024-04-10 08:30:00,9.4394238,15.324858283333333,13.112044,3.672620534411621
2024-04-10 09:00:00,-8.571016666666667,-0.2154255000000004,1.6557682,10.226784822718303
2024-04-10 09:30:00,-26.12071315,-10.407728966666667,-13.704771,12.415942108129883
2024-04-10 10:00:00,-27.11659373333333,-20.29270543333333,-24.931866,2.1847280411946564
2024-04-10 10:30:00,-42.227597816666666,-33.1763733,-43.544342,-1.3167442243489589
2024-04-10 11:00:00,-64.72131946666667,-47.88210168333333,-62.100464,2.620855599479171
2024-04-10 11:30:00,-75.57623223333333,-67.16062266666667,-77.83745,-2.2612158867838588
2024-04-10 12:00:00,-85.4720627,-65.69444825000001,-85.82678,-0.35471952656250494
2024-04-10 12:30:00,-89.7725601,-77.74602665,-89.53224,0.24031827871094436
2024-04-10 13:00:00,-103.31323763333334,-70.25407601666667,-96.19036,7.122876610384125
2024-04-10 13:30:00,-92.91711838333332,-63.415435433333336,-90.544495,2.3726237544270674
2024-04-10 14:00:00,-97.08030513333334,-48.78820791666666,-90.10833,6.971975360384121
2024-04-10 14:30:00,-94.49584841666666,-45.13835215,-87.827965,6.667883633951817
2024-04-10 15:00:00,-85.37024716666667,-36.37087498333333,-76.906586,8.463661473307297
2024-04-10 15:30:00,-100.67809786666668,-24.6376205,-75.809616,24.868481777799488
2024-04-10 16:00:00,-48.52270333333333,-13.1675078,-44.613956,3.908746881917317
2024-04-10 16:30:00,-17.700497900000002,2.3291000000000004,-19.572853,-1.8723551883789042
2024-04-10 17:00:00,-4.6881437833333335,9.786589633333334,0.7281258,5.416269593956502
2024-04-10 17:30:00,-1.0140461166666666,14.933003283333331,3.3169696,4.331015749769083
2024-04-10 18:00:00,6.305505050000001,19.54751003333333,11.360538,5.0550324789916985
2024-04-10 18:30:00,20.478665933333332,28.89163716666667,18.268372,-2.210294351302082
2024-04-10 19:00:00,25.51207728333333,29.811558366666663,22.751995,-2.760082196663408
2024-04-10 19:30:00,35.46256063333333,36.393306200000005,27.684704,-7.777856806429035
2024-04-10 20:00:00,37.40736933333333,38.49758603333333,29.802658,-7.604711252278641
2024-04-10 20:30:00,38.22387988333333,34.88432663333334,30.065966,-8.157914230867512
2024-04-10 21:00:00,31.730052933333337,29.309113300000003,26.37231,-5.357742294905602
2024-04-10 21:30:00,31.511513866666665,30.50296823333333,26.889053,-4.622460521940102
2024-04-10 22:00:00,29.21195775,31.6486404,26.08558,-3.1263769241943358
2024-04-10 22:30:00,25.327120466666667,23.5273522,23.520632,-1.8064886765055341
2024-04-10 23:00:00,20.594999316666662,27.936768333333333,21.230272,0.635272976424158
2024-04-10 23:30:00,20.2363205,26.103439316666663,20.755657,0.5193366960449204
2024-04-11 00:00:00,18.37868225,25.681078216666663,21.52742,3.148737793945312
2024-04-11 00:30:00,17.162968366666664,22.08022671666667,20.13894,2.975972444490562
2024-04-11 01:00:00,16.734256183333333,20.74288115,20.522163,3.7879072077799485
2024-04-11 01:30:00,15.66348675,17.526269433333333,19.959793,4.296306340820312
2024-04-11 02:00:00,17.3870705,18.1536611,19.205872,1.81880108203125
2024-04-11 02:30:00,17.657264533333333,17.910034566666667,19.459585,1.8023206564860033
2024-04-11 03:00:00,18.44407453333333,17.857370616666667,19.533255,1.0891800900797577
2024-04-11 03:30:00,21.03751373333333,19.197265666666667,20.313566,-0.7239475254475884
2024-04-11 04:00:00,19.31078955,18.71894063333333,20.11292,0.8021312111083994
2024-04-11 04:30:00,19.12482843333333,19.651561216666668,20.419188,1.2943591124430363
2024-04-11 05:00:00,18.884730016666666,18.31731113333333,22.079542,3.194812143367514
2024-04-11 05:30:00,20.55251098333333,20.84685563333333,22.63211,2.079599612369794
2024-04-11 06:00:00,24.556369433333334,19.5680256,26.42832,1.8719504976969397
2024-04-11 06:30:00,26.393267716666667,19.138434383333333,26.869936,0.47666827271321566
2024-04-11 07:00:00,32.016424449999995,34.44760661666667,30.559198,-1.4572260704833937
2024-04-11 07:30:00,38.15820661666667,28.502743366666667,28.337107,-9.821099911954754
2024-04-11 08:00:00,28.71270065,20.38653878333333,23.09464,-5.618059918188475
2024-04-11 08:30:00,20.150511716666667,9.4394238,15.110322,-5.040189718070476
2024-04-11 09:00:00,-8.662226116666666,-8.571016666666667,-3.3063831,5.355842983732096
2024-04-11 09:30:00,-34.44943895,-26.12071315,-19.878986,14.570452591357423
2024-04-11 10:00:00,-49.96077448333333,-27.11659373333333,-36.342464,13.618310036311847
2024-04-11 10:30:00,-62.25793723333334,-42.227597816666666,-56.981262,5.276675026302087
2024-04-11 11:00:00,-86.57629865,-64.72131946666667,-79.771675,6.804623540136717
2024-04-11 11:30:00,-98.23017505,-75.57623223333333,-89.85603,8.374141724804687
2024-04-11 12:00:00,-102.88940561666668,-85.4720627,-98.58771,4.301698097135429
2024-04-11 12:30:00,-109.30562603333334,-89.7725601,-103.06088,6.244743464973965
2024-04-11 13:00:00,-109.83790838333334,-103.31323763333334,-112.502174,-2.6642659941080638
2024-04-11 13:30:00,-118.49807833333334,-92.91711838333332,-114.73449,3.7635888924153704
2024-04-11 14:00:00,-112.09246648333334,-97.08030513333334,-107.341194,4.751272330501308
2024-04-11 14:30:00,-101.51189215,-94.49584841666666,-98.031075,3.480817626074213
2024-04-11 15:00:00,-94.41010663333331,-85.37024716666667,-92.3141,2.096004460481751
2024-04-11 15:30:00,-108.52034783333332,-100.67809786666668,-99.60435,8.916000604329412
2024-04-11 16:00:00,-56.16756268333333,-48.52270333333333,-52.144844,4.022718628157548
2024-04-11 16:30:00,-21.9090051,-17.700497900000002,-20.348135,1.5608701054931657
2024-04-11 17:00:00,-2.504949083333333,-4.6881437833333335,-6.643096,-4.138146886820476
2024-04-11 17:30:00,4.658517866666666,-1.0140461166666666,3.1702268,-1.4882910543039953
2024-04-11 18:00:00,9.7291145,6.305505050000001,7.107658,-2.621456590606689
2024-04-11 18:30:00,17.732792283333335,20.478665933333332,17.735762,0.0029693591227193394
2024-04-11 19:00:00,21.63248773333333,25.51207728333333,21.770231,0.137743513614911
2024-04-11 19:30:00,25.468678816666667,35.46256063333333,26.076748,0.608069077620442
2024-04-11 20:00:00,19.08953275,37.40736933333333,25.846712,6.757179362426758
2024-04-11 20:30:00,18.793091166666667,38.22387988333333,27.321016,8.527925144978841
2024-04-11 21:00:00,21.93846053333333,31.730052933333337,25.579227,3.640766914176435
2024-04-11 21:30:00,14.961544983333331,31.511513866666665,25.06894,10.107394225651044
2024-04-11 22:00:00,15.135879466666667,29.21195775,22.56857,7.432689716682942
2024-04-11 22:30:00,16.7208523,25.327120466666667,23.554226,6.833373621630859
2024-04-11 23:00:00,16.705193316666666,20.594999316666662,21.09911,4.393916332991537
2024-04-11 23:30:00,18.2586672,20.2363205,21.653215,3.394548208325194
2024-04-12 00:00:00,18.653767866666666,18.37868225,21.782969,3.1292006544514983
2024-04-12 00:30:00,19.00492878333333,17.162968366666664,19.235153,0.23022441490885726
2024-04-12 01:00:00,19.0747628,16.734256183333333,18.968,-0.10676238801269378
2024-04-12 01:30:00,18.099343966666662,15.66348675,16.570711,-1.5286328308024046
2024-04-12 02:00:00,18.76621445,17.3870705,18.405376,-0.3608380156738278
2024-04-12 02:30:00,19.25195438333333,17.657264533333333,18.233286,-1.0186684794026668
2024-04-12 03:00:00,17.44992613333333,18.44407453333333,18.889147,1.4392206714762388
2024-04-12 03:30:00,18.9382106,21.03751373333333,19.577019,0.6388081377929673
2024-04-12 04:00:00,19.947978866666663,19.31078955,20.32284,0.3748608702718137
2024-04-12 04:30:00,19.32736235,19.12482843333333,20.120583,0.7932202305664049
2024-04-12 05:00:00,19.8065783,18.884730016666666,20.736782,0.9302037739746076
2024-04-12 05:30:00,21.164782183333333,20.55251098333333,22.008984,0.8442014287272137
2024-04-12 06:00:00,25.00861103333333,24.556369433333334,23.425333,-1.5832780102620418
2024-04-12 06:30:00,23.18997943333333,26.393267716666667,24.332108,1.1421281106119814
2024-04-12 07:00:00,26.79883115,32.016424449999995,27.982723,1.1838920860839828
2024-04-12 07:30:00,28.43971068333333,38.15820661666667,28.847473,0.4077624611979189
2024-04-12 08:00:00,25.597792116666668,28.71270065,23.490475,-2.107317415738933
2024-04-12 08:30:00,22.090730566666664,20.150511716666667,20.282257,-1.8084734865885395
2024-04-12 09:00:00,-4.201449416666666,-8.662226116666666,-2.2609668,1.9404826388651522
2024-04-12 09:30:00,-25.612056166666665,-34.44943895,-24.342981,1.2690748281656887
2024-04-12 10:00:00,-43.83738225,-49.96077448333333,-39.62622,4.211161546874997
2024-04-12 10:30:00,-57.65817785,-62.25793723333334,-54.974228,2.683949944726564
2024-04-12 11:00:00,-76.36174176666667,-86.57629865,-76.40156,-0.03981615569661301
2024-04-12 11:30:00,-85.57114135,-98.23017505,-89.67163,-4.100489509374995
2024-04-12 12:00:00,-92.4326857,-102.88940561666668,-95.36617,-2.9334870905273505
2024-04-12 12:30:00,-113.63791166666664,-109.30562603333334,-112.62483,1.0130795133463266
2024-04-12 13:00:00,-129.01460936666666,-109.83790838333334,-121.0783,7.936308890592443
2024-04-12 13:30:00,-122.33570328333332,-118.49807833333334,-119.3263,3.009401708626285
2024-04-12 14:00:00,-111.84247565,-112.09246648333334,-108.13566,3.706817385839841
2024-04-12 14:30:00,-93.9595439,-101.51189215,-95.907036,-1.9474919276367189
2024-04-12 15:00:00,-84.37266603333333,-94.41010663333331,-80.86586,3.506806047981769
2024-04-12 15:30:00,-100.0627616,-108.52034783333332,-91.984856,8.077905948144533
2024-04-12 16:00:00,-49.27044436666667,-56.16756268333333,-50.607494,-1.3370499875813735
2024-04-12 16:30:00,-16.618389333333333,-21.9090051,-17.89358,-1.2751901496988935
2024-04-12 17:00:00,-6.5260116833333335,-2.504949083333333,-2.287398,4.2386135834340415
2024-04-12 17:30:00,3.2397114666666664,4.658517866666666,4.2895775,1.049866017464193
2024-04-12 18:00:00,10.533683233333331,9.7291145,10.473674,-0.06000941283772576
2024-04-12 18:30:00,16.927423933333333,17.732792283333335,16.567142,-0.36028144676106777
2024-04-12 19:00:00,16.29717296666667,21.63248773333333,19.257332,2.960158881477863
2024-04-12 19:30:00,18.84569655,25.468678816666667,23.169872,4.324175733935547
2024-04-12 20:00:00,21.15428006666667,19.08953275,22.733803,1.5795227287434876
2024-04-12 20:30:00,23.05610898333333,18.793091166666667,23.490133,0.4340243021891297
2024-04-12 21:00:00,22.351009450000003,21.93846053333333,23.719612,1.3686026715820283
2024-04-12 21:30:00,21.703582150000003,14.961544983333331,21.056307,-0.6472753110107448
2024-04-12 22:00:00,20.224809516666667,15.135879466666667,20.156973,-0.06783663153483133
2024-04-12 22:30:00,18.420349316666663,16.7208523,20.249804,1.8294542264241578
2024-04-12 23:00:00,24.097262216666667,16.705193316666666,20.336637,-3.7606247197184253
2024-04-12 23:30:00,27.548161766666663,18.2586672,20.000965,-7.54719664825846
2024-04-13 00:00:00,26.8266866,18.653767866666666,19.630898,-7.195789078027342
2024-04-13 00:30:00,25.092523933333336,19.00492878333333,18.265957,-6.8265670546712265
2024-04-13 01:00:00,17.793656116666668,19.0747628,18.087412,0.29375576382649626
2024-04-13 01:30:00,19.59271445,18.099343966666662,17.92167,-1.67104353630371
2024-04-13 02:00:00,15.052576633333333,18.76621445,17.599916,2.54733982479655
2024-04-13 02:30:00,16.419465,19.25195438333333,17.636436,1.2169714624023449
2024-04-13 03:00:00,15.411584933333332,17.44992613333333,17.74679,2.3352049989176447
2024-04-13 03:30:00,16.127178283333333,18.9382106,18.12062,1.99344244420573
2024-04-13 04:00:00,16.564253383333334,19.947978866666663,18.419046,1.8547930186442052
2024-04-13 04:30:00,17.642197833333334,19.32736235,17.695265,0.05306698295084544
2024-04-13 05:00:00,19.01165776666667,19.8065783,17.536602,-1.4750557464029974
2024-04-13 05:30:00,18.061576133333336,21.164782183333333,18.512972,0.4513957447184218
2024-04-13 06:00:00,18.092517233333336,25.00861103333333,20.45834,2.3658224578287737
2024-04-13 06:30:00,20.186679,23.18997943333333,21.288126,1.1014469918212875
2024-04-13 07:00:00,23.204052716666663,26.79883115,23.939344,0.7352916894612669
2024-04-13 07:30:00,18.761956100000003,28.43971068333333,23.005182,4.243226166235349
2024-04-13 08:00:00,16.858421116666666,25.597792116666668,19.618649,2.760227412386069
2024-04-13 08:30:00,10.55359345,22.090730566666664,12.550588,1.9969942041137703
2024-04-13 09:00:00,0.5476498666666667,-4.201449416666666,-2.0953634,-2.643013245191447
2024-04-13 09:30:00,-16.779863916666667,-25.612056166666665,-23.543371,-6.763507283894857
2024-04-13 10:00:00,-46.21970558333334,-43.83738225,-44.940308,1.2793979661458366
2024-04-13 10:30:00,-62.522515,-57.65817785,-61.008034,1.5144812475585923
2024-04-13 11:00:00,-74.74094991666666,-76.36174176666667,-79.16081,-4.419862461263023
2024-04-13 11:30:00,-98.58184775,-85.57114135,-99.15633,-0.5744785439453182
2024-04-13 12:00:00,-110.12248216666669,-92.4326857,-107.629486,2.4929960826823105
2024-04-13 12:30:00,-134.05468763333332,-113.63791166666664,-120.94018,13.114509715852847
2024-04-13 13:00:00,-135.05642,-129.01460936666666,-130.2403,4.816124589843753
2024-04-13 13:30:00,-128.63266158333332,-122.33570328333332,-127.09516,1.5375001453450352
2024-04-13 14:00:00,-123.77081451666668,-111.84247565,-123.943016,-0.17220153557941842
2024-04-13 14:30:00,-115.3857632,-93.9595439,-112.53373,2.8520336467773433
2024-04-13 15:00:00,-104.72786936666668,-84.37266603333333,-105.20796,-0.4800926694661314
2024-04-13 15:30:00,-112.0800878,-100.0627616,-108.56651,3.5135747384765637
2024-04-13 16:00:00,-56.12279565,-49.27044436666667,-55.696632,0.42616326474609423
2024-04-13 16:30:00,-26.06103665,-16.618389333333333,-19.700598,6.360438886938475
2024-04-13 17:00:00,-13.472408766666666,-6.5260116833333335,-8.990326,4.482082838932291
2024-04-13 17:30:00,-3.695926650000001,3.2397114666666664,0.93645304,4.632379694414521
2024-04-13 18:00:00,5.7237705000000005,10.533683233333331,7.3340116,1.610241054718017
2024-04-13 18:30:00,11.597477166666666,16.927423933333333,14.510538,2.9130609345296232
2024-04-13 19:00:00,12.240827666666666,16.29717296666667,17.759216,5.518388641927084
2024-04-13 19:30:00,14.348183366666666,18.84569655,19.042444,4.694260862459311
2024-04-13 20:00:00,14.579469366666666,21.15428006666667,19.250727,4.671257333162435
2024-04-13 20:30:00,17.67777058333333,23.05610898333333,20.133917,2.4561462715250677
2024-04-13 21:00:00,15.497701033333334,22.351009450000003,20.176,4.67829956175944
2024-04-13 21:30:00,17.888742216666667,21.703582150000003,19.711916,1.8231737531819654
2024-04-13 22:00:00,18.27810553333333,20.224809516666667,19.65634,1.3782341120524109
2024-04-13 22:30:00,18.86855663333333,18.420349316666663,19.529083,0.6605266186197944
2024-04-13 23:00:00,17.089206033333333,24.097262216666667,18.590961,1.5017554229654948
2024-04-13 23:30:00,18.38765048333333,27.548161766666663,20.429523,2.0418729846842467
2024-04-14 00:00:00,20.76532225,26.8266866,19.46638,-1.2989430843505865
2024-04-14 00:30:00,17.185607283333333,25.092523933333336,18.51513,1.3295218060221359
2024-04-14 01:00:00,17.522135666666667,17.793656116666668,18.232092,0.7099562370198562
2024-04-14 01:30:00,18.31138115,19.59271445,18.33353,0.02214927602539163
2024-04-14 02:00:00,16.4867928,15.052576633333333,17.159502,0.6727092294189454
2024-04-14 02:30:00,17.750407816666666,16.419465,18.328762,0.5783542377766935
2024-04-14 03:00:00,16.273084983333334,15.411584933333332,16.903742,0.6306568532145178
2024-04-14 03:30:00,19.91517165,16.127178283333333,18.839212,-1.0759592323974623
2024-04-14 04:00:00,17.53694655,16.564253383333334,18.682524,1.1455771774169925
2024-04-14 04:30:00,18.01974428333333,17.642197833333334,18.709738,0.6899934943766297
2024-04-14 05:00:00,19.050631516666662,19.01165776666667,18.394781,-0.655850403995764
2024-04-14 05:30:00,19.538265,18.061576133333336,19.802135,0.26387046752929777
2024-04-14 06:00:00,20.862334283333333,18.092517233333336,20.439228,-0.4231062254720044
2024-04-14 06:30:00,17.605612733333334,20.186679,20.55612,2.950507185489908
2024-04-14 07:00:00,14.32454125,23.204052716666663,22.494709,8.170167764892579
2024-04-14 07:30:00,11.007941766666669,18.761956100000003,19.742327,8.734384969783527
2024-04-14 08:00:00,25.88657275,16.858421116666666,20.215376,-5.6711968497314444
2024-04-14 08:30:00,9.192049433333334,10.55359345,9.651819,0.4597697957926421
2024-04-14 09:00:00,-11.355826033333337,0.5476498666666667,-5.550852,5.8049742114339224
2024-04-14 09:30:00,-28.422623783333336,-16.779863916666667,-26.577774,1.8448497354817732
2024-04-14 10:00:00,-48.30549266666667,-46.21970558333334,-46.6792,1.626293447916673
2024-04-14 10:30:00,-72.67951108333334,-62.522515,-67.23795,5.441557897298182
2024-04-14 11:00:00,-89.56465936666666,-74.74094991666666,-87.100876,2.463783512174473
2024-04-14 11:30:00,-101.02753668333332,-98.58184775,-102.62421,-1.5966698596354263
2024-04-14 12:00:00,-123.57110513333332,-110.12248216666669,-117.169075,6.4020301211262876
2024-04-14 12:30:00,-138.34787663333336,-134.05468763333332,-134.53304,3.814841355013044
2024-04-14 13:00:00,-131.44250565000002,-135.05642,-137.16104,-5.71853560976561
2024-04-14 13:30:00,-136.12090451666666,-128.63266158333332,-137.42352,-1.3026184325520944
2024-04-14 14:00:00,-135.71383666666665,-123.77081451666668,-133.48485,2.228988644205714
2024-04-14 14:30:00,-115.53034481666668,-115.3857632,-115.56664,-0.03629794456378477
2024-04-14 15:00:00,-100.86968175,-104.72786936666668,-99.84289,1.0267938715820293
2024-04-14 15:30:00,-76.86482898333334,-112.0800878,-83.50628,-6.641450008365879
2024-04-14 16:00:00,-51.88041985,-56.12279565,-52.03318,-0.15276038681640358
2024-04-14 16:30:00,-30.088266066666662,-26.06103665,-25.015396,5.0728699485026
2024-04-14 17:00:00,-10.021069433333333,-13.472408766666666,-8.176138,1.8449315091389966
2024-04-14 17:30:00,2.5872855666666665,-3.695926650000001,2.1677194,-0.41956620250040677
2024-04-14 18:00:00,9.565923416666667,5.7237705000000005,8.538696,-1.0272271276041671
2024-04-14 18:30:00,13.399924433333334,11.597477166666666,15.411093,2.011168324845377
2024-04-14 19:00:00,13.972001033333331,12.240827666666666,15.970836,1.9988346523966491
2024-04-14 19:30:00,13.655943383333332,14.348183366666666,18.069984,4.414041052701824
2024-04-14 20:00:00,18.5742482,14.579469366666666,19.377829,0.8035803980224614
2024-04-14 20:30:00,16.210679316666667,17.67777058333333,20.760387,4.54970810398763
2024-04-14 21:00:00,15.170310083333334,15.497701033333334,19.099464,3.9291543331705725
2024-04-14 21:30:00,21.57072168333333,17.888742216666667,20.661118,-0.9096041296223909
2024-04-14 22:00:00,20.97855565,18.27810553333333,19.41002,-1.5685348217529302
2024-04-14 22:30:00,19.537956866666665,18.86855663333333,20.488905,0.9509480863362647
2024-04-14 23:00:00,23.640319966666667,17.089206033333333,20.815819,-2.824501180045573
2024-04-14 23:30:00,26.1121751,18.38765048333333,21.64139,-4.470785253198244
2024-04-15 00:00:00,24.03647768333333,20.76532225,21.528248,-2.5082298500813778
2024-04-15 00:30:00,24.06758775,17.185607283333333,20.845655,-3.2219323087158216
2024-04-15 01:00:00,20.46693613333333,17.522135666666667,19.862535,-0.6044006566487603
2024-04-15 01:30:00,18.11009188333333,18.31138115,19.161076,1.0509837087076868
2024-04-15 02:00:00,18.594587466666667,16.4867928,19.752182,1.1575945401692707
2024-04-15 02:30:00,18.93425721666667,17.750407816666666,19.785126,0.8508685157552058
2024-04-15 03:00:00,18.371843916666663,16.273084983333334,19.619623,1.2477792675374388
2024-04-15 03:30:00,18.97935275,19.91517165,19.539293,0.55994053918457
2024-04-15 04:00:00,19.430794566666663,17.53694655,19.694391,0.26359668394368896
2024-04-15 04:30:00,20.5418898,18.01974428333333,20.433083,-0.10880721943359362
2024-04-15 05:00:00,19.332296716666665,19.050631516666662,21.12834,1.7960430507893896
2024-04-15 05:30:00,20.122553316666668,19.538265,21.38895,1.2663970312337227
2024-04-15 06:00:00,27.02798506666667,20.862334283333333,23.53364,-3.4943451588297556
2024-04-15 06:30:00,31.71290725,17.605612733333334,25.644566,-6.06834166772461
2024-04-15 07:00:00,27.048796733333333,14.32454125,25.27952,-1.769276698543294
2024-04-15 07:30:00,34.05996961666667,11.007941766666669,23.583551,-10.476418209806319
2024-04-15 08:00:00,22.40421055,25.88657275,23.721064,1.3168530638916032
2024-04-15 08:30:00,-0.6011711333333335,9.192049433333334,7.378863,7.980033991151937
2024-04-15 09:00:00,-12.96450445,-11.355826033333337,-8.937403,4.027101724780273
2024-04-15 09:30:00,-38.120326766666665,-28.422623783333336,-33.25912,4.861205825504555
2024-04-15 10:00:00,-68.09625461666667,-48.30549266666667,-59.65901,8.437242775846357
2024-04-15 10:30:00,-84.76775785,-72.67951108333334,-78.60615,6.161610083886714
2024-04-15 11:00:00,-113.66981043333334,-89.56465936666666,-101.09169,12.578120369856777
2024-04-15 11:30:00,-118.1861339,-101.02753668333332,-116.29675,1.8893809703125015
2024-04-15 12:00:00,-129.7652177,-123.57110513333332,-126.73661,3.0286072874023375
2024-04-15 12:30:00,-143.43546826666667,-138.34787663333336,-142.25839,1.1770759326822997
2024-04-15 13:00:00,-149.91490285,-131.44250565000002,-145.08554,4.829362078515629
2024-04-15 13:30:00,-143.73572715,-136.12090451666666,-137.32642,6.409311134375002
2024-04-15 14:00:00,-130.36894058333334,-135.71383666666665,-129.49309,0.8758528147786535
2024-04-15 14:30:00,-101.76082943333334,-115.53034481666668,-103.091965,-1.3311352883463456
2024-04-15 15:00:00,-80.96148616666666,-100.86968175,-83.71113,-2.7496420681966214
2024-04-15 15:30:00,-60.01453051666667,-76.86482898333334,-60.534077,-0.5195461740071607
2024-04-15 16:00:00,-39.61203613333333,-51.88041985,-43.653584,-4.041547393277995
2024-04-15 16:30:00,-12.00539215,-30.088266066666662,-14.747325,-2.74193279354248
2024-04-15 17:00:00,-0.8853318999999998,-10.021069433333333,-6.5197883,-5.634456365228272
2024-04-15 17:30:00,6.182038900000001,2.5872855666666665,2.6823344,-3.4997044769348156
2024-04-15 18:00:00,14.885212166666667,9.565923416666667,11.421384,-3.4638283089396165
2024-04-15 18:30:00,21.00245553333333,13.399924433333334,18.531767,-2.4706886418538367
2024-04-15 19:00:00,20.81867708333333,13.972001033333331,19.825243,-0.9934340871175102
2024-04-15 19:30:00,20.1005155,13.655943383333332,19.064604,-1.035911694458008
2024-04-15 20:00:00,24.89452603333333,18.5742482,21.029358,-3.8651681231770816
2024-04-15 20:30:00,25.4364455,16.210679316666667,21.98219,-3.4542563215332045
2024-04-15 21:00:00,22.66585278333333,15.170310083333334,21.291222,-1.374631164680988
2024-04-15 21:30:00,18.4787083,21.57072168333333,20.791965,2.3132571846191397
2024-04-15 22:00:00,16.124166733333336,20.97855565,19.577902,3.453735106876625
2024-04-15 22:30:00,17.376501683333334,19.537956866666665,19.884462,2.5079606732340487
2024-04-15 23:00:00,17.296143716666666,23.640319966666667,20.975693,3.679549032356771
2024-04-15 23:30:00,20.14277398333333,26.1121751,20.881994,0.7392202641031922
2024-04-16 00:00:00,21.978912866666665,24.03647768333333,22.853012,0.8740992182942726
2024-04-16 00:30:00,19.036093166666664,24.06758775,22.54606,3.5099673954671253
2024-04-16 01:00:00,19.219292666666664,20.46693613333333,21.183613,1.9643201568196638
2024-04-16 01:30:00,18.523261700000003,18.11009188333333,20.006584,1.4833224674804661
2024-04-16 02:00:00,21.9009784,18.594587466666667,20.184381,-1.716596915014648
2024-04-16 02:30:00,20.355790733333333,18.93425721666667,20.57572,0.21992910004069088
2024-04-16 03:00:00,21.104795066666664,18.371843916666663,20.17115,-0.9336448591471331
2024-04-16 03:30:00,23.200180650000004,18.97935275,20.507793,-2.6923872234863317
2024-04-16 04:00:00,23.835467833333336,19.430794566666663,21.108479,-2.726989287190758
2024-04-16 04:30:00,21.181532766666667,20.5418898,20.82193,-0.35960283502604184
2024-04-16 05:00:00,20.97914545,19.332296716666665,20.496357,-0.4827884858886726
2024-04-16 05:30:00,19.41266493333333,20.122553316666668,20.843927,1.4312624500895232
2024-04-16 06:00:00,29.142113233333333,27.02798506666667,25.168869,-3.9732442147786458
2024-04-16 06:30:00,32.179252633333334,31.71290725,27.46298,-4.716272362947592
2024-04-16 07:00:00,25.65201565,27.048796733333333,27.838469,2.186452901635743
2024-04-16 07:30:00,31.76611215,34.05996961666667,30.009537,-1.756575406835939
2024-04-16 08:00:00,25.827288816666663,22.40421055,25.928629,0.10134010484212652
2024-04-16 08:30:00,9.3835106,-0.6011711333333335,11.216277,1.8327665224975593
2024-04-16 09:00:00,-2.194097716666666,-12.96450445,-2.9584436,-0.7643459249959315
2024-04-16 09:30:00,-21.321438333333333,-38.120326766666665,-24.043587,-2.722148397623698
2024-04-16 10:00:00,-43.79967226666667,-68.09625461666667,-45.661293,-1.8616207631184878
2024-04-16 10:30:00,-59.440525650000005,-84.76775785,-65.68982,-6.249293685937495
2024-04-16 11:00:00,-68.22166608333333,-113.66981043333334,-75.75762,-7.535955681803387
2024-04-16 11:30:00,-92.5230533,-118.1861339,-96.754974,-4.231921065234374
2024-04-16 12:00:00,-106.72604376666668,-129.7652177,-107.52632,-0.800277644466135
2024-04-16 12:30:00,-120.77235466666669,-143.43546826666667,-115.79089,4.981461111979186
2024-04-16 13:00:00,-115.23956016666666,-149.91490285,-116.37408,-1.1345166765950552
2024-04-16 13:30:00,-118.97931618333332,-143.73572715,-116.8095,2.1698145353841056
2024-04-16 14:00:00,-111.30304891666668,-130.36894058333334,-109.69873,1.6043184479166825
2024-04-16 14:30:00,-101.28446773333332,-101.76082943333334,-95.68463,5.599836385677065
2024-04-16 15:00:00,-74.91264675000001,-80.96148616666666,-72.633644,2.2790026459961013
2024-04-16 15:30:00,-62.82599604999999,-60.01453051666667,-63.196053,-0.3700565012695378
2024-04-16 16:00:00,-39.19579933333333,-39.61203613333333,-40.290546,-1.0947470839029947
2024-04-16 16:30:00,-17.010154416666666,-12.00539215,-17.137585,-0.12743026961263126
2024-04-16 17:00:00,-6.459346183333333,-0.8853318999999998,-3.9425156,2.516830571684774
2024-04-16 17:30:00,2.832600616666667,6.182038900000001,5.382363,2.5497622258931476
2024-04-16 18:00:00,8.4156072,14.885212166666667,12.116116,3.700508370068359
2024-04-16 18:30:00,11.053589416666668,21.00245553333333,18.832508,7.778918670491535
2024-04-16 19:00:00,16.985455016666666,20.81867708333333,19.391768,2.4063124851643884
2024-04-16 19:30:00,18.282194983333333,20.1005155,21.668495,3.3863001948893228
2024-04-16 20:00:00,18.3075368,24.89452603333333,23.472475,5.164938251879882
2024-04-16 20:30:00,23.91203443333333,25.4364455,23.59016,-0.3218740634602817
2024-04-16 21:00:00,21.92746435,22.66585278333333,22.087221,0.15975679562988176
2024-04-16 21:30:00,20.31092501666667,18.4787083,21.55379,1.2428641221272763
2024-04-16 22:00:00,19.2511221,16.124166733333336,21.389174,2.13805140769043
2024-04-16 22:30:00,18.15123785,17.376501683333334,20.632984,2.481746311376952
2024-04-16 23:00:00,19.86778155,17.296143716666666,21.312038,1.4442568716308593
2024-04-16 23:30:00,21.78637455,20.14277398333333,23.203976,1.417601127490233
2024-04-17 00:00:00,18.72513723333333,21.978912866666665,22.829872,4.104734898014325
2024-04-17 00:30:00,17.097430499999998,19.036093166666664,20.854794,3.7573630485839864
2024-04-17 01:00:00,17.682257116666666,19.219292666666664,19.809914,2.1276565185872407
2024-04-17 01:30:00,20.44915675,18.523261700000003,19.193584,-1.2555723078613283
2024-04-17 02:00:00,21.87060488333333,21.9009784,19.897123,-1.9734815465413362
2024-04-17 02:30:00,20.2952245,20.355790733333333,19.683414,-0.6118100407714842
2024-04-17 03:00:00,18.825603866666665,21.104795066666664,19.608675,0.7830711363850931
2024-04-17 03:30:00,19.302538916666663,23.200180650000004,20.47577,1.17323203365072
2024-04-17 04:00:00,20.66611778333333,23.835467833333336,21.267355,0.6012371818766304
2024-04-17 04:30:00,19.83157723333333,21.181532766666667,20.883404,1.0518265447428412
2024-04-17 05:00:00,19.465742666666667,20.97914545,21.134413,1.6686700988362624
2024-04-17 05:30:00,17.8270344,19.41266493333333,21.916397,4.089362694726564
2024-04-17 06:00:00,23.41070445,29.142113233333333,25.817993,2.4072887140624992
2024-04-17 06:30:00,25.35832055,32.179252633333334,27.625237,2.2669159612304703
2024-04-17 07:00:00,30.99492163333333,25.65201565,29.599157,-1.395764299959307
2024-04-17 07:30:00,25.077046766666665,31.76611215,27.561924,2.484877214046225
2024-04-17 08:00:00,24.98897835,25.827288816666663,22.69608,-2.2928990958496094
2024-04-17 08:30:00,15.85184005,9.3835106,11.7921505,-4.059689552563476
2024-04-17 09:00:00,1.9992706,-2.194097716666666,-0.17408775,-2.1733583479314804
2024-04-17 09:30:00,-11.734949450000002,-21.321438333333333,-16.507504,-4.772554059521482
2024-04-17 10:00:00,-28.29373261666667,-43.79967226666667,-31.685026,-3.391293552156572
2024-04-17 10:30:00,-34.80865946666667,-59.440525650000005,-37.711315,-2.9026556883626284
2024-04-17 11:00:00,-37.00590665,-68.22166608333333,-39.44819,-2.4422821317382812
2024-04-17 11:30:00,-47.481383316666665,-92.5230533,-51.456882,-3.975499160139975
2024-04-17 12:00:00,-46.38832165,-106.72604376666668,-54.624344,-8.23602222207031
2024-04-17 12:30:00,-61.502167083333326,-120.77235466666669,-63.900772,-2.3986050113932365
2024-04-17 13:00:00,-61.97834605,-115.23956016666666,-65.78174,-3.803392231250001
2024-04-17 13:30:00,-78.94391388333334,-118.97931618333332,-80.25476,-1.3108468588541626
2024-04-17 14:00:00,-73.29288998333332,-111.30304891666668,-74.43979,-1.1468988350260503
2024-04-17 14:30:00,-60.83073271666666,-101.28446773333332,-64.5219,-3.691163645638028
2024-04-17 15:00:00,-58.40764441666667,-74.91264675000001,-57.19934,1.2083035963541704
2024-04-17 15:30:00,-35.57453348333333,-62.82599604999999,-37.117302,-1.5427684575846357
2024-04-17 16:00:00,-19.3408461,-39.19579933333333,-24.787558,-5.446711501928711
2024-04-17 16:30:00,-5.733897216666667,-17.010154416666666,-11.2877035,-5.5538062974324545
2024-04-17 17:00:00,-3.217820583333333,-6.459346183333333,-5.567919,-2.3500981941324874
2024-04-17 17:30:00,0.2986199833333338,2.832600616666667,2.3852723,2.086652281147257
2024-04-17 18:00:00,6.567966783333333,8.4156072,10.927786,4.359819090079753
2024-04-17 18:30:00,13.416412916666667,11.053589416666668,17.730133,4.313720139973958
2024-04-17 19:00:00,16.284935716666666,16.985455016666666,20.416636,4.131699796638998
2024-04-17 19:30:00,24.01926565,18.282194983333333,21.835634,-2.1836314184326184
2024-04-17 20:00:00,25.270324416666668,18.3075368,23.345417,-1.9249073939615897
2024-04-17 20:30:00,27.85253271666667,23.91203443333333,25.876476,-1.9760564288248723
2024-04-17 21:00:00,22.789529066666663,21.92746435,23.29032,0.5007903760823602
2024-04-17 21:30:00,26.99611366666667,20.31092501666667,21.73253,-5.263583072794599
2024-04-17 22:00:00,25.448363233333332,19.2511221,20.640947,-4.8074158914143865
2024-04-17 22:30:00,23.451866666666664,18.15123785,21.759232,-1.6926350992838515
2024-04-17 23:00:00,21.124808266666665,19.86778155,21.219736,0.09492783257649862
2024-04-17 23:30:00,23.51645501666667,21.78637455,21.598436,-1.9180186610758483
2024-04-18 00:00:00,19.97608883333333,18.72513723333333,21.687891,1.7118021731363982
2024-04-18 00:30:00,19.86372323333333,17.097430499999998,20.354015,0.4902921170084653
2024-04-18 01:00:00,21.169412766666667,17.682257116666666,20.844841,-0.32457176324869863
2024-04-18 01:30:00,23.53325325,20.44915675,20.761044,-2.772209701416017
2024-04-18 02:00:00,21.774120666666665,21.87060488333333,20.93872,-0.8353999635416649
2024-04-18 02:30:00,21.017229416666662,20.2952245,20.709755,-0.3074744728190062
2024-04-18 03:00:00,22.41032551666667,18.825603866666665,20.560972,-1.8493533029215534
2024-04-18 03:30:00,22.6524385,19.302538916666663,20.924911,-1.7275270009765613
2024-04-18 04:00:00,20.361777816666667,20.66611778333333,22.101528,1.7397503510579426
2024-04-18 04:30:00,20.601346766666666,19.83157723333333,21.932852,1.3315050247151703
2024-04-18 05:00:00,22.08679983333333,19.465742666666667,21.433102,-0.653698179280596
2024-04-18 05:30:00,24.66643655,17.8270344,22.060064,-2.606372234204102
2024-04-18 06:00:00,28.91099171666667,23.41070445,25.669107,-3.2418842795328793
2024-04-18 06:30:00,30.74729628333333,25.35832055,28.251326,-2.495970676033526
2024-04-18 07:00:00,25.50195108333333,30.99492163333333,27.71259,2.2106381805826842
2024-04-18 07:30:00,26.1797734,25.077046766666665,28.079922,1.900148322412111
2024-04-18 08:00:00,19.32352155,24.98897835,23.083488,3.75996691435547
2024-04-18 08:30:00,13.640270483333332,15.85184005,14.546774,0.9065034271891292
2024-04-18 09:00:00,0.2930234000000001,1.9992706,3.74021,3.4471866563049316
2024-04-18 09:30:00,-13.51584065,-11.734949450000002,-12.929426,0.5864144567626948
2024-04-18 10:00:00,-25.710718383333333,-28.29373261666667,-28.818247,-3.107528458097331
2024-04-18 10:30:00,-30.83314145,-34.80865946666667,-30.973543,-0.14040171711425842
2024-04-18 11:00:00,-44.44071821666666,-37.00590665,-42.17102,2.26969770885416
2024-04-18 11:30:00,-56.6590574,-47.481383316666665,-54.61276,2.0462987635253924
2024-04-18 12:00:00,-60.16938326666667,-46.38832165,-61.061077,-0.8916938512532511
2024-04-18 12:30:00,-69.64988378333334,-61.502167083333326,-66.93129,2.7185941104817744
2024-04-18 13:00:00,-64.42508283333333,-61.97834605,-66.20938,-1.7842982701822905
2024-04-18 13:30:00,-63.39290450000001,-78.94391388333334,-65.79028,-2.3973787031249927
2024-04-18 14:00:00,-50.8869334,-73.29288998333332,-58.235985,-7.349051402246097
2024-04-18 14:30:00,-40.83248278333333,-60.83073271666666,-49.920643,-9.08816006944987
2024-04-18 15:00:00,-32.462710666666666,-58.40764441666667,-41.625393,-9.162682247151693
2024-04-18 15:30:00,-17.854755616666665,-35.57453348333333,-24.34351,-6.4887540574056
2024-04-18 16:00:00,-6.3345999,-19.3408461,-18.157145,-11.822544646508788
2024-04-18 16:30:00,-0.3531594833333333,-5.733897216666667,-6.35245,-5.999290410618083
2024-04-18 17:00:00,1.71826935,-3.217820583333333,-0.8250659,-2.5433352608161925
2024-04-18 17:30:00,9.407869933333334,0.2986199833333338,4.579139,-4.828730700697836
2024-04-18 18:00:00,12.318787116666668,6.567966783333333,11.279142,-1.0396447369059256
2024-04-18 18:30:00,15.124374366666666,13.416412916666667,14.152984,-0.9713907012003578
2024-04-18 19:00:00,18.403997116666662,16.284935716666666,18.780872,0.37687522830404063
2024-04-18 19:30:00,23.65190013333333,24.01926565,21.386372,-2.2655285207845033
2024-04-18 20:00:00,25.983831666666664,25.270324416666668,23.626715,-2.357116960245765
2024-04-18 20:30:00,25.936820616666665,27.85253271666667,24.895786,-1.0410343312662746
2024-04-18 21:00:00,22.7662721,22.789529066666663,23.159687,0.3934149422363298
2024-04-18 21:30:00,23.388522766666668,26.99611366666667,22.075016,-1.3135067449381523
2024-04-18 22:00:00,26.885441683333337,25.448363233333332,22.007816,-4.877625368636071
2024-04-18 22:30:00,23.570022766666668,23.451866666666664,19.964916,-3.605106537418621
2024-04-18 23:00:00,22.074996100000003,21.124808266666665,19.76077,-2.3142253022705113
2024-04-18 23:30:00,22.035120116666665,23.51645501666667,21.56586,-0.4692593683756492
2024-04-19 00:00:00,20.31711783333333,19.97608883333333,20.518053,0.20093522147623943
2024-04-19 00:30:00,20.60696155,19.86372323333333,20.025232,-0.5817292349365246
2024-04-19 01:00:00,21.021524433333333,21.169412766666667,19.954596,-1.0669288675374347
2024-04-19 01:30:00,23.071190516666665,23.53325325,21.10563,-1.9655596420328756
2024-04-19 02:00:00,22.65315785,21.774120666666665,21.134039,-1.519118924829101
2024-04-19 02:30:00,22.9676741,21.017229416666662,20.90323,-2.064443432885742
2024-04-19 03:00:00,27.06618993333333,22.41032551666667,20.513601,-6.552588630232744
2024-04-19 03:30:00,23.22560265,22.6524385,21.900963,-1.3246398204101553
2024-04-19 04:00:00,21.60784603333333,20.361777816666667,21.80854,0.20069431090495016
2024-04-19 04:30:00,22.240367816666662,20.601346766666666,20.928984,-1.31138412831217
2024-04-19 05:00:00,21.314109516666665,22.08679983333333,21.169744,-0.14436502508951676
2024-04-19 05:30:00,21.031421616666663,24.66643655,21.874487,0.8430653065511109
2024-04-19 06:00:00,25.715163366666665,28.91099171666667,27.081211,1.3660477234212252
2024-04-19 06:30:00,30.6157094,30.74729628333333,29.58055,-1.0351601598876954
2024-04-19 07:00:00,31.682508783333333,25.50195108333333,28.74883,-2.933677988045247
2024-04-19 07:30:00,29.2531922,26.1797734,26.879597,-2.3735954897949227
2024-04-19 08:00:00,19.6990978,19.32352155,23.344715,3.6456173184082026
2024-04-19 08:30:00,7.259447300000001,13.640270483333332,11.566923,4.307475841479492
2024-04-19 09:00:00,-2.97351285,0.2930234000000001,0.08116579,3.0546786405578614
2024-04-19 09:30:00,-23.15372998333333,-13.51584065,-18.708782,4.44494778728841
2024-04-19 10:00:00,-41.28056273333333,-25.710718383333333,-39.33245,1.9481118666341146
2024-04-19 10:30:00,-55.17659065,-30.83314145,-50.16667,5.009918897070314
2024-04-19 11:00:00,-72.4540895,-44.44071821666666,-69.57088,2.8832124248046824
2024-04-19 11:30:00,-67.65754173333333,-56.6590574,-72.29988,-4.6423392481119805
2024-04-19 12:00:00,-74.3431495,-60.16938326666667,-74.978935,-0.6357857416992232
2024-04-19 12:30:00,-73.22126329999999,-69.64988378333334,-76.706154,-3.4848905696289165
2024-04-19 13:00:00,-72.9720811,-64.42508283333333,-78.97711,-6.005030716406253
2024-04-19 13:30:00,-68.95371385,-63.39290450000001,-74.54663,-5.592917009375
2024-04-19 14:00:00,-71.73075553333332,-50.8869334,-73.36735,-1.6365921839518336
2024-04-19 14:30:00,-68.15909448333333,-40.83248278333333,-72.10413,-3.9450391226236974
2024-04-19 15:00:00,-57.75827715,-32.462710666666666,-58.388756,-0.6304786483398459
2024-04-19 15:30:00,-42.72306871666667,-17.854755616666665,-40.306076,2.4169926668619794
2024-04-19 16:00:00,-21.937867233333336,-6.3345999,-24.477224,-2.5393571166422504
2024-04-19 16:30:00,-5.349526766666667,-0.3531594833333333,-5.896012,-0.5464850627095537
2024-04-19 17:00:00,-2.7901133,1.71826935,-1.4059027,1.3842105566604612
2024-04-19 17:30:00,3.87403995,9.407869933333334,5.5270367,1.6529967168701174
2024-04-19 18:00:00,7.85266505,12.318787116666668,12.23346,4.380795376330567
2024-04-19 18:30:00,11.0021822,15.124374366666666,16.344093,5.341911122753906
2024-04-19 19:00:00,16.079220066666668,18.403997116666662,19.935122,3.855901469588215
2024-04-19 19:30:00,19.595759633333333,23.65190013333333,21.055256,1.4594962565592446
2024-04-19 20:00:00,20.748304450000003,25.983831666666664,24.08879,3.340486443554685
2024-04-19 20:30:00,23.398290016666667,25.936820616666665,25.386435,1.9881445383870435
2024-04-19 21:00:00,25.407266733333334,22.7662721,23.612051,-1.7952157232014976
2024-04-19 21:30:00,18.967325,23.388522766666668,21.813831,2.8465063293457042
2024-04-19 22:00:00,15.977800683333331,26.885441683333337,21.37572,5.397918387101239
2024-04-19 22:30:00,21.84915943333333,23.570022766666668,22.144505,0.2953451137858103
2024-04-19 23:00:00,17.54964065,22.074996100000003,22.132566,4.582925802026367
2024-04-19 23:30:00,21.97957995,22.035120116666665,22.271564,0.2919845336425766
2024-04-20 00:00:00,23.50927543333333,20.31711783333333,20.664616,-2.8446598022298133
2024-04-20 00:30:00,23.6016295,20.60696155,21.191292,-2.41033769091797
2024-04-20 01:00:00,20.566052133333333,21.021524433333333,20.737165,0.17111331771647187
2024-04-20 01:30:00,20.696869866666667,23.071190516666665,21.098494,0.40162370938313785
2024-04-20 02:00:00,18.696317250000003,22.65315785,21.0681,2.371782725585934
2024-04-20 02:30:00,19.262299966666667,22.9676741,20.537682,1.2753816129231765
2024-04-20 03:00:00,19.159428433333336,27.06618993333333,21.091469,1.9320403777018207
2024-04-20 03:30:00,18.98949883333333,23.22560265,21.332005,2.342505713785812
2024-04-20 04:00:00,21.45160215,21.60784603333333,20.496351,-0.9552509079345697
2024-04-20 04:30:00,22.162431666666667,22.240367816666662,20.443346,-1.7190856431070962
2024-04-20 05:00:00,23.646166716666663,21.314109516666665,21.092918,-2.553248320670569
2024-04-20 05:30:00,25.635791583333333,21.031421616666663,21.988708,-3.647083087239583
2024-04-20 06:00:00,26.899761066666667,25.715163366666665,24.191769,-2.7079924204264323
2024-04-20 06:30:00,29.211542166666664,30.6157094,25.82366,-3.387882269816078
2024-04-20 07:00:00,22.531264066666665,31.682508783333333,25.557184,3.0259201526936863
2024-04-20 07:30:00,19.065221816666668,29.2531922,22.492682,3.4274596866292306
2024-04-20 08:00:00,16.555186066666668,19.6990978,18.870174,2.3149883412923167
2024-04-20 08:30:00,13.28334895,7.259447300000001,9.050743,-4.232605846972657
2024-04-20 09:00:00,-2.7564234000000005,-2.97351285,-3.6882553,-0.9318319100585932
2024-04-20 09:30:00,-36.68312211666667,-23.15372998333333,-25.790276,10.892846542936198
2024-04-20 10:00:00,-58.75736218333333,-41.28056273333333,-49.952812,8.804549988509109
2024-04-20 10:30:00,-68.81721338333334,-55.17659065,-64.50568,4.311537113802089
2024-04-20 11:00:00,-83.24653386666667,-72.4540895,-81.895645,1.3508887250651043
2024-04-20 11:30:00,-139.89645976666665,-67.65754173333333,-121.9952,17.90125865582681
2024-04-20 12:00:00,-114.92215685,-74.3431495,-106.740974,8.181182423730462
2024-04-20 12:30:00,-103.17075391666668,-73.22126329999999,-99.68497,3.4857868756510584
2024-04-20 13:00:00,-96.86714376666669,-72.9720811,-96.96217,-0.09502969524737637
2024-04-20 13:30:00,-89.00230490000001,-68.95371385,-89.2368,-0.23449624746092468
2024-04-20 14:00:00,-81.63768664999999,-71.73075553333332,-84.3416,-2.7039118607421955
2024-04-20 14:30:00,-79.79175548333333,-68.15909448333333,-79.67425,0.11750774163411393
2024-04-20 15:00:00,-80.72187776666667,-57.75827715,-79.258224,1.4636532793619779
2024-04-20 15:30:00,-55.52557273333334,-42.72306871666667,-54.579884,0.945689157893888
2024-04-20 16:00:00,-35.24541393333333,-21.937867233333336,-32.63803,2.6073829274739566
2024-04-20 16:30:00,-19.997236716666663,-5.349526766666667,-15.974972,4.0222649454264285
2024-04-20 17:00:00,-5.035331683333333,-2.7901133,-4.6511865,0.38414521711629224
2024-04-20 17:30:00,3.1763789166666663,3.87403995,4.4975233,1.3211443911336267
2024-04-20 18:00:00,13.437073933333332,7.85266505,11.230756,-2.206318127364094
2024-04-20 18:30:00,16.78625278333333,11.0021822,15.196818,-1.5894344315877262
2024-04-20 19:00:00,20.80823213333333,16.079220066666668,17.995941,-2.8122909712239554
2024-04-20 19:30:00,23.47377901666667,19.595759633333333,20.134777,-3.3390019475748716
2024-04-20 20:00:00,30.230079433333334,20.748304450000003,23.07773,-7.152349254500326
2024-04-20 20:30:00,29.55537945,23.398290016666667,24.912653,-4.642726480639649
2024-04-20 21:00:00,30.7653911,25.407266733333334,24.019789,-6.745602357934569
2024-04-20 21:30:00,28.973829483333333,18.967325,24.062994,-4.910835480037434
2024-04-20 22:00:00,30.79773726666667,15.977800683333331,23.27197,-7.525766517765302
2024-04-20 22:30:00,27.086403316666665,21.84915943333333,22.508642,-4.577761120011392
2024-04-20 23:00:00,22.977860616666664,17.54964065,20.88545,-2.0924102535074844
2024-04-20 23:30:00,19.173551766666662,21.97957995,22.076023,2.9024713351399782
2024-04-21 00:00:00,23.538270583333333,23.50927543333333,21.967525,-1.5707451011555982
2024-04-21 00:30:00,22.204362466666662,23.6016295,21.493422,-0.7109409121012327
2024-04-21 01:00:00,20.9048263,20.566052133333333,21.951893,1.0470665527832033
2024-04-21 01:30:00,21.33864103333333,20.696869866666667,22.225554,0.8869124792399106
2024-04-21 02:00:00,24.98910113333333,18.696317250000003,21.068764,-3.9203374004231755
2024-04-21 02:30:00,26.29947053333333,19.262299966666667,21.86014,-4.439330686531573
2024-04-21 03:00:00,26.53087325,19.159428433333336,22.834791,-3.6960820665283194
2024-04-21 03:30:00,27.252205583333332,18.98949883333333,22.273418,-4.97878715681966
2024-04-21 04:00:00,29.775817133333334,21.45160215,21.924711,-7.8511059059163415
2024-04-21 04:30:00,25.9863256,22.162431666666667,21.659445,-4.32688079104004
2024-04-21 05:00:00,26.651348816666665,23.646166716666663,22.208445,-4.442904221329751
2024-04-21 05:30:00,25.61550265,25.635791583333333,24.427666,-1.187836939550781
2024-04-21 06:00:00,29.715206133333336,26.899761066666667,25.816921,-3.8982848992024763
2024-04-21 06:30:00,33.55411895,29.211542166666664,28.279222,-5.274896461596683
2024-04-21 07:00:00,28.881460083333334,22.531264066666665,25.392382,-3.4890784152425134
2024-04-21 07:30:00,26.774200583333336,19.065221816666668,22.87579,-3.8984109409993515
2024-04-21 08:00:00,20.400909533333333,16.555186066666668,20.408503,0.007593045402018106
2024-04-21 08:30:00,17.825483283333334,13.28334895,12.578001,-5.247482260994467
2024-04-21 09:00:00,8.232822916666665,-2.7564234000000005,3.7693713,-4.463451645533242
2024-04-21 09:30:00,-18.18412508333333,-36.68312211666667,-23.968643,-5.784518105143231
2024-04-21 10:00:00,-35.27142501666666,-58.75736218333333,-47.593407,-12.321981660579432
2024-04-21 10:30:00,-54.89523334999999,-68.81721338333334,-59.267254,-4.372020525732431
2024-04-21 11:00:00,-75.90916,-83.24653386666667,-79.52986,-3.6207014501953125
2024-04-21 11:30:00,-90.78002516666668,-139.89645976666665,-95.0541,-4.274074869954418
2024-04-21 12:00:00,-101.91647618333332,-114.92215685,-103.33929,-1.4228106208659028
2024-04-21 12:30:00,-107.94405166666668,-103.17075391666668,-104.20795,3.736104889322931
2024-04-21 13:00:00,-122.46675763333332,-96.86714376666669,-115.49373,6.973028995638003
2024-04-21 13:30:00,-116.63345735,-89.00230490000001,-109.328,7.3054544203125005
2024-04-21 14:00:00,-114.25584393333334,-81.63768664999999,-106.77792,7.477920349348963
2024-04-21 14:30:00,-109.84803668333332,-79.79175548333333,-99.69159,10.15644732786457
2024-04-21 15:00:00,-96.65023891666668,-80.72187776666667,-91.67284,4.977402612955743
2024-04-21 15:30:00,-68.901915,-55.52557273333334,-62.91227,5.989645407714846
2024-04-21 16:00:00,-43.39185510000001,-35.24541393333333,-38.264076,5.127778867089852
2024-04-21 16:30:00,-20.68184903333333,-19.997236716666663,-17.860327,2.8215222663655553
2024-04-21 17:00:00,-8.109062883333333,-5.035331683333333,-7.602613,0.5064499110738119
2024-04-21 17:30:00,8.312965516666667,3.1763789166666663,5.395762,-2.9172035499613447
2024-04-21 18:00:00,18.0646522,13.437073933333332,16.303576,-1.7610766842529308
2024-04-21 18:30:00,18.631097216666667,16.78625278333333,16.696194,-1.934903521598308
2024-04-21 19:00:00,14.702773283333334,20.80823213333333,17.792034,3.0892608658365877
2024-04-21 19:30:00,22.442067716666667,23.47377901666667,20.412798,-2.029269788810222
2024-04-21 20:00:00,24.291082766666666,30.230079433333334,25.012127,0.7210441559407563
2024-04-21 20:30:00,28.947610166666667,29.55537945,24.642838,-4.304772642252605
2024-04-21 21:00:00,26.313551200000003,30.7653911,25.017754,-1.295797598925784
2024-04-21 21:30:00,24.269682166666662,28.973829483333333,23.861689,-0.40799355277506066
2024-04-21 22:00:00,23.62661625,30.79773726666667,24.217804,0.5911877050781236
2024-04-21 22:30:00,17.96596995,27.086403316666665,23.11917,5.153199285229491
2024-04-21 23:00:00,22.994670683333336,22.977860616666664,21.834139,-1.160531813094078
2024-04-21 23:30:00,20.105435816666667,19.173551766666662,21.493305,1.3878693896321614
2024-04-22 00:00:00,17.98508443333333,23.538270583333333,23.10059,5.115505318863935
2024-04-22 00:30:00,18.398158416666664,22.204362466666662,22.531372,4.133213653645836
2024-04-22 01:00:00,24.461328966666667,20.9048263,22.071407,-2.3899216485514323
2024-04-22 01:30:00,24.36511335,21.33864103333333,21.883228,-2.4818850479980483
2024-04-22 02:00:00,25.809003416666663,24.98910113333333,22.775259,-3.0337443987223267
2024-04-22 02:30:00,21.969387283333333,26.29947053333333,22.42716,0.4577729797281904
2024-04-22 03:00:00,23.6461421,26.53087325,22.649069,-0.9970732676025378
2024-04-22 03:30:00,26.547420833333334,27.252205583333332,23.4023,-3.1451209523518884
2024-04-22 04:00:00,24.561732383333336,29.775817133333334,24.710669,0.14893618050943758
2024-04-22 04:30:00,23.67428451666667,25.9863256,24.121735,0.44745010247395456
2024-04-22 05:00:00,22.64208065,26.651348816666665,22.95645,0.3143688586669917
2024-04-22 05:30:00,24.5657949,25.61550265,24.581078,0.015282675683593538
2024-04-22 06:00:00,29.109008233333338,29.715206133333336,29.932308,0.8232999636881466
2024-04-22 06:30:00,34.5066905,33.55411895,32.74687,-1.7598223664550758
2024-04-22 07:00:00,30.74150883333333,28.881460083333334,29.26152,-1.4799884475911433
2024-04-22 07:30:00,34.05752055,26.774200583333336,31.980345,-2.0771757776611324
2024-04-22 08:00:00,24.18059888333333,20.400909533333333,24.405495,0.22489580660807462
2024-04-22 08:30:00,16.37176165,17.825483283333334,18.209822,1.8380600510498049
2024-04-22 09:00:00,-11.74945125,8.232822916666665,-1.832536,9.916915267868042
2024-04-22 09:30:00,-29.46585845,-18.18412508333333,-23.58777,5.878087987963866
2024-04-22 10:00:00,-49.58637113333333,-35.27142501666666,-42.603725,6.9826456999837205
2024-04-22 10:30:00,-73.5867234,-54.89523334999999,-64.36038,9.226341319921872
2024-04-22 11:00:00,-98.14088215,-75.90916,-86.33126,11.809621468847652
2024-04-22 11:30:00,-111.41071565,-90.78002516666668,-103.70878,7.701937268652344
2024-04-22 12:00:00,-127.85395006666666,-101.91647618333332,-117.267746,10.586204094986968
2024-04-22 12:30:00,-133.17605498333333,-107.94405166666668,-119.56244,13.61361601848958
2024-04-22 13:00:00,-142.80122153333335,-122.46675763333332,-132.72594,10.07528464368491
2024-04-22 13:30:00,-143.39347325000003,-116.63345735,-131.07956,12.313913923828153
2024-04-22 14:00:00,-135.99315505,-114.25584393333334,-126.33281,9.660345601757825
2024-04-22 14:30:00,-115.03517738333332,-109.84803668333332,-101.72319,13.311987075716132
2024-04-22 15:00:00,-89.88854438333334,-96.65023891666668,-84.0321,5.856447520540371
2024-04-22 15:30:00,-68.62095655,-68.901915,-58.369568,10.251388678906252
2024-04-22 16:00:00,-42.2836472,-43.39185510000001,-37.590736,4.692910810839841
2024-04-22 16:30:00,-21.069633466666662,-20.68184903333333,-14.731339,6.338294012015783
2024-04-22 17:00:00,-6.81288495,-8.109062883333333,-4.085584,2.7273007863342285
2024-04-22 17:30:00,4.7981967333333335,8.312965516666667,6.594247,1.7960501309855141
2024-04-22 18:00:00,9.917974733333333,18.0646522,11.95947,2.041495061893718
2024-04-22 18:30:00,9.740276216666668,18.631097216666667,17.622324,7.882047773201496
2024-04-22 19:00:00,16.02925115,14.702773283333334,17.484259,1.455007501733398
2024-04-22 19:30:00,19.803397766666667,22.442067716666667,22.52184,2.7184413751790366
2024-04-22 20:00:00,20.14107775,24.291082766666666,24.831474,4.690396554199218
2024-04-22 20:30:00,22.72143985,28.947610166666667,25.591125,2.8696856382812506
2024-04-22 21:00:00,23.219724033333332,26.313551200000003,25.798317,2.5785929222330743
2024-04-22 21:30:00,24.76813883333333,24.269682166666662,24.148438,-0.6197013333333317
2024-04-22 22:00:00,25.68468598333333,23.62661625,23.788141,-1.8965447327229796
2024-04-22 22:30:00,17.358588816666668,17.96596995,22.047915,4.689325688338215
2024-04-22 23:00:00,22.89540453333333,22.994670683333336,21.783415,-1.1119896926350883
2024-04-22 23:30:00,26.00275326666667,20.105435816666667,21.181442,-4.821311005924482
2024-04-23 00:00:00,26.60448278333333,17.98508443333333,22.640299,-3.9641839399495424
2024-04-23 00:30:00,28.17199233333333,18.398158416666664,22.099491,-6.072501213948563
2024-04-23 01:00:00,25.51261275,24.461328966666667,22.191168,-3.3214449185791004
2024-04-23 01:30:00,25.749987633333333,24.36511335,22.313652,-3.4363355947591145
2024-04-23 02:00:00,22.679865083333336,25.809003416666663,23.09356,0.4136941818033826
2024-04-23 02:30:00,22.967733916666663,21.969387283333333,22.935417,-0.03231674137369467
2024-04-23 03:00:00,22.54009111666667,23.6461421,23.92894,1.388848702669268
2024-04-23 03:30:00,22.90003013333333,26.547420833333334,24.931175,2.0311450986002626
2024-04-23 04:00:00,22.1362683,24.561732383333336,24.628046,2.4917777357666004
2024-04-23 04:30:00,22.28576938333333,23.67428451666667,23.805433,1.5196638899820982
2024-04-23 05:00:00,25.95717396666667,22.64208065,23.779936,-2.1772381298746772
2024-04-23 05:30:00,23.751446716666667,24.5657949,25.358612,1.607165343880208
2024-04-23 06:00:00,27.6800312,29.109008233333338,29.54821,1.8681789440429704
2024-04-23 06:30:00,34.374766666666666,34.5066905,33.127613,-1.247153599039713
2024-04-23 07:00:00,34.27868326666667,30.74150883333333,32.875786,-1.4028974390299496
2024-04-23 07:30:00,34.4918121,34.05752055,31.295122,-3.1966899533935518
2024-04-23 08:00:00,21.45224663333333,24.18059888333333,23.115818,1.6635713903483094
2024-04-23 08:30:00,6.721026216666668,16.37176165,13.99142,7.270393575508625
2024-04-23 09:00:00,-6.118352316666667,-11.74945125,-3.9139137,2.2044385898600263
2024-04-23 09:30:00,-16.346386616666667,-29.46585845,-17.928923,-1.5825360365315753
2024-04-23 10:00:00,-33.80451936666667,-49.58637113333333,-35.228275,-1.423755932405598
2024-04-23 10:30:00,-56.534987666666666,-73.5867234,-54.436085,2.098902919352213
2024-04-23 11:00:00,-84.21325401666667,-98.14088215,-86.43047,-2.2172193109700515
2024-04-23 11:30:00,-98.62456986666666,-111.41071565,-95.02611,3.5984620785807238
2024-04-23 12:00:00,-105.9989351,-127.85395006666666,-108.01564,-2.0167051587890654
2024-04-23 12:30:00,-114.89118228333332,-133.17605498333333,-113.88557,1.0056155719075406
2024-04-23 13:00:00,-121.36537393333332,-142.80122153333335,-119.23373,2.1316474318684726
2024-04-23 13:30:00,-121.66061728333334,-143.39347325000003,-116.63194,5.0286745343099
2024-04-23 14:00:00,-111.54549998333334,-135.99315505,-103.97886,7.566641035579437
2024-04-23 14:30:00,-87.21188936666665,-115.03517738333332,-86.206436,1.0054532094400912
2024-04-23 15:00:00,-63.70754168333334,-89.88854438333334,-65.00987,-1.3023307531900983
2024-04-23 15:30:00,-31.89242613333333,-68.62095655,-40.331444,-8.439017653287763
2024-04-23 16:00:00,-10.540267216666663,-42.2836472,-22.92105,-12.380781901375329
2024-04-23 16:30:00,-2.654449533333333,-21.069633466666662,-5.474776,-2.82032625783488
2024-04-23 17:00:00,4.114172783333333,-6.81288495,-2.4262898,-6.540462580162557
2024-04-23 17:30:00,6.283948850000001,4.7981967333333335,5.1951575,-1.0887913220764167
2024-04-23 18:00:00,13.734603416666667,9.917974733333333,12.636388,-1.0982155916544603
2024-04-23 18:30:00,19.511644,9.740276216666668,15.440434,-4.071209544128418
2024-04-23 19:00:00,20.91853113333333,16.02925115,19.435066,-1.4834649101888004
2024-04-23 19:30:00,21.49064493333333,19.803397766666667,22.429213,0.9385676368571012
2024-04-23 20:00:00,25.2708665,20.14107775,24.068907,-1.2019597159423832
2024-04-23 20:30:00,20.978002066666665,22.72143985,24.230452,3.2524495171956396
2024-04-23 21:00:00,20.961859416666663,23.219724033333332,24.367321,3.4054615977376343
2024-04-23 21:30:00,21.086068933333333,24.76813883333333,23.54412,2.4580518552408854
2024-04-23 22:00:00,22.6785239,25.68468598333333,23.253998,0.5754739027343767
2024-04-23 22:30:00,21.6711489,17.358588816666668,20.83079,-0.8403593339599595
2024-04-23 23:00:00,25.263493766666667,22.89540453333333,22.080303,-3.1831905745279947
2024-04-23 23:30:00,25.810540516666663,26.00275326666667,22.069805,-3.740735371402991
2024-04-24 00:00:00,24.64720606666667,26.60448278333333,23.089844,-1.5573623166666692
2024-04-24 00:30:00,20.68792223333333,28.17199233333333,23.650787,2.9628651201822933
2024-04-24 01:00:00,19.42845048333333,25.51261275,22.840137,3.4116869983561244
2024-04-24 01:30:00,19.94996953333333,25.749987633333333,23.230803,3.2808330026774115
2024-04-24 02:00:00,21.99712381666667,22.679865083333336,22.99316,0.9960364311360657
2024-04-24 02:30:00,20.89257495,22.967733916666663,23.121134,2.228558854321289
2024-04-24 03:00:00,19.939723850000004,22.54009111666667,23.271082,3.331358074438473
2024-04-24 03:30:00,20.578051716666668,22.90003013333333,23.86152,3.2834690505452464
2024-04-24 04:00:00,26.044889933333334,22.1362683,23.640236,-2.4046540324544274
2024-04-24 04:30:00,24.49532115,22.28576938333333,23.395325,-1.0999964429687488
2024-04-24 05:00:00,22.961836666666667,25.95717396666667,24.49263,1.5307933382161458
2024-04-24 05:30:00,21.655060616666663,23.751446716666667,25.111132,3.456071051424157
2024-04-24 06:00:00,25.626198950000003,27.6800312,28.215765,2.5895660493896457
2024-04-24 06:30:00,28.21206786666667,34.374766666666666,31.661047,3.448979115144855
2024-04-24 07:00:00,26.19867265,34.27868326666667,29.03513,2.8364568971191417
2024-04-24 07:30:00,25.730973966666667,34.4918121,28.77133,3.040355913094075
2024-04-24 08:00:00,22.68729331666667,21.45224663333333,23.940033,1.2527396423177066
2024-04-24 08:30:00,12.594984966666669,6.721026216666668,11.064291,-1.5306939663004577
2024-04-24 09:00:00,-6.571126816666667,-6.118352316666667,-2.5406256,4.030501244462077
2024-04-24 09:30:00,-25.495929500000003,-16.346386616666667,-25.28297,0.2129590715332057
2024-04-24 10:00:00,-38.57707675,-33.80451936666667,-37.017605,1.559471922119144
2024-04-24 10:30:00,-53.05725833333333,-56.534987666666666,-49.738346,3.3189122334798142
2024-04-24 11:00:00,-63.739967666666665,-84.21325401666667,-64.81673,-1.0767590179036475
2024-04-24 11:30:00,-75.65418951666668,-98.62456986666666,-81.227516,-5.57332665764973
2024-04-24 12:00:00,-75.13581635,-105.9989351,-82.81995,-7.684129939062501
2024-04-24 12:30:00,-71.94521680000001,-114.89118228333332,-79.51875,-7.573536251757801
2024-04-24 13:00:00,-67.64783778333333,-121.36537393333332,-78.554504,-10.90666661119792
2024-04-24 13:30:00,-81.43009053333334,-121.66061728333334,-88.184845,-6.754754437369783
2024-04-24 14:00:00,-69.73228608333334,-111.54549998333334,-74.779335,-5.047048938639321
2024-04-24 14:30:00,-52.6814012,-87.21188936666665,-65.72546,-13.044055037792965
2024-04-24 15:00:00,-36.14824011666667,-63.70754168333334,-44.960903,-8.812663051057939
2024-04-24 15:30:00,-21.993517866666664,-31.89242613333333,-29.83145,-7.837931642000328
2024-04-24 16:00:00,-14.12012515,-10.540267216666663,-15.95628,-1.836154604638672
2024-04-24 16:30:00,4.505112866666667,-2.654449533333333,-0.79610294,-5.301215807702891
2024-04-24 17:00:00,2.586543933333333,4.114172783333333,4.000458,1.413913830338542
2024-04-24 17:30:00,7.089729266666667,6.283948850000001,8.981967,1.8922377056844075
2024-04-24 18:00:00,13.118524583333333,13.734603416666667,11.991887,-1.1266374907430006
2024-04-24 18:30:00,18.359610616666668,19.511644,17.17424,-1.1853705043619804
2024-04-24 19:00:00,24.804629016666667,20.91853113333333,20.252546,-4.552082706241862
2024-04-24 19:30:00,27.60553163333333,21.49064493333333,23.215588,-4.389944017366535
2024-04-24 20:00:00,24.221941150000003,25.2708665,23.250141,-0.9718000062011747
2024-04-24 20:30:00,24.641438833333336,20.978002066666665,23.812357,-0.8290818844807966
2024-04-24 21:00:00,23.716644516666666,20.961859416666663,23.108587,-0.6080572516520171
2024-04-24 21:30:00,25.871190466666665,21.086068933333333,24.503191,-1.3679994724039695
2024-04-24 22:00:00,22.78837103333333,22.6785239,23.771952,0.9835806420817086
2024-04-24 22:30:00,17.95705225,21.6711489,22.148247,4.1911945151367185
2024-04-24 23:00:00,25.0103978,25.263493766666667,23.822912,-1.1874855838134764
2024-04-24 23:30:00,29.58386283333333,25.810540516666663,24.049307,-5.534555963826495
2024-04-25 00:00:00,26.41446785,24.64720606666667,23.857769,-2.5566988375488293
2024-04-25 00:30:00,22.92428051666667,20.68792223333333,22.506607,-0.4176734610026074
2024-04-25 01:00:00,20.32578043333333,19.42845048333333,22.271183,1.9454025805826873
2024-04-25 01:30:00,17.5894705,19.94996953333333,22.689262,5.099791890136718
2024-04-25 02:00:00,20.43670871666667,21.99712381666667,23.17716,2.740451546394855
2024-04-25 02:30:00,16.63243995,20.89257495,22.314503,5.682062766064455
2024-04-25 03:00:00,15.7508628,19.939723850000004,22.128176,6.377312935473633
2024-04-25 03:30:00,19.4030061,20.578051716666668,23.335386,3.9323801762451183
2024-04-25 04:00:00,18.53240955,26.044889933333334,23.579111,5.0467015492431635
2024-04-25 04:30:00,19.5890544,24.49532115,23.993942,4.404887860742189
2024-04-25 05:00:00,18.94611235,22.961836666666667,23.978777,5.032664581762695
2024-04-25 05:30:00,20.0186366,21.655060616666663,24.974232,4.9555951199707025
2024-04-25 06:00:00,27.19236271666667,25.626198950000003,28.564648,1.3722849578938785
2024-04-25 06:30:00,29.814099650000003,28.21206786666667,31.25099,1.4368902639404268
2024-04-25 07:00:00,29.467221183333333,26.19867265,29.774496,0.3072748951578781
2024-04-25 07:30:00,21.193498316666663,25.730973966666667,26.078226,4.8847277728108764
2024-04-25 08:00:00,20.96253846666667,22.68729331666667,21.617527,0.6549885413899723
2024-04-25 08:30:00,13.90735005,12.594984966666669,12.154792,-1.752558218029785
2024-04-25 09:00:00,-4.9332812666666666,-6.571126816666667,-3.8192885,1.1139927744639078
2024-04-25 09:30:00,-20.74390505,-25.495929500000003,-21.847408,-1.1035032446777358
2024-04-25 10:00:00,-35.77262005,-38.57707675,-35.34378,0.42883953242187545
2024-04-25 10:30:00,-43.65072725,-53.05725833333333,-48.17168,-4.52095320043945
2024-04-25 11:00:00,-58.857737316666665,-63.739967666666665,-61.259354,-2.401616321028648
2024-04-25 11:30:00,-82.47279936666666,-75.65418951666668,-78.20025,4.272550648404945
2024-04-25 12:00:00,-92.60724386666668,-75.13581635,-91.88311,0.7241338202799597
2024-04-25 12:30:00,-95.17282891666667,-71.94521680000001,-92.38207,2.7907564679362054
2024-04-25 13:00:00,-91.2932488,-67.64783778333333,-86.14091,5.152341512402344
2024-04-25 13:30:00,-101.00515495,-81.43009053333334,-97.19012,3.8150380676757862
2024-04-25 14:00:00,-89.39048394999999,-69.73228608333334,-83.42781,5.962673281054677
2024-04-25 14:30:00,-71.91558591666667,-52.6814012,-66.85881,5.056775491861984
2024-04-25 15:00:00,-57.48599720000001,-36.14824011666667,-52.95758,4.528416633593757
2024-04-25 15:30:00,-38.96090743333333,-21.993517866666664,-38.56112,0.39978835374348876
2024-04-25 16:00:00,-16.820211166666667,-14.12012515,-19.160147,-2.3399355465901692
2024-04-25 16:30:00,-12.536055483333334,4.505112866666667,-9.083544,3.452511705867513
2024-04-25 17:00:00,-8.81947225,2.586543933333333,-0.2480185,8.571453746810914
2024-04-25 17:30:00,0.419017233333333,7.089729266666667,7.546804,7.127786717930094
2024-04-25 18:00:00,9.73266225,13.118524583333333,13.894783,4.162120770019531
2024-04-25 18:30:00,12.511083783333332,18.359610616666668,16.86823,4.357147036368817
2024-04-25 19:00:00,12.707493983333334,24.804629016666667,20.509016,7.8015220536539704
2024-04-25 19:30:00,18.01993893333333,27.60553163333333,23.089869,5.069929612198898
2024-04-25 20:00:00,19.49849328333333,24.221941150000003,25.405321,5.9068278378824886
2024-04-25 20:30:00,19.48165218333333,24.641438833333336,24.361763,4.88011081715495
2024-04-25 21:00:00,30.04376615,23.716644516666666,24.830832,-5.212934622290039
2024-04-25 21:30:00,28.695469966666668,25.871190466666665,24.64112,-4.0543490560221365
2024-04-25 22:00:00,28.606718366666662,22.78837103333333,22.851477,-5.755241697355139
2024-04-25 22:30:00,20.089829066666667,17.95705225,21.748594,1.6587652173909504
2024-04-25 23:00:00,25.593767683333336,25.0103978,23.780378,-1.8133893416585316
2024-04-25 23:30:00,23.202238416666663,29.58386283333333,24.0147,0.8124615192464226
2024-04-26 00:00:00,20.999039566666667,26.41446785,24.290003,3.2909632562093094
2024-04-26 00:30:00,21.2446054,22.92428051666667,22.281199,1.036593101586913
2024-04-26 01:00:00,20.02128216666667,20.32578043333333,21.616306,1.5950241382649715
2024-04-26 01:30:00,20.56699055,17.5894705,21.66182,1.0948289080078126
2024-04-26 02:00:00,20.928144433333333,20.43670871666667,22.614,1.685855887101237
2024-04-26 02:30:00,22.512956650000003,16.63243995,21.763184,-0.7497730562500031
2024-04-26 03:00:00,23.818009916666668,15.7508628,20.467873,-3.3501372970377616
2024-04-26 03:30:00,24.730436166666667,19.4030061,22.247034,-2.4834020937906907
2024-04-26 04:00:00,23.6259833,18.53240955,23.424725,-0.2012587211425796
2024-04-26 04:30:00,24.382687816666664,19.5890544,23.443611,-0.9390766716471326
2024-04-26 05:00:00,26.90684505,18.94611235,24.171461,-2.7353839446533215
2024-04-26 05:30:00,24.141685966666667,20.0186366,24.619835,0.4781489332356763
2024-04-26 06:00:00,31.43709008333333,27.19236271666667,29.266596,-2.1704942428792293
2024-04-26 06:30:00,32.343797716666664,29.814099650000003,31.340513,-1.003284487296547
2024-04-26 07:00:00,28.352080466666667,29.467221183333333,30.754436,2.402356026253255
2024-04-26 07:30:00,31.79961893333333,21.193498316666663,29.10106,-2.698558066023761
2024-04-26 08:00:00,29.42367215,20.96253846666667,23.923311,-5.500360916479494
2024-04-26 08:30:00,17.215265433333332,13.90735005,15.067846,-2.147419135115559
2024-04-26 09:00:00,4.688598883333333,-4.9332812666666666,-1.2514195,-5.940018427553304
2024-04-26 09:30:00,-15.412333316666668,-20.74390505,-15.859643,-0.4473096658162419
2024-04-26 10:00:00,-32.37807668333333,-35.77262005,-31.388182,0.9898949969319659
2024-04-26 10:30:00,-36.007302233333334,-43.65072725,-38.66208,-2.654776624088541
2024-04-26 11:00:00,-46.650354400000005,-58.857737316666665,-52.587944,-5.937589630761714
2024-04-26 11:30:00,-68.5231576,-82.47279936666666,-70.8595,-2.3363394703124953
2024-04-26 12:00:00,-65.16848441666667,-92.60724386666668,-76.803085,-11.634600910481765
2024-04-26 12:30:00,-74.43403934999999,-95.17282891666667,-87.46102,-13.026982073339852
2024-04-26 13:00:00,-80.46109721666666,-91.2932488,-89.92055,-9.459450268684904
2024-04-26 13:30:00,-85.1350289,-101.00515495,-91.26624,-6.131214080957037
2024-04-26 14:00:00,-81.41883895,-89.39048394999999,-91.63065,-10.211814431347662
2024-04-26 14:30:00,-68.77487495,-71.91558591666667,-74.93497,-6.160092091015628
2024-04-26 15:00:00,-56.7809222,-57.48599720000001,-56.808357,-0.027435038769532127
2024-04-26 15:30:00,-36.67631981666667,-38.96090743333333,-42.73337,-6.057051917952471
2024-04-26 16:00:00,-12.797255533333333,-16.820211166666667,-16.140066,-3.342810613517253
2024-04-26 16:30:00,0.1981571500000002,-12.536055483333334,-7.2028837,-7.401040870397949
2024-04-26 17:00:00,7.897009433333333,-8.81947225,0.8175239,-7.07948553663915
2024-04-26 17:30:00,12.565919016666667,0.419017233333333,7.2296457,-5.336273287601726
2024-04-26 18:00:00,15.663370666666664,9.73266225,14.818651,-0.8447194673258434
2024-04-26 18:30:00,19.5681433,12.511083783333332,17.27646,-2.2916826524169913
2024-04-26 19:00:00,20.375126233333333,12.707493983333334,21.27154,0.8964134547770186
2024-04-26 19:30:00,24.650677883333334,18.01993893333333,21.926409,-2.7242691156331382
2024-04-26 20:00:00,27.054257083333336,19.49849328333333,24.490957,-2.5632998232015005
2024-04-26 20:30:00,29.02959678333333,19.48165218333333,23.609581,-5.420015789680985
2024-04-26 21:00:00,19.75928385,30.04376615,24.696346,4.937062432958985
2024-04-26 21:30:00,18.337586583333334,28.695469966666668,25.031376,6.693789301676432
2024-04-26 22:00:00,17.68921883333333,28.606718366666662,24.793682,7.10446326505534
2024-04-26 22:30:00,19.951464366666663,20.089829066666667,20.971333,1.0198681833821652
2024-04-26 23:00:00,22.759441116666665,25.593767683333336,24.930532,2.1710913387776714
2024-04-26 23:30:00,23.770147233333333,23.202238416666663,25.301546,1.531398863468425
2024-04-27 00:00:00,21.01059486666667,20.999039566666667,23.885286,2.8746914645100894
2024-04-27 00:30:00,20.650125966666668,21.2446054,22.724403,2.0742774146809886
2024-04-27 01:00:00,20.177316116666667,20.02128216666667,19.786158,-0.39115850863444024
2024-04-27 01:30:00,21.02856948333333,20.56699055,20.330858,-0.6977112527425113
2024-04-27 02:00:00,20.32646678333333,20.928144433333333,20.153816,-0.17265056018879932
2024-04-27 02:30:00,19.7197462,22.512956650000003,20.774677,1.0549310766113287
2024-04-27 03:00:00,17.68538553333333,23.818009916666668,20.570236,2.884850672721356
2024-04-27 03:30:00,19.25621495,24.730436166666667,20.818323,1.5621081853759762
2024-04-27 04:00:00,21.30515158333333,23.6259833,21.861134,0.5559819921061226
2024-04-27 04:30:00,20.9699556,24.382687816666664,21.8596,0.8896444671386732
2024-04-27 05:00:00,25.0839733,26.90684505,23.578794,-1.505178820629883
2024-04-27 05:30:00,25.58693833333333,24.141685966666667,22.733757,-2.85318131429036
2024-04-27 06:00:00,28.9896343,31.43709008333333,28.957619,-0.032015586621092496
2024-04-27 06:30:00,36.24779445,32.343797716666664,32.20386,-4.043933213427735
2024-04-27 07:00:00,28.89299158333333,28.352080466666667,28.606436,-0.28655580757649446
2024-04-27 07:30:00,25.823856083333336,31.79961893333333,24.957935,-0.8659207500813828
2024-04-27 08:00:00,22.39965173333333,29.42367215,22.561623,0.16197088629557754
2024-04-27 08:30:00,10.806057733333333,17.215265433333332,16.400942,5.59488411542155
2024-04-27 09:00:00,-7.174259416666668,4.688598883333333,-2.528058,4.64620136460368
2024-04-27 09:30:00,-21.34894398333333,-15.412333316666668,-20.751623,0.597320829646808
2024-04-27 10:00:00,-45.39221708333333,-32.37807668333333,-39.30362,6.088597698567703
2024-04-27 10:30:00,-65.50269731666667,-36.007302233333334,-57.572254,7.930443135758466
2024-04-27 11:00:00,-91.50856456666666,-46.650354400000005,-80.96516,10.543408011490882
2024-04-27 11:30:00,-98.31353111666664,-68.5231576,-95.90914,2.4043895761392946
2024-04-27 12:00:00,-112.22968781666668,-65.16848441666667,-107.85531,4.374379283951839
2024-04-27 12:30:00,-126.46730713333334,-74.43403934999999,-118.5932,7.874106449739585
2024-04-27 13:00:00,-114.1105745,-80.46109721666666,-109.869934,4.2406404179687485
2024-04-27 13:30:00,-106.3726895,-85.1350289,-103.626915,2.7457745219726633
2024-04-27 14:00:00,-93.3569846,-81.41883895,-90.85856,2.498425945214848
2024-04-27 14:30:00,-82.72782651666667,-68.77487495,-77.41448,5.313344399967448
2024-04-27 15:00:00,-66.09591606666667,-56.7809222,-65.80952,0.2863991599283935
2024-04-27 15:30:00,-46.60823283333334,-36.67631981666667,-46.6485,-0.04026570182291067
2024-04-27 16:00:00,-24.346372083333332,-12.797255533333333,-21.047121,3.299251035359699
2024-04-27 16:30:00,-10.402024266666666,0.1981571500000002,-8.594227,1.8077974295084633
2024-04-27 17:00:00,-2.565938333333334,7.897009433333333,-1.5819005,0.9840378559239711
2024-04-27 17:30:00,5.117618966666666,12.565919016666667,6.628594,1.510974954994711
2024-04-27 18:00:00,8.692899983333334,15.663370666666664,13.298271,4.605371195865885
2024-04-27 18:30:00,10.388722766666667,19.5681433,17.618696,7.229973446101887
2024-04-27 19:00:00,11.295704516666667,20.375126233333333,18.650316,7.354611721736653
2024-04-27 19:30:00,15.091118916666666,24.650677883333334,22.974724,7.883604899251303
2024-04-27 20:00:00,17.06156783333333,27.054257083333336,24.089878,7.028310248942059
2024-04-27 20:30:00,27.45273288333333,29.02959678333333,27.330196,-0.12253650271809491
2024-04-27 21:00:00,28.06205321666667,19.75928385,25.168367,-2.8936858308024114
2024-04-27 21:30:00,26.2381722,18.337586583333334,25.459606,-0.7785660293457042
2024-04-27 22:00:00,24.756171183333333,17.68921883333333,24.044367,-0.7118043467854811
2024-04-27 22:30:00,23.480615616666665,19.951464366666663,23.519802,0.03918647683919474
2024-04-27 23:00:00,22.54166055,22.759441116666665,23.448563,0.9069020720703129
2024-04-27 23:30:00,22.504356583333333,23.770147233333333,24.820457,2.3161008751627605
2024-04-28 00:00:00,23.98770216666667,21.01059486666667,23.396784,-0.590918337931317
2024-04-28 00:30:00,20.31964938333333,20.650125966666668,22.658895,2.3392461092203796
2024-04-28 01:00:00,19.336239516666662,20.177316116666667,20.929512,1.593272507259119
2024-04-28 01:30:00,18.591228883333333,21.02856948333333,21.031961,2.4407325577067063
2024-04-28 02:00:00,22.48689153333333,20.32646678333333,21.900452,-0.5864398731770812
2024-04-28 02:30:00,22.71858831666667,19.7197462,22.878273,0.1596846935872378
2024-04-28 03:00:00,23.451893866666666,17.68538553333333,23.076122,-0.37577158273111877
2024-04-28 03:30:00,25.69484115,19.25621495,23.430866,-2.2639749085449203
2024-04-28 04:00:00,26.13037335,21.30515158333333,23.96953,-2.160843244409179
2024-04-28 04:30:00,26.13102328333333,20.9699556,24.537014,-1.5940092757649715
2024-04-28 05:00:00,27.248757333333334,25.0839733,25.523972,-1.7247857757161462
2024-04-28 05:30:00,25.321334966666665,25.58693833333333,25.76932,0.44798456763509265
2024-04-28 06:00:00,29.273309283333333,28.9896343,29.642578,0.36926884166666696
2024-04-28 06:30:00,32.41582053333333,36.24779445,33.107468,0.6916471180338561
2024-04-28 07:00:00,26.41733615,28.89299158333333,29.703077,3.285741166284179
2024-04-28 07:30:00,24.528056633333332,25.823856083333336,27.359083,2.831026542325848
2024-04-28 08:00:00,25.010696633333332,22.39965173333333,23.278532,-1.7321646051350896
2024-04-28 08:30:00,18.21201055,10.806057733333333,15.196241,-3.015769171215819
2024-04-28 09:00:00,13.08878565,-7.174259416666668,3.135889,-9.952896596655274
2024-04-28 09:30:00,-7.637938866666666,-21.34894398333333,-14.323231,-6.6852918767415375
2024-04-28 10:00:00,-28.29855946666667,-45.39221708333333,-33.22774,-4.9291817747884075
2024-04-28 10:30:00,-45.16003008333333,-65.50269731666667,-51.186733,-6.026703162516277
2024-04-28 11:00:00,-72.34108956666667,-91.50856456666666,-73.24465,-0.9035622277669262
2024-04-28 11:30:00,-102.27551673333332,-98.31353111666664,-101.36294,0.9125788060872253
2024-04-28 12:00:00,-113.67719663333332,-112.22968781666668,-111.51857,2.1586266870442614
2024-04-28 12:30:00,-123.97591226666668,-126.46730713333334,-121.06366,2.9122525986979326
2024-04-28 13:00:00,-124.191779,-114.1105745,-120.21873,3.9730518881835906
2024-04-28 13:30:00,-121.73137988333332,-106.3726895,-117.05726,4.674121277376287
2024-04-28 14:00:00,-106.42844828333334,-93.3569846,-104.92907,1.4993787642903698
2024-04-28 14:30:00,-91.59060265,-82.72782651666667,-85.02618,6.564426197363275
2024-04-28 15:00:00,-71.82218215,-66.09591606666667,-70.251976,1.5702061368164095
2024-04-28 15:30:00,-49.078330066666666,-46.60823283333334,-47.999466,1.0788641242838537
2024-04-28 16:00:00,-23.8916654,-24.346372083333332,-24.609142,-0.717476903466796
2024-04-28 16:30:00,-7.59508165,-10.402024266666666,-8.306562,-0.7114807737060547
2024-04-28 17:00:00,5.566373250000001,-2.565938333333334,2.249508,-3.3168653459472663
2024-04-28 17:30:00,6.843795116666667,5.117618966666666,6.862036,0.018241111513265018
2024-04-28 18:00:00,15.185994266666668,8.692899983333334,16.06306,0.8770664938313786
2024-04-28 18:30:00,16.85232955,10.388722766666667,16.907616,0.055286111621093426
2024-04-28 19:00:00,16.061893949999998,11.295704516666667,16.946665,0.8847708601806659
2024-04-28 19:30:00,24.298375250000003,15.091118916666666,21.340857,-2.9575186978759795
2024-04-28 20:00:00,21.107712266666667,17.06156783333333,23.734201,2.6264891646077473
2024-04-28 20:30:00,20.413554616666666,27.45273288333333,24.725218,4.3116632025472015
2024-04-28 21:00:00,21.95959615,28.06205321666667,25.88831,3.928713328759766
2024-04-28 21:30:00,21.031128916666667,26.2381722,24.847725,3.8165959978841144
2024-04-28 22:00:00,17.911939466666666,24.756171183333333,23.542576,5.630636369514974
2024-04-28 22:30:00,17.6306834,23.480615616666665,21.401173,3.7704892379394543
2024-04-28 23:00:00,21.670774416666664,22.54166055,23.480282,1.8095074131673208
2024-04-28 23:30:00,23.032002266666662,22.504356583333333,24.2198,1.1877986824300173
2024-04-29 00:00:00,22.97854165,23.98770216666667,23.633112,0.6545703037353512
2024-04-29 00:30:00,20.086601583333334,20.31964938333333,22.095142,2.0085407811686196
2024-04-29 01:00:00,20.76427873333333,19.336239516666662,22.373793,1.6095139149820987
2024-04-29 01:30:00,19.16697385,18.591228883333333,23.050198,3.883223751318358
2024-04-29 02:00:00,20.273886116666667,22.48689153333333,23.799479,3.5255924142171224
2024-04-29 02:30:00,21.273697716666668,22.71858831666667,23.77978,2.506081717537434
2024-04-29 03:00:00,25.132403383333337,23.451893866666666,24.44845,-0.6839532948323601
2024-04-29 03:30:00,26.760697800000003,25.69484115,25.221483,-1.5392145694091823
2024-04-29 04:00:00,27.87373278333333,26.13037335,26.716604,-1.157128550545245
2024-04-29 04:30:00,26.79690393333333,26.13102328333333,26.374828,-0.42207559471028233
2024-04-29 05:00:00,25.65689558333333,27.248757333333334,27.544865,1.887969071207685
2024-04-29 05:30:00,27.05517885,25.321334966666665,28.686405,1.6312263318847648
2024-04-29 06:00:00,27.85164605,29.273309283333333,31.801146,3.949499503588868
2024-04-29 06:30:00,36.39258728333333,32.41582053333333,36.16504,-0.22754822083332726
2024-04-29 07:00:00,32.736972916666666,26.41733615,33.785374,1.0484007710774748
2024-04-29 07:30:00,33.13247393333333,24.528056633333332,31.978415,-1.1540593978108689
2024-04-29 08:00:00,27.565797216666667,25.010696633333332,29.62052,2.0547224213948567
2024-04-29 08:30:00,19.41693898333333,18.21201055,19.789646,0.3727071653483094
2024-04-29 09:00:00,13.941718450000002,13.08878565,10.780317,-3.161401143481447
2024-04-29 09:30:00,0.9155478166666664,-7.637938866666666,2.0609546,1.1454067541035973
2024-04-29 10:00:00,-5.877220016666666,-28.29855946666667,-10.676118,-4.798897880367026
2024-04-29 10:30:00,-15.321736283333331,-45.16003008333333,-24.234888,-8.913151793448895
2024-04-29 11:00:00,-22.6267199,-72.34108956666667,-35.458435,-12.831715158593749
2024-04-29 11:30:00,-41.14219723333333,-102.27551673333332,-45.0776,-3.9354013384440165
2024-04-29 12:00:00,-49.20729895,-113.67719663333332,-57.37411,-8.166812225537107
2024-04-29 12:30:00,-46.61099106666666,-123.97591226666668,-55.23503,-8.624040061263031
2024-04-29 13:00:00,-55.59880556666667,-124.191779,-57.21596,-1.6171558896321585
2024-04-29 13:30:00,-51.590210000000006,-121.73137988333332,-63.20903,-11.618820151367181
2024-04-29 14:00:00,-56.665086683333335,-106.42844828333334,-69.13123,-12.466146531998696
2024-04-29 14:30:00,-52.77690063333333,-91.59060265,-56.11454,-3.3376394667643297
2024-04-29 15:00:00,-32.98384775,-71.82218215,-40.04621,-7.062363492675779
2024-04-29 15:30:00,-13.321709516666669,-49.078330066666666,-19.264002,-5.942292329646808
2024-04-29 16:00:00,-2.4338327333333334,-23.8916654,-7.974462,-5.540629298984782
2024-04-29 16:30:00,1.402751083333334,-7.59508165,-0.42714256,-1.8298936438153592
2024-04-29 17:00:00,9.208919966666668,5.566373250000001,7.8846035,-1.3243164663004574
2024-04-29 17:30:00,13.907582083333333,6.843795116666667,12.192185,-1.7153966814168289
2024-04-29 18:00:00,21.14542223333333,15.185994266666668,17.240475,-3.904947532405597
2024-04-29 18:30:00,22.772612666666664,16.85232955,22.02858,-0.7440329547526012
2024-04-29 19:00:00,36.1247883,16.061893949999998,24.340137,-11.784650818310546
2024-04-29 19:30:00,28.550318316666665,24.298375250000003,26.240917,-2.3094011108561183
2024-04-29 20:00:00,28.84997005,21.107712266666667,25.64884,-3.201130099438476
2024-04-29 20:30:00,32.01971181666667,20.413554616666666,28.348938,-3.670773828385421
2024-04-29 21:00:00,31.178062716666663,21.95959615,27.365747,-3.812315264884436
2024-04-29 21:30:00,25.893648216666666,21.031128916666667,25.22281,-0.6708374714274079
2024-04-29 22:00:00,27.4049254,17.911939466666666,24.974121,-2.4308043062499998
2024-04-29 22:30:00,20.93756493333333,17.6306834,22.981848,2.0442828297281928
2024-04-29 23:00:00,28.780818333333333,21.670774416666664,25.44541,-3.335408558553059
2024-04-29 23:30:00,27.144573216666668,23.032002266666662,25.949286,-1.1952877094645196
2024-04-30 00:00:00,24.241021566666664,22.97854165,24.362568,0.12154633494466438
2024-04-30 00:30:00,24.102255933333332,20.086601583333334,22.914974,-1.1872817206868476
2024-04-30 01:00:00,21.256577716666666,20.76427873333333,22.864199,1.6076209680257172
2024-04-30 01:30:00,23.09654165,19.16697385,22.641308,-0.45523381918945205
2024-04-30 02:00:00,19.54032726666667,20.273886116666667,23.30948,3.769153400447589
2024-04-30 02:30:00,21.99079345,21.273697716666668,22.453386,0.46259285676269357
2024-04-30 03:00:00,22.3389704,25.132403383333337,24.023825,1.68485429177246
2024-04-30 03:30:00,23.895107733333333,26.760697800000003,24.6118,0.7166915067789716
2024-04-30 04:00:00,23.946788400000003,27.87373278333333,25.31812,1.371330649072263
2024-04-30 04:30:00,25.874963833333336,26.79690393333333,26.580364,0.705400393961586
2024-04-30 05:00:00,26.10091328333333,25.65689558333333,27.097897,0.996983292594404
2024-04-30 05:30:00,27.93766065,27.05517885,28.49951,0.5618491614013656
2024-04-30 06:00:00,34.023156633333336,27.85164605,31.154474,-2.8686823749104846
2024-04-30 06:30:00,38.025617116666666,36.39258728333333,35.57215,-2.453465932584635
2024-04-30 07:00:00,41.475430583333335,32.736972916666666,35.788208,-5.687222575520835
2024-04-30 07:30:00,39.72297885,33.13247393333333,35.558266,-4.164713163964841
2024-04-30 08:00:00,42.29920286666667,27.565797216666667,32.882687,-9.416516251676434
2024-04-30 08:30:00,34.9239233,19.41693898333333,25.239113,-9.684810445996092
2024-04-30 09:00:00,15.676616083333334,13.941718450000002,11.246706,-4.429910074422201
2024-04-30 09:30:00,5.540772733333334,0.9155478166666664,-2.1951241,-7.735896882655844
2024-04-30 10:00:00,-3.615450983333334,-5.877220016666666,-9.341153,-5.725702161503092
2024-04-30 10:30:00,-13.0467173,-15.321736283333331,-18.785862,-5.739144668994141
2024-04-30 11:00:00,-24.16548513333333,-22.6267199,-23.285059,0.8804261581136039
2024-04-30 11:30:00,-31.20039561666667,-41.14219723333333,-34.422935,-3.2225398691731755
2024-04-30 12:00:00,-41.07903635,-49.20729895,-45.524303,-4.445267086279294
2024-04-30 12:30:00,-36.20282216666667,-46.61099106666666,-39.496967,-3.294145149007157
2024-04-30 13:00:00,-45.06319335,-55.59880556666667,-47.170395,-2.1072015474609387
2024-04-30 13:30:00,-54.78156214999999,-51.590210000000006,-54.16561,0.6159508829101483
2024-04-30 14:00:00,-52.67222098333334,-56.665086683333335,-56.351555,-3.6793338872721293
2024-04-30 14:30:00,-48.363573300000006,-52.77690063333333,-50.171345,-1.8077714570800723
2024-04-30 15:00:00,-36.2858217,-32.98384775,-35.662163,0.6236589192382809
2024-04-30 15:30:00,-17.546404583333334,-13.321709516666669,-19.19495,-1.6485455204264312
2024-04-30 16:00:00,2.837170500000001,-2.4338327333333334,-3.8411283,-6.6782988493042
2024-04-30 16:30:00,9.457983916666668,1.402751083333334,5.9183984,-3.5395855363871274
2024-04-30 17:00:00,19.14640785,9.208919966666668,12.903384,-6.2430236413208
2024-04-30 17:30:00,26.0652325,13.907582083333333,15.66557,-10.399662240905762
2024-04-30 18:00:00,32.373291216666665,21.14542223333333,21.05114,-11.322151385123696
2024-04-30 18:30:00,37.18505556666667,22.772612666666664,24.200893,-12.98416216456706
2024-04-30 19:00:00,28.59560725,36.1247883,25.98781,-2.607797115112305
2024-04-30 19:30:00,27.6521311,28.550318316666665,29.21092,1.5587892338623064
2024-04-30 20:00:00,32.21956288333333,28.84997005,27.72564,-4.493923540071613
2024-04-30 20:30:00,30.31293721666667,32.01971181666667,30.445148,0.13221125135090972
2024-04-30 21:00:00,33.20039505,31.178062716666663,29.03921,-4.161185684155271
2024-04-30 21:30:00,30.8027273,25.893648216666666,26.894653,-3.908073979687501
2024-04-30 22:00:00,31.213151616666664,27.4049254,26.31759,-4.895560903165688
2024-04-30 22:30:00,26.956311600000003,20.93756493333333,24.284338,-2.6719736025634795
2024-04-30 23:00:00,28.668288983333337,28.780818333333333,26.914436,-1.7538526430013057
2024-04-30 23:30:00,31.29409556666667,27.144573216666668,29.4838,-1.8102946786051461
2024-05-01 00:00:00,31.6773643,24.241021566666664,26.047249,-5.6301154596679694
2024-05-01 00:30:00,26.178728950000004,24.102255933333332,23.290379,-2.888350379443363
2024-05-01 01:00:00,26.221586116666668,21.256577716666666,22.443686,-3.777900585050457
2024-05-01 01:30:00,23.31254835,23.09654165,21.8666,-1.4459483133789064
2024-05-01 02:00:00,25.43972161666667,19.54032726666667,22.30846,-3.131261381070967
2024-05-01 02:30:00,24.74829785,21.99079345,23.18858,-1.5597182906738283
2024-05-01 03:00:00,23.31325716666667,22.3389704,24.175097,0.8618393451741504
2024-05-01 03:30:00,24.498578533333333,23.895107733333333,26.661293,2.162714496451823
2024-05-01 04:00:00,27.85747711666667,23.946788400000003,26.85374,-1.0037364245279967
2024-05-01 04:30:00,29.088783816666663,25.874963833333336,27.706833,-1.381950930924475
2024-05-01 05:00:00,30.2088722,26.10091328333333,26.44444,-3.7644313583251936
2024-05-01 05:30:00,28.113678883333336,27.93766065,28.92537,0.811690379361977
2024-05-01 06:00:00,31.8109528,34.023156633333336,32.755997,0.9450439041015635
2024-05-01 06:30:00,35.025990150000005,38.025617116666666,35.237385,0.21139464614257264
2024-05-01 07:00:00,41.31751951666667,41.475430583333335,37.036907,-4.280612320621749
2024-05-01 07:30:00,39.35111603333333,39.72297885,34.673717,-4.67739853455403
2024-05-01 08:00:00,37.67435433333333,42.29920286666667,33.47507,-4.199283379964193
2024-05-01 08:30:00,22.686865583333333,34.9239233,22.67809,-0.008776441487629683
2024-05-01 09:00:00,4.4674667,15.676616083333334,5.6677566,1.2002898574645995
2024-05-01 09:30:00,-8.735553316666666,5.540772733333334,-9.901351,-1.1657976583699554
2024-05-01 10:00:00,-22.75538055,-3.615450983333334,-25.516172,-2.7607918590576155
2024-05-01 10:30:00,-32.87350493333333,-13.0467173,-35.221573,-2.348067942643233
2024-05-01 11:00:00,-52.0596612,-24.16548513333333,-48.242016,3.817645361376954
2024-05-01 11:30:00,-64.46211795,-31.20039561666667,-58.874676,5.587442199267585
2024-05-01 12:00:00,-67.99289348333333,-41.07903635,-70.897896,-2.9050023296549483
2024-05-01 12:30:00,-80.2264627,-36.20282216666667,-77.92615,2.300315239062499
2024-05-01 13:00:00,-114.98405341666668,-45.06319335,-104.10417,10.879881663736995
2024-05-01 13:30:00,-113.62635515,-54.78156214999999,-98.94935,14.677006700292964
2024-05-01 14:00:00,-103.9797117,-52.67222098333334,-93.108894,10.870817351855464
2024-05-01 14:30:00,-75.00561783333333,-48.363573300000006,-74.82577,0.17985031624348835
2024-05-01 15:00:00,-54.456082083333335,-36.2858217,-54.818176,-0.3620941861979148
2024-05-01 15:30:00,-33.56163096666666,-17.546404583333334,-26.495543,7.066088440421545
2024-05-01 16:00:00,-17.353477633333334,2.837170500000001,-13.1151705,4.238307154512533
2024-05-01 16:30:00,-4.303972683333334,9.457983916666668,-1.0266371,3.277335606001791
2024-05-01 17:00:00,7.072946683333332,19.14640785,6.313178,-0.7597686208943673
2024-05-01 17:30:00,13.71804295,26.0652325,15.235113,1.5170701939208993
2024-05-01 18:00:00,28.846998466666665,32.373291216666665,23.652872,-5.194126381095376
2024-05-01 18:30:00,31.911594083333338,37.18505556666667,28.723125,-3.1884686255696657
2024-05-01 19:00:00,32.56581785,28.59560725,30.04177,-2.524046914941408
2024-05-01 19:30:00,31.41542851666667,27.6521311,27.910349,-3.505079624454755
2024-05-01 20:00:00,29.257208316666667,32.21956288333333,29.145939,-0.11126944337565092
2024-05-01 20:30:00,34.07401111666667,30.31293721666667,31.306211,-2.7677996451090507
2024-05-01 21:00:00,25.870907400000004,33.20039505,29.380735,3.5098279973388635
2024-05-01 21:30:00,26.1348072,30.8027273,27.500294,1.3654865316894522
2024-05-01 22:00:00,22.37289791666667,31.213151616666664,26.553822,4.180923647054033
2024-05-01 22:30:00,21.27494275,26.956311600000003,25.064672,3.7897297200927724
2024-05-01 23:00:00,34.15054,28.668288983333337,29.034391,-5.116148596801757
2024-05-01 23:30:00,31.662743366666664,31.29409556666667,29.124247,-2.538496769376625
2024-05-02 00:00:00,26.596315066666666,31.6773643,28.917414,2.321098644881186
2024-05-02 00:30:00,28.84154343333333,26.178728950000004,26.09869,-2.742853400374347
2024-05-02 01:00:00,25.6303439,26.221586116666668,23.349901,-2.2804427006591794
2024-05-02 01:30:00,24.77404173333333,23.31254835,23.200184,-1.5738578649251274
2024-05-02 02:00:00,24.294139416666667,25.43972161666667,22.80084,-1.4932990388590497
2024-05-02 02:30:00,24.01353896666667,24.74829785,23.71719,-0.2963491778483096
2024-05-02 03:00:00,23.34448845,23.31325716666667,24.77437,1.4298817434814453
2024-05-02 03:30:00,25.0005013,24.498578533333333,25.527533,0.5270312775146486
2024-05-02 04:00:00,23.7454272,27.85747711666667,26.563793,2.818365982373045
2024-05-02 04:30:00,23.40765888333333,29.088783816666663,27.0886,3.6809412753580766
2024-05-02 05:00:00,23.99258168333333,30.2088722,28.497824,4.50524203187663
2024-05-02 05:30:00,27.9616205,28.113678883333336,29.055996,1.0943754411621107
2024-05-02 06:00:00,34.50265325,31.8109528,33.342587,-1.1600667326660172
2024-05-02 06:30:00,39.29151341666667,35.025990150000005,35.97673,-3.31478306998698
2024-05-02 07:00:00,33.9154932,41.31751951666667,36.802017,2.8865240119140623
2024-05-02 07:30:00,34.903285616666665,39.35111603333333,35.63477,0.7314838230306009
2024-05-02 08:00:00,28.298126566666667,37.67435433333333,33.02439,4.726264607649739
2024-05-02 08:30:00,26.02778495,22.686865583333333,24.293074,-1.7347112958251962
2024-05-02 09:00:00,14.23441545,4.4674667,8.799599,-5.434816756152344
2024-05-02 09:30:00,-3.324314866666666,-8.735553316666666,-1.3507018,1.9736130577372228
2024-05-02 10:00:00,-12.173189383333332,-22.75538055,-14.227435,-2.0542457286661797
2024-05-02 10:30:00,-22.5516122,-32.87350493333333,-24.130795,-1.5791823251464834
2024-05-02 11:00:00,-34.31059225,-52.0596612,-39.228928,-4.918335362304688
2024-05-02 11:30:00,-56.7023505,-64.46211795,-58.19805,-1.4957009526367173
2024-05-02 12:00:00,-73.36534425,-67.99289348333333,-69.47182,3.8935272333984443
2024-05-02 12:30:00,-66.63076178333334,-80.2264627,-69.168365,-2.537603695182284
2024-05-02 13:00:00,-93.42910495,-114.98405341666668,-93.38777,0.04133334355468321
2024-05-02 13:30:00,-84.23156726666666,-113.62635515,-84.14603,0.08554065533853361
2024-05-02 14:00:00,-75.40168949999999,-103.9797117,-79.00766,-3.605970412109386
2024-05-02 14:30:00,-73.2654067,-75.00561783333333,-68.56227,4.703135581835937
2024-05-02 15:00:00,-53.56963891666667,-54.456082083333335,-50.83338,2.736257263834638
2024-05-02 15:30:00,-37.23258716666667,-33.56163096666666,-32.44223,4.790356942057294
2024-05-02 16:00:00,-16.266737733333333,-17.353477633333334,-14.331173,1.9355647902180984
2024-05-02 16:30:00,-10.259541266666668,-4.303972683333334,-3.9878275,6.271713727222698
2024-05-02 17:00:00,3.5662404500000005,7.072946683333332,7.4708433,3.9046028651245113
2024-05-02 17:30:00,6.38418935,13.71804295,14.366311,7.982121723303223
2024-05-02 18:00:00,19.37824668333333,28.846998466666665,20.788805,1.41055832460124
2024-05-02 18:30:00,31.5519117,31.911594083333338,27.387169,-4.164742815722658
2024-05-02 19:00:00,30.001142150000003,32.56581785,27.71954,-2.281602507666019
2024-05-02 19:30:00,29.857508300000003,31.41542851666667,28.213455,-1.6440530998046903
2024-05-02 20:00:00,31.226855716666662,29.257208316666667,28.972044,-2.2548117255777953
2024-05-02 20:30:00,31.279084933333333,34.07401111666667,30.743006,-0.5360791807698568
2024-05-02 21:00:00,35.81563933333334,25.870907400000004,30.105825,-5.709813909139001
2024-05-02 21:30:00,30.35857438333333,26.1348072,27.9896,-2.368975155428057
2024-05-02 22:00:00,27.11885895,22.37289791666667,26.392733,-0.7261263297607421
2024-05-02 22:30:00,22.14974068333333,21.27494275,26.15633,4.006589425309247
2024-05-02 23:00:00,29.04832623333333,34.15054,29.667494,0.6191675868570989
2024-05-02 23:30:00,31.979809983333336,31.662743366666664,30.575777,-1.4040329295003282
2024-05-03 00:00:00,32.586752833333335,26.596315066666666,27.54486,-5.041891993489585
2024-05-03 00:30:00,32.18350125,28.84154343333333,27.558273,-4.625227934570312
2024-05-03 01:00:00,28.12376433333333,25.6303439,26.179243,-1.9445212455647756
2024-05-03 01:30:00,27.1697233,24.77404173333333,25.222227,-1.947496203442384
2024-05-03 02:00:00,30.688477816666666,24.294139416666667,25.371248,-5.317229571427408
2024-05-03 02:30:00,30.771542916666665,24.01353896666667,25.55706,-5.214482674967446
2024-05-03 03:00:00,27.38889096666667,23.34448845,26.062061,-1.3268296568522153
2024-05-03 03:30:00,29.73185331666667,25.0005013,27.322525,-2.4093282922526065
2024-05-03 04:00:00,33.72790561666667,23.7454272,28.79959,-4.928316459562176
2024-05-03 04:30:00,36.14998621666667,23.40765888333333,27.160936,-8.989049861075848
2024-05-03 05:00:00,29.819432783333337,23.99258168333333,29.41259,-0.40684275647786805
2024-05-03 05:30:00,30.93754386666667,27.9616205,31.41379,0.4762458824788389
2024-05-03 06:00:00,33.89840225,34.50265325,33.71929,-0.17911056298827788
2024-05-03 06:30:00,33.022692283333335,39.29151341666667,35.94286,2.9201673663248684
2024-05-03 07:00:00,31.19638115,33.9154932,34.805958,3.6095766441894526
2024-05-03 07:30:00,35.2305462,34.903285616666665,35.564182,0.3336360814941415
2024-05-03 08:00:00,34.7668744,28.298126566666667,32.650063,-2.1168118389648427
2024-05-03 08:30:00,21.4132473,26.02778495,24.44457,3.0313232413818376
2024-05-03 09:00:00,20.21673225,14.23441545,12.653426,-7.563306079650879
2024-05-03 09:30:00,6.007782316666667,-3.324314866666666,1.2240672,-4.783715105515544
2024-05-03 10:00:00,-6.020443433333334,-12.173189383333332,-7.7333126,-1.7128691734781896
2024-05-03 10:30:00,-21.25879385,-22.5516122,-20.139742,1.1190519524169922
2024-05-03 11:00:00,-45.75965285,-34.31059225,-41.75151,4.008142229882814
2024-05-03 11:30:00,-54.51109663333333,-56.7023505,-53.349876,1.1612202295247371
2024-05-03 12:00:00,-69.5340728,-73.36534425,-69.34218,0.19189445527344162
2024-05-03 12:30:00,-71.24586676666667,-66.63076178333334,-67.19655,4.049318304752603
2024-05-03 13:00:00,-60.38020168333333,-93.42910495,-69.60082,-9.220620765397136
2024-05-03 13:30:00,-67.22205615,-84.23156726666666,-75.34697,-8.124913454492187
2024-05-03 14:00:00,-64.58869176666667,-75.40168949999999,-64.87014,-0.2814483090169233
2024-05-03 14:30:00,-52.32775215,-73.2654067,-51.38871,0.9390421280273458
2024-05-03 15:00:00,-45.16286386666667,-53.56963891666667,-46.173378,-1.0105141240559874
2024-05-03 15:30:00,-23.31624275,-37.23258716666667,-26.750544,-3.434300844360351
2024-05-03 16:00:00,-6.198557283333334,-16.266737733333333,-10.335055,-4.13649806792399
2024-05-03 16:30:00,6.365231183333333,-10.259541266666668,-2.2886598,-8.65389099435323
2024-05-03 17:00:00,9.6520262,3.5662404500000005,9.275274,-0.37675192326660145
2024-05-03 17:30:00,20.9282153,6.38418935,13.083975,-7.844240461743166
2024-05-03 18:00:00,23.334005016666666,19.37824668333333,21.799,-1.5350052302897126
2024-05-03 18:30:00,20.203604950000003,31.5519117,23.935883,3.7322776183593724
2024-05-03 19:00:00,22.785646,30.001142150000003,27.163927,4.3782810782470705
2024-05-03 19:30:00,31.658795933333334,29.857508300000003,31.115654,-0.543141941634115
2024-05-03 20:00:00,34.54058371666667,31.226855716666662,30.973265,-3.5673190224528
2024-05-03 20:30:00,32.555589966666666,31.279084933333333,31.648947,-0.9066432045817052
2024-05-03 21:00:00,32.91359428333333,35.81563933333334,30.06204,-2.8515539543538395
2024-05-03 21:30:00,25.05975001666667,30.35857438333333,27.362724,2.3029742875325496
2024-05-03 22:00:00,30.64187886666667,27.11885895,26.749939,-3.8919399018229193
2024-05-03 22:30:00,23.095915016666662,22.14974068333333,26.199059,3.1031435160481813
2024-05-03 23:00:00,30.47384215,29.04832623333333,30.306082,-0.16776037814941347
2024-05-03 23:30:00,32.76059385,31.979809983333336,30.957167,-1.8034271782470697
2024-05-04 00:00:00,29.378804366666667,32.586752833333335,30.597244,1.218439896028645
2024-05-04 00:30:00,28.94006455,32.18350125,29.279251,0.3391865486328136
2024-05-04 01:00:00,18.493142083333336,28.12376433333333,26.890718,8.397576376749672
2024-05-04 01:30:00,24.19522615,27.1697233,25.726065,1.530838532006836
2024-05-04 02:00:00,22.762359466666663,30.688477816666666,25.870249,3.1078893278890014
2024-05-04 02:30:00,23.572488266666667,30.771542916666665,25.705807,2.133318465511067
2024-05-04 03:00:00,21.051721166666667,27.38889096666667,25.21714,4.165419031087239
2024-05-04 03:30:00,24.50602178333333,29.73185331666667,25.349741,0.8437191987223329
2024-05-04 04:00:00,24.44359773333333,33.72790561666667,27.344057,2.9004593497965523
2024-05-04 04:30:00,26.03707771666667,36.14998621666667,28.461586,2.424508281868487
2024-05-04 05:00:00,29.27136665,29.819432783333337,28.203014,-1.068352276220704
2024-05-04 05:30:00,26.53526598333333,30.93754386666667,29.91685,3.3815831530192106
2024-05-04 06:00:00,30.318331683333337,33.89840225,31.759748,1.4414167755289675
2024-05-04 06:30:00,33.93503008333334,33.022692283333335,33.938156,0.0031260445963496863
2024-05-04 07:00:00,29.437405100000003,31.19638115,31.478668,2.041263112890622
2024-05-04 07:30:00,28.563071233333336,35.2305462,30.44812,1.8850488838541644
2024-05-04 08:00:00,25.984833316666663,34.7668744,30.555824,4.5709909631184935
2024-05-04 08:30:00,24.94533398333333,21.4132473,24.028158,-0.91717579546712
2024-05-04 09:00:00,21.743009466666667,20.21673225,17.021631,-4.72137822582194
2024-05-04 09:30:00,9.388883966666668,6.007782316666667,7.7489896,-1.6398943846049008
2024-05-04 10:00:00,-5.124450033333333,-6.020443433333334,-6.3020196,-1.1775695627665206
2024-05-04 10:30:00,-14.764329916666668,-21.25879385,-18.234505,-3.4701747830403633
2024-05-04 11:00:00,-33.06076388333333,-45.75965285,-38.922516,-5.861751985807295
2024-05-04 11:30:00,-37.10055631666666,-54.51109663333333,-47.512222,-10.4116659733724
2024-05-04 12:00:00,-50.38606541666667,-69.5340728,-58.1593,-7.773236341145832
2024-05-04 12:30:00,-59.41334498333333,-71.24586676666667,-62.322895,-2.9095500667154965
2024-05-04 13:00:00,-53.63459611666667,-60.38020168333333,-55.86936,-2.234765760774735
2024-05-04 13:30:00,-52.06544221666667,-67.22205615,-54.483723,-2.4182804701009104
2024-05-04 14:00:00,-46.46496998333333,-64.58869176666667,-53.388783,-6.92381251788737
2024-05-04 14:30:00,-47.770692333333336,-52.32775215,-50.86435,-3.0936570319010386
2024-05-04 15:00:00,-34.16610381666667,-45.16286386666667,-41.224094,-7.057990574202471
2024-05-04 15:30:00,-22.102009516666666,-23.31624275,-22.332392,-0.23038222222493587
2024-05-04 16:00:00,-13.962120033333331,-6.198557283333334,-10.952012,3.0101079712605774
2024-05-04 16:30:00,-3.764834500000001,6.365231183333333,-0.37945008,3.3853844172210703
2024-05-04 17:00:00,9.381244116666666,9.6520262,8.91268,-0.4685644444254553
2024-05-04 17:30:00,13.49298435,20.9282153,13.365918,-0.12706619051513712
2024-05-04 18:00:00,22.387851183333336,23.334005016666666,20.424175,-1.9636759208821637
2024-05-04 18:30:00,33.98892781666667,20.203604950000003,26.209951,-7.778976415909831
2024-05-04 19:00:00,35.348281033333336,22.785646,26.308216,-9.040064938362633
2024-05-04 19:30:00,36.9844483,31.658795933333334,31.483671,-5.500777111645505
2024-05-04 20:00:00,37.6495866,34.54058371666667,32.769028,-4.880558890039062
2024-05-04 20:30:00,45.05282663333333,32.555589966666666,35.981266,-9.071560611604816
2024-05-04 21:00:00,40.04563718333333,32.91359428333333,35.81749,-4.228147559309889
2024-05-04 21:30:00,37.31981948333333,25.05975001666667,32.92556,-4.3942594857747395
2024-05-04 22:00:00,36.992115,30.64187886666667,32.66318,-4.328933695068358
2024-05-04 22:30:00,32.6521602,23.095915016666662,30.248133,-2.4040274943115207
2024-05-04 23:00:00,31.7765289,30.47384215,30.774208,-1.0023208311523426
2024-05-04 23:30:00,33.62990335,32.76059385,33.07011,-0.5597930289550774
2024-05-05 00:00:00,31.750718433333333,29.378804366666667,30.322548,-1.4281705207356765
2024-05-05 00:30:00,30.26150506666667,28.94006455,28.392282,-1.8692225807047542
2024-05-05 01:00:00,24.10063218333333,18.493142083333336,24.26289,0.1622576787272152
2024-05-05 01:30:00,24.448232583333333,24.19522615,26.322737,1.874504156778972
2024-05-05 02:00:00,24.953683883333337,22.762359466666663,25.358582,0.404897659635413
2024-05-05 02:30:00,26.55096788333333,23.572488266666667,25.598345,-0.9526230804768829
2024-05-05 03:00:00,26.34881503333333,21.051721166666667,24.950592,-1.3982229923177059
2024-05-05 03:30:00,24.12938948333333,24.50602178333333,25.74068,1.6112912112467477
2024-05-05 04:00:00,26.51848315,24.44359773333333,25.663734,-0.8547487139648453
2024-05-05 04:30:00,24.814970433333333,26.03707771666667,25.7704,0.9554286602945972
2024-05-05 05:00:00,26.52106836666667,29.27136665,28.058805,1.537737099031574
2024-05-05 05:30:00,26.574130550000003,26.53526598333333,28.067038,1.4929070323974578
2024-05-05 06:00:00,29.1169321,30.318331683333337,30.44367,1.3267381728271488
2024-05-05 06:30:00,36.00672886666667,33.93503008333334,32.634533,-3.372195938199873
2024-05-05 07:00:00,33.74709011666667,29.437405100000003,32.31804,-1.4290511762369817
2024-05-05 07:30:00,28.35854375,28.563071233333336,30.749853,2.3913093841552744
2024-05-05 08:00:00,29.51603898333333,25.984833316666663,27.861979,-1.6540604524495421
2024-05-05 08:30:00,26.505310516666665,24.94533398333333,23.725042,-2.7802681735270163
2024-05-05 09:00:00,21.829019966666667,21.743009466666667,19.023937,-2.8050827413248705
2024-05-05 09:30:00,9.60932265,9.388883966666668,5.851672,-3.7576504774536126
2024-05-05 10:00:00,0.7728087833333329,-5.124450033333333,0.30981818,-0.46299060491803445
2024-05-05 10:30:00,-10.709923316666666,-14.764329916666668,-12.076107,-1.3661837084798183
2024-05-05 11:00:00,-18.81840558333333,-33.06076388333333,-24.14518,-5.326774165201826
2024-05-05 11:30:00,-39.37420843333334,-37.10055631666666,-42.138657,-2.764448182877601
2024-05-05 12:00:00,-51.93349601666667,-50.38606541666667,-56.28437,-4.350874405696608
2024-05-05 12:30:00,-61.97541326666666,-59.41334498333333,-60.410618,1.5647954382975229
2024-05-05 13:00:00,-53.07187563333333,-53.63459611666667,-56.46181,-3.3899354323405007
2024-05-05 13:30:00,-54.87330655,-52.06544221666667,-57.736397,-2.863090239550779
2024-05-05 14:00:00,-56.87037445000001,-46.46496998333333,-60.164722,-3.294347992626946
2024-05-05 14:30:00,-54.6386622,-47.770692333333336,-55.100334,-0.4616719674804699
2024-05-05 15:00:00,-38.69220943333333,-34.16610381666667,-40.998146,-2.3059366237955743
2024-05-05 15:30:00,-33.9560071,-22.102009516666666,-30.025711,3.9302960404296883
2024-05-05 16:00:00,-10.405874866666666,-13.962120033333331,-10.994264,-0.5883887823201501
2024-05-05 16:30:00,-0.5910467666666667,-3.764834500000001,2.4995522,3.090599016575114
2024-05-05 17:00:00,11.929466233333336,9.381244116666666,9.50172,-2.4277458048665395
2024-05-05 17:30:00,19.397221066666667,13.49298435,15.464326,-3.9328951618204755
2024-05-05 18:00:00,24.88350678333333,22.387851183333336,21.409365,-3.4741420830159484
2024-05-05 18:30:00,32.26868338333333,33.98892781666667,30.121267,-2.1474160646077465
2024-05-05 19:00:00,31.66332728333333,35.348281033333336,32.37631,0.7129811578287786
2024-05-05 19:30:00,27.31563385,36.9844483,33.066093,5.750459594824218
2024-05-05 20:00:00,27.9736182,37.6495866,32.63505,4.661433527294921
2024-05-05 20:30:00,26.93100713333333,45.05282663333333,33.696453,6.765445961149091
2024-05-05 21:00:00,27.86495395,40.04563718333333,33.156082,5.291128203320312
2024-05-05 21:30:00,24.85008,37.31981948333333,29.229279,4.379198564453127
2024-05-05 22:00:00,22.969896666666667,36.992115,25.622622,2.6527248695882157
2024-05-05 22:30:00,25.35778958333333,32.6521602,27.577812,2.22002261149089
2024-05-05 23:00:00,26.37938001666667,31.7765289,30.941038,4.561658115047198
2024-05-05 23:30:00,32.3107334,33.62990335,32.228268,-0.08246573032226223
2024-05-06 00:00:00,38.25199723333333,31.750718433333333,30.899052,-7.3529455670735615
2024-05-06 00:30:00,28.400412783333334,30.26150506666667,28.20899,-0.19142268628743508
2024-05-06 01:00:00,22.370173283333333,24.10063218333333,22.373196,0.003022364860026272
2024-05-06 01:30:00,19.90836898333333,24.448232583333333,23.77432,3.8659516190836634
2024-05-06 02:00:00,27.171758916666665,24.953683883333337,23.8712,-3.3005583551432274
2024-05-06 02:30:00,23.97112775,26.55096788333333,24.43555,0.4644229396972648
2024-05-06 03:00:00,24.62443321666667,26.34881503333333,24.985329,0.3608954576497361
2024-05-06 03:30:00,28.00330753333333,24.12938948333333,26.04957,-1.9537374497151667
2024-05-06 04:00:00,25.017865600000004,26.51848315,26.061895,1.0440297704833945
2024-05-06 04:30:00,24.6483156,24.814970433333333,27.135422,2.4871061529296874
2024-05-06 05:00:00,24.49610673333333,26.52106836666667,27.026329,2.5302223071940126
2024-05-06 05:30:00,24.9359167,26.574130550000003,27.786276,2.850359163647461
2024-05-06 06:00:00,30.20764015,29.1169321,31.086819,0.8791785450683598
2024-05-06 06:30:00,33.576479416666665,36.00672886666667,35.57491,1.9984297935384134
2024-05-06 07:00:00,35.06398566666667,33.74709011666667,35.5848,0.5208150535481764
2024-05-06 07:30:00,27.52053828333333,28.35854375,33.36757,5.847030686393232
2024-05-06 08:00:00,25.0314501,29.51603898333333,32.06086,7.0294095801757805
2024-05-06 08:30:00,16.070862299999998,26.505310516666665,22.072098,6.001235478320314
2024-05-06 09:00:00,3.06971205,21.829019966666667,8.719628,5.6499162840454105
2024-05-06 09:30:00,-14.700595016666668,9.60932265,-8.7495985,5.950996513553875
2024-05-06 10:00:00,-29.539524466666663,0.7728087833333329,-19.927197,9.612327963981116
2024-05-06 10:30:00,-37.1806544,-10.709923316666666,-32.30989,4.870763652929689
2024-05-06 11:00:00,-57.06169071666667,-18.81840558333333,-47.56432,9.497371106070965
2024-05-06 11:30:00,-73.42415328333334,-39.37420843333334,-66.47374,6.950413659309902
2024-05-06 12:00:00,-71.10493458333333,-51.93349601666667,-68.83403,2.2709044319661444
2024-05-06 12:30:00,-80.35288673333334,-61.97541326666666,-79.684845,0.6680417626302102
2024-05-06 13:00:00,-87.91962213333333,-53.07187563333333,-81.607376,6.312246034700522
2024-05-06 13:30:00,-85.27822005,-54.87330655,-81.671524,3.606696002148439
2024-05-06 14:00:00,-84.7130961,-56.87037445000001,-77.29724,7.415854889062501
2024-05-06 14:30:00,-72.0127673,-54.6386622,-65.57071,6.442058071484368
2024-05-06 15:00:00,-60.753196116666665,-38.69220943333333,-52.602642,8.150554057340493
2024-05-06 15:30:00,-34.70397776666667,-33.9560071,-35.410954,-0.7069757550618476
2024-05-06 16:00:00,-19.47794005,-10.405874866666666,-15.086492,4.391448465222169
2024-05-06 16:30:00,-5.688138933333334,-0.5910467666666667,0.11826125,5.80640018120664
2024-05-06 17:00:00,10.240989416666666,11.929466233333336,12.588853,2.3478634657185875
2024-05-06 17:30:00,14.0967922,19.397221066666667,17.018757,2.9219646664550787
2024-05-06 18:00:00,24.928984016666664,24.88350678333333,26.904247,1.9752632672688826
2024-05-06 18:30:00,31.163652266666663,32.26868338333333,32.419712,1.2560597999837277
2024-05-06 19:00:00,35.15110943333334,31.66332728333333,35.36567,0.21455981715494232
2024-05-06 19:30:00,34.2384626,27.31563385,34.24264,0.004178848974611071
2024-05-06 20:00:00,31.586020583333333,27.9736182,35.274395,3.6883744056803387
2024-05-06 20:30:00,34.12252433333333,26.93100713333333,33.96813,-0.1543961289876279
2024-05-06 21:00:00,34.07416571666667,27.86495395,31.373085,-2.7010806946940136
2024-05-06 21:30:00,32.11226623333333,24.85008,28.8169,-3.295365980037431
2024-05-06 22:00:00,30.4890357,22.969896666666667,26.098793,-4.3902426702148425
2024-05-06 22:30:00,19.56904995,25.35778958333333,25.481066,5.91201580012207
2024-05-06 23:00:00,27.363342783333334,26.37938001666667,25.98161,-1.3817334388509117
2024-05-06 23:30:00,29.5701472,32.3107334,29.963657,0.39351017915038966
2024-05-07 00:00:00,32.08210436666666,38.25199723333333,32.60098,0.5188744846516968
2024-05-07 00:30:00,26.4666022,28.400412783333334,28.35054,1.883937961132812
2024-05-07 01:00:00,21.665459350000003,22.370173283333333,23.75414,2.0886815038818334
2024-05-07 01:30:00,19.712047166666668,19.90836898333333,21.788105,2.07605784431966
2024-05-07 02:00:00,21.40480885,27.171758916666665,25.908014,4.503205447485353
2024-05-07 02:30:00,20.56174668333333,23.97112775,24.9979,4.4361533258219445
2024-05-07 03:00:00,18.1938423,24.62443321666667,24.07475,5.880908600268555
2024-05-07 03:30:00,20.26675231666667,28.00330753333333,25.759739,5.492986605452472
2024-05-07 04:00:00,23.503295166666664,25.017865600000004,26.35731,2.854014174764
2024-05-07 04:30:00,26.97279765,24.6483156,26.14279,-0.8300078093017582
2024-05-07 05:00:00,26.917927416666668,24.49610673333333,27.562483,0.6445554171956367
2024-05-07 05:30:00,28.4747745,24.9359167,28.459024,-0.015750070678709704
2024-05-07 06:00:00,30.26777273333333,30.20764015,32.009956,1.7421836265299504
2024-05-07 06:30:00,37.56361665,33.576479416666665,35.767307,-1.7963093685058595
2024-05-07 07:00:00,43.246807716666666,35.06398566666667,37.590572,-5.656235359488932
2024-05-07 07:30:00,40.546706633333336,27.52053828333333,35.98075,-4.56595559573568
2024-05-07 08:00:00,33.6661106,25.0314501,33.298183,-0.36792715883789384
2024-05-07 08:30:00,24.927043816666668,16.070862299999998,24.429148,-0.49789609632975385
2024-05-07 09:00:00,10.933139366666666,3.06971205,12.117128,1.1839890055257172
2024-05-07 09:30:00,-2.663017416666666,-14.700595016666668,-3.8146803,-1.1516629212392178
2024-05-07 10:00:00,-17.811011616666665,-29.539524466666663,-13.423487,4.387524907071938
2024-05-07 10:30:00,-29.2758046,-37.1806544,-25.021294,4.254510959863282
2024-05-07 11:00:00,-50.33122441666666,-57.06169071666667,-43.103462,7.227762197428376
2024-05-07 11:30:00,-65.15579831666666,-73.42415328333334,-63.439075,1.7167228466959585
2024-05-07 12:00:00,-64.85884708333333,-71.10493458333333,-66.714325,-1.8554778678385446
2024-05-07 12:30:00,-68.09237385,-80.35288673333334,-72.5508,-4.458422658789061
2024-05-07 13:00:00,-84.40973168333333,-87.91962213333333,-85.25805,-0.848317327897135
2024-05-07 13:30:00,-86.31571936666667,-85.27822005,-84.52378,1.7919385439127637
2024-05-07 14:00:00,-78.0649433,-84.7130961,-77.69254,0.3724002702148397
2024-05-07 14:30:00,-68.76822836666666,-72.0127673,-71.50837,-2.740141079134119
2024-05-07 15:00:00,-58.2168677,-60.753196116666665,-49.95833,8.25853945292969
2024-05-07 15:30:00,-40.54857278333333,-34.70397776666667,-34.63798,5.910591368538405
2024-05-07 16:00:00,-22.900599433333337,-19.47794005,-13.624225,9.276374770552575
2024-05-07 16:30:00,-6.907248350000001,-5.688138933333334,-6.0251493,0.8820990046020514
2024-05-07 17:00:00,2.511114916666667,10.240989416666666,6.3747644,3.8636495257771806
2024-05-07 17:30:00,8.391970550000002,14.0967922,11.965881,3.5739107976562483
2024-05-07 18:00:00,14.13739675,24.928984016666664,18.727554,4.590157571289062
2024-05-07 18:30:00,21.261828316666666,31.163652266666663,25.196852,3.935023413680014
2024-05-07 19:00:00,24.908477766666664,35.15110943333334,29.27843,4.369953172054039
2024-05-07 19:30:00,26.5117444,34.2384626,31.722002,5.210257629418944
2024-05-07 20:00:00,26.604795733333333,31.586020583333333,30.686068,4.081271847843425
2024-05-07 20:30:00,30.107315966666665,34.12252433333333,32.815163,2.7078466920247415
2024-05-07 21:00:00,29.688182183333332,34.07416571666667,31.299131,1.6109492100992853
2024-05-07 21:30:00,27.18838513333333,32.11226623333333,30.508514,3.3201292709635446
2024-05-07 22:00:00,27.02483728333333,30.4890357,29.358046,2.3332082946696
2024-05-07 22:30:00,22.97487,19.56904995,25.358736,2.3838660382080086
2024-05-07 23:00:00,27.83353723333333,27.363342783333334,30.697018,2.8634804363444033
2024-05-07 23:30:00,27.0877588,29.5701472,31.97558,4.887821415454102
2024-05-08 00:00:00,28.76073285,32.08210436666666,32.11252,3.351785460546875
2024-05-08 00:30:00,32.31080168333333,26.4666022,30.031946,-2.2788555010823544
2024-05-08 01:00:00,24.85276335,21.665459350000003,25.29635,0.44358712912597653
2024-05-08 01:30:00,22.476285766666667,19.712047166666668,23.701576,1.2252904662434894
2024-05-08 02:00:00,20.893447750000004,21.40480885,23.980482,3.087034351440426
2024-05-08 02:30:00,20.876262933333333,20.56174668333333,25.253817,4.377553671280925
2024-05-08 03:00:00,25.09624558333333,18.1938423,24.671345,-0.4249008262532534
2024-05-08 03:30:00,26.34087223333333,20.26675231666667,24.587158,-1.7537140302083287
2024-05-08 04:00:00,29.05702235,23.503295166666664,24.689009,-4.368013637231446
2024-05-08 04:30:00,28.663257666666667,26.97279765,27.255733,-1.4075241766764321
2024-05-08 05:00:00,27.3812383,26.917927416666668,27.560516,0.1792780574218753
2024-05-08 05:30:00,28.1073974,28.4747745,28.936083,0.8286854399658203
2024-05-08 06:00:00,31.343069983333333,30.26777273333333,33.023163,1.6800928584635422
2024-05-08 06:30:00,33.410000016666665,37.56361665,34.971737,1.5617368912923197
2024-05-08 07:00:00,44.53768453333333,43.246807716666666,42.04219,-2.495493981575521
2024-05-08 07:30:00,41.9272106,40.546706633333336,39.800198,-2.127012998681643
2024-05-08 08:00:00,37.46503603333333,33.6661106,32.30754,-5.157495139778639
2024-05-08 08:30:00,29.11779278333333,24.927043816666668,25.110472,-4.007321057869461
2024-05-08 09:00:00,19.809477366666663,10.933139366666666,13.226163,-6.583314456205237
2024-05-08 09:30:00,2.5410366166666662,-2.663017416666666,2.1534142,-0.38762236724650023
2024-05-08 10:00:00,-13.002986516666668,-17.811011616666665,-11.587095,1.4158912560465513
2024-05-08 10:30:00,-21.11234178333333,-29.2758046,-19.780655,1.3316868761067688
2024-05-08 11:00:00,-40.02794505,-50.33122441666666,-40.848537,-0.8205923950683598
2024-05-08 11:30:00,-53.86032721666667,-65.15579831666666,-56.472355,-2.612027672249347
2024-05-08 12:00:00,-63.42120545,-64.85884708333333,-61.741917,1.6792887935058616
2024-05-08 12:30:00,-75.83675206666666,-68.09237385,-71.77722,4.059530386979162
2024-05-08 13:00:00,-81.62194935000001,-84.40973168333333,-79.39629,2.2256557098632896
2024-05-08 13:30:00,-78.05903781666667,-86.31571936666667,-83.11948,-5.060438501692701
2024-05-08 14:00:00,-69.31941223333332,-78.0649433,-71.40877,-2.0893554668619885
2024-05-08 14:30:00,-67.54101778333333,-68.76822836666666,-62.065037,5.47598100965169
2024-05-08 15:00:00,-51.18248273333333,-58.2168677,-47.61721,3.5652723451497366
2024-05-08 15:30:00,-35.00816878333333,-40.54857278333333,-34.597153,0.41101607337239443
2024-05-08 16:00:00,-17.444577433333333,-22.900599433333337,-16.923986,0.5205909983968091
2024-05-08 16:30:00,-2.984939583333334,-6.907248350000001,-2.082317,0.9026224694569911
2024-05-08 17:00:00,11.9273778,2.511114916666667,9.953599,-1.9737788238647465
2024-05-08 17:30:00,18.793676283333333,8.391970550000002,14.272742,-4.520934011909993
2024-05-08 18:00:00,23.999779583333336,14.13739675,22.739326,-1.2604531062825544
2024-05-08 18:30:00,28.890758833333333,21.261828316666666,25.178003,-3.7127555221761064
2024-05-08 19:00:00,31.18814106666667,24.908477766666664,28.473444,-2.7146970816813187
2024-05-08 19:30:00,30.236450116666663,26.5117444,27.246923,-2.98952667001139
2024-05-08 20:00:00,28.393624483333337,26.604795733333333,29.626766,1.2331417215006475
2024-05-08 20:30:00,27.16116458333333,30.107315966666665,31.775537,4.614372907511395
2024-05-08 21:00:00,30.313080483333334,29.688182183333332,32.39978,2.0866997901041664
2024-05-08 21:30:00,32.61168045,27.18838513333333,31.160572,-1.4511083979980484
2024-05-08 22:00:00,29.25887446666667,27.02483728333333,29.638197,0.3793224785237612
2024-05-08 22:30:00,25.92964225,22.97487,24.205902,-1.7237401503906256
2024-05-08 23:00:00,30.23903388333333,27.83353723333333,30.654572,0.415537649869794
2024-05-08 23:30:00,30.206494466666665,27.0877588,32.41846,2.2119663792806
2024-05-09 00:00:00,30.3001478,28.76073285,30.98274,0.6825926022216784
2024-05-09 00:30:00,26.79651983333333,32.31080168333333,30.280191,3.483671588175458
2024-05-09 01:00:00,24.583791233333333,24.85276335,26.77433,2.1905389058268234
2024-05-09 01:30:00,27.03984945,22.476285766666667,23.866528,-3.1733218926269515
2024-05-09 02:00:00,27.533539516666668,20.893447750000004,25.029068,-2.5044715235026054
2024-05-09 02:30:00,30.180029333333334,20.876262933333333,24.425875,-5.754154623250326
2024-05-09 03:00:00,33.74634283333334,25.09624558333333,25.2021,-8.544242079549157
2024-05-09 03:30:00,32.0031821,26.34087223333333,25.849934,-6.153248475732418
2024-05-09 04:00:00,35.43203043333333,29.05702235,27.986734,-7.445296043074542
2024-05-09 04:30:00,33.8056399,28.663257666666667,30.604523,-3.2011171949218777
2024-05-09 05:00:00,32.34308288333333,27.3812383,29.9481,-2.3949837469807918
2024-05-09 05:30:00,25.7439222,28.1073974,29.808096,4.064173732006836
2024-05-09 06:00:00,31.09252225,31.343069983333333,33.762753,2.670230282958986
2024-05-09 06:30:00,34.940864299999994,33.410000016666665,36.354443,1.4135782964355528
2024-05-09 07:00:00,40.829373116666666,44.53768453333333,40.026527,-0.8028457118815098
2024-05-09 07:30:00,37.62889665,41.9272106,41.084724,3.4558277762695297
2024-05-09 08:00:00,28.92139776666667,37.46503603333333,34.78041,5.859012999934894
2024-05-09 08:30:00,26.1142679,29.11779278333333,25.637001,-0.4772668624023453
2024-05-09 09:00:00,8.015759516666666,19.809477366666663,14.378632,6.362872075130209
2024-05-09 09:30:00,1.1818804833333336,2.5410366166666662,2.061713,0.8798324969370521
2024-05-09 10:00:00,-8.0595667,-13.002986516666668,-13.2544985,-5.194931781750489
2024-05-09 10:30:00,-10.938141533333336,-21.11234178333333,-18.105433,-7.16729097704264
2024-05-09 11:00:00,-25.289185466666662,-40.02794505,-34.9708,-9.681613025764978
2024-05-09 11:30:00,-36.323083450000006,-53.86032721666667,-43.215794,-6.892710159619135
2024-05-09 12:00:00,-37.240085416666666,-63.42120545,-48.8875,-11.647415346272787
2024-05-09 12:30:00,-40.80537783333333,-75.83675206666666,-49.82339,-9.018013127360028
2024-05-09 13:00:00,-64.47286966666667,-81.62194935000001,-68.065254,-3.5923845447591134
2024-05-09 13:30:00,-64.1920533,-78.05903781666667,-63.31893,0.873121720410154
2024-05-09 14:00:00,-59.74697733333333,-69.31941223333332,-59.963554,-0.21657704899089225
2024-05-09 14:30:00,-43.49684776666667,-67.54101778333333,-50.024845,-6.527997356624347
2024-05-09 15:00:00,-32.111773516666666,-51.18248273333333,-38.36265,-6.250878308284506
2024-05-09 15:30:00,-9.0606244,-35.00816878333333,-21.658215,-12.597590169091797
2024-05-09 16:00:00,3.1598957666666663,-17.444577433333333,-4.754464,-7.914359916141764
2024-05-09 16:30:00,8.951827016666668,-2.984939583333334,0.91832787,-8.033499148681896
2024-05-09 17:00:00,10.3517929,11.9273778,10.771202,0.41940918740234423
2024-05-09 17:30:00,14.998535016666668,18.793676283333333,15.266548,0.2680131400716128
2024-05-09 18:00:00,19.7914012,23.999779583333336,20.828112,1.036710448559571
2024-05-09 18:30:00,25.84193428333333,28.890758833333333,26.03944,0.19750587169596656
2024-05-09 19:00:00,28.233485483333336,31.18814106666667,29.261683,1.0281970270426406
2024-05-09 19:30:00,35.96826316666667,30.236450116666663,32.497883,-3.4703803236490884
2024-05-09 20:00:00,39.995422266666665,28.393624483333337,33.728638,-6.266784571354165
2024-05-09 20:30:00,35.57882781666667,27.16116458333333,33.266247,-2.3125810210123703
2024-05-09 21:00:00,31.9740267,30.313080483333334,32.491703,0.517676333447266
2024-05-09 21:30:00,36.015890033333335,32.61168045,31.628721,-4.387168796150718
2024-05-09 22:00:00,25.812938916666667,29.25887446666667,30.752068,4.939128649251302
2024-05-09 22:30:00,28.51940451666667,25.92964225,27.61246,-0.9069453339274105
2024-05-09 23:00:00,30.238829300000003,30.23903388333333,31.49793,1.2591012267333959
2024-05-09 23:30:00,34.56331836666667,30.206494466666665,34.3279,-0.23541843380534289
2024-05-10 00:00:00,30.60544218333333,30.3001478,33.267746,2.6623037883463567
2024-05-10 00:30:00,30.8672316,26.79651983333333,30.236118,-0.6311132833496096
2024-05-10 01:00:00,28.866038316666664,24.583791233333333,26.407627,-2.4584112109537735
2024-05-10 01:30:00,27.0608684,27.03984945,26.150599,-0.9102698739990238
2024-05-10 02:00:00,25.834901016666667,27.533539516666668,26.439394,0.6044929805257162
2024-05-10 02:30:00,27.038251666666667,30.180029333333334,27.407867,0.36961576497395754
2024-05-10 03:00:00,26.898262116666668,33.74634283333334,29.198856,2.3005942370930974
2024-05-10 03:30:00,22.516574966666667,32.0031821,30.086218,7.569642913582356
2024-05-10 04:00:00,23.790829416666668,35.43203043333333,29.61618,5.825351003255207
2024-05-10 04:30:00,28.28602275,33.8056399,30.046087,1.7600645150146477
2024-05-10 05:00:00,27.3630179,32.34308288333333,29.43772,2.0747014450927743
2024-05-10 05:30:00,27.607245616666663,25.7439222,28.941114,1.3338688089925164
2024-05-10 06:00:00,33.406930016666664,31.09252225,32.66583,-0.7411013118326792
2024-05-10 06:30:00,42.23326776666666,34.940864299999994,35.205986,-7.027281743717438
2024-05-10 07:00:00,42.44073255,40.829373116666666,38.953197,-3.487535070751953
2024-05-10 07:30:00,35.48769931666667,37.62889665,37.41019,1.9224912656087199
2024-05-10 08:00:00,33.08599171666667,28.92139776666667,32.582695,-0.5032967093424503
2024-05-10 08:30:00,28.95067686666667,26.1142679,27.779453,-1.171223589078778
2024-05-10 09:00:00,19.8975011,8.015759516666666,17.643618,-2.2538834699951167
2024-05-10 09:30:00,12.064032866666668,1.1818804833333336,7.0751185,-4.988914324949139
2024-05-10 10:00:00,3.288085333333333,-8.0595667,-2.716946,-6.005031219945272
2024-05-10 10:30:00,0.0444312000000003,-10.938141533333336,-10.224927,-10.269358148547363
2024-05-10 11:00:00,-20.93742275,-25.289185466666662,-22.848099,-1.9106760048828129
2024-05-10 11:30:00,-42.8475073,-36.323083450000006,-40.7796,2.0679090639160123
2024-05-10 12:00:00,-42.328032150000006,-37.240085416666666,-42.575214,-0.2471822359863225
2024-05-10 12:30:00,-35.42459543333333,-40.80537783333333,-35.151566,0.27302988157551766
2024-05-10 13:00:00,-36.58531115,-64.47286966666667,-42.72352,-6.138207221582029
2024-05-10 13:30:00,-43.76915006666667,-64.1920533,-45.378223,-1.6090733525227847
2024-05-10 14:00:00,-46.52731545,-59.74697733333333,-44.742157,1.7851584675781282
2024-05-10 14:30:00,-42.21797903333333,-43.49684776666667,-43.57087,-1.3528904124674526
2024-05-10 15:00:00,-29.396324466666663,-32.111773516666666,-36.221367,-6.825042415657556
2024-05-10 15:30:00,-18.87792838333333,-9.0606244,-16.032263,2.845665581209307
2024-05-10 16:00:00,-1.4354778000000004,3.1598957666666663,-7.0445986,-5.609120779406738
2024-05-10 16:30:00,1.8588133666666664,8.951827016666668,5.9995246,4.140711226686605
2024-05-10 17:00:00,13.201257266666667,10.3517929,14.509444,1.3081869700887037
2024-05-10 17:30:00,19.288054383333336,14.998535016666668,19.76152,0.47346600240885195
2024-05-10 18:00:00,23.88170653333333,19.7914012,24.577137,0.6954304600748742
2024-05-10 18:30:00,32.020224533333334,25.84193428333333,28.770697,-3.2495278933186853
2024-05-10 19:00:00,37.285375083333335,28.233485483333336,33.941746,-3.3436293252766944
2024-05-10 19:30:00,31.14636391666667,35.96826316666667,33.752777,2.606413182942706
2024-05-10 20:00:00,36.11405385,39.995422266666665,37.47253,1.3584765149902367
2024-05-10 20:30:00,38.4263,35.57882781666667,35.952248,-2.4740523803710914
2024-05-10 21:00:00,37.4146483,31.9740267,34.924408,-2.490240341015628
2024-05-10 21:30:00,34.46242341666667,36.015890033333335,34.859417,0.3969935450032551
2024-05-10 22:00:00,32.57715615,25.812938916666667,31.63325,-0.9439068671630864
2024-05-10 22:30:00,31.09518215,28.51940451666667,32.231224,1.1360419100585943
2024-05-10 23:00:00,32.347235000000005,30.238829300000003,33.75094,1.403703415527339
2024-05-10 23:30:00,33.365066266666666,34.56331836666667,34.15422,0.7891543143880213
2024-05-11 00:00:00,29.97963101666667,30.60544218333333,32.94718,2.967550684993487
2024-05-11 00:30:00,30.0426444,30.8672316,29.34226,-0.7003840392822269
2024-05-11 01:00:00,24.664748966666664,28.866038316666664,27.266802,2.602052867439781
2024-05-11 01:30:00,23.107868366666665,27.0608684,27.451496,4.343627757600913
2024-05-11 02:00:00,24.04414728333333,25.834901016666667,25.474377,1.4302293951334661
2024-05-11 02:30:00,22.78540563333333,27.038251666666667,25.630354,2.844948294278975
2024-05-11 03:00:00,21.359308316666667,26.898262116666668,26.58427,5.224962160628255
2024-05-11 03:30:00,21.77944448333333,22.516574966666667,25.52802,3.7485763754313197
2024-05-11 04:00:00,24.9427956,23.790829416666668,25.54569,0.6028949364990233
2024-05-11 04:30:00,22.21665673333333,28.28602275,28.205715,5.989058446110029
2024-05-11 05:00:00,29.825554633333336,27.3630179,28.961857,-0.8636977912923207
2024-05-11 05:30:00,29.25645558333333,27.607245616666663,29.963638,0.7071827223307317
2024-05-11 06:00:00,27.759812816666667,33.406930016666664,32.39126,4.631445423079427
2024-05-11 06:30:00,33.565240583333335,42.23326776666666,35.81411,2.248869218912759
2024-05-11 07:00:00,29.2805698,42.44073255,35.13406,5.853490106005861
2024-05-11 07:30:00,24.854992733333333,35.48769931666667,32.7485,7.8935080906412765
2024-05-11 08:00:00,31.52264325,33.08599171666667,31.19367,-0.3289729771728531
2024-05-11 08:30:00,27.470296633333334,28.95067686666667,26.72756,-0.7427365899983727
2024-05-11 09:00:00,23.24437883333333,19.8975011,19.318974,-3.925405292073563
2024-05-11 09:30:00,11.404405116666666,12.064032866666668,7.1153336,-4.28907155953776
2024-05-11 10:00:00,8.437128966666668,3.288085333333333,0.390116,-8.047012960530727
2024-05-11 10:30:00,5.425583383333334,0.0444312000000003,-4.2501755,-9.675758859407551
2024-05-11 11:00:00,-12.113298233333332,-20.93742275,-16.294859,-4.1815606991617855
2024-05-11 11:30:00,-18.13984895,-42.8475073,-34.126713,-15.986863849072265
2024-05-11 12:00:00,-14.725068883333336,-42.328032150000006,-32.256,-17.530931635465492
2024-05-11 12:30:00,-24.880614999999995,-35.42459543333333,-37.287838,-12.40722298217774
2024-05-11 13:00:00,-22.2397223,-36.58531115,-36.451458,-14.211735677294921
2024-05-11 13:30:00,-31.91758948333333,-43.76915006666667,-41.134354,-9.216764154361982
2024-05-11 14:00:00,-34.48122733333334,-46.52731545,-39.41271,-4.931480949137367
2024-05-11 14:30:00,-22.182101083333333,-42.21797903333333,-36.016525,-13.834424185221355
2024-05-11 15:00:00,-22.0763678,-29.396324466666663,-24.38321,-2.306841428515625
2024-05-11 15:30:00,-9.3067323,-18.87792838333333,-13.666165,-4.359433051867676
2024-05-11 16:00:00,4.566209333333333,-1.4354778000000004,-3.2853968,-7.851606147679647
2024-05-11 16:30:00,10.432967333333332,1.8588133666666664,6.15317,-4.279797224538166
2024-05-11 17:00:00,21.515818266666667,13.201257266666667,16.868786,-4.64703240851237
2024-05-11 17:30:00,21.69407273333333,19.288054383333336,19.054977,-2.639095316341141
2024-05-11 18:00:00,29.64759395,23.88170653333333,24.298014,-5.349580262866212
2024-05-11 18:30:00,33.93828265,32.020224533333334,31.17941,-2.7588717155517557
2024-05-11 19:00:00,32.577198366666664,37.285375083333335,34.071587,1.4943882422200545
2024-05-11 19:30:00,35.292822183333335,31.14636391666667,33.561733,-1.731088937483726
2024-05-11 20:00:00,34.28438665,36.11405385,35.48484,1.2004537430664044
2024-05-11 20:30:00,36.64230236666666,38.4263,39.525806,2.883504060335291
2024-05-11 21:00:00,39.514453333333336,37.4146483,37.801693,-1.7127603706868513
2024-05-11 21:30:00,43.55832121666666,34.46242341666667,37.378654,-6.179666736686194
2024-05-11 22:00:00,38.57314953333333,32.57715615,33.021606,-5.5515430880208285
2024-05-11 22:30:00,35.15301165,31.09518215,31.91193,-3.2410815657714878
2024-05-11 23:00:00,34.29363778333333,32.347235000000005,32.623405,-1.6702323267903623
2024-05-11 23:30:00,32.947266750000004,33.365066266666666,34.775032,1.827765293457027
2024-05-12 00:00:00,32.52923056666666,29.97963101666667,31.53902,-0.990210028336584
2024-05-12 00:30:00,29.065286766666663,30.0426444,29.83323,0.7679422982747433
2024-05-12 01:00:00,26.807013766666667,24.664748966666664,27.480371,0.6733577085530591
2024-05-12 01:30:00,25.71125385,23.107868366666665,25.014215,-0.697038380639647
2024-05-12 02:00:00,23.840852883333337,24.04414728333333,25.977837,2.1369837255533817
2024-05-12 02:30:00,23.28671266666667,22.78540563333333,24.969374,1.6826610363362597
2024-05-12 03:00:00,25.387145,21.359308316666667,24.63967,-0.7474755816650394
2024-05-12 03:30:00,27.34430505,21.77944448333333,23.612858,-3.7314472313964835
2024-05-12 04:00:00,23.91492715,24.9427956,24.874075,0.9591477859130855
2024-05-12 04:30:00,27.816544983333333,22.21665673333333,25.86705,-1.9494948124348959
2024-05-12 05:00:00,30.6252239,29.825554633333336,29.30119,-1.3240344773925798
2024-05-12 05:30:00,31.822813916666664,29.25645558333333,29.811983,-2.0108308081461566
2024-05-12 06:00:00,34.12267833333333,27.759812816666667,31.198452,-2.9242263374837236
2024-05-12 06:30:00,39.77873336666666,33.565240583333335,35.91903,-3.859704130826813
2024-05-12 07:00:00,37.17003115,29.2805698,34.604317,-2.5657144385742185
2024-05-12 07:30:00,26.9453107,24.854992733333333,29.011425,2.0661143183105466
2024-05-12 08:00:00,24.110063416666662,31.52264325,27.134436,3.024372237019861
2024-05-12 08:30:00,21.038686616666663,27.470296633333334,24.793652,3.754964964143884
2024-05-12 09:00:00,14.803168833333332,23.24437883333333,15.700916,0.8977474569498707
2024-05-12 09:30:00,-2.371208249999999,11.404405116666666,2.4494774,4.820685684158324
2024-05-12 10:00:00,-11.611979483333334,8.437128966666668,-8.394478,3.217501639095053
2024-05-12 10:30:00,-26.46128175,5.425583383333334,-22.15387,4.307412121093751
2024-05-12 11:00:00,-31.8661429,-12.113298233333332,-29.349436,2.5167070937255858
2024-05-12 11:30:00,-47.67592003333333,-18.13984895,-44.488552,3.1873679398274675
2024-05-12 12:00:00,-61.98802893333333,-14.725068883333336,-55.381657,6.606372286604817
2024-05-12 12:30:00,-68.5954868,-24.880614999999995,-63.429714,5.165772597119144
2024-05-12 13:00:00,-75.76372495,-22.2397223,-65.207085,10.556640294238278
2024-05-12 13:30:00,-68.7489145,-31.91758948333333,-62.257164,6.491750498535154
2024-05-12 14:00:00,-70.76099233333333,-34.48122733333334,-65.842575,4.918417260091147
2024-05-12 14:30:00,-59.24641266666666,-22.182101083333333,-52.802242,6.444170387613923
2024-05-12 15:00:00,-45.12583953333333,-22.0763678,-40.04667,5.079170526985671
2024-05-12 15:30:00,-25.346724483333333,-9.3067323,-21.924109,3.422615978084309
2024-05-12 16:00:00,-10.059461716666666,4.566209333333333,-8.676544,1.3829175272135412
2024-05-12 16:30:00,3.497517149999999,10.432967333333332,5.0131483,1.5156311578002941
2024-05-12 17:00:00,12.915384916666667,21.515818266666667,14.973704,2.058319421407063
2024-05-12 17:30:00,19.347768783333333,21.69407273333333,18.444254,-0.9035148618245437
2024-05-12 18:00:00,25.027589833333334,29.64759395,24.96481,-0.06278041560872438
2024-05-12 18:30:00,28.89641658333333,33.93828265,30.971436,2.0750189635416696
2024-05-12 19:00:00,30.51649675,32.577198366666664,33.05797,2.5414713896484358
2024-05-12 19:30:00,24.23946888333333,35.292822183333335,31.78293,7.543461490812177
2024-05-12 20:00:00,27.57849785,34.28438665,32.521015,4.942517317236327
2024-05-12 20:30:00,32.02753765,36.64230236666666,33.661007,1.633469277490235
2024-05-12 21:00:00,35.41382003333333,39.514453333333336,35.029026,-0.38479400183918955
2024-05-12 21:30:00,29.4284832,43.55832121666666,33.91264,4.484156417919923
2024-05-12 22:00:00,24.58136323333333,38.57314953333333,32.27218,7.690815416569013
2024-05-12 22:30:00,21.64561003333333,35.15301165,28.896294,7.250683606803388
2024-05-12 23:00:00,25.2770223,34.29363778333333,30.319448,5.042426171069337
2024-05-12 23:30:00,32.19729443333333,32.947266750000004,31.545511,-0.651783187605794
2024-05-13 00:00:00,37.38021675,32.52923056666666,34.083466,-3.2967511738281274
2024-05-13 00:30:00,37.02561993333333,29.065286766666663,30.155378,-6.870241591658527
2024-05-13 01:00:00,26.950809433333333,26.807013766666667,25.909842,-1.0409678958577473
2024-05-13 01:30:00,26.5313745,25.71125385,25.505947,-1.025427386962889
2024-05-13 02:00:00,24.349727266666665,23.840852883333337,25.69534,1.345611936214194
2024-05-13 02:30:00,26.790075533333333,23.28671266666667,25.511616,-1.2784597801595048
2024-05-13 03:00:00,27.62108675,25.387145,25.437063,-2.184023532836914
2024-05-13 03:30:00,31.909137333333334,27.34430505,27.606443,-4.3026939281819665
2024-05-13 04:00:00,31.96683815,23.91492715,29.623434,-2.34340408322754
2024-05-13 04:30:00,30.168132216666667,27.816544983333333,30.125818,-0.042313964103190216
2024-05-13 05:00:00,32.19137623333334,30.6252239,32.53224,0.34086558795572586
2024-05-13 05:30:00,26.63207115,31.822813916666664,31.016306,4.3842347734619125
2024-05-13 06:00:00,30.69422835,34.12267833333333,33.68324,2.9890106331542974
2024-05-13 06:30:00,33.52269115,39.77873336666666,38.803288,5.280596356103516
2024-05-13 07:00:00,37.6117996,37.17003115,37.792747,0.18094789755859608
2024-05-13 07:30:00,35.49911878333334,26.9453107,35.415363,-0.08375547156575891
2024-05-13 08:00:00,20.438769516666667,24.110063416666662,29.655468,9.21669847039388
2024-05-13 08:30:00,13.20055395,21.038686616666663,19.068213,5.867658559155274
2024-05-13 09:00:00,-0.4370544499999995,14.803168833333332,9.2531805,9.690234953845215
2024-05-13 09:30:00,-13.330850533333331,-2.371208249999999,-5.868795,7.462055615273028
2024-05-13 10:00:00,-33.67799288333333,-11.611979483333334,-22.60056,11.077433648714191
2024-05-13 10:30:00,-43.1426478,-26.46128175,-34.217796,8.924851474316405
2024-05-13 11:00:00,-48.301381633333335,-31.8661429,-42.886974,5.414407298616538
2024-05-13 11:30:00,-70.96436171666666,-47.67592003333333,-61.805126,9.159235526481112
2024-05-13 12:00:00,-79.0615499,-61.98802893333333,-74.04892,5.012630222265628
2024-05-13 12:30:00,-71.07329273333333,-68.5954868,-72.55987,-1.4865751255533866
2024-05-13 13:00:00,-76.35662013333332,-75.76372495,-77.14565,-0.7890326376627712
2024-05-13 13:30:00,-81.57371653333333,-68.7489145,-79.08803,2.4856885792317627
2024-05-13 14:00:00,-73.62711723333332,-70.76099233333333,-72.89467,0.7324486542317601
2024-05-13 14:30:00,-59.10954771666667,-59.24641266666666,-54.523758,4.585789782096356
2024-05-13 15:00:00,-35.612126233333335,-45.12583953333333,-45.170532,-9.558405993229165
2024-05-13 15:30:00,-20.117638466666666,-25.346724483333333,-22.215145,-2.0975066444173187
2024-05-13 16:00:00,-7.427348899999999,-10.059461716666666,-7.921047,-0.4936983106933601
2024-05-13 16:30:00,-0.0508516000000001,3.497517149999999,1.5117157,1.5625672505584718
2024-05-13 17:00:00,9.5521866,12.915384916666667,13.419794,3.867607482641601
2024-05-13 17:30:00,11.386096583333334,19.347768783333333,15.392294,4.006197346720377
2024-05-13 18:00:00,17.885141049999998,25.027589833333334,23.997385,6.112243975024416
2024-05-13 18:30:00,25.312879383333332,28.89641658333333,29.316502,4.003622234098309
2024-05-13 19:00:00,30.45103553333333,30.51649675,35.098625,4.64758964977214
2024-05-13 19:30:00,28.61257288333333,24.23946888333333,31.715261,3.1026885760172576
2024-05-13 20:00:00,26.695547116666663,27.57849785,30.969547,4.274000155061852
2024-05-13 20:30:00,27.916776533333334,32.02753765,34.206913,6.290136461051432
2024-05-13 21:00:00,29.437801,35.41382003333333,34.175144,4.73734319555664
2024-05-13 21:30:00,27.09043266666667,29.4284832,30.574738,3.4843048821614566
2024-05-13 22:00:00,20.8922346,24.58136323333333,27.144367,6.25213261801758
2024-05-13 22:30:00,19.957958316666662,21.64561003333333,24.376467,4.4185084344319705
2024-05-13 23:00:00,23.73117158333333,25.2770223,26.948446,3.2172746904703793
2024-05-13 23:30:00,27.35730116666667,32.19729443333333,30.980913,3.623611995564776
2024-05-14 00:00:00,23.60002893333333,37.38021675,30.753775,7.153745709611005
2024-05-14 00:30:00,22.3474505,37.02561993333333,30.743443,8.39599203540039
2024-05-14 01:00:00,19.290033266666665,26.950809433333333,24.909344,5.619310452815757
2024-05-14 01:30:00,19.257700016666668,26.5313745,23.407904,4.150203654597981
2024-05-14 02:00:00,24.1053599,24.349727266666665,22.996962,-1.1083983063720702
2024-05-14 02:30:00,25.19257041666667,26.790075533333333,23.665762,-1.5268084690348331
2024-05-14 03:00:00,20.308189533333334,27.62108675,24.170856,3.8626669424967446
2024-05-14 03:30:00,24.655180966666663,31.909137333333334,26.218718,1.5635366084065794
2024-05-14 04:00:00,23.69475721666667,31.96683815,27.523272,3.8285143440022757
2024-05-14 04:30:00,26.87851278333333,30.168132216666667,29.12437,2.2458577916178406
2024-05-14 05:00:00,30.356940716666667,32.19137623333334,31.46786,1.1109185515218094
2024-05-14 05:30:00,25.837433216666668,26.63207115,29.094955,3.25752222766927
2024-05-14 06:00:00,33.412265,30.69422835,31.67923,-1.7330352636718729
2024-05-14 06:30:00,33.59778273333333,33.52269115,35.901726,2.3039430357096364
2024-05-14 07:00:00,38.07545503333333,37.6117996,38.768238,0.6927830342936261
2024-05-14 07:30:00,40.9801595,35.49911878333334,35.84018,-5.139980056640624
2024-05-14 08:00:00,32.3040351,20.438769516666667,28.194216,-4.109819325463867
2024-05-14 08:30:00,18.78216995,13.20055395,20.627155,1.844985353955078
2024-05-14 09:00:00,11.4916484,-0.4370544499999995,8.813307,-2.678341591528321
2024-05-14 09:30:00,1.5576723000000003,-13.330850533333331,-2.368789,-3.9264612575958253
2024-05-14 10:00:00,-22.346378400000003,-33.67799288333333,-23.721731,-1.3753527859130834
2024-05-14 10:30:00,-33.648403816666665,-43.1426478,-33.07966,0.5687453083658838
2024-05-14 11:00:00,-50.69843333333333,-48.301381633333335,-47.58618,3.112251692708327
2024-05-14 11:30:00,-65.47989496666666,-70.96436171666666,-62.588367,2.89152750450846
2024-05-14 12:00:00,-81.35201430000001,-79.0615499,-74.7966,6.5554139582031326
2024-05-14 12:30:00,-91.39723888333332,-71.07329273333333,-80.39979,10.997450980501284
2024-05-14 13:00:00,-99.82510833333332,-76.35662013333332,-87.50113,12.323979182942693
2024-05-14 13:30:00,-89.37940118333334,-81.57371653333333,-84.928955,4.450446105208343
2024-05-14 14:00:00,-92.5420984,-73.62711723333332,-82.1293,10.412795421484375
2024-05-14 14:30:00,-80.61924723333333,-59.10954771666667,-70.62443,9.99481943792317
2024-05-14 15:00:00,-65.88974488333334,-35.612126233333335,-53.350086,12.539658671175133
2024-05-14 15:30:00,-34.87286113333333,-20.117638466666666,-30.427008,4.445853458162432
2024-05-14 16:00:00,-20.609666716666663,-7.427348899999999,-14.597147,6.012519728751624
2024-05-14 16:30:00,-4.616505383333333,-0.0508516000000001,-0.8383978,3.7781075824109394
2024-05-14 17:00:00,4.790455499999999,9.5521866,6.3994937,1.6090381943054206
2024-05-14 17:30:00,4.354745350000001,11.386096583333334,10.337668,5.9829230688842765
2024-05-14 18:00:00,16.388956133333334,17.885141049999998,19.407825,3.018869336637369
2024-05-14 18:30:00,26.709471216666667,25.312879383333332,26.0023,-0.7071709542154956
2024-05-14 19:00:00,33.14143825,30.45103553333333,30.4569,-2.6845386070556643
2024-05-14 19:30:00,32.6335489,28.61257288333333,29.328115,-3.305433436743165
2024-05-14 20:00:00,30.716727716666668,26.695547116666663,27.84792,-2.8688082525553398
2024-05-14 20:30:00,31.230883366666664,27.916776533333334,29.62335,-1.6075332232340465
2024-05-14 21:00:00,28.35268665,29.437801,30.113056,1.7603695328613291
2024-05-14 21:30:00,32.36367501666667,27.09043266666667,30.250526,-2.1131485884440124
2024-05-14 22:00:00,31.69742665,20.8922346,25.673454,-6.023972365332032
2024-05-14 22:30:00,25.96472171666667,19.957958316666662,22.922655,-3.0420666110758496
2024-05-14 23:00:00,26.80564778333333,23.73117158333333,27.306093,0.5004454326090517
2024-05-14 23:30:00,24.69555715,27.35730116666667,27.995502,3.299945321923829
2024-05-15 00:00:00,30.201553466666667,23.60002893333333,29.376293,-0.8252602842936199
2024-05-15 00:30:00,27.761806683333333,22.3474505,26.213047,-1.5487596557454424
2024-05-15 01:00:00,23.362428833333336,19.290033266666665,24.276304,0.9138754116617811
2024-05-15 01:30:00,22.100271083333336,19.257700016666668,23.889528,1.7892571912027968
2024-05-15 02:00:00,21.590160033333333,24.1053599,23.33168,1.741520264518229
2024-05-15 02:30:00,23.356977033333333,25.19257041666667,26.055573,2.698595476432292
2024-05-15 03:00:00,23.72568393333333,20.308189533333334,24.475544,0.7498600424967492
2024-05-15 03:30:00,25.37349705,24.655180966666663,25.849886,0.4763888905517568
2024-05-15 04:00:00,23.71210053333333,23.69475721666667,25.993998,2.2818970405192083
2024-05-15 04:30:00,25.509917233333336,26.87851278333333,26.56951,1.0595922728922496
2024-05-15 05:00:00,24.05023555,30.356940716666667,28.837992,4.787756164477539
2024-05-15 05:30:00,26.617387766666667,25.837433216666668,27.977648,1.3602600147054034
2024-05-15 06:00:00,28.942253966666662,33.412265,30.70066,1.758406738899744
2024-05-15 06:30:00,27.852875583333333,33.59778273333333,32.58339,4.73051369889323
2024-05-15 07:00:00,29.676454466666662,38.07545503333333,34.14982,4.473363953743494
2024-05-15 07:30:00,38.9522722,40.9801595,35.763077,-3.1891954177734405
2024-05-15 08:00:00,20.28876963333333,32.3040351,27.819262,7.530491917569989
2024-05-15 08:30:00,8.523094933333333,18.78216995,17.70796,9.184865195450847
2024-05-15 09:00:00,1.4043223333333337,11.4916484,5.871786,4.467463784220377
2024-05-15 09:30:00,-14.748325116666663,1.5576723000000003,-3.838017,10.91030812981974
2024-05-15 10:00:00,-33.173831183333334,-22.346378400000003,-22.627258,10.546572882552084
2024-05-15 10:30:00,-39.49383783333334,-33.648403816666665,-36.128647,3.3651909827474
2024-05-15 11:00:00,-50.54611963333334,-50.69843333333333,-47.737732,2.8083876997395905
2024-05-15 11:30:00,-66.83449771666666,-65.47989496666666,-61.167725,5.666773107291661
2024-05-15 12:00:00,-80.43765056666666,-81.35201430000001,-78.67608,1.761571770279943
2024-05-15 12:30:00,-88.16616169999999,-91.39723888333332,-91.58743,-3.4212711613281357
2024-05-15 13:00:00,-94.7203082,-99.82510833333332,-96.049904,-1.329595669628901
2024-05-15 13:30:00,-100.82597176666668,-89.37940118333334,-93.55027,7.275701686100277
2024-05-15 14:00:00,-91.95077116666666,-92.5420984,-91.642456,0.3083151119791552
2024-05-15 14:30:00,-76.662059,-80.61924723333333,-74.798775,1.863284280761718
2024-05-15 15:00:00,-55.70533873333333,-65.88974488333334,-53.242943,2.462395923274734
2024-05-15 15:30:00,-33.69228433333333,-34.87286113333333,-37.482807,-3.790522826090495
2024-05-15 16:00:00,-12.048531583333334,-20.609666716666663,-15.495175,-3.4466437782999666
2024-05-15 16:30:00,-0.79292145,-4.616505383333333,-4.0954194,-3.302497956890869
2024-05-15 17:00:00,-1.8715239166666664,4.790455499999999,6.3555546,8.227078497355143
2024-05-15 17:30:00,6.4881796666666665,4.354745350000001,9.911945,3.4237656763509117
2024-05-15 18:00:00,9.409480466666666,16.388956133333334,16.076097,6.666617021736654
2024-05-15 18:30:00,18.33278538333333,26.709471216666667,21.437382,3.104596361051435
2024-05-15 19:00:00,23.411492316666667,33.14143825,25.946203,2.5347109151448564
2024-05-15 19:30:00,24.988700533333333,32.6335489,29.043009,4.054308270987956
2024-05-15 20:00:00,21.900236,30.716727716666668,28.352243,6.4520074234619145
2024-05-15 20:30:00,31.79482223333333,31.230883366666664,30.923712,-0.8711104565999328
2024-05-15 21:00:00,28.633454383333333,28.35268665,30.224014,1.590559898893229
2024-05-15 21:30:00,29.050463250000004,32.36367501666667,31.335707,2.285243460815426
2024-05-15 22:00:00,28.50530215,31.69742665,27.188648,-1.3166539261230454
2024-05-15 22:30:00,24.93703735,25.96472171666667,24.609175,-0.32786262160644597
2024-05-15 23:00:00,23.705207166666668,26.80564778333333,25.752222,2.047014894490559
2024-05-15 23:30:00,25.693006633333336,24.69555715,28.315224,2.62221706051432
2024-05-16 00:00:00,28.905097316666662,30.201553466666667,29.92446,1.0193621407307987
2024-05-16 00:30:00,28.87555725,27.761806683333333,28.482462,-0.3930953206787109
2024-05-16 01:00:00,26.423855016666668,23.362428833333336,24.78142,-1.6424352626383474
2024-05-16 01:30:00,22.964362216666668,22.100271083333336,22.832253,-0.13210971422526185
2024-05-16 02:00:00,25.5838111,21.590160033333333,23.074598,-2.5092127876220687
2024-05-16 02:30:00,30.75025098333333,23.356977033333333,25.010632,-5.739619422054034
2024-05-16 03:00:00,34.245907933333335,23.72568393333333,24.549158,-9.696749837019858
2024-05-16 03:30:00,29.5276111,25.37349705,26.09771,-3.4299014442382827
2024-05-16 04:00:00,29.06499383333333,23.71210053333333,27.338514,-1.7264795053303992
2024-05-16 04:30:00,30.3999867,25.509917233333336,27.528152,-2.871834234179687
2024-05-16 05:00:00,26.53543396666667,24.05023555,27.070843,0.5354087762532522
2024-05-16 05:30:00,26.808287383333333,26.617387766666667,27.346186,0.5378983008707685
2024-05-16 06:00:00,29.017418383333336,28.942253966666662,30.17162,1.1542010319498672
2024-05-16 06:30:00,38.641524,27.852875583333333,32.82986,-5.8116633127441375
2024-05-16 07:00:00,39.671515516666666,29.676454466666662,34.344875,-5.326640180973307
2024-05-16 07:30:00,42.99605111666667,38.9522722,36.860657,-6.135394378385421
2024-05-16 08:00:00,28.13898273333333,20.28876963333333,25.839523,-2.299459417903641
2024-05-16 08:30:00,13.886308866666669,8.523094933333333,15.582168,1.6958587587605773
2024-05-16 09:00:00,7.040713833333334,1.4043223333333337,4.682022,-2.3586917386067716
2024-05-16 09:30:00,-8.160655083333333,-14.748325116666663,-6.6365976,1.524057449971517
2024-05-16 10:00:00,-23.82807001666667,-33.173831183333334,-27.00343,-3.1753593961751285
2024-05-16 10:30:00,-32.97361943333333,-39.49383783333334,-36.430676,-3.457056073258464
2024-05-16 11:00:00,-49.53642226666667,-50.54611963333334,-46.171947,3.3644747874186223
2024-05-16 11:30:00,-66.28492565,-66.83449771666666,-59.30361,6.9813138946289115
2024-05-16 12:00:00,-74.80000208333333,-80.43765056666666,-69.34336,5.456641182454419
2024-05-16 12:30:00,-77.26803493333334,-88.16616169999999,-77.5349,-0.2668619172525979
2024-05-16 13:00:00,-78.96776565,-94.7203082,-79.85107,-0.8833009393554647
2024-05-16 13:30:00,-87.26575211666666,-100.82597176666668,-84.37538,2.8903706469400987
2024-05-16 14:00:00,-78.67744008333334,-91.95077116666666,-82.05637,-3.378933512858069
2024-05-16 14:30:00,-72.20338878333334,-76.662059,-67.70076,4.502628895638026
2024-05-16 15:00:00,-52.71555228333333,-55.70533873333333,-51.220932,1.4946202764973933
2024-05-16 15:30:00,-32.6130939,-33.69228433333333,-31.45544,1.1576533787597683
2024-05-16 16:00:00,-13.594004983333331,-12.048531583333334,-11.515987,2.078017587093097
2024-05-16 16:30:00,-3.42763005,-0.79292145,-1.3363558,2.091274244602966
2024-05-16 17:00:00,3.5251661166666666,-1.8715239166666664,6.7011333,3.175967134523519
2024-05-16 17:30:00,6.721896016666666,6.4881796666666665,9.505268,2.7833720802571618
2024-05-16 18:00:00,11.207917266666668,9.409480466666666,12.836892,1.6289748613240551
2024-05-16 18:30:00,22.33555408333333,18.33278538333333,22.249702,-0.08585162972005023
2024-05-16 19:00:00,27.62142045,23.411492316666667,26.1277,-1.4937196443359362
2024-05-16 19:30:00,28.02940795,24.988700533333333,28.250366,0.22095826093750048
2024-05-16 20:00:00,27.6585201,21.900236,26.729218,-0.9293025707031255
2024-05-16 20:30:00,27.0852073,31.79482223333333,30.100023,3.01481596965332
2024-05-16 21:00:00,31.10275048333333,28.633454383333333,30.618742,-0.48400849419758885
2024-05-16 21:30:00,31.87333668333333,29.050463250000004,29.758865,-2.114471326888019
2024-05-16 22:00:00,32.981411650000005,28.50530215,28.77785,-4.20356245261231
2024-05-16 22:30:00,29.49677,24.93703735,26.67127,-2.825499629516603
2024-05-16 23:00:00,33.941619499999995,23.705207166666668,27.901941,-6.039678200561518
2024-05-16 23:30:00,37.5756106,25.693006633333336,28.487547,-9.08806367922363
2024-05-17 00:00:00,38.374521,28.905097316666662,29.548357,-8.826163990112306
2024-05-17 00:30:00,38.60807055,28.87555725,29.999653,-8.608417687451173
2024-05-17 01:00:00,28.165130516666665,26.423855016666668,26.447105,-1.7180251089518208
2024-05-17 01:30:00,28.03522065,22.964362216666668,22.597544,-5.437676933569335
2024-05-17 02:00:00,28.063604466666664,25.5838111,24.312431,-3.7511731312174454
2024-05-17 02:30:00,29.3369033,30.75025098333333,26.796112,-2.5407912394531245
2024-05-17 03:00:00,23.27785438333333,34.245907933333335,28.318949,5.041094362394208
2024-05-17 03:30:00,21.990352816666668,29.5276111,26.095959,4.105605893050129
2024-05-17 04:00:00,23.6327895,29.06499383333333,26.141603,2.5088139698486316
2024-05-17 04:30:00,27.802392183333332,30.3999867,27.500343,-0.3020488605794256
2024-05-17 05:00:00,27.650970416666667,26.53543396666667,27.271055,-0.37991519510904936
2024-05-17 05:30:00,28.52829613333334,26.808287383333333,28.395458,-0.13283791189779137
2024-05-17 06:00:00,28.45555998333333,29.017418383333336,30.41999,1.9644305562174509
2024-05-17 06:30:00,27.123914466666665,38.641524,33.061825,5.937910331917319
2024-05-17 07:00:00,31.6237221,39.671515516666666,34.50263,2.8789062264160172
2024-05-17 07:30:00,38.92988945,42.99605111666667,36.92376,-2.0061299895507787
2024-05-17 08:00:00,29.713314916666665,28.13898273333333,27.74303,-1.9702843685709617
2024-05-17 08:30:00,21.48642668333333,13.886308866666669,18.064405,-3.4220212420491514
2024-05-17 09:00:00,21.129483333333333,7.040713833333334,10.388635,-10.740848651631673
2024-05-17 09:30:00,-6.857187333333333,-8.160655083333333,-7.1044436,-0.2472562167765302
2024-05-17 10:00:00,-18.60692805,-23.82807001666667,-19.752876,-1.1459482317382808
2024-05-17 10:30:00,-32.613191066666666,-32.97361943333333,-32.687347,-0.07415634544270944
2024-05-17 11:00:00,-44.863263933333336,-49.53642226666667,-45.698093,-0.8348294809733048
2024-05-17 11:30:00,-56.58974718333334,-66.28492565,-58.85327,-2.263524301041663
2024-05-17 12:00:00,-73.43066768333334,-74.80000208333333,-67.67321,5.757457539290371
2024-05-17 12:30:00,-72.01240511666667,-77.26803493333334,-72.47543,-0.4630282329427047
2024-05-17 13:00:00,-79.24411166666665,-78.96776565,-73.16507,6.0790420865885295
2024-05-17 13:30:00,-72.68795778333333,-87.26575211666666,-74.72397,-2.0360107225260435
2024-05-17 14:00:00,-72.05600278333334,-78.67744008333334,-74.98925,-2.933247399772128
2024-05-17 14:30:00,-63.549227183333336,-72.20338878333334,-62.62484,0.9243874006184924
2024-05-17 15:00:00,-48.592456616666674,-52.71555228333333,-48.12192,0.47053507736003297
2024-05-17 15:30:00,-33.3909026,-32.6130939,-30.650778,2.740124783227536
2024-05-17 16:00:00,-19.81749105,-13.594004983333331,-12.070401,7.747089858288575
2024-05-17 16:30:00,-4.4832189,-3.42763005,-1.9948069,2.4884120142807005
2024-05-17 17:00:00,7.160676316666667,3.5251661166666666,4.020844,-3.1398323339701335
2024-05-17 17:30:00,12.329568,6.721896016666666,10.887999,-1.441569419067383
2024-05-17 18:00:00,15.711625166666666,11.207917266666668,14.818626,-0.8929987628580722
2024-05-17 18:30:00,17.472324983333333,22.33555408333333,20.166334,2.6940091688883463
2024-05-17 19:00:00,16.449698433333335,27.62142045,23.473434,7.023736014908852
2024-05-17 19:30:00,21.226069383333336,28.02940795,27.399853,6.173783369352211
2024-05-17 20:00:00,28.53101761666667,27.6585201,28.459145,-0.07187302438151377
2024-05-17 20:30:00,32.41896848333334,27.0852073,30.38825,-2.030718132381189
2024-05-17 21:00:00,32.128980633333335,31.10275048333333,30.572502,-1.5564784971028658
2024-05-17 21:30:00,32.05780215,31.87333668333333,30.94606,-1.111741969335938
2024-05-17 22:00:00,27.78997785,32.981411650000005,29.28416,1.4941827640136722
2024-05-17 22:30:00,27.2031867,29.49677,28.169252,0.966065695629883
2024-05-17 23:00:00,31.61196563333333,33.941619499999995,30.466055,-1.1459107169514944
2024-05-17 23:30:00,30.9338956,37.5756106,33.06218,2.128283965429688
2024-05-18 00:00:00,29.879810016666667,38.374521,32.17114,2.2913287467610672
2024-05-18 00:30:00,32.883646766666665,38.60807055,31.25819,-1.625456611637368
2024-05-18 01:00:00,25.0192396,28.165130516666665,26.567444,1.5482042476562512
2024-05-18 01:30:00,23.58418048333333,28.03522065,25.139202,1.5550216345865913
2024-05-18 02:00:00,23.6582789,28.063604466666664,24.876682,1.2184033814941415
2024-05-18 02:30:00,23.406805533333337,29.3369033,25.60316,2.19635532482096
2024-05-18 03:00:00,24.02818943333333,23.27785438333333,24.788836,0.7606460921793641
2024-05-18 03:30:00,22.34846388333333,21.990352816666668,23.360699,1.0122348166178412
2024-05-18 04:00:00,23.151863416666668,23.6327895,23.901217,0.7493530902913399
2024-05-18 04:30:00,23.572821633333334,27.802392183333332,26.797869,3.2250470953043617
2024-05-18 05:00:00,26.849959483333333,27.650970416666667,28.839033,1.989073643497722
2024-05-18 05:30:00,29.050823816666668,28.52829613333334,29.321001,0.2701772361897774
2024-05-18 06:00:00,28.9261472,28.45555998333333,30.24175,1.3156035171630869
2024-05-18 06:30:00,29.6083537,27.123914466666665,31.381374,1.7730206591308608
2024-05-18 07:00:00,29.145759966666663,31.6237221,29.74061,0.5948501560140009
2024-05-18 07:30:00,27.281914366666665,38.92988945,32.103893,4.821978913362631
2024-05-18 08:00:00,25.23372505,29.713314916666665,26.749985,1.5162596912109372
2024-05-18 08:30:00,27.58175993333333,21.48642668333333,22.95459,-4.6271700895833305
2024-05-18 09:00:00,7.759957883333333,21.129483333333333,12.380495,4.6205371880778
2024-05-18 09:30:00,-11.6934444,-6.857187333333333,-7.9395843,3.7538601447814948
2024-05-18 10:00:00,-37.33133056666667,-18.60692805,-28.21316,9.118171005509446
2024-05-18 10:30:00,-46.45608493333333,-32.613191066666666,-41.268467,5.187617983870439
2024-05-18 11:00:00,-53.30258538333334,-44.863263933333336,-49.157574,4.145011683382165
2024-05-18 11:30:00,-70.6916645,-56.58974718333334,-66.02492,4.666746897460939
2024-05-18 12:00:00,-81.2337761,-73.43066768333334,-69.72364,11.510135658105469
2024-05-18 12:30:00,-81.7613177,-72.01240511666667,-76.910736,4.850581616015631
2024-05-18 13:00:00,-79.6528862,-79.24411166666665,-78.50558,1.1473091125976538
2024-05-18 13:30:00,-82.51694271666666,-72.68795778333333,-80.51382,2.0031258831705685
2024-05-18 14:00:00,-79.38072773333333,-72.05600278333334,-74.69892,4.681806529720049
2024-05-18 14:30:00,-67.52546388333333,-63.549227183333336,-65.547844,1.9776199502278615
2024-05-18 15:00:00,-59.83412055,-48.592456616666674,-50.99722,8.836901464306642
2024-05-18 15:30:00,-41.64797843333333,-33.3909026,-34.156567,7.491411813460282
2024-05-18 16:00:00,-18.3474279,-19.81749105,-14.441371,3.9060569359497066
2024-05-18 16:30:00,6.862643766666667,-4.4832189,2.3761816,-4.48646216418864
2024-05-18 17:00:00,15.092224466666666,7.160676316666667,9.9649725,-5.127251970633951
2024-05-18 17:30:00,20.15531448333333,12.329568,14.775756,-5.379558601070148
2024-05-18 18:00:00,33.06506098333333,15.711625166666666,21.704712,-11.360349069270832
2024-05-18 18:30:00,35.01783986666667,17.472324983333333,27.40111,-7.616730171232099
2024-05-18 19:00:00,28.030239883333337,16.449698433333335,27.567297,-0.4629429015218136
2024-05-18 19:30:00,29.0158928,21.226069383333336,26.90957,-2.106322106030273
2024-05-18 20:00:00,37.35235008333333,28.53101761666667,32.860416,-4.491933670979812
2024-05-18 20:30:00,35.968199416666664,32.41896848333334,36.654217,0.6860173496907578
2024-05-18 21:00:00,39.92329725,32.128980633333335,39.442627,-0.4806702968749974
2024-05-18 21:30:00,42.72618003333333,32.05780215,37.77531,-4.9508695169759065
2024-05-18 22:00:00,39.17724931666667,27.78997785,36.14604,-3.0312074465494803
2024-05-18 22:30:00,40.64068218333333,27.2031867,34.307404,-6.3332786188802075
2024-05-18 23:00:00,39.89993436666666,31.61196563333333,33.83866,-6.061273172819007
2024-05-18 23:30:00,40.49650501666667,30.9338956,33.86766,-6.62884449420573
2024-05-19 00:00:00,38.42874723333333,29.879810016666667,34.321037,-4.107709940852864
2024-05-19 00:30:00,38.09831011666667,32.883646766666665,33.58562,-4.512689236539714
2024-05-19 01:00:00,40.53528393333334,25.0192396,29.874865,-10.660419355086269
2024-05-19 01:30:00,28.75435115,23.58418048333333,27.050444,-1.7039075007080093
2024-05-19 02:00:00,22.84484503333333,23.6582789,27.652853,4.8080079787516325
2024-05-19 02:30:00,24.46616498333333,23.406805533333337,27.4598,2.993635736881515
2024-05-19 03:00:00,27.536368866666667,24.02818943333333,27.581228,0.044859389558919105
2024-05-19 03:30:00,30.98549325,22.34846388333333,26.34466,-4.6408334447021495
2024-05-19 04:00:00,30.288739916666668,23.151863416666668,26.571926,-3.716813799723308
2024-05-19 04:30:00,26.444665033333333,23.572821633333334,27.325054,0.8803891353678388
2024-05-19 05:00:00,26.763204466666664,26.849959483333333,29.803518,3.0403138286214215
2024-05-19 05:30:00,27.63544215,29.050823816666668,30.451313,2.8158708687988288
2024-05-19 06:00:00,31.6802263,28.9261472,32.45366,0.7734327576171864
2024-05-19 06:30:00,31.4858855,29.6083537,33.935852,2.4499665507812516
2024-05-19 07:00:00,30.155330016666667,29.145759966666663,32.794136,2.638806030696614
2024-05-19 07:30:00,29.50072065,27.281914366666665,31.51642,2.015699714379881
2024-05-19 08:00:00,26.77434666666667,25.23372505,27.93574,1.1613928505452442
2024-05-19 08:30:00,22.206571116666662,27.58175993333333,23.134325,0.9277539107991579
2024-05-19 09:00:00,9.9827283,7.759957883333333,13.012654,3.0299260045043948
2024-05-19 09:30:00,0.0356979666666662,-11.6934444,-2.1688614,-2.2045593558268224
2024-05-19 10:00:00,-4.900504,-37.33133056666667,-12.1597,-7.259196393676758
2024-05-19 10:30:00,-16.786221100000002,-46.45608493333333,-22.135695,-5.349473403784177
2024-05-19 11:00:00,-26.434271050000003,-53.30258538333334,-27.033203,-0.5989320749999969
2024-05-19 11:30:00,-36.01773775,-70.6916645,-41.31657,-5.29883253198242
2024-05-19 12:00:00,-38.00696121666667,-81.2337761,-43.78377,-5.776810298225911
2024-05-19 12:30:00,-44.93998883333333,-81.7613177,-48.435146,-3.4951574984537785
2024-05-19 13:00:00,-48.47147996666666,-79.6528862,-54.212612,-5.741132185432953
2024-05-19 13:30:00,-56.655830900000005,-82.51694271666666,-64.895996,-8.240165193749995
2024-05-19 14:00:00,-55.64384621666667,-79.38072773333333,-56.72554,-1.0816939444661458
2024-05-19 14:30:00,-40.23357606666666,-67.52546388333333,-45.862125,-5.628549330061858
2024-05-19 15:00:00,-12.714896066666668,-59.83412055,-24.043034,-11.328137533186847
2024-05-19 15:30:00,-1.357768366666666,-41.64797843333333,-12.999684,-11.641915967134604
2024-05-19 16:00:00,10.6118646,-18.3474279,-0.5604405,-11.172305080709076
2024-05-19 16:30:00,7.28252725,6.862643766666667,6.9032717,-0.37925557489013695
2024-05-19 17:00:00,14.417287783333334,15.092224466666666,11.262116,-3.1551713511433928
2024-05-19 17:30:00,16.967808416666667,20.15531448333333,17.178905,0.2110970703938797
2024-05-19 18:00:00,26.256458233333333,33.06506098333333,23.507414,-2.749044369197591
2024-05-19 18:30:00,28.20719545,35.01783986666667,30.396282,2.1890867460449215
2024-05-19 19:00:00,30.37476778333333,28.030239883333337,29.550951,-0.8238167793050089
2024-05-19 19:30:00,31.3175427,29.0158928,30.15253,-1.165012029833985
2024-05-19 20:00:00,37.04324986666666,37.35235008333333,33.692966,-3.3502834054850226
2024-05-19 20:30:00,39.839704866666665,35.968199416666664,36.316017,-3.5236877157877586
2024-05-19 21:00:00,41.39312881666667,39.92329725,36.767086,-4.626042787613933
2024-05-19 21:30:00,34.1907078,42.72618003333333,37.660137,3.4694293765136734
2024-05-19 22:00:00,34.1147188,39.17724931666667,34.33347,0.21875059086914206
2024-05-19 22:30:00,31.57167958333333,40.64068218333333,34.3601,2.7884202091471373
2024-05-19 23:00:00,31.76103883333333,39.89993436666666,33.930557,2.169518417643232
2024-05-19 23:30:00,37.45652953333333,40.49650501666667,34.8878,-2.568731224007159
2024-05-20 00:00:00,35.34640945,38.42874723333333,36.39062,1.0442117353027314
2024-05-20 00:30:00,32.512828899999995,38.09831011666667,33.66156,1.1487311585937547
2024-05-20 01:00:00,32.93622163333333,40.53528393333334,33.63565,0.6994290014322928
2024-05-20 01:30:00,35.72908218333333,28.75435115,30.03398,-5.695102767439778
2024-05-20 02:00:00,31.4610622,22.84484503333333,28.113935,-3.347126729418946
2024-05-20 02:30:00,34.373114533333336,24.46616498333333,28.950249,-5.422865815071617
2024-05-20 03:00:00,31.99215335,27.536368866666667,30.25565,-1.7365037833496082
2024-05-20 03:30:00,31.97642825,30.98549325,30.948225,-1.0282032286376968
2024-05-20 04:00:00,30.735352133333336,30.288739916666668,30.907238,0.17188587325846072
2024-05-20 04:30:00,30.84843108333333,26.444665033333333,30.968935,0.12050392948405175
2024-05-20 05:00:00,30.263149916666663,26.763204466666664,32.026634,1.7634842996419309
2024-05-20 05:30:00,33.3786078,27.63544215,33.70112,0.32251066923828375
2024-05-20 06:00:00,38.60259836666666,31.6802263,36.762997,-1.8396016930826775
2024-05-20 06:30:00,38.7240167,31.4858855,39.48716,0.7631430290039063
2024-05-20 07:00:00,46.41359113333333,30.155330016666667,42.43068,-3.9829118120442644
2024-05-20 07:30:00,54.61958508333333,29.50072065,48.611423,-6.008161590901686
2024-05-20 08:00:00,63.66533445,26.77434666666667,48.7713,-14.894033180468753
2024-05-20 08:30:00,53.4100394,22.206571116666662,35.0804,-18.32964084042969
2024-05-20 09:00:00,19.83297278333333,9.9827283,15.3783655,-4.454607266670731
2024-05-20 09:30:00,4.589979283333332,0.0356979666666662,2.7348042,-1.8551751298909496
2024-05-20 10:00:00,-13.440181683333336,-4.900504,-12.99472,0.4454612243489606
2024-05-20 10:30:00,-22.77742328333333,-16.786221100000002,-24.541494,-1.7640710861735052
2024-05-20 11:00:00,-31.1838984,-26.434271050000003,-32.162663,-0.9787641061035153
2024-05-20 11:30:00,-28.386642166666665,-36.01773775,-34.69567,-6.309028914876304
2024-05-20 12:00:00,-31.8590039,-38.00696121666667,-38.48005,-6.62104523330078
2024-05-20 12:30:00,-29.480756716666665,-44.93998883333333,-33.53937,-4.0586147738118505
2024-05-20 13:00:00,-28.723590116666667,-48.47147996666666,-34.56032,-5.836731691194661
2024-05-20 13:30:00,-20.306058516666667,-56.655830900000005,-31.799896,-11.493837723567708
2024-05-20 14:00:00,-21.519980633333333,-55.64384621666667,-27.03106,-5.511078631803386
2024-05-20 14:30:00,-17.794531116666665,-40.23357606666666,-23.906519,-6.111987819490562
2024-05-20 15:00:00,-11.085694533333331,-12.714896066666668,-15.379377,-4.293682831778973
2024-05-20 15:30:00,-1.6459722500000005,-1.357768366666666,-3.9128332,-2.2668609638061517
2024-05-20 16:00:00,15.039181683333332,10.6118646,8.830913,-6.208269093306477
2024-05-20 16:30:00,25.952725016666665,7.28252725,17.882866,-8.069859110904947
2024-05-20 17:00:00,32.44978495,14.417287783333334,23.652231,-8.797553733569337
2024-05-20 17:30:00,34.212969,16.967808416666667,25.106955,-9.10601442541504
2024-05-20 18:00:00,40.910738916666666,26.256458233333333,32.863037,-8.047701807291666
2024-05-20 18:30:00,42.33047613333333,28.20719545,36.5576,-5.772878019319656
2024-05-20 19:00:00,43.14452513333333,30.37476778333333,38.600758,-4.543767534456379
2024-05-20 19:30:00,41.0236639,31.3175427,39.51018,-1.5134824729980494
2024-05-20 20:00:00,42.88578496666667,37.04324986666666,38.938488,-3.9472969600748726
2024-05-20 20:30:00,46.81862445,39.839704866666665,43.717186,-3.1014384758789078
2024-05-20 21:00:00,46.095376816666665,41.39312881666667,41.309418,-4.78595909205729
2024-05-20 21:30:00,42.48406888333333,34.1907078,38.758274,-3.7257948049641882
2024-05-20 22:00:00,33.1372271,34.1147188,37.017235,3.880007702246097
2024-05-20 22:30:00,31.0499011,31.57167958333333,34.797756,3.74785509506836
2024-05-20 23:00:00,31.39912955,31.76103883333333,33.495213,2.0960830049316392
2024-05-20 23:30:00,33.94093771666667,37.45652953333333,34.7077,0.7667611053548171
2024-05-21 00:00:00,35.24100775,35.34640945,34.854755,-0.3862523483886733
2024-05-21 00:30:00,35.36865765,32.512828899999995,34.37168,-0.9969764366210967
2024-05-21 01:00:00,40.60164851666666,32.93622163333333,35.189045,-5.412603564274079
2024-05-21 01:30:00,33.4901821,35.72908218333333,30.815186,-2.6749965531249984
2024-05-21 02:00:00,37.632682216666666,31.4610622,29.463406,-8.169276607535807
2024-05-21 02:30:00,32.00341948333334,34.373114533333336,31.410032,-0.5933872109944716
2024-05-21 03:00:00,31.2154655,31.99215335,29.363901,-1.8515643616943365
2024-05-21 03:30:00,31.5497951,31.97642825,29.666367,-1.8834285228515633
2024-05-21 04:00:00,33.18700176666667,30.735352133333336,29.44528,-3.741721691593426
2024-05-21 04:30:00,33.72179495,30.84843108333333,31.999805,-1.72198949956055
2024-05-21 05:00:00,37.39797745,30.263149916666663,33.55221,-3.8457656885253897
2024-05-21 05:30:00,40.289194316666666,33.3786078,34.8479,-5.441293926041666
2024-05-21 06:00:00,40.356964966666666,38.60259836666666,37.391853,-2.965111634147135
2024-05-21 06:30:00,43.24329673333333,38.7240167,37.78567,-5.4576254992024715
2024-05-21 07:00:00,44.26015171666666,46.41359113333333,43.43015,-0.8300026382975219
2024-05-21 07:30:00,49.49415053333333,54.61958508333333,47.595093,-1.8990577598958325
2024-05-21 08:00:00,45.76420048333333,63.66533445,42.170856,-3.593344007503255
2024-05-21 08:30:00,32.1290633,53.4100394,31.094187,-1.0348765171630845
2024-05-21 09:00:00,12.535458283333334,19.83297278333333,15.582975,3.0475171042399083
2024-05-21 09:30:00,1.3804478833333331,4.589979283333332,0.32810384,-1.0523440429822284
2024-05-21 10:00:00,-15.454762800000005,-13.440181683333336,-17.228477,-1.7737146780273392
2024-05-21 10:30:00,-22.930760466666666,-22.77742328333333,-21.758728,1.1720324393229156
2024-05-21 11:00:00,-32.22119431666667,-31.1838984,-33.432526,-1.2113313180989564
2024-05-21 11:30:00,-44.07747053333333,-28.386642166666665,-44.267494,-0.19002366832682327
2024-05-21 12:00:00,-51.4279178,-31.8590039,-50.63936,0.7885592794921905
2024-05-21 12:30:00,-46.7679416,-29.480756716666665,-47.69766,-0.929716938818359
2024-05-21 13:00:00,-44.34879,-28.723590116666667,-48.78473,-4.435939003906249
2024-05-21 13:30:00,-50.12800443333333,-20.306058516666667,-46.8629,3.2651046530598933
2024-05-21 14:00:00,-44.94798265,-21.519980633333333,-44.16292,0.785060744482422
2024-05-21 14:30:00,-40.478548366666665,-17.794531116666665,-41.39394,-0.9153916052571631
2024-05-21 15:00:00,-31.591541733333333,-11.085694533333331,-26.99559,4.5959515233723955
2024-05-21 15:30:00,-10.92673175,-1.6459722500000005,-15.823035,-4.89630349017334
2024-05-21 16:00:00,-1.7465005333333334,15.039181683333332,1.7045431,3.4510436470418293
2024-05-21 16:30:00,4.979278933333333,25.952725016666665,9.706377,4.727098096085612
2024-05-21 17:00:00,22.09367203333333,32.44978495,19.550068,-2.5436041317220024
2024-05-21 17:30:00,29.595771216666662,34.212969,23.405722,-6.1900495522379515
2024-05-21 18:00:00,32.316533983333336,40.910738916666666,31.74882,-0.5677146321370472
2024-05-21 18:30:00,39.86554495,42.33047613333333,37.86924,-1.996305142871094
2024-05-21 19:00:00,44.4327683,43.14452513333333,38.517113,-5.915655568066406
2024-05-21 19:30:00,42.73339116666667,41.0236639,36.536095,-6.197296501139327
2024-05-21 20:00:00,37.48457225,42.88578496666667,39.24893,1.7643596347656256
2024-05-21 20:30:00,45.025429,46.81862445,42.389362,-2.6360666647949245
2024-05-21 21:00:00,44.78323841666667,46.095376816666665,41.532864,-3.2503747997233106
2024-05-21 21:30:00,42.29952563333333,42.48406888333333,39.41604,-2.883487120149738
2024-05-21 22:00:00,40.388259516666665,33.1372271,36.28651,-4.101749049137368
2024-05-21 22:30:00,38.93346328333333,31.0499011,34.34657,-4.586894222054035
2024-05-21 23:00:00,39.14830223333333,31.39912955,34.27439,-4.873911059016926
2024-05-21 23:30:00,39.53738826666667,33.94093771666667,35.75645,-3.7809376135904955
2024-05-22 00:00:00,35.007190200000004,35.24100775,35.281918,0.2747273720214807
2024-05-22 00:30:00,33.18175111666667,35.36865765,32.659412,-0.5223387326334645
2024-05-22 01:00:00,33.555439033333336,40.60164851666666,33.03371,-0.5217285535970078
2024-05-22 01:30:00,27.30659933333333,33.4901821,29.38964,2.0830414747721377
2024-05-22 02:00:00,33.21639941666667,37.632682216666666,29.665234,-3.5511658046061214
2024-05-22 02:30:00,32.930012633333334,32.00341948333334,31.166716,-1.7632970113850917
2024-05-22 03:00:00,32.573894933333335,31.2154655,30.209688,-2.3642067466878274
2024-05-22 03:30:00,28.049214533333338,31.5497951,29.758022,1.7088077750162718
2024-05-22 04:00:00,30.75822893333334,33.18700176666667,30.249207,-0.5090223903645885
2024-05-22 04:30:00,32.96915445,33.72179495,31.991882,-0.9772721257812478
2024-05-22 05:00:00,38.268459416666666,37.39797745,34.10464,-4.163818455973306
2024-05-22 05:30:00,44.95434011666666,40.289194316666666,37.046535,-7.907804624723298
2024-05-22 06:00:00,42.796324483333336,40.356964966666666,39.61704,-3.1792857565266956
2024-05-22 06:30:00,49.0288978,43.24329673333333,44.4572,-4.571698703320315
2024-05-22 07:00:00,48.57927118333333,44.26015171666666,44.719334,-3.859937534651692
2024-05-22 07:30:00,50.13801096666666,49.49415053333333,47.73148,-2.406531321891272
2024-05-22 08:00:00,43.595431733333335,45.76420048333333,39.7939,-3.8015321972005225
2024-05-22 08:30:00,29.38829821666667,32.1290633,29.652777,0.26447850147297913
2024-05-22 09:00:00,16.1051199,12.535458283333334,15.460295,-0.6448251764892561
2024-05-22 09:30:00,0.4226432166666669,1.3804478833333331,-2.2528315,-2.675474675712077
2024-05-22 10:00:00,-26.19525213333333,-15.454762800000005,-22.990747,3.2045046815511036
2024-05-22 10:30:00,-46.68908603333333,-22.930760466666666,-40.404305,6.284781528938801
2024-05-22 11:00:00,-63.8985267,-32.22119431666667,-52.949165,10.949361355761717
2024-05-22 11:30:00,-69.05407986666667,-44.07747053333333,-65.5722,3.48188290621745
2024-05-22 12:00:00,-74.61914483333334,-51.4279178,-77.49003,-2.8708835480143193
2024-05-22 12:30:00,-88.31973004999999,-46.7679416,-82.99057,5.329159981640615
2024-05-22 13:00:00,-93.34338101666668,-44.34879,-85.801956,7.541424839908871
2024-05-22 13:30:00,-79.89581326666666,-50.12800443333333,-80.19068,-0.294868190852867
2024-05-22 14:00:00,-78.50827938333333,-44.94798265,-74.095245,4.413034022005206
2024-05-22 14:30:00,-66.68092786666666,-40.478548366666665,-64.972664,1.708263987272133
2024-05-22 15:00:00,-47.5084038,-31.591541733333333,-47.28692,0.22148515986328476
2024-05-22 15:30:00,-26.64343331666667,-10.92673175,-25.271912,1.3715216955729197
2024-05-22 16:00:00,-4.5012377500000005,-1.7465005333333334,-7.6748085,-3.173570752197265
2024-05-22 16:30:00,4.6292697,4.979278933333333,2.4520624,-2.1772073316070557
2024-05-22 17:00:00,14.950156716666667,22.09367203333333,14.02068,-0.9294762891153976
2024-05-22 17:30:00,26.43270655,29.595771216666662,22.241085,-4.1916214975097645
2024-05-22 18:00:00,31.02305493333333,32.316533983333336,30.338259,-0.6847961900471979
2024-05-22 18:30:00,32.35125345,39.86554495,35.640892,3.2896385788085922
2024-05-22 19:00:00,36.65184706666667,44.4327683,36.75851,0.10666352293294068
2024-05-22 19:30:00,36.112693766666666,42.73339116666667,39.06975,2.957057972835287
2024-05-22 20:00:00,37.3628377,37.48457225,36.611755,-0.75108232890625
2024-05-22 20:30:00,41.6656633,45.025429,40.82962,-0.8360429386718735
2024-05-22 21:00:00,36.70764106666667,44.78323841666667,39.477005,2.769363938216145
2024-05-22 21:30:00,39.40160036666666,42.29952563333333,38.945606,-0.4559941349772103
2024-05-22 22:00:00,38.09633545,40.388259516666665,37.831764,-0.26457122880859174
2024-05-22 22:30:00,35.627728350000005,38.93346328333333,35.28085,-0.3468788932128959
2024-05-22 23:00:00,37.38245831666666,39.14830223333333,36.213215,-1.169243442399079
2024-05-22 23:30:00,32.050910116666664,39.53738826666667,34.654743,2.6038330779134142
2024-05-23 00:00:00,33.8056962,35.007190200000004,35.21693,1.411234189404297
2024-05-23 00:30:00,34.31308331666667,33.18175111666667,34.592407,0.27932390989582956
2024-05-23 01:00:00,33.827591616666666,33.555439033333336,33.51765,-0.30994101241861927
2024-05-23 01:30:00,31.615483333333334,27.30659933333333,32.41003,0.7945470316569008
2024-05-23 02:00:00,29.26570058333333,33.21639941666667,31.412163,2.146462197428388
2024-05-23 02:30:00,27.897192766666667,32.930012633333334,32.17734,4.280148694514974
2024-05-23 03:00:00,32.42359736666667,32.573894933333335,33.36251,0.9389133144856743
2024-05-23 03:30:00,32.706365,28.049214533333338,30.840187,-1.8661779272460919
2024-05-23 04:00:00,37.148386566666666,30.75822893333334,32.120647,-5.027739136246744
2024-05-23 04:30:00,33.909088966666665,32.96915445,31.881016,-2.028073189078775
2024-05-23 05:00:00,34.92933935,38.268459416666666,34.752495,-0.1768445379882806
2024-05-23 05:30:00,34.74198896666667,44.95434011666666,37.58321,2.8412210247884104
2024-05-23 06:00:00,32.36999773333333,42.796324483333336,37.30394,4.9339420860026095
2024-05-23 06:30:00,33.18788386666667,49.0288978,42.092396,8.904511915804036
2024-05-23 07:00:00,53.101928316666665,48.57927118333333,49.560585,-3.541343294694009
2024-05-23 07:30:00,48.12272156666666,50.13801096666666,48.10978,-0.01294220875650609
2024-05-23 08:00:00,44.0167229,43.595431733333335,41.1542,-2.8625213924316384
2024-05-23 08:30:00,31.25001045,29.38829821666667,25.253267,-5.9967431617919935
2024-05-23 09:00:00,11.83122995,16.1051199,14.271204,2.4399740447509757
2024-05-23 09:30:00,-10.4136279,0.4226432166666669,-6.308159,4.105469025488281
2024-05-23 10:00:00,-27.032032266666665,-26.19525213333333,-20.565058,6.466974512150063
2024-05-23 10:30:00,-31.052607816666665,-46.68908603333333,-32.678738,-1.6261298237141943
2024-05-23 11:00:00,-52.14685718333333,-63.8985267,-48.31794,3.82891742503255
2024-05-23 11:30:00,-59.85281816666667,-69.05407986666667,-62.705128,-2.8523095493977806
2024-05-23 12:00:00,-70.81370173333333,-74.61914483333334,-69.56854,1.2451592528645818
2024-05-23 12:30:00,-62.05464855,-88.31973004999999,-68.12491,-6.070259897265622
2024-05-23 13:00:00,-68.90269216666667,-93.34338101666668,-74.32471,-5.422014864583332
2024-05-23 13:30:00,-81.07047771666667,-79.89581326666666,-75.66252,5.4079563543619855
2024-05-23 14:00:00,-73.34179006666666,-78.50827938333333,-71.370964,1.9708260163736924
2024-05-23 14:30:00,-57.95324831666667,-66.68092786666666,-57.766567,0.18668108644205716
2024-05-23 15:00:00,-47.96087768333333,-47.5084038,-42.253426,5.707452085188798
2024-05-23 15:30:00,-29.112641550000003,-26.64343331666667,-22.120937,6.9917042025878935
2024-05-23 16:00:00,-11.466004366666668,-4.5012377500000005,-6.109062,5.35694217184245
2024-05-23 16:30:00,-0.5026189166666668,4.6292697,2.9112852,3.413904078638713
2024-05-23 17:00:00,7.171637233333333,14.950156716666667,12.997302,5.825664822025554
2024-05-23 17:30:00,10.520661283333334,26.43270655,16.600328,6.079667162101236
2024-05-23 18:00:00,13.444048883333336,31.02305493333333,18.569094,5.125044820890297
2024-05-23 18:30:00,21.5227956,32.35125345,26.641129,5.118332940039064
2024-05-23 19:00:00,32.190787900000004,36.65184706666667,33.82191,1.6311229581542932
2024-05-23 19:30:00,30.226270483333334,36.112693766666666,35.171803,4.945532037418619
2024-05-23 20:00:00,27.598721066666663,37.3628377,34.697567,7.098845919417322
2024-05-23 20:30:00,30.210503216666662,41.6656633,37.459866,7.249362353401697
2024-05-23 21:00:00,38.291917133333335,36.70764106666667,36.306973,-1.9849446296712259
2024-05-23 21:30:00,42.68904278333333,39.40160036666666,39.07267,-3.6163728004231714
2024-05-23 22:00:00,40.065616516666665,38.09633545,38.28317,-1.782447723942056
2024-05-23 22:30:00,27.633266183333333,35.627728350000005,34.917233,7.283966330094401
2024-05-23 23:00:00,29.61377668333333,37.38245831666666,36.705524,7.091747761246747
2024-05-23 23:30:00,30.43990218333333,32.050910116666664,35.65189,5.21198761769206
2024-05-24 00:00:00,37.18244515,33.8056962,36.34042,-0.8420253807128901
2024-05-24 00:30:00,38.56281153333333,34.31308331666667,35.135437,-3.4273745216145812
2024-05-24 01:00:00,36.29375508333333,33.827591616666666,31.794634,-4.499121217976885
2024-05-24 01:30:00,30.45438995,31.615483333333334,30.645735,0.1913448369873052
2024-05-24 02:00:00,31.526387733333333,29.26570058333333,31.578234,0.05184598553873698
2024-05-24 02:30:00,30.696603933333336,27.897192766666667,30.32361,-0.3729936275472028
2024-05-24 03:00:00,33.444117866666666,32.42359736666667,30.781755,-2.6623624192789705
2024-05-24 03:30:00,32.82977118333333,32.706365,31.023018,-1.8067533000325469
2024-05-24 04:00:00,29.80776215,37.148386566666666,31.440157,1.6323947866455093
2024-05-24 04:30:00,33.93846708333333,33.909088966666665,32.052593,-1.885873852132157
2024-05-24 05:00:00,35.53031013333333,34.92933935,32.562286,-2.968023756380205
2024-05-24 05:30:00,36.544622233333335,34.74198896666667,34.61553,-1.9290941266438821
2024-05-24 06:00:00,40.79146001666667,32.36999773333333,37.008595,-3.7828655037272156
2024-05-24 06:30:00,45.27642661666667,33.18788386666667,39.19943,-6.076998058317059
2024-05-24 07:00:00,47.93383624999999,53.101928316666665,45.750305,-2.1835310742187417
2024-05-24 07:30:00,46.78959115,48.12272156666666,46.410595,-0.3789962098144528
2024-05-24 08:00:00,42.37145496666667,44.0167229,42.156765,-0.21468998253580907
2024-05-24 08:30:00,35.309054966666665,31.25001045,32.377327,-2.9317280013346334
2024-05-24 09:00:00,25.38802388333333,11.83122995,18.90371,-6.484314471712235
2024-05-24 09:30:00,7.307918333333333,-10.4136279,-2.6797752,-9.987693571370443
2024-05-24 10:00:00,-12.297861,-27.032032266666665,-17.39709,-5.099229911865235
2024-05-24 10:30:00,-30.611960683333336,-31.052607816666665,-29.919346,0.6926148276204458
2024-05-24 11:00:00,-34.3003599,-52.14685718333333,-39.506958,-5.206598107812503
2024-05-24 11:30:00,-49.10890388333333,-59.85281816666667,-49.873856,-0.7649517074869792
2024-05-24 12:00:00,-54.91152766666667,-70.81370173333333,-54.216137,0.6953907342936247
2024-05-24 12:30:00,-45.74054228333333,-62.05464855,-47.630154,-1.889611372672526
2024-05-24 13:00:00,-51.92998946666666,-68.90269216666667,-53.41644,-1.4864495897298227
2024-05-24 13:30:00,-52.7352112,-81.07047771666667,-56.260098,-3.5248863036621074
2024-05-24 14:00:00,-46.41628226666666,-73.34179006666666,-50.479656,-4.063373952815759
2024-05-24 14:30:00,-36.79617881666667,-57.95324831666667,-41.496105,-4.699926377425129
2024-05-24 15:00:00,-19.340085616666663,-47.96087768333333,-28.734196,-9.394110092561853
2024-05-24 15:30:00,-8.522284616666667,-29.112641550000003,-12.140834,-3.618549238008626
2024-05-24 16:00:00,0.4137990333333334,-11.466004366666668,-1.4352494,-1.8490484811559043
2024-05-24 16:30:00,5.894037783333334,-0.5026189166666668,2.5652926,-3.3287451865163176
2024-05-24 17:00:00,11.677785583333332,7.171637233333333,9.586484,-2.091301627950031
2024-05-24 17:30:00,20.658453266666665,10.520661283333334,20.832619,0.17416544671224088
2024-05-24 18:00:00,30.727045633333333,13.444048883333336,23.699118,-7.027927972810872
2024-05-24 18:30:00,25.605679483333336,21.5227956,25.673655,0.06797507294107774
2024-05-24 19:00:00,27.64421285,32.190787900000004,29.199415,1.5552023569091808
2024-05-24 19:30:00,20.17290661666667,30.226270483333334,30.055935,9.88302828933919
2024-05-24 20:00:00,28.30897955,27.598721066666663,31.129215,2.8202356904785155
2024-05-24 20:30:00,33.7614973,30.210503216666662,33.95149,0.18999119487304483
2024-05-24 21:00:00,37.79564543333333,38.291917133333335,34.814064,-2.9815814074544207
2024-05-24 21:30:00,40.90633328333333,42.68904278333333,38.75969,-2.1466439522786445
2024-05-24 22:00:00,40.61319543333334,40.065616516666665,38.782345,-1.8308506152181039
2024-05-24 22:30:00,32.72617546666667,27.633266183333333,32.764935,0.03875907312825433
2024-05-24 23:00:00,34.70742273333334,29.61377668333333,33.249584,-1.4578385353352914
2024-05-24 23:30:00,36.030301183333336,30.43990218333333,34.012226,-2.0180750785970076
2024-05-25 00:00:00,31.93795433333333,37.18244515,35.41733,3.4793773622233104
2024-05-25 00:30:00,35.35906881666667,38.56281153333333,35.037766,-0.3213033137369834
2024-05-25 01:00:00,34.51848495,36.29375508333333,32.90538,-1.6131047009765638
2024-05-25 01:30:00,27.94979671666667,30.45438995,30.67262,2.7228240566487614
2024-05-25 02:00:00,28.82620615,31.526387733333333,29.00392,0.17771345144042883
2024-05-25 02:30:00,25.37725088333333,30.696603933333336,29.450264,4.073013093717453
2024-05-25 03:00:00,25.250472766666665,33.444117866666666,29.52403,4.27355791875814
2024-05-25 03:30:00,30.11977505,32.82977118333333,30.279,0.15922427861328003
2024-05-25 04:00:00,26.815862866666667,29.80776215,29.274054,2.458190706941732
2024-05-25 04:30:00,27.839737616666667,33.93846708333333,30.547964,2.7082264794026685
2024-05-25 05:00:00,30.76758605,35.53031013333333,30.053349,-0.7142375087402328
2024-05-25 05:30:00,27.68135618333333,36.544622233333335,31.213072,3.5317156397867855
2024-05-25 06:00:00,36.8898944,40.79146001666667,35.857162,-1.0327319244140654
2024-05-25 06:30:00,40.70019275,45.27642661666667,38.621372,-2.0788205270996087
2024-05-25 07:00:00,40.07475333333333,47.93383624999999,40.80852,0.7337679374186266
2024-05-25 07:30:00,37.1364188,46.78959115,38.257942,1.12152339970703
2024-05-25 08:00:00,37.9011378,42.37145496666667,37.511967,-0.38917109467773514
2024-05-25 08:30:00,36.42838378333333,35.309054966666665,30.911413,-5.516970590584307
2024-05-25 09:00:00,26.338260466666668,25.38802388333333,20.47057,-5.867690856070965
2024-05-25 09:30:00,2.2470212000000003,7.307918333333333,1.4738139,-0.7732073085891726
2024-05-25 10:00:00,-9.962280383333336,-12.297861,-12.973784,-3.011504063382972
2024-05-25 10:30:00,-25.420389466666663,-30.611960683333336,-28.175484,-2.7550942369466185
2024-05-25 11:00:00,-36.81500765,-34.3003599,-44.572624,-7.75761655654297
2024-05-25 11:30:00,-45.31057426666666,-49.10890388333333,-49.534664,-4.2240898873860715
2024-05-25 12:00:00,-45.1108224,-54.91152766666667,-50.727516,-5.616693774316403
2024-05-25 12:30:00,-66.59703383333334,-45.74054228333333,-66.43318,0.1638520706380291
2024-05-25 13:00:00,-63.44333395,-51.92998946666666,-64.30342,-0.8600870705078094
2024-05-25 13:30:00,-65.28745611666666,-52.7352112,-65.65034,-0.3628811025716203
2024-05-25 14:00:00,-64.34524671666667,-46.41628226666666,-63.208267,1.1369795047526026
2024-05-25 14:30:00,-57.27494618333333,-36.79617881666667,-56.073063,1.2018832866048115
2024-05-25 15:00:00,-44.1655528,-19.340085616666663,-34.56872,9.596831028759766
2024-05-25 15:30:00,-27.96505168333333,-8.522284616666667,-25.529789,2.435262712386063
2024-05-25 16:00:00,-10.966985516666666,0.4137990333333334,-8.9424715,2.0245140124552403
2024-05-25 16:30:00,-2.072253966666667,5.894037783333334,0.03563429,2.1078882570936366
2024-05-25 17:00:00,6.725678883333333,11.677785583333332,8.993127,2.267447985868327
2024-05-25 17:30:00,16.483092666666668,20.658453266666665,15.323875,-1.159217239420574
2024-05-25 18:00:00,18.914988466666667,30.727045633333333,23.511532,4.596543363167317
2024-05-25 18:30:00,23.104311733333333,25.605679483333336,26.469255,3.3649437140543625
2024-05-25 19:00:00,30.37151215,27.64421285,29.393055,-0.9784571878417978
2024-05-25 19:30:00,27.51021061666667,20.17290661666667,27.957312,0.44710101358235477
2024-05-25 20:00:00,26.80340995,28.30897955,31.887882,5.084472282666017
2024-05-25 20:30:00,41.57487381666667,33.7614973,36.4423,-5.132574927506511
2024-05-25 21:00:00,39.75432215,37.79564543333333,38.24841,-1.5059128787597658
2024-05-25 21:30:00,41.73698175,40.90633328333333,40.46611,-1.2708715205078107
2024-05-25 22:00:00,42.7703189,40.61319543333334,42.294567,-0.4757517918457026
2024-05-25 22:30:00,42.51464621666667,32.72617546666667,39.094772,-3.419873877799482
2024-05-25 23:00:00,45.30852781666667,34.70742273333334,37.092678,-8.215849746598309
2024-05-25 23:30:00,38.6328434,36.030301183333336,35.97986,-2.6529850015624987
2024-05-26 00:00:00,42.08748293333333,31.93795433333333,36.087822,-5.999660972884108
2024-05-26 00:30:00,39.146299383333336,35.35906881666667,35.77993,-3.366369268587242
2024-05-26 01:00:00,41.7882722,34.51848495,35.37965,-6.408622084033205
2024-05-26 01:30:00,34.45794871666667,27.94979671666667,30.643373,-3.814575227286788
2024-05-26 02:00:00,34.86038383333334,28.82620615,30.930338,-3.930045927449548
2024-05-26 02:30:00,27.5024389,25.37725088333333,27.828949,0.32651007460937365
2024-05-26 03:00:00,30.182041766666668,25.250472766666665,28.204256,-1.97778570892741
2024-05-26 03:30:00,33.99638396666666,30.11977505,30.348421,-3.647962869864905
2024-05-26 04:00:00,31.06991725,26.815862866666667,29.155092,-1.9148250106201168
2024-05-26 04:30:00,35.14324265,27.839737616666667,30.039045,-5.104197316137693
2024-05-26 05:00:00,34.61391508333333,30.76758605,32.108833,-2.5050817703450505
2024-05-26 05:30:00,36.637489433333336,27.68135618333333,32.860794,-3.7766953659505234
2024-05-26 06:00:00,38.11024391666667,36.8898944,36.787,-1.3232451678873716
2024-05-26 06:30:00,40.91734665,40.70019275,38.670555,-2.246791535253905
2024-05-26 07:00:00,38.36918763333333,40.07475333333333,40.034595,1.6654078561686205
2024-05-26 07:30:00,35.68704948333333,37.1364188,36.813984,1.1269344339029956
2024-05-26 08:00:00,33.17024778333333,37.9011378,33.1765,0.00625062975260704
2024-05-26 08:30:00,31.549216116666667,36.42838378333333,30.469387,-1.0798290622233075
2024-05-26 09:00:00,14.97717605,26.338260466666668,17.310383,2.3332067930175775
2024-05-26 09:30:00,-2.6203555,2.2470212000000003,-1.7444943,0.8758611810379029
2024-05-26 10:00:00,-20.791135550000003,-9.962280383333336,-22.232182,-1.4410459990722622
2024-05-26 10:30:00,-47.64051275,-25.420389466666663,-40.040234,7.600279137939452
2024-05-26 11:00:00,-57.70316005,-36.81500765,-50.43195,7.271210434521485
2024-05-26 11:30:00,-66.97514721666667,-45.31057426666666,-63.46565,3.5094985655436233
2024-05-26 12:00:00,-82.69227006666667,-45.1108224,-76.078674,6.613595750260416
2024-05-26 12:30:00,-91.76420558333332,-66.59703383333334,-85.073456,6.690749772786447
2024-05-26 13:00:00,-91.34044326666668,-63.44333395,-88.876175,2.4642683399088696
2024-05-26 13:30:00,-94.07983666666668,-65.28745611666666,-90.72219,3.3576458097330857
2024-05-26 14:00:00,-93.93592843333332,-64.34524671666667,-87.915596,6.020332425032535
2024-05-26 14:30:00,-72.96759615,-57.27494618333333,-71.14312,1.824476337988287
2024-05-26 15:00:00,-56.25293323333333,-44.1655528,-50.062508,6.190425603938799
2024-05-26 15:30:00,-34.113080000000004,-27.96505168333333,-33.02129,1.0917901745605505
2024-05-26 16:00:00,-17.43581663333333,-10.966985516666666,-13.656448,3.779368269075519
2024-05-26 16:30:00,0.1464900499999992,-2.072253966666667,3.4240873,3.277597235995484
2024-05-26 17:00:00,14.703254983333332,6.725678883333333,13.419312,-1.2839434598958324
2024-05-26 17:30:00,21.9084755,16.483092666666668,19.198868,-2.709607702148439
2024-05-26 18:00:00,23.32121603333333,18.914988466666667,21.258121,-2.063094542854813
2024-05-26 18:30:00,29.749126016666665,23.104311733333333,25.71681,-4.032315790226235
2024-05-26 19:00:00,24.49315221666667,30.37151215,29.570713,5.077560826546222
2024-05-26 19:30:00,24.26628116666667,27.51021061666667,26.870075,2.603794059163409
2024-05-26 20:00:00,27.467285416666662,26.80340995,30.441599,2.9743134755452516
2024-05-26 20:30:00,33.179956616666665,41.57487381666667,35.83269,2.652734575960288
2024-05-26 21:00:00,36.086441150000006,39.75432215,37.483105,1.396663555810541
2024-05-26 21:30:00,33.6868317,41.73698175,35.456345,1.7695129044921885
2024-05-26 22:00:00,33.48445323333333,42.7703189,36.08557,2.6011180557291667
2024-05-26 22:30:00,30.63543346666667,42.51464621666667,33.69965,3.064216344124347
2024-05-26 23:00:00,37.082351583333335,45.30852781666667,36.884518,-0.1978339136556002
2024-05-26 23:30:00,40.00562336666667,38.6328434,38.27674,-1.7288823388346373
2024-05-27 00:00:00,42.53148275,42.08748293333333,36.03105,-6.500431114257815
2024-05-27 00:30:00,45.373253983333335,39.146299383333336,36.61867,-8.754582566097007
2024-05-27 01:00:00,33.56850658333333,41.7882722,34.199867,0.6313606652018251
2024-05-27 01:30:00,31.40105438333333,34.45794871666667,31.869043,0.467988966886395
2024-05-27 02:00:00,31.50642595,34.86038383333334,30.794874,-0.7115517587158209
2024-05-27 02:30:00,29.292259933333337,27.5024389,29.030855,-0.2614047545003295
2024-05-27 03:00:00,33.737388833333334,30.182041766666668,30.638382,-3.0990068753255215
2024-05-27 03:30:00,36.9739489,33.99638396666666,31.653055,-5.320893708959964
2024-05-27 04:00:00,32.89673065,31.06991725,31.377743,-1.5189878826660177
2024-05-27 04:30:00,32.86482326666667,35.14324265,32.820915,-0.043908044498699894
2024-05-27 05:00:00,40.33096393333333,34.61391508333333,35.769657,-4.561306798323564
2024-05-27 05:30:00,40.67108941666667,36.637489433333336,36.361958,-4.3091318666178395
2024-05-27 06:00:00,39.413048833333335,38.11024391666667,38.06828,-1.3447695669759128
2024-05-27 06:30:00,36.57945335,40.91734665,39.521156,2.941702961035155
2024-05-27 07:00:00,39.55003658333333,38.36918763333333,42.173733,2.623696174235029
2024-05-27 07:30:00,44.00901948333333,35.68704948333333,43.100452,-0.9085670602376297
2024-05-27 08:00:00,41.22575391666667,33.17024778333333,41.453064,0.22731004817708111
2024-05-27 08:30:00,33.42139168333333,31.549216116666667,35.08449,1.6631000464029952
2024-05-27 09:00:00,22.65366338333333,14.97717605,21.24054,-1.4131238325520812
2024-05-27 09:30:00,11.25092545,-2.6203555,8.67562,-2.575305370959473
2024-05-27 10:00:00,-10.156302616666666,-20.791135550000003,-8.905404,1.2508985257853187
2024-05-27 10:30:00,-35.667372883333336,-47.64051275,-34.72,0.9473716626302107
2024-05-27 11:00:00,-53.66828278333333,-57.70316005,-48.7124,4.955884254280598
2024-05-27 11:30:00,-64.45641993333334,-66.97514721666667,-59.865868,4.5905523185872426
2024-05-27 12:00:00,-77.9216484,-82.69227006666667,-71.314156,6.607492821386714
2024-05-27 12:30:00,-90.78781891666668,-91.76420558333332,-86.23177,4.556045540201836
2024-05-27 13:00:00,-82.09656668333334,-91.34044326666668,-81.4704,0.6261687341145858
2024-05-27 13:30:00,-74.16072058333333,-94.07983666666668,-77.01167,-2.850952390299483
2024-05-27 14:00:00,-69.71400556666667,-93.93592843333332,-69.3332,0.3808070193033899
2024-05-27 14:30:00,-48.58636756666667,-72.96759615,-48.311153,0.2752141548014322
2024-05-27 15:00:00,-33.78033995,-56.25293323333333,-32.74119,1.0391480859863265
2024-05-27 15:30:00,-17.77432705,-34.113080000000004,-21.583565,-3.809237708300781
2024-05-27 16:00:00,-6.156664583333334,-17.43581663333333,-5.1738596,0.9828049870808924
2024-05-27 16:30:00,-2.930506666666666,0.1464900499999992,2.1311297,5.061636408335367
2024-05-27 17:00:00,2.3188599333333326,14.703254983333332,12.254053,9.935193182511394
2024-05-27 17:30:00,13.960794683333331,21.9084755,21.438318,7.477523569230145
2024-05-27 18:00:00,21.34961165,23.32121603333333,24.894943,3.5453315873046876
2024-05-27 18:30:00,23.69477943333333,29.749126016666665,29.643923,5.949143372452802
2024-05-27 19:00:00,30.832427216666662,24.49315221666667,34.14929,3.316860960823572
2024-05-27 19:30:00,32.87378931666667,24.26628116666667,33.548744,0.6749548849934897
2024-05-27 20:00:00,37.58926391666666,27.467285416666662,37.048756,-0.5405082709147067
2024-05-27 20:30:00,40.73978511666667,33.179956616666665,39.750782,-0.9890031037272138
2024-05-27 21:00:00,42.6671339,36.086441150000006,40.30899,-2.358143421484378
2024-05-27 21:30:00,39.47350996666666,33.6868317,38.44164,-1.0318710201334582
2024-05-27 22:00:00,27.10240843333333,33.48445323333333,34.20354,7.1011323686686225
2024-05-27 22:30:00,26.25794695,30.63543346666667,31.400118,5.142170924145507
2024-05-27 23:00:00,32.89520885,37.082351583333335,33.86596,0.9707503174804657
2024-05-27 23:30:00,34.31946276666667,40.00562336666667,37.818607,3.499144563655598
2024-05-28 00:00:00,33.38621728333333,42.53148275,35.665237,2.279020143424482
2024-05-28 00:30:00,32.151166116666666,45.373253983333335,35.969883,3.818716848421225
2024-05-28 01:00:00,36.09263176666666,33.56850658333333,35.527794,-0.5648378823893196
2024-05-28 01:30:00,26.11440735,31.40105438333333,31.569613,5.455205153051757
2024-05-28 02:00:00,27.866533383333334,31.50642595,30.408728,2.54219426254069
2024-05-28 02:30:00,25.97791838333333,29.292259933333337,30.048098,4.070179227140304
2024-05-28 03:00:00,30.15668958333333,33.737388833333334,32.023575,1.8668852457682341
2024-05-28 03:30:00,31.245467233333333,36.9739489,32.183678,0.938210440006511
2024-05-28 04:00:00,30.968319366666663,32.89673065,32.99393,2.025611449983728
2024-05-28 04:30:00,34.94459558333333,32.86482326666667,33.574726,-1.3698694785970034
2024-05-28 05:00:00,38.39307445,40.33096393333333,35.89636,-2.496715960009766
2024-05-28 05:30:00,33.69109555,40.67108941666667,37.395905,3.704808991015625
2024-05-28 06:00:00,39.52849895,39.413048833333335,41.430832,1.902332959179688
2024-05-28 06:30:00,43.721895700000005,36.57945335,42.24711,-1.4747872405273483
2024-05-28 07:00:00,45.7562912,39.55003658333333,44.13423,-1.6220596326171872
2024-05-28 07:30:00,52.092418183333336,44.00901948333333,48.305412,-3.7870058908528677
2024-05-28 08:00:00,45.3520921,41.22575391666667,43.49493,-1.8571618326660158
2024-05-28 08:30:00,31.477924483333336,33.42139168333333,33.046986,1.5690611428873673
2024-05-28 09:00:00,25.616206783333336,22.65366338333333,24.421833,-1.1943737450032579
2024-05-28 09:30:00,10.240227266666666,11.25092545,8.541992,-1.6982350791666665
2024-05-28 10:00:00,-8.811246599999999,-10.156302616666666,-6.924683,1.8865635059753405
2024-05-28 10:30:00,-23.72919455,-35.667372883333336,-25.240103,-1.510908217944337
2024-05-28 11:00:00,-38.93683105,-53.66828278333333,-38.36011,0.5767198134277365
2024-05-28 11:30:00,-59.32097281666668,-64.45641993333334,-56.03877,3.282204048356135
2024-05-28 12:00:00,-68.41623895,-77.9216484,-65.073685,3.3425542576171807
2024-05-28 12:30:00,-83.59908668333334,-90.78781891666668,-78.35012,5.248966138899746
2024-05-28 13:00:00,-87.06027601666666,-82.09656668333334,-82.0799,4.9803733677408815
2024-05-28 13:30:00,-81.6511604,-74.16072058333333,-79.95127,1.6998893428710886
2024-05-28 14:00:00,-81.1353095,-69.71400556666667,-78.67904,2.4562704985351616
2024-05-28 14:30:00,-66.59559706666666,-48.58636756666667,-63.238808,3.3567893884439997
2024-05-28 15:00:00,-48.36443008333333,-33.78033995,-43.869267,4.495163573323566
2024-05-28 15:30:00,-27.595136633333336,-17.77432705,-23.281078,4.314058294710289
2024-05-28 16:00:00,-11.917084966666666,-6.156664583333334,-7.9166613,4.000423704154459
2024-05-28 16:30:00,-2.80892955,-2.930506666666666,-1.0578908,1.7510387771804812
2024-05-28 17:00:00,5.711120566666668,2.3188599333333326,6.230122,0.5190015227193188
2024-05-28 17:30:00,8.99792385,13.960794683333331,13.793305,4.795381547033692
2024-05-28 18:00:00,18.82755836666667,21.34961165,19.610022,0.7824632245198551
2024-05-28 18:30:00,26.85310433333333,23.69477943333333,27.700808,0.847703238077802
2024-05-28 19:00:00,28.95885051666667,30.832427216666662,29.237833,0.2789825064046205
2024-05-28 19:30:00,32.4286144,32.87378931666667,31.43181,-0.9968040209716804
2024-05-28 20:00:00,30.353364566666663,37.58926391666666,35.012947,4.659582515852868
2024-05-28 20:30:00,34.06156551666667,40.73978511666667,37.441895,3.3803290145833316
2024-05-28 21:00:00,33.02506328333333,42.6671339,39.76573,6.740668528190106
2024-05-28 21:30:00,34.081603916666666,39.47350996666666,37.087486,3.005882350423178
2024-05-28 22:00:00,27.7621852,27.10240843333333,32.49741,4.7352246205566395
2024-05-28 22:30:00,27.75576666666667,26.25794695,28.245842,0.49007531331379894
2024-05-28 23:00:00,29.825174966666665,32.89520885,31.871529,2.046353658821616
2024-05-28 23:30:00,28.7550317,34.31946276666667,33.40794,4.652908210888672
2024-05-29 00:00:00,27.798118150000004,33.38621728333333,35.931854,8.133736098046871
2024-05-29 00:30:00,30.03747483333333,32.151166116666666,33.948555,3.9110801593424505
2024-05-29 01:00:00,35.31681733333333,36.09263176666666,33.41321,-1.9036055108235672
2024-05-29 01:30:00,31.17614888333333,26.11440735,30.101606,-1.0745425143147749
2024-05-29 02:00:00,36.04782281666667,27.866533383333334,29.903908,-6.1439150407877605
2024-05-29 02:30:00,36.09086048333334,25.97791838333333,30.232523,-5.858337518855798
2024-05-29 03:00:00,32.083343416666665,30.15668958333333,29.630451,-2.4528922142740868
2024-05-29 03:30:00,34.09312896666667,31.245467233333333,32.004498,-2.0886314385904967
2024-05-29 04:00:00,34.890160116666664,30.968319366666663,31.72085,-3.169310125821937
2024-05-29 04:30:00,36.43484771666667,34.94459558333333,32.947033,-3.48781478819987
2024-05-29 05:00:00,40.10897286666667,38.39307445,35.54133,-4.5676444364908875
2024-05-29 05:30:00,37.58998496666667,33.69109555,34.98931,-2.600673748404951
2024-05-29 06:00:00,44.37550945,39.52849895,37.27901,-7.096498677294925
2024-05-29 06:30:00,43.76378281666666,43.721895700000005,41.729115,-2.034668284195959
2024-05-29 07:00:00,43.600120633333326,45.7562912,43.587826,-0.012294858186841395
2024-05-29 07:30:00,40.68566886666667,52.092418183333336,46.50015,5.814479906526692
2024-05-29 08:00:00,39.73006676666667,45.3520921,41.788387,2.0583205319173175
2024-05-29 08:30:00,24.243651666666665,31.477924483333336,29.921904,5.678251943562827
2024-05-29 09:00:00,15.204070016666668,25.616206783333336,19.501413,4.297343328670246
2024-05-29 09:30:00,-2.3170393166666665,10.240227266666666,2.1833632,4.500402515900675
2024-05-29 10:00:00,-15.765477733333334,-8.811246599999999,-13.020497,2.7449804112508147
2024-05-29 10:30:00,-34.05602043333334,-23.72919455,-30.051647,4.0043732470540405
2024-05-29 11:00:00,-54.624311033333335,-38.93683105,-47.594925,7.029386106575522
2024-05-29 11:30:00,-63.04923506666666,-59.32097281666668,-62.45979,0.5894457905436141
2024-05-29 12:00:00,-75.17449906666667,-68.41623895,-68.30219,6.872306378678388
2024-05-29 12:30:00,-80.39374959999999,-83.59908668333334,-78.681946,1.7118037992187425
2024-05-29 13:00:00,-82.88155391666666,-87.06027601666666,-86.84834,-3.9667889788411514
2024-05-29 13:30:00,-82.55691385,-81.6511604,-81.91544,0.6414704295898446
2024-05-29 14:00:00,-78.23575615,-81.1353095,-76.340576,1.8951799781250003
2024-05-29 14:30:00,-64.12038116666666,-66.59559706666666,-62.31044,1.8099411031900985
2024-05-29 15:00:00,-41.23288118333333,-48.36443008333333,-43.784584,-2.551702862076823
2024-05-29 15:30:00,-31.807306766666667,-27.595136633333336,-29.726343,2.08096361175944
2024-05-29 16:00:00,-16.487805033333334,-11.917084966666666,-12.804718,3.683087015755209
2024-05-29 16:30:00,-1.429632316666667,-2.80892955,-1.6508487,-0.22121642963307675
2024-05-29 17:00:00,3.959997716666667,5.711120566666668,6.18361,2.223612245796712
2024-05-29 17:30:00,13.977341716666666,8.99792385,15.243282,1.265940601448568
2024-05-29 18:00:00,15.4776628,18.82755836666667,20.696865,5.21920228178711
2024-05-29 18:30:00,21.61049775,26.85310433333333,23.771448,2.160950385375976
2024-05-29 19:00:00,21.45443275,28.95885051666667,26.455423,5.00099060510254
2024-05-29 19:30:00,28.395129466666663,32.4286144,30.880737,2.4856078380208366
2024-05-29 20:00:00,28.67021216666667,30.353364566666663,31.194511,2.5242992469075496
2024-05-29 20:30:00,32.42008393333334,34.06156551666667,35.707676,3.287592000504553
2024-05-29 21:00:00,36.55889835,33.02506328333333,36.044212,-0.514686008691406
2024-05-29 21:30:00,36.03408386666667,34.081603916666666,36.42036,0.386276698518877
2024-05-29 22:00:00,27.90342988333333,27.7621852,29.985872,2.082442385343427
2024-05-29 22:30:00,21.6174422,27.75576666666667,28.269617,6.652174880688477
2024-05-29 23:00:00,26.37615835,29.825174966666665,30.680874,4.304715520849609
2024-05-29 23:30:00,27.85153838333333,28.7550317,31.06372,3.212182319791669
2024-05-30 00:00:00,33.485382816666664,27.798118150000004,34.02409,0.5387069965657574
2024-05-30 00:30:00,31.73489933333333,30.03747483333333,33.032158,1.2972585646158876
2024-05-30 01:00:00,29.25323835,35.31681733333333,32.16983,2.916591972265625
2024-05-30 01:30:00,24.51224678333333,31.17614888333333,29.490429,4.978182141227215
2024-05-30 02:00:00,25.82625385,36.04782281666667,29.376883,3.5506287031005854
2024-05-30 02:30:00,31.24907603333333,36.09086048333334,31.204094,-0.04498210022786253
2024-05-30 03:00:00,27.13127165,32.083343416666665,30.30943,3.1781575187011732
2024-05-30 03:30:00,26.554997916666668,34.09312896666667,30.713799,4.158800606282551
2024-05-30 04:00:00,23.757981616666665,34.890160116666664,29.810696,6.052714031526694
2024-05-30 04:30:00,24.26156935,36.43484771666667,29.915901,5.654331834082033
2024-05-30 05:00:00,24.36253926666667,40.10897286666667,33.325848,8.963308359065753
2024-05-30 05:30:00,28.12512945,37.58998496666667,31.461657,3.336527120434571
2024-05-30 06:00:00,26.50453603333333,44.37550945,34.748985,8.244449257194013
2024-05-30 06:30:00,28.34087613333333,43.76378281666666,37.359238,9.018361537565106
2024-05-30 07:00:00,42.21522676666667,43.600120633333326,43.07996,0.8647331027180982
2024-05-30 07:30:00,48.702166733333335,40.68566886666667,44.60751,-4.094657120296226
2024-05-30 08:00:00,47.88671333333334,39.73006676666667,41.25513,-6.631582565511074
2024-05-30 08:30:00,31.511585916666665,24.243651666666665,31.242254,-0.2693316594645161
2024-05-30 09:00:00,21.471792633333333,15.204070016666668,21.661068,0.18927532931315127
2024-05-30 09:30:00,11.8702557,-2.3170393166666665,9.739201,-2.131055107958984
2024-05-30 10:00:00,1.0397545499999998,-15.765477733333334,-3.919943,-4.95969764425354
2024-05-30 10:30:00,-11.348454883333334,-34.05602043333334,-16.489588,-5.141132900480143
2024-05-30 11:00:00,-14.43159655,-54.624311033333335,-23.116163,-8.68456670378418
2024-05-30 11:30:00,-19.835551533333334,-63.04923506666666,-31.067963,-11.232411113151041
2024-05-30 12:00:00,-31.674993916666665,-75.17449906666667,-39.046917,-7.371923045003257
2024-05-30 12:30:00,-35.530598,-80.39374959999999,-41.023113,-5.492515250732424
2024-05-30 13:00:00,-22.7719882,-82.88155391666666,-31.583761,-8.811773015209962
2024-05-30 13:30:00,-18.61580598333333,-82.55691385,-31.240116,-12.624310136051434
2024-05-30 14:00:00,-22.29614241666667,-78.23575615,-24.35145,-2.055307549763995
2024-05-30 14:30:00,-13.8981901,-64.12038116666666,-23.33725,-9.439059655859374
2024-05-30 15:00:00,-2.6683588833333336,-41.23288118333333,-14.598897,-11.930538096952311
2024-05-30 15:30:00,0.9476776333333335,-31.807306766666667,-3.641768,-4.589445612001547
2024-05-30 16:00:00,-3.675179799999999,-16.487805033333334,-3.5605328,0.1146469916961661
2024-05-30 16:30:00,0.7411088666666664,-1.429632316666667,2.605293,1.8641841688405356
2024-05-30 17:00:00,12.160301616666668,3.959997716666667,10.303171,-1.8571304588297544
2024-05-30 17:30:00,11.262320099999998,13.977341716666666,15.112774,3.8504537952636735
2024-05-30 18:00:00,17.5924403,15.4776628,18.726486,1.1340459060546877
2024-05-30 18:30:00,24.531540133333333,21.61049775,24.410366,-0.12117407498372401
2024-05-30 19:00:00,20.618218483333333,21.45443275,23.457655,2.8394364696695966
2024-05-30 19:30:00,27.4881944,28.395129466666663,28.571344,1.0831499756103504
2024-05-30 20:00:00,35.26414258333333,28.67021216666667,32.86723,-2.3969131216634096
2024-05-30 20:30:00,34.46064781666667,32.42008393333334,33.190533,-1.2701151323405
2024-05-30 21:00:00,31.954795983333337,36.55889835,35.129417,3.1746214361002565
2024-05-30 21:30:00,34.3798617,36.03408386666667,35.22582,0.8459569340332038
2024-05-30 22:00:00,29.962599800000003,27.90342988333333,31.060352,1.09775252543945
2024-05-30 22:30:00,25.75036795,21.6174422,28.107042,2.356674362622069
2024-05-30 23:00:00,28.759483266666667,26.37615835,29.272385,0.5129013768880206
2024-05-30 23:30:00,27.06670725,27.85153838333333,30.447708,3.381000879882812
2024-05-31 00:00:00,29.160459983333336,33.485382816666664,32.743393,3.5829329610026015
2024-05-31 00:30:00,34.05996055,31.73489933333333,34.716026,0.6560657561523442
2024-05-31 01:00:00,32.49490385,29.25323835,31.571611,-0.9232924455810547
2024-05-31 01:30:00,31.21058766666667,24.51224678333333,28.41592,-2.7946674090983095
2024-05-31 02:00:00,32.73228211666667,25.82625385,27.397478,-5.334804013028972
2024-05-31 02:30:00,29.53881108333333,31.24907603333333,30.117144,0.5783325476481167
2024-05-31 03:00:00,27.80489055,27.13127165,29.855988,2.0510969988281254
2024-05-31 03:30:00,26.633759416666667,26.554997916666668,27.25179,0.6180296763509112
2024-05-31 04:00:00,23.75262055,23.757981616666665,26.90203,3.149410394824219
2024-05-31 04:30:00,23.70944265,24.26156935,26.073145,2.363702262719727
2024-05-31 05:00:00,25.848340033333333,24.36253926666667,28.19167,2.3433294307779953
2024-05-31 05:30:00,25.38393148333333,28.12512945,32.287586,6.903654728824872
2024-05-31 06:00:00,29.591368233333338,26.50453603333333,30.722979,1.1316103585856077
2024-05-31 06:30:00,30.73771445,28.34087613333333,33.11407,2.376356442333986
2024-05-31 07:00:00,40.1559184,42.21522676666667,39.486904,-0.669014255712888
2024-05-31 07:30:00,39.47377493333333,48.702166733333335,42.768776,3.295001006608075
2024-05-31 08:00:00,35.715474449999995,47.88671333333334,38.70291,2.98743692695313
2024-05-31 08:30:00,31.246680616666666,31.511585916666665,31.955551,0.7088705307942718
2024-05-31 09:00:00,23.22043161666667,21.471792633333333,21.877893,-1.3425381687906928
2024-05-31 09:30:00,12.990191133333331,11.8702557,9.775613,-3.2145783022176087
2024-05-31 10:00:00,3.676928433333333,1.0397545499999998,1.0780051,-2.598923357878621
2024-05-31 10:30:00,-8.7298651,-11.348454883333334,-15.146945,-6.417079899694825
2024-05-31 11:00:00,-20.33592673333333,-14.43159655,-21.093527,-0.7576001068766303
2024-05-31 11:30:00,-18.44862826666667,-19.835551533333334,-20.9589,-2.510272184993486
2024-05-31 12:00:00,-24.9698061,-31.674993916666665,-23.496403,1.473403359521484
2024-05-31 12:30:00,-19.32909768333333,-35.530598,-23.803415,-4.474317615128584
2024-05-31 13:00:00,-6.446129016666667,-22.7719882,-5.935842,0.5102869794657394
2024-05-31 13:30:00,-7.981928233333334,-18.61580598333333,-9.923144,-1.9412161071818028
2024-05-31 14:00:00,-11.658896533333332,-22.29614241666667,-9.2800665,2.378830043159992
2024-05-31 14:30:00,-6.391963383333333,-13.8981901,-8.623333,-2.231369593961589
2024-05-31 15:00:00,9.589195683333337,-2.6683588833333336,-2.7722778,-12.361473515364587
2024-05-31 15:30:00,2.0309293333333334,0.9476776333333335,-1.8953497,-3.926279074315389
2024-05-31 16:00:00,9.558017483333332,-3.675179799999999,9.434593,-0.12342428264973826
2024-05-31 16:30:00,12.674586633333334,0.7411088666666664,6.5860357,-6.088550904878744
2024-05-31 17:00:00,18.37237175,12.160301616666668,13.751566,-4.62080581677246
2024-05-31 17:30:00,24.112387100000003,11.262320099999998,19.725332,-4.387054839868167
2024-05-31 18:00:00,37.9027965,17.5924403,25.945177,-11.95761942175293
2024-05-31 18:30:00,34.8990823,24.531540133333333,28.369078,-6.530004617504886
2024-05-31 19:00:00,35.96288718333333,20.618218483333333,29.050009,-6.912878409529618
2024-05-31 19:30:00,32.0915543,27.4881944,30.81183,-1.2797237793701157
2024-05-31 20:00:00,28.9796767,35.26414258333333,31.002396,2.0227189298828137
2024-05-31 20:30:00,29.91637568333333,34.46064781666667,31.849245,1.9328693880778012
2024-05-31 21:00:00,33.46818495,31.954795983333337,35.096592,1.6284069994628894
2024-05-31 21:30:00,40.04847851666667,34.3798617,35.97202,-4.076459321110029
2024-05-31 22:00:00,45.92749385,29.962599800000003,35.48114,-10.446353713281248
2024-05-31 22:30:00,36.85724455,25.75036795,31.50348,-5.353763638745114
2024-05-31 23:00:00,34.50653713333333,28.759483266666667,31.591354,-2.9151827632161442
2024-05-31 23:30:00,33.973942216666664,27.06670725,34.641357,0.6674152052083357
2024-06-01 00:00:00,36.81110771666667,29.160459983333336,38.000008,1.1888999127278623
2024-06-01 00:30:00,34.760211649999995,34.05996055,37.414726,2.6545146073242236
2024-06-01 01:00:00,25.957849416666665,32.49490385,32.337776,6.379926767415366
2024-06-01 01:30:00,24.6566694,31.21058766666667,30.447733,5.791063525415041
2024-06-01 02:00:00,33.914103266666665,32.73228211666667,33.091106,-0.8229968518717428
2024-06-01 02:30:00,36.31071,29.53881108333333,31.1351,-5.175610588989258
2024-06-01 03:00:00,31.53814403333333,27.80489055,30.945429,-0.59271518506673
2024-06-01 03:30:00,28.254934416666668,26.633759416666667,30.795048,2.540113343343098
2024-06-01 04:00:00,34.674476066666664,23.75262055,29.351706,-5.322770515519203
2024-06-01 04:30:00,35.9359866,23.70944265,29.39642,-6.539567074853515
2024-06-01 05:00:00,34.23180463333333,25.848340033333333,29.65849,-4.573315406038411
2024-06-01 05:30:00,33.14007006666667,25.38393148333333,30.380972,-2.7590981580973306
2024-06-01 06:00:00,36.9738374,29.591368233333338,32.76147,-4.212366605322266
2024-06-01 06:30:00,43.38812673333334,30.73771445,36.38647,-7.0016559386556025
2024-06-01 07:00:00,40.3149033,40.1559184,39.508236,-0.8066673686035131
2024-06-01 07:30:00,37.954052366666666,39.47377493333333,38.942055,0.9880023818684904
2024-06-01 08:00:00,32.36933165,35.715474449999995,37.54915,5.179816909570313
2024-06-01 08:30:00,28.8650889,31.246680616666666,29.545038,0.6799493232666016
2024-06-01 09:00:00,22.713565,23.22043161666667,21.231161,-1.4824038824462882
2024-06-01 09:30:00,28.63093453333333,12.990191133333331,19.956287,-8.674647149300128
2024-06-01 10:00:00,29.53649558333333,3.676928433333333,17.275959,-12.260536568440752
2024-06-01 10:30:00,12.782233316666668,-8.7298651,4.1150484,-8.667184908158367
2024-06-01 11:00:00,-7.46039175,-20.33592673333333,-9.233732,-1.7733404735107419
2024-06-01 11:30:00,-14.664702183333333,-18.44862826666667,-20.12872,-5.464017146500652
2024-06-01 12:00:00,-8.266916533333335,-24.9698061,-15.243408,-6.976491669791665
2024-06-01 12:30:00,-6.435618316666667,-19.32909768333333,-11.432931,-4.997312629683431
2024-06-01 13:00:00,-6.881178866666667,-6.446129016666667,-8.164294,-1.28311537619222
2024-06-01 13:30:00,3.101453933333332,-7.981928233333334,-1.6513183,-4.752772245024616
2024-06-01 14:00:00,-4.938462049999999,-11.658896533333332,-5.291981,-0.35351917024536217
2024-06-01 14:30:00,9.593869333333332,-6.391963383333333,4.5644617,-5.029407625264485
2024-06-01 15:00:00,9.986814966666667,9.589195683333337,7.8145432,-2.172271719443767
2024-06-01 15:30:00,8.5784816,2.0309293333333334,5.061522,-3.5169595930114745
2024-06-01 16:00:00,3.840392133333333,9.558017483333332,2.781211,-1.0591812339803055
2024-06-01 16:30:00,8.829910633333332,12.674586633333334,12.098535,3.268623950712078
2024-06-01 17:00:00,22.852718866666667,18.37237175,20.873611,-1.9791074164713542
2024-06-01 17:30:00,27.48016385,24.112387100000003,26.34979,-1.130373276879883
2024-06-01 18:00:00,32.16642171666667,37.9027965,35.744656,3.5782338924641905
2024-06-01 18:30:00,44.545162000000005,34.8990823,42.59595,-1.9492109196777392
2024-06-01 19:00:00,43.86109896666667,35.96288718333333,42.64728,-1.2138173199381512
2024-06-01 19:30:00,43.83910946666666,32.0915543,40.734364,-3.10474591075846
2024-06-01 20:00:00,44.81953125,28.9796767,42.270817,-2.5487144470214815
2024-06-01 20:30:00,51.143616066666674,29.91637568333333,41.55451,-9.589107857438158
2024-06-01 21:00:00,47.67754945,33.46818495,42.84442,-4.833128063281251
2024-06-01 21:30:00,50.95392345,40.04847851666667,46.87461,-4.0793125491210915
2024-06-01 22:00:00,49.036493283333336,45.92749385,46.28941,-2.7470836458821637
2024-06-01 22:30:00,46.67771678333333,36.85724455,39.394367,-7.283349565315753
2024-06-01 23:00:00,42.09615446666667,34.50653713333333,39.159725,-2.936429277457684
2024-06-01 23:30:00,45.9825134,33.973942216666664,40.677254,-5.305259676855471
2024-06-02 00:00:00,43.53441566666667,36.81110771666667,38.470108,-5.064307634440105
2024-06-02 00:30:00,45.62147553333333,34.760211649999995,38.57438,-7.047096566048175
2024-06-02 01:00:00,39.33703945,25.957849416666665,34.633728,-4.703311422656249
2024-06-02 01:30:00,33.193744466666665,24.6566694,31.481949,-1.7117956141276025
2024-06-02 02:00:00,33.05621785,33.914103266666665,32.99726,-0.05895680263672176
2024-06-02 02:30:00,42.61821506666667,36.31071,34.435066,-8.18314884352214
2024-06-02 03:00:00,37.28449605,31.53814403333333,31.953012,-5.331483583569337
2024-06-02 03:30:00,31.985026633333334,28.254934416666668,31.125101,-0.8599255438557947
2024-06-02 04:00:00,34.9347871,34.674476066666664,33.3811,-1.5536873990722668
2024-06-02 04:30:00,33.0594545,35.9359866,32.693203,-0.3662515275878917
2024-06-02 05:00:00,34.14647836666666,34.23180463333333,33.65885,-0.4876267431315071
2024-06-02 05:30:00,34.783329433333336,33.14007006666667,34.69447,-0.08885998142903873
2024-06-02 06:00:00,32.960112816666665,36.9738374,35.435337,2.475224249983725
2024-06-02 06:30:00,32.6155778,43.38812673333334,37.891823,5.276245014941409
2024-06-02 07:00:00,30.291444650000003,40.3149033,37.149067,6.857622275048826
2024-06-02 07:30:00,28.740117766666668,37.954052366666666,34.261948,5.52182986516927
2024-06-02 08:00:00,26.94999785,32.36933165,34.97476,8.02476029819336
2024-06-02 08:30:00,28.880286533333333,28.8650889,29.105473,0.22518603136393267
2024-06-02 09:00:00,21.599706116666667,22.713565,21.627495,0.027788695345051906
2024-06-02 09:30:00,10.116621266666666,28.63093453333333,10.152017,0.03539537304280671
2024-06-02 10:00:00,-7.4193034,29.53649558333333,2.7400281,10.159331542929078
2024-06-02 10:30:00,-23.72433115,12.782233316666668,-20.647768,3.0765631293701183
2024-06-02 11:00:00,-24.368260116666665,-7.46039175,-25.006216,-0.6379559325276709
2024-06-02 11:30:00,-36.848729983333335,-14.664702183333333,-34.955986,1.8927439603841165
2024-06-02 12:00:00,-51.66969556666667,-8.266916533333335,-45.379307,6.290388773453778
2024-06-02 12:30:00,-44.29446496666666,-6.435618316666667,-43.022507,1.2719582527994717
2024-06-02 13:00:00,-42.264856566666666,-6.881178866666667,-41.069283,1.1955740349283843
2024-06-02 13:30:00,-46.10813233333334,3.101453933333332,-44.65431,1.4538240142415404
2024-06-02 14:00:00,-40.46455445,-4.938462049999999,-38.254974,2.2095800847656264
2024-06-02 14:30:00,-34.762903333333334,9.593869333333332,-32.60814,2.1547642952473964
2024-06-02 15:00:00,-32.99229135,9.986814966666667,-31.27491,1.7173813768554709
2024-06-02 15:30:00,-23.260169966666663,8.5784816,-13.515892,9.744277937858069
2024-06-02 16:00:00,-3.507590516666667,3.840392133333333,-2.918043,0.5895476184885666
2024-06-02 16:30:00,10.69136785,8.829910633333332,10.639857,-0.0515105578247077
2024-06-02 17:00:00,22.15002833333333,22.852718866666667,23.379704,1.2296751883951842
2024-06-02 17:30:00,26.069537166666667,27.48016385,27.383026,1.3134889563802084
2024-06-02 18:00:00,40.547005516666665,32.16642171666667,36.801888,-3.745118004459634
2024-06-02 18:30:00,52.66295655,44.545162000000005,48.795555,-3.8674014352539032
2024-06-02 19:00:00,52.9735383,43.86109896666667,50.23639,-2.7371491398437513
2024-06-02 19:30:00,44.98160166666667,43.83910946666666,46.58485,1.603248644612627
2024-06-02 20:00:00,46.96745393333333,44.81953125,45.921394,-1.0460595851888002
2024-06-02 20:30:00,41.146165,51.143616066666674,45.33243,4.186266793212887
2024-06-02 21:00:00,37.37333195,47.67754945,44.009876,6.636544301220702
2024-06-02 21:30:00,37.3153049,50.95392345,43.627754,6.31244931142578
2024-06-02 22:00:00,41.05679181666667,49.036493283333336,42.48535,1.4285597458333328
2024-06-02 22:30:00,40.002749433333335,46.67771678333333,41.494946,1.4921960927897118
2024-06-02 23:00:00,39.17693963333333,42.09615446666667,38.949314,-0.22762551590169267
2024-06-02 23:30:00,40.78361946666667,45.9825134,42.35364,1.5700220433430943
2024-06-03 00:00:00,41.03857158333333,43.53441566666667,43.15133,2.1127574571940144
2024-06-03 00:30:00,41.81196383333333,45.62147553333333,40.40792,-1.4040429959309861
2024-06-03 01:00:00,37.41904065,39.33703945,36.11086,-1.3081817327636713
2024-06-03 01:30:00,32.38453655,33.193744466666665,31.132387,-1.2521493887451172
2024-06-03 02:00:00,27.282301166666667,33.05621785,32.164494,4.882192394124349
2024-06-03 02:30:00,32.68364948333333,42.61821506666667,35.627224,2.943574485172526
2024-06-03 03:00:00,27.35354605,37.28449605,33.232243,5.878696534228517
2024-06-03 03:30:00,25.910453933333333,31.985026633333334,31.123663,5.213209015275066
2024-06-03 04:00:00,27.6291684,34.9347871,30.71046,3.081292262841796
2024-06-03 04:30:00,28.85364065,33.0594545,32.53814,3.6844986932617196
2024-06-03 05:00:00,33.83504503333334,34.14647836666666,34.663136,0.8280904952311161
2024-06-03 05:30:00,31.58510718333333,34.783329433333336,37.07324,5.488131189469403
2024-06-03 06:00:00,39.94098278333333,32.960112816666665,39.787365,-0.15361782361653553
2024-06-03 06:30:00,45.99141995,32.6155778,43.91914,-2.072280087939454
2024-06-03 07:00:00,49.747027300000006,30.291444650000003,45.78088,-3.966147325634772
2024-06-03 07:30:00,43.1289817,28.740117766666668,44.77021,1.6412285661132842
2024-06-03 08:00:00,44.2762388,26.94999785,42.918053,-1.3581861266601578
2024-06-03 08:30:00,44.07135841666667,28.880286533333333,40.061478,-4.009880755533857
2024-06-03 09:00:00,33.47502555,21.599706116666667,30.462755,-3.0122703467529277
2024-06-03 09:30:00,12.8883145,10.116621266666666,14.569193,1.6808783863525392
2024-06-03 10:00:00,6.196822916666666,-7.4193034,4.4715085,-1.725314413706461
2024-06-03 10:30:00,4.362450616666667,-23.72433115,0.24274075,-4.119709866353862
2024-06-03 11:00:00,-3.072994966666668,-24.368260116666665,-6.363483,-3.290487985451252
2024-06-03 11:30:00,-14.514473816666666,-36.848729983333335,-17.423338,-2.9088641197347016
2024-06-03 12:00:00,-17.058328799999998,-51.66969556666667,-24.642645,-7.58431608220215
2024-06-03 12:30:00,-26.302007133333333,-44.29446496666666,-29.22043,-2.9184232408121744
2024-06-03 13:00:00,-23.69092155,-42.264856566666666,-23.402512,0.2884099533203113
2024-06-03 13:30:00,-20.935633366666668,-46.10813233333334,-24.830603,-3.8949692792073556
2024-06-03 14:00:00,-33.4928278,-40.46455445,-29.892267,3.600560572827149
2024-06-03 14:30:00,-21.77521498333333,-34.762903333333334,-24.00019,-2.22497575152995
2024-06-03 15:00:00,-6.911803383333332,-32.99229135,-9.397975,-2.486171584623211
2024-06-03 15:30:00,1.9872099,-23.260169966666663,-0.13217969,-2.1193895923875807
2024-06-03 16:00:00,15.139106183333332,-3.507590516666667,9.641245,-5.497861295027668
2024-06-03 16:30:00,19.907441566666662,10.69136785,19.827698,-0.07974381276041242
2024-06-03 17:00:00,30.961027533333333,22.15002833333333,29.804907,-1.1561206882405592
2024-06-03 17:30:00,50.88549938333333,26.069537166666667,39.592533,-11.292966271761067
2024-06-03 18:00:00,49.67336326666666,40.547005516666665,49.90532,0.23195594720052526
2024-06-03 18:30:00,58.88661326666666,52.66295655,54.388584,-4.498029129703767
2024-06-03 19:00:00,62.22626825,52.9735383,57.47752,-4.748748260986325
2024-06-03 19:30:00,60.70295333333333,44.98160166666667,56.825058,-3.877895349934896
2024-06-03 20:00:00,56.4000339,46.96745393333333,53.371197,-3.028837153173825
2024-06-03 20:30:00,54.99275265,41.146165,54.015755,-0.9769979502929687
2024-06-03 21:00:00,55.07164613333333,37.37333195,47.410645,-7.661001602083331
2024-06-03 21:30:00,53.71250771666666,37.3153049,46.54306,-7.169447413932282
2024-06-03 22:00:00,49.87990725,41.05679181666667,42.9794,-6.900506615234377
2024-06-03 22:30:00,37.6114554,40.002749433333335,38.850117,1.2386613297363311
2024-06-03 23:00:00,37.46380271666666,39.17693963333333,38.73078,1.266978838509118
2024-06-03 23:30:00,38.0960823,40.78361946666667,40.00296,1.906877905078126
2024-06-04 00:00:00,40.9606783,41.03857158333333,40.508156,-0.4525224772460916
2024-06-04 00:30:00,41.66662993333333,41.81196383333333,39.849247,-1.8173829545735671
2024-06-04 01:00:00,36.34777046666667,37.41904065,37.597717,1.2499468184895832
2024-06-04 01:30:00,36.1397804,32.38453655,34.969627,-1.1701530196289056
2024-06-04 02:00:00,41.27022383333333,27.282301166666667,35.640034,-5.6301901114095045
2024-06-04 02:30:00,42.472564033333335,32.68364948333333,37.88094,-4.591624549690756
2024-06-04 03:00:00,30.001729283333333,27.35354605,33.73645,3.734720911979167
2024-06-04 03:30:00,25.337886066666663,25.910453933333333,31.52336,6.185473232039392
2024-06-04 04:00:00,26.07590265,27.6291684,30.735748,4.659845641015625
2024-06-04 04:30:00,30.01874055,28.85364065,32.81991,2.8011675920898433
2024-06-04 05:00:00,36.19146396666667,33.83504503333334,34.909637,-1.2818265154947923
2024-06-04 05:30:00,35.754058,31.58510718333333,33.746353,-2.007704850585938
2024-06-04 06:00:00,36.48363158333333,39.94098278333333,40.099342,3.615710762858079
2024-06-04 06:30:00,37.74827771666667,45.99141995,42.502617,4.754339165657548
2024-06-04 07:00:00,50.35249208333334,49.747027300000006,51.0052,0.6527073490397086
2024-06-04 07:30:00,57.817172766666665,43.1289817,53.6039,-4.213271857242837
2024-06-04 08:00:00,57.36116883333333,44.2762388,50.343254,-7.017914743977862
2024-06-04 08:30:00,40.09677328333333,44.07135841666667,44.34919,4.252416474967454
2024-06-04 09:00:00,46.682939483333335,33.47502555,39.989693,-6.693246795345054
2024-06-04 09:30:00,29.166566666666668,12.8883145,25.12492,-4.041646775309246
2024-06-04 10:00:00,17.361044466666666,6.196822916666666,13.274014,-4.08702999370524
2024-06-04 10:30:00,-2.3760570999999997,4.362450616666667,-3.9485476,-1.5724905016998294
2024-06-04 11:00:00,-15.244544383333334,-3.072994966666668,-14.572901,0.6716436112386077
2024-06-04 11:30:00,-16.19344896666667,-14.514473816666666,-19.168953,-2.9755039752278627
2024-06-04 12:00:00,-18.37784508333333,-17.058328799999998,-21.377087,-2.9992415560709667
2024-06-04 12:30:00,-16.433702866666668,-26.302007133333333,-24.099493,-7.665790160066731
2024-06-04 13:00:00,-24.73263611666667,-23.69092155,-23.634588,1.0980478750895202
2024-06-04 13:30:00,-22.5580283,-20.935633366666668,-22.347378,0.21065052290039077
2024-06-04 14:00:00,-16.6137911,-33.4928278,-23.174295,-6.560504325415039
2024-06-04 14:30:00,-8.34628605,-21.77521498333333,-11.839806,-3.493519553027344
2024-06-04 15:00:00,-2.4783056,-6.911803383333332,-8.173113,-5.694807269262695
2024-06-04 15:30:00,6.0264482,1.9872099,3.439801,-2.5866472222930907
2024-06-04 16:00:00,8.81339,15.139106183333332,8.43143,-0.38196013702392584
2024-06-04 16:30:00,23.70151615,19.907441566666662,18.577457,-5.124058722021484
2024-06-04 17:00:00,26.916949,30.961027533333333,25.759943,-1.1570059915771473
2024-06-04 17:30:00,24.808469533333334,50.88549938333333,28.833744,4.025274515738932
2024-06-04 18:00:00,27.339282883333336,49.67336326666666,31.375439,4.036155806852211
2024-06-04 18:30:00,32.935001650000004,58.88661326666666,38.52737,5.592368802880856
2024-06-04 19:00:00,46.60518453333333,62.22626825,46.240185,-0.3649997493977821
2024-06-04 19:30:00,37.90029893333334,60.70295333333333,44.984543,7.084243913346349
2024-06-04 20:00:00,41.822866266666665,56.4000339,44.499626,2.6767598930013037
2024-06-04 20:30:00,38.660738333333335,54.99275265,46.808216,8.147477761637369
2024-06-04 21:00:00,45.76083333333333,55.07164613333333,46.94734,1.1865047709147163
2024-06-04 21:30:00,49.12320423333333,53.71250771666666,47.590942,-1.5322618505208325
2024-06-04 22:00:00,45.342796666666665,49.87990725,45.491707,0.1489101814778664
2024-06-04 22:30:00,43.565121716666674,37.6114554,42.398796,-1.1663256351237052
2024-06-04 23:00:00,48.09561051666666,37.46380271666666,41.986656,-6.108954327701817
2024-06-04 23:30:00,41.37085893333333,38.0960823,41.38854,0.01767942726237237
2024-06-05 00:00:00,39.81432671666666,40.9606783,40.75161,0.9372830855794305
2024-06-05 00:30:00,37.25132060000001,41.66662993333333,38.534298,1.2829773431152276
2024-06-05 01:00:00,37.543592233333335,36.34777046666667,35.075783,-2.467809457454429
2024-06-05 01:30:00,38.62807561666667,36.1397804,33.68384,-4.944233911344405
2024-06-05 02:00:00,37.1796227,41.27022383333333,36.28359,-0.8960342905761749
2024-06-05 02:30:00,43.3210288,42.472564033333335,39.156662,-4.164366812695313
2024-06-05 03:00:00,38.63125018333333,30.001729283333333,33.144417,-5.486833374251297
2024-06-05 03:30:00,29.79307215,25.337886066666663,30.823313,1.0302406093994136
2024-06-05 04:00:00,30.0217888,26.07590265,28.584187,-1.4376022460449214
2024-06-05 04:30:00,24.596350016666666,30.01874055,28.45897,3.862619099544272
2024-06-05 05:00:00,29.044931533333337,36.19146396666667,31.097645,2.0527132725748665
2024-06-05 05:30:00,30.485109366666663,35.754058,34.164577,3.6794681174641966
2024-06-05 06:00:00,33.075475716666666,36.48363158333333,35.59268,2.5172061680989586
2024-06-05 06:30:00,31.97550388333333,37.74827771666667,36.356052,4.380548515348309
2024-06-05 07:00:00,43.522017616666666,50.35249208333334,47.03934,3.5173233562337245
2024-06-05 07:30:00,46.58546561666666,57.817172766666665,48.141285,1.555819325960293
2024-06-05 08:00:00,49.22734106666667,57.36116883333333,46.64757,-2.5797695029459646
2024-06-05 08:30:00,36.47784885,40.09677328333333,39.096172,2.618323482763671
2024-06-05 09:00:00,42.10194221666666,46.682939483333335,37.34995,-4.751993333610017
2024-06-05 09:30:00,27.84839983333333,29.166566666666668,23.476658,-4.371741965901688
2024-06-05 10:00:00,23.09079005,17.361044466666666,17.230322,-5.8604681658447255
2024-06-05 10:30:00,5.095238966666667,-2.3760570999999997,1.2853668,-3.80987219306132
2024-06-05 11:00:00,-3.768456616666666,-15.244544383333334,-8.732904,-4.964447817537435
2024-06-05 11:30:00,-20.2586927,-16.19344896666667,-21.410746,-1.152052920727538
2024-06-05 12:00:00,-32.02195123333333,-18.37784508333333,-27.965431,4.0565200199544265
2024-06-05 12:30:00,-39.75758781666666,-16.433702866666668,-34.655884,5.101704027604157
2024-06-05 13:00:00,-31.4449516,-24.73263611666667,-30.989552,0.45540005581054643
2024-06-05 13:30:00,-25.461015516666667,-22.5580283,-23.896843,1.5641725601236978
2024-06-05 14:00:00,-16.239077733333332,-16.6137911,-21.809656,-5.570578409855145
2024-06-05 14:30:00,-14.3351105,-8.34628605,-18.117579,-3.782468006469726
2024-06-05 15:00:00,-8.981729433333333,-2.4783056,-10.207303,-1.2255736138468425
2024-06-05 15:30:00,2.3831079499999994,6.0264482,2.9601116,0.5770036680419928
2024-06-05 16:00:00,10.073118316666664,8.81339,9.873437,-0.19968138887125342
2024-06-05 16:30:00,12.771471066666663,23.70151615,14.577504,1.8060330913533562
2024-06-05 17:00:00,17.776351116666664,26.916949,19.69997,1.9236191286946642
2024-06-05 17:30:00,23.701137183333334,24.808469533333334,26.571518,2.870380761002604
2024-06-05 18:00:00,39.044687116666665,27.339282883333336,37.040752,-2.0039347057779935
2024-06-05 18:30:00,40.76902618333333,32.935001650000004,40.9123,0.1432739265299503
2024-06-05 19:00:00,45.833965,46.60518453333333,46.3057,0.47173339477539145
2024-06-05 19:30:00,58.46391561666667,37.90029893333334,47.97568,-10.488234311735027
2024-06-05 20:00:00,49.938965450000005,41.822866266666665,47.53965,-2.3993154866210986
2024-06-05 20:30:00,50.73453596666667,38.660738333333335,47.220997,-3.5135391099772164
2024-06-05 21:00:00,48.10945615,45.76083333333333,46.7099,-1.3995562476562498
2024-06-05 21:30:00,41.3631328,49.12320423333333,45.202686,3.8395535098144506
2024-06-05 22:00:00,37.019467266666666,45.342796666666665,40.75015,3.730681506526693
2024-06-05 22:30:00,35.88421268333333,43.565121716666674,39.370968,3.4867551816569033
2024-06-05 23:00:00,38.89699335,48.09561051666666,39.91062,1.0136282930664038
2024-06-05 23:30:00,38.349585133333335,41.37085893333333,40.130756,1.7811712448404933
2024-06-06 00:00:00,44.93123105,39.81432671666666,41.99062,-2.940611390576173
2024-06-06 00:30:00,37.4969606,37.25132060000001,38.193817,0.6968565386718737
2024-06-06 01:00:00,31.940099383333333,37.543592233333335,35.239204,3.299105023404948
2024-06-06 01:30:00,27.702080116666668,38.62807561666667,34.355892,6.6538120647298165
2024-06-06 02:00:00,30.78632378333333,37.1796227,35.029087,4.2427632833170605
2024-06-06 02:30:00,36.5861266,43.3210288,38.3918,1.8056733267578124
2024-06-06 03:00:00,37.70177341666667,38.63125018333333,35.10789,-2.5938823339029966
2024-06-06 03:30:00,31.1767439,29.79307215,30.099207,-1.0775369755615252
2024-06-06 04:00:00,34.31488665,30.0217888,31.595825,-2.7190614546874983
2024-06-06 04:30:00,32.56607333333333,24.596350016666666,30.306307,-2.2597664943440705
2024-06-06 05:00:00,31.17007993333333,29.044931533333337,30.60121,-0.5688702928304004
2024-06-06 05:30:00,31.9971446,30.485109366666663,32.75182,0.7546750105957045
2024-06-06 06:00:00,42.1184349,33.075475716666666,39.33399,-2.7844467103027313
2024-06-06 06:30:00,40.4882223,31.97550388333333,40.268574,-0.21964853901366865
2024-06-06 07:00:00,47.94113155,43.522017616666666,46.305935,-1.635196643994142
2024-06-06 07:30:00,54.49805610000001,46.58546561666666,47.696205,-6.80185096083985
2024-06-06 08:00:00,48.161784350000005,49.22734106666667,48.720055,0.5582702764648388
2024-06-06 08:30:00,43.21581841666667,36.47784885,39.24371,-3.972108852457687
2024-06-06 09:00:00,20.94024113333333,42.10194221666666,30.00714,9.066898072599287
2024-06-06 09:30:00,14.818889983333332,27.84839983333333,19.017397,4.198506943546551
2024-06-06 10:00:00,1.7302988499999994,23.09079005,4.7020698,2.971770909368897
2024-06-06 10:30:00,-7.415352666666666,5.095238966666667,-4.5420647,2.8732879999186194
2024-06-06 11:00:00,-7.792301566666666,-3.768456616666666,-8.217554,-0.4252525257405608
2024-06-06 11:30:00,-4.6062501000000005,-20.2586927,-11.305669,-6.699418730871582
2024-06-06 12:00:00,-15.022828383333334,-32.02195123333333,-20.990469,-5.967640595548502
2024-06-06 12:30:00,-25.596490616666667,-39.75758781666666,-31.048885,-5.452394728792317
2024-06-06 13:00:00,-27.0656367,-31.4449516,-27.231785,-0.16614812055664174
2024-06-06 13:30:00,-18.02133063333333,-25.461015516666667,-23.779093,-5.757762155362958
2024-06-06 14:00:00,-11.752106683333333,-16.239077733333332,-18.396574,-6.64446733705241
2024-06-06 14:30:00,-3.1753578,-14.3351105,-11.1537075,-7.9783497042724605
2024-06-06 15:00:00,-1.1864333500000006,-8.981729433333333,-6.514588,-5.328154529180908
2024-06-06 15:30:00,2.9393833,2.3831079499999994,-0.1794545,-3.118837805443573
2024-06-06 16:00:00,13.696549266666665,10.073118316666664,7.133662,-6.562887042850747
2024-06-06 16:30:00,20.4012278,12.771471066666663,16.95871,-3.442518083203126
2024-06-06 17:00:00,19.342299983333334,17.776351116666664,20.456326,1.1140255476725258
2024-06-06 17:30:00,25.60581786666667,23.701137183333334,24.868917,-0.7369004014567082
2024-06-06 18:00:00,36.3239783,39.044687116666665,33.963566,-2.3604124735839846
2024-06-06 18:30:00,41.97972498333333,40.76902618333333,38.892944,-3.086780647395827
2024-06-06 19:00:00,43.938530883333335,45.833965,40.30885,-3.6296815486165386
2024-06-06 19:30:00,46.86368051666667,58.46391561666667,43.097446,-3.7662340750162784
2024-06-06 20:00:00,49.76706781666667,49.938965450000005,47.336708,-2.4303597478190113
2024-06-06 20:30:00,46.70602768333333,50.73453596666667,47.812725,1.10669738380534
2024-06-06 21:00:00,37.79425546666667,48.10945615,43.624477,5.83022191980794
2024-06-06 21:30:00,43.34696711666667,41.3631328,42.668354,-0.6786130822428404
2024-06-06 22:00:00,40.02047556666667,37.019467266666666,37.927666,-2.0928098562174497
2024-06-06 22:30:00,36.441837666666665,35.88421268333333,37.17521,0.7333713787434917
2024-06-06 23:00:00,41.8042223,38.89699335,39.56574,-2.2384836220214837
2024-06-06 23:30:00,33.65811431666666,38.349585133333335,36.407654,2.749539491927088
2024-06-07 00:00:00,38.29262456666667,44.93123105,39.23306,0.940434362776692
2024-06-07 00:30:00,35.25562836666666,37.4969606,36.70486,1.4492323205891964
2024-06-07 01:00:00,33.0991728,31.940099383333333,32.741974,-0.35719892304687306
2024-06-07 01:30:00,28.456676716666667,27.702080116666668,31.347002,2.890325312752278
2024-06-07 02:00:00,28.174814616666666,30.78632378333333,33.89423,5.71941527224935
2024-06-07 02:30:00,29.51519155,36.5861266,33.27103,3.75583887602539
2024-06-07 03:00:00,27.43712333333333,37.70177341666667,33.474,6.036875690104171
2024-06-07 03:30:00,30.00754945,31.1767439,29.032734,-0.9748155327636709
2024-06-07 04:00:00,31.81743835,34.31488665,31.842295,0.024856342993164304
2024-06-07 04:30:00,31.797762233333334,32.56607333333333,32.226086,0.42832342950846325
2024-06-07 05:00:00,28.66921838333333,31.17007993333333,30.756947,2.087728180387373
2024-06-07 05:30:00,26.824744433333336,31.9971446,31.163565,4.3388202486735
2024-06-07 06:00:00,36.3300172,42.1184349,37.897373,1.5673559994628903
2024-06-07 06:30:00,42.41109673333333,40.4882223,42.109627,-0.3014699633137994
2024-06-07 07:00:00,47.841449266666665,47.94113155,45.43041,-2.4110407888834615
2024-06-07 07:30:00,46.26243713333333,54.49805610000001,47.570637,1.3081996159342495
2024-06-07 08:00:00,38.51494636666666,48.161784350000005,41.180634,2.6656871782552116
2024-06-07 08:30:00,28.1934279,43.21581841666667,31.95994,3.7665120566650394
2024-06-07 09:00:00,15.736584433333334,20.94024113333333,21.01981,5.283225289567056
2024-06-07 09:30:00,6.078289016666666,14.818889983333332,11.731793,5.653504386958822
2024-06-07 10:00:00,1.6390861,1.7302988499999994,2.6954486,1.056362537008667
2024-06-07 10:30:00,-7.432249,-7.415352666666666,-8.264809,-0.8325596547851566
2024-06-07 11:00:00,-14.752284916666666,-7.792301566666666,-15.69549,-0.9432049667561859
2024-06-07 11:30:00,-16.832128216666668,-4.6062501000000005,-15.933945,0.8981835145182302
2024-06-07 12:00:00,-15.210047366666666,-15.022828383333334,-19.536793,-4.326745388460287
2024-06-07 12:30:00,-23.570989033333333,-25.596490616666667,-26.426857,-2.855867961295573
2024-06-07 13:00:00,-31.034258366666663,-27.0656367,-29.95844,1.0758175860270143
2024-06-07 13:30:00,-28.480194316666665,-18.02133063333333,-28.320253,0.15994094447428253
2024-06-07 14:00:00,-26.325517783333336,-11.752106683333333,-26.656242,-0.33072458727213316
2024-06-07 14:30:00,-9.97835105,-3.1753578,-11.31797,-1.3396192258789057
2024-06-07 15:00:00,-4.741690616666667,-1.1864333500000006,-6.813803,-2.072112579286702
2024-06-07 15:30:00,-2.2069805500000004,2.9393833,-2.4203403,-0.21335974960632287
2024-06-07 16:00:00,6.62888285,13.696549266666665,7.7840953,1.155212437322998
2024-06-07 16:30:00,13.256933316666666,20.4012278,15.521794,2.2648610024861657
2024-06-07 17:00:00,19.40804663333333,19.342299983333334,22.016756,2.6087094244059266
2024-06-07 17:30:00,25.4243511,25.60581786666667,25.031149,-0.39320218947753816
2024-06-07 18:00:00,25.40830383333333,36.3239783,29.166039,3.7577346798502624
2024-06-07 18:30:00,29.064501133333334,41.97972498333333,31.638308,2.573806438077799
2024-06-07 19:00:00,33.82703296666667,43.938530883333335,36.65931,2.83227642054036
2024-06-07 19:30:00,36.79511178333333,46.86368051666667,38.68755,1.8924378077311204
2024-06-07 20:00:00,39.219364383333335,49.76706781666667,42.058605,2.8392408107584615
2024-06-07 20:30:00,37.07736991666667,46.70602768333333,39.987766,2.910396349202472
2024-06-07 21:00:00,34.4028094,37.79425546666667,36.832672,2.4298627191406226
2024-06-07 21:30:00,32.619947716666665,43.34696711666667,39.264347,6.64439935974935
2024-06-07 22:00:00,33.28884878333333,40.02047556666667,36.045605,2.7567559224772182
2024-06-07 22:30:00,35.81089451666667,36.441837666666665,35.88095,0.07005641106770355
2024-06-07 23:00:00,38.37860931666666,41.8042223,38.3921,0.01349197117513512
2024-06-07 23:30:00,32.710320483333334,33.65811431666666,36.12313,3.41281031500651
2024-06-08 00:00:00,36.226593900000005,38.29262456666667,37.37679,1.1501951930175736
2024-06-08 00:30:00,38.72068006666667,35.25562836666666,37.747467,-0.9732130256510416
2024-06-08 01:00:00,41.19776995,33.0991728,35.3836,-5.814171622363283
2024-06-08 01:30:00,38.030473916666665,28.456676716666667,33.375824,-4.65464994205729
2024-06-08 02:00:00,37.9545517,28.174814616666666,33.934902,-4.019649508837894
2024-06-08 02:30:00,40.78862273333333,29.51519155,35.41337,-5.37525450823567
2024-06-08 03:00:00,33.611073850000004,27.43712333333333,32.497704,-1.1133702977539102
2024-06-08 03:30:00,30.67418615,30.00754945,30.16048,-0.5137056507324225
2024-06-08 04:00:00,29.86139796666667,31.81743835,29.772697,-0.08870051793619993
2024-06-08 04:30:00,30.81126383333333,31.797762233333334,32.2808,1.4695360323893247
2024-06-08 05:00:00,31.01748375,28.66921838333333,32.404564,1.3870801538085935
2024-06-08 05:30:00,33.60292846666667,26.824744433333336,31.439453,-2.1634753416666683
2024-06-08 06:00:00,36.917234416666666,36.3300172,35.49732,-1.4199161488444005
2024-06-08 06:30:00,40.06575011666667,42.41109673333333,40.038643,-0.02710723336588927
2024-06-08 07:00:00,44.60461443333333,47.841449266666665,44.075096,-0.5295183029622379
2024-06-08 07:30:00,49.01541663333333,46.26243713333333,45.15423,-3.861188422884112
2024-06-08 08:00:00,41.25050556666667,38.51494636666666,40.96144,-0.2890645266276053
2024-06-08 08:30:00,31.70208273333333,28.1934279,31.597849,-0.10423384112141676
2024-06-08 09:00:00,26.40212573333333,15.736584433333334,23.760738,-2.6413873605305973
2024-06-08 09:30:00,7.862420666666668,6.078289016666666,13.020227,5.157806765584309
2024-06-08 10:00:00,-4.740545016666667,1.6390861,1.8526613,6.593206268688457
2024-06-08 10:30:00,-12.686900766666668,-7.432249,-10.633737,2.05316415625407
2024-06-08 11:00:00,-21.57570935,-14.752284916666666,-17.937447,3.638262755761719
2024-06-08 11:30:00,-25.96657783333333,-16.832128216666668,-22.070654,3.895923917928055
2024-06-08 12:00:00,-34.711735600000004,-15.210047366666666,-26.520296,8.191439503198247
2024-06-08 12:30:00,-34.15346435,-23.570989033333333,-27.755167,6.398297342553711
2024-06-08 13:00:00,-45.26833163333333,-31.034258366666663,-39.75515,5.513181792024739
2024-06-08 13:30:00,-34.46695878333333,-28.480194316666665,-29.342766,5.124192975227864
2024-06-08 14:00:00,-36.99992898333333,-26.325517783333336,-30.955006,6.044923337581373
2024-06-08 14:30:00,-22.342647433333337,-9.97835105,-16.172297,6.170350909285485
2024-06-08 15:00:00,-5.918264433333333,-4.741690616666667,-5.5389395,0.3793249573201498
2024-06-08 15:30:00,-2.102055883333333,-2.2069805500000004,-0.3985002,1.7035556792470294
2024-06-08 16:00:00,11.162011716666669,6.62888285,8.373024,-2.7889877298502626
2024-06-08 16:30:00,16.389366083333332,13.256933316666666,17.402016,1.0126496027018241
2024-06-08 17:00:00,21.485082816666665,19.40804663333333,22.282522,0.7974393848714207
2024-06-08 17:30:00,23.74744395,25.4243511,25.961573,2.2141286970947256
2024-06-08 18:00:00,25.900694400000003,25.40830383333333,29.662403,3.7617087066894506
2024-06-08 18:30:00,27.0274549,29.064501133333334,30.421648,3.3941931255126967
2024-06-08 19:00:00,35.88176955,33.82703296666667,35.070816,-0.8109535099609388
2024-06-08 19:30:00,32.3366317,36.79511178333333,36.695957,4.3593254838378925
2024-06-08 20:00:00,32.89577176666667,39.219364383333335,39.27871,6.382937644954424
2024-06-08 20:30:00,34.61139545,37.07736991666667,39.374554,4.7631582304199185
2024-06-08 21:00:00,36.31638385,34.4028094,38.113026,1.796641815283202
2024-06-08 21:30:00,32.277752766666666,32.619947716666665,37.31493,5.037177195491537
2024-06-08 22:00:00,29.66781828333333,33.28884878333333,36.693302,7.025483871207687
2024-06-08 22:30:00,30.766744466666665,35.81089451666667,35.936577,5.169832376595053
2024-06-08 23:00:00,36.5445033,38.37860931666666,39.015354,2.4708508564941383
2024-06-08 23:30:00,30.911318266666665,32.710320483333334,37.492207,6.580888306819663
2024-06-09 00:00:00,32.2831788,36.226593900000005,36.03826,3.755082613574217
2024-06-09 00:30:00,37.07367551666667,38.72068006666667,38.139122,1.0654464926106755
2024-06-09 01:00:00,30.526150466666667,41.19776995,35.385677,4.859526870979817
2024-06-09 01:30:00,24.92274103333333,38.030473916666665,31.567097,6.644355676871747
2024-06-09 02:00:00,23.1495757,37.9545517,29.894812,6.745235930249024
2024-06-09 02:30:00,28.519738466666663,40.78862273333333,31.04185,2.522110669685876
2024-06-09 03:00:00,24.59393051666667,33.611073850000004,29.170664,4.576733316951493
2024-06-09 03:30:00,26.5080227,30.67418615,28.453873,1.945849980664061
2024-06-09 04:00:00,27.3306378,29.86139796666667,28.323116,0.9924785024902327
2024-06-09 04:30:00,24.201026016666663,30.81126383333333,28.531507,4.330481475398766
2024-06-09 05:00:00,26.81469543333333,31.01748375,29.485779,2.6710833752604195
2024-06-09 05:30:00,23.703538366666667,33.60292846666667,30.52238,6.818842462190755
2024-06-09 06:00:00,32.1860156,36.917234416666666,33.64189,1.45587587949219
2024-06-09 06:30:00,33.86840871666667,40.06575011666667,36.450523,2.5821146597981723
2024-06-09 07:00:00,36.49789651666666,44.60461443333333,41.610287,5.1123901959798275
2024-06-09 07:30:00,39.80363681666667,49.01541663333333,43.391808,3.588170739485676
2024-06-09 08:00:00,34.78902875,41.25050556666667,40.684105,5.895076169433594
2024-06-09 08:30:00,26.299413916666666,31.70208273333333,31.034428,4.7350137261556
2024-06-09 09:00:00,17.026367233333332,26.40212573333333,22.066225,5.039857818546551
2024-06-09 09:30:00,9.176533333333332,7.862420666666668,12.7928915,3.6163581690470394
2024-06-09 10:00:00,-3.069488866666667,-4.740545016666667,-2.400135,0.669353826383464
2024-06-09 10:30:00,-12.2814811,-12.686900766666668,-11.907296,0.37418491927490294
2024-06-09 11:00:00,-20.496888266666662,-21.57570935,-19.700644,0.7962447272379514
2024-06-09 11:30:00,-34.84255713333334,-25.96657783333333,-30.294113,4.548443974153649
2024-06-09 12:00:00,-41.11687391666666,-34.711735600000004,-34.976627,6.140246566813147
2024-06-09 12:30:00,-50.39614331666667,-34.15346435,-44.452908,5.943235754410807
2024-06-09 13:00:00,-51.431009466666666,-45.26833163333333,-43.19775,8.233259375113931
2024-06-09 13:30:00,-52.45002948333333,-34.46695878333333,-47.528313,4.921716800227863
2024-06-09 14:00:00,-43.07233718333333,-36.99992898333333,-39.029232,4.043105158186847
2024-06-09 14:30:00,-36.45585621666667,-22.342647433333337,-34.361973,2.093883407828777
2024-06-09 15:00:00,-22.92888395,-5.918264433333333,-20.051207,2.8776773612548823
2024-06-09 15:30:00,-10.72930725,-2.102055883333333,-9.007176,1.7221308507690427
2024-06-09 16:00:00,0.6208783166666667,11.162011716666669,4.301137,3.680258653853353
2024-06-09 16:30:00,4.65215485,16.389366083333332,13.396426,8.7442713508667
2024-06-09 17:00:00,9.065918716666667,21.485082816666665,14.411544,5.345625129463704
2024-06-09 17:30:00,23.3678401,23.74744395,26.784151,3.416310977270509
2024-06-09 18:00:00,30.52345603333333,25.900694400000003,30.198349,-0.32510703430989096
2024-06-09 18:30:00,29.945765583333337,27.0274549,30.10386,0.15809527176920213
2024-06-09 19:00:00,27.51739155,35.88176955,34.285133,6.767741811816407
2024-06-09 19:30:00,31.43994783333333,32.3366317,36.632504,5.192555676188153
2024-06-09 20:00:00,32.46527388333333,32.89577176666667,36.009064,3.5437898373697934
2024-06-09 20:30:00,38.10515431666666,34.61139545,38.29287,0.18771525120443044
2024-06-09 21:00:00,32.881192133333336,36.31638385,33.98297,1.101779058072914
2024-06-09 21:30:00,34.52045998333333,32.277752766666666,33.84643,-0.6740282511555975
2024-06-09 22:00:00,33.81267845,29.66781828333333,31.107172,-2.7055064376708984
2024-06-09 22:30:00,30.85242335,30.766744466666665,31.425892,0.5734685262207044
2024-06-09 23:00:00,33.4575979,36.5445033,32.99195,-0.46564691123047197
2024-06-09 23:30:00,33.583271616666664,30.911318266666665,33.020252,-0.5630193888834611
2024-06-10 00:00:00,34.594592866666666,32.2831788,34.4287,-0.16589337325846287
2024-06-10 00:30:00,32.447745516666664,37.07367551666667,36.152477,3.7047317477376325
2024-06-10 01:00:00,32.21645281666667,30.526150466666667,34.50939,2.2929389680013017
2024-06-10 01:30:00,28.088815983333333,24.92274103333333,29.680574,1.5917584337809245
2024-06-10 02:00:00,24.676490633333334,23.1495757,27.395445,2.7189542366617836
2024-06-10 02:30:00,28.26989106666667,28.519738466666663,30.175322,1.9054305123128223
2024-06-10 03:00:00,26.9381778,24.59393051666667,28.439528,1.5013497115966814
2024-06-10 03:30:00,24.576409916666663,26.5080227,28.065044,3.4886344864095093
2024-06-10 04:00:00,27.389386233333337,27.3306378,30.626165,3.2367791566813118
2024-06-10 04:30:00,27.836618283333333,24.201026016666663,32.60966,4.7730428189615886
2024-06-10 05:00:00,31.85078895,26.81469543333333,32.118973,0.2681838283203142
2024-06-10 05:30:00,34.000977799999994,23.703538366666667,33.42827,-0.5727093673828065
2024-06-10 06:00:00,41.05323785,32.1860156,36.939163,-4.11407464199219
2024-06-10 06:30:00,36.16237161666667,33.86840871666667,40.06856,3.90618993728841
2024-06-10 07:00:00,53.00726233333333,36.49789651666666,51.037315,-1.969946964680986
2024-06-10 07:30:00,51.155571216666665,39.80363681666667,50.76801,-0.38756203087564955
2024-06-10 08:00:00,46.44430736666666,34.78902875,46.148235,-0.2960720456217416
2024-06-10 08:30:00,38.12644835,26.299413916666666,37.944523,-0.18192549233398125
2024-06-10 09:00:00,22.20147335,17.026367233333332,22.353228,0.15175426535644476
2024-06-10 09:30:00,7.63656945,9.176533333333332,10.000057,2.3634877704589847
2024-06-10 10:00:00,-0.2405641999999999,-3.069488866666667,-0.69323707,-0.452672866268921
2024-06-10 10:30:00,-15.009500083333334,-12.2814811,-13.639256,1.3702445596516935
2024-06-10 11:00:00,-37.15366988333333,-20.496888266666662,-31.189863,5.963806678377274
2024-06-10 11:30:00,-49.60404003333334,-34.84255713333334,-40.265827,9.338212854378263
2024-06-10 12:00:00,-52.50118381666667,-41.11687391666666,-49.22392,3.277264901871746
2024-06-10 12:30:00,-56.95979558333334,-50.39614331666667,-51.385746,5.574049581136073
2024-06-10 13:00:00,-54.60871165,-51.431009466666666,-49.36114,5.247570445166012
2024-06-10 13:30:00,-53.312206116666665,-52.45002948333333,-48.66862,4.6435850534342435
2024-06-10 14:00:00,-48.8211388,-43.07233718333333,-43.166767,5.654371679638672
2024-06-10 14:30:00,-33.99299,-36.45585621666667,-31.252531,2.7404589483642567
2024-06-10 15:00:00,-21.978720050000003,-22.92888395,-15.559175,6.419545512341312
2024-06-10 15:30:00,-10.864627783333331,-10.72930725,-7.4869328,3.3776950288167296
2024-06-10 16:00:00,-0.0386582500000002,0.6208783166666667,5.917388,5.956046212341309
2024-06-10 16:30:00,14.9410801,4.65215485,15.249043,0.3079633646606439
2024-06-10 17:00:00,26.615363833333333,9.065918716666667,22.5922,-4.02316450777181
2024-06-10 17:30:00,34.72926021666667,23.3678401,31.412615,-3.3166453942789715
2024-06-10 18:00:00,30.95227593333333,30.52345603333333,30.69072,-0.26155632884114155
2024-06-10 18:30:00,33.71859386666667,29.945765583333337,35.66994,1.9513470818196552
2024-06-10 19:00:00,38.138498383333335,27.51739155,38.351322,0.21282379073893054
2024-06-10 19:30:00,44.68677713333333,31.43994783333333,42.751556,-1.9352207368489545
2024-06-10 20:00:00,46.67642001666667,32.46527388333333,43.397926,-3.278493686100262
2024-06-10 20:30:00,42.96613666666667,38.10515431666666,43.12504,0.1589014803059854
2024-06-10 21:00:00,50.95440666666667,32.881192133333336,43.307377,-7.647029805094405
2024-06-10 21:30:00,42.57636705,34.52045998333333,40.32506,-2.2513052519042986
2024-06-10 22:00:00,38.38438276666667,33.81267845,35.979523,-2.4048600615885434
2024-06-10 22:30:00,39.25643956666666,30.85242335,34.850502,-4.405937552506501
2024-06-10 23:00:00,32.876561083333335,33.4575979,34.72416,1.8475981573893208
2024-06-10 23:30:00,31.91503503333333,33.583271616666664,34.2689,2.3538667916178433
2024-06-11 00:00:00,33.57894936666667,34.594592866666666,36.712452,3.133502568147783
2024-06-11 00:30:00,38.04836005,32.447745516666664,37.516556,-0.5318042638671869
2024-06-11 01:00:00,32.537757199999994,32.21645281666667,34.448475,1.9107176840332087
2024-06-11 01:30:00,34.57578433333333,28.088815983333333,32.525684,-2.050099976643878
2024-06-11 02:00:00,33.25425675,24.676490633333334,31.711832,-1.5424247034912142
2024-06-11 02:30:00,32.917920466666665,28.26989106666667,31.68429,-1.2336305344156884
2024-06-11 03:00:00,30.245165983333333,26.9381778,30.597809,0.35264285455729194
2024-06-11 03:30:00,33.918252716666665,24.576409916666663,31.720995,-2.197257767325844
2024-06-11 04:00:00,35.11052123333334,27.389386233333337,32.66759,-2.442930138362634
2024-06-11 04:30:00,33.3706027,27.836618283333333,32.095764,-1.2748385398437492
2024-06-11 05:00:00,35.78611848333333,31.85078895,33.374462,-2.4116563556477857
2024-06-11 05:30:00,34.32664271666667,34.000977799999994,35.86366,1.537016188362628
2024-06-11 06:00:00,30.3674232,41.05323785,37.008545,6.641121721874999
2024-06-11 06:30:00,36.34257885,36.16237161666667,38.318714,1.9761352918457007
2024-06-11 07:00:00,51.12880785000001,53.00726233333333,49.61704,-1.5117691231933676
2024-06-11 07:30:00,55.5542506,51.155571216666665,52.907555,-2.6466959735351594
2024-06-11 08:00:00,51.25430333333333,46.44430736666666,49.776104,-1.4781993599446608
2024-06-11 08:30:00,33.11525895,38.12644835,36.991386,3.876127463574221
2024-06-11 09:00:00,34.681493816666666,22.20147335,33.558224,-1.123270092301432
2024-06-11 09:30:00,30.88074055,7.63656945,27.176075,-3.7046655683105456
2024-06-11 10:00:00,19.988222216666667,-0.2405641999999999,14.83908,-5.149142359794109
2024-06-11 10:30:00,9.5523389,-15.009500083333334,6.787313,-2.765025915533448
2024-06-11 11:00:00,1.5629587666666656,-37.15366988333333,-0.90305215,-2.466010917869821
2024-06-11 11:30:00,0.7014659833333345,-49.60404003333334,-6.8980365,-7.599502463283286
2024-06-11 12:00:00,5.548160049999999,-52.50118381666667,-6.237514,-11.785674069012451
2024-06-11 12:30:00,1.3122183333333333,-56.95979558333334,-8.372125,-9.684343005269369
2024-06-11 13:00:00,-2.358397783333334,-54.60871165,-6.7673683,-4.408970533317056
2024-06-11 13:30:00,-0.7284155833333331,-53.312206116666665,-6.587296,-5.858880425730388
2024-06-11 14:00:00,-9.875980533333331,-48.8211388,-11.681087,-1.8051060068888365
2024-06-11 14:30:00,-10.08410225,-33.99299,-14.359309,-4.275206946472167
2024-06-11 15:00:00,6.033363866666666,-21.978720050000003,2.0702136,-3.963150310376993
2024-06-11 15:30:00,7.1002077,-10.864627783333331,2.2570276,-4.843180073962403
2024-06-11 16:00:00,6.35422165,-0.0386582500000002,7.0465546,0.6923329154296871
2024-06-11 16:30:00,18.62810533333333,14.9410801,17.497355,-1.1307508258870413
2024-06-11 17:00:00,28.5419938,26.615363833333333,27.879189,-0.6628052624023439
2024-06-11 17:30:00,47.108504366666665,34.72926021666667,38.670483,-8.438021731168618
2024-06-11 18:00:00,48.49455988333333,30.95227593333333,41.71035,-6.784209846712237
2024-06-11 18:30:00,55.749185,33.71859386666667,43.73208,-12.017106447753903
2024-06-11 19:00:00,56.69537735,38.138498383333335,47.956055,-8.739322662500001
2024-06-11 19:30:00,50.86832275,44.68677713333333,49.776974,-1.0913490256347629
2024-06-11 20:00:00,49.07805568333333,46.67642001666667,47.448658,-1.629397693831379
2024-06-11 20:30:00,50.52500495,42.96613666666667,49.446068,-1.0789371399414094
2024-06-11 21:00:00,48.09847821666667,50.95440666666667,47.79216,-0.30631818248698295
2024-06-11 21:30:00,44.41042706666666,42.57636705,44.832676,0.4222488671712341
2024-06-11 22:00:00,44.6462635,38.38438276666667,41.0277,-3.6185649831543003
2024-06-11 22:30:00,31.730968333333333,39.25643956666666,37.464943,5.733974598795573
2024-06-11 23:00:00,34.63338496666667,32.876561083333335,36.457535,1.8241498233723945
2024-06-11 23:30:00,39.21468278333333,31.91503503333333,37.246788,-1.9678947584309867
2024-06-12 00:00:00,39.212625683333336,33.57894936666667,36.392914,-2.8197118649739608
2024-06-12 00:30:00,36.527270666666666,38.04836005,37.060863,0.5335928282063804
2024-06-12 01:00:00,35.575900516666664,32.537757199999994,34.643097,-0.932803592838539
2024-06-12 01:30:00,31.39809603333333,34.57578433333333,32.689514,1.2914181268229186
2024-06-12 02:00:00,31.20676818333333,33.25425675,33.94442,2.7376516775065127
2024-06-12 02:30:00,40.2307501,32.917920466666665,35.425182,-4.805567757470705
2024-06-12 03:00:00,32.261058416666664,30.245165983333333,31.897587,-0.36347159415689845
2024-06-12 03:30:00,34.96946111666667,33.918252716666665,33.688713,-1.280748042936203
2024-06-12 04:00:00,30.13221058333333,35.11052123333334,32.123425,1.991213946695968
2024-06-12 04:30:00,33.87308551666667,33.3706027,33.172585,-0.7005009829752638
2024-06-12 05:00:00,31.249647616666664,35.78611848333333,34.02954,2.779893398958336
2024-06-12 05:30:00,34.13757061666667,34.32664271666667,35.58973,1.4521586924153596
2024-06-12 06:00:00,38.26389855,30.3674232,35.925735,-2.338163076367188
2024-06-12 06:30:00,37.84618486666667,36.34257885,37.507027,-0.339158194303387
2024-06-12 07:00:00,46.02631785,51.12880785000001,45.071117,-0.9552004488769512
2024-06-12 07:30:00,47.583615,55.5542506,47.613693,0.03007823730468573
2024-06-12 08:00:00,45.14732936666667,51.25430333333333,48.423008,3.275678598421223
2024-06-12 08:30:00,33.1784898,33.11525895,35.404133,2.225643043017577
2024-06-12 09:00:00,18.4043696,34.681493816666666,25.134779,6.730409376440431
2024-06-12 09:30:00,8.684091216666667,30.88074055,17.788511,9.10442005957845
2024-06-12 10:00:00,-7.1529994666666665,19.988222216666667,0.82404524,7.977044707545725
2024-06-12 10:30:00,-14.765654416666663,9.5523389,-7.5714426,7.194211812601722
2024-06-12 11:00:00,-33.827009583333336,1.5629587666666656,-23.82341,10.003599549153648
2024-06-12 11:30:00,-36.12878281666666,0.7014659833333345,-37.144123,-1.015340260725921
2024-06-12 12:00:00,-38.8119323,5.548160049999999,-38.950912,-0.13898017558593523
2024-06-12 12:30:00,-45.27056673333334,1.3122183333333333,-46.917534,-1.6469671411783793
2024-06-12 13:00:00,-58.00309331666667,-2.358397783333334,-58.36069,-0.3575977538899693
2024-06-12 13:30:00,-59.926191683333336,-0.7284155833333331,-57.32574,2.6004508691243515
2024-06-12 14:00:00,-53.92741986666667,-9.875980533333331,-44.833195,9.094225134000652
2024-06-12 14:30:00,-32.22036943333333,-10.08410225,-26.212465,6.007904147078449
2024-06-12 15:00:00,-23.669907766666668,6.033363866666666,-16.384289,7.285618978824871
2024-06-12 15:30:00,-4.395789983333333,7.1002077,-1.555973,2.839816930354817
2024-06-12 16:00:00,1.357292233333333,6.35422165,4.4016023,3.044310034885661
2024-06-12 16:30:00,10.556047233333333,18.62810533333333,13.1308,2.57475301385905
2024-06-12 17:00:00,26.96651721666667,28.5419938,25.095451,-1.8710658616862013
2024-06-12 17:30:00,24.45689563333333,47.108504366666665,28.930119,4.473222927457687
2024-06-12 18:00:00,47.76875446666667,48.49455988333333,43.532864,-4.235890849723312
2024-06-12 18:30:00,47.610635,55.749185,46.138367,-1.472268300781252
2024-06-12 19:00:00,54.865705600000005,56.69537735,51.701267,-3.164438357568365
2024-06-12 19:30:00,48.20544841666666,50.86832275,50.093098,1.8876492701009155
2024-06-12 20:00:00,53.6873761,49.07805568333333,50.782,-2.9053746046386735
2024-06-12 20:30:00,45.53962785,50.52500495,50.12546,4.585833728369138
2024-06-12 21:00:00,42.24747445,48.09847821666667,47.922565,5.6750910102050796
2024-06-12 21:30:00,47.281228783333326,44.41042706666666,46.898952,-0.3822762992024664
2024-06-12 22:00:00,37.55303518333333,44.6462635,42.02847,4.475433902360031
2024-06-12 22:30:00,29.68975945,31.730968333333333,35.997265,6.3075054120605465
2024-06-12 23:00:00,29.68430285,34.63338496666667,33.029762,3.3454594180664046
2024-06-12 23:30:00,35.35631535,39.21468278333333,37.179043,1.8227274661621067
2024-06-13 00:00:00,39.69538563333334,39.212625683333336,40.871124,1.1757386342447873
2024-06-13 00:30:00,35.91871261666667,36.527270666666666,39.788925,3.8702125542317702
2024-06-13 01:00:00,33.031583266666665,35.575900516666664,34.259586,1.2280030675618505
2024-06-13 01:30:00,32.968475516666665,31.39809603333333,31.347864,-1.6206113656656882
2024-06-13 02:00:00,35.630841733333334,31.20676818333333,31.643856,-3.9869856847493494
2024-06-13 02:30:00,33.9575851,40.2307501,36.162914,2.205329176123044
2024-06-13 03:00:00,28.39998328333333,32.261058416666664,30.76155,2.3615676199869817
2024-06-13 03:30:00,31.118646066666667,34.96946111666667,33.06229,1.9436441249837237
2024-06-13 04:00:00,35.81542116666667,30.13221058333333,32.558517,-3.2569037106119794
2024-06-13 04:30:00,31.933835416666668,33.87308551666667,32.879536,0.9457002583821605
2024-06-13 05:00:00,37.31707993333333,31.249647616666664,33.285446,-4.031633766341145
2024-06-13 05:30:00,35.79627505,34.13757061666667,33.68655,-2.109724909619139
2024-06-13 06:00:00,39.68918705,38.26389855,36.59116,-3.0980272294433604
2024-06-13 06:30:00,39.67275826666667,37.84618486666667,39.663677,-0.009081051090497283
2024-06-13 07:00:00,42.61808056666666,46.02631785,44.26238,1.6442981259602902
2024-06-13 07:30:00,43.62481111666667,47.583615,48.922726,5.297914560823564
2024-06-13 08:00:00,42.86612506666666,45.14732936666667,47.909504,5.043378870100916
2024-06-13 08:30:00,31.30890228333333,33.1784898,35.25804,3.949139098502606
2024-06-13 09:00:00,30.026880533333337,18.4043696,26.740297,-3.286583215828454
2024-06-13 09:30:00,31.68339201666667,8.684091216666667,21.723352,-9.960039584415693
2024-06-13 10:00:00,15.096823333333331,-7.1529994666666665,7.6057887,-7.491034625600177
2024-06-13 10:30:00,3.5697354666666663,-14.765654416666663,-1.3332717,-4.903007208533731
2024-06-13 11:00:00,-9.5460539,-33.827009583333336,-15.682167,-6.136113153222656
2024-06-13 11:30:00,-19.247813933333333,-36.12878281666666,-17.016073,2.231740706404622
2024-06-13 12:00:00,-17.246167716666665,-38.8119323,-23.160786,-5.914617958382163
2024-06-13 12:30:00,-25.795452816666668,-45.27056673333334,-25.488934,0.3065192534342458
2024-06-13 13:00:00,-10.951655716666666,-58.00309331666667,-19.742365,-8.790709166756185
2024-06-13 13:30:00,-3.94715955,-59.926191683333336,-7.7219706,-3.774811008166504
2024-06-13 14:00:00,-4.311213983333333,-53.92741986666667,-6.468916,-2.1577019559977213
2024-06-13 14:30:00,-2.3760710999999994,-32.22036943333333,-11.720287,-9.344216222998048
2024-06-13 15:00:00,-7.01415725,-23.669907766666668,-3.583511,3.430646135879517
2024-06-13 15:30:00,-3.254939483333333,-4.395789983333333,1.7176225,4.972562001872761
2024-06-13 16:00:00,1.53489,1.357292233333333,6.608543,5.073652919158936
2024-06-13 16:30:00,21.046670533333334,10.556047233333333,18.551731,-2.494939423714193
2024-06-13 17:00:00,26.153539,26.96651721666667,27.659143,1.505604447875978
2024-06-13 17:30:00,35.519582783333334,24.45689563333333,33.171635,-2.3479481092610683
2024-06-13 18:00:00,47.19220285,47.76875446666667,47.563442,0.37123938022460834
2024-06-13 18:30:00,62.2120512,47.610635,56.4706,-5.7414510718261695
2024-06-13 19:00:00,66.17591458333334,54.865705600000005,56.352028,-9.823886690266932
2024-06-13 19:30:00,60.498848116666665,48.20544841666666,54.66366,-5.835189974576821
2024-06-13 20:00:00,55.8531615,53.6873761,53.45684,-2.39632098486328
2024-06-13 20:30:00,48.40169608333333,45.53962785,49.73608,1.3343840863444072
2024-06-13 21:00:00,55.130998883333326,42.24747445,48.87755,-6.253450665559889
2024-06-13 21:30:00,56.53415775,47.281228783333326,49.084305,-7.449852940429686
2024-06-13 22:00:00,45.4216905,37.55303518333333,42.579834,-2.841856515624997
2024-06-13 22:30:00,47.16233378333334,29.68975945,40.351147,-6.811187085335291
2024-06-13 23:00:00,51.51529335,29.68430285,40.565132,-10.950161208886719
2024-06-13 23:30:00,48.52565655,35.35631535,41.548065,-6.977591364453126
2024-06-14 00:00:00,49.49865555,39.69538563333334,43.70202,-5.7966368122070335
2024-06-14 00:30:00,51.66639621666667,35.91871261666667,40.828064,-10.83833225182292
2024-06-14 01:00:00,41.899999916666665,33.031583266666665,38.144096,-3.7559035421549467
2024-06-14 01:30:00,30.46415718333333,32.968475516666665,34.158524,3.6943663762369816
2024-06-14 02:00:00,32.79640708333333,35.630841733333334,33.473015,0.6766077482096406
2024-06-14 02:30:00,42.16616893333333,33.9575851,36.882526,-5.283642535628253
2024-06-14 03:00:00,36.61909441666666,28.39998328333333,33.430004,-3.1890902967936157
2024-06-14 03:30:00,33.112460033333335,31.118646066666667,32.254387,-0.858073131477866
2024-06-14 04:00:00,32.8296982,35.81542116666667,34.750175,1.920477276074216
2024-06-14 04:30:00,31.177483299999995,31.933835416666668,34.463776,3.28629233476563
2024-06-14 05:00:00,29.6222061,37.31707993333333,34.752335,5.130128494726563
2024-06-14 05:30:00,33.918599183333335,35.79627505,35.5867,1.6681012561197903
2024-06-14 06:00:00,35.043947816666666,39.68918705,37.59695,2.5530027143391933
2024-06-14 06:30:00,39.86608218333333,39.67275826666667,40.778194,0.9121122441569014
2024-06-14 07:00:00,45.576916716666666,42.61808056666666,44.849728,-0.7271890860514318
2024-06-14 07:30:00,45.29261735,43.62481111666667,47.57761,2.28499266586914
2024-06-14 08:00:00,45.244776050000006,42.86612506666666,45.20742,-0.037355700878912046
2024-06-14 08:30:00,34.132952816666666,31.30890228333333,32.826805,-1.3061477019205725
2024-06-14 09:00:00,21.20697505,30.026880533333337,22.605764,1.3987893390380854
2024-06-14 09:30:00,6.4896256,31.68339201666667,14.966365,8.476739260534668
2024-06-14 10:00:00,6.331083283333332,15.096823333333331,4.7721395,-1.5589437340779613
2024-06-14 10:30:00,-3.764791299999999,3.5697354666666663,-3.5066745,0.2581167718780506
2024-06-14 11:00:00,-9.0575899,-9.5460539,-9.435535,-0.37794553090820315
2024-06-14 11:30:00,-12.186153249999998,-19.247813933333333,-14.620495,-2.4343415925292984
2024-06-14 12:00:00,-7.315216716666666,-17.246167716666665,-14.814068,-7.498851123909506
2024-06-14 12:30:00,-7.197898816666668,-25.795452816666668,-14.563075,-7.365176248946125
2024-06-14 13:00:00,-3.870786566666666,-10.951655716666666,-10.913965,-7.04317865855306
2024-06-14 13:30:00,-8.484975516666667,-3.94715955,-11.7054205,-3.2204449774129227
2024-06-14 14:00:00,-4.094519450000001,-4.311213983333333,-6.013891,-1.9193717700927726
2024-06-14 14:30:00,13.013454599999998,-2.3760710999999994,5.685555,-7.327899618768308
2024-06-14 15:00:00,17.245038833333336,-7.01415725,9.140551,-8.104488219930015
2024-06-14 15:30:00,22.02891053333333,-3.254939483333333,14.738182,-7.290728465462237
2024-06-14 16:00:00,26.72654778333333,1.53489,16.251839,-10.4747090992513
2024-06-14 16:30:00,32.8482606,21.046670533333334,23.820704,-9.027557093530277
2024-06-14 17:00:00,35.20213163333333,26.153539,31.17647,-4.025661830476885
2024-06-14 17:30:00,36.60910065,35.519582783333334,35.726776,-0.882324526953127
2024-06-14 18:00:00,32.95416006666667,47.19220285,38.776512,5.822352079329427
2024-06-14 18:30:00,32.60681063333333,62.2120512,39.931988,7.32517712911784
2024-06-14 19:00:00,42.37885503333333,66.17591458333334,45.993214,3.6143586202311226
2024-06-14 19:30:00,49.543817716666666,60.498848116666665,49.716484,0.17266635315755252
2024-06-14 20:00:00,57.12987225,55.8531615,50.339638,-6.790234493652342
2024-06-14 20:30:00,48.91174788333333,48.40169608333333,47.155636,-1.7561120495930922
2024-06-14 21:00:00,42.0244523,55.130998883333326,46.677116,4.652664094042969
2024-06-14 21:30:00,44.164069866666665,56.53415775,45.0686,0.9045298342610693
2024-06-14 22:00:00,51.8844605,45.4216905,47.126385,-4.758075764892581
2024-06-14 22:30:00,43.49698548333333,47.16233378333334,43.45393,-0.04305558221028605
2024-06-14 23:00:00,34.357790466666664,51.51529335,40.92764,6.569848540901695
2024-06-14 23:30:00,35.53094013333333,48.52565655,39.92211,4.3911713778971375
2024-06-15 00:00:00,35.51438568333333,49.49865555,43.197826,7.683440702164717
2024-06-15 00:30:00,46.44944668333333,51.66639621666667,45.960724,-0.4887228063802027
2024-06-15 01:00:00,40.91864771666667,41.899999916666665,39.38466,-1.5339889031901066
2024-06-15 01:30:00,33.224375583333334,30.46415718333333,34.34736,1.1229831202799474
2024-06-15 02:00:00,37.68711501666667,32.79640708333333,35.388805,-2.2983096272623698
2024-06-15 02:30:00,40.612585,42.16616893333333,36.966846,-3.6457385339355497
2024-06-15 03:00:00,26.65814958333333,36.61909441666666,32.35495,5.696800367838545
2024-06-15 03:30:00,27.7208445,33.112460033333335,32.769268,5.0484235358886735
2024-06-15 04:00:00,30.266641566666667,32.8296982,33.10958,2.8429394269856765
2024-06-15 04:30:00,31.02004493333333,31.177483299999995,31.501198,0.48115288160807523
2024-06-15 05:00:00,28.37010718333333,29.6222061,31.572203,3.2020954991617856
2024-06-15 05:30:00,30.71294388333333,33.918599183333335,34.77699,4.064045099820966
2024-06-15 06:00:00,34.23818236666667,35.043947816666666,36.021576,1.7833935610677045
2024-06-15 06:30:00,37.07987658333334,39.86608218333333,41.909897,4.8300202672526
2024-06-15 07:00:00,39.44232383333333,45.576916716666666,43.90278,4.460454792154948
2024-06-15 07:30:00,38.43595501666667,45.29261735,42.204567,3.7686119388997383
2024-06-15 08:00:00,34.278143666666665,45.244776050000006,41.64839,7.3702480569661475
2024-06-15 08:30:00,24.332933466666663,34.132952816666666,32.95079,8.617856938606774
2024-06-15 09:00:00,22.32776885,21.20697505,26.652485,4.32471604379883
2024-06-15 09:30:00,15.892016033333334,6.4896256,14.93074,-0.9612756768880217
2024-06-15 10:00:00,5.004941666666666,6.331083283333332,6.5633965,1.5584547871907555
2024-06-15 10:30:00,1.840995483333333,-3.764791299999999,-2.0322058,-3.873201303416951
2024-06-15 11:00:00,-16.29252225,-9.0575899,-14.076227,2.2162950618896495
2024-06-15 11:30:00,-17.63392,-12.186153249999998,-18.041763,-0.4078433056640627
2024-06-15 12:00:00,-20.540092166666668,-7.315216716666666,-22.7656,-2.225508037801106
2024-06-15 12:30:00,-33.45871793333333,-7.197898816666668,-28.851002,4.607716193831379
2024-06-15 13:00:00,-26.405259966666662,-3.870786566666666,-24.995132,1.4101275203775998
2024-06-15 13:30:00,-23.80070111666667,-8.484975516666667,-19.375162,4.42553899203288
2024-06-15 14:00:00,-13.411220583333332,-4.094519450000001,-10.979305,2.4319153159993476
2024-06-15 14:30:00,-4.8505037333333325,13.013454599999998,-0.701176,4.149327745612843
2024-06-15 15:00:00,11.475744316666663,17.245038833333336,9.54039,-1.9353543020182258
2024-06-15 15:30:00,11.807520733333334,22.02891053333333,14.0537615,2.2462407489054357
2024-06-15 16:00:00,24.369426066666666,26.72654778333333,23.586786,-0.7826397965250642
2024-06-15 16:30:00,42.43889958333333,32.8482606,39.373333,-3.0655666060384092
2024-06-15 17:00:00,47.92893463333333,35.20213163333333,45.972008,-1.9569268818684833
2024-06-15 17:30:00,59.262453916666665,36.60910065,55.245975,-4.016478422281899
2024-06-15 18:00:00,68.44644501666666,32.95416006666667,59.744907,-8.701537637516267
2024-06-15 18:30:00,61.15908626666666,32.60681063333333,58.458084,-2.70100216022135
2024-06-15 19:00:00,53.99755298333333,42.37885503333333,56.018963,2.0214098767740936
2024-06-15 19:30:00,52.03402593333333,49.543817716666666,53.76228,1.7282535771647147
2024-06-15 20:00:00,50.88791488333334,57.12987225,52.696693,1.8087785370768188
2024-06-15 20:30:00,48.27857576666667,48.91174788333333,51.59538,3.316803109065752
2024-06-15 21:00:00,42.87795491666666,42.0244523,49.745594,6.867639107991543
2024-06-15 21:30:00,48.68808671666667,44.164069866666665,48.122063,-0.5660240335611988
2024-06-15 22:00:00,48.71767666666667,51.8844605,47.05108,-1.6665978702799507
2024-06-15 22:30:00,48.5009756,43.49698548333333,45.2616,-3.239375105615231
2024-06-15 23:00:00,44.622186150000005,34.357790466666664,43.29808,-1.324105705664067
2024-06-15 23:30:00,43.04255495,35.53094013333333,42.115593,-0.9269619934570343
2024-06-16 00:00:00,40.52423391666667,35.51438568333333,40.48473,-0.03950414982096362
2024-06-16 00:30:00,39.19847893333333,46.44944668333333,42.354828,3.156348947526048
2024-06-16 01:00:00,36.09344105,40.91864771666667,38.785767,2.6923255515624973
2024-06-16 01:30:00,35.23704446666667,33.224375583333334,34.571835,-0.6652099024576827
2024-06-16 02:00:00,36.20653451666667,37.68711501666667,34.120365,-2.086169373844406
2024-06-16 02:30:00,41.6207432,40.612585,37.241062,-4.379681035693359
2024-06-16 03:00:00,32.47950121666667,26.65814958333333,30.748857,-1.7306437184977241
2024-06-16 03:30:00,31.495787133333334,27.7208445,30.800125,-0.6956620112630212
2024-06-16 04:00:00,34.2677645,30.266641566666667,31.571833,-2.695931843139647
2024-06-16 04:30:00,33.83076921666667,31.02004493333333,32.16248,-1.6682898160319013
2024-06-16 05:00:00,32.63129158333333,28.37010718333333,32.71893,0.08763770743815513
2024-06-16 05:30:00,35.66728681666667,30.71294388333333,35.7633,0.09601503269856693
2024-06-16 06:00:00,47.02130508333334,34.23818236666667,38.412483,-8.608821868001307
2024-06-16 06:30:00,54.86985825,37.07987658333334,42.57069,-12.299168094970703
2024-06-16 07:00:00,51.71209976666668,39.44232383333333,45.53638,-6.175718998844417
2024-06-16 07:30:00,49.44533616666666,38.43595501666667,45.507343,-3.9379928744303285
2024-06-16 08:00:00,41.60753888333333,34.278143666666665,40.738384,-0.8691546365071616
2024-06-16 08:30:00,37.88659941666667,24.332933466666663,32.20305,-5.683550710611982
2024-06-16 09:00:00,29.23863103333333,22.32776885,23.655077,-5.58355405274251
2024-06-16 09:30:00,10.561427233333331,15.892016033333334,10.919965,0.35853755701090684
2024-06-16 10:00:00,-5.285104366666666,5.004941666666666,1.3275815,6.612685891515604
2024-06-16 10:30:00,-13.511870566666667,1.840995483333333,-9.662865,3.8490058816080737
2024-06-16 11:00:00,-18.68765823333333,-16.29252225,-16.857311,1.8303469845540334
2024-06-16 11:30:00,-44.61578443333334,-17.63392,-39.429108,5.186676767317714
2024-06-16 12:00:00,-51.7400644,-20.540092166666668,-49.09693,2.64313294248047
2024-06-16 12:30:00,-65.18157216666667,-33.45871793333333,-55.909565,9.27200719474284
2024-06-16 13:00:00,-64.82917605,-26.405259966666662,-59.056236,5.772939782910157
2024-06-16 13:30:00,-63.80217836666666,-23.80070111666667,-58.01966,5.782517416959628
2024-06-16 14:00:00,-51.06819228333333,-13.411220583333332,-43.964916,7.103276054085285
2024-06-16 14:30:00,-45.28695390000001,-4.8505037333333325,-39.767727,5.519227001806648
2024-06-16 15:00:00,-24.656671766666665,11.475744316666663,-22.302303,2.354368452457681
2024-06-16 15:30:00,-12.373949316666666,11.807520733333334,-4.1086774,8.265271929429117
2024-06-16 16:00:00,1.9807588666666671,24.369426066666666,7.994939,6.014179983736165
2024-06-16 16:30:00,8.835952816666667,42.43889958333333,19.787971,10.952018679915364
2024-06-16 17:00:00,19.9516094,47.92893463333333,25.073477,5.121867391381837
2024-06-16 17:30:00,25.023147233333333,59.262453916666665,33.272587,8.249439589176433
2024-06-16 18:00:00,32.01204551666667,68.44644501666666,38.844555,6.83250938445638
2024-06-16 18:30:00,40.1473585,61.15908626666666,42.60809,2.4607309470214815
2024-06-16 19:00:00,46.8462339,53.99755298333333,45.215595,-1.6306386546386733
2024-06-16 19:30:00,43.35137101666667,52.03402593333333,47.280663,3.9292915199544254
2024-06-16 20:00:00,48.49914605,50.88791488333334,49.352726,0.8535799326660154
2024-06-16 20:30:00,53.4959528,48.27857576666667,50.870396,-2.625557139599607
2024-06-16 21:00:00,46.168032833333335,42.87795491666666,46.774975,0.6069419896647119
2024-06-16 21:30:00,43.62842605,48.68808671666667,44.58583,0.9574046384765609
2024-06-16 22:00:00,41.168902800000005,48.71767666666667,44.205097,3.036194398486323
2024-06-16 22:30:00,39.675749450000005,48.5009756,42.103294,2.427544922558589
2024-06-16 23:00:00,37.9875878,44.622186150000005,39.520405,1.532817015673828
2024-06-16 23:30:00,37.456494,43.04255495,39.185673,1.7291787600097663
2024-06-17 00:00:00,40.96339991666667,40.52423391666667,40.635807,-0.3275928793131513
2024-06-17 00:30:00,36.95743445,39.19847893333333,38.451706,1.4942714826171866
2024-06-17 01:00:00,36.2584927,36.09344105,36.216038,-0.042454949755857285
2024-06-17 01:30:00,31.824994516666663,35.23704446666667,34.518574,2.6935792443196647
2024-06-17 02:00:00,35.865703950000004,36.20653451666667,35.968884,0.10317956440429299
2024-06-17 02:30:00,38.05725718333333,41.6207432,36.480995,-1.5762620051106708
2024-06-17 03:00:00,33.888320033333336,32.47950121666667,32.93529,-0.9530287430501332
2024-06-17 03:30:00,34.4823729,31.495787133333334,32.79916,-1.683212896337892
2024-06-17 04:00:00,33.21087895,34.2677645,33.76149,0.550610918164061
2024-06-17 04:30:00,34.439578266666665,33.83076921666667,35.6586,1.2190215868489602
2024-06-17 05:00:00,34.03265891666666,32.63129158333333,35.748676,1.716017383382166
2024-06-17 05:30:00,37.38389893333333,35.66728681666667,38.61759,1.2336929245768289
2024-06-17 06:00:00,39.827644516666666,47.02130508333334,44.00093,4.173286269466146
2024-06-17 06:30:00,43.311956683333335,54.86985825,49.53355,6.221593579117837
2024-06-17 07:00:00,54.88743946666667,51.71209976666668,53.52595,-1.3614880811686234
2024-06-17 07:30:00,62.652829483333335,49.44533616666666,60.10779,-2.545037582698569
2024-06-17 08:00:00,52.37750068333333,41.60753888333333,51.16743,-1.2100698056477839
2024-06-17 08:30:00,41.9685243,37.88659941666667,40.729656,-1.2388680805175767
2024-06-17 09:00:00,27.662988366666667,29.23863103333333,27.650604,-0.012384118619792162
2024-06-17 09:30:00,12.183879416666668,10.561427233333331,11.503165,-0.6807141716105161
2024-06-17 10:00:00,-4.872272233333334,-5.285104366666666,-3.9477572,0.9245149892232263
2024-06-17 10:30:00,-17.670071616666668,-13.511870566666667,-15.878901,1.7911710887125665
2024-06-17 11:00:00,-22.441033166666667,-18.68765823333333,-20.630606,1.8104274690348312
2024-06-17 11:30:00,-25.46710368333333,-44.61578443333334,-30.106733,-4.639629638810224
2024-06-17 12:00:00,-42.14705073333334,-51.7400644,-41.765133,0.3819178292806029
2024-06-17 12:30:00,-45.75980483333333,-65.18157216666667,-46.55423,-0.7944249029947983
2024-06-17 13:00:00,-48.98646780000001,-64.82917605,-49.14599,-0.15952066435546186
2024-06-17 13:30:00,-58.18751066666667,-63.80217836666666,-55.259552,2.927958664713543
2024-06-17 14:00:00,-40.23470215,-51.06819228333333,-38.703247,1.5314550796874968
2024-06-17 14:30:00,-18.98728898333333,-45.28695390000001,-19.164799,-0.1775097532389367
2024-06-17 15:00:00,-10.22033235,-24.656671766666665,-11.392619,-1.1722867829956058
2024-06-17 15:30:00,0.9386939000000002,-12.373949316666666,-0.6140063,-1.552700180899048
2024-06-17 16:00:00,16.79955895,1.9807588666666671,13.501274,-3.298284841113283
2024-06-17 16:30:00,25.93588843333333,8.835952816666667,23.283388,-2.652500295515946
2024-06-17 17:00:00,30.80777965,19.9516094,29.671738,-1.136041979101563
2024-06-17 17:30:00,35.46095341666666,25.023147233333333,38.431416,2.970462141194666
2024-06-17 18:00:00,44.08104613333333,32.01204551666667,46.83034,2.7492952057779974
2024-06-17 18:30:00,56.24201391666667,40.1473585,54.47479,-1.7672252508951871
2024-06-17 19:00:00,55.14683601666667,46.8462339,52.293518,-2.8533179502604185
2024-06-17 19:30:00,55.650043333333336,43.35137101666667,54.16883,-1.481212461751305
2024-06-17 20:00:00,60.71906611666666,48.49914605,56.05283,-4.6662363742350195
2024-06-17 20:30:00,57.59872721666667,53.4959528,53.991158,-3.607569684928386
2024-06-17 21:00:00,38.96590715,46.168032833333335,45.763954,6.798047012597657
2024-06-17 21:30:00,41.498304,43.62842605,44.768887,3.270582566162112
2024-06-17 22:00:00,42.71619726666666,41.168902800000005,43.027946,0.31174920550130736
2024-06-17 22:30:00,35.4391483,39.675749450000005,39.96484,4.525691635302735
2024-06-17 23:00:00,33.63427225,37.9875878,38.231262,4.596989957031248
2024-06-17 23:30:00,37.28329551666667,37.456494,38.72325,1.4399558261067682
2024-06-18 00:00:00,39.070294350000005,40.96339991666667,41.85631,2.7860174480956985
2024-06-18 00:30:00,39.2850533,36.95743445,39.962074,0.677020979785155
2024-06-18 01:00:00,38.0724123,36.2584927,37.844822,-0.2275903700683628
2024-06-18 01:30:00,37.31627891666667,31.824994516666663,35.699734,-1.616545182535809
2024-06-18 02:00:00,36.456620050000005,35.865703950000004,35.9975,-0.4591186767089894
2024-06-18 02:30:00,37.54683935,38.05725718333333,37.332245,-0.21459447695312406
2024-06-18 03:00:00,35.443026100000004,33.888320033333336,35.518883,0.07585665146483933
2024-06-18 03:30:00,37.096646066666665,34.4823729,37.51292,0.416274312972007
2024-06-18 04:00:00,40.67828123333334,33.21087895,37.390827,-3.2874540543782587
2024-06-18 04:30:00,42.21540995,34.439578266666665,37.979546,-4.235864356738283
2024-06-18 05:00:00,39.53636111666666,34.03265891666666,38.821762,-0.714599031705724
2024-06-18 05:30:00,41.08685783333333,37.38389893333333,41.321667,0.23480888419596369
2024-06-18 06:00:00,40.83682683333333,39.827644516666666,42.296204,1.4593767799479167
2024-06-18 06:30:00,55.167848850000006,43.311956683333335,52.38673,-2.781118655908209
2024-06-18 07:00:00,56.56901103333333,54.88743946666667,56.63893,0.06992024108073025
2024-06-18 07:30:00,59.58289453333333,62.652829483333335,58.772198,-0.810696809944659
2024-06-18 08:00:00,58.58307775,52.37750068333333,56.375168,-2.2079099033203136
2024-06-18 08:30:00,41.74232703333333,41.9685243,46.181244,4.438916863151043
2024-06-18 09:00:00,32.43327708333333,27.662988366666667,34.243454,1.8101768961588576
2024-06-18 09:30:00,24.08756545,12.183879416666668,20.114662,-3.9729032795898434
2024-06-18 10:00:00,2.3311133,-4.872272233333334,1.4901333,-0.8409800144775392
2024-06-18 10:30:00,-15.334452216666667,-17.670071616666668,-15.3164425,0.01800972704264403
2024-06-18 11:00:00,-30.33384728333333,-22.441033166666667,-27.523916,2.8099310388264946
2024-06-18 11:30:00,-41.00891156666666,-25.46710368333333,-39.549114,1.4597973393717396
2024-06-18 12:00:00,-47.80455605,-42.14705073333334,-41.233406,6.571149983105471
2024-06-18 12:30:00,-48.265777066666665,-45.75980483333333,-47.455723,0.8100542578287744
2024-06-18 13:00:00,-38.46558438333333,-48.98646780000001,-40.096004,-1.630420102750655
2024-06-18 13:30:00,-45.831206083333335,-58.18751066666667,-43.705395,2.125811338460288
2024-06-18 14:00:00,-40.012928683333335,-40.23470215,-41.58494,-1.5720131806803366
2024-06-18 14:30:00,-33.650259383333335,-18.98728898333333,-25.958372,7.691887267244468
2024-06-18 15:00:00,-19.07482455,-10.22033235,-16.359285,2.715539195385741
2024-06-18 15:30:00,1.9872584166666676,0.9386939000000002,0.48699665,-1.5002617659708668
2024-06-18 16:00:00,11.655220050000002,16.79955895,9.768643,-1.8865766707885765
2024-06-18 16:30:00,16.74424475,25.93588843333333,17.12504,0.38079530432128905
2024-06-18 17:00:00,25.80827263333333,30.80777965,28.429924,2.6216513778971375
2024-06-18 17:30:00,23.972194466666668,35.46095341666666,29.94572,5.973526205940754
2024-06-18 18:00:00,44.96570115,44.08104613333333,42.35643,-2.6092710962890635
2024-06-18 18:30:00,45.2379805,56.24201391666667,47.08375,1.8457711784667978
2024-06-18 19:00:00,47.130467466666666,55.14683601666667,49.043518,1.9130505997395844
2024-06-18 19:30:00,49.94660843333333,55.650043333333336,50.310127,0.3635188249674499
2024-06-18 20:00:00,48.86363158333333,60.71906611666666,50.35214,1.4885069359537795
2024-06-18 20:30:00,43.31027215,57.59872721666667,47.89648,4.586208410302731
2024-06-18 21:00:00,45.28095445,38.96590715,46.246468,0.9655131403320283
2024-06-18 21:30:00,51.03010724999999,41.498304,47.23863,-3.7914788625488214
2024-06-18 22:00:00,60.69068318333333,42.71619726666666,52.026276,-8.664407548567702
2024-06-18 22:30:00,52.79527548333333,35.4391483,46.09167,-6.703604493343093
2024-06-18 23:00:00,43.63762953333333,33.63427225,40.642044,-2.995585465950519
2024-06-18 23:30:00,37.86135656666666,37.28329551666667,39.235565,1.3742086188802176
2024-06-19 00:00:00,44.56589731666667,39.070294350000005,42.086555,-2.47934183570964
2024-06-19 00:30:00,43.17153508333333,39.2850533,40.80144,-2.3700938907063787
2024-06-19 01:00:00,38.499401166666665,38.0724123,38.297737,-0.20166404508463387
2024-06-19 01:30:00,41.8267561,37.31627891666667,35.417206,-6.409550289453122
2024-06-19 02:00:00,39.05323005,36.456620050000005,35.671974,-3.381255867871097
2024-06-19 02:30:00,43.91570831666667,37.54683935,37.34926,-6.566449893815104
2024-06-19 03:00:00,34.15728828333334,35.443026100000004,33.402313,-0.7549750509114617
2024-06-19 03:30:00,33.91262615,37.096646066666665,34.58933,0.6767026158691394
2024-06-19 04:00:00,35.28642115,40.67828123333334,35.477074,0.1906525194335913
2024-06-19 04:30:00,34.95491375,42.21540995,34.285313,-0.6696010974121123
2024-06-19 05:00:00,35.96001991666667,39.53636111666666,35.36595,-0.5940683785807295
2024-06-19 05:30:00,39.3597293,41.08685783333333,38.565098,-0.7946314911621073
2024-06-19 06:00:00,36.71539283333333,40.83682683333333,38.488182,1.7727892345377612
2024-06-19 06:30:00,41.06276833333333,55.167848850000006,44.13723,3.074461586100263
2024-06-19 07:00:00,52.3041973,56.56901103333333,51.68493,-0.6192684059570297
2024-06-19 07:30:00,58.41347993333333,59.58289453333333,54.386288,-4.027192244124343
2024-06-19 08:00:00,59.37913111666666,58.58307775,54.83504,-4.544090070524085
2024-06-19 08:30:00,54.37426155,41.74232703333333,45.76855,-8.605710677197266
2024-06-19 09:00:00,42.18561546666667,32.43327708333333,34.200676,-7.9849395023111995
2024-06-19 09:30:00,30.72175556666667,24.08756545,25.445255,-5.276500287125653
2024-06-19 10:00:00,8.419081716666666,2.3311133,5.979913,-2.4391684819559725
2024-06-19 10:30:00,-14.407564549999998,-15.334452216666667,-11.184285,3.2232793861206037
2024-06-19 11:00:00,-29.83585785,-30.33384728333333,-27.544533,2.2913250741210938
2024-06-19 11:30:00,-42.11406723333334,-41.00891156666666,-37.04072,5.07334534002279
2024-06-19 12:00:00,-52.40726171666666,-47.80455605,-49.13286,3.274403440299473
2024-06-19 12:30:00,-57.90322433333333,-48.265777066666665,-55.002148,2.90107665877278
2024-06-19 13:00:00,-66.18641050000001,-38.46558438333333,-63.72519,2.461221291015633
2024-06-19 13:30:00,-63.16350441666666,-45.831206083333335,-62.315197,0.8483074256998648
2024-06-19 14:00:00,-55.97782435,-40.012928683333335,-50.647343,5.330481668115233
2024-06-19 14:30:00,-31.498528266666664,-33.650259383333335,-32.877888,-1.379359459163414
2024-06-19 15:00:00,-13.179613333333334,-19.07482455,-14.357524,-1.1779105848185214
2024-06-19 15:30:00,-8.921397233333334,1.9872584166666676,-7.2407207,1.6806764844319666
2024-06-19 16:00:00,1.7482416166666663,11.655220050000002,5.32121,3.572968290865072
2024-06-19 16:30:00,14.59409065,16.74424475,16.08062,1.4865291620117187
2024-06-19 17:00:00,28.673857150000003,25.80827263333333,24.615849,-4.058008608740238
2024-06-19 17:30:00,36.73627843333333,23.972194466666668,34.74522,-1.9910582490071604
2024-06-19 18:00:00,44.7145872,44.96570115,42.264275,-2.450312602832028
2024-06-19 18:30:00,57.62615541666667,45.2379805,50.71426,-6.9118953153483105
2024-06-19 19:00:00,54.18670393333333,47.130467466666666,51.637955,-2.548749221419264
2024-06-19 19:30:00,60.52860665,49.94660843333333,55.312435,-5.216171499853516
2024-06-19 20:00:00,62.52133061666666,48.86363158333333,55.038967,-7.4823634840983
2024-06-19 20:30:00,58.33095326666668,43.31027215,52.75164,-5.579312946842464
2024-06-19 21:00:00,49.34416945,45.28095445,47.081203,-2.262965989306643
2024-06-19 21:30:00,48.20329056666666,51.03010724999999,46.087624,-2.115666970475253
2024-06-19 22:00:00,42.585648283333335,60.69068318333333,45.995045,3.4093964249186186
2024-06-19 22:30:00,43.11491166666667,52.79527548333333,42.856236,-0.2586761625162808
2024-06-19 23:00:00,42.55861115,43.63762953333333,41.07264,-1.485971684667966
2024-06-19 23:30:00,44.57441055,37.86135656666666,42.29651,-2.277901760937503
2024-06-20 00:00:00,48.27180895,44.56589731666667,44.888775,-3.3830340781738286
2024-06-20 00:30:00,46.06202335,43.17153508333333,44.102276,-1.959747501611325
2024-06-20 01:00:00,49.77337053333333,38.499401166666665,42.49089,-7.28248003040364
2024-06-20 01:30:00,40.807642566666665,41.8267561,38.18172,-2.625921833024087
2024-06-20 02:00:00,39.59068508333333,39.05323005,38.220097,-1.370588495198561
2024-06-20 02:30:00,43.46163901666667,43.91570831666667,41.511795,-1.9498439727213608
2024-06-20 03:00:00,39.12309211666667,34.15728828333334,35.97416,-3.1489328759440127
2024-06-20 03:30:00,32.911672833333334,33.91262615,35.40033,2.488656756510416
2024-06-20 04:00:00,37.31707673333333,35.28642115,35.12007,-2.1970053222005177
2024-06-20 04:30:00,35.25447931666667,34.95491375,35.101406,-0.15307321925455852
2024-06-20 05:00:00,35.702157783333334,35.96001991666667,35.424263,-0.27789478284505265
2024-06-20 05:30:00,35.87410333333333,39.3597293,37.92102,2.0469171744791694
2024-06-20 06:00:00,38.865386183333335,36.71539283333333,40.068684,1.203297440934243
2024-06-20 06:30:00,41.82709606666666,41.06276833333333,44.57538,2.7482823513020875
2024-06-20 07:00:00,52.29356393333333,52.3041973,52.42907,0.13550558570963744
2024-06-20 07:30:00,57.01285333333333,58.41347993333333,55.719616,-1.2932373970540354
2024-06-20 08:00:00,55.43267293333333,59.37913111666666,52.215187,-3.2174858605794228
2024-06-20 08:30:00,41.4733684,54.37426155,44.263054,2.7896854940429705
2024-06-20 09:00:00,47.95620616666667,42.18561546666667,42.25637,-5.699835622233074
2024-06-20 09:30:00,31.974273933333336,30.72175556666667,29.854284,-2.1199896468343127
2024-06-20 10:00:00,14.425156783333334,8.419081716666666,11.542769,-2.8823873512654625
2024-06-20 10:30:00,20.486439866666668,-14.407564549999998,14.649266,-5.837173623685711
2024-06-20 11:00:00,-6.896532866666665,-29.83585785,-8.339945,-1.4434119728108739
2024-06-20 11:30:00,-14.178514400000005,-42.11406723333334,-19.74899,-5.570474705224605
2024-06-20 12:00:00,-24.87559548333333,-52.40726171666666,-27.999805,-3.124209967106122
2024-06-20 12:30:00,-25.06755948333333,-57.90322433333333,-27.494,-2.426439997867842
2024-06-20 13:00:00,-36.30418275,-66.18641050000001,-35.889153,0.41503022314453375
2024-06-20 13:30:00,-28.32596845,-63.16350441666666,-35.5607,-7.234731012890624
2024-06-20 14:00:00,-36.9904244,-55.97782435,-34.611732,2.3786919170898457
2024-06-20 14:30:00,-25.1867145,-31.498528266666664,-24.003548,1.1831668315429695
2024-06-20 15:00:00,-24.003002566666662,-13.179613333333334,-18.576607,5.426395816178381
2024-06-20 15:30:00,-4.173612783333334,-8.921397233333334,-4.697404,-0.5237911244425453
2024-06-20 16:00:00,7.115447283333332,1.7482416166666663,7.463051,0.3476035589518238
2024-06-20 16:30:00,14.246453883333333,14.59409065,16.061047,1.8145927170084644
2024-06-20 17:00:00,25.918161783333336,28.673857150000003,26.467276,0.5491138361735004
2024-06-20 17:30:00,22.2810084,36.73627843333333,26.77572,4.4947121963134755
2024-06-20 18:00:00,33.60088175,44.7145872,37.438316,3.8374345952148445
2024-06-20 18:30:00,42.22041101666667,57.62615541666667,44.807674,2.5872633912923177
2024-06-20 19:00:00,58.31613013333333,54.18670393333333,53.08445,-5.231680365266925
2024-06-20 19:30:00,53.52422895,60.52860665,52.252525,-1.2717036204101575
2024-06-20 20:00:00,53.79285393333333,62.52133061666666,52.532806,-1.2600475368489583
2024-06-20 20:30:00,54.80842338333333,58.33095326666668,52.168934,-2.639489514925124
2024-06-20 21:00:00,47.53276553333333,49.34416945,49.73193,2.199164245719402
2024-06-20 21:30:00,48.20786716666667,48.20329056666666,47.77751,-0.430355569986979
2024-06-20 22:00:00,43.89391115,42.585648283333335,44.743805,0.849893781640624
2024-06-20 22:30:00,40.995171133333336,43.11491166666667,45.58639,4.591220315641273
2024-06-20 23:00:00,43.67229401666666,42.55861115,44.56475,0.892456654720057
2024-06-20 23:30:00,36.71851323333333,44.57441055,43.00914,6.290626781315105
2024-06-21 00:00:00,41.72781565,48.27180895,44.601437,2.873620964990238
2024-06-21 00:30:00,41.517581,46.06202335,43.031918,1.5143365720214845
2024-06-21 01:00:00,39.561135416666666,49.77337053333333,42.518513,2.9573773091634123
2024-06-21 01:30:00,41.21685096666667,40.807642566666665,39.683205,-1.5336463157877631
2024-06-21 02:00:00,37.15378008333334,39.59068508333333,36.461506,-0.6922741934407597
2024-06-21 02:30:00,32.53937925,43.46163901666667,38.13971,5.600330222656247
2024-06-21 03:00:00,32.200188966666666,39.12309211666667,34.785614,2.5854250470052094
2024-06-21 03:30:00,29.27090158333333,32.911672833333334,31.91549,2.6445876134440134
2024-06-21 04:00:00,29.213906166666664,37.31707673333333,33.69236,4.478453757649742
2024-06-21 04:30:00,33.908566150000006,35.25447931666667,33.56387,-0.34469667368164636
2024-06-21 05:00:00,34.115778166666665,35.702157783333334,33.93351,-0.18226834000650882
2024-06-21 05:30:00,30.40074725,35.87410333333333,34.40222,4.0014744296875016
2024-06-21 06:00:00,34.858577233333335,38.865386183333335,37.448734,2.5901570501139304
2024-06-21 06:30:00,51.4525262,41.82709606666666,46.33099,-5.121536362353517
2024-06-21 07:00:00,59.36542545,52.29356393333333,53.716457,-5.648968083056637
2024-06-21 07:30:00,59.12469681666666,57.01285333333333,55.56376,-3.560937966569007
2024-06-21 08:00:00,51.819322150000005,55.43267293333333,50.05038,-1.7689414432128956
2024-06-21 08:30:00,44.78573225,41.4733684,41.81675,-2.968982677246096
2024-06-21 09:00:00,33.99962283333333,47.95620616666667,34.44103,0.44140576163736966
2024-06-21 09:30:00,18.491265066666667,31.974273933333336,19.392944,0.9016792692708329
2024-06-21 10:00:00,7.365372316666666,14.425156783333334,7.0446515,-0.3207208083353672
2024-06-21 10:30:00,-6.562124516666667,20.486439866666668,-5.5188727,1.0432517787821451
2024-06-21 11:00:00,-14.160460633333336,-6.896532866666665,-14.327663,-0.1672027882975229
2024-06-21 11:30:00,-30.225133966666665,-14.178514400000005,-29.496899,0.7282353155436176
2024-06-21 12:00:00,-51.98101835,-24.87559548333333,-44.404697,7.576320931787109
2024-06-21 12:30:00,-51.793624566666665,-25.06755948333333,-47.724598,4.069026635758462
2024-06-21 13:00:00,-35.2903604,-36.30418275,-38.31155,-3.021189740380862
2024-06-21 13:30:00,-21.8137522,-28.32596845,-25.174265,-3.3605127078369144
2024-06-21 14:00:00,-23.454906033333334,-36.9904244,-26.300549,-2.845642520133463
2024-06-21 14:30:00,-22.23353223333333,-25.1867145,-22.054451,0.17908124456380037
2024-06-21 15:00:00,-9.437851116666666,-24.003002566666662,-8.837923,0.5999280667399081
2024-06-21 15:30:00,3.73587105,-4.173612783333334,1.7378824,-1.997988674282837
2024-06-21 16:00:00,12.281116666666668,7.115447283333332,11.993554,-0.2875625513712574
2024-06-21 16:30:00,19.297909366666666,14.246453883333333,18.204824,-1.0930849190348297
2024-06-21 17:00:00,25.76371783333333,25.918161783333336,28.624708,2.8609903423258487
2024-06-21 17:30:00,30.289532816666668,22.2810084,30.145079,-0.14445415760905078
2024-06-21 18:00:00,36.27192158333333,33.60088175,36.72459,0.45266871818034105
2024-06-21 18:30:00,43.493557933333335,42.22041101666667,43.473602,-0.019955638411460086
2024-06-21 19:00:00,52.54343213333333,58.31613013333333,51.58714,-0.9562930036946611
2024-06-21 19:30:00,44.72226296666667,53.52422895,47.35866,2.636398684944659
2024-06-21 20:00:00,39.1182877,53.79285393333333,45.189835,6.071546894726559
2024-06-21 20:30:00,39.860131083333336,54.80842338333333,43.389828,3.5296966449381486
2024-06-21 21:00:00,43.18129376666667,47.53276553333333,44.484657,1.3033635209309864
2024-06-21 21:30:00,40.8878467,48.20786716666667,44.317883,3.4300358378417997
2024-06-21 22:00:00,42.13458893333333,43.89391115,42.221798,0.08720900978190116
2024-06-21 22:30:00,41.86584873333333,40.995171133333336,41.28112,-0.584728433040361
2024-06-21 23:00:00,38.383023433333335,43.67229401666666,42.729565,4.346541233414712
2024-06-21 23:30:00,36.86833001666667,36.71851323333333,39.861332,2.9930019230305973
2024-06-22 00:00:00,37.51495208333333,41.72781565,42.874146,5.359193424479173
2024-06-22 00:30:00,40.84811943333333,41.517581,43.134556,2.28643638331706
2024-06-22 01:00:00,41.569505,39.561135416666666,40.48942,-1.0800831555175776
2024-06-22 01:30:00,41.97318548333333,41.21685096666667,39.50995,-2.4632367528645815
2024-06-22 02:00:00,35.06370701666666,37.15378008333334,36.850315,1.7866080773274788
2024-06-22 02:30:00,38.93752151666666,32.53937925,37.49049,-1.4470315569498666
2024-06-22 03:00:00,37.96152985,32.200188966666666,34.908085,-3.0534449806152324
2024-06-22 03:30:00,34.61515108333334,29.27090158333333,33.23245,-1.3827025054524782
2024-06-22 04:00:00,29.80886666666667,29.213906166666664,32.89659,3.087724519856767
2024-06-22 04:30:00,29.771649416666666,33.908566150000006,34.51378,4.742129269856772
2024-06-22 05:00:00,33.86015163333334,34.115778166666665,33.22412,-0.6360305395833379
2024-06-22 05:30:00,35.8087949,30.40074725,34.656464,-1.1523312769531273
2024-06-22 06:00:00,34.163659966666664,34.858577233333335,37.226547,3.0628872745442735
2024-06-22 06:30:00,49.557701,51.4525262,49.47281,-0.08489216210937656
2024-06-22 07:00:00,45.74174608333333,59.36542545,48.951794,3.2100475873209646
2024-06-22 07:30:00,42.56755895,59.12469681666666,47.091236,4.5236771645019545
2024-06-22 08:00:00,37.75282765,51.819322150000005,42.79539,5.0425634327636715
2024-06-22 08:30:00,48.57324003333333,44.78573225,45.408455,-3.164785138313796
2024-06-22 09:00:00,41.82776555,33.99962283333333,41.452175,-0.3755904096191429
2024-06-22 09:30:00,40.71437996666666,18.491265066666667,37.365173,-3.3492066268229124
2024-06-22 10:00:00,24.218399883333333,7.365372316666666,21.361502,-2.8568981896077474
2024-06-22 10:30:00,5.5988884500000005,-6.562124516666667,5.937739,0.3388504454162593
2024-06-22 11:00:00,-5.607296633333334,-14.160460633333336,-7.586195,-1.9788983587320956
2024-06-22 11:30:00,-9.240690033333331,-30.225133966666665,-13.339711,-4.099021155936688
2024-06-22 12:00:00,-15.619395016666669,-51.98101835,-19.605577,-3.9861824522054015
2024-06-22 12:30:00,-17.791525516666667,-51.793624566666665,-22.408867,-4.617341365657552
2024-06-22 13:00:00,-5.390854933333332,-35.2903604,-13.1365595,-7.745704553055828
2024-06-22 13:30:00,-6.264313616666667,-21.8137522,-9.015598,-2.751284680452474
2024-06-22 14:00:00,-0.5212944833333328,-23.454906033333334,-4.3408546,-3.819560161442058
2024-06-22 14:30:00,1.8067649499999991,-22.23353223333333,-0.25052887,-2.057293822013091
2024-06-22 15:00:00,15.687996816666669,-9.437851116666666,9.809855,-5.878141355546063
2024-06-22 15:30:00,19.85803005,3.73587105,14.335106,-5.522924154003906
2024-06-22 16:00:00,21.935649366666667,12.281116666666668,20.749832,-1.185817213346354
2024-06-22 16:30:00,34.66511225,19.297909366666666,28.421982,-6.2431304384765625
2024-06-22 17:00:00,41.28587215,25.76371783333333,38.12327,-3.1626040225585967
2024-06-22 17:30:00,39.352549933333336,30.289532816666668,36.250237,-3.102313422102867
2024-06-22 18:00:00,40.61347548333333,36.27192158333333,37.687378,-2.926097553645832
2024-06-22 18:30:00,43.640743283333336,43.493557933333335,43.931583,0.29084012120767966
2024-06-22 19:00:00,44.029087800000006,52.54343213333333,48.34937,4.320281249072259
2024-06-22 19:30:00,50.89665208333333,44.72226296666667,51.97398,1.0773278666178427
2024-06-22 20:00:00,58.53694603333333,39.1182877,52.698837,-5.838108753059892
2024-06-22 20:30:00,63.50242001666667,39.860131083333336,55.93131,-7.571111270328778
2024-06-22 21:00:00,54.38879055,43.18129376666667,53.07483,-1.313961448437503
2024-06-22 21:30:00,49.38877345,40.8878467,48.19033,-1.1984429446289084
2024-06-22 22:00:00,49.78519071666667,42.13458893333333,48.377033,-1.408157483024091
2024-06-22 22:30:00,53.33091053333333,41.86584873333333,51.537918,-1.7929924425130181
2024-06-22 23:00:00,55.75486106666667,38.383023433333335,49.46691,-6.287949750748702
2024-06-22 23:30:00,55.9044676,36.86833001666667,48.914665,-6.989802377832028
2024-06-23 00:00:00,52.87941105,37.51495208333333,45.62672,-7.252690621533205
2024-06-23 00:30:00,45.78530996666667,40.84811943333333,43.334644,-2.4506656490397134
2024-06-23 01:00:00,42.21984325,41.569505,41.932396,-0.28744731494140296
2024-06-23 01:30:00,40.529371016666666,41.97318548333333,38.69507,-1.8343026572916656
2024-06-23 02:00:00,34.056243200000004,35.06370701666666,36.526047,2.469803552929683
2024-06-23 02:30:00,39.91099883333333,38.93752151666666,37.320347,-2.59065200105794
2024-06-23 03:00:00,38.3369349,37.96152985,35.047344,-3.289590692236331
2024-06-23 03:30:00,33.41759441666667,34.61515108333334,33.676105,0.2585110826009114
2024-06-23 04:00:00,34.52113491666667,29.80886666666667,33.468998,-1.0521369613444023
2024-06-23 04:30:00,40.39868765,29.771649416666666,34.09272,-6.305967618261718
2024-06-23 05:00:00,38.129297183333335,33.86015163333334,35.041542,-3.087755130110679
2024-06-23 05:30:00,37.630179516666665,35.8087949,35.941814,-1.6883650940592432
2024-06-23 06:00:00,36.9119962,34.163659966666664,35.622723,-1.2892735742675754
2024-06-23 06:30:00,39.68315655,49.557701,43.406914,3.723757207324219
2024-06-23 07:00:00,41.43000235,45.74174608333333,44.84701,3.417009216162107
2024-06-23 07:30:00,40.71060066666666,42.56755895,44.38127,3.67067069563803
2024-06-23 08:00:00,44.08233153333333,37.75282765,43.738506,-0.34382521619465933
2024-06-23 08:30:00,34.25847836666667,48.57324003333333,41.340153,7.081674373811843
2024-06-23 09:00:00,35.34100565,41.82776555,35.754948,0.413942012353516
2024-06-23 09:30:00,22.336534333333333,40.71437996666666,24.281546,1.9450113057047531
2024-06-23 10:00:00,4.316424416666667,24.218399883333333,6.2262077,1.90978331648763
2024-06-23 10:30:00,-24.00448271666667,5.5988884500000005,-14.168268,9.836214512931317
2024-06-23 11:00:00,-26.13035325,-5.607296633333334,-24.606972,1.5233815092773426
2024-06-23 11:30:00,-38.920981133333335,-9.240690033333331,-35.15431,3.766672814241538
2024-06-23 12:00:00,-37.708962750000005,-15.619395016666669,-38.165306,-0.4563433413085889
2024-06-23 12:30:00,-37.75494286666667,-17.791525516666667,-40.45529,-2.700348881380208
2024-06-23 13:00:00,-41.20747065,-5.390854933333332,-39.406322,1.8011481707519508
2024-06-23 13:30:00,-45.73972836666667,-6.264313616666667,-41.679684,4.060044681363934
2024-06-23 14:00:00,-35.711178233333335,-0.5212944833333328,-32.178154,3.5330242416341164
2024-06-23 14:30:00,-26.308759,1.8067649499999991,-25.339714,0.9690449497070297
2024-06-23 15:00:00,-9.960943866666666,15.687996816666669,-9.140238,0.8207060584391268
2024-06-23 15:30:00,-6.3386484,19.85803005,-2.3703763,3.968272051504517
2024-06-23 16:00:00,18.388114916666662,21.935649366666667,16.731861,-1.6562538021647093
2024-06-23 16:30:00,30.26068941666667,34.66511225,29.159578,-1.1011110933024106
2024-06-23 17:00:00,35.9357311,41.28587215,37.147766,1.2120350132812518
2024-06-23 17:30:00,42.42383495,39.352549933333336,42.153057,-0.27077785161132795
2024-06-23 18:00:00,43.79567443333334,40.61347548333333,44.59185,0.7961758474283798
2024-06-23 18:30:00,44.00747711666667,43.640743283333336,44.9852,0.9777218579427043
2024-06-23 19:00:00,44.056196166666666,44.029087800000006,48.473553,4.417356537190756
2024-06-23 19:30:00,45.19624721666667,50.89665208333333,49.362823,4.166576269661455
2024-06-23 20:00:00,60.25268716666667,58.53694603333333,56.472904,-3.7797829613444023
2024-06-23 20:30:00,51.16618915,63.50242001666667,51.70322,0.5370312174316396
2024-06-23 21:00:00,52.79051313333334,54.38879055,52.87933,0.08881654806314287
2024-06-23 21:30:00,55.825652733333335,49.38877345,54.76523,-1.0604244618489602
2024-06-23 22:00:00,48.04738508333333,49.78519071666667,49.283257,1.2358714474283872
2024-06-23 22:30:00,51.04847613333334,53.33091053333333,50.82911,-0.21936694143880686
2024-06-23 23:00:00,53.70248375,55.75486106666667,52.270157,-1.4323268896484365
2024-06-23 23:30:00,56.66442653333333,55.9044676,52.320442,-4.343984333626295
2024-06-24 00:00:00,56.11917676666667,52.87941105,52.104694,-4.014482400211591
2024-06-24 00:30:00,51.88110545,45.78530996666667,48.33986,-3.5412464412109372
2024-06-24 01:00:00,42.07031316666667,42.21984325,43.645905,1.575591374348953
2024-06-24 01:30:00,44.91840338333333,40.529371016666666,40.952835,-3.965568300325515
2024-06-24 02:00:00,42.54445213333333,34.056243200000004,38.967808,-3.5766443635579392
2024-06-24 02:30:00,44.54948161666667,39.91099883333333,42.43716,-2.1123211247233087
2024-06-24 03:00:00,39.46109728333333,38.3369349,39.314182,-0.14691500183919004
2024-06-24 03:30:00,42.554440516666666,33.41759441666667,38.239853,-4.314587611393229
2024-06-24 04:00:00,42.2952004,34.52113491666667,40.126328,-2.1688728853515613
2024-06-24 04:30:00,55.54067546666667,40.39868765,45.437027,-10.103648489127607
2024-06-24 05:00:00,47.78484323333333,38.129297183333335,41.845005,-5.939838197932943
2024-06-24 05:30:00,45.01734943333333,37.630179516666665,41.76738,-3.249969672591142
2024-06-24 06:00:00,50.52321735,36.9119962,46.700157,-3.8230601844726593
2024-06-24 06:30:00,49.98842001666667,39.68315655,48.831707,-1.1567130159342511
2024-06-24 07:00:00,63.97885266666666,41.43000235,58.368706,-5.6101469171549425
2024-06-24 07:30:00,66.90975716666667,40.71060066666666,60.17778,-6.731977015299478
2024-06-24 08:00:00,66.99280103333332,44.08233153333333,61.057785,-5.935015999153634
2024-06-24 08:30:00,49.34236501666667,34.25847836666667,48.279087,-1.0632779500162783
2024-06-24 09:00:00,40.96971441666667,35.34100565,39.254852,-1.714862121744794
2024-06-24 09:30:00,18.67058323333333,22.336534333333333,22.288982,3.6183991580240935
2024-06-24 10:00:00,2.61436035,4.316424416666667,5.484834,2.8704738441833495
2024-06-24 10:30:00,-8.268598766666667,-24.00448271666667,-9.182432,-0.9138334080159503
2024-06-24 11:00:00,-21.23277728333333,-26.13035325,-18.627645,2.6051317907796196
2024-06-24 11:30:00,-27.291997716666668,-38.920981133333335,-28.367777,-1.0757791540608714
2024-06-24 12:00:00,-40.26958965,-37.708962750000005,-35.110424,5.1591656082519535
2024-06-24 12:30:00,-33.204108983333334,-37.75494286666667,-36.055496,-2.851387232486978
2024-06-24 13:00:00,-30.508430083333334,-41.20747065,-34.621407,-4.1129764718424475
2024-06-24 13:30:00,-28.608765583333334,-45.73972836666667,-28.102394,0.5063714793294274
2024-06-24 14:00:00,-16.70767555,-35.711178233333335,-21.56472,-4.857044603808593
2024-06-24 14:30:00,-11.847403366666668,-26.308759,-13.354116,-1.5067130731526674
2024-06-24 15:00:00,10.4601729,-9.960943866666666,7.2899437,-3.1702292049316405
2024-06-24 15:30:00,8.915927850000001,-6.3386484,7.0039554,-1.911972485772706
2024-06-24 16:00:00,15.144086733333332,18.388114916666662,17.57977,2.435682401188153
2024-06-24 16:30:00,22.9988534,30.26068941666667,27.134253,4.135399148217772
2024-06-24 17:00:00,32.089227783333335,35.9357311,32.37636,0.28713406359049287
2024-06-24 17:30:00,40.29431615,42.42383495,42.89294,2.598624371240234
2024-06-24 18:00:00,49.42116163333333,43.79567443333334,51.9592,2.538040179410814
2024-06-24 18:30:00,59.09878385,44.00747711666667,56.210873,-2.8879111998535123
2024-06-24 19:00:00,59.96724895,44.056196166666666,57.98766,-1.9795894956542952
2024-06-24 19:30:00,53.33221835,45.19624721666667,54.04536,0.7131422151855489
2024-06-24 20:00:00,57.81565896666667,60.25268716666667,55.646355,-2.169304291373699
2024-06-24 20:30:00,49.67891341666667,51.16618915,54.559772,4.880859074788411
2024-06-24 21:00:00,45.6620655,52.79051313333334,49.066074,3.4040088713378935
2024-06-24 21:30:00,50.154175933333335,55.825652733333335,52.681084,2.526907745865884
2024-06-24 22:00:00,56.6012989,48.04738508333333,52.241547,-4.359752269140628
2024-06-24 22:30:00,52.9250484,51.04847613333334,50.99903,-1.9260173331054702
2024-06-24 23:00:00,58.409142300000006,53.70248375,54.794056,-3.615086361279303
2024-06-24 23:30:00,52.1258443,56.66442653333333,51.908348,-0.21749621650390338
2024-06-25 00:00:00,54.96876946666666,56.11917676666667,52.092766,-2.8760036585611886
2024-06-25 00:30:00,56.39448563333334,51.88110545,51.353165,-5.041320960481777
2024-06-25 01:00:00,45.45902433333333,42.07031316666667,43.608753,-1.8502711289876288
2024-06-25 01:30:00,41.1312295,44.91840338333333,42.974777,1.843547721679684
2024-06-25 02:00:00,41.232487133333336,42.54445213333333,40.58743,-0.6450580867024769
2024-06-25 02:30:00,43.7616978,44.54948161666667,44.02297,0.2612704922363278
2024-06-25 03:00:00,43.829444566666666,39.46109728333333,41.945538,-1.8839069995279942
2024-06-25 03:30:00,46.08705013333333,42.554440516666666,42.100117,-3.986933403597
2024-06-25 04:00:00,41.58902948333333,42.2952004,39.062927,-2.526102237239577
2024-06-25 04:30:00,45.14687221666666,55.54067546666667,41.168888,-3.9779841246256424
2024-06-25 05:00:00,42.1255683,47.78484323333333,42.899513,0.7739449446289086
2024-06-25 05:30:00,44.97300718333333,45.01734943333333,43.67508,-1.2979278376302048
2024-06-25 06:00:00,48.8029216,50.52321735,48.84113,0.03820770297851794
2024-06-25 06:30:00,59.775633783333326,49.98842001666667,57.80812,-1.9675130557942637
2024-06-25 07:00:00,68.72728348333334,63.97885266666666,61.671894,-7.05538940984701
2024-06-25 07:30:00,69.7941017,66.90975716666667,62.275967,-7.518135055712889
2024-06-25 08:00:00,66.10019781666666,66.99280103333332,61.48853,-4.611668611344399
2024-06-25 08:30:00,54.95406211666667,49.34236501666667,56.376812,1.4227498645345023
2024-06-25 09:00:00,49.17114555,40.96971441666667,48.363728,-0.8074179804199204
2024-06-25 09:30:00,33.16493283333333,18.67058323333333,29.84454,-3.320393190999347
2024-06-25 10:00:00,10.686975033333333,2.61436035,13.273065,2.5860895800089523
2024-06-25 10:30:00,2.71323735,-8.268598766666667,3.893437,1.1801995587219238
2024-06-25 11:00:00,-3.9507593833333328,-21.23277728333333,-7.1880975,-3.2373380936258958
2024-06-25 11:30:00,-6.590243850000001,-27.291997716666668,-7.8139696,-1.223725762121581
2024-06-25 12:00:00,-16.363259383333332,-40.26958965,-18.928806,-2.565546921598308
2024-06-25 12:30:00,-23.343329316666665,-33.204108983333334,-24.564205,-1.2208758530110693
2024-06-25 13:00:00,-36.25101071666666,-30.508430083333334,-38.352615,-2.1016046397786496
2024-06-25 13:30:00,-40.1807351,-28.608765583333334,-38.777004,1.4037308580566403
2024-06-25 14:00:00,-20.970167266666667,-16.70767555,-19.542461,1.4277058714029955
2024-06-25 14:30:00,-3.0495023333333333,-11.847403366666668,-9.156649,-6.107146302530925
2024-06-25 15:00:00,4.920108299999999,10.4601729,0.68647784,-4.233630460053252
2024-06-25 15:30:00,7.36846945,8.915927850000001,7.7713985,0.40292909431152335
2024-06-25 16:00:00,15.498385633333331,15.144086733333332,13.934132,-1.5642540110188783
2024-06-25 16:30:00,30.614510616666667,22.9988534,26.635874,-3.978636822111003
2024-06-25 17:00:00,40.575242216666666,32.089227783333335,36.894855,-3.680386717399088
2024-06-25 17:30:00,48.64166341666667,40.29431615,42.727592,-5.914070948404948
2024-06-25 18:00:00,53.68562778333333,49.42116163333333,50.935616,-2.7500122437825496
2024-06-25 18:30:00,55.32203158333333,59.09878385,53.130535,-2.1914964576009055
2024-06-25 19:00:00,56.520191116666666,59.96724895,52.633617,-3.8865737155436193
2024-06-25 19:30:00,41.47549385,53.33221835,47.928234,6.452740250341797
2024-06-25 20:00:00,51.659152266666666,57.81565896666667,52.368313,0.7091605690266931
2024-06-25 20:30:00,55.6561112,49.67891341666667,54.435387,-1.2207245422851543
2024-06-25 21:00:00,49.2177361,45.6620655,50.49015,1.272414351660153
2024-06-25 21:30:00,46.48356341666667,50.154175933333335,47.57937,1.0958051746419244
2024-06-25 22:00:00,46.68089233333333,56.6012989,48.255905,1.575012818033855
2024-06-25 22:30:00,50.9906339,52.9250484,51.60619,0.6155558277832043
2024-06-25 23:00:00,55.73923561666667,58.409142300000006,53.427116,-2.3121192226237
2024-06-25 23:30:00,52.23199613333333,52.1258443,50.18157,-2.0504279875813793
2024-06-26 00:00:00,51.06323986666666,54.96876946666666,47.970085,-3.0931547226236944
2024-06-26 00:30:00,48.7217474,56.39448563333334,48.184975,-0.5367727295898419
2024-06-26 01:00:00,47.00783166666667,45.45902433333333,44.944164,-2.063667390543621
2024-06-26 01:30:00,36.87764263333333,41.1312295,41.519547,4.641903875455732
2024-06-26 02:00:00,35.03127275,41.232487133333336,38.57084,3.539566178222657
2024-06-26 02:30:00,40.100289466666666,43.7616978,40.788002,0.68771254749349
2024-06-26 03:00:00,40.17207663333333,43.829444566666666,40.454693,0.28261620724283887
2024-06-26 03:30:00,40.260287866666665,46.08705013333333,39.54533,-0.7149578190592436
2024-06-26 04:00:00,37.0823488,41.58902948333333,38.083576,1.0012274023925798
2024-06-26 04:30:00,39.53248395,45.14687221666666,39.09176,-0.44072522197265585
2024-06-26 05:00:00,39.89737018333333,42.1255683,39.629044,-0.2683266042317669
2024-06-26 05:30:00,37.45015273333333,44.97300718333333,40.34705,2.896896979801433
2024-06-26 06:00:00,45.74120611666667,48.8029216,46.196266,0.4550600576497388
2024-06-26 06:30:00,48.46431555,59.775633783333326,49.371555,0.9072397783691386
2024-06-26 07:00:00,55.08661543333333,68.72728348333334,54.092957,-0.9936588903645784
2024-06-26 07:30:00,49.697583400000006,69.7941017,52.167007,2.469424046289056
2024-06-26 08:00:00,46.58326443333333,66.10019781666666,47.58486,1.0015973220377603
2024-06-26 08:30:00,44.73038158333333,54.95406211666667,44.636528,-0.09385356819661439
2024-06-26 09:00:00,33.53083886666666,49.17114555,33.318634,-0.21220483346353802
2024-06-26 09:30:00,22.385067733333333,33.16493283333333,26.18952,3.8044521488688154
2024-06-26 10:00:00,9.00430555,10.686975033333333,7.223174,-1.7811314548461912
2024-06-26 10:30:00,-1.5574293500000005,2.71323735,-5.4962254,-3.9387960070556636
2024-06-26 11:00:00,-9.290347166666663,-3.9507593833333328,-11.274148,-1.9838008206990594
2024-06-26 11:30:00,-21.471323833333333,-6.590243850000001,-21.44704,0.024283275472004817
2024-06-26 12:00:00,-26.218780050000003,-16.363259383333332,-28.388012,-2.169231882373044
2024-06-26 12:30:00,-27.019646066666667,-23.343329316666665,-30.779102,-3.7594562587727864
2024-06-26 13:00:00,-32.2837866,-36.25101071666666,-34.60699,-2.3232042142089853
2024-06-26 13:30:00,-35.26690498333333,-40.1807351,-36.652485,-1.385579910465495
2024-06-26 14:00:00,-22.747789933333333,-20.970167266666667,-24.395832,-1.6480421284342448
2024-06-26 14:30:00,-10.7150389,-3.0495023333333333,-15.625168,-4.910128946679688
2024-06-26 15:00:00,2.7144705,4.920108299999999,0.26301122,-2.4514592828826904
2024-06-26 15:30:00,-1.5951278666666668,7.36846945,0.1698687,1.764996559422366
2024-06-26 16:00:00,6.37395715,15.498385633333331,7.375257,1.0012998652282716
2024-06-26 16:30:00,14.05406835,30.614510616666667,18.439655,4.3855869539550785
2024-06-26 17:00:00,18.3587216,40.575242216666666,27.491247,9.132525577124024
2024-06-26 17:30:00,23.8066723,48.64166341666667,27.833467,4.026795183520509
2024-06-26 18:00:00,32.71850221666667,53.68562778333333,39.093426,6.374923534065751
2024-06-26 18:30:00,52.39547288333333,55.32203158333333,50.847553,-1.5479196301595053
2024-06-26 19:00:00,53.35622998333333,56.520191116666666,52.299564,-1.0566656217610628
2024-06-26 19:30:00,48.112931233333335,41.47549385,48.236874,0.12394239337564983
2024-06-26 20:00:00,45.77576943333333,51.659152266666666,50.395813,4.6200435549479195
2024-06-26 20:30:00,53.169779016666666,55.6561112,54.521698,1.3519189813802086
2024-06-26 21:00:00,59.84971216666667,49.2177361,57.356895,-2.4928167198893263
2024-06-26 21:30:00,51.84932319999999,46.48356341666667,52.71704,0.8677178156250065
2024-06-26 22:00:00,47.64571943333333,46.68089233333333,47.07977,-0.565950298811849
2024-06-26 22:30:00,40.02533005,50.9906339,43.54138,3.516051785937499
2024-06-26 23:00:00,42.03562391666667,55.73923561666667,44.60818,2.572557083089187
2024-06-26 23:30:00,39.08896776666666,52.23199613333333,44.488144,5.399176154231775
2024-06-27 00:00:00,47.53314276666666,51.06323986666666,49.248318,1.7151749518392023
2024-06-27 00:30:00,52.98486051666666,48.7217474,50.89185,-2.0930109988443917
2024-06-27 01:00:00,50.66597663333334,47.00783166666667,49.491154,-1.174822916292321
2024-06-27 01:30:00,46.609983383333336,36.87764263333333,43.10679,-3.50319474807943
2024-06-27 02:00:00,37.32571553333333,35.03127275,37.912666,0.5869507874674511
2024-06-27 02:30:00,45.23893445,40.100289466666666,40.956795,-4.282139711230471
2024-06-27 03:00:00,41.21759493333334,40.17207663333333,39.884926,-1.3326690910481815
2024-06-27 03:30:00,36.83255433333333,40.260287866666665,37.13596,0.30340529191081345
2024-06-27 04:00:00,39.035342883333335,37.0823488,36.613274,-2.4220692627278666
2024-06-27 04:30:00,36.512607216666666,39.53248395,37.762794,1.2501872779622403
2024-06-27 05:00:00,41.96388065,39.89737018333333,40.25901,-1.7048703350585939
2024-06-27 05:30:00,37.987617316666665,37.45015273333333,38.214615,0.22699755149739786
2024-06-27 06:00:00,43.35684495,45.74120611666667,42.898453,-0.4583921912109403
2024-06-27 06:30:00,50.51881491666666,48.46431555,49.60637,-0.9124458981119759
2024-06-27 07:00:00,56.17881116666666,55.08661543333333,53.93753,-2.2412806490885373
2024-06-27 07:30:00,61.86614161666666,49.697583400000006,58.279926,-3.5862153166178317
2024-06-27 08:00:00,51.01292155,46.58326443333333,51.16068,0.14775731352538912
2024-06-27 08:30:00,47.408301083333335,44.73038158333333,46.764217,-0.6440837066243503
2024-06-27 09:00:00,35.97634828333333,33.53083886666666,38.810383,2.8340345596842482
2024-06-27 09:30:00,25.362464416666665,22.385067733333333,26.43802,1.075556289510093
2024-06-27 10:00:00,8.736861716666667,9.00430555,11.842826,3.1059641729207357
2024-06-27 10:30:00,2.25013845,-1.5574293500000005,1.7969079,-0.4532305482360841
2024-06-27 11:00:00,-6.333843316666667,-9.290347166666663,-5.9677,0.3661433120890303
2024-06-27 11:30:00,-18.045428216666668,-21.471323833333333,-18.017181,0.028246820182292964
2024-06-27 12:00:00,-28.133749133333332,-26.218780050000003,-28.047836,0.08591282962239433
2024-06-27 12:30:00,-26.63816278333333,-27.019646066666667,-28.117004,-1.4788416111979217
2024-06-27 13:00:00,-32.137434983333335,-32.2837866,-32.24768,-0.11024568072916452
2024-06-27 13:30:00,-23.96078601666667,-35.26690498333333,-26.424006,-2.463219491756181
2024-06-27 14:00:00,-20.118636133333336,-22.747789933333333,-22.48408,-2.365443227628578
2024-06-27 14:30:00,-5.371735600000001,-10.7150389,-7.2843814,-1.912645789617919
2024-06-27 15:00:00,10.222005633333334,2.7144705,7.6993885,-2.5226171293050133
2024-06-27 15:30:00,15.329591016666669,-1.5951278666666668,12.210585,-3.119006376163739
2024-06-27 16:00:00,16.847182749999998,6.37395715,15.552021,-1.29516172338867
2024-06-27 16:30:00,23.33659615,14.05406835,22.537569,-0.7990271039794905
2024-06-27 17:00:00,26.834171616666666,18.3587216,25.745317,-1.0888541575602204
2024-06-27 17:30:00,28.74118838333333,23.8066723,31.478676,2.7374874589518257
2024-06-27 18:00:00,52.46277335,32.71850221666667,44.978508,-7.48426535439453
2024-06-27 18:30:00,54.5353439,52.39547288333333,52.261448,-2.2738959935058602
2024-06-27 19:00:00,50.29109783333333,53.35622998333333,52.12962,1.83852176505534
2024-06-27 19:30:00,48.79466503333333,48.112931233333335,51.78813,2.9934666805338566
2024-06-27 20:00:00,56.509148333333336,45.77576943333333,55.372627,-1.1365210750325545
2024-06-27 20:30:00,59.743115,53.169779016666666,56.65237,-3.0907445471191437
2024-06-27 21:00:00,62.94230091666666,59.84971216666667,56.698284,-6.244016767496738
2024-06-27 21:30:00,53.59797161666666,51.84932319999999,52.57358,-1.0243899211100214
2024-06-27 22:00:00,49.37620996666666,47.64571943333333,48.15793,-1.2182814998697822
2024-06-27 22:30:00,55.33901548333333,40.02533005,49.43358,-5.9054369921223895
2024-06-27 23:00:00,55.294861133333335,42.03562391666667,50.593174,-4.701687152620444
2024-06-27 23:30:00,48.41737774999999,39.08896776666666,47.575974,-0.8414042392578054
2024-06-28 00:00:00,42.86589175,47.53314276666666,44.28132,1.4154269145507783
2024-06-28 00:30:00,43.9109944,52.98486051666666,44.706642,0.7956477508789064
2024-06-28 01:00:00,39.3912767,50.66597663333334,44.305473,4.91419662763672
2024-06-28 01:30:00,41.4814729,46.609983383333336,42.211655,0.7301817630859375
2024-06-28 02:00:00,34.44780166666666,37.32571553333333,36.271183,1.8233813472493523
2024-06-28 02:30:00,38.03829541666666,45.23893445,38.985607,0.9473117305501404
2024-06-28 03:00:00,41.9641212,41.21759493333334,40.160484,-1.8036368860351573
2024-06-28 03:30:00,41.9332533,36.83255433333333,38.4001,-3.5331525919921845
2024-06-28 04:00:00,42.01861875,39.035342883333335,38.402622,-3.615996527099611
2024-06-28 04:30:00,41.29667503333334,36.512607216666666,36.18718,-5.109495467903649
2024-06-28 05:00:00,39.02422445,41.96388065,38.317833,-0.7063915032226546
2024-06-28 05:30:00,44.76184716666666,37.987617316666665,39.89108,-4.870768217692053
2024-06-28 06:00:00,45.52287225,43.35684495,43.703907,-1.8189652370605458
2024-06-28 06:30:00,48.78850728333333,50.51881491666666,48.16847,-0.6200388079915342
2024-06-28 07:00:00,48.733101616666666,56.17881116666666,48.79855,0.06544803543294364
2024-06-28 07:30:00,55.72916451666666,61.86614161666666,50.71119,-5.017975246647126
2024-06-28 08:00:00,48.85597205,51.01292155,47.800644,-1.0553281291015608
2024-06-28 08:30:00,36.04759396666667,47.408301083333335,39.782257,3.7346631134114574
2024-06-28 09:00:00,23.027188833333337,35.97634828333333,26.696886,3.669697229288733
2024-06-28 09:30:00,14.292274,25.362464416666665,17.207443,2.9151692373046867
2024-06-28 10:00:00,-1.6520088333333331,8.736861716666667,3.0037925,4.655801357671102
2024-06-28 10:30:00,-17.835346716666667,2.25013845,-11.67628,6.159066694999186
2024-06-28 11:00:00,-31.8052724,-6.333843316666667,-25.646627,6.158644973852539
2024-06-28 11:30:00,-34.87334561666667,-18.045428216666668,-30.594706,4.278640035001629
2024-06-28 12:00:00,-37.23206335,-28.133749133333332,-34.912598,2.319465693749997
2024-06-28 12:30:00,-41.99717561666667,-26.63816278333333,-39.315697,2.681478900358073
2024-06-28 13:00:00,-49.0662773,-32.137434983333335,-44.002857,5.06342009174805
2024-06-28 13:30:00,-49.0326795,-23.96078601666667,-41.751606,7.281073512451172
2024-06-28 14:00:00,-40.48623725,-20.118636133333336,-37.40175,3.0844885927734396
2024-06-28 14:30:00,-24.6923817,-5.371735600000001,-21.763834,2.9285477003662095
2024-06-28 15:00:00,-6.682128499999998,10.222005633333334,-4.0703244,2.6118040790710433
2024-06-28 15:30:00,7.971130066666668,15.329591016666669,7.9360595,-0.035070591721599875
2024-06-28 16:00:00,21.89671165,16.847182749999998,20.505276,-1.391435923681641
2024-06-28 16:30:00,28.01480825,23.33659615,25.759144,-2.2556644206542984
2024-06-28 17:00:00,37.36847216666666,26.834171616666666,32.850525,-4.517947264322913
2024-06-28 17:30:00,35.32628618333333,28.74118838333333,34.323612,-1.0026739701985647
2024-06-28 18:00:00,37.007039,52.46277335,40.25076,3.2437201247558605
2024-06-28 18:30:00,41.22247671666667,54.5353439,44.01337,2.790893797249346
2024-06-28 19:00:00,42.67012661666666,50.29109783333333,46.190956,3.520829499055999
2024-06-28 19:30:00,48.74908653333333,48.79466503333333,48.624516,-0.12457099988606757
2024-06-28 20:00:00,47.42215665,56.509148333333336,48.920452,1.4982954679199239
2024-06-28 20:30:00,48.409477683333336,59.743115,48.290257,-0.11922118308919494
2024-06-28 21:00:00,47.94045453333334,62.94230091666666,48.642273,0.7018184158854126
2024-06-28 21:30:00,51.33489068333333,53.59797161666666,49.22881,-2.1060813266438743
2024-06-28 22:00:00,49.09769231666667,49.37620996666666,47.194363,-1.9033296762858072
2024-06-28 22:30:00,40.50198165,55.33901548333333,44.70832,4.206338967675784
2024-06-28 23:00:00,49.7470116,55.294861133333335,48.210228,-1.5367836336914067
2024-06-28 23:30:00,47.07235938333333,48.41737774999999,47.51285,0.44049233175456237
2024-06-29 00:00:00,43.285272283333335,42.86589175,44.56688,1.281606989127603
2024-06-29 00:30:00,40.8978001,43.9109944,45.209866,4.312065470068362
2024-06-29 01:00:00,36.67501595,39.3912767,42.546944,5.871927714550779
2024-06-29 01:30:00,42.22028876666667,41.4814729,41.34914,-0.8711485994303416
2024-06-29 02:00:00,40.85957685,34.44780166666666,40.534855,-0.32472196108398776
2024-06-29 02:30:00,41.50690383333333,38.03829541666666,40.060444,-1.4464599551595043
2024-06-29 03:00:00,42.39012001666666,41.9641212,40.3774,-2.012720572086579
2024-06-29 03:30:00,36.004114933333334,41.9332533,36.46366,0.45954626051432257
2024-06-29 04:00:00,32.392927766666666,42.01861875,35.136314,2.7433866254231773
2024-06-29 04:30:00,32.174146650000004,41.29667503333334,33.641582,1.4674358390136675
2024-06-29 05:00:00,29.977420116666668,39.02422445,35.849537,5.872116779085285
2024-06-29 05:30:00,34.2866495,44.76184716666666,37.723152,3.4365026606445284
2024-06-29 06:00:00,34.59678733333333,45.52287225,38.161133,3.5643454791666684
2024-06-29 06:30:00,45.77381051666666,48.78850728333333,45.06685,-0.7069617617838446
2024-06-29 07:00:00,51.26200661666667,48.733101616666666,48.415592,-2.846414423063152
2024-06-29 07:30:00,47.24296671666667,55.72916451666666,47.722168,0.4792012520833282
2024-06-29 08:00:00,46.56073951666667,48.85597205,47.416965,0.8562259679524686
2024-06-29 08:30:00,42.64348555,36.04759396666667,41.248047,-1.3954386750000012
2024-06-29 09:00:00,41.274054516666666,23.027188833333337,38.967796,-2.3062581909830726
2024-06-29 09:30:00,35.0932094,14.292274,31.191856,-3.9013530157226555
2024-06-29 10:00:00,30.524314966666665,-1.6520088333333331,24.067774,-6.456541147696939
2024-06-29 10:30:00,12.374219483333334,-17.835346716666667,11.859587,-0.5146327676350921
2024-06-29 11:00:00,6.392056583333333,-31.8052724,3.8327386,-2.5593179454091386
2024-06-29 11:30:00,6.7448167,-34.87334561666667,5.4527917,-1.2920250091735843
2024-06-29 12:00:00,5.330824783333334,-37.23206335,0.49652886,-4.834295919426474
2024-06-29 12:30:00,-13.934348900000002,-41.99717561666667,-18.518751,-4.584402244409178
2024-06-29 13:00:00,-16.65835231666667,-49.0662773,-20.010706,-3.352353631209308
2024-06-29 13:30:00,10.63611505,-49.0326795,1.607092,-9.029023027104188
2024-06-29 14:00:00,18.07931778333333,-40.48623725,9.563273,-8.516044353462725
2024-06-29 14:30:00,23.112659416666663,-24.6923817,19.218664,-3.8939952473551394
2024-06-29 15:00:00,30.26075315,-6.682128499999998,27.759228,-2.5015253973144524
2024-06-29 15:30:00,28.405499466666665,7.971130066666668,25.35028,-3.055218704947915
2024-06-29 16:00:00,36.40519998333333,21.89671165,33.670097,-2.735102632259114
2024-06-29 16:30:00,38.80384058333333,28.01480825,35.59106,-3.2127799449055985
2024-06-29 17:00:00,40.623534983333336,37.36847216666666,38.299778,-2.3237569987141953
2024-06-29 17:30:00,43.51536608333333,35.32628618333333,41.794212,-1.7211537420247396
2024-06-29 18:00:00,50.96232605,37.007039,45.394367,-5.567958831982423
2024-06-29 18:30:00,52.392985583333335,41.22247671666667,50.078957,-2.3140289793294286
2024-06-29 19:00:00,48.58923378333333,42.67012661666666,47.474777,-1.1144565616536397
2024-06-29 19:30:00,49.57373153333333,48.74908653333333,51.015648,1.4419163548502638
2024-06-29 20:00:00,54.4733052,47.42215665,54.130856,-0.3424496396972643
2024-06-29 20:30:00,59.071755583333335,48.409477683333336,57.016964,-2.0547916245931006
2024-06-29 21:00:00,59.94849403333333,47.94045453333334,58.825603,-1.1228905482259108
2024-06-29 21:30:00,65.45883666666667,51.33489068333333,62.700844,-2.757992855631514
2024-06-29 22:00:00,62.8163672,49.09769231666667,59.9858,-2.830565503222658
2024-06-29 22:30:00,44.11246011666666,40.50198165,46.20189,2.0894289214192767
2024-06-29 23:00:00,45.45816985,49.7470116,48.51613,3.057958690039065
2024-06-29 23:30:00,42.74553513333333,47.07235938333333,45.431946,2.686410667447923
2024-06-30 00:00:00,43.101973416666674,43.285272283333335,43.734188,0.6322146631673107
2024-06-30 00:30:00,41.07317281666666,40.8978001,43.51838,2.4452063947591185
2024-06-30 01:00:00,40.82520281666667,36.67501595,38.628952,-2.19625079029948
2024-06-30 01:30:00,35.26748275,42.22028876666667,36.75214,1.4846572951660164
2024-06-30 02:00:00,30.4620728,40.85957685,35.662403,5.200330306689452
2024-06-30 02:30:00,34.63141783333333,41.50690383333333,36.751232,2.1198143138834666
2024-06-30 03:00:00,32.83857166666667,42.39012001666666,37.36203,4.523458362630208
2024-06-30 03:30:00,28.07490615,36.004114933333334,32.903214,4.828307350976562
2024-06-30 04:00:00,27.93664096666667,32.392927766666666,31.241495,3.30485416577962
2024-06-30 04:30:00,23.55702003333333,32.174146650000004,32.169815,8.612795030143232
2024-06-30 05:00:00,26.91043451666667,29.977420116666668,31.893059,4.9826242601888
2024-06-30 05:30:00,25.442861616666665,34.2866495,32.390644,6.947782456819663
2024-06-30 06:00:00,34.86124555,34.59678733333333,36.667503,1.8062578069335942
2024-06-30 06:30:00,43.71782446666666,45.77381051666666,43.183144,-0.5346808509440066
2024-06-30 07:00:00,37.18011221666666,51.26200661666667,43.12348,5.943369533821624
2024-06-30 07:30:00,42.71943715,47.24296671666667,43.42918,0.7097429952636745
2024-06-30 08:00:00,39.76993888333333,46.56073951666667,43.125412,3.355473103971356
2024-06-30 08:30:00,49.71984845,42.64348555,45.55498,-4.1648672183105475
2024-06-30 09:00:00,43.843235516666674,41.274054516666666,39.658432,-4.184803509830736
2024-06-30 09:30:00,38.19351828333333,35.0932094,34.698708,-3.4948107027669266
2024-06-30 10:00:00,23.648918433333336,30.524314966666665,22.45072,-1.198198599959312
2024-06-30 10:30:00,20.548681166666668,12.374219483333334,16.771957,-3.7767237692057307
2024-06-30 11:00:00,24.08950175,6.392056583333333,17.471554,-6.617947947509766
2024-06-30 11:30:00,9.155000066666666,6.7448167,5.7696137,-3.385386323838297
2024-06-30 12:00:00,-10.8792226,5.330824783333334,-7.856475,3.0227477235961917
2024-06-30 12:30:00,-13.1597345,-13.934348900000002,-13.442856,-0.2831213349609367
2024-06-30 13:00:00,-23.79415275,-16.65835231666667,-20.480173,3.3139796390380845
2024-06-30 13:30:00,-26.18479128333333,10.63611505,-24.211655,1.9731366202473914
2024-06-30 14:00:00,-15.613710566666668,18.07931778333333,-15.414369,0.19934193721110205
2024-06-30 14:30:00,-9.60871895,23.112659416666663,-9.438344,0.17037494822998056
2024-06-30 15:00:00,-0.8731383499999996,30.26075315,2.3350966,3.2082349476715084
2024-06-30 15:30:00,6.077955333333333,28.405499466666665,8.631384,2.5534285625406907
2024-06-30 16:00:00,19.90369955,36.40519998333333,24.359692,4.455992069873048
2024-06-30 16:30:00,38.113544,38.80384058333333,34.829258,-3.284286034912107
2024-06-30 17:00:00,39.21507776666667,40.623534983333336,39.79989,0.5848108441731767
2024-06-30 17:30:00,41.2445806,43.51536608333333,44.036766,2.7921854522460947
2024-06-30 18:00:00,57.56475331666667,50.96232605,52.035065,-5.529688619401043
2024-06-30 18:30:00,62.60187673333333,52.392985583333335,56.656742,-5.945134637386062
2024-06-30 19:00:00,60.05721888333333,48.58923378333333,54.172916,-5.8843024709798115
2024-06-30 19:30:00,54.77854933333333,49.57373153333333,55.049503,0.270953993082685
2024-06-30 20:00:00,53.36273271666667,54.4733052,55.7351,2.3723670758137985
2024-06-30 20:30:00,71.73407893333334,59.071755583333335,62.62668,-9.107400466536461
2024-06-30 21:00:00,58.95331998333333,59.94849403333333,58.095917,-0.8574032352864549
2024-06-30 21:30:00,62.14942546666666,65.45883666666667,57.25872,-4.890705068717445
2024-06-30 22:00:00,55.228960666666666,62.8163672,52.65348,-2.5754801368815095
2024-06-30 22:30:00,47.83992286666666,44.11246011666666,47.300156,-0.5397672270182241
2024-06-30 23:00:00,44.351009233333336,45.45816985,44.498985,0.14797605719400764
2024-06-30 23:30:00,49.4658291,42.74553513333333,47.128155,-2.3376743453613287
2024-07-01 00:00:00,49.18117501666666,43.101973416666674,46.076492,-3.1046827070963445
2024-07-01 00:30:00,51.020842666666674,41.07317281666666,45.470272,-5.5505706024576895
2024-07-01 01:00:00,51.33538050000001,40.82520281666667,43.929085,-7.406295722167975
2024-07-01 01:30:00,41.34299931666667,35.26748275,38.655273,-2.6877258791666705
2024-07-01 02:00:00,33.52866611666666,30.4620728,34.710674,1.1820081692220086
2024-07-01 02:30:00,35.90514818333333,34.63141783333333,36.221344,0.31619581080729375
2024-07-01 03:00:00,37.14578501666667,32.83857166666667,37.413826,0.2680409721028596
2024-07-01 03:30:00,39.70996113333334,28.07490615,37.31687,-2.393089490266931
2024-07-01 04:00:00,41.6938711,27.93664096666667,39.164864,-2.5290075135742214
2024-07-01 04:30:00,44.55726884999999,23.55702003333333,38.736595,-5.820673696191399
2024-07-01 05:00:00,43.487469483333335,26.91043451666667,38.561085,-4.926384736018882
2024-07-01 05:30:00,45.75011175,25.442861616666665,40.06951,-5.680600336425783
2024-07-01 06:00:00,50.07028161666667,34.86124555,43.573254,-6.4970279850748724
2024-07-01 06:30:00,43.55158221666667,43.71782446666666,44.303234,0.7516518836751303
2024-07-01 07:00:00,44.85881776666667,37.18011221666666,43.266125,-1.5926930413248712
2024-07-01 07:30:00,40.612177116666665,42.71943715,42.16133,1.5491540600911478
2024-07-01 08:00:00,43.00808705,39.76993888333333,43.361412,0.35332499833984343
2024-07-01 08:30:00,36.06314823333333,49.71984845,40.12341,4.060261037906905
2024-07-01 09:00:00,25.1467289,43.843235516666674,29.206884,4.060155484155274
2024-07-01 09:30:00,15.083833333333333,38.19351828333333,17.428083,2.344250086466472
2024-07-01 10:00:00,-0.3173438833333337,23.648918433333336,0.62695813,0.9443020151234949
2024-07-01 10:30:00,-7.045538283333333,20.548681166666668,-7.3528,-0.3072616090922038
2024-07-01 11:00:00,-13.6386226,24.08950175,-14.927312,-1.2886892972778323
2024-07-01 11:30:00,-17.7990226,9.155000066666666,-19.616314,-1.8172913343261712
2024-07-01 12:00:00,-22.714904516666667,-10.8792226,-25.445787,-2.730882913142903
2024-07-01 12:30:00,-22.501761016666663,-13.1597345,-23.498478,-0.9967169191243528
2024-07-01 13:00:00,-20.241210566666663,-23.79415275,-22.567797,-2.3265861404866577
2024-07-01 13:30:00,-9.937572166666667,-26.18479128333333,-13.463433,-3.5258610990193677
2024-07-01 14:00:00,-10.5611878,-15.613710566666668,-14.499803,-3.938614789416503
2024-07-01 14:30:00,-13.615440499999998,-9.60871895,-13.361997,0.2534438493041975
2024-07-01 15:00:00,3.928810449999999,-0.8731383499999996,3.3923528,-0.5364576305572499
2024-07-01 15:30:00,6.851545383333334,6.077955333333333,8.257433,1.4058875542887366
2024-07-01 16:00:00,16.211719016666667,19.90369955,16.249449,0.037729759578450484
2024-07-01 16:30:00,20.7109612,38.113544,24.44008,3.7291194427001955
2024-07-01 17:00:00,28.092256733333333,39.21507776666667,31.359676,3.2674196277506518
2024-07-01 17:30:00,34.24125395,41.2445806,33.97387,-0.2673846262695321
2024-07-01 18:00:00,50.40876828333333,57.56475331666667,47.55953,-2.8492399325032522
2024-07-01 18:30:00,46.78894435,62.60187673333333,47.232708,0.4437636272949206
2024-07-01 19:00:00,45.90710441666667,60.05721888333333,46.610058,0.7029534141438774
2024-07-01 19:30:00,47.31135115,54.77854933333333,47.101727,-0.20962461801757826
2024-07-01 20:00:00,46.94296095000001,53.36273271666667,50.260303,3.317342547314446
2024-07-01 20:30:00,44.3969339,71.73407893333334,47.851524,3.4545904530273432
2024-07-01 21:00:00,46.62832386666667,58.95331998333333,47.009747,0.3814226848470028
2024-07-01 21:30:00,42.472774,62.14942546666666,45.230164,2.757389574218749
2024-07-01 22:00:00,38.12317571666667,55.228960666666666,43.045113,4.921936893196609
2024-07-01 22:30:00,39.20878376666667,47.83992286666666,41.55537,2.346586564143877
2024-07-01 23:00:00,42.554935050000005,44.351009233333336,43.918697,1.3637623071777298
2024-07-01 23:30:00,52.525167566666674,49.4658291,51.11745,-1.407716852555346
2024-07-02 00:00:00,58.305228383333336,49.18117501666666,54.959152,-3.3460761616536487
2024-07-02 00:30:00,55.07301603333334,51.020842666666674,51.965878,-3.1071385003743544
2024-07-02 01:00:00,48.41726275,51.33538050000001,49.83318,1.415916723876954
2024-07-02 01:30:00,48.71696605,41.34299931666667,43.767097,-4.949868576855472
2024-07-02 02:00:00,45.51951061666667,33.52866611666666,40.36918,-5.150331844694016
2024-07-02 02:30:00,44.91432493333334,35.90514818333333,41.641895,-3.272429639143887
2024-07-02 03:00:00,43.692217883333335,37.14578501666667,37.68395,-6.008269366487632
2024-07-02 03:30:00,42.900360033333335,39.70996113333334,39.609695,-3.2906645987630228
2024-07-02 04:00:00,43.93881615,41.6938711,40.60964,-3.329177935888673
2024-07-02 04:30:00,33.60400846666666,44.55726884999999,37.33015,3.726142137581384
2024-07-02 05:00:00,37.47344558333334,43.487469483333335,37.952755,0.4793093910318973
2024-07-02 05:30:00,31.491527699999995,45.75011175,39.4498,7.95827088398438
2024-07-02 06:00:00,41.01444661666667,50.07028161666667,42.098534,1.0840870137044263
2024-07-02 06:30:00,42.54668711666667,43.55158221666667,44.742016,2.195328721956379
2024-07-02 07:00:00,45.100257766666665,44.85881776666667,46.0646,0.9643441315266941
2024-07-02 07:30:00,46.77504441666667,40.612177116666665,46.239536,-0.5355081312662762
2024-07-02 08:00:00,41.544575,43.00808705,44.42437,2.879794812011717
2024-07-02 08:30:00,39.4103045,36.06314823333333,39.018967,-0.3913378251953148
2024-07-02 09:00:00,33.02477291666667,25.1467289,32.173916,-0.8508570536295608
2024-07-02 09:30:00,15.702042683333332,15.083833333333333,19.629839,3.9277962601481136
2024-07-02 10:00:00,8.89160725,-0.3173438833333337,8.091806,-0.7998008382568358
2024-07-02 10:30:00,-12.83694675,-7.045538283333333,-10.836702,2.0002444031982414
2024-07-02 11:00:00,-28.0112355,-13.6386226,-20.505737,7.5054981953125015
2024-07-02 11:30:00,-28.21154935,-17.7990226,-28.368752,-0.15720217587890772
2024-07-02 12:00:00,-42.0350662,-22.714904516666667,-37.790512,4.244554115039065
2024-07-02 12:30:00,-42.899388816666665,-22.501761016666663,-40.440857,2.458531883072915
2024-07-02 13:00:00,-48.60950155,-20.241210566666663,-40.414734,8.194767663281247
2024-07-02 13:30:00,-36.21259668333334,-9.937572166666667,-34.101044,2.111552982161463
2024-07-02 14:00:00,-39.61093928333333,-10.5611878,-34.78282,4.828117628059893
2024-07-02 14:30:00,-22.667301616666663,-13.615440499999998,-22.468138,0.19916387557779558
2024-07-02 15:00:00,-17.45184993333333,3.928810449999999,-14.142348,3.3095016438435856
2024-07-02 15:30:00,-11.119037166666669,6.851545383333334,-10.430471,0.6885657463785826
2024-07-02 16:00:00,-3.874976666666667,16.211719016666667,0.27725595,4.152232619024913
2024-07-02 16:30:00,12.043510383333334,20.7109612,11.196196,-0.8473147809163422
2024-07-02 17:00:00,19.7281361,28.092256733333333,21.161926,1.4337901695312496
2024-07-02 17:30:00,27.44358128333333,34.24125395,30.912363,3.468781769034834
2024-07-02 18:00:00,37.1263516,50.40876828333333,38.571415,1.445063347509766
2024-07-02 18:30:00,46.942792700000005,46.78894435,44.40417,-2.538621710009771
2024-07-02 19:00:00,46.85051548333333,45.90710441666667,44.796406,-2.054109691097004
2024-07-02 19:30:00,46.55238823333334,47.31135115,47.620544,1.068156200260411
2024-07-02 20:00:00,52.3211117,46.94296095000001,50.829075,-1.4920368403808624
2024-07-02 20:30:00,55.38466043333333,44.3969339,51.4595,-3.925161074202471
2024-07-02 21:00:00,45.883071,46.62832386666667,45.832584,-0.050486618896485425
2024-07-02 21:30:00,44.076860583333335,42.472774,47.310112,3.2332514161783834
2024-07-02 22:00:00,51.19297674999999,38.12317571666667,47.079453,-4.113524235351555
2024-07-02 22:30:00,56.26998553333333,39.20878376666667,50.09319,-6.17679629383138
2024-07-02 23:00:00,54.35873208333334,42.554935050000005,51.480457,-2.8782747774251334
2024-07-02 23:30:00,50.31303896666666,52.525167566666674,49.894474,-0.4185649371256446
2024-07-03 00:00:00,56.34921215,58.305228383333336,50.210785,-6.138427237890625
2024-07-03 00:30:00,49.90511558333333,55.07301603333334,47.504074,-2.4010414866536394
2024-07-03 01:00:00,51.55054043333334,48.41726275,46.864975,-4.685565457747401
2024-07-03 01:30:00,51.19839498333334,48.71696605,48.05522,-3.1431734257161494
2024-07-03 02:00:00,44.8703861,45.51951061666667,43.380493,-1.4898929359374975
2024-07-03 02:30:00,53.65621788333333,44.91432493333334,45.72336,-7.932859729036458
2024-07-03 03:00:00,54.3650567,43.692217883333335,45.618866,-8.746190733203122
2024-07-03 03:30:00,44.40403651666667,42.900360033333335,41.508244,-2.895792955875656
2024-07-03 04:00:00,49.26503664999999,43.93881615,45.278587,-3.986449308691398
2024-07-03 04:30:00,47.710315916666666,33.60400846666666,39.818913,-7.89140341056315
2024-07-03 05:00:00,44.65423181666667,37.47344558333334,37.751965,-6.902267247574876
2024-07-03 05:30:00,43.04299603333333,31.491527699999995,37.475452,-5.567543610237628
2024-07-03 06:00:00,44.46996721666667,41.01444661666667,42.737183,-1.7327845994791673
2024-07-03 06:30:00,45.68627898333333,42.54668711666667,45.094707,-0.591571494319659
2024-07-03 07:00:00,45.82958728333333,45.100257766666665,47.128452,1.2988650176920586
2024-07-03 07:30:00,43.50495953333333,46.77504441666667,44.231766,0.7268062137369853
2024-07-03 08:00:00,31.6018305,41.544575,36.76916,5.167330724365236
2024-07-03 08:30:00,30.74413175,39.4103045,31.90236,1.1582291661376942
2024-07-03 09:00:00,28.22973945,33.02477291666667,28.650404,0.4206645264404294
2024-07-03 09:30:00,9.73873725,15.702042683333332,10.068705,0.3299673551025393
2024-07-03 10:00:00,-11.970817183333333,8.89160725,-8.938469,3.032348250227864
2024-07-03 10:30:00,-21.0430945,-12.83694675,-17.868622,3.1744726738281237
2024-07-03 11:00:00,-15.081235983333334,-28.0112355,-18.101036,-3.0198000884440095
2024-07-03 11:30:00,-30.39669605,-28.21154935,-29.19552,1.2011756489990226
2024-07-03 12:00:00,-41.75059,-42.0350662,-40.95996,0.7906290625000025
2024-07-03 12:30:00,-51.087608816666666,-42.899388816666665,-47.138813,3.948795797867838
2024-07-03 13:00:00,-39.709852833333336,-48.60950155,-44.05879,-4.348935466227211
2024-07-03 13:30:00,-32.73623835,-36.21259668333334,-35.317173,-2.58093465415039
2024-07-03 14:00:00,-39.37624503333333,-39.61093928333333,-40.43215,-1.0559067611002604
2024-07-03 14:30:00,-34.553241750000005,-22.667301616666663,-33.216045,1.3371963703613332
2024-07-03 15:00:00,-32.197773866666665,-17.45184993333333,-27.58703,4.610743455900064
2024-07-03 15:30:00,-24.886623966666665,-11.119037166666669,-20.337238,4.549385654899087
2024-07-03 16:00:00,-9.1596854,-3.874976666666667,-5.92082,3.238865163793946
2024-07-03 16:30:00,10.1286445,12.043510383333334,10.256305,0.12766024090576167
2024-07-03 17:00:00,17.939956583333334,19.7281361,19.29262,1.3526631218668612
2024-07-03 17:30:00,31.79808001666667,27.44358128333333,28.545475,-3.2526050105631548
2024-07-03 18:00:00,34.93945231666667,37.1263516,35.231674,0.2922218776692702
2024-07-03 18:30:00,40.78079375,46.942792700000005,42.895832,2.1150383117675773
2024-07-03 19:00:00,42.03999781666667,46.85051548333333,44.04771,2.007712602034502
2024-07-03 19:30:00,49.18594886666667,46.55238823333334,47.393215,-1.7927336872233113
2024-07-03 20:00:00,48.80544781666666,52.3211117,48.82835,0.022902250472014885
2024-07-03 20:30:00,52.68008281666667,55.38466043333333,51.556915,-1.123167533463544
2024-07-03 21:00:00,58.39579185,45.883071,51.341797,-7.053994975000002
2024-07-03 21:30:00,51.452744466666665,44.076860583333335,46.6046,-4.848145467643228
2024-07-03 22:00:00,46.903335133333336,51.19297674999999,46.25733,-0.6460032851888045
2024-07-03 22:30:00,46.57446996666667,56.26998553333333,45.381603,-1.1928667256998722
2024-07-03 23:00:00,47.866589883333326,54.35873208333334,46.98373,-0.8828595671712165
2024-07-03 23:30:00,47.357340050000005,50.31303896666666,45.951214,-1.406126213330083
2024-07-04 00:00:00,47.09060661666666,56.34921215,45.187603,-1.90300361984049
2024-07-04 00:30:00,37.30504785,49.90511558333333,42.7782,5.473150392187499
2024-07-04 01:00:00,38.559995050000005,51.55054043333334,42.43959,3.8795954041015577
2024-07-04 01:30:00,38.79493765,51.19839498333334,41.13115,2.336211641992186
2024-07-04 02:00:00,31.893052633333337,44.8703861,36.788216,4.895163003873694
2024-07-04 02:30:00,39.81215495,53.65621788333333,39.85048,0.03832417597656246
2024-07-04 03:00:00,40.3626317,54.3650567,42.22808,1.8654490495117173
2024-07-04 03:30:00,37.63296051666666,44.40403651666667,39.008102,1.3751419003255307
2024-07-04 04:00:00,34.8280806,49.26503664999999,39.272198,4.444117123388672
2024-07-04 04:30:00,33.72771328333334,47.710315916666666,37.035053,3.3073399698404913
2024-07-04 05:00:00,35.00660828333333,44.65423181666667,36.36495,1.3583399893717498
2024-07-04 05:30:00,35.51974995,43.04299603333333,35.886707,0.36695735590820533
2024-07-04 06:00:00,35.35593545,44.46996721666667,37.376324,2.020388249951175
2024-07-04 06:30:00,42.64927835,45.68627898333333,42.7055,0.05622320639648137
2024-07-04 07:00:00,40.55691615,45.82958728333333,42.104378,1.547461596582032
2024-07-04 07:30:00,36.66336985,43.50495953333333,39.735786,3.072416587988279
2024-07-04 08:00:00,30.03811706666667,31.6018305,34.497177,4.459060057356769
2024-07-04 08:30:00,33.82348571666667,30.74413175,33.900215,0.0767294322591141
2024-07-04 09:00:00,31.881256716666662,28.22973945,31.491867,-0.389389651236975
2024-07-04 09:30:00,15.0104873,9.73873725,16.009537,0.9990494431640631
2024-07-04 10:00:00,6.263734883333332,-11.970817183333333,4.948814,-1.3149209680806466
2024-07-04 10:30:00,-6.800821066666667,-21.0430945,-5.5605483,1.2402727611551922
2024-07-04 11:00:00,-14.306849583333332,-15.081235983333334,-13.030437,1.2764121138509097
2024-07-04 11:30:00,-21.009361116666664,-30.39669605,-21.316677,-0.3073159768391953
2024-07-04 12:00:00,-35.62156935,-41.75059,-31.34682,4.274748518701173
2024-07-04 12:30:00,-30.95866215,-51.087608816666666,-33.058685,-2.1000231527343765
2024-07-04 13:00:00,-32.48915685,-39.709852833333336,-35.346397,-2.857240549902343
2024-07-04 13:30:00,-39.82746383333333,-32.73623835,-36.14269,3.6847750821126297
2024-07-04 14:00:00,-41.4088411,-39.37624503333333,-34.225708,7.1831330921874965
2024-07-04 14:30:00,-36.74231326666666,-34.553241750000005,-30.091986,6.650327564152015
2024-07-04 15:00:00,-33.9238139,-32.197773866666665,-32.87185,1.0519648399414052
2024-07-04 15:30:00,-22.28028493333333,-24.886623966666665,-23.179579,-0.8992938477945991
2024-07-04 16:00:00,-5.91982505,-9.1596854,-4.352149,1.5676760402954102
2024-07-04 16:30:00,6.868372716666666,10.1286445,8.975251,2.106878481148275
2024-07-04 17:00:00,18.147089,17.939956583333334,16.117249,-2.029840464843751
2024-07-04 17:30:00,21.93803508333333,31.79808001666667,24.892302,2.9542664761149133
2024-07-04 18:00:00,26.27607658333333,34.93945231666667,28.691254,2.4151770787760434
2024-07-04 18:30:00,29.960675666666663,40.78079375,33.185337,3.2246613999837273
2024-07-04 19:00:00,30.96907836666667,42.03999781666667,35.09146,4.122382814973957
2024-07-04 19:30:00,37.91786943333333,49.18594886666667,42.62935,4.711479321549483
2024-07-04 20:00:00,41.20072663333333,48.80544781666666,43.4901,2.289374227262371
2024-07-04 20:30:00,41.38500045,52.68008281666667,43.41463,2.0296304398925784
2024-07-04 21:00:00,34.89700668333334,58.39579185,39.090767,4.193760223404944
2024-07-04 21:30:00,37.75258561666666,51.452744466666665,41.899662,4.1470764011556085
2024-07-04 22:00:00,33.36576853333333,46.903335133333336,40.022175,6.656406301871748
2024-07-04 22:30:00,32.827518766666664,46.57446996666667,40.08801,7.2604901139485705
2024-07-04 23:00:00,36.27789061666667,47.866589883333326,40.472202,4.194311684358723
2024-07-04 23:30:00,33.77169618333333,47.357340050000005,37.36507,3.5933741596842452
2024-07-05 00:00:00,34.10142508333333,47.09060661666666,36.60816,2.5067330282389335
2024-07-05 00:30:00,29.3024252,37.30504785,32.876797,3.574371522412111
2024-07-05 01:00:00,29.38500378333333,38.559995050000005,35.600685,6.2156813362955745
2024-07-05 01:30:00,35.17735283333334,38.79493765,37.573063,2.3957100633951782
2024-07-05 02:00:00,33.7675444,31.893052633333337,34.736008,0.968463290429689
2024-07-05 02:30:00,34.53030668333333,39.81215495,36.35721,1.826901568619796
2024-07-05 03:00:00,36.98402455,40.3626317,37.205677,0.22165248247070224
2024-07-05 03:30:00,37.3111033,37.63296051666666,37.06717,-0.2439341105468742
2024-07-05 04:00:00,33.75983216666666,34.8280806,34.6214,0.8615667591145879
2024-07-05 04:30:00,32.390095716666664,33.72771328333334,34.113316,1.7232198656087263
2024-07-05 05:00:00,32.32213123333333,35.00660828333333,34.195442,1.873310966373701
2024-07-05 05:30:00,34.173917116666665,35.51974995,34.893944,0.7200266699544287
2024-07-05 06:00:00,34.25526665,35.35593545,34.56573,0.31046439858398145
2024-07-05 06:30:00,32.63598338333333,42.64927835,39.042244,6.406260574186199
2024-07-05 07:00:00,35.18000718333334,40.55691615,38.79657,3.6165626408854123
2024-07-05 07:30:00,38.9863211,36.66336985,36.905502,-2.0808187806640603
2024-07-05 08:00:00,32.693432683333334,30.03811706666667,33.602062,0.9086295420084625
2024-07-05 08:30:00,18.872298233333336,33.82348571666667,27.06709,8.194790847477211
2024-07-05 09:00:00,18.9353718,31.881256716666662,23.216755,4.2813831133300795
2024-07-05 09:30:00,11.888673283333333,15.0104873,14.620653,2.7319798691324877
2024-07-05 10:00:00,9.72744105,6.263734883333332,8.220681,-1.5067598595092768
2024-07-05 10:30:00,3.892054516666667,-6.800821066666667,-1.1025573,-4.994611818187968
2024-07-05 11:00:00,-8.20139785,-14.306849583333332,-8.392618,-0.19122032932128974
2024-07-05 11:30:00,-17.175267316666666,-21.009361116666664,-18.818865,-1.6435975057210293
2024-07-05 12:00:00,-24.00732996666667,-35.62156935,-22.983017,1.0243129988932331
2024-07-05 12:30:00,-18.606566766666667,-30.95866215,-24.162874,-5.556307455135091
2024-07-05 13:00:00,-35.48541938333333,-32.48915685,-38.30897,-2.823552021695967
2024-07-05 13:30:00,-44.0407627,-39.82746383333333,-44.015976,0.024786747851564428
2024-07-05 14:00:00,-45.76174878333333,-41.4088411,-45.103756,0.657992832405597
2024-07-05 14:30:00,-47.46289898333333,-36.74231326666666,-44.86262,2.6002776759602853
2024-07-05 15:00:00,-34.716415,-33.9238139,-35.966183,-1.2497677087402366
2024-07-05 15:30:00,-21.03543115,-22.28028493333333,-22.162144,-1.1267125572753898
2024-07-05 16:00:00,-6.03127055,-5.91982505,-6.8267894,-0.7955188291198727
2024-07-05 16:30:00,3.8344016500000007,6.868372716666666,3.808213,-0.026188654470825856
2024-07-05 17:00:00,10.35056325,18.147089,13.282512,2.931948461120605
2024-07-05 17:30:00,16.324920016666667,21.93803508333333,18.88414,2.5592199979817707
2024-07-05 18:00:00,21.630281666666665,26.27607658333333,24.015783,2.3855016432698584
2024-07-05 18:30:00,27.54781885,29.960675666666663,27.991774,0.44395475534668094
2024-07-05 19:00:00,31.70206943333333,30.96907836666667,31.783241,0.08117183863932453
2024-07-05 19:30:00,32.155986033333335,37.91786943333333,32.29869,0.14270476256510278
2024-07-05 20:00:00,30.60048185,41.20072663333333,32.243347,1.6428653179687487
2024-07-05 20:30:00,29.727073316666665,41.38500045,34.469124,4.742050523665366
2024-07-05 21:00:00,26.661688216666665,34.89700668333334,29.519596,2.8579078831868507
2024-07-05 21:30:00,25.848823266666667,37.75258561666666,30.106464,4.257641119319661
2024-07-05 22:00:00,23.22239055,33.36576853333333,29.354778,6.132387739794922
2024-07-05 22:30:00,24.81991268333333,32.827518766666664,29.331251,4.511338461075848
2024-07-05 23:00:00,37.83342616666667,36.27789061666667,35.98643,-1.8469950448404973
2024-07-05 23:30:00,39.93209658333333,33.77169618333333,36.42163,-3.5104657239583332
2024-07-06 00:00:00,46.47615725,34.10142508333333,40.830452,-5.645705284667969
2024-07-06 00:30:00,48.39837501666667,29.3024252,41.784897,-6.613478166080732
2024-07-06 01:00:00,45.40886868333334,29.38500378333333,39.299175,-6.1096934208821665
2024-07-06 01:30:00,42.1165022,35.17735283333334,38.81241,-3.3040937527343743
2024-07-06 02:00:00,32.82039043333334,33.7675444,35.49805,2.6776602563639287
2024-07-06 02:30:00,40.68049873333333,34.53030668333333,37.270332,-3.410166396907549
2024-07-06 03:00:00,39.2923928,36.98402455,36.676956,-2.6154366232421893
2024-07-06 03:30:00,36.36997228333333,37.3111033,35.139572,-1.230400139778645
2024-07-06 04:00:00,33.88787485,33.75983216666666,32.493557,-1.3943178736816435
2024-07-06 04:30:00,28.614959433333336,32.390095716666664,29.896194,1.2812350246744764
2024-07-06 05:00:00,27.0908394,32.32213123333333,29.741522,2.6506824353271483
2024-07-06 05:30:00,25.43546215,34.173917116666665,29.676659,4.241196480371094
2024-07-06 06:00:00,27.219175,34.25526665,31.770035,4.550859790039063
2024-07-06 06:30:00,32.47076598333334,32.63598338333333,34.557274,2.086507881412757
2024-07-06 07:00:00,37.56155,35.18000718333334,35.98339,-1.5781591918945281
2024-07-06 07:30:00,30.159963200000004,38.9863211,37.479897,7.319933345410153
2024-07-06 08:00:00,29.58359891666667,32.693432683333334,31.948153,2.364553625447588
2024-07-06 08:30:00,27.478784216666668,18.872298233333336,28.681871,1.2030871975179025
2024-07-06 09:00:00,18.16443673333333,18.9353718,20.868296,2.7038589362223355
2024-07-06 09:30:00,12.838304383333332,11.888673283333333,14.418234,1.5799294881266288
2024-07-06 10:00:00,6.304878216666666,9.72744105,5.1913795,-1.1134986695475257
2024-07-06 10:30:00,-9.2715371,3.892054516666667,-9.8488655,-0.5773284090332034
2024-07-06 11:00:00,-18.518738950000003,-8.20139785,-19.559622,-1.040882860913083
2024-07-06 11:30:00,-32.35431561666667,-17.175267316666666,-31.874258,0.48005757528483173
2024-07-06 12:00:00,-41.65229176666667,-24.00732996666667,-43.143616,-1.4913239559895786
2024-07-06 12:30:00,-60.52010236666666,-18.606566766666667,-58.072388,2.447714671354163
2024-07-06 13:00:00,-69.39902045000001,-35.48541938333333,-63.901745,5.497275607470712
2024-07-06 13:30:00,-68.54671721666666,-44.0407627,-59.792168,8.754549553092446
2024-07-06 14:00:00,-55.38616833333333,-45.76174878333333,-53.022816,2.363352628987627
2024-07-06 14:30:00,-46.813188233333335,-47.46289898333333,-43.726166,3.08702246184896
2024-07-06 15:00:00,-42.241054983333335,-34.716415,-43.155117,-0.9140620515787745
2024-07-06 15:30:00,-31.37172735,-21.03543115,-26.540548,4.8311790254150395
2024-07-06 16:00:00,-14.35603775,-6.03127055,-11.5924015,2.763636245483399
2024-07-06 16:30:00,8.82573275,3.8344016500000007,6.52364,-2.302092594207764
2024-07-06 17:00:00,17.38618385,10.35056325,14.941248,-2.4449359099365218
2024-07-06 17:30:00,26.33642118333333,16.324920016666667,23.931015,-2.405406168684891
2024-07-06 18:00:00,23.553211,21.630281666666665,25.667845,2.114633772338866
2024-07-06 18:30:00,26.34103321666667,27.54781885,30.460854,4.119820359993486
2024-07-06 19:00:00,28.470059433333333,31.70206943333333,31.493048,3.0229882809000657
2024-07-06 19:30:00,32.33233525,32.155986033333335,32.735283,0.4029476479492189
2024-07-06 20:00:00,40.3847933,30.60048185,38.734344,-1.6504488175781233
2024-07-06 20:30:00,45.31933206666667,29.727073316666665,41.57793,-3.741401616227215
2024-07-06 21:00:00,41.29676113333333,26.661688216666665,38.071484,-3.22527752127278
2024-07-06 21:30:00,36.44008605,25.848823266666667,35.563274,-0.876811666455076
2024-07-06 22:00:00,31.95380888333333,23.22239055,32.675842,0.7220334018229195
2024-07-06 22:30:00,31.90468038333333,24.81991268333333,31.355354,-0.5493260742512973
2024-07-06 23:00:00,37.34500668333333,37.83342616666667,35.18509,-2.159917572005206
2024-07-06 23:30:00,41.4201549,39.93209658333333,38.85382,-2.56633409921875
2024-07-07 00:00:00,37.0945,46.47615725,38.04741,0.952909057617191
2024-07-07 00:30:00,34.18103816666667,48.39837501666667,36.441864,2.260825847005208
2024-07-07 01:00:00,33.24366728333334,45.40886868333334,35.993237,2.7495692584147093
2024-07-07 01:30:00,31.675842733333337,42.1165022,35.148186,3.472342996647132
2024-07-07 02:00:00,28.71040168333333,32.82039043333334,32.403225,3.692823261735029
2024-07-07 02:30:00,30.669444483333336,40.68049873333333,33.80336,3.133915502018226
2024-07-07 03:00:00,34.96049276666667,39.2923928,36.069798,1.1093047492024724
2024-07-07 03:30:00,31.424405566666668,36.36997228333333,33.839737,2.415331371809895
2024-07-07 04:00:00,35.01258901666667,33.88787485,32.691723,-2.3208661467936196
2024-07-07 04:30:00,35.094125483333336,28.614959433333336,31.745865,-3.3482606151692735
2024-07-07 05:00:00,35.618936616666666,27.0908394,30.726007,-4.892929155118814
2024-07-07 05:30:00,29.83141665,25.43546215,28.76053,-1.0708861781982435
2024-07-07 06:00:00,33.35094826666667,27.219175,31.98052,-1.370428018253584
2024-07-07 06:30:00,33.20151871666667,32.47076598333334,34.28538,1.0838626004720027
2024-07-07 07:00:00,32.466002833333334,37.56155,34.941597,2.475594151529947
2024-07-07 07:30:00,35.74539106666666,30.159963200000004,35.11568,-0.6297103720865849
2024-07-07 08:00:00,37.20482515,29.58359891666667,31.289679,-5.915146576391599
2024-07-07 08:30:00,31.57055726666667,27.478784216666668,30.223381,-1.3471762241861995
2024-07-07 09:00:00,22.3486595,18.16443673333333,22.08585,-0.2628097380371095
2024-07-07 09:30:00,8.574508916666668,12.838304383333332,10.792711,2.2182023412679026
2024-07-07 10:00:00,-11.2798272,6.304878216666666,-6.0605364,5.21929081541748
2024-07-07 10:30:00,-18.104070516666667,-9.2715371,-15.060986,3.04308495148112
2024-07-07 11:00:00,-29.602049583333336,-18.518738950000003,-26.831385,2.77066492451986
2024-07-07 11:30:00,-35.5431049,-32.35431561666667,-31.269337,4.27376819956055
2024-07-07 12:00:00,-36.52786331666667,-41.65229176666667,-34.57464,1.9532249499674492
2024-07-07 12:30:00,-49.2323968,-60.52010236666666,-40.271507,8.960889536816403
2024-07-07 13:00:00,-38.36018895,-69.39902045000001,-36.53706,1.8231291660644544
2024-07-07 13:30:00,-22.80293946666667,-68.54671721666666,-27.714743,-4.911803193855793
2024-07-07 14:00:00,-27.53081665,-55.38616833333333,-26.820738,0.7100788112548813
2024-07-07 14:30:00,-22.59748163333333,-46.813188233333335,-25.63078,-3.033297633024091
2024-07-07 15:00:00,-14.904638466666666,-42.241054983333335,-18.93374,-4.02910214917806
2024-07-07 15:30:00,-4.00427945,-31.37172735,-6.584332,-2.58005253928833
2024-07-07 16:00:00,2.3020460666666662,-14.35603775,-1.1165637,-3.418609744454447
2024-07-07 16:30:00,14.1545722,8.82573275,14.42758,0.2730076797607417
2024-07-07 17:00:00,16.694237183333332,17.38618385,18.989235,2.2949977409830744
2024-07-07 17:30:00,17.850587766666667,26.33642118333333,19.600458,1.7498703784749345
2024-07-07 18:00:00,18.87340615,23.553211,22.774012,3.9006054619384756
2024-07-07 18:30:00,26.78290055,26.34103321666667,27.981804,1.198903344042968
2024-07-07 19:00:00,31.9238551,28.470059433333333,32.22518,0.30132647958984293
2024-07-07 19:30:00,29.5652106,32.33233525,30.76153,1.1963193224853512
2024-07-07 20:00:00,25.568130083333333,40.3847933,32.491764,6.9236339852701825
2024-07-07 20:30:00,33.38591505,45.31933206666667,36.8032,3.417284718066405
2024-07-07 21:00:00,33.83126571666667,41.29676113333333,35.667793,1.8365275572591102
2024-07-07 21:30:00,37.34275713333333,36.44008605,34.54627,-2.7964886701985634
2024-07-07 22:00:00,35.465634533333336,31.95380888333333,33.10346,-2.3621761287923206
2024-07-07 22:30:00,33.706777216666666,31.90468038333333,32.4857,-1.2210785167154938
2024-07-07 23:00:00,32.075467933333336,37.34500668333333,33.730667,1.6551991809244768
2024-07-07 23:30:00,32.33327393333333,41.4201549,35.455223,3.121949150162763
2024-07-08 00:00:00,35.80072448333333,37.0945,35.71955,-0.08117339690755188
2024-07-08 00:30:00,34.0178929,34.18103816666667,34.472946,0.45505326699218784
2024-07-08 01:00:00,37.493068916666665,33.24366728333334,35.570423,-1.9226457904459622
2024-07-08 01:30:00,28.575436266666667,31.675842733333337,32.934578,4.359141675227864
2024-07-08 02:00:00,33.469586150000005,28.71040168333333,32.559433,-0.9101531666015674
2024-07-08 02:30:00,36.49709551666667,30.669444483333336,33.862938,-2.6341575894205747
2024-07-08 03:00:00,39.88186936666667,34.96049276666667,35.94794,-3.9339285402506547
2024-07-08 03:30:00,38.55786831666666,31.424405566666668,37.0497,-1.5081666259928284
2024-07-08 04:00:00,34.94389733333333,35.01258901666667,34.17881,-0.765087213704426
2024-07-08 04:30:00,34.42773558333334,35.094125483333336,33.59898,-0.8287556333821655
2024-07-08 05:00:00,33.246449616666666,35.618936616666666,33.44007,0.19362148929036493
2024-07-08 05:30:00,30.77829175,29.83141665,32.224632,1.4463405131835927
2024-07-08 06:00:00,30.12345775,33.35094826666667,33.83476,3.711301008544922
2024-07-08 06:30:00,34.66423963333333,33.20151871666667,35.759388,1.0951483366373722
2024-07-08 07:00:00,32.64375225,32.466002833333334,36.47711,3.8333595664062514
2024-07-08 07:30:00,34.02312165,35.74539106666666,35.50562,1.4824973990722654
2024-07-08 08:00:00,30.986449883333336,37.20482515,35.407135,4.420685126432289
2024-07-08 08:30:00,29.831279783333333,31.57055726666667,32.644356,2.8130759905924485
2024-07-08 09:00:00,30.267970766666664,22.3486595,31.519268,1.2512972692220075
2024-07-08 09:30:00,34.01081323333333,8.574508916666668,30.240261,-3.770552155452471
2024-07-08 10:00:00,25.18827285,-11.2798272,22.68831,-2.4999622268310553
2024-07-08 10:30:00,20.815837316666663,-18.104070516666667,18.639519,-2.176318578873694
2024-07-08 11:00:00,11.527081666666668,-29.602049583333336,6.369377,-5.157704530436199
2024-07-08 11:30:00,11.130077733333335,-35.5431049,6.5826817,-4.547396077449546
2024-07-08 12:00:00,7.740897283333333,-36.52786331666667,5.571599,-2.169298276680501
2024-07-08 12:30:00,6.384451666666667,-49.2323968,3.4792602,-2.905191460444133
2024-07-08 13:00:00,7.150763833333333,-38.36018895,3.6701882,-3.480575644780477
2024-07-08 13:30:00,11.173098883333331,-22.80293946666667,7.685409,-3.487689814272052
2024-07-08 14:00:00,16.208653266666666,-27.53081665,14.0351715,-2.173481757877603
2024-07-08 14:30:00,11.7589484,-22.59748163333333,10.533465,-1.2254830145629878
2024-07-08 15:00:00,15.32118831666667,-14.904638466666666,9.571838,-5.749349937760419
2024-07-08 15:30:00,17.2569695,-4.00427945,13.585334,-3.6716356758422855
2024-07-08 16:00:00,25.46051433333333,2.3020460666666662,22.525537,-2.9349768424886022
2024-07-08 16:30:00,28.49639003333333,14.1545722,24.354624,-4.141766238777667
2024-07-08 17:00:00,33.55463053333333,16.694237183333332,32.01848,-1.5361521397786433
2024-07-08 17:30:00,38.605128283333336,17.850587766666667,37.24686,-1.3582677791829454
2024-07-08 18:00:00,38.28346448333333,18.87340615,35.911816,-2.371648840022786
2024-07-08 18:30:00,45.1076189,26.78290055,40.938972,-4.168646426855467
2024-07-08 19:00:00,40.26034611666667,31.9238551,42.668392,2.4080460647298167
2024-07-08 19:30:00,51.35527043333334,29.5652106,47.112526,-4.242744493391932
2024-07-08 20:00:00,43.919317416666665,25.568130083333333,41.445984,-2.473333529947915
2024-07-08 20:30:00,41.928145066666666,33.38591505,40.68631,-1.2418352522135407
2024-07-08 21:00:00,35.6442574,33.83126571666667,37.504406,1.8601485753417961
2024-07-08 21:30:00,35.11712945,37.34275713333333,36.641304,1.524174566113281
2024-07-08 22:00:00,31.661788366666663,35.465634533333336,32.542614,0.880825616487634
2024-07-08 22:30:00,31.200440566666668,33.706777216666666,32.074272,0.873831589095051
2024-07-08 23:00:00,34.556638283333335,32.075467933333336,33.722466,-0.8341727681966162
2024-07-08 23:30:00,35.34819903333334,32.33327393333333,34.359962,-0.9882365699544309
2024-07-09 00:00:00,34.47836121666666,35.80072448333333,34.77548,0.2971171463704465
2024-07-09 00:30:00,34.350307816666664,34.0178929,33.50494,-0.8453677837076796
2024-07-09 01:00:00,33.8280828,37.493068916666665,32.526752,-1.301330328076169
2024-07-09 01:30:00,29.67058053333333,28.575436266666667,31.046358,1.375777575187179
2024-07-09 02:00:00,23.83199438333333,33.469586150000005,29.983366,6.151371629239911
2024-07-09 02:30:00,28.18349328333333,36.49709551666667,31.18897,3.005477282462568
2024-07-09 03:00:00,32.98508666666667,39.88186936666667,34.690994,1.705907596028645
2024-07-09 03:30:00,36.37992823333333,38.55786831666666,33.833282,-2.546645762630206
2024-07-09 04:00:00,34.22854328333333,34.94389733333333,33.713223,-0.5153207796712209
2024-07-09 04:30:00,33.8835355,34.42773558333334,33.743183,-0.14035236401367257
2024-07-09 05:00:00,32.7466928,33.246449616666666,33.528614,0.781921244189455
2024-07-09 05:30:00,33.97143273333333,30.77829175,32.41863,-1.552804040706377
2024-07-09 06:00:00,31.4154216,30.12345775,32.301964,0.8865422061523454
2024-07-09 06:30:00,29.50534445,34.66423963333333,33.50693,4.001586854931642
2024-07-09 07:00:00,30.780901133333334,32.64375225,34.946266,4.1653650409830725
2024-07-09 07:30:00,38.0826605,34.02312165,37.203323,-0.8793371357421904
2024-07-09 08:00:00,41.52451055,30.986449883333336,37.797848,-3.726662802197268
2024-07-09 08:30:00,35.61490896666667,29.831279783333333,33.4222,-2.19270971739909
2024-07-09 09:00:00,34.288854449999995,30.267970766666664,30.841446,-3.4474085271484327
2024-07-09 09:30:00,36.04518506666667,34.01081323333333,29.380707,-6.664478279557294
2024-07-09 10:00:00,22.493567233333334,25.18827285,16.66344,-5.8301265289876305
2024-07-09 10:30:00,6.710106766666667,20.815837316666663,4.714365,-1.9957417611735027
2024-07-09 11:00:00,5.659084166666666,11.527081666666668,6.4346223,0.7755381210835779
2024-07-09 11:30:00,5.01253435,11.130077733333335,1.2600411,-3.7524932323318483
2024-07-09 12:00:00,-1.2646383499999996,7.740897283333333,-6.629798,-5.3651595854858405
2024-07-09 12:30:00,9.825106166666668,6.384451666666667,4.315238,-5.509868167704266
2024-07-09 13:00:00,7.373511216666666,7.150763833333333,0.7833422,-6.590169034030405
2024-07-09 13:30:00,0.3010039166666662,11.173098883333331,-3.6162121,-3.9172160462595618
2024-07-09 14:00:00,-7.637871033333334,16.208653266666666,-8.517149,-0.8792779382242832
2024-07-09 14:30:00,-14.835651666666664,11.7589484,-13.969826,0.8658259220377573
2024-07-09 15:00:00,-14.7509755,15.32118831666667,-11.617017,3.133958707702636
2024-07-09 15:30:00,1.642988366666667,17.2569695,-3.094564,-4.737552327695719
2024-07-09 16:00:00,5.519602316666667,25.46051433333333,-0.08329699,-5.602899308551375
2024-07-09 16:30:00,13.160824966666668,28.49639003333333,11.797266,-1.3635589601969418
2024-07-09 17:00:00,22.635084950000003,33.55463053333333,22.480314,-0.1547706952392609
2024-07-09 17:30:00,28.33965715,38.605128283333336,27.61735,-0.7223075253662117
2024-07-09 18:00:00,26.81335885,38.28346448333333,30.29009,3.4767317109130857
2024-07-09 18:30:00,27.25793965,45.1076189,34.515568,7.257628129541015
2024-07-09 19:00:00,40.16682708333334,40.26034611666667,35.423275,-4.743552089436854
2024-07-09 19:30:00,42.8127387,51.35527043333334,40.407455,-2.4052832556640595
2024-07-09 20:00:00,38.05348398333333,43.919317416666665,39.600285,1.5468005930826862
2024-07-09 20:30:00,39.71997386666667,41.928145066666666,38.765038,-0.9549363300455767
2024-07-09 21:00:00,32.5573316,35.6442574,32.270443,-0.28688863735351333
2024-07-09 21:30:00,30.569228183333333,35.11712945,31.977524,1.4082956203776043
2024-07-09 22:00:00,27.223179016666663,31.661788366666663,30.12531,2.9021318811604857
2024-07-09 22:30:00,28.18845715,31.200440566666668,29.650251,1.4617942385498033
2024-07-09 23:00:00,28.95104286666667,34.556638283333335,34.526737,5.575694346468097
2024-07-09 23:30:00,32.85805378333333,35.34819903333334,32.740116,-0.11793766394856675
2024-07-10 00:00:00,35.63102061666667,34.47836121666666,35.450996,-0.18002421774088617
2024-07-10 00:30:00,34.15101898333334,34.350307816666664,34.754524,0.6035052476236942
2024-07-10 01:00:00,34.4363244,33.8280828,34.954777,0.518452363916019
2024-07-10 01:30:00,28.58162665,29.67058053333333,34.46324,5.881614927148437
2024-07-10 02:00:00,33.74892381666667,23.83199438333333,30.530245,-3.2186789893961603
2024-07-10 02:30:00,33.832869433333336,28.18349328333333,32.518005,-1.314864062239586
2024-07-10 03:00:00,32.998859933333335,32.98508666666667,35.012764,2.013904043717446
2024-07-10 03:30:00,31.3501055,36.37992823333333,35.061886,3.711780333740233
2024-07-10 04:00:00,32.03586555,34.22854328333333,34.977448,2.941581959765628
2024-07-10 04:30:00,35.11621601666667,33.8835355,34.63377,-0.4824460276529976
2024-07-10 05:00:00,39.52824553333333,32.7466928,34.264297,-5.263948047981771
2024-07-10 05:30:00,33.415212733333334,33.97143273333333,31.533785,-1.8814278670003262
2024-07-10 06:00:00,33.348815583333334,31.4154216,33.384686,0.03586993302408814
2024-07-10 06:30:00,33.83583848333333,29.50534445,34.12338,0.28754027032877616
2024-07-10 07:00:00,33.4411226,30.780901133333334,35.309258,1.8681349073242188
2024-07-10 07:30:00,38.84465335,38.0826605,36.596493,-2.248160582666017
2024-07-10 08:00:00,41.2986028,41.52451055,38.388195,-2.9104077621582007
2024-07-10 08:30:00,34.24580398333333,35.61490896666667,33.21987,-1.025932462337238
2024-07-10 09:00:00,28.151024433333333,34.288854449999995,28.479477,0.32845249537760424
2024-07-10 09:30:00,16.35739441666667,36.04518506666667,20.809328,4.451933662556964
2024-07-10 10:00:00,-0.9694389166666668,22.493567233333334,5.318897,6.288335687143961
2024-07-10 10:30:00,-9.5363283,6.710106766666667,-8.42286,1.1134681544311515
2024-07-10 11:00:00,-23.9748473,5.659084166666666,-21.212032,2.762814981884766
2024-07-10 11:30:00,-37.21042125,5.01253435,-34.110054,3.100367233886722
2024-07-10 12:00:00,-53.61591115,-1.2646383499999996,-49.92186,3.694051408789065
2024-07-10 12:30:00,-60.68016721666667,9.825106166666668,-57.154385,3.5257826036295583
2024-07-10 13:00:00,-58.12298391666667,7.373511216666666,-56.138412,1.9845714410807318
2024-07-10 13:30:00,-48.84252113333333,0.3010039166666662,-49.017776,-0.1752553559244845
2024-07-10 14:00:00,-60.59693215,-7.637871033333334,-53.58365,7.013283468359376
2024-07-10 14:30:00,-56.938253333333336,-14.835651666666664,-49.41117,7.527082373860679
2024-07-10 15:00:00,-35.4541034,-14.7509755,-32.59848,2.855623175390626
2024-07-10 15:30:00,-16.77030875,1.642988366666667,-19.433279,-2.6629702874755843
2024-07-10 16:00:00,-5.8656562,5.519602316666667,-6.7111626,-0.8455063671386718
2024-07-10 16:30:00,6.495757283333333,13.160824966666668,8.534923,2.0391653164591474
2024-07-10 17:00:00,11.3837878,22.635084950000003,13.6413145,2.2575267065307614
2024-07-10 17:30:00,10.346009416666666,28.33965715,20.213694,9.867684202107748
2024-07-10 18:00:00,22.866776216666665,26.81335885,28.446964,5.580188047249351
2024-07-10 18:30:00,36.51002998333333,27.25793965,34.184326,-2.3257038114583324
2024-07-10 19:00:00,31.06861218333333,40.16682708333334,35.690025,4.621413146256515
2024-07-10 19:30:00,39.69234625,42.8127387,42.532158,2.839811647949219
2024-07-10 20:00:00,42.00502343333333,38.05348398333333,42.85962,0.8545957072916721
2024-07-10 20:30:00,41.79696505,39.71997386666667,43.58908,1.7921157605468778
2024-07-10 21:00:00,46.76267273333334,32.5573316,42.07022,-4.692451786067714
2024-07-10 21:30:00,41.8436984,30.569228183333333,38.236153,-3.6075457510742197
2024-07-10 22:00:00,43.67863488333333,27.223179016666663,39.344707,-4.333927394319659
2024-07-10 22:30:00,39.12624553333333,28.18845715,37.14411,-1.9821339000325509
2024-07-10 23:00:00,42.260556783333335,28.95104286666667,37.522705,-4.737851705208335
2024-07-10 23:30:00,39.75053606666666,32.85805378333333,38.487797,-1.2627392832193962
2024-07-11 00:00:00,41.03184276666666,35.63102061666667,38.24508,-2.786763726139313
2024-07-11 00:30:00,36.9739599,34.15101898333334,37.512474,0.5385141600585968
2024-07-11 01:00:00,36.94721821666666,34.4363244,35.28416,-1.6630576026529909
2024-07-11 01:30:00,29.186582883333333,28.58162665,32.10858,2.921998659635417
2024-07-11 02:00:00,28.98551833333333,33.74892381666667,32.176556,3.1910373002115904
2024-07-11 02:30:00,34.54140446666667,33.832869433333336,34.175053,-0.3663518238444041
2024-07-11 03:00:00,34.90212605,32.998859933333335,34.09054,-0.8115842104003903
2024-07-11 03:30:00,35.87227896666667,31.3501055,35.44433,-0.4279506585612012
2024-07-11 04:00:00,34.988368566666665,32.03586555,33.753227,-1.2351413327799463
2024-07-11 04:30:00,30.78300825,35.11621601666667,34.50299,3.7199824726562483
2024-07-11 05:00:00,34.52521611666666,39.52824553333333,35.00475,0.47953318142904067
2024-07-11 05:30:00,33.3942739,33.415212733333334,33.906242,0.511968470605467
2024-07-11 06:00:00,35.05543451666667,33.348815583333334,34.50758,-0.5478547131998752
2024-07-11 06:30:00,32.81197445,33.83583848333333,35.0335,2.2215262213867177
2024-07-11 07:00:00,34.91181556666667,33.4411226,34.972115,0.060298996321613174
2024-07-11 07:30:00,39.0446183,38.84465335,39.390427,0.34580833574218417
2024-07-11 08:00:00,38.64701155,41.2986028,40.233856,1.586844651171873
2024-07-11 08:30:00,47.12856273333333,34.24580398333333,38.63264,-8.495921894710285
2024-07-11 09:00:00,40.9061567,28.151024433333333,31.211119,-9.69503800187988
2024-07-11 09:30:00,29.911536183333336,16.35739441666667,26.934248,-2.9772882127522813
2024-07-11 10:00:00,20.330556,-0.9694389166666668,14.327343,-6.0032130129394545
2024-07-11 10:30:00,15.2971911,-9.5363283,9.6627445,-5.634446577905273
2024-07-11 11:00:00,12.55724285,-23.9748473,1.0713936,-11.485849240953064
2024-07-11 11:30:00,9.7970789,-37.21042125,-0.52353394,-10.320612840315247
2024-07-11 12:00:00,-9.552794383333334,-53.61591115,-6.03428,3.518514560030111
2024-07-11 12:30:00,-12.62477005,-60.68016721666667,-9.438408,3.1863621520507817
2024-07-11 13:00:00,-6.948502866666668,-58.12298391666667,-7.4766436,-0.5281406956502268
2024-07-11 13:30:00,-2.043841250000001,-48.84252113333333,-8.6895685,-6.6457272695922835
2024-07-11 14:00:00,6.619363316666667,-60.59693215,2.314262,-4.3051014033671064
2024-07-11 14:30:00,7.742546116666666,-56.938253333333336,1.8897299,-5.852816259221902
2024-07-11 15:00:00,0.4962438166666661,-35.4541034,-1.9613551,-2.4575989068079624
2024-07-11 15:30:00,6.804488849999999,-16.77030875,1.3681855,-5.43630332982788
2024-07-11 16:00:00,12.989797316666667,-5.8656562,8.223233,-4.766564093705242
2024-07-11 16:30:00,13.570975066666668,6.495757283333333,15.816022,2.2450468525838208
2024-07-11 17:00:00,20.084595566666668,11.3837878,20.958733,0.8741370383138012
2024-07-11 17:30:00,28.46256663333333,10.346009416666666,23.969702,-4.492864866365558
2024-07-11 18:00:00,22.24028828333333,22.866776216666665,26.79745,4.557160828605145
2024-07-11 18:30:00,33.46193386666667,36.51002998333333,35.000893,1.538958772493487
2024-07-11 19:00:00,47.00251721666666,31.06861218333333,41.70541,-5.297107213004551
2024-07-11 19:30:00,48.53165728333334,39.69234625,45.655827,-2.8758307147298225
2024-07-11 20:00:00,51.79755158333333,42.00502343333333,44.279682,-7.517869423909502
2024-07-11 20:30:00,45.48859876666666,41.79696505,44.745075,-0.7435235408365841
2024-07-11 21:00:00,43.9324134,46.76267273333334,44.95732,1.024907766992186
2024-07-11 21:30:00,44.64118093333334,41.8436984,39.314312,-5.326868952132166
2024-07-11 22:00:00,44.28556881666666,43.67863488333333,40.656605,-3.628964049820958
2024-07-11 22:30:00,47.414267216666666,39.12624553333333,39.46247,-7.951796208365884
2024-07-11 23:00:00,46.958854,42.260556783333335,39.699368,-7.259486476806643
2024-07-11 23:30:00,43.65520286666666,39.75053606666666,39.087757,-4.56744575607096
2024-07-12 00:00:00,39.65023228333333,41.03184276666666,38.377464,-1.2727679888997372
2024-07-12 00:30:00,34.41725901666667,36.9739599,35.364025,0.9467660993001275
2024-07-12 01:00:00,37.89560218333333,36.94721821666666,34.860104,-3.0354985761555966
2024-07-12 01:30:00,34.64525,29.186582883333333,33.1284,-1.5168511047363253
2024-07-12 02:00:00,30.472737266666662,28.98551833333333,32.078106,1.6053686598470094
2024-07-12 02:30:00,33.5924779,34.54140446666667,33.05523,-0.5372487129882799
2024-07-12 03:00:00,39.4273285,34.90212605,34.81811,-4.609217080322267
2024-07-12 03:30:00,41.650638783333335,35.87227896666667,35.029926,-6.620712483284507
2024-07-12 04:00:00,43.79971895,34.988368566666665,34.4353,-9.364420030322265
2024-07-12 04:30:00,41.67589066666667,30.78300825,34.579937,-7.095953685465496
2024-07-12 05:00:00,32.7274379,34.52521611666666,34.470154,1.7427159085937518
2024-07-12 05:30:00,33.44242623333333,33.3942739,33.841183,0.3987564754069055
2024-07-12 06:00:00,30.8866862,35.05543451666667,34.075363,3.1886769591796877
2024-07-12 06:30:00,31.52554333333333,32.81197445,35.092216,3.5666731583658873
2024-07-12 07:00:00,36.71932613333333,34.91181556666667,35.97794,-0.7413865276204419
2024-07-12 07:30:00,50.20630616666667,39.0446183,40.44657,-9.759734816569015
2024-07-12 08:00:00,44.4732934,38.64701155,39.982533,-4.4907608987793
2024-07-12 08:30:00,36.0246227,47.12856273333333,38.079445,2.0548221852539044
2024-07-12 09:00:00,18.54994938333333,40.9061567,28.17412,9.62417056600749
2024-07-12 09:30:00,10.238895033333334,29.911536183333336,16.03474,5.795845414664713
2024-07-12 10:00:00,0.0487356333333333,20.330556,5.720694,5.671958431760661
2024-07-12 10:30:00,-9.408121616666667,15.2971911,-4.2400494,5.16807225448405
2024-07-12 11:00:00,-20.9985072,12.55724285,-14.209058,6.7894493920776355
2024-07-12 11:30:00,-21.722432933333334,9.7970789,-22.935043,-1.2126104016276038
2024-07-12 12:00:00,-31.64586115,-9.552794383333334,-26.85894,4.786921025488283
2024-07-12 12:30:00,-46.21500901666667,-12.62477005,-39.852585,6.3624241777994825
2024-07-12 13:00:00,-49.15635386666667,-6.948502866666668,-45.834152,3.3222016449869827
2024-07-12 13:30:00,-62.56569451666667,-2.043841250000001,-51.692074,10.873620694645183
2024-07-12 14:00:00,-67.01807338333333,6.619363316666667,-57.196186,9.821887317659503
2024-07-12 14:30:00,-55.957909666666666,7.742546116666666,-43.335934,12.621975981363931
2024-07-12 15:00:00,-35.15668845,0.4962438166666661,-32.25551,2.9011800271484347
2024-07-12 15:30:00,-17.363220916666666,6.804488849999999,-9.627308,7.735913024820963
2024-07-12 16:00:00,-0.9377940333333332,12.989797316666667,3.6196117,4.5574057734456375
2024-07-12 16:30:00,9.307504966666668,13.570975066666668,12.881997,3.5744921417928044
2024-07-12 17:00:00,13.137736666666669,20.084595566666668,18.459673,5.3219362611897765
2024-07-12 17:30:00,14.06479675,28.46256663333333,21.43616,7.3713623839111335
2024-07-12 18:00:00,20.788750616666665,22.24028828333333,24.898743,4.109992059114585
2024-07-12 18:30:00,19.591507583333332,33.46193386666667,29.982182,10.390673965738934
2024-07-12 19:00:00,21.96019981666667,47.00251721666666,33.723766,11.763566510237627
2024-07-12 19:30:00,36.462227766666665,48.53165728333334,39.912155,3.4499273847005227
2024-07-12 20:00:00,41.35156501666667,51.79755158333333,43.412415,2.060849534114581
2024-07-12 20:30:00,43.33671341666667,45.48859876666666,42.250813,-1.0859008861490906
2024-07-12 21:00:00,38.79943665,43.9324134,41.043633,2.2441958573242218
2024-07-12 21:30:00,32.498203466666666,44.64118093333334,40.46819,7.969985772835287
2024-07-12 22:00:00,33.13464308333334,44.28556881666666,38.44779,5.313145155192053
2024-07-12 22:30:00,30.55906561666667,47.414267216666666,39.453106,8.894040309847004
2024-07-12 23:00:00,31.739136116666668,46.958854,40.64678,8.907641990022785
2024-07-12 23:30:00,30.27973165,43.65520286666666,38.994442,8.714710336083986
2024-07-13 00:00:00,31.76390385,39.65023228333333,38.346092,6.582188374121095
2024-07-13 00:30:00,35.81140238333334,34.41725901666667,37.551456,1.740054068082678
2024-07-13 01:00:00,32.61969173333333,37.89560218333333,36.71122,4.091528054264323
2024-07-13 01:30:00,30.69270105,34.64525,34.288258,3.595556548876953
2024-07-13 02:00:00,31.287163966666668,30.472737266666662,30.8072,-0.47996448851725404
2024-07-13 02:30:00,30.159485516666667,33.5924779,33.451447,3.291961016536458
2024-07-13 03:00:00,33.570111616666665,39.4273285,34.82743,1.2573191084309912
2024-07-13 03:30:00,31.17223375,41.650638783333335,36.008152,4.83591825805664
2024-07-13 04:00:00,32.846837783333335,43.79971895,36.53703,3.690191483024087
2024-07-13 04:30:00,29.61417343333333,41.67589066666667,35.136883,5.522709348649091
2024-07-13 05:00:00,30.68207986666667,32.7274379,32.53225,1.8501695840169248
2024-07-13 05:30:00,31.598451616666665,33.44242623333333,32.98597,1.3875179267903661
2024-07-13 06:00:00,40.07267668333333,30.8866862,33.879272,-6.193404222395827
2024-07-13 06:30:00,38.66428508333333,31.52554333333333,35.35991,-3.304376025716145
2024-07-13 07:00:00,36.658697116666666,36.71932613333333,35.82392,-0.8347759130533845
2024-07-13 07:30:00,48.54698385,50.20630616666667,42.804493,-5.7424908995605435
2024-07-13 08:00:00,39.51894776666666,44.4732934,42.037903,2.5189550653645867
2024-07-13 08:30:00,24.96277545,36.0246227,36.24532,11.28254391645508
2024-07-13 09:00:00,21.16139783333333,18.54994938333333,24.928785,3.767387490763351
2024-07-13 09:30:00,17.9671162,10.238895033333334,17.387014,-0.5801018109619136
2024-07-13 10:00:00,6.224400500000001,0.0487356333333333,4.9016633,-1.3227371966247565
2024-07-13 10:30:00,-12.317969966666666,-9.408121616666667,-5.3761997,6.941770244376627
2024-07-13 11:00:00,-20.24283395,-20.9985072,-15.01038,5.232454158740236
2024-07-13 11:30:00,-34.11463681666667,-21.722432933333334,-29.084633,5.030003943131511
2024-07-13 12:00:00,-40.555239883333336,-31.64586115,-35.463535,5.091704574495445
2024-07-13 12:30:00,-48.70970546666666,-46.21500901666667,-47.791286,0.9184189981608029
2024-07-13 13:00:00,-52.91589389999999,-49.15635386666667,-46.382507,6.533386575781243
2024-07-13 13:30:00,-53.13615495,-62.56569451666667,-45.561028,7.575127423144529
2024-07-13 14:00:00,-35.706945483333335,-67.01807338333333,-44.48701,-8.780065472477212
2024-07-13 14:30:00,-39.605735683333336,-55.957909666666666,-35.758766,3.8469695090169296
2024-07-13 15:00:00,-30.706911566666665,-35.15668845,-28.66729,2.0396218327799467
2024-07-13 15:30:00,-17.031696683333333,-17.363220916666666,-12.885663,4.146033650801595
2024-07-13 16:00:00,4.716217666666666,-0.9377940333333332,2.5102022,-2.2060154972483312
2024-07-13 16:30:00,16.240345433333335,9.307504966666668,13.120688,-3.1196569949178077
2024-07-13 17:00:00,15.319567283333331,13.137736666666669,18.459515,3.1399473345865907
2024-07-13 17:30:00,17.93287056666667,14.06479675,21.604204,3.6713336111897767
2024-07-13 18:00:00,30.82071156666667,20.788750616666665,28.034662,-2.7860493199625687
2024-07-13 18:30:00,37.283986766666665,19.591507583333332,31.757978,-5.52600832733561
2024-07-13 19:00:00,38.168382783333335,21.96019981666667,35.61438,-2.5540029005208353
2024-07-13 19:30:00,45.52544605,36.462227766666665,44.29019,-1.2352543996093743
2024-07-13 20:00:00,48.836257233333335,41.35156501666667,47.272907,-1.5633499762532566
2024-07-13 20:30:00,48.51314396666667,43.33671341666667,47.3253,-1.187845657340496
2024-07-13 21:00:00,41.048396233333335,38.79943665,41.430588,0.3821915352213523
2024-07-13 21:30:00,33.8688971,32.498203466666666,37.45615,3.5872529549316425
2024-07-13 22:00:00,29.95411113333333,33.13464308333334,36.371563,6.417451824430341
2024-07-13 22:30:00,28.45407326666667,30.55906561666667,37.130936,8.676862402278644
2024-07-13 23:00:00,33.1393617,31.739136116666668,36.3964,3.257038751660154
2024-07-13 23:30:00,31.5134588,30.27973165,35.967228,4.453769135791017
2024-07-14 00:00:00,33.075897833333336,31.76390385,34.504013,1.4281152281901015
2024-07-14 00:30:00,32.01878715,35.81140238333334,34.444557,2.425770039941405
2024-07-14 01:00:00,30.71790785,32.61969173333333,34.679733,3.961825426367188
2024-07-14 01:30:00,30.3838451,30.69270105,31.967411,1.5835659412597671
2024-07-14 02:00:00,27.128609933333333,31.287163966666668,31.521162,4.392552099747721
2024-07-14 02:30:00,30.68063781666667,30.159485516666667,32.948284,2.2676463325032508
2024-07-14 03:00:00,32.08288771666667,33.570111616666665,34.340183,2.257295541389972
2024-07-14 03:30:00,33.85251815,31.17223375,33.271774,-0.5807438580078141
2024-07-14 04:00:00,32.976633316666664,32.846837783333335,34.942398,1.9657647546223984
2024-07-14 04:30:00,29.3574637,29.61417343333333,33.121735,3.7642709191406247
2024-07-14 05:00:00,32.04764213333333,30.68207986666667,33.071,1.023357012174479
2024-07-14 05:30:00,28.17443225,31.598451616666665,31.601694,3.427261857055665
2024-07-14 06:00:00,34.31641668333333,40.07267668333333,35.67854,1.3621225927897171
2024-07-14 06:30:00,41.31146,38.66428508333333,36.39424,-4.917218666992184
2024-07-14 07:00:00,41.727654433333335,36.658697116666666,36.750313,-4.9773416281575535
2024-07-14 07:30:00,41.24183106666667,48.54698385,42.699272,1.4574410890950489
2024-07-14 08:00:00,37.92501098333333,39.51894776666666,39.89257,1.967559512272139
2024-07-14 08:30:00,29.13635323333333,24.96277545,30.015171,0.8788178176920596
2024-07-14 09:00:00,30.894700516666664,21.16139783333333,23.916918,-6.977782715763343
2024-07-14 09:30:00,21.059184416666668,17.9671162,17.941423,-3.117761000528972
2024-07-14 10:00:00,4.526047116666668,6.224400500000001,5.4154434,0.8893963037434887
2024-07-14 10:30:00,-10.7550211,-12.317969966666666,-8.488817,2.26620388503418
2024-07-14 11:00:00,-13.930225016666668,-20.24283395,-13.67175,0.25847494800211734
2024-07-14 11:30:00,-25.743587716666667,-34.11463681666667,-29.181955,-3.438367620857747
2024-07-14 12:00:00,-39.42899118333333,-40.555239883333336,-37.383408,2.045583590559893
2024-07-14 12:30:00,-53.135958433333336,-48.70970546666666,-49.462704,3.6732547284993515
2024-07-14 13:00:00,-66.28316548333333,-52.91589389999999,-63.12296,3.160206346370444
2024-07-14 13:30:00,-58.123522183333336,-53.13615495,-55.23243,2.8910926789388043
2024-07-14 14:00:00,-52.08097933333334,-35.706945483333335,-49.025368,3.0556115965169326
2024-07-14 14:30:00,-45.33987738333334,-39.605735683333336,-42.777897,2.5619805022298223
2024-07-14 15:00:00,-24.2586084,-30.706911566666665,-27.065947,-2.8073381789794922
2024-07-14 15:30:00,-10.963155533333332,-17.031696683333333,-13.066105,-2.102949355582684
2024-07-14 16:00:00,4.155989466666667,4.716217666666666,5.299123,1.1431333436971025
2024-07-14 16:30:00,7.5732155,16.240345433333335,13.981027,6.407811149475098
2024-07-14 17:00:00,22.29713568333333,15.319567283333331,20.142555,-2.154580446516924
2024-07-14 17:30:00,27.133430583333336,17.93287056666667,23.379747,-3.7536831925862657
2024-07-14 18:00:00,32.57193435,30.82071156666667,27.756695,-4.8152395562988275
2024-07-14 18:30:00,41.87395326666667,37.283986766666665,34.30622,-7.567732258365886
2024-07-14 19:00:00,36.4140667,38.168382783333335,35.775925,-0.6381420173828118
2024-07-14 19:30:00,41.12044171666667,45.52544605,41.098793,-0.021648686881512447
2024-07-14 20:00:00,45.99546106666667,48.836257233333335,44.1523,-1.8431592783365929
2024-07-14 20:30:00,46.13004383333333,48.51314396666667,47.655655,1.5256110738932307
2024-07-14 21:00:00,43.84605485,41.048396233333335,42.530907,-1.3151481727539078
2024-07-14 21:30:00,41.08957295,33.8688971,39.180824,-1.908748670214841
2024-07-14 22:00:00,37.9248783,29.95411113333333,35.14916,-2.7757198222168
2024-07-14 22:30:00,38.901853816666666,28.45407326666667,34.580105,-4.3217489887858065
2024-07-14 23:00:00,35.10493721666667,33.1393617,35.510933,0.40599570569661125
2024-07-14 23:30:00,37.26615218333333,31.5134588,34.702164,-2.56398848704427
2024-07-15 00:00:00,39.90306373333333,33.075897833333336,36.10479,-3.7982739994466144
2024-07-15 00:30:00,35.53244778333333,32.01878715,35.753334,0.22088626207682438
2024-07-15 01:00:00,33.80344831666667,30.71790785,33.738274,-0.06517469606119874
2024-07-15 01:30:00,35.1428501,30.3838451,32.738865,-2.4039852013183562
2024-07-15 02:00:00,31.60174815,27.128609933333333,31.872921,0.27117283999023556
2024-07-15 02:30:00,31.554416216666667,30.68063781666667,32.497852,0.9434361087727865
2024-07-15 03:00:00,32.6739772,32.08288771666667,33.264606,0.5906292758300751
2024-07-15 03:30:00,35.78012505,33.85251815,34.156757,-1.6233676952636742
2024-07-15 04:00:00,39.59445891666667,32.976633316666664,35.395267,-4.199191430094402
2024-07-15 04:30:00,45.27425545,29.3574637,37.260956,-8.013299639453123
2024-07-15 05:00:00,44.3508328,32.04764213333333,35.114166,-9.236666540234374
2024-07-15 05:30:00,39.26248675,28.17443225,34.762413,-4.500073725097657
2024-07-15 06:00:00,44.695531716666665,34.31641668333333,37.954075,-6.741456857047524
2024-07-15 06:30:00,51.380573266666666,41.31146,43.320953,-8.05961989752604
2024-07-15 07:00:00,50.16590235,41.727654433333335,45.308853,-4.857049200585941
2024-07-15 07:30:00,56.33560785,41.24183106666667,49.805466,-6.530142151757815
2024-07-15 08:00:00,60.16590613333333,37.92501098333333,44.533115,-15.63279074637044
2024-07-15 08:30:00,45.26352608333334,29.13635323333333,37.88164,-7.381884695393886
2024-07-15 09:00:00,31.98783391666667,30.894700516666664,33.645157,1.6573229436848926
2024-07-15 09:30:00,19.894562233333332,21.059184416666668,23.676813,3.7822508922770197
2024-07-15 10:00:00,8.263230966666667,4.526047116666668,7.6949983,-0.5682327023539226
2024-07-15 10:30:00,-5.044802733333333,-10.7550211,-7.663423,-2.618620328037516
2024-07-15 11:00:00,-14.804655066666667,-13.930225016666668,-15.588913,-0.7842578972005203
2024-07-15 11:30:00,-33.80412328333333,-25.743587716666667,-31.49794,2.30618321985677
2024-07-15 12:00:00,-31.815258916666664,-39.42899118333333,-32.402145,-0.5868864690755231
2024-07-15 12:30:00,-34.229640100000005,-53.135958433333336,-38.27161,-4.041970160009761
2024-07-15 13:00:00,-42.271322233333336,-66.28316548333333,-43.27067,-0.9993496111490856
2024-07-15 13:30:00,-38.293531,-58.123522183333336,-41.88153,-3.5879997617187485
2024-07-15 14:00:00,-37.9300083,-52.08097933333334,-39.86178,-1.9317699592773465
2024-07-15 14:30:00,-34.153188566666664,-45.33987738333334,-30.107216,4.045972685319008
2024-07-15 15:00:00,-12.9201338,-24.2586084,-8.96542,3.954714030712891
2024-07-15 15:30:00,19.840560016666668,-10.963155533333332,6.1307697,-13.70979028705241
2024-07-15 16:00:00,34.73277181666666,4.155989466666667,21.127644,-13.605128231461585
2024-07-15 16:30:00,40.43015725,7.5732155,25.064455,-15.365702217651368
2024-07-15 17:00:00,39.9877438,22.29713568333333,30.260504,-9.727240031079099
2024-07-15 17:30:00,41.50051221666666,27.133430583333336,34.19819,-7.302323434928375
2024-07-15 18:00:00,44.33932433333334,32.57193435,38.7478,-5.591525413655603
2024-07-15 18:30:00,51.93199053333333,41.87395326666667,48.541702,-3.390288262825514
2024-07-15 19:00:00,63.5301334,36.4140667,52.594044,-10.936089668310544
2024-07-15 19:30:00,59.67048255,41.12044171666667,54.134834,-5.535648260449221
2024-07-15 20:00:00,60.63271886666666,45.99546106666667,52.746902,-7.885816400846345
2024-07-15 20:30:00,52.68391161666667,46.13004383333333,50.987072,-1.696839625699873
2024-07-15 21:00:00,52.095553816666666,43.84605485,49.175785,-2.9197687519694
2024-07-15 21:30:00,49.08266165,41.08957295,44.58614,-4.4965219710449205
2024-07-15 22:00:00,47.11271941666666,37.9248783,38.776455,-8.336264491129548
2024-07-15 22:30:00,39.65736391666667,38.901853816666666,38.893692,-0.7636719000651055
2024-07-15 23:00:00,38.69570446666666,35.10493721666667,37.000362,-1.6953420704264275
2024-07-15 23:30:00,38.94612228333333,37.26615218333333,36.68521,-2.260911101692706
2024-07-16 00:00:00,32.88171723333333,39.90306373333333,35.83774,2.9560246184733074
2024-07-16 00:30:00,31.09438945,35.53244778333333,34.579254,3.4848647003906237
2024-07-16 01:00:00,30.581483316666667,33.80344831666667,33.816822,3.2353387353352865
2024-07-16 01:30:00,30.5147372,35.1428501,31.15495,0.6402119882324229
2024-07-16 02:00:00,31.05088935,31.60174815,31.486097,0.4352079858154312
2024-07-16 02:30:00,31.882812866666665,31.554416216666667,32.455673,0.5728603511067725
2024-07-16 03:00:00,29.77766173333333,32.6739772,33.22767,3.450007028873703
2024-07-16 03:30:00,30.08133273333333,35.78012505,33.258453,3.177120635807295
2024-07-16 04:00:00,26.88266983333333,39.59445891666667,34.909367,8.026696774332684
2024-07-16 04:30:00,29.683207633333332,45.27425545,37.251045,7.567837593717449
2024-07-16 05:00:00,29.5880177,44.3508328,36.247467,6.659449341015623
2024-07-16 05:30:00,29.342682216666663,39.26248675,35.36671,6.024028446175134
2024-07-16 06:00:00,43.624560566666666,44.695531716666665,38.887897,-4.736663075211588
2024-07-16 06:30:00,47.85422838333333,51.380573266666666,44.480072,-3.3741563618489536
2024-07-16 07:00:00,52.43301881666667,50.16590235,47.638565,-4.794453753190105
2024-07-16 07:30:00,49.57971835,56.33560785,49.975937,0.39621853964843723
2024-07-16 08:00:00,50.34376178333334,60.16590613333333,51.08373,0.7399670069498612
2024-07-16 08:30:00,46.64618393333333,45.26352608333334,46.637238,-0.008946384505208016
2024-07-16 09:00:00,33.666495516666664,31.98783391666667,34.173153,0.50665740691732
2024-07-16 09:30:00,26.9137373,19.894562233333332,26.927156,0.013419148364256728
2024-07-16 10:00:00,6.426582233333334,8.263230966666667,9.424407,2.997824771976725
2024-07-16 10:30:00,9.35851565,-5.044802733333333,3.4816298,-5.876885801519775
2024-07-16 11:00:00,-8.419019516666667,-14.804655066666667,-11.330401,-2.9113819039265945
2024-07-16 11:30:00,-14.77808625,-33.80412328333333,-24.29598,-9.517894203491212
2024-07-16 12:00:00,-22.612977816666668,-31.815258916666664,-25.06865,-2.45567147532552
2024-07-16 12:30:00,-31.586361616666665,-34.229640100000005,-31.985727,-0.39936569351399953
2024-07-16 13:00:00,-31.474307733333333,-42.271322233333336,-33.149525,-1.67521695538737
2024-07-16 13:30:00,-23.1326095,-38.293531,-26.24801,-3.1154011353759756
2024-07-16 14:00:00,-12.30163945,-37.9300083,-18.086622,-5.78498278815918
2024-07-16 14:30:00,-10.598746716666666,-34.153188566666664,-15.620046,-5.021298945259604
2024-07-16 15:00:00,-7.547263466666667,-12.9201338,-12.396194,-4.848930991341145
2024-07-16 15:30:00,2.276224533333333,19.840560016666668,1.9274415,-0.34878305555775935
2024-07-16 16:00:00,18.4044118,34.73277181666666,12.538199,-5.866212375256346
2024-07-16 16:30:00,27.83310111666667,40.43015725,27.27152,-0.561580502042645
2024-07-16 17:00:00,35.90171336666666,39.9877438,32.143734,-3.757979388395178
2024-07-16 17:30:00,36.016227216666664,41.50051221666666,34.107,-1.9092287730631483
2024-07-16 18:00:00,32.44029895,44.33932433333334,33.50647,1.066170776562501
2024-07-16 18:30:00,39.2799924,51.93199053333333,41.052803,1.7728106395507837
2024-07-16 19:00:00,40.56279056666667,63.5301334,45.315655,4.752864187972001
2024-07-16 19:30:00,52.92752051666667,59.67048255,48.962467,-3.9650533230631524
2024-07-16 20:00:00,53.20946511666667,60.63271886666666,49.85109,-3.3583756391276083
2024-07-16 20:30:00,54.97061598333334,52.68391161666667,51.25428,-3.7163358930013075
2024-07-16 21:00:00,50.66006646666667,52.095553816666666,48.667374,-1.9926928094401077
2024-07-16 21:30:00,48.217068366666666,49.08266165,47.20825,-1.0088202282389318
2024-07-16 22:00:00,55.9349622,47.11271941666666,48.278534,-7.656428264453126
2024-07-16 22:30:00,46.3731306,39.65736391666667,43.36002,-3.0131109161621126
2024-07-16 23:00:00,44.87600888333333,38.69570446666666,41.42669,-3.4493197353841083
2024-07-16 23:30:00,43.30185175,38.94612228333333,38.62588,-4.675970554931638
2024-07-17 00:00:00,43.78245596666667,32.88171723333333,38.88948,-4.892975375846355
2024-07-17 00:30:00,39.95300951666667,31.09438945,36.773457,-3.17955294318034
2024-07-17 01:00:00,34.1862028,30.581483316666667,34.602367,0.4161646011230502
2024-07-17 01:30:00,33.266712266666666,30.5147372,33.046143,-0.2205696885416657
2024-07-17 02:00:00,32.16874106666666,31.05088935,33.159134,0.9903928444661503
2024-07-17 02:30:00,33.026159416666665,31.882812866666665,33.513287,0.48712717390950644
2024-07-17 03:00:00,23.16912448333333,29.77766173333333,31.203579,8.034454465641279
2024-07-17 03:30:00,23.271646216666667,30.08133273333333,29.890133,6.618486687386067
2024-07-17 04:00:00,28.62220815,26.88266983333333,31.06236,2.440152613549806
2024-07-17 04:30:00,26.758577216666662,29.683207633333332,31.60348,4.844902168709314
2024-07-17 05:00:00,28.257121100000003,29.5880177,32.408676,4.151555047460935
2024-07-17 05:30:00,29.567406216666665,29.342682216666663,33.71447,4.147063693001304
2024-07-17 06:00:00,42.893214916666665,43.624560566666666,40.25039,-2.642825817545571
2024-07-17 06:30:00,54.56153215,47.85422838333333,46.2002,-8.361333022802732
2024-07-17 07:00:00,50.37895595,52.43301881666667,46.974445,-3.40451060698242
2024-07-17 07:30:00,44.0854472,49.57971835,47.22695,3.1415043991210965
2024-07-17 08:00:00,46.46230501666667,50.34376178333334,47.348305,0.8859997318684876
2024-07-17 08:30:00,37.366057016666666,46.64618393333333,41.408054,4.041997335139975
2024-07-17 09:00:00,30.14431243333333,33.666495516666664,27.31078,-2.8335328618001263
2024-07-17 09:30:00,24.043748816666664,26.9137373,21.839087,-2.2046622840738905
2024-07-17 10:00:00,-1.0394004499999996,6.426582233333334,4.740536,5.779936662921142
2024-07-17 10:30:00,-5.989484433333335,9.35851565,-3.2576191,2.731865290800986
2024-07-17 11:00:00,-10.670277816666667,-8.419019516666667,-14.134752,-3.464474456892903
2024-07-17 11:30:00,-24.87793445,-14.77808625,-27.69239,-2.8144559918945298
2024-07-17 12:00:00,-30.989412166666664,-22.612977816666668,-29.410608,1.5788038750406876
2024-07-17 12:30:00,-36.1589962,-31.586361616666665,-31.499113,4.659883117114255
2024-07-17 13:00:00,-32.79481723333333,-31.474307733333333,-34.37909,-1.5842721221354168
2024-07-17 13:30:00,-26.232626083333333,-23.1326095,-28.297575,-2.0649489136149093
2024-07-17 14:00:00,-18.352318933333333,-12.30163945,-25.589489,-7.237170049820964
2024-07-17 14:30:00,-19.188797216666668,-10.598746716666666,-23.761578,-4.572780389534504
2024-07-17 15:00:00,-16.54789325,-7.547263466666667,-20.324299,-3.776405608642577
2024-07-17 15:30:00,-0.2084256666666662,2.276224533333333,-4.7864404,-4.578014705800375
2024-07-17 16:00:00,8.386747716666667,18.4044118,10.222603,1.8358551275716142
2024-07-17 16:30:00,20.840121633333336,27.83310111666667,19.227589,-1.6125329797688828
2024-07-17 17:00:00,24.734090566666666,35.90171336666666,29.504631,4.770540475813803
2024-07-17 17:30:00,27.92096845,36.016227216666664,31.126888,3.205919825146484
2024-07-17 18:00:00,34.04306735,32.44029895,35.979324,1.9362569908203113
2024-07-17 18:30:00,44.53471668333333,39.2799924,41.729294,-2.8054228600911415
2024-07-17 19:00:00,47.07424286666666,40.56279056666667,45.137978,-1.936265266569002
2024-07-17 19:30:00,46.54185935,52.92752051666667,48.934574,2.3927147771972628
2024-07-17 20:00:00,45.92996165,53.20946511666667,49.91225,3.9822888687988254
2024-07-17 20:30:00,50.55131615,54.97061598333334,51.458233,0.9069167296386738
2024-07-17 21:00:00,49.33722286666667,50.66006646666667,50.824047,1.4868242219563754
2024-07-17 21:30:00,52.89456345,48.217068366666666,50.26616,-2.628404392382812
2024-07-17 22:00:00,51.39942115,55.9349622,48.678192,-2.721229011328127
2024-07-17 22:30:00,41.764903933333336,46.3731306,45.143383,3.3784790927897106
2024-07-17 23:00:00,42.324398216666665,44.87600888333333,44.266666,1.9422681956868502
2024-07-17 23:30:00,45.34842268333333,43.30185175,43.413025,-1.9353977809895824
2024-07-18 00:00:00,44.99970998333333,43.78245596666667,43.84426,-1.1554488138997385
2024-07-18 00:30:00,39.00048905,39.95300951666667,40.14778,1.1472923220703137
2024-07-18 01:00:00,40.25509426666667,34.1862028,38.1823,-2.072793699039714
2024-07-18 01:30:00,39.596785116666666,33.266712266666666,35.70559,-3.8911958222330725
2024-07-18 02:00:00,36.752161566666665,32.16874106666666,33.107178,-3.644983832291665
2024-07-18 02:30:00,38.94059498333333,33.026159416666665,34.32593,-4.614663434261061
2024-07-18 03:00:00,34.65669206666667,23.16912448333333,29.611795,-5.044896641251633
2024-07-18 03:30:00,30.24172115,23.271646216666667,29.894644,-0.3470773664306641
2024-07-18 04:00:00,37.42294705,28.62220815,33.892727,-3.5302201518066383
2024-07-18 04:30:00,43.5723749,26.758577216666662,33.723404,-9.848970969335937
2024-07-18 05:00:00,41.8931784,28.257121100000003,33.10827,-8.784909662207028
2024-07-18 05:30:00,32.14719276666667,29.567406216666665,34.235645,2.088452527522783
2024-07-18 06:00:00,43.037400983333335,42.893214916666665,40.026543,-3.010858319759116
2024-07-18 06:30:00,52.60129935,54.56153215,47.973213,-4.628086154199217
2024-07-18 07:00:00,45.66568891666666,50.37895595,48.23647,2.570780352132168
2024-07-18 07:30:00,48.92330668333333,44.0854472,48.413193,-0.5101139343098922
2024-07-18 08:00:00,49.86015836666667,46.46230501666667,48.971066,-0.8890928454264326
2024-07-18 08:30:00,36.7065624,37.366057016666666,38.66401,1.9574466942382784
2024-07-18 09:00:00,24.22984898333333,30.14431243333333,31.23187,7.002021667911787
2024-07-18 09:30:00,22.0570384,24.043748816666664,22.870886,0.8138474489990237
2024-07-18 10:00:00,-6.12219335,-1.0394004499999996,0.0076996684,6.12989301840744
2024-07-18 10:30:00,-13.682222683333334,-5.989484433333335,-10.8512,2.8310225795735686
2024-07-18 11:00:00,-33.34157011666667,-10.670277816666667,-26.60852,6.7330496088541665
2024-07-18 11:30:00,-37.31082825,-24.87793445,-33.376812,3.9340162687988283
2024-07-18 12:00:00,-35.5645807,-30.989412166666664,-34.530956,1.0336244316894536
2024-07-18 12:30:00,-41.15038215,-36.1589962,-41.846912,-0.6965302340332045
2024-07-18 13:00:00,-43.11632273333333,-32.79481723333333,-42.15583,0.9604923500325455
2024-07-18 13:30:00,-40.74875493333334,-26.232626083333333,-39.880417,0.8683380632161501
2024-07-18 14:00:00,-33.44746276666667,-18.352318933333333,-36.491535,-3.0440724201009104
2024-07-18 14:30:00,-32.210033466666665,-19.188797216666668,-30.132862,2.0771713756022123
2024-07-18 15:00:00,-20.614118366666663,-16.54789325,-16.550476,4.063642292447913
2024-07-18 15:30:00,-2.781896716666667,-0.2084256666666662,-1.3105243,1.4713723722223921
2024-07-18 16:00:00,5.243690033333333,8.386747716666667,10.54879,5.30509994469401
2024-07-18 16:30:00,13.549552866666666,20.840121633333336,18.31229,4.762737324983725
2024-07-18 17:00:00,16.2447523,24.734090566666666,20.204353,3.959601032519533
2024-07-18 17:30:00,27.21186715,27.92096845,29.248451,2.0365840829101565
2024-07-18 18:00:00,31.12531285,34.04306735,32.44519,1.3198775796874997
2024-07-18 18:30:00,40.121091,44.53471668333333,42.278534,2.157442935546875
2024-07-18 19:00:00,38.640128833333335,47.07424286666666,43.965065,5.324936169108071
2024-07-18 19:30:00,50.29736326666667,46.54185935,47.603416,-2.693946823795578
2024-07-18 20:00:00,47.797310583333335,45.92996165,49.359276,1.5619652345377588
2024-07-18 20:30:00,61.81886945,50.55131615,52.537907,-9.280962803271485
2024-07-18 21:00:00,50.1514656,49.33722286666667,49.806137,-0.34532851503906414
2024-07-18 21:30:00,45.68925285,52.89456345,49.460617,3.771364215429685
2024-07-18 22:00:00,47.57460498333333,51.39942115,48.586464,1.011858944889326
2024-07-18 22:30:00,41.227906716666666,41.764903933333336,46.008102,4.780195700325521
2024-07-18 23:00:00,38.98107623333333,42.324398216666665,42.16111,3.1800336909830733
2024-07-18 23:30:00,35.58021725,45.34842268333333,40.479523,4.899305455078128
2024-07-19 00:00:00,40.25414886666667,44.99970998333333,42.240707,1.9865585307942695
2024-07-19 00:30:00,35.13502101666666,39.00048905,39.283382,4.148361399104822
2024-07-19 01:00:00,34.365887683333334,40.25509426666667,36.794914,2.429026562272135
2024-07-19 01:30:00,31.08292218333333,39.596785116666666,34.1264,3.0434778105631537
2024-07-19 02:00:00,24.98635853333333,36.752161566666665,32.669086,7.682727922965498
2024-07-19 02:30:00,29.067000466666663,38.94059498333333,32.08103,3.0140313326497434
2024-07-19 03:00:00,28.390816666666662,34.65669206666667,31.960266,3.5694494466145876
2024-07-19 03:30:00,29.04698875,30.24172115,31.883518,2.83652946899414
2024-07-19 04:00:00,35.55625653333333,37.42294705,33.385735,-2.1705219752278637
2024-07-19 04:30:00,35.835891716666666,43.5723749,36.200726,0.36483383875325615
2024-07-19 05:00:00,32.63029998333334,41.8931784,34.989124,2.3588243147623658
2024-07-19 05:30:00,32.88013165,32.14719276666667,33.805588,0.9254561185546848
2024-07-19 06:00:00,42.84371238333333,43.037400983333335,41.29974,-1.5439725456868487
2024-07-19 06:30:00,47.9534589,52.60129935,45.473988,-2.479471320654298
2024-07-19 07:00:00,44.81163626666668,45.66568891666666,45.872078,1.0604416752278496
2024-07-19 07:30:00,42.77489883333333,48.92330668333333,46.427402,3.652503663004559
2024-07-19 08:00:00,46.869430533333336,49.86015836666667,48.8339,1.9644699183268202
2024-07-19 08:30:00,48.22535883333333,36.7065624,41.204155,-7.021203865071612
2024-07-19 09:00:00,41.12113613333333,24.22984898333333,33.901703,-7.219433252473955
2024-07-19 09:30:00,29.19728673333333,22.0570384,26.141684,-3.0556031548421174
2024-07-19 10:00:00,12.407450633333331,-6.12219335,7.183352,-5.22409863977254
2024-07-19 10:30:00,5.599382816666666,-13.682222683333334,-0.5408666,-6.140249430054728
2024-07-19 11:00:00,-2.4983604333333336,-33.34157011666667,-10.891716,-8.393355570084635
2024-07-19 11:30:00,-11.9848115,-37.31082825,-16.982002,-4.997190758300782
2024-07-19 12:00:00,-12.690999433333332,-35.5645807,-18.323969,-5.63296945399577
2024-07-19 12:30:00,-16.959956666666667,-41.15038215,-29.4365,-12.47654388264974
2024-07-19 13:00:00,-34.07910385,-43.11632273333333,-37.064716,-2.9856124891113254
2024-07-19 13:30:00,-14.896417283333337,-40.74875493333334,-24.09279,-9.196373320304359
2024-07-19 14:00:00,7.458743299999999,-33.44746276666667,-3.4725108,-10.931254114666746
2024-07-19 14:30:00,12.1822721,-32.210033466666665,3.8800502,-8.302221917657471
2024-07-19 15:00:00,17.36266445,-20.614118366666663,11.351286,-6.011378515551758
2024-07-19 15:30:00,19.26145998333333,-2.781896716666667,14.609449,-4.652010596736652
2024-07-19 16:00:00,32.2248629,5.243690033333333,21.468376,-10.75648674033203
2024-07-19 16:30:00,36.35531325,13.549552866666666,26.689655,-9.665657946044924
2024-07-19 17:00:00,42.16533343333333,16.2447523,32.836193,-9.329140348616534
2024-07-19 17:30:00,56.78501495,27.21186715,43.29337,-13.491645656787107
2024-07-19 18:00:00,59.08896493333333,31.12531285,50.147484,-8.941481107649736
2024-07-19 18:30:00,69.76032275,40.121091,59.11856,-10.641761958984375
2024-07-19 19:00:00,67.57818775,38.640128833333335,56.01955,-11.55863742651367
2024-07-19 19:30:00,64.06685713333333,50.29736326666667,54.584087,-9.482769761507157
2024-07-19 20:00:00,60.764987366666666,47.797310583333335,53.12634,-7.638648407926432
2024-07-19 20:30:00,52.93434381666666,61.81886945,50.21973,-2.714613439469396
2024-07-19 21:00:00,50.3336728,50.1514656,50.274117,-0.05955628388672096
2024-07-19 21:30:00,54.2835,45.68925285,49.161194,-5.1223061523437465
2024-07-19 22:00:00,57.48771223333333,47.57460498333333,46.93246,-10.555251448421224
2024-07-19 22:30:00,50.32715941666667,41.227906716666666,43.266014,-7.061145317545574
2024-07-19 23:00:00,51.95359891666666,38.98107623333333,43.159893,-8.793705880777985
2024-07-19 23:30:00,46.40812618333333,35.58021725,41.382404,-5.025721855940752
2024-07-20 00:00:00,37.17907893333334,40.25414886666667,38.975975,1.7968961032877573
2024-07-20 00:30:00,34.598926283333334,35.13502101666666,36.41382,1.8148920760416658
2024-07-20 01:00:00,34.51789168333334,34.365887683333334,35.37438,0.8564865210123642
2024-07-20 01:30:00,31.97076488333333,31.08292218333333,32.77952,0.8087532441080754
2024-07-20 02:00:00,27.10366888333333,24.98635853333333,29.762106,2.65843705843913
2024-07-20 02:30:00,29.048552266666665,29.067000466666663,31.041842,1.9932892402913431
2024-07-20 03:00:00,32.11444183333333,28.390816666666662,31.92573,-0.18871208174641652
2024-07-20 03:30:00,29.913330416666668,29.04698875,31.041517,1.128186841023762
2024-07-20 04:00:00,35.48794843333334,35.55625653333333,33.53074,-1.9572096027669303
2024-07-20 04:30:00,28.2651956,35.835891716666666,30.697191,2.431995638403322
2024-07-20 05:00:00,28.222852366666668,32.63029998333334,32.851913,4.629061085481769
2024-07-20 05:30:00,33.325264616666665,32.88013165,33.323685,-0.001579924283852563
2024-07-20 06:00:00,42.0428033,42.84371238333333,40.58593,-1.456873429394534
2024-07-20 06:30:00,46.36410453333334,47.9534589,46.08953,-0.2745735885091207
2024-07-20 07:00:00,42.67391325,44.81163626666668,43.777958,1.1040446662597674
2024-07-20 07:30:00,38.83183,42.77489883333333,42.31269,3.4808607348632847
2024-07-20 08:00:00,35.30229611666667,46.869430533333336,39.88804,4.585742518587239
2024-07-20 08:30:00,36.6060284,48.22535883333333,36.064617,-0.5414112430175777
2024-07-20 09:00:00,34.315509383333335,41.12113613333333,34.99675,0.6812404945963522
2024-07-20 09:30:00,21.423117766666667,29.19728673333333,20.381159,-1.0419589379313159
2024-07-20 10:00:00,19.010792783333333,12.407450633333331,10.734048,-8.27674489362386
2024-07-20 10:30:00,9.793873916666666,5.599382816666666,5.073254,-4.720619808237711
2024-07-20 11:00:00,1.7203222666666669,-2.4983604333333336,-3.304341,-5.024663344471232
2024-07-20 11:30:00,-8.541270516666666,-11.9848115,-14.495317,-5.9540469424397795
2024-07-20 12:00:00,-22.44146453333333,-12.690999433333332,-27.814117,-5.372652898307294
2024-07-20 12:30:00,-39.236809,-16.959956666666667,-40.93887,-1.7020604763183584
2024-07-20 13:00:00,-45.29334841666667,-34.07910385,-48.04339,-2.7500399500325514
2024-07-20 13:30:00,-40.4265535,-14.896417283333337,-41.11583,-0.6892759677734404
2024-07-20 14:00:00,-22.71654931666667,7.458743299999999,-25.017904,-2.3013549649495424
2024-07-20 14:30:00,-22.7395843,12.1822721,-22.302204,0.4373801679199225
2024-07-20 15:00:00,-13.746677150000002,17.36266445,-9.836346,3.91033147739258
2024-07-20 15:30:00,-2.890893783333333,19.26145998333333,0.53362423,3.424518015148671
2024-07-20 16:00:00,14.130473216666667,32.2248629,17.222822,3.0923489726643876
2024-07-20 16:30:00,36.65257126666666,36.35531325,31.198715,-5.453856056705725
2024-07-20 17:00:00,43.94291901666667,42.16533343333333,35.498993,-8.443926096744796
2024-07-20 17:30:00,44.57034671666667,56.78501495,37.81636,-6.753986243033857
2024-07-20 18:00:00,53.98805488333333,59.08896493333333,45.80839,-8.179663312288405
2024-07-20 18:30:00,51.41278941666667,69.76032275,49.478775,-1.9340143922526067
2024-07-20 19:00:00,52.46059775,67.57818775,51.523598,-0.9370000327148418
2024-07-20 19:30:00,55.340873433333336,64.06685713333333,52.483864,-2.8570096027669294
2024-07-20 20:00:00,51.80650045000001,60.764987366666666,51.736614,-0.06988622270508671
2024-07-20 20:30:00,50.97264956666667,52.93434381666666,52.880783,1.9081335143880196
2024-07-20 21:00:00,62.24955111666667,50.3336728,58.058636,-4.190915404996751
2024-07-20 21:30:00,59.53672493333334,54.2835,55.642174,-3.8945511662434953
2024-07-20 22:00:00,51.202979983333336,57.48771223333333,49.892597,-1.3103827848470075
2024-07-20 22:30:00,47.10367051666666,50.32715941666667,49.519066,2.415395340266933
2024-07-20 23:00:00,45.24680113333333,51.95359891666666,48.758472,3.511671309293625
2024-07-20 23:30:00,40.683728433333336,46.40812618333333,41.60723,0.923502706803383
2024-07-21 00:00:00,39.48332726666666,37.17907893333334,40.62001,1.1366831093098995
2024-07-21 00:30:00,36.5794345,34.598926283333334,37.104824,0.5253895661621115
2024-07-21 01:00:00,33.072804483333336,34.51789168333334,34.88931,1.8165044461100237
2024-07-21 01:30:00,33.56927551666667,31.97076488333333,33.205498,-0.36377777496745267
2024-07-21 02:00:00,30.86498725,27.10366888333333,31.036594,0.17160714086914197
2024-07-21 02:30:00,32.10753231666667,29.048552266666665,30.500717,-1.6068151535807331
2024-07-21 03:00:00,27.52711165,32.11444183333333,29.255175,1.728062986840822
2024-07-21 03:30:00,30.572676666666663,29.913330416666668,28.82708,-1.745596893717444
2024-07-21 04:00:00,28.857968266666663,35.48794843333334,31.401278,2.5433092754475943
2024-07-21 04:30:00,27.92940503333333,28.2651956,29.853199,1.9237939717936214
2024-07-21 05:00:00,31.137954566666664,28.222852366666668,31.01224,-0.12571511048990658
2024-07-21 05:30:00,28.60973551666667,33.325264616666665,32.740196,4.130460711360673
2024-07-21 06:00:00,40.33738456666666,42.0428033,40.289303,-0.04808174073892246
2024-07-21 06:30:00,53.1784206,46.36410453333334,45.67738,-7.501040991845706
2024-07-21 07:00:00,49.58463776666667,42.67391325,46.66244,-2.9221965130045575
2024-07-21 07:30:00,39.1055944,38.83183,42.289417,3.183822866845702
2024-07-21 08:00:00,31.360586666666663,35.30229611666667,36.304096,4.943509555257165
2024-07-21 08:30:00,27.595969916666665,36.6060284,33.705086,6.109115837727867
2024-07-21 09:00:00,35.50601515,34.315509383333335,35.233444,-0.2725709361328157
2024-07-21 09:30:00,16.559511616666665,21.423117766666667,17.39396,0.8344493360921241
2024-07-21 10:00:00,-8.7671656,19.010792783333333,-6.341546,2.425619541345215
2024-07-21 10:30:00,-19.74280735,9.793873916666666,-16.465378,3.277429542382812
2024-07-21 11:00:00,-26.41328328333333,1.7203222666666669,-26.313307,0.09997647486165206
2024-07-21 11:30:00,-32.08655948333333,-8.541270516666666,-31.378195,0.7083646743733709
2024-07-21 12:00:00,-37.53875116666666,-22.44146453333333,-42.80674,-5.267988640462249
2024-07-21 12:30:00,-55.73792445,-39.236809,-56.26136,-0.52343571845703
2024-07-21 13:00:00,-63.89354320000001,-45.29334841666667,-58.72464,5.1689033074218855
2024-07-21 13:30:00,-58.4216605,-40.4265535,-55.896492,2.5251684956054703
2024-07-21 14:00:00,-41.0636916,-22.71654931666667,-43.543053,-2.4793610733398452
2024-07-21 14:30:00,-25.53078766666667,-22.7395843,-28.170412,-2.639624396931964
2024-07-21 15:00:00,-14.580246133333333,-13.746677150000002,-14.767863,-0.18761714028727283
2024-07-21 15:30:00,10.316138883333332,-2.890893783333333,2.9865105,-7.32962836812032
2024-07-21 16:00:00,22.1748832,14.130473216666667,15.723502,-6.451381040881348
2024-07-21 16:30:00,34.278249566666666,36.65257126666666,27.053867,-7.224382226578776
2024-07-21 17:00:00,40.49738846666667,43.94291901666667,36.85475,-3.642636879752608
2024-07-21 17:30:00,44.609557800000005,44.57034671666667,40.396214,-4.213344268505864
2024-07-21 18:00:00,47.88664226666666,53.98805488333333,45.28211,-2.6045339597818966
2024-07-21 18:30:00,45.95513281666666,51.41278941666667,46.92726,0.9721285358724003
2024-07-21 19:00:00,51.3385605,52.46059775,48.04238,-3.296179213378906
2024-07-21 19:30:00,47.65075221666666,55.340873433333336,49.709156,2.0584038197102927
2024-07-21 20:00:00,48.48930785,51.80650045000001,48.971264,0.4819560354980439
2024-07-21 20:30:00,43.36138928333333,50.97264956666667,48.205925,4.844535704459638
2024-07-21 21:00:00,43.31898995,62.24955111666667,46.127987,2.808996957958982
2024-07-21 21:30:00,41.38392666666667,59.53672493333334,46.098186,4.7142598262532545
2024-07-21 22:00:00,44.99508663333333,51.202979983333336,46.8075,1.8124122985514362
2024-07-21 22:30:00,45.66547315,47.10367051666666,43.538567,-2.126906560644528
2024-07-21 23:00:00,46.149642766666666,45.24680113333333,43.424572,-2.7250707756998693
2024-07-21 23:30:00,43.08176601666667,40.683728433333336,41.488697,-1.5930689646647167
2024-07-22 00:00:00,38.448723666666666,39.48332726666666,40.023994,1.5752707791341152
2024-07-22 00:30:00,33.676985566666666,36.5794345,36.332478,2.6554920029134124
2024-07-22 01:00:00,33.20311723333333,33.072804483333336,34.427494,1.2243768157389354
2024-07-22 01:30:00,32.956417800000004,33.56927551666667,33.8719,0.9154808511230428
2024-07-22 02:00:00,30.47907566666667,30.86498725,32.41994,1.940865281819658
2024-07-22 02:30:00,29.698643416666663,32.10753231666667,32.22623,2.527587204671228
2024-07-22 03:00:00,24.709870566666662,27.52711165,30.859074,6.149203072249353
2024-07-22 03:30:00,26.084913616666668,30.572676666666663,29.918795,3.8338810152913396
2024-07-22 04:00:00,24.9714917,28.857968266666663,30.660192,5.688700789624022
2024-07-22 04:30:00,30.905966700000004,27.92940503333333,33.147297,2.241330205517574
2024-07-22 05:00:00,34.71148288333333,31.137954566666664,36.257835,1.5463525048502618
2024-07-22 05:30:00,29.63794,28.60973551666667,34.08346,4.445521761474609
2024-07-22 06:00:00,37.89312666666667,40.33738456666666,41.637455,3.7443283199055983
2024-07-22 06:30:00,34.4287099,53.1784206,42.986515,8.557805145166014
2024-07-22 07:00:00,44.36258161666667,49.58463776666667,49.104847,4.7422653376790365
2024-07-22 07:30:00,48.53346608333334,39.1055944,48.438766,-0.09469960384114984
2024-07-22 08:00:00,56.59565268333333,31.360586666666663,50.45169,-6.143962009505202
2024-07-22 08:30:00,54.354556083333335,27.595969916666665,45.771946,-8.582610129964195
2024-07-22 09:00:00,32.51387008333334,35.50601515,31.630339,-0.8835314145100952
2024-07-22 09:30:00,14.100277683333331,16.559511616666665,13.192552,-0.9077260704793275
2024-07-22 10:00:00,-5.187292266666666,-8.7671656,-4.0510254,1.1362668760416659
2024-07-22 10:30:00,-18.49396275,-19.74280735,-23.139927,-4.645964160400389
2024-07-22 11:00:00,-38.5189345,-26.41328328333333,-36.898453,1.6204817412109378
2024-07-22 11:30:00,-40.3195917,-32.08655948333333,-43.902462,-3.582870305615238
2024-07-22 12:00:00,-45.8683261,-37.53875116666666,-45.113064,0.755262287744138
2024-07-22 12:30:00,-47.71274945,-55.73792445,-50.940582,-3.227832825390628
2024-07-22 13:00:00,-45.489245966666665,-63.89354320000001,-47.97181,-2.482563420540366
2024-07-22 13:30:00,-43.79570285,-58.4216605,-47.335575,-3.5398722537597678
2024-07-22 14:00:00,-35.584713433333334,-41.0636916,-37.87176,-2.28704788868815
2024-07-22 14:30:00,-35.09454886666666,-25.53078766666667,-33.909153,1.1853958820475228
2024-07-22 15:00:00,-26.4118189,-14.580246133333333,-24.028324,2.3834947728027345
2024-07-22 15:30:00,-6.379264366666667,10.316138883333332,-5.726212,0.6530523419779461
2024-07-22 16:00:00,15.233360116666669,22.1748832,15.940277,0.7069169829427064
2024-07-22 16:30:00,36.86915236666667,34.278249566666666,30.117935,-6.751217186002606
2024-07-22 17:00:00,35.16520448333333,40.49738846666667,36.762085,1.5968804776041665
2024-07-22 17:30:00,37.66217063333334,44.609557800000005,38.84012,1.1779477748697857
2024-07-22 18:00:00,37.4819894,47.88664226666666,42.76329,5.281301005273434
2024-07-22 18:30:00,40.92752055,45.95513281666666,44.81853,3.891010486376956
2024-07-22 19:00:00,41.38275336666666,51.3385605,45.85644,4.473688131136072
2024-07-22 19:30:00,45.2631049,47.65075221666666,49.637566,4.374460712792967
2024-07-22 20:00:00,39.141305433333336,48.48930785,48.461845,9.320539964615882
2024-07-22 20:30:00,40.84839883333333,43.36138928333333,45.58275,4.73434957975261
2024-07-22 21:00:00,45.33754493333333,43.31898995,45.89119,0.553644641861986
2024-07-22 21:30:00,40.4068305,41.38392666666667,41.83342,1.4265892998046894
2024-07-22 22:00:00,36.44723005,44.99508663333333,39.76458,3.317349722949217
2024-07-22 22:30:00,41.53052015,45.66547315,42.031544,0.5010235816894522
2024-07-22 23:00:00,37.552986016666665,46.149642766666666,39.82165,2.2686654420735692
2024-07-22 23:30:00,36.046315533333335,43.08176601666667,41.152943,5.106627124137368
2024-07-23 00:00:00,34.75611605,38.448723666666666,36.454617,1.6985004966308566
2024-07-23 00:30:00,32.61064278333333,33.676985566666666,34.226074,1.6154314354166672
2024-07-23 01:00:00,29.33887155,33.20311723333333,32.4347,3.095828462207031
2024-07-23 01:30:00,30.87078491666667,32.956417800000004,31.78512,0.9143350937093082
2024-07-23 02:00:00,33.561866083333335,30.47907566666667,31.597876,-1.9639904882405617
2024-07-23 02:30:00,33.55498501666667,29.698643416666663,32.669994,-0.8849906624186232
2024-07-23 03:00:00,29.10351,24.709870566666662,29.727177,0.6236666662597656
2024-07-23 03:30:00,24.682785366666668,26.084913616666668,28.177174,3.4943882478352855
2024-07-23 04:00:00,25.6826509,24.9714917,27.949497,2.266846322900392
2024-07-23 04:30:00,30.234592216666663,30.905966700000004,30.37068,0.13608763868001716
2024-07-23 05:00:00,27.222063916666663,34.71148288333333,30.183794,2.9617301049397824
2024-07-23 05:30:00,23.63726773333333,29.63794,29.187181,5.549913739444989
2024-07-23 06:00:00,37.15053111666666,37.89312666666667,38.62055,1.4700171316243527
2024-07-23 06:30:00,51.80544211666666,34.4287099,44.497597,-7.307845375944005
2024-07-23 07:00:00,58.15640175000001,44.36258161666667,51.37446,-6.781943437011726
2024-07-23 07:30:00,57.027854483333336,48.53346608333334,54.29578,-2.73207430144857
2024-07-23 08:00:00,60.635842716666666,56.59565268333333,53.98066,-6.655183231803385
2024-07-23 08:30:00,38.9671612,54.354556083333335,40.99593,2.0287685180175785
2024-07-23 09:00:00,25.332821066666668,32.51387008333334,26.878654,1.545833413313801
2024-07-23 09:30:00,10.14631165,14.100277683333331,13.325954,3.17964278725586
2024-07-23 10:00:00,-14.762792916666667,-5.187292266666666,-10.912147,3.8506463483683273
2024-07-23 10:30:00,-24.43872895,-18.49396275,-23.969519,0.4692102885009781
2024-07-23 11:00:00,-39.14368005,-38.5189345,-41.338375,-2.194695041552734
2024-07-23 11:30:00,-60.86714451666666,-40.3195917,-57.62476,3.2423848425943973
2024-07-23 12:00:00,-66.13069445000001,-45.8683261,-59.123333,7.007361472705085
2024-07-23 12:30:00,-71.28683881666667,-47.71274945,-69.90298,1.3838618269205796
2024-07-23 13:00:00,-92.13669054999998,-45.489245966666665,-85.559975,6.576715879589827
2024-07-23 13:30:00,-84.92692726666667,-43.79570285,-76.32611,8.600816426822917
2024-07-23 14:00:00,-79.78227241666667,-35.584713433333334,-73.15826,6.624015885904953
2024-07-23 14:30:00,-71.73929066666666,-35.09454886666666,-65.5352,6.204088640299474
2024-07-23 15:00:00,-49.98164825,-26.4118189,-44.72632,5.255329890624999
2024-07-23 15:30:00,-26.015748316666663,-6.379264366666667,-17.206482,8.809266383072913
2024-07-23 16:00:00,-8.877293333333332,15.233360116666669,-5.266054,3.6112391798909496
2024-07-23 16:30:00,5.174131249999999,36.86915236666667,13.144663,7.970531607055665
2024-07-23 17:00:00,17.769356633333334,35.16520448333333,21.322283,3.552926157804361
2024-07-23 17:30:00,23.11857895,37.66217063333334,26.5242,3.405621489453125
2024-07-23 18:00:00,20.45546495,37.4819894,27.122568,6.667103180493164
2024-07-23 18:30:00,25.29534325,40.92752055,29.457882,4.162538677490236
2024-07-23 19:00:00,27.74698713333333,41.38275336666666,32.72996,4.982974261930341
2024-07-23 19:30:00,30.202966766666663,45.2631049,40.893173,10.690206451106775
2024-07-23 20:00:00,36.59745775,39.141305433333336,40.962704,4.365245954833988
2024-07-23 20:30:00,42.57709101666666,40.84839883333333,41.910828,-0.6662633799479067
2024-07-23 21:00:00,44.9978116,45.33754493333333,44.397465,-0.600346847802733
2024-07-23 21:30:00,39.99320566666666,40.4068305,41.410305,1.4170993565266983
2024-07-23 22:00:00,33.82065156666667,36.44723005,36.802948,2.982296431380206
2024-07-23 22:30:00,32.30513445,41.53052015,38.808163,6.503028239208987
2024-07-23 23:00:00,33.1899577,37.552986016666665,35.2959,2.105940737499999
2024-07-23 23:30:00,36.8893483,36.046315533333335,37.70246,0.8131129426757795
2024-07-24 00:00:00,36.2642451,34.75611605,37.603878,1.3396329212402378
2024-07-24 00:30:00,34.289242183333336,32.61064278333333,35.922424,1.6331821330729142
2024-07-24 01:00:00,33.2029189,29.33887155,33.378613,0.17569361831054664
2024-07-24 01:30:00,34.3589111,30.87078491666667,33.920624,-0.43828732070312526
2024-07-24 02:00:00,30.367337916666667,33.561866083333335,31.924305,1.556967045491536
2024-07-24 02:30:00,33.5175667,33.55498501666667,33.37933,-0.1382370186035189
2024-07-24 03:00:00,29.600309383333336,29.10351,30.461214,0.8609046822184219
2024-07-24 03:30:00,33.34528948333333,24.682785366666668,30.591835,-2.7534544613606755
2024-07-24 04:00:00,32.150349383333335,25.6826509,29.559862,-2.590487246492515
2024-07-24 04:30:00,33.212452266666666,30.234592216666663,31.709023,-1.5034297446940101
2024-07-24 05:00:00,34.27225218333333,27.222063916666663,32.35431,-1.917943101302079
2024-07-24 05:30:00,39.90341555,23.63726773333333,33.630238,-6.273177970654295
2024-07-24 06:00:00,54.39993175,37.15053111666666,45.9297,-8.470232805908203
2024-07-24 06:30:00,63.85994671666666,51.80544211666666,55.87755,-7.982398498893225
2024-07-24 07:00:00,50.2566929,58.15640175000001,51.02893,0.7722377640625027
2024-07-24 07:30:00,55.1083854,57.027854483333336,51.068817,-4.039568261328128
2024-07-24 08:00:00,52.17589666666667,60.635842716666666,49.246277,-2.9296198111979166
2024-07-24 08:30:00,36.6975694,38.9671612,38.853367,2.1557974518066416
2024-07-24 09:00:00,21.074715666666663,25.332821066666668,25.042467,3.9677514506429077
2024-07-24 09:30:00,19.16163003333333,10.14631165,16.968143,-2.1934865701985657
2024-07-24 10:00:00,-1.8805094500000008,-14.762792916666667,-4.4516816,-2.5711721639221183
2024-07-24 10:30:00,-16.2881162,-24.43872895,-19.912785,-3.6246683764160146
2024-07-24 11:00:00,-26.8251466,-39.14368005,-30.01004,-3.184893683203125
2024-07-24 11:30:00,-51.52315705,-60.86714451666666,-48.626965,2.896192480908205
2024-07-24 12:00:00,-63.12881388333333,-66.13069445000001,-61.617523,1.5112906899739542
2024-07-24 12:30:00,-66.20715066666666,-71.28683881666667,-66.29451,-0.0873592210286489
2024-07-24 13:00:00,-73.50360263333333,-92.13669054999998,-68.0817,5.421899447298173
2024-07-24 13:30:00,-74.79434446666666,-84.92692726666667,-76.31076,-1.516416031380217
2024-07-24 14:00:00,-75.12828456666666,-79.78227241666667,-70.059845,5.0684395959635395
2024-07-24 14:30:00,-59.08474901666667,-71.73929066666666,-57.577507,1.5072419976237015
2024-07-24 15:00:00,-35.213736149999995,-49.98164825,-37.523304,-2.3095678355957077
2024-07-24 15:30:00,-17.8678944,-26.015748316666663,-17.739563,0.12833141171875084
2024-07-24 16:00:00,2.0376544833333337,-8.877293333333332,0.49206597,-1.5455885172040307
2024-07-24 16:30:00,14.8533295,5.174131249999999,9.631585,-5.221744378845214
2024-07-24 17:00:00,20.707039883333334,17.769356633333334,19.984856,-0.7221842314778648
2024-07-24 17:30:00,16.414506666666664,23.11857895,19.478264,3.0637571883138044
2024-07-24 18:00:00,23.18593115,20.45546495,24.4793,1.2933683952880877
2024-07-24 18:30:00,25.149978916666665,25.29534325,27.551596,2.4016167711995458
2024-07-24 19:00:00,29.282083850000003,27.74698713333333,32.196423,2.914338726904294
2024-07-24 19:30:00,40.391196316666665,30.202966766666663,38.049004,-2.3421927155924465
2024-07-24 20:00:00,37.79207493333333,36.59745775,36.84581,-0.9462649968098944
2024-07-24 20:30:00,42.55488493333333,42.57709101666666,42.300583,-0.25430204759113906
2024-07-24 21:00:00,38.24006708333334,44.9978116,43.22777,4.987704675699867
2024-07-24 21:30:00,45.75820668333333,39.99320566666666,41.388725,-4.369481402571608
2024-07-24 22:00:00,36.75808728333333,33.82065156666667,36.627888,-0.13019955750325352
2024-07-24 22:30:00,36.01700159999999,32.30513445,34.689575,-1.3274264046874933
2024-07-24 23:00:00,38.35335178333333,33.1899577,36.21258,-2.1407701488118462
2024-07-24 23:30:00,41.32795781666667,36.8893483,37.356953,-3.97100514943034
2024-07-25 00:00:00,37.017220566666666,36.2642451,36.268715,-0.7485056618815094
2024-07-25 00:30:00,40.91738235,34.289242183333336,35.54516,-5.372223963769528
2024-07-25 01:00:00,34.7823278,33.2029189,34.653336,-0.12899222871093485
2024-07-25 01:30:00,34.778293350000006,34.3589111,34.075176,-0.7031171109863337
2024-07-25 02:00:00,29.59426343333333,30.367337916666667,31.94194,2.347676874283856
2024-07-25 02:30:00,32.2540578,33.5175667,32.075542,-0.17851535004882635
2024-07-25 03:00:00,30.959667683333333,29.600309383333336,29.057112,-1.902555943221028
2024-07-25 03:30:00,30.8142984,33.34528948333333,30.73891,-0.0753877249511703
2024-07-25 04:00:00,31.19404158333333,32.150349383333335,31.260448,0.06640687247721644
2024-07-25 04:30:00,31.2697372,33.212452266666666,32.218277,0.9485397775390609
2024-07-25 05:00:00,31.506738716666664,34.27225218333333,32.97253,1.4657916483235702
2024-07-25 05:30:00,29.351987750000003,39.90341555,36.13645,6.784463971191403
2024-07-25 06:00:00,43.05579831666666,54.39993175,43.693848,0.6380493395833398
2024-07-25 06:30:00,49.750532633333336,63.85994671666666,48.684402,-1.0661301675130233
2024-07-25 07:00:00,55.22417505000001,50.2566929,52.756504,-2.467670991162116
2024-07-25 07:30:00,51.48232003333334,55.1083854,52.75689,1.2745693099283812
2024-07-25 08:00:00,48.29767095,52.17589666666667,49.189377,0.8917058810546905
2024-07-25 08:30:00,42.51222816666667,36.6975694,38.729534,-3.7826940174967447
2024-07-25 09:00:00,28.436778416666662,21.074715666666663,27.528996,-0.9077829027506468
2024-07-25 09:30:00,29.952479416666662,19.16163003333333,24.601807,-5.350672776041662
2024-07-25 10:00:00,11.361710083333334,-1.8805094500000008,8.203933,-3.1577773211873374
2024-07-25 10:30:00,-1.1232222166666677,-16.2881162,-3.856842,-2.733619824348957
2024-07-25 11:00:00,-17.237011016666667,-26.8251466,-22.971992,-5.734981476009114
2024-07-25 11:30:00,-33.161174966666664,-51.52315705,-32.424824,0.7363512056803359
2024-07-25 12:00:00,-28.167143383333336,-63.12881388333333,-33.77944,-5.612298450162758
2024-07-25 12:30:00,-25.058597733333333,-66.20715066666666,-31.09993,-6.04133207623698
2024-07-25 13:00:00,-33.99882063333333,-73.50360263333333,-40.528236,-6.529415755826825
2024-07-25 13:30:00,-38.322420066666666,-74.79434446666666,-37.95076,0.3716601789713536
2024-07-25 14:00:00,-35.86371496666666,-75.12828456666666,-42.870995,-7.007279601204431
2024-07-25 14:30:00,-35.46448968333333,-59.08474901666667,-37.272903,-1.808413759049479
2024-07-25 15:00:00,-29.93118833333333,-35.213736149999995,-31.219618,-1.2884295102945984
2024-07-25 15:30:00,-8.603549983333332,-17.8678944,-10.832136,-2.2285861708414725
2024-07-25 16:00:00,2.6209501000000004,2.0376544833333337,4.366931,1.7459808616088863
2024-07-25 16:30:00,12.577852,14.8533295,12.19034,-0.3875119578857422
2024-07-25 17:00:00,18.519905,20.707039883333334,19.609272,1.0893670031738267
2024-07-25 17:30:00,31.56462453333333,16.414506666666664,25.496002,-6.068622336067705
2024-07-25 18:00:00,33.58365325,23.18593115,27.977467,-5.6061866667480444
2024-07-25 18:30:00,37.77461938333333,25.149978916666665,32.63374,-5.140879911897784
2024-07-25 19:00:00,39.23620795,29.282083850000003,35.766033,-3.470174777392579
2024-07-25 19:30:00,31.84809675,40.391196316666665,35.77864,3.9305439970703127
2024-07-25 20:00:00,40.74706666666666,37.79207493333333,38.72902,-2.018047501627599
2024-07-25 20:30:00,40.48079623333333,42.55488493333333,39.633427,-0.8473695670735637
2024-07-25 21:00:00,38.76874003333333,38.24006708333334,38.681763,-0.08697733802083008
2024-07-25 21:30:00,40.99198071666667,45.75820668333333,42.369106,1.3771255760579422
2024-07-25 22:00:00,41.423653816666665,36.75808728333333,36.861855,-4.5617992634440085
2024-07-25 22:30:00,33.58978385,36.01700159999999,34.26095,0.6711643311523403
2024-07-25 23:00:00,36.53968505,38.35335178333333,36.72857,0.18888398076171597
2024-07-25 23:30:00,40.58440063333333,41.32795781666667,39.94345,-0.6409497055989561
2024-07-26 00:00:00,35.497619433333334,37.017220566666666,36.478405,0.980785565445963
2024-07-26 00:30:00,35.1364878,40.91738235,35.132034,-0.0044534982421851055
2024-07-26 01:00:00,24.78775105,34.7823278,30.180367,5.392615466113281
2024-07-26 01:30:00,22.295785533333333,34.778293350000006,28.147842,5.852056873893229
2024-07-26 02:00:00,21.229484566666667,29.59426343333333,26.5482,5.318716040633138
2024-07-26 02:30:00,25.547566483333338,32.2540578,26.87166,1.3240937492106077
2024-07-26 03:00:00,24.3891916,30.959667683333333,27.360619,2.9714269913085936
2024-07-26 03:30:00,26.426310883333333,30.8142984,27.488667,1.0623556510904955
2024-07-26 04:00:00,30.3260988,31.19404158333333,28.792221,-1.533877730664063
2024-07-26 04:30:00,28.4145828,31.2697372,29.73303,1.3184475192138656
2024-07-26 05:00:00,27.966128366666663,31.506738716666664,30.84758,2.881451589388025
2024-07-26 05:30:00,29.26977218333333,29.351987750000003,31.771246,2.501473773087568
2024-07-26 06:00:00,44.29314005,43.05579831666666,42.73464,-1.55850183588867
2024-07-26 06:30:00,50.21624893333333,49.750532633333336,48.656757,-1.5594915785970045
2024-07-26 07:00:00,54.71933768333333,55.22417505000001,51.44316,-3.2761766725911414
2024-07-26 07:30:00,59.05208385,51.48232003333334,53.970703,-5.0813807250000025
2024-07-26 08:00:00,45.05952368333333,48.29767095,45.50402,0.44449700758463706
2024-07-26 08:30:00,34.54507833333333,42.51222816666667,36.302692,1.757614079996749
2024-07-26 09:00:00,14.094010983333334,28.436778416666662,20.381323,6.28731187738444
2024-07-26 09:30:00,1.8267399333333332,29.952479416666662,7.6377397,5.81099972502238
2024-07-26 10:00:00,-24.3936306,11.361710083333334,-18.581875,5.811755752587892
2024-07-26 10:30:00,-36.95057215,-1.1232222166666677,-36.881523,0.06904901767578053
2024-07-26 11:00:00,-57.92180501666667,-17.237011016666667,-50.02898,7.892824761539714
2024-07-26 11:30:00,-72.0976482,-33.161174966666664,-65.96115,6.13649707695312
2024-07-26 12:00:00,-84.95486154999999,-28.167143383333336,-82.77823,2.1766327902343647
2024-07-26 12:30:00,-85.93253831666668,-25.058597733333333,-80.80803,5.124509141861992
2024-07-26 13:00:00,-88.63582443333333,-33.99882063333333,-87.11345,1.5223753366536386
2024-07-26 13:30:00,-85.58246273333333,-38.322420066666666,-82.277565,3.3048977308919234
2024-07-26 14:00:00,-85.29929393333333,-35.86371496666666,-82.574394,2.7248997072591123
2024-07-26 14:30:00,-76.70145885,-35.46448968333333,-74.80487,1.8965882445312445
2024-07-26 15:00:00,-62.4061965,-29.93118833333333,-54.14888,8.257316495117188
2024-07-26 15:30:00,-35.49329041666667,-8.603549983333332,-32.682938,2.810352794596355
2024-07-26 16:00:00,-14.185339483333332,2.6209501000000004,-9.556664,4.628675016475421
2024-07-26 16:30:00,-0.4471606500000001,12.577852,3.1930912,3.640251804098511
2024-07-26 17:00:00,6.156567150000001,18.519905,9.759322,3.6027550164428703
2024-07-26 17:30:00,13.265638766666669,31.56462453333333,20.058346,6.7927070280110655
2024-07-26 18:00:00,12.041702833333332,33.58365325,18.062288,6.020585450968426
2024-07-26 18:30:00,17.1738756,37.77461938333333,21.996393,4.822517603735353
2024-07-26 19:00:00,14.050202183333331,39.23620795,19.85478,5.804578013810223
2024-07-26 19:30:00,17.3238977,31.84809675,21.873459,4.549561162304688
2024-07-26 20:00:00,19.62324543333333,40.74706666666666,25.348896,5.725650593277997
2024-07-26 20:30:00,17.129424366666665,40.48079623333333,26.318695,9.18927070169271
2024-07-26 21:00:00,16.466093283333333,38.76874003333333,25.540129,9.07403542455241
2024-07-26 21:30:00,27.45536188333333,40.99198071666667,28.818329,1.3629669740885433
2024-07-26 22:00:00,29.50094491666667,41.423653816666665,31.818213,2.317267592488605
2024-07-26 22:30:00,32.168022083333334,33.58978385,34.390636,2.222614360758463
2024-07-26 23:00:00,36.95652951666667,36.53968505,35.078785,-1.877744574039717
2024-07-26 23:30:00,41.363783266666665,40.58440063333333,40.40643,-0.957353975895181
2024-07-27 00:00:00,42.967768983333336,35.497619433333334,40.222797,-2.744971589534508
2024-07-27 00:30:00,37.37816718333333,35.1364878,36.980614,-0.39755347483723824
2024-07-27 01:00:00,30.77851071666667,24.78775105,31.185228,0.4067176311116505
2024-07-27 01:30:00,26.1006872,22.295785533333333,27.604206,1.5035188852050787
2024-07-27 02:00:00,27.1955607,21.229484566666667,26.24831,-0.9472506108886734
2024-07-27 02:30:00,33.47375493333333,25.547566483333338,29.4721,-4.001655629134113
2024-07-27 03:00:00,27.867274416666664,24.3891916,28.86938,1.0021065342610704
2024-07-27 03:30:00,27.002405633333336,26.426310883333333,27.006418,0.0040125948160785185
2024-07-27 04:00:00,27.622387916666668,30.3260988,28.610052,0.9876641920979807
2024-07-27 04:30:00,30.66534503333333,28.4145828,31.15265,0.48730579979655175
2024-07-27 05:00:00,29.399666266666667,27.966128366666663,30.489946,1.090280098689778
2024-07-27 05:30:00,36.598907950000005,29.26977218333333,32.303406,-4.2955021882812545
2024-07-27 06:00:00,47.12941286666666,44.29314005,41.65225,-5.477164484098303
2024-07-27 06:30:00,47.20261611666667,50.21624893333333,47.19843,-0.004187009000652608
2024-07-27 07:00:00,45.34568905,54.71933768333333,46.57721,1.2315204226562528
2024-07-27 07:30:00,41.32527771666667,59.05208385,45.54485,4.219571679085284
2024-07-27 08:00:00,42.88057766666666,45.05952368333333,43.556927,0.6763490606282616
2024-07-27 08:30:00,41.96804383333333,34.54507833333333,40.536407,-1.4316363626302078
2024-07-27 09:00:00,47.91580218333333,14.094010983333334,38.94102,-8.974781217757155
2024-07-27 09:30:00,39.697446033333335,1.8267399333333332,35.66036,-4.037087604378257
2024-07-27 10:00:00,23.286265983333333,-24.3936306,18.750765,-4.535501136531575
2024-07-27 10:30:00,10.85726565,-36.95057215,6.5695972,-4.287668405737305
2024-07-27 11:00:00,0.6747421000000005,-57.92180501666667,-3.1328506,-3.8075927469726567
2024-07-27 11:30:00,-4.24232105,-72.0976482,-7.302258,-3.059936964678955
2024-07-27 12:00:00,-22.69756843333333,-84.95486154999999,-24.978874,-2.2813057732096382
2024-07-27 12:30:00,-33.626069050000005,-85.93253831666668,-37.22851,-3.602442760302729
2024-07-27 13:00:00,-39.772186133333335,-88.63582443333333,-39.515907,0.25627884573567883
2024-07-27 13:30:00,-39.50173275,-85.58246273333333,-38.962513,0.539219780029299
2024-07-27 14:00:00,-21.890522833333332,-85.29929393333333,-23.013996,-1.1234732909342462
2024-07-27 14:30:00,-27.653941816666663,-76.70145885,-28.781258,-1.1273158127278684
2024-07-27 15:00:00,-24.2851539,-62.4061965,-24.918457,-0.633303131249999
2024-07-27 15:30:00,-9.468425716666667,-35.49329041666667,-11.321825,-1.853399310799153
2024-07-27 16:00:00,-2.142978316666666,-14.185339483333332,-1.7267486,0.4162297309656773
2024-07-27 16:30:00,4.547214916666666,-0.4471606500000001,7.9326053,3.3853903499043785
2024-07-27 17:00:00,16.223583899999998,6.156567150000001,17.574463,1.3508789906250023
2024-07-27 17:30:00,20.691326016666668,13.265638766666669,22.355116,1.6637898738362615
2024-07-27 18:00:00,28.20757443333333,12.041702833333332,25.282982,-2.9245925607747374
2024-07-27 18:30:00,32.38054678333334,17.1738756,31.64978,-0.7307665098958367
2024-07-27 19:00:00,38.52159271666667,14.050202183333331,35.476486,-3.04510651061198
2024-07-27 19:30:00,39.00687215,17.3238977,39.229694,0.2228222164550786
2024-07-27 20:00:00,48.66731328333333,19.62324543333333,41.348022,-7.319290822395828
2024-07-27 20:30:00,45.8635972,17.129424366666665,40.144157,-5.719439790332032
2024-07-27 21:00:00,49.75617513333333,16.466093283333333,44.860588,-4.89558705960286
2024-07-27 21:30:00,52.92067768333334,27.45536188333333,48.012367,-4.908310434798182
2024-07-27 22:00:00,53.3790328,29.50094491666667,46.047955,-7.3310782406738255
2024-07-27 22:30:00,46.48459726666667,32.168022083333334,42.48273,-4.001866401188153
2024-07-27 23:00:00,45.79074445,36.95652951666667,42.777554,-3.013190891650389
2024-07-27 23:30:00,40.78985395,41.363783266666665,41.259624,0.4697705312011706
2024-07-28 00:00:00,44.51061726666666,42.967768983333336,42.714985,-1.7956323728678285
2024-07-28 00:30:00,36.5382171,37.37816718333333,36.041557,-0.49665978798827837
2024-07-28 01:00:00,35.49504331666667,30.77851071666667,33.137463,-2.35758070069987
2024-07-28 01:30:00,36.4747151,26.1006872,31.026106,-5.448609219262693
2024-07-28 02:00:00,34.86367555,27.1955607,30.12681,-4.7368654761474644
2024-07-28 02:30:00,37.91088766666667,33.47375493333333,31.324377,-6.586510606730144
2024-07-28 03:00:00,30.5974059,27.867274416666664,29.31163,-1.2857756509765608
2024-07-28 03:30:00,36.31107613333334,27.002405633333336,30.55875,-5.7523259807454465
2024-07-28 04:00:00,29.035370083333333,27.622387916666668,29.405005,0.36963441800943997
2024-07-28 04:30:00,29.07759548333333,30.66534503333333,31.948166,2.870570410221358
2024-07-28 05:00:00,30.560243166666663,29.399666266666667,30.89335,0.33310743452962654
2024-07-28 05:30:00,35.45701828333333,36.598907950000005,35.55885,0.10183105138346349
2024-07-28 06:00:00,42.72051216666667,47.12941286666666,43.833496,1.1129839270833273
2024-07-28 06:30:00,47.5019355,47.20261611666667,47.128647,-0.37328864941406437
2024-07-28 07:00:00,49.014449500000005,45.34568905,47.41165,-1.60279788867188
2024-07-28 07:30:00,50.66899229999999,41.32527771666667,45.547665,-5.121327657666008
2024-07-28 08:00:00,43.0880943,42.88057766666666,42.764988,-0.323106354443361
2024-07-28 08:30:00,42.10372996666667,41.96804383333333,40.638725,-1.465004685904951
2024-07-28 09:00:00,30.522803383333336,47.91580218333333,32.59542,2.0726174540690074
2024-07-28 09:30:00,15.235302283333333,39.697446033333335,19.58271,4.3474079827799486
2024-07-28 10:00:00,4.763849516666666,23.286265983333333,4.9169335,0.15308401986287468
2024-07-28 10:30:00,-13.208943916666668,10.85726565,-13.304934,-0.09598963130696525
2024-07-28 11:00:00,-37.60949345,0.6747421000000005,-35.6167,1.9927942312500022
2024-07-28 11:30:00,-40.372995,-4.24232105,-43.980335,-3.6073402355957
2024-07-28 12:00:00,-57.584267833333335,-22.69756843333333,-55.64488,1.9393894458821634
2024-07-28 12:30:00,-67.2814243,-33.626069050000005,-67.3898,-0.10837672539062737
2024-07-28 13:00:00,-74.49144841666667,-39.772186133333335,-71.30364,3.1878061437174523
2024-07-28 13:30:00,-68.32771773333333,-39.50173275,-69.54499,-1.2172728062174514
2024-07-28 14:00:00,-66.66016005,-21.890522833333332,-66.63114,0.029018387402345525
2024-07-28 14:30:00,-65.75646126666668,-27.653941816666663,-61.79433,3.962130669742848
2024-07-28 15:00:00,-44.79621443333334,-24.2851539,-42.402626,2.3935883957356836
2024-07-28 15:30:00,-23.989164966666667,-9.468425716666667,-20.49335,3.4958158913492845
2024-07-28 16:00:00,-11.568335,-2.142978316666666,-7.4704084,4.097926560363769
2024-07-28 16:30:00,9.92489015,4.547214916666666,11.118097,1.193207155297852
2024-07-28 17:00:00,28.5479505,16.223583899999998,26.607128,-1.940822356689452
2024-07-28 17:30:00,24.73751443333333,20.691326016666668,25.752747,1.015232148697919
2024-07-28 18:00:00,30.21603275,28.20757443333333,31.716187,1.5001537734375
2024-07-28 18:30:00,30.425611133333334,32.38054678333334,33.4688,3.0431884577311195
2024-07-28 19:00:00,42.38370508333333,38.52159271666667,41.441578,-0.9421271719563791
2024-07-28 19:30:00,51.27693611666666,39.00687215,43.891705,-7.385231557340489
2024-07-28 20:00:00,56.08044168333333,48.66731328333333,51.43683,-4.6436130700520835
2024-07-28 20:30:00,60.57801281666667,45.8635972,54.758793,-5.819219939469406
2024-07-28 21:00:00,50.93875284999999,49.75617513333333,51.3486,0.4098456302246163
2024-07-28 21:30:00,49.030353383333335,52.92067768333334,50.18614,1.1557847697428372
2024-07-28 22:00:00,44.49822511666667,53.3790328,46.506794,2.008568859163411
2024-07-28 22:30:00,52.40384451666667,46.48459726666667,48.331047,-4.072797458561205
2024-07-28 23:00:00,52.64535891666667,45.79074445,48.239338,-4.406020995524095
2024-07-28 23:30:00,52.98168666666667,40.78985395,46.169178,-6.812508657633465
2024-07-29 00:00:00,46.55119895000001,44.51061726666666,43.939625,-2.611574163623054
2024-07-29 00:30:00,40.634912633333336,36.5382171,40.424572,-0.21034064236653904
2024-07-29 01:00:00,39.44188848333334,35.49504331666667,37.44493,-1.996957453059899
2024-07-29 01:30:00,36.32402258333334,36.4747151,36.30782,-0.016203216878260207
2024-07-29 02:00:00,34.60647503333333,34.86367555,35.370182,0.7637070040201834
2024-07-29 02:30:00,36.92141178333333,37.91088766666667,34.87157,-2.04984119617513
2024-07-29 03:00:00,31.687127466666663,30.5974059,31.923092,0.23596442176107146
2024-07-29 03:30:00,30.133957566666663,36.31107613333334,32.4616,2.327643690657556
2024-07-29 04:00:00,37.517683516666665,29.035370083333333,33.08909,-4.428595076725259
2024-07-29 04:30:00,41.3355056,29.07759548333333,36.745575,-4.589930648828123
2024-07-29 05:00:00,40.94441445,30.560243166666663,37.61609,-3.3283255828124965
2024-07-29 05:30:00,40.46329773333333,35.45701828333333,39.34399,-1.1193074074055929
2024-07-29 06:00:00,56.005796583333336,42.72051216666667,51.59554,-4.410257490315757
2024-07-29 06:30:00,53.83147953333333,47.5019355,52.63998,-1.19149921717122
2024-07-29 07:00:00,59.287591033333335,49.014449500000005,56.7403,-2.5472918084798195
2024-07-29 07:30:00,68.11735013333333,50.66899229999999,60.630623,-7.486727269563801
2024-07-29 08:00:00,55.922503983333335,43.0880943,56.239445,0.3169407493326801
2024-07-29 08:30:00,52.2421838,42.10372996666667,50.915794,-1.3263894274414056
2024-07-29 09:00:00,42.51034555,30.522803383333336,38.573322,-3.9370232538574186
2024-07-29 09:30:00,21.996727066666665,15.235302283333333,19.665504,-2.3312226111002587
2024-07-29 10:00:00,-2.44766165,4.763849516666666,-6.5552826,-4.107620942773437
2024-07-29 10:30:00,-22.88156168333333,-13.208943916666668,-24.048021,-1.1664596331949895
2024-07-29 11:00:00,-49.36463658333333,-37.60949345,-47.202374,2.1622630786946573
2024-07-29 11:30:00,-63.51990610000001,-40.372995,-61.00074,2.519166048730476
2024-07-29 12:00:00,-73.30784043333334,-57.584267833333335,-68.46695,4.8408909704427145
2024-07-29 12:30:00,-79.83208166666667,-67.2814243,-77.65284,2.179242006022136
2024-07-29 13:00:00,-71.41986896666667,-74.49144841666667,-70.46783,0.9520421234049508
2024-07-29 13:30:00,-65.7837795,-68.32771773333333,-63.467247,2.3165324907226506
2024-07-29 14:00:00,-61.03446055,-66.66016005,-60.24068,0.7937798554199205
2024-07-29 14:30:00,-55.16158613333334,-65.75646126666668,-57.02045,-1.8588644587076786
2024-07-29 15:00:00,-34.3012028,-44.79621443333334,-35.285744,-0.9845409133789076
2024-07-29 15:30:00,0.1857471999999997,-23.989164966666667,-2.6539528,-2.8397000369903562
2024-07-29 16:00:00,12.213134916666666,-11.568335,6.517502,-5.695633085611979
2024-07-29 16:30:00,31.00777821666667,9.92489015,26.21636,-4.791418124503583
2024-07-29 17:00:00,39.6071255,28.5479505,34.75122,-4.855904796875002
2024-07-29 17:30:00,34.19051885,24.73751443333333,32.547485,-1.6430334984374966
2024-07-29 18:00:00,37.325485533333335,30.21603275,36.984325,-0.3411601243977884
2024-07-29 18:30:00,40.09793491666667,30.425611133333334,39.417812,-0.6801225692545572
2024-07-29 19:00:00,42.934802133333335,42.38370508333333,46.615696,3.6808938200358057
2024-07-29 19:30:00,54.47421728333333,51.27693611666666,55.749664,1.2754470233072936
2024-07-29 20:00:00,53.7983023,56.08044168333333,54.881756,1.0834535288574187
2024-07-29 20:30:00,63.62096173333333,60.57801281666667,59.279747,-4.3412147240559875
2024-07-29 21:00:00,59.2200739,50.93875284999999,55.21586,-4.0042154405273465
2024-07-29 21:30:00,49.5735135,49.030353383333335,50.854908,1.281394489501956
2024-07-29 22:00:00,48.23660446666667,44.49822511666667,47.93819,-0.29841400646159144
2024-07-29 22:30:00,41.1482476,52.40384451666667,45.838085,4.689837574560549
2024-07-29 23:00:00,39.0426806,52.64535891666667,44.588005,5.545324465917972
2024-07-29 23:30:00,40.07043053333334,52.98168666666667,45.13777,5.067341073111976
2024-07-30 00:00:00,40.8064949,46.55119895000001,43.970764,3.164269260156253
2024-07-30 00:30:00,39.9318961,40.634912633333336,39.789402,-0.14249409194336238
2024-07-30 01:00:00,33.72894096666666,39.44188848333334,35.039394,1.3104534119954465
2024-07-30 01:30:00,33.3897778,36.32402258333334,32.96399,-0.4257885421874974
2024-07-30 02:00:00,31.913323833333333,34.60647503333333,32.63082,0.7174973946940106
2024-07-30 02:30:00,35.117535016666665,36.92141178333333,32.789,-2.3285335518229147
2024-07-30 03:00:00,32.850528833333335,31.687127466666663,31.578632,-1.2718964785970073
2024-07-30 03:30:00,30.524227766666662,30.133957566666663,30.272078,-0.2521502062418577
2024-07-30 04:00:00,30.68132385,37.517683516666665,33.554752,2.8734284998535173
2024-07-30 04:30:00,33.41675228333333,41.3355056,35.639034,2.2222819879069036
2024-07-30 05:00:00,35.535673816666666,40.94441445,35.70493,0.1692555351399747
2024-07-30 05:30:00,40.3557264,40.46329773333333,39.293804,-1.06192223129883
2024-07-30 06:00:00,53.41658615,56.005796583333336,49.135704,-4.280882109472657
2024-07-30 06:30:00,57.15874005,53.83147953333333,53.737495,-3.4212446276367174
2024-07-30 07:00:00,54.88161495,59.287591033333335,53.54128,-1.3403361108886713
2024-07-30 07:30:00,56.59952896666667,68.11735013333333,55.21708,-1.3824498040690116
2024-07-30 08:00:00,52.92819266666667,55.922503983333335,54.31497,1.3867754424641916
2024-07-30 08:30:00,61.250694983333325,52.2421838,54.421646,-6.829048865169263
2024-07-30 09:00:00,41.73088331666667,42.51034555,41.30246,-0.42842359986979517
2024-07-30 09:30:00,23.83784108333333,21.996727066666665,21.61474,-2.223100711629229
2024-07-30 10:00:00,-7.0658049,-2.44766165,-0.9458554,6.119949520895386
2024-07-30 10:30:00,-29.55363663333333,-22.88156168333333,-24.812836,4.740800939973955
2024-07-30 11:00:00,-44.80353888333334,-49.36463658333333,-41.619354,3.1841846352864636
2024-07-30 11:30:00,-54.3674983,-63.51990610000001,-51.632458,2.7350405668457043
2024-07-30 12:00:00,-77.29541056666666,-73.30784043333334,-72.70313,4.592277937272129
2024-07-30 12:30:00,-76.45343281666668,-79.83208166666667,-76.95224,-0.4988071735676982
2024-07-30 13:00:00,-93.88028276666668,-71.41986896666667,-89.621605,4.258677847233088
2024-07-30 13:30:00,-99.8153039,-65.7837795,-95.46912,4.3461876890625035
2024-07-30 14:00:00,-90.01088668333334,-61.03446055,-87.56915,2.4417338513020894
2024-07-30 14:30:00,-80.19230331666667,-55.16158613333334,-74.94938,5.242924349381511
2024-07-30 15:00:00,-62.65822790000001,-34.3012028,-56.881424,5.776803949804695
2024-07-30 15:30:00,-36.66219065,0.1857471999999997,-32.45643,4.205762122167968
2024-07-30 16:00:00,-13.8607743,12.213134916666666,-11.826345,2.0344288562744133
2024-07-30 16:30:00,5.250833883333333,31.00777821666667,6.284598,1.0337639903544114
2024-07-30 17:00:00,15.393736266666666,39.6071255,17.488667,2.094930267757162
2024-07-30 17:30:00,11.72982655,34.19051885,18.51069,6.780864139086914
2024-07-30 18:00:00,22.034745450000003,37.325485533333335,26.358753,4.3240077543457005
2024-07-30 18:30:00,34.121796833333335,40.09793491666667,33.383858,-0.7379391062825533
2024-07-30 19:00:00,39.06718058333333,42.934802133333335,38.31359,-0.7535895799153636
2024-07-30 19:30:00,40.731087800000005,54.47421728333333,44.21712,3.4860333242675736
2024-07-30 20:00:00,52.4666173,53.7983023,50.303436,-2.163181020703128
2024-07-30 20:30:00,49.11611046666667,63.62096173333333,52.202133,3.0860227120442687
2024-07-30 21:00:00,54.44286655,59.2200739,52.02666,-2.416205630810545
2024-07-30 21:30:00,48.49326438333333,49.5735135,49.408287,0.9150226650065107
2024-07-30 22:00:00,44.280661,48.23660446666667,46.262302,1.9816413986816386
2024-07-30 22:30:00,41.71182666666667,41.1482476,43.518093,1.8062664424641923
2024-07-30 23:00:00,40.76369116666667,39.0426806,43.413906,2.6502149307454417
2024-07-30 23:30:00,47.921794983333335,40.07043053333334,45.038322,-2.8834725346028662
2024-07-31 00:00:00,45.77189225,40.8064949,43.347088,-2.4248043898925786
2024-07-31 00:30:00,40.03168801666666,39.9318961,41.160404,1.128716188655602
2024-07-31 01:00:00,36.23328403333333,33.72894096666666,37.032154,0.7988700499186265
2024-07-31 01:30:00,30.534386100000003,33.3897778,34.591457,4.057071266943357
2024-07-31 02:00:00,29.952438850000004,31.913323833333333,31.648031,1.6955923847412073
2024-07-31 02:30:00,35.34407503333333,35.117535016666665,34.85229,-0.4917839261555983
2024-07-31 03:00:00,32.27037438333333,32.850528833333335,32.62275,0.35237494527994784
2024-07-31 03:30:00,31.125591733333334,30.524227766666662,33.102962,1.9773707605631508
2024-07-31 04:00:00,34.66617711666667,30.68132385,32.707012,-1.959164940152995
2024-07-31 04:30:00,35.19720436666667,33.41675228333333,34.20972,-0.9874837550944022
2024-07-31 05:00:00,30.79864926666667,35.535673816666666,34.4225,3.623851343684894
2024-07-31 05:30:00,38.82391668333333,40.3557264,39.311787,0.4878699682779981
2024-07-31 06:00:00,48.79177896666667,53.41658615,45.73088,-3.0608982293619817
2024-07-31 06:30:00,46.74237376666667,57.15874005,48.410446,1.6680724003255207
2024-07-31 07:00:00,48.341501566666665,54.88161495,48.892136,0.5506340534505227
2024-07-31 07:30:00,43.91469766666666,56.59952896666667,45.94222,2.0275211138509164
2024-07-31 08:00:00,41.96857383333333,52.92819266666667,43.781105,1.8125312081705758
2024-07-31 08:30:00,30.2986528,61.250694983333325,34.717613,4.4189604202148445
2024-07-31 09:00:00,14.624113783333334,41.73088331666667,21.067278,6.443164124991862
2024-07-31 09:30:00,3.2720159333333334,23.83784108333333,5.51843,2.2464142996683756
2024-07-31 10:00:00,-8.2658957,-7.0658049,-7.808515,0.45738062813110325
2024-07-31 10:30:00,-19.65873958333333,-29.55363663333333,-22.28464,-2.625899775187179
2024-07-31 11:00:00,-39.99706116666667,-44.80353888333334,-42.253277,-2.2562156582845034
2024-07-31 11:30:00,-55.358971,-54.3674983,-56.001953,-0.6429821250000032
2024-07-31 12:00:00,-65.01761986666666,-77.29541056666666,-65.67938,-0.6617624575520864
2024-07-31 12:30:00,-72.51504680000001,-76.45343281666668,-73.9746,-1.4595549456054613
2024-07-31 13:00:00,-81.67286491666667,-93.88028276666668,-80.40708,1.2657833126627622
2024-07-31 13:30:00,-81.34927163333333,-99.8153039,-82.91265,-1.5633794286783882
2024-07-31 14:00:00,-80.59088181666667,-90.01088668333334,-79.10808,1.4828038137369788
2024-07-31 14:30:00,-79.46260548333333,-80.19230331666667,-75.571785,3.890820510188803
2024-07-31 15:00:00,-62.36323386666667,-62.65822790000001,-58.44514,3.9180930280436215
2024-07-31 15:30:00,-39.71774776666667,-36.66219065,-36.402393,3.315354425602216
2024-07-31 16:00:00,-21.38180128333333,-13.8607743,-14.954742,6.427058851692706
2024-07-31 16:30:00,2.4717472666666667,5.250833883333333,6.431361,3.9596139317586263
2024-07-31 17:00:00,23.95049175,15.393736266666666,22.769857,-1.1806343433837903
2024-07-31 17:30:00,28.856838383333336,11.72982655,27.110104,-1.746734776155602
2024-07-31 18:00:00,31.64272671666667,22.034745450000003,28.553661,-3.089065370231122
2024-07-31 18:30:00,41.64037273333333,34.121796833333335,39.648796,-1.9915766517903606
2024-07-31 19:00:00,42.77417836666666,39.06718058333333,42.39258,-0.3816002416666606
2024-07-31 19:30:00,51.44787446666667,40.731087800000005,48.26647,-3.1814026038736998
2024-07-31 20:00:00,49.92595121666667,52.4666173,52.780773,2.8548219461751287
2024-07-31 20:30:00,58.372444,49.11611046666667,53.986378,-4.386066283935548
2024-07-31 21:00:00,56.7371961,54.44286655,55.051247,-1.6859494569335922
2024-07-31 21:30:00,48.36470036666666,48.49326438333333,51.391113,3.0264129145833394
2024-07-31 22:00:00,47.49519236666666,44.280661,46.086067,-1.409125166959626
2024-07-31 22:30:00,46.09693333333333,41.71182666666667,43.36159,-2.7353419942220043
2024-07-31 23:00:00,48.12453391666667,40.76369116666667,44.630947,-3.4935868036295616
2024-07-31 23:30:00,51.29497723333333,47.921794983333335,46.829433,-4.465543792171218
2024-08-01 00:00:00,48.24451281666666,45.77189225,46.18744,-2.0570738518229135
2024-08-01 00:30:00,44.50464058333333,40.03168801666666,42.727127,-1.7775135081380142
2024-08-01 01:00:00,51.5951651,36.23328403333333,42.05091,-9.544254150292971
2024-08-01 01:30:00,42.44424765,30.534386100000003,38.00465,-4.439597534033204
2024-08-01 02:00:00,33.23684381666667,29.952438850000004,32.687443,-0.549401037125655
2024-08-01 02:30:00,35.1405556,35.34407503333333,34.12753,-1.0130264557128896
2024-08-01 03:00:00,30.193439366666667,32.27037438333333,32.33311,2.1396714426595054
2024-08-01 03:30:00,30.654815683333336,31.125591733333334,31.925688,1.2708721065836563
2024-08-01 04:00:00,34.863956116666664,34.66617711666667,34.119095,-0.7448612680338513
2024-08-01 04:30:00,31.715835,35.19720436666667,32.68532,0.9694868078613297
2024-08-01 05:00:00,32.186534916666666,30.79864926666667,33.338173,1.1516379959309901
2024-08-01 05:30:00,34.91321215,38.82391668333333,37.072277,2.159064919091797
2024-08-01 06:00:00,43.55750046666666,48.79177896666667,45.533302,1.9758018404622462
2024-08-01 06:30:00,54.18513778333334,46.74237376666667,50.142715,-4.042422329231776
2024-08-01 07:00:00,65.30969265,48.341501566666665,58.03524,-7.274452476660159
2024-08-01 07:30:00,55.19265501666667,43.91469766666666,51.82488,-3.367776324039717
2024-08-01 08:00:00,40.86100221666667,41.96857383333333,42.786106,1.925103892952471
2024-08-01 08:30:00,24.75633613333333,30.2986528,30.89781,6.1414738489664735
2024-08-01 09:00:00,15.48614545,14.624113783333334,18.062756,2.5766101347167965
2024-08-01 09:30:00,12.3308311,3.2720159333333334,10.673795,-1.6570363536010735
2024-08-01 10:00:00,-13.06164945,-8.2658957,-11.508852,1.552797444995118
2024-08-01 10:30:00,-36.32259295,-19.65873958333333,-32.53899,3.7836029292480475
2024-08-01 11:00:00,-64.303236,-39.99706116666667,-56.116764,8.186471931396483
2024-08-01 11:30:00,-79.30643165,-55.358971,-77.686104,1.620327829199212
2024-08-01 12:00:00,-89.52635665000001,-65.01761986666666,-85.95398,3.572377157812511
2024-08-01 12:30:00,-87.61472739999999,-72.51504680000001,-84.0747,3.5400279981445237
2024-08-01 13:00:00,-84.50761178333333,-81.67286491666667,-81.79218,2.71542886097005
2024-08-01 13:30:00,-75.01113676666667,-81.34927163333333,-73.04539,1.9657494986002604
2024-08-01 14:00:00,-72.87219336666666,-80.59088181666667,-72.775375,0.09681800045572686
2024-08-01 14:30:00,-62.8942661,-79.46260548333333,-66.95908,-4.064817457128903
2024-08-01 15:00:00,-54.53083215,-62.36323386666667,-52.93707,1.5937632107910176
2024-08-01 15:30:00,-36.5240611,-39.71774776666667,-35.40594,1.118120090478513
2024-08-01 16:00:00,-7.724783883333334,-21.38180128333333,-10.713554,-2.9887704989908848
2024-08-01 16:30:00,9.6978007,2.4717472666666667,7.716507,-1.9812937419921877
2024-08-01 17:00:00,22.238729,23.95049175,20.89031,-1.3484187125244134
2024-08-01 17:30:00,25.708002616666665,28.856838383333336,23.994535,-1.7134671704996727
2024-08-01 18:00:00,27.1997606,31.64272671666667,27.658356,0.4585951128906238
2024-08-01 18:30:00,31.86020988333333,41.64037273333333,34.07432,2.2141118634928425
2024-08-01 19:00:00,36.90220571666666,42.77417836666666,38.973244,2.071037996712249
2024-08-01 19:30:00,49.48353665,51.44787446666667,47.53248,-1.9510583174804665
2024-08-01 20:00:00,51.4474611,49.92595121666667,48.726425,-2.7210359291015607
2024-08-01 20:30:00,41.49602168333333,58.372444,47.243664,5.747642104508465
2024-08-01 21:00:00,47.3602677,56.7371961,48.014378,0.6541098939941392
2024-08-01 21:30:00,46.94515723333333,48.36470036666666,47.632534,0.6873767937662763
2024-08-01 22:00:00,43.98328716666666,47.49519236666666,43.72439,-0.25889904410806963
2024-08-01 22:30:00,38.2811706,46.09693333333333,42.31458,4.033408410009763
2024-08-01 23:00:00,39.98670503333333,48.12453391666667,44.676453,4.68974760338542
2024-08-01 23:30:00,45.82760668333333,51.29497723333333,47.88038,2.0527720398112024
2024-08-02 00:00:00,45.826853400000005,48.24451281666666,45.15741,-0.6694437320312545
2024-08-02 00:30:00,47.48795095,44.50464058333333,42.73566,-4.752290397021483
2024-08-02 01:00:00,51.79909336666668,51.5951651,44.515343,-7.283750654264338
2024-08-02 01:30:00,47.374291633333335,42.44424765,40.930786,-6.4435055005208355
2024-08-02 02:00:00,41.40107928333333,33.23684381666667,36.42815,-4.972929106331378
2024-08-02 02:30:00,46.90300116666666,35.1405556,40.310097,-6.592904425944006
2024-08-02 03:00:00,39.18579605,30.193439366666667,37.171623,-2.0141728200195317
2024-08-02 03:30:00,40.85420391666667,30.654815683333336,37.087345,-3.766858793375654
2024-08-02 04:00:00,39.4263118,34.863956116666664,34.983532,-4.442779848095704
2024-08-02 04:30:00,42.835246133333335,31.715835,36.125214,-6.71003251028646
2024-08-02 05:00:00,39.87050606666666,32.186534916666666,34.667843,-5.2026632016764225
2024-08-02 05:30:00,37.468387666666665,34.91321215,35.93542,-1.5329666766764305
2024-08-02 06:00:00,46.459765633333326,43.55750046666666,44.302345,-2.15742035745442
2024-08-02 06:30:00,50.43813823333334,54.18513778333334,49.492973,-0.9451649056966218
2024-08-02 07:00:00,50.75762946666666,65.30969265,49.908,-0.8496285206217351
2024-08-02 07:30:00,47.54864448333333,55.19265501666667,47.860477,0.311832964176439
2024-08-02 08:00:00,30.53121278333333,40.86100221666667,35.319942,4.788729691031904
2024-08-02 08:30:00,19.358366083333333,24.75633613333333,21.291227,1.9328612573649089
2024-08-02 09:00:00,9.78610285,15.48614545,12.750782,2.9646791629394524
2024-08-02 09:30:00,-4.759141083333334,12.3308311,-0.55901384,4.200127239796957
2024-08-02 10:00:00,-17.774722316666665,-13.06164945,-15.239458,2.5352642325602197
2024-08-02 10:30:00,-33.37624121666666,-36.32259295,-33.097233,0.2790083980631479
2024-08-02 11:00:00,-46.65156388333333,-64.303236,-45.18647,1.46509385159505
2024-08-02 11:30:00,-65.63234393333333,-79.30643165,-64.66042,0.9719206545247374
2024-08-02 12:00:00,-64.93851604999999,-89.52635665000001,-66.35712,-1.4186006492187602
2024-08-02 12:30:00,-64.27113893333333,-87.61472739999999,-67.43967,-3.168527814713542
2024-08-02 13:00:00,-67.91270265,-84.50761178333333,-70.51962,-2.606920152734375
2024-08-02 13:30:00,-51.621691166666665,-75.01113676666667,-52.764233,-1.1425414688313822
2024-08-02 14:00:00,-42.46625393333333,-72.87219336666666,-45.091187,-2.624932590104173
2024-08-02 14:30:00,-40.62286015,-62.8942661,-40.6894,-0.0665395692382802
2024-08-02 15:00:00,-23.57303275,-54.53083215,-25.136951,-1.5639186965332037
2024-08-02 15:30:00,-9.919437933333333,-36.5240611,-14.798356,-4.878918122880046
2024-08-02 16:00:00,4.329038933333334,-7.724783883333334,2.7128413,-1.616197660979208
2024-08-02 16:30:00,13.102578483333332,9.6978007,9.1229315,-3.979647002925617
2024-08-02 17:00:00,17.33358215,22.238729,18.464764,1.1311814913574203
2024-08-02 17:30:00,20.481926066666663,25.708002616666665,20.867332,0.3854063918294308
2024-08-02 18:00:00,29.933513833333336,27.1997606,29.128214,-0.8052999508870471
2024-08-02 18:30:00,32.12138996666667,31.86020988333333,32.029648,-0.09174213951823162
2024-08-02 19:00:00,36.37734723333333,36.90220571666666,38.57549,2.1981418108561215
2024-08-02 19:30:00,45.13844606666667,49.48353665,44.94561,-0.19283602027994817
2024-08-02 20:00:00,40.4675427,51.4474611,43.388428,2.9208850343749972
2024-08-02 20:30:00,41.83272766666666,41.49602168333333,41.271877,-0.560850377848304
2024-08-02 21:00:00,36.64403173333333,47.3602677,40.274456,3.6304242908365936
2024-08-02 21:30:00,38.22354558333333,46.94515723333333,40.93947,2.715922800455729
2024-08-02 22:00:00,43.824600583333336,43.98328716666666,42.28287,-1.541729336995445
2024-08-02 22:30:00,36.239112133333336,38.2811706,38.086857,1.8477447087076797
2024-08-02 23:00:00,40.433591150000005,39.98670503333333,42.302475,1.8688838255859324
2024-08-02 23:30:00,39.25154995,45.82760668333333,43.10899,3.8574397655761743
2024-08-03 00:00:00,38.944983416666666,45.826853400000005,40.220562,1.2755785645345057
2024-08-03 00:30:00,33.40798288333334,47.48795095,37.884315,4.476332607389317
2024-08-03 01:00:00,32.627069866666666,51.79909336666668,36.866215,4.2391448855305995
2024-08-03 01:30:00,33.5116016,47.374291633333335,35.453747,1.942145195654298
2024-08-03 02:00:00,30.674119266666665,41.40107928333333,34.72543,4.0513102682454445
2024-08-03 02:30:00,30.292641016666668,46.90300116666666,33.42947,3.1368290455891916
2024-08-03 03:00:00,28.365128866666662,39.18579605,31.505608,3.1404787383138064
2024-08-03 03:30:00,26.55642823333333,40.85420391666667,30.268845,3.712416371158856
2024-08-03 04:00:00,30.73120448333333,39.4263118,31.559233,0.8280282284586633
2024-08-03 04:30:00,28.92369718333333,42.835246133333335,32.535515,3.6118176482096374
2024-08-03 05:00:00,28.33002493333333,39.87050606666666,33.01406,4.684036040787763
2024-08-03 05:30:00,31.647106216666668,37.468387666666665,32.61071,0.9636039273763011
2024-08-03 06:00:00,42.56460813333333,46.459765633333326,39.560825,-3.0037827854329393
2024-08-03 06:30:00,49.11744461666667,50.43813823333334,45.86316,-3.254285436979167
2024-08-03 07:00:00,44.788147316666674,50.75762946666666,46.49389,1.705741538313795
2024-08-03 07:30:00,43.90268725000001,47.54864448333333,44.942112,1.039424718994134
2024-08-03 08:00:00,31.16976598333333,30.53121278333333,33.704964,2.5351977007487
2024-08-03 08:30:00,24.044106666666668,19.358366083333333,26.996342,2.9522350386555978
2024-08-03 09:00:00,21.0253046,9.78610285,21.181059,0.15575428366699384
2024-08-03 09:30:00,16.916188333333334,-4.759141083333334,14.149441,-2.766747567952475
2024-08-03 10:00:00,14.082102833333332,-17.774722316666665,8.80613,-5.275972424092609
2024-08-03 10:30:00,2.2697072500000006,-33.37624121666666,-0.14837402,-2.418081271053315
2024-08-03 11:00:00,-19.603354,-46.65156388333333,-21.385511,-1.7821573983154302
2024-08-03 11:30:00,-44.834017683333336,-65.63234393333333,-45.276974,-0.44295604103189845
2024-08-03 12:00:00,-66.61435505,-64.93851604999999,-65.16936,1.4449977501953128
2024-08-03 12:30:00,-82.26741996666667,-64.27113893333333,-82.13803,0.12938896080729023
2024-08-03 13:00:00,-92.45161895,-67.91270265,-90.256645,2.194973747363278
2024-08-03 13:30:00,-83.28643936666667,-51.621691166666665,-83.16091,0.12552780660807628
2024-08-03 14:00:00,-80.28338271666667,-42.46625393333333,-81.14817,-0.8647877545247411
2024-08-03 14:30:00,-75.34090880000001,-40.62286015,-73.75316,1.5877502306640707
2024-08-03 15:00:00,-56.9555955,-23.57303275,-58.211292,-1.255696766845702
2024-08-03 15:30:00,-43.5860183,-9.919437933333333,-38.55055,5.035469746533202
2024-08-03 16:00:00,-16.854152683333332,4.329038933333334,-16.733406,0.12074661643880091
2024-08-03 16:30:00,6.250951100000001,13.102578483333332,5.504382,-0.7465689665161142
2024-08-03 17:00:00,13.261801133333334,17.33358215,16.657831,3.3960300586832677
2024-08-03 17:30:00,23.2754745,20.481926066666663,20.639574,-2.635900449096681
2024-08-03 18:00:00,22.3063954,29.933513833333336,27.61376,5.307364594506836
2024-08-03 18:30:00,32.75101561666667,32.12138996666667,33.38302,0.6320028769856734
2024-08-03 19:00:00,45.9751239,36.37734723333333,41.223774,-4.751349943701172
2024-08-03 19:30:00,51.17967,45.13844606666667,49.795544,-1.3841263293457047
2024-08-03 20:00:00,48.56091383333333,40.4675427,48.03138,-0.5295341336262993
2024-08-03 20:30:00,58.8196724,41.83272766666666,54.057114,-4.762558752539064
2024-08-03 21:00:00,52.93592786666667,36.64403173333333,51.952744,-0.9831843363932293
2024-08-03 21:30:00,60.69214785,38.22354558333333,54.88092,-5.811227439843748
2024-08-03 22:00:00,54.55088883333334,43.824600583333336,52.45026,-2.100628670979823
2024-08-03 22:30:00,52.14317043333333,36.239112133333336,49.30874,-2.8344317248372377
2024-08-03 23:00:00,47.67918506666666,40.433591150000005,46.458496,-1.220688972916662
2024-08-03 23:30:00,47.324368416666665,39.25154995,45.683887,-1.6404809349772123
2024-08-04 00:00:00,45.15150883333334,38.944983416666666,44.57035,-0.5811581863606818
2024-08-04 00:30:00,42.58606498333334,33.40798288333334,39.36021,-3.225854564632165
2024-08-04 01:00:00,45.90996211666667,32.627069866666666,39.17453,-6.735432087369794
2024-08-04 01:30:00,48.898395,33.5116016,39.056572,-9.841823039550782
2024-08-04 02:00:00,41.47767285,30.674119266666665,37.11475,-4.362922941552732
2024-08-04 02:30:00,41.311447316666666,30.292641016666668,36.06801,-5.243438893815103
2024-08-04 03:00:00,37.48834615,28.365128866666662,34.281487,-3.2068596387695294
2024-08-04 03:30:00,36.92876616666666,26.55642823333333,31.849297,-5.0794695968424435
2024-08-04 04:00:00,40.483041066666665,30.73120448333333,32.910595,-7.572446126481118
2024-08-04 04:30:00,37.25557223333333,28.92369718333333,33.788723,-3.4668492413899727
2024-08-04 05:00:00,42.703353883333335,28.33002493333333,35.605423,-7.097930909700523
2024-08-04 05:30:00,35.85538725,31.647106216666668,36.850628,0.9952406491699222
2024-08-04 06:00:00,41.82979665,42.56460813333333,40.90236,-0.9274376412109362
2024-08-04 06:30:00,42.625150483333336,49.11744461666667,44.53121,1.906061369694008
2024-08-04 07:00:00,44.707873766666665,44.788147316666674,44.7979,0.09002738689778766
2024-08-04 07:30:00,42.92721326666666,43.90268725000001,44.782776,1.8555626122395878
2024-08-04 08:00:00,48.786037316666665,31.16976598333333,39.352543,-9.4334944394694
2024-08-04 08:30:00,36.797767283333336,24.044106666666668,32.32081,-4.4769588726888045
2024-08-04 09:00:00,37.007685566666666,21.0253046,31.620905,-5.386780644181314
2024-08-04 09:30:00,14.515654983333334,16.916188333333334,13.991657,-0.5239977262532562
2024-08-04 10:00:00,-8.296446466666666,14.082102833333332,-6.3818913,1.9145552160563142
2024-08-04 10:30:00,-25.353967816666664,2.2697072500000006,-25.508192,-0.1542242457112657
2024-08-04 11:00:00,-33.56688891666667,-19.603354,-32.586258,0.9806309820963577
2024-08-04 11:30:00,-54.22110628333333,-44.834017683333336,-55.128952,-0.9078457430338602
2024-08-04 12:00:00,-49.90681783333333,-66.61435505,-53.276608,-3.3697896800944065
2024-08-04 12:30:00,-44.35950331666667,-82.26741996666667,-50.90513,-6.545625162337238
2024-08-04 13:00:00,-46.62536835,-92.45161895,-54.022404,-7.397035367041013
2024-08-04 13:30:00,-39.51839995,-83.28643936666667,-42.677,-3.1585981884277317
2024-08-04 14:00:00,-31.11071718333333,-80.28338271666667,-35.022842,-3.9121252238932342
2024-08-04 14:30:00,-26.974881116666666,-75.34090880000001,-31.364708,-4.389826830110678
2024-08-04 15:00:00,-24.13498841666667,-56.9555955,-32.613483,-8.478495012288409
2024-08-04 15:30:00,-20.57817,-43.5860183,-25.999863,-5.421692670898437
2024-08-04 16:00:00,9.01704565,-16.854152683333332,1.481202,-7.535843643659973
2024-08-04 16:30:00,17.7592956,6.250951100000001,11.135208,-6.624087470117189
2024-08-04 17:00:00,22.17586113333333,13.261801133333334,19.524733,-2.6511285436116516
2024-08-04 17:30:00,30.3376644,23.2754745,26.337816,-3.999848161596681
2024-08-04 18:00:00,37.27359885,22.3063954,30.124323,-7.1492759587646475
2024-08-04 18:30:00,35.74038503333333,32.75101561666667,34.45113,-1.2892551200032543
2024-08-04 19:00:00,48.132518366666666,45.9751239,45.897366,-2.2351527965983067
2024-08-04 19:30:00,49.39354273333333,51.17967,49.411053,0.01750997052409531
2024-08-04 20:00:00,53.537195016666665,48.56091383333333,54.54897,1.011774252132163
2024-08-04 20:30:00,57.18571333333333,58.8196724,55.0875,-2.098211807454426
2024-08-04 21:00:00,54.080448233333335,52.93592786666667,52.99796,-1.0824890963704448
2024-08-04 21:30:00,52.3508773,60.69214785,50.480778,-1.8700995595214849
2024-08-04 22:00:00,46.0869571,54.55088883333334,47.657597,1.5706394881347663
2024-08-04 22:30:00,40.31665215,52.14317043333333,43.359818,3.0431653548828095
2024-08-04 23:00:00,48.05913653333334,47.67918506666666,44.718964,-3.340172910286462
2024-08-04 23:30:00,43.37501004999999,47.324368416666665,43.747192,0.3721823328125069
2024-08-05 00:00:00,42.7416623,45.15150883333334,43.216103,0.4744403000976547
2024-08-05 00:30:00,39.27134945,42.58606498333334,40.013268,0.7419180670898413
2024-08-05 01:00:00,33.74953223333333,45.90996211666667,37.33162,3.582087029361979
2024-08-05 01:30:00,34.86119996666667,48.898395,37.67898,2.8177818143391917
2024-08-05 02:00:00,31.79689441666667,41.47767285,36.727325,4.930431022786454
2024-08-05 02:30:00,35.68774096666667,41.311447316666666,36.16762,0.4798806458821616
2024-08-05 03:00:00,25.1265239,37.48834615,29.838547,4.712022852929689
2024-08-05 03:30:00,26.309677283333333,36.92876616666666,30.785593,4.4759157495035815
2024-08-05 04:00:00,31.42469948333333,40.483041066666665,34.05329,2.62859183746745
2024-08-05 04:30:00,27.23926008333333,37.25557223333333,31.096222,3.856961840494794
2024-08-05 05:00:00,28.9962867,42.703353883333335,35.45421,6.457921674023439
2024-08-05 05:30:00,28.849420533333333,35.85538725,34.06937,5.219949736442057
2024-08-05 06:00:00,42.7585939,41.82979665,40.64422,-2.1143754551757823
2024-08-05 06:30:00,41.55730995,42.625150483333336,44.37947,2.8221608751953156
2024-08-05 07:00:00,42.15770843333333,44.707873766666665,46.189606,4.031897279557292
2024-08-05 07:30:00,45.748974366666666,42.92721326666666,45.914104,0.16513009500325637
2024-08-05 08:00:00,43.50659735,48.786037316666665,45.800117,2.2935201426757814
2024-08-05 08:30:00,41.16164385,36.797767283333336,38.470215,-2.6914290062499973
2024-08-05 09:00:00,35.67828503333333,37.007685566666666,36.22654,0.5482545784830748
2024-08-05 09:30:00,30.01850573333333,14.515654983333334,26.032057,-3.9864489248616515
2024-08-05 10:00:00,13.907228266666666,-8.296446466666666,10.188077,-3.71915129370524
2024-08-05 10:30:00,12.944678316666668,-25.353967816666664,4.1717453,-8.772933016373699
2024-08-05 11:00:00,3.1555349833333337,-33.56688891666667,-1.790075,-4.945609927829489
2024-08-05 11:30:00,-4.6368911,-54.22110628333333,-9.432861,-4.795970228125
2024-08-05 12:00:00,-15.904726183333333,-49.90681783333333,-25.77787,-9.873143994889324
2024-08-05 12:30:00,-35.17339105,-44.35950331666667,-36.363174,-1.1897833884765632
2024-08-05 13:00:00,-41.34944273333333,-46.62536835,-43.233902,-1.884459244205729
2024-08-05 13:30:00,-47.01626721666667,-39.51839995,-46.240765,0.7755025987467477
2024-08-05 14:00:00,-46.21660895,-31.11071718333333,-47.33133,-1.1147203957031238
2024-08-05 14:30:00,-44.50625666666667,-26.974881116666666,-46.261837,-1.7555803389485618
2024-08-05 15:00:00,-44.8287502,-24.13498841666667,-44.14882,0.6799312302734393
2024-08-05 15:30:00,-24.741882716666662,-20.57817,-24.320223,0.4216598620524046
2024-08-05 16:00:00,-19.450691266666663,9.01704565,-14.218658,5.232032819401038
2024-08-05 16:30:00,12.027198883333332,17.7592956,16.061678,4.034479049405926
2024-08-05 17:00:00,24.22603886666667,22.17586113333333,22.709743,-1.5162953669108106
2024-08-05 17:30:00,34.7934845,30.3376644,32.08067,-2.7128150969238263
2024-08-05 18:00:00,35.2414829,37.27359885,35.140224,-0.10125844321289179
2024-08-05 18:30:00,41.69840331666666,35.74038503333333,42.03499,0.33658508665364906
2024-08-05 19:00:00,52.12047283333334,48.132518366666666,52.016342,-0.1041306702474003
2024-08-05 19:30:00,62.81345775,49.39354273333333,59.9701,-2.8433573471679665
2024-08-05 20:00:00,67.46723793333334,53.537195016666665,61.79343,-5.673807604964196
2024-08-05 20:30:00,59.44562463333333,57.18571333333333,57.43329,-2.012336059114581
2024-08-05 21:00:00,55.07828513333334,54.080448233333335,54.686386,-0.3918990249349008
2024-08-05 21:30:00,53.43202061666667,52.3508773,52.28889,-1.1431297780436225
2024-08-05 22:00:00,49.41209175,46.0869571,47.646893,-1.76519920239258
2024-08-05 22:30:00,44.56318553333333,40.31665215,44.550423,-0.012762864876300739
2024-08-05 23:00:00,43.3774478,48.05913653333334,45.160336,1.7828877407714856
2024-08-05 23:30:00,40.23793776666667,43.37501004999999,43.143314,2.905376594905597
2024-08-06 00:00:00,45.84774723333334,42.7416623,43.861122,-1.9866251019856804
2024-08-06 00:30:00,43.3280839,39.27134945,42.432526,-0.8955582652343779
2024-08-06 01:00:00,40.75439343333333,33.74953223333333,38.357906,-2.3964870917805925
2024-08-06 01:30:00,36.91065995,34.86119996666667,37.54047,0.6298101732910126
2024-08-06 02:00:00,38.32287886666666,31.79689441666667,37.21247,-1.1104078583658819
2024-08-06 02:30:00,36.47843003333333,35.68774096666667,36.47538,-0.0030500894856757554
2024-08-06 03:00:00,34.54351005,25.1265239,32.49682,-2.046691507519533
2024-08-06 03:30:00,35.34868771666667,26.309677283333333,31.91499,-3.4336982452311204
2024-08-06 04:00:00,39.11641488333333,31.42469948333333,35.303593,-3.8128222014485615
2024-08-06 04:30:00,40.76003721666667,27.23926008333333,36.43256,-4.327477249625652
2024-08-06 05:00:00,36.12722166666666,28.9962867,34.685867,-1.441354357096344
2024-08-06 05:30:00,38.334619966666665,28.849420533333333,36.953594,-1.381025758902993
2024-08-06 06:00:00,45.13305449999999,42.7585939,46.500313,1.3672583051757883
2024-08-06 06:30:00,51.07234956666667,41.55730995,48.79983,-2.272518176285807
2024-08-06 07:00:00,48.82046436666667,42.15770843333333,49.74789,0.9274261057454396
2024-08-06 07:30:00,55.55419388333333,45.748974366666666,53.612602,-1.9415916494466146
2024-08-06 08:00:00,53.51063941666666,43.50659735,51.96969,-1.5409510011393195
2024-08-06 08:30:00,35.908803516666666,41.16164385,41.102608,5.1938042103841155
2024-08-06 09:00:00,17.34613888333333,35.67828503333333,22.989567,5.643427919645184
2024-08-06 09:30:00,1.4951822166666673,30.01850573333333,4.94085,3.4456675643697094
2024-08-06 10:00:00,-21.17781625,13.907228266666666,-17.60572,3.572095729980468
2024-08-06 10:30:00,-36.64087115,12.944678316666668,-34.19135,2.4495221204589868
2024-08-06 11:00:00,-60.78895245,3.1555349833333337,-56.394753,4.39419994755859
2024-08-06 11:30:00,-81.44436215,-4.6368911,-75.6009,5.843463407324222
2024-08-06 12:00:00,-84.6885634,-15.904726183333333,-83.78875,0.899813705175788
2024-08-06 12:30:00,-91.62738605,-35.17339105,-85.83445,5.792936281933592
2024-08-06 13:00:00,-101.98270835,-41.34944273333333,-94.950615,7.032093420800777
2024-08-06 13:30:00,-93.17466325,-47.01626721666667,-87.23732,5.937343303710932
2024-08-06 14:00:00,-84.39581665,-46.21660895,-85.38591,-0.9900933841796871
2024-08-06 14:30:00,-81.31535889999999,-44.50625666666667,-77.70507,3.610288404394524
2024-08-06 15:00:00,-60.23181156666666,-44.8287502,-53.433434,6.798378033951813
2024-08-06 15:30:00,-42.77212565,-24.741882716666662,-38.737892,4.034233499121093
2024-08-06 16:00:00,-21.42659165,-19.450691266666663,-21.293625,0.13296677207031138
2024-08-06 16:30:00,0.9578819666666664,12.027198883333332,2.2495654,1.2916833962636316
2024-08-06 17:00:00,6.2052962,24.22603886666667,13.331393,7.126097041882324
2024-08-06 17:30:00,18.63172558333333,34.7934845,19.747194,1.1154687068278015
2024-08-06 18:00:00,22.708147683333333,35.2414829,25.793242,3.085093817521159
2024-08-06 18:30:00,28.226889966666665,41.69840331666666,31.871557,3.6446672690511086
2024-08-06 19:00:00,26.953614266666666,52.12047283333334,30.288797,3.3351831118733735
2024-08-06 19:30:00,41.41855953333334,62.81345775,42.676502,1.2579426944498664
2024-08-06 20:00:00,44.80251613333333,67.46723793333334,45.707783,0.9052666120280008
2024-08-06 20:30:00,46.47324006666667,59.44562463333333,46.66253,0.18928892503254957
2024-08-06 21:00:00,48.538532233333335,55.07828513333334,47.855087,-0.6834449530598974
2024-08-06 21:30:00,48.58008661666667,53.43202061666667,48.029335,-0.5507515946940131
2024-08-06 22:00:00,46.26073835,49.41209175,47.107533,0.8467941512207062
2024-08-06 22:30:00,43.94648003333333,44.56318553333333,42.514282,-1.43219780677083
2024-08-06 23:00:00,47.22423228333333,43.3774478,44.706173,-2.5180593402180946
2024-08-06 23:30:00,34.7633361,40.23793776666667,38.669003,3.905666432958988
2024-08-07 00:00:00,33.80908555,45.84774723333334,39.75679,5.947704611132814
2024-08-07 00:30:00,32.21104811666667,43.3280839,38.065834,5.854785928743489
2024-08-07 01:00:00,31.97948716666667,40.75439343333333,34.88427,2.9047825476888
2024-08-07 01:30:00,27.28586945,36.91065995,29.67282,2.3869496875732423
2024-08-07 02:00:00,26.03941215,38.32287886666666,30.388685,4.349273076440429
2024-08-07 02:30:00,29.93356375,36.47843003333333,31.918835,1.9852709362792957
2024-08-07 03:00:00,28.579843316666665,34.54351005,30.38626,1.8064157623128274
2024-08-07 03:30:00,33.049818916666666,35.34868771666667,30.876192,-2.1736268237711585
2024-08-07 04:00:00,32.2614766,39.11641488333333,33.139706,0.8782290579589827
2024-08-07 04:30:00,31.26709381666667,40.76003721666667,33.57082,2.3037260380696587
2024-08-07 05:00:00,29.64666993333333,36.12722166666666,31.600075,1.9534048347330746
2024-08-07 05:30:00,33.254674,38.334619966666665,33.99121,0.7365369374999986
2024-08-07 06:00:00,37.4819267,45.13305449999999,40.045563,2.5636360441406225
2024-08-07 06:30:00,45.14800215,51.07234956666667,44.285587,-0.8624148392089879
2024-08-07 07:00:00,55.59369948333333,48.82046436666667,52.287804,-3.305895833430988
2024-08-07 07:30:00,53.78235943333333,55.55419388333333,51.71876,-2.0635979892415364
2024-08-07 08:00:00,44.926728716666666,53.51063941666666,45.588196,0.6614670841145838
2024-08-07 08:30:00,29.03613335,35.908803516666666,27.8878,-1.1483331333251954
2024-08-07 09:00:00,8.038317350000002,17.34613888333333,9.422518,1.3842004264892562
2024-08-07 09:30:00,-9.33303995,1.4951822166666673,-4.9900117,4.343028257952881
2024-08-07 10:00:00,-26.66389035,-21.17781625,-24.64962,2.0142702938476553
2024-08-07 10:30:00,-42.6913095,-36.64087115,-41.933712,0.7575974943847683
2024-08-07 11:00:00,-64.14195943333333,-60.78895245,-61.4562,2.6857597873372328
2024-08-07 11:30:00,-84.89634235,-81.44436215,-82.435844,2.460497928613279
2024-08-07 12:00:00,-95.51583115,-84.6885634,-95.20656,0.3092729224609343
2024-08-07 12:30:00,-103.40746331666666,-91.62738605,-101.0085,2.398964171158852
2024-08-07 13:00:00,-111.55153448333334,-101.98270835,-109.02496,2.5265711044270915
2024-08-07 13:30:00,-109.71292891666668,-93.17466325,-105.042915,4.670013572428402
2024-08-07 14:00:00,-98.99402555,-84.39581665,-98.07883,0.9151986457031285
2024-08-07 14:30:00,-91.6443722,-81.31535889999999,-91.400024,0.2443477859375065
2024-08-07 15:00:00,-72.81220168333333,-60.23181156666666,-74.49862,-1.686417396256516
2024-08-07 15:30:00,-50.23438766666666,-42.77212565,-50.638058,-0.40367004207357127
2024-08-07 16:00:00,-24.5443556,-21.42659165,-24.136911,0.4074442077880853
2024-08-07 16:30:00,-4.865197266666667,0.9578819666666664,-4.2623997,0.6027975932047527
2024-08-07 17:00:00,4.74265515,6.2052962,6.1536613,1.4110061010681152
2024-08-07 17:30:00,8.99408925,18.63172558333333,14.015827,5.021737928955078
2024-08-07 18:00:00,21.86155335,22.708147683333333,20.164564,-1.6969892173095715
2024-08-07 18:30:00,35.938808816666665,28.226889966666665,28.827415,-7.111393350358071
2024-08-07 19:00:00,31.87076216666667,26.953614266666666,30.352026,-1.5187361809488955
2024-08-07 19:30:00,38.62726876666667,41.41855953333334,38.552326,-0.07494256427408885
2024-08-07 20:00:00,42.95277608333333,44.80251613333333,43.682037,0.7292612701822918
2024-08-07 20:30:00,51.82537553333333,46.47324006666667,48.41084,-3.414536452522782
2024-08-07 21:00:00,51.02991611666667,48.538532233333335,49.270554,-1.7593625277994818
2024-08-07 21:30:00,52.46078678333333,48.58008661666667,48.812344,-3.6484431859212236
2024-08-07 22:00:00,57.7870335,46.26073835,47.93285,-9.854183615966797
2024-08-07 22:30:00,43.04728608333334,43.94648003333333,42.436638,-0.6106482049153712
2024-08-07 23:00:00,42.39447823333333,47.22423228333333,41.918236,-0.476242454524737
2024-08-07 23:30:00,42.10788401666667,34.7633361,39.05797,-3.049915877018229
2024-08-08 00:00:00,40.3860193,33.80908555,37.93546,-2.4505601630371103
2024-08-08 00:30:00,39.733088783333336,32.21104811666667,38.216476,-1.5166123429036489
2024-08-08 01:00:00,39.25619823333333,31.97948716666667,36.16214,-3.094058340755204
2024-08-08 01:30:00,36.93192071666667,27.28586945,34.9498,-1.9821221326822922
2024-08-08 02:00:00,32.938165000000005,26.03941215,32.361057,-0.5771077185058644
2024-08-08 02:30:00,34.3318844,29.93356375,33.203625,-1.128259674658203
2024-08-08 03:00:00,32.11931731666667,28.579843316666665,30.599955,-1.5193627115641277
2024-08-08 03:30:00,32.417621716666666,33.049818916666666,32.730907,0.31328572351888084
2024-08-08 04:00:00,33.50302501666667,32.2614766,32.4392,-1.0638236616862002
2024-08-08 04:30:00,33.99925843333333,31.26709381666667,32.331154,-1.668104563704425
2024-08-08 05:00:00,35.88428818333333,29.64666993333333,34.37267,-1.5116189633626291
2024-08-08 05:30:00,32.50773838333333,33.254674,34.58567,2.0779320878580734
2024-08-08 06:00:00,40.77214715,37.4819267,39.69902,-1.0731267642578146
2024-08-08 06:30:00,45.32161168333334,45.14800215,44.75079,-0.570822040999353
2024-08-08 07:00:00,55.864669383333336,55.59369948333333,51.423134,-4.44153553323568
2024-08-08 07:30:00,51.95150228333333,53.78235943333333,50.378548,-1.572954614876302
2024-08-08 08:00:00,50.12689893333334,44.926728716666666,46.220463,-3.906436134261071
2024-08-08 08:30:00,24.208041666666663,29.03613335,25.224657,1.0166153920491574
2024-08-08 09:00:00,13.310422266666665,8.038317350000002,10.403616,-2.906806315128579
2024-08-08 09:30:00,-3.468061,-9.33303995,-3.9530606,-0.4849996269836425
2024-08-08 10:00:00,-10.21035825,-26.66389035,-11.966845,-1.7564863087158198
2024-08-08 10:30:00,-17.58132386666667,-42.6913095,-22.248629,-4.667304749666339
2024-08-08 11:00:00,-33.54460556666667,-64.14195943333333,-34.73569,-1.1910855038899726
2024-08-08 11:30:00,-46.741496266666665,-84.89634235,-48.112175,-1.3706787211263034
2024-08-08 12:00:00,-54.20875325,-95.51583115,-54.115993,0.09275975024414151
2024-08-08 12:30:00,-57.58912171666666,-103.40746331666666,-59.852467,-2.2633448665852924
2024-08-08 13:00:00,-62.44914215,-111.55153448333334,-60.891167,1.5579754629882814
2024-08-08 13:30:00,-50.219059416666674,-109.71292891666668,-51.63952,-1.4204593211262946
2024-08-08 14:00:00,-41.3451106,-98.99402555,-42.647503,-1.3023922991699237
2024-08-08 14:30:00,-43.76517328333333,-91.6443722,-44.985207,-1.2200333206705736
2024-08-08 15:00:00,-31.47571566666667,-72.81220168333333,-34.514133,-3.038417786702471
2024-08-08 15:30:00,-15.232145483333332,-50.23438766666666,-14.600336,0.6318094085042301
2024-08-08 16:00:00,5.268866699999999,-24.5443556,2.4297884,-2.8390783489410394
2024-08-08 16:30:00,15.570391583333334,-4.865197266666667,11.471454,-4.098937916646323
2024-08-08 17:00:00,20.654984966666664,4.74265515,17.91368,-2.741305843741859
2024-08-08 17:30:00,21.66299455,8.99408925,20.828606,-0.8343888981445318
2024-08-08 18:00:00,25.8265723,21.86155335,26.041563,0.21499073405761848
2024-08-08 18:30:00,35.37956716666667,35.938808816666665,32.19676,-3.182808896402996
2024-08-08 19:00:00,35.7362484,31.87076216666667,34.555496,-1.1807521841796884
2024-08-08 19:30:00,37.206028233333335,38.62726876666667,37.70953,0.5035016433756496
2024-08-08 20:00:00,42.56065606666667,42.95277608333333,42.179222,-0.3814339597330729
2024-08-08 20:30:00,43.00385121666667,51.82537553333333,43.43301,0.4291588846516916
2024-08-08 21:00:00,42.31182675,51.02991611666667,46.03175,3.7199229753417953
2024-08-08 21:30:00,44.539477866666665,52.46078678333333,45.493504,0.9540257038899753
2024-08-08 22:00:00,49.44046655,57.7870335,45.7076,-3.7328669101074183
2024-08-08 22:30:00,44.31466176666667,43.04728608333334,43.39124,-0.9234226004069015
2024-08-08 23:00:00,39.807157833333335,42.39447823333333,38.94932,-0.857836086507163
2024-08-08 23:30:00,37.76437656666667,42.10788401666667,38.858295,1.0939188740071586
2024-08-09 00:00:00,38.7325466,40.3860193,38.11733,-0.615217956201171
2024-08-09 00:30:00,30.25905605,39.733088783333336,32.920452,2.6613960679199202
2024-08-09 01:00:00,30.108681633333333,39.25619823333333,30.504662,0.3959799267252606
2024-08-09 01:30:00,24.74507608333333,36.93192071666667,27.842176,3.097100354044599
2024-08-09 02:00:00,23.35888613333333,32.938165000000005,27.992258,4.633371938566086
2024-08-09 02:30:00,27.34570323333333,34.3318844,28.713594,1.3678912033121762
2024-08-09 03:00:00,20.362741566666667,32.11931731666667,25.068605,4.705863856306966
2024-08-09 03:30:00,20.57435343333333,32.417621716666666,24.453363,3.879009985245773
2024-08-09 04:00:00,21.883472666666663,33.50302501666667,26.784296,4.900823369099939
2024-08-09 04:30:00,25.396942183333334,33.99925843333333,27.679241,2.2822989970865883
2024-08-09 05:00:00,33.61967175,35.88428818333333,30.141394,-3.4782780885009785
2024-08-09 05:30:00,31.8762468,32.50773838333333,31.06246,-0.8137868543212896
2024-08-09 06:00:00,43.65059013333333,40.77214715,41.162678,-2.487912368440753
2024-08-09 06:30:00,49.52172008333333,45.32161168333334,44.29816,-5.223559530354812
2024-08-09 07:00:00,43.19487956666666,55.864669383333336,45.890083,2.6952037463216243
2024-08-09 07:30:00,47.52889006666667,51.95150228333333,46.38086,-1.1480306916666692
2024-08-09 08:00:00,36.48289385,50.12689893333334,37.27888,0.7959872229980434
2024-08-09 08:30:00,16.460654466666664,24.208041666666663,19.197788,2.7371337718587263
2024-08-09 09:00:00,6.313163899999999,13.310422266666665,7.9444976,1.6313336852966316
2024-08-09 09:30:00,-4.8176911,-3.468061,-6.41344,-1.5957491275085447
2024-08-09 10:00:00,-24.8554551,-10.21035825,-22.083416,2.7720391148925785
2024-08-09 10:30:00,-33.61556893333333,-17.58132386666667,-32.784195,0.831373987044266
2024-08-09 11:00:00,-44.279244616666666,-33.54460556666667,-47.22442,-2.9451740234700523
2024-08-09 11:30:00,-65.42002431666667,-46.741496266666665,-64.8834,0.5366243532877633
2024-08-09 12:00:00,-73.9875955,-54.20875325,-73.85736,0.13023466015624763
2024-08-09 12:30:00,-79.26242013333332,-57.58912171666666,-79.525665,-0.2632451498698032
2024-08-09 13:00:00,-91.97137388333334,-62.44914215,-87.3537,4.617675152864592
2024-08-09 13:30:00,-100.1666517,-50.219059416666674,-94.59376,5.5728940706054715
2024-08-09 14:00:00,-85.80038106666666,-41.3451106,-83.70047,2.0999110959635345
2024-08-09 14:30:00,-83.50779338333334,-43.76517328333333,-82.331696,1.1760978266927111
2024-08-09 15:00:00,-67.68800145,-31.47571566666667,-64.9527,2.7353036960937516
2024-08-09 15:30:00,-50.91931508333334,-15.232145483333332,-51.980236,-1.0609209701334592
2024-08-09 16:00:00,-33.31741996666667,5.268866699999999,-30.298946,3.018473586051435
2024-08-09 16:30:00,-15.705374483333337,15.570391583333334,-10.723234,4.982140306697595
2024-08-09 17:00:00,-3.0869948833333325,20.654984966666664,0.26736748,3.3543623655186963
2024-08-09 17:30:00,0.8048550500000001,21.66299455,9.397722,8.592867194262695
2024-08-09 18:00:00,13.6387839,25.8265723,17.712471,4.073687108300781
2024-08-09 18:30:00,21.6227128,35.37956716666667,22.782278,1.1595652609130873
2024-08-09 19:00:00,20.4533664,35.7362484,21.224733,0.7713669526611326
2024-08-09 19:30:00,17.50665725,37.206028233333335,20.594172,3.0875142740478516
2024-08-09 20:00:00,21.82710213333333,42.56065606666667,26.241106,4.414003899991865
2024-08-09 20:30:00,35.24874236666667,43.00385121666667,35.460445,0.21170303738606577
2024-08-09 21:00:00,42.36163243333333,42.31182675,39.376602,-2.9850302604817642
2024-08-09 21:30:00,43.78209905,44.539477866666665,42.15899,-1.6231100973632806
2024-08-09 22:00:00,47.156334416666674,49.44046655,45.458755,-1.6975789235026113
2024-08-09 22:30:00,39.7408618,44.31466176666667,40.092766,0.3519040081054712
2024-08-09 23:00:00,41.33684613333333,39.807157833333335,39.537205,-1.7996413909016908
2024-08-09 23:30:00,41.93764491666666,37.76437656666667,36.83235,-5.105293232096351
2024-08-10 00:00:00,36.72876898333333,38.7325466,37.920788,1.1920188279459651
2024-08-10 00:30:00,35.751113350000004,30.25905605,35.757565,0.006451194677730143
2024-08-10 01:00:00,29.40639788333333,30.108681633333333,29.368753,-0.037644450105791094
2024-08-10 01:30:00,26.264576066666667,24.74507608333333,28.640059,2.375482450789388
2024-08-10 02:00:00,23.88913456666667,23.35888613333333,26.494091,2.6049564672688774
2024-08-10 02:30:00,28.19424211666667,27.34570323333333,28.491333,0.29709089114583165
2024-08-10 03:00:00,24.765057016666663,20.362741566666667,25.337574,0.5725169884602899
2024-08-10 03:30:00,29.762171333333335,20.57435343333333,25.628836,-4.133335655232749
2024-08-10 04:00:00,27.36464943333333,21.883472666666663,26.335033,-1.0296160165852832
2024-08-10 04:30:00,30.4842843,25.396942183333334,27.487738,-2.9965466443603503
2024-08-10 05:00:00,29.85850071666667,33.61967175,30.341036,0.4825351262288393
2024-08-10 05:30:00,29.86362838333333,31.8762468,30.319761,0.4561328929117856
2024-08-10 06:00:00,35.2618067,43.65059013333333,36.116047,0.8542402055175771
2024-08-10 06:30:00,39.97721105,49.52172008333333,39.71807,-0.25914006611328233
2024-08-10 07:00:00,39.31213616666667,43.19487956666666,41.28302,1.9708838528645813
2024-08-10 07:30:00,45.48176835,47.52889006666667,43.161957,-2.319811562890628
2024-08-10 08:00:00,35.17782158333333,36.48289385,34.20581,-0.9720110364583334
2024-08-10 08:30:00,24.336041066666667,16.460654466666664,22.545107,-1.7909341788492839
2024-08-10 09:00:00,15.497627533333334,6.313163899999999,13.584382,-1.913245476143393
2024-08-10 09:30:00,-5.0415845,-4.8176911,-6.2208347,-1.1792502320556641
2024-08-10 10:00:00,-29.29717035,-24.8554551,-31.007788,-1.7106173544677752
2024-08-10 10:30:00,-53.89479838333333,-33.61556893333333,-50.026302,3.8684960456868467
2024-08-10 11:00:00,-75.18968108333333,-44.279244616666666,-74.21517,0.9745092693684825
2024-08-10 11:30:00,-91.70432999999998,-65.42002431666667,-86.26107,5.443259748535141
2024-08-10 12:00:00,-97.676615,-73.9875955,-96.83671,0.8399069311523419
2024-08-10 12:30:00,-102.27105281666668,-79.26242013333332,-95.564026,6.707026937760432
2024-08-10 13:00:00,-102.97695993333332,-91.97137388333334,-104.22182,-1.2448570832682435
2024-08-10 13:30:00,-115.6452628,-100.1666517,-112.208275,3.436987958691404
2024-08-10 14:00:00,-101.9749366,-85.80038106666666,-102.02755,-0.05261314365233716
2024-08-10 14:30:00,-92.36265228333332,-83.50779338333334,-91.305305,1.057346802376287
2024-08-10 15:00:00,-80.73476208333334,-67.68800145,-77.6393,3.095464597981774
2024-08-10 15:30:00,-61.28646938333333,-50.91931508333334,-56.45719,4.829277916048177
2024-08-10 16:00:00,-41.5209606,-33.31741996666667,-37.08897,4.43199041567383
2024-08-10 16:30:00,-23.28488218333333,-15.705374483333337,-22.189781,1.0951009943684866
2024-08-10 17:00:00,-6.837619933333333,-3.0869948833333325,-2.1838717,4.653748187270101
2024-08-10 17:30:00,2.2127928166666666,0.8048550500000001,6.3348956,4.122102794142659
2024-08-10 18:00:00,6.419264366666667,13.6387839,12.588825,6.169560859163411
2024-08-10 18:30:00,11.91288115,21.6227128,16.812916,4.900034652001953
2024-08-10 19:00:00,23.093201583333336,20.4533664,22.751434,-0.34176725716146095
2024-08-10 19:30:00,26.3023111,17.50665725,25.563839,-0.7384721412597663
2024-08-10 20:00:00,25.1825661,21.82710213333333,26.28904,1.1064735118164073
2024-08-10 20:30:00,31.202091616666667,35.24874236666667,30.18916,-1.0129322233561204
2024-08-10 21:00:00,36.50370955,42.36163243333333,38.072723,1.5690138386718715
2024-08-10 21:30:00,37.01245896666666,43.78209905,40.750824,3.7383650079427184
2024-08-10 22:00:00,42.4399434,47.156334416666674,41.22931,-1.210634317968747
2024-08-10 22:30:00,35.499066066666664,39.7408618,37.31561,1.8165429116048202
2024-08-10 23:00:00,35.24995788333333,41.33684613333333,36.437546,1.1875878930338573
2024-08-10 23:30:00,34.0377818,41.93764491666666,34.86857,0.8307866204101586
2024-08-11 00:00:00,31.597895616666666,36.72876898333333,32.019043,0.4211473520833344
2024-08-11 00:30:00,31.2475805,35.751113350000004,30.55875,-0.6888303474121109
2024-08-11 01:00:00,28.1255072,29.40639788333333,29.811615,1.6861077902343737
2024-08-11 01:30:00,27.830874466666668,26.264576066666667,27.353968,-0.4769068000406911
2024-08-11 02:00:00,30.64638388333333,23.88913456666667,27.026583,-3.6198011654378206
2024-08-11 02:30:00,30.58208233333333,28.19424211666667,27.45008,-3.1320014617512975
2024-08-11 03:00:00,25.97551011666667,24.765057016666663,23.631144,-2.34436654672038
2024-08-11 03:30:00,21.61438126666667,29.762171333333335,22.129925,0.5155435075032528
2024-08-11 04:00:00,23.034648166666667,27.36464943333333,24.311308,1.2766597404378253
2024-08-11 04:30:00,22.791395,30.4842843,25.304153,2.512758442382811
2024-08-11 05:00:00,21.760073916666663,29.85850071666667,25.881878,4.121803982503259
2024-08-11 05:30:00,23.935212383333337,29.86362838333333,27.54075,3.6055381202067025
2024-08-11 06:00:00,28.537651133333338,35.2618067,30.605145,2.0674933673990843
2024-08-11 06:30:00,36.90198828333333,39.97721105,37.987865,1.0858771646647156
2024-08-11 07:00:00,32.72561553333333,39.31213616666667,35.48578,2.7601632752604175
2024-08-11 07:30:00,33.03692285,45.48176835,36.803333,3.7664104324706997
2024-08-11 08:00:00,28.168888383333336,35.17782158333333,31.046267,2.877378172452797
2024-08-11 08:30:00,18.92722781666667,24.336041066666667,20.330587,1.4033595704182922
2024-08-11 09:00:00,10.14031235,15.497627533333334,10.32177,0.18145736435546844
2024-08-11 09:30:00,-14.270241483333336,-5.0415845,-13.277461,0.9927804313924184
2024-08-11 10:00:00,-32.29813445,-29.29717035,-28.544834,3.7533003130371085
2024-08-11 10:30:00,-52.45362458333333,-53.89479838333333,-45.61538,6.838245249837236
2024-08-11 11:00:00,-76.63996111666667,-75.18968108333333,-73.24732,3.3926390341471375
2024-08-11 11:30:00,-86.72300333333334,-91.70432999999998,-86.62022,0.10278696370443186
2024-08-11 12:00:00,-89.34084945,-97.676615,-89.30069,0.040159752734368226
2024-08-11 12:30:00,-101.41887838333332,-102.27105281666668,-100.429665,0.9892137715169156
2024-08-11 13:00:00,-110.0391445,-102.97695993333332,-105.08344,4.955701812011725
2024-08-11 13:30:00,-104.61992001666664,-115.6452628,-104.301056,0.3188641084635151
2024-08-11 14:00:00,-93.0248849,-101.9749366,-92.73834,0.28654261484375354
2024-08-11 14:30:00,-94.8541051,-92.36265228333332,-92.3423,2.5118046849609357
2024-08-11 15:00:00,-79.25438824999999,-80.73476208333334,-76.250725,3.0036634575195222
2024-08-11 15:30:00,-54.18069556666666,-61.28646938333333,-54.50501,-0.32431313084310887
2024-08-11 16:00:00,-39.46773955,-41.5209606,-37.153767,2.3139729179199193
2024-08-11 16:30:00,-18.155153483333333,-23.28488218333333,-16.432503,1.7226507367513015
2024-08-11 17:00:00,-9.102262683333333,-6.837619933333333,-6.485347,2.6169158892049147
2024-08-11 17:30:00,8.780346233333335,2.2127928166666666,10.708236,1.9278895073282865
2024-08-11 18:00:00,15.831992183333332,6.419264366666667,15.799224,-0.03276828349202354
2024-08-11 18:30:00,19.609399,11.91288115,20.76845,1.1590507833251955
2024-08-11 19:00:00,15.51584515,23.093201583333336,19.334478,3.818633228295898
2024-08-11 19:30:00,20.48117938333333,26.3023111,21.322735,0.8415554494303414
2024-08-11 20:00:00,21.273301666666665,25.1825661,25.505655,4.232353622029624
2024-08-11 20:30:00,25.927317183333333,31.202091616666667,28.020542,2.0932249614420577
2024-08-11 21:00:00,33.76064713333333,36.50370955,34.8597,1.0990521159342492
2024-08-11 21:30:00,37.443389833333335,37.01245896666666,35.546543,-1.896846711995444
2024-08-11 22:00:00,36.17301605,42.4399434,36.886986,0.7139697288085927
2024-08-11 22:30:00,30.644469533333336,35.499066066666664,34.68158,4.037110056510414
2024-08-11 23:00:00,28.152933283333336,35.24995788333333,31.977386,3.8244531912760387
2024-08-11 23:30:00,32.29770778333333,34.0377818,33.894367,1.5966594346842484
2024-08-12 00:00:00,33.72298838333333,31.597895616666666,34.270172,0.5471837358072946
2024-08-12 00:30:00,29.75299716666667,31.2475805,31.680162,1.9271652631429
2024-08-12 01:00:00,34.1572255,28.1255072,30.534384,-3.6228417261962917
2024-08-12 01:30:00,28.87520553333333,27.830874466666668,28.877806,0.002600176505538343
2024-08-12 02:00:00,28.773228366666668,30.64638388333333,28.830439,0.0572102472249334
2024-08-12 02:30:00,29.45240228333333,30.58208233333333,29.108389,-0.3440133825764953
2024-08-12 03:00:00,24.163133483333336,25.97551011666667,27.049038,2.885904450016273
2024-08-12 03:30:00,21.000542866666667,21.61438126666667,24.90497,3.904427302400716
2024-08-12 04:00:00,24.06833041666667,23.034648166666667,25.762218,1.6938880586751281
2024-08-12 04:30:00,26.076482166666665,22.791395,27.167664,1.0911814075520851
2024-08-12 05:00:00,25.122443383333334,21.760073916666663,27.523266,2.4008224552897133
2024-08-12 05:30:00,28.429669633333333,23.935212383333337,30.339218,1.9095485063151045
2024-08-12 06:00:00,38.15041505,28.537651133333338,35.726715,-2.4236999621093744
2024-08-12 06:30:00,42.0031489,36.90198828333333,39.635757,-2.367391453710937
2024-08-12 07:00:00,39.56103823333333,32.72561553333333,40.089066,0.5280273184244848
2024-08-12 07:30:00,39.10804293333333,33.03692285,38.33368,-0.7743637341145799
2024-08-12 08:00:00,26.33712603333333,28.168888383333336,30.125746,3.7886197399820993
2024-08-12 08:30:00,17.060364433333334,18.92722781666667,19.570696,2.510331443741862
2024-08-12 09:00:00,5.870534849999999,10.14031235,9.876017,4.00548176682129
2024-08-12 09:30:00,-4.3825632500000005,-14.270241483333336,-6.141862,-1.7592986655883784
2024-08-12 10:00:00,-28.01212986666667,-32.29813445,-22.494776,5.517354094571942
2024-08-12 10:30:00,-37.06628055,-52.45362458333333,-39.195606,-2.1293256816894512
2024-08-12 11:00:00,-43.57466836666666,-76.63996111666667,-47.14765,-3.5729833056966243
2024-08-12 11:30:00,-47.81798228333333,-86.72300333333334,-49.69085,-1.8728670208658897
2024-08-12 12:00:00,-53.13636495,-89.34084945,-52.010372,1.1259927881347664
2024-08-12 12:30:00,-58.065704933333336,-101.41887838333332,-60.15399,-2.088286765885414
2024-08-12 13:00:00,-60.51837231666667,-110.0391445,-62.723892,-2.2055198952473916
2024-08-12 13:30:00,-60.7875339,-104.61992001666664,-61.408306,-0.6207722218261722
2024-08-12 14:00:00,-48.7346779,-93.0248849,-50.083897,-1.3492187369628894
2024-08-12 14:30:00,-36.42368653333333,-94.8541051,-37.949207,-1.5255207725748718
2024-08-12 15:00:00,-25.35756955,-79.25438824999999,-25.968977,-0.6114074244873038
2024-08-12 15:30:00,-18.235287316666668,-54.18069556666666,-17.61012,0.6251665433512379
2024-08-12 16:00:00,-12.25845265,-39.46773955,-14.40413,-2.1456773319946283
2024-08-12 16:30:00,-5.683938766666667,-18.155153483333333,-5.730827,-0.04688808803914313
2024-08-12 17:00:00,7.92089155,-9.102262683333333,3.8509796,-4.069911983425904
2024-08-12 17:30:00,16.773208366666665,8.780346233333335,19.171259,2.398050559724936
2024-08-12 18:00:00,26.85822385,15.831992183333332,23.375177,-3.48304646657715
2024-08-12 18:30:00,36.22265105,19.609399,32.27292,-3.949732348828128
2024-08-12 19:00:00,33.737044399999995,15.51584515,30.175713,-3.561331814550776
2024-08-12 19:30:00,34.11378778333333,20.48117938333333,31.557934,-2.5558539759602823
2024-08-12 20:00:00,33.62979788333333,21.273301666666665,32.51714,-1.1126584485188786
2024-08-12 20:30:00,32.26800346666666,25.927317183333333,32.590275,0.32227134412435277
2024-08-12 21:00:00,35.86023386666667,33.76064713333333,33.49436,-2.365871989225262
2024-08-12 21:30:00,35.517563816666666,37.443389833333335,33.97435,-1.5432138410807283
2024-08-12 22:00:00,30.76342501666667,36.17301605,31.4838,0.7203758713948538
2024-08-12 22:30:00,25.761836516666666,30.644469533333336,28.292738,2.530901444148764
2024-08-12 23:00:00,26.59025,28.152933283333336,28.038351,1.4481010589599599
2024-08-12 23:30:00,26.94081398333333,32.29770778333333,31.261501,4.320687328922528
2024-08-13 00:00:00,32.79907723333333,33.72298838333333,31.029325,-1.769751748103836
2024-08-13 00:30:00,30.78032775,29.75299716666667,30.369135,-0.41119284704589987
2024-08-13 01:00:00,27.14751103333333,34.1572255,29.34574,2.198228331290693
2024-08-13 01:30:00,24.84514005,28.87520553333333,27.201284,2.3561443585693347
2024-08-13 02:00:00,24.48581945,28.773228366666668,26.487898,2.0020784229248036
2024-08-13 02:30:00,30.326334016666667,29.45240228333333,28.598372,-1.7279625109293626
2024-08-13 03:00:00,24.517721716666667,24.163133483333336,27.007582,2.4898599941487625
2024-08-13 03:30:00,25.81953601666667,21.000542866666667,25.752707,-0.06682948895671004
2024-08-13 04:00:00,29.61392406666667,24.06833041666667,26.747297,-2.8666267796793647
2024-08-13 04:30:00,26.423366233333336,26.076482166666665,26.594135,0.17076905109049179
2024-08-13 05:00:00,27.0593076,25.122443383333334,26.986532,-0.07277538869628941
2024-08-13 05:30:00,24.1579595,28.429669633333333,27.845346,3.6873869508056636
2024-08-13 06:00:00,32.88386883333333,38.15041505,32.543858,-0.34001125887044026
2024-08-13 06:30:00,36.43874506666666,42.0031489,37.29187,0.8531250505208376
2024-08-13 07:00:00,39.16016723333333,39.56103823333333,36.78425,-2.3759188812825514
2024-08-13 07:30:00,38.25163711666666,39.10804293333333,37.209267,-1.042370454069001
2024-08-13 08:00:00,34.21716706666667,26.33712603333333,31.166637,-3.0505296460123716
2024-08-13 08:30:00,23.50046055,17.060364433333334,22.70831,-0.7921513764160153
2024-08-13 09:00:00,13.798085983333332,5.870534849999999,12.797028,-1.0010583954427066
2024-08-13 09:30:00,-2.3061822333333333,-4.3825632500000005,0.13639973,2.442581964373334
2024-08-13 10:00:00,-13.696689916666664,-28.01212986666667,-17.205423,-3.5087334384358755
2024-08-13 10:30:00,-29.9907894,-37.06628055,-25.718006,4.2727832659667975
2024-08-13 11:00:00,-47.17769831666666,-43.57466836666666,-46.500763,0.6769353772135318
2024-08-13 11:30:00,-51.66682676666667,-47.81798228333333,-53.432705,-1.7658781588704429
2024-08-13 12:00:00,-60.49422093333334,-53.13636495,-57.55788,2.93634053172201
2024-08-13 12:30:00,-54.1407327,-58.065704933333336,-55.025616,-0.8848829921386709
2024-08-13 13:00:00,-55.13262948333334,-60.51837231666667,-55.016335,0.11629494964193299
2024-08-13 13:30:00,-44.550762850000005,-60.7875339,-47.35636,-2.805598539160151
2024-08-13 14:00:00,-41.79247208333333,-48.7346779,-42.32004,-0.527569573160811
2024-08-13 14:30:00,-36.98455496666667,-36.42368653333333,-40.248558,-3.2640030777669224
2024-08-13 15:00:00,-33.986770416666666,-25.35756955,-36.634724,-2.6479532466634126
2024-08-13 15:30:00,-24.775576166666667,-18.235287316666668,-26.073996,-1.2984194235432938
2024-08-13 16:00:00,-16.661883333333332,-12.25845265,-15.684831,0.9770526677449531
2024-08-13 16:30:00,2.7640755333333336,-5.683938766666667,0.38994592,-2.3741296090512596
2024-08-13 17:00:00,18.903841733333334,7.92089155,14.277606,-4.626235722896322
2024-08-13 17:30:00,22.659674433333333,16.773208366666665,19.05705,-3.602623728377278
2024-08-13 18:00:00,25.562404366666662,26.85822385,21.00971,-4.552694054777014
2024-08-13 18:30:00,28.39216725,36.22265105,29.23421,0.8420418106689453
2024-08-13 19:00:00,28.75386388333333,33.737044399999995,30.259209,1.5053447958658879
2024-08-13 19:30:00,26.290797916666666,34.11378778333333,28.91541,2.6246111714681
2024-08-13 20:00:00,27.383161016666666,33.62979788333333,28.295986,0.9128251588704437
2024-08-13 20:30:00,24.957675566666666,32.26800346666666,28.494234,3.536558518416342
2024-08-13 21:00:00,31.74700898333333,35.86023386666667,31.864826,0.11781721905924769
2024-08-13 21:30:00,30.48030385,35.517563816666666,31.762308,1.2820042707275405
2024-08-13 22:00:00,34.99751006666667,30.76342501666667,33.43963,-1.5578814655924518
2024-08-13 22:30:00,27.51012168333333,25.761836516666666,29.67849,2.1683680017252627
2024-08-13 23:00:00,28.45791068333333,26.59025,29.825552,1.3676413033610046
2024-08-13 23:30:00,32.68870128333334,26.94081398333333,31.521498,-1.1672035568929076
2024-08-14 00:00:00,31.440112216666662,32.79907723333333,32.942577,1.5024651453938844
2024-08-14 00:30:00,29.779564466666667,30.78032775,32.057163,2.277598771858724
2024-08-14 01:00:00,27.75999428333333,27.14751103333333,29.865444,2.1054499000162785
2024-08-14 01:30:00,25.815645033333336,24.84514005,27.210236,1.394590562369789
2024-08-14 02:00:00,24.62494343333333,24.48581945,26.95805,2.3331063408365935
2024-08-14 02:30:00,27.37218556666667,30.326334016666667,28.710318,1.3381320450276668
2024-08-14 03:00:00,24.92297496666667,24.517721716666667,26.531404,1.6084295285725894
2024-08-14 03:30:00,24.42460168333333,25.81953601666667,24.84676,0.42215811280924953
2024-08-14 04:00:00,24.20982426666667,29.61392406666667,26.76664,2.5568154428059877
2024-08-14 04:30:00,24.697885566666667,26.423366233333336,26.951008,2.2531222763509113
2024-08-14 05:00:00,26.8060183,27.0593076,27.066471,0.260452799853514
2024-08-14 05:30:00,32.03217225,24.1579595,29.641537,-2.3906355373535177
2024-08-14 06:00:00,38.144088716666666,32.88386883333333,33.37015,-4.773937196891275
2024-08-14 06:30:00,40.83592548333333,36.43874506666666,35.339134,-5.496791267024733
2024-08-14 07:00:00,37.00780048333333,39.16016723333333,36.38047,-0.6273302074544205
2024-08-14 07:30:00,36.30023951666666,38.25163711666666,34.08306,-2.2171782984049386
2024-08-14 08:00:00,29.11417285,34.21716706666667,29.157469,0.04329594577636797
2024-08-14 08:30:00,18.3090527,23.50046055,18.549692,0.24063945393066533
2024-08-14 09:00:00,9.108493350000002,13.798085983333332,10.369662,1.2611689348510726
2024-08-14 09:30:00,6.0138072,-2.3061822333333333,-0.41130129,-6.425108485028457
2024-08-14 10:00:00,-2.941169,-13.696689916666664,-5.7693563,-2.8281872507629395
2024-08-14 10:30:00,-17.379088983333332,-29.9907894,-20.097925,-2.718836202823894
2024-08-14 11:00:00,-25.72976118333333,-47.17769831666666,-29.529146,-3.799385011124677
2024-08-14 11:30:00,-37.068050416666665,-51.66682676666667,-41.332253,-4.264202085774741
2024-08-14 12:00:00,-38.81938941666667,-60.49422093333334,-42.069664,-3.250274584798177
2024-08-14 12:30:00,-47.443253950000006,-54.1407327,-50.633003,-3.189749284863275
2024-08-14 13:00:00,-56.26857376666666,-55.13262948333334,-57.83681,-1.5682372990071656
2024-08-14 13:30:00,-63.80327003333333,-44.550762850000005,-64.15017,-0.34689933922526706
2024-08-14 14:00:00,-55.724875450000006,-41.79247208333333,-58.818203,-3.0933275224121033
2024-08-14 14:30:00,-49.08946558333333,-36.98455496666667,-51.21962,-2.1301541676432336
2024-08-14 15:00:00,-43.7476539,-33.986770416666666,-45.703163,-1.9555092469726532
2024-08-14 15:30:00,-28.30309163333333,-24.775576166666667,-30.344698,-2.041606318937177
2024-08-14 16:00:00,-7.322443333333333,-16.661883333333332,-11.6252775,-4.302834185892741
2024-08-14 16:30:00,0.2689449333333336,2.7640755333333336,1.0670813,0.7981363988733925
2024-08-14 17:00:00,15.090650599999998,18.903841733333334,12.681568,-2.409082454248045
2024-08-14 17:30:00,22.742458983333336,22.659674433333333,19.075632,-3.6668268879964216
2024-08-14 18:00:00,23.57789388333333,25.562404366666662,25.563915,1.9860213693522155
2024-08-14 18:30:00,31.07910113333333,28.39216725,29.359665,-1.719436216341144
2024-08-14 19:00:00,30.251118766666668,28.75386388333333,28.52548,-1.7256384962809257
2024-08-14 19:30:00,28.565605,26.290797916666666,27.909937,-0.6556680950927749
2024-08-14 20:00:00,28.32025398333333,27.383161016666666,27.557571,-0.7626825722005179
2024-08-14 20:30:00,28.769632716666667,24.957675566666666,29.585978,0.8163448376546221
2024-08-14 21:00:00,29.94534778333333,31.74700898333333,30.243141,0.29779339098307744
2024-08-14 21:30:00,29.37024115,30.48030385,30.91114,1.540899291894533
2024-08-14 22:00:00,24.66155283333333,34.99751006666667,29.9255,5.263948036417645
2024-08-14 22:30:00,25.052008433333334,27.51012168333333,28.933153,3.881144719132486
2024-08-14 23:00:00,32.226204016666664,28.45791068333333,29.139666,-3.0865384130289684
2024-08-14 23:30:00,31.8057235,32.68870128333334,32.367466,0.5617424729003915
2024-08-15 00:00:00,39.39265281666667,31.440112216666662,35.077545,-4.3151076506510435
2024-08-15 00:30:00,37.5148067,29.779564466666667,32.126312,-5.388494444140626
2024-08-15 01:00:00,36.819790000000005,27.75999428333333,31.973225,-4.846565360107427
2024-08-15 01:30:00,31.73896275,25.815645033333336,29.54675,-2.1922136350097645
2024-08-15 02:00:00,31.43349055,24.62494343333333,28.408766,-3.0247247571533187
2024-08-15 02:30:00,36.48261561666667,27.37218556666667,29.868744,-6.613871720182296
2024-08-15 03:00:00,30.65959493333333,24.92297496666667,28.335424,-2.3241705101155574
2024-08-15 03:30:00,29.57330598333333,24.42460168333333,26.941973,-2.6313332507893854
2024-08-15 04:00:00,33.90030993333334,24.20982426666667,29.075453,-4.82485712876791
2024-08-15 04:30:00,38.747993316666665,24.697885566666667,29.815538,-8.932454910294595
2024-08-15 05:00:00,30.3336901,26.8060183,29.128513,-1.2051767638183577
2024-08-15 05:30:00,27.663387,32.03217225,30.383272,2.7198851710205076
2024-08-15 06:00:00,31.37177,38.144088716666666,32.850784,1.479014301757811
2024-08-15 06:30:00,38.97595661666667,40.83592548333333,37.330036,-1.6459204533365934
2024-08-15 07:00:00,26.9935649,37.00780048333333,30.591816,3.598251048486329
2024-08-15 07:30:00,24.464754966666664,36.30023951666666,30.18399,5.719235511848961
2024-08-15 08:00:00,27.62494338333333,29.11417285,28.391525,0.7665818852213562
2024-08-15 08:30:00,21.6788099,18.3090527,19.958405,-1.720405358984376
2024-08-15 09:00:00,10.818881183333334,9.108493350000002,10.381006,-0.43787494248860703
2024-08-15 09:30:00,-2.088532816666667,6.0138072,-4.045947,-1.9574142582234697
2024-08-15 10:00:00,-11.512889933333332,-2.941169,-14.658728,-3.1458377125406916
2024-08-15 10:30:00,-30.157763950000003,-17.379088983333332,-25.658587,4.499177447924808
2024-08-15 11:00:00,-35.493533383333336,-25.72976118333333,-33.351147,2.142386685335289
2024-08-15 11:30:00,-36.4849283,-37.068050416666665,-35.193554,1.291374375439453
2024-08-15 12:00:00,-31.32367008333333,-38.81938941666667,-30.547796,0.775873833943681
2024-08-15 12:30:00,-37.85118106666667,-47.443253950000006,-39.976982,-2.1258010500325497
2024-08-15 13:00:00,-47.9924734,-56.26857376666666,-47.10595,0.8865239981445328
2024-08-15 13:30:00,-43.5910668,-63.80327003333333,-46.043495,-2.452428378222656
2024-08-15 14:00:00,-35.551691133333335,-55.724875450000006,-39.800747,-4.249055784391274
2024-08-15 14:30:00,-29.99809603333333,-49.08946558333333,-32.049267,-2.0511707818522176
2024-08-15 15:00:00,-27.52890993333333,-43.7476539,-27.378569,0.15034128404133895
2024-08-15 15:30:00,-18.897399983333333,-28.30309163333333,-23.041658,-4.144258418155925
2024-08-15 16:00:00,-15.0477212,-7.322443333333333,-13.626281,1.4214404153930662
2024-08-15 16:30:00,0.7876944333333332,0.2689449333333336,-2.1250076,-2.9127020627278646
2024-08-15 17:00:00,9.72155095,15.090650599999998,10.85962,1.1380691442993172
2024-08-15 17:30:00,15.103985083333331,22.742458983333336,16.46347,1.3594853756510439
2024-08-15 18:00:00,22.61961001666667,23.57789388333333,22.501404,-0.1182062080729196
2024-08-15 18:30:00,26.5738349,31.07910113333333,26.935667,0.3618321379638658
2024-08-15 19:00:00,30.70488493333333,30.251118766666668,29.216185,-1.4887003172444615
2024-08-15 19:30:00,26.534512333333332,28.565605,29.795326,3.2608138995768243
2024-08-15 20:00:00,31.002863966666663,28.32025398333333,31.498104,0.4952401287923216
2024-08-15 20:30:00,30.6264255,28.769632716666667,32.427174,1.8007481145019533
2024-08-15 21:00:00,28.780842766666662,29.94534778333333,32.321827,3.5409841681477907
2024-08-15 21:30:00,29.939529000000004,29.37024115,32.04597,2.106441916748043
2024-08-15 22:00:00,32.912273883333334,24.66155283333333,31.959003,-0.9532704348470062
2024-08-15 22:30:00,24.045535716666667,25.052008433333334,28.44355,4.398014393196615
2024-08-15 23:00:00,24.36558493333333,32.226204016666664,30.533525,6.167940533585615
2024-08-15 23:30:00,31.57999948333333,31.8057235,33.04416,1.4641594522135435
2024-08-16 00:00:00,27.661462666666665,39.39265281666667,34.83104,7.169576762044272
2024-08-16 00:30:00,26.86850845,37.5148067,31.913094,5.044585116894531
2024-08-16 01:00:00,23.46729283333333,36.819790000000005,30.741117,7.2738246440836605
2024-08-16 01:30:00,23.914086666666662,31.73896275,28.868284,4.954197558797205
2024-08-16 02:00:00,23.411976683333336,31.43349055,28.853836,5.441859376236977
2024-08-16 02:30:00,29.204113700000004,36.48261561666667,30.362028,1.157914421948238
2024-08-16 03:00:00,26.7520938,30.65959493333333,27.246609,0.49451493413085856
2024-08-16 03:30:00,30.825859883333333,29.57330598333333,27.853197,-2.9726627855550127
2024-08-16 04:00:00,30.158235716666667,33.90030993333334,29.00156,-1.1566755054850262
2024-08-16 04:30:00,34.4015693,38.747993316666665,31.067781,-3.3337878516357407
2024-08-16 05:00:00,32.60294158333333,30.3336901,30.104403,-2.4985390412190753
2024-08-16 05:30:00,33.416435150000005,27.663387,31.197529,-2.218906310888677
2024-08-16 06:00:00,32.834952683333334,31.37177,32.113808,-0.721145005110678
2024-08-16 06:30:00,35.9194928,38.97595661666667,36.368526,0.44903365874023393
2024-08-16 07:00:00,32.17018325,26.9935649,33.16523,0.9950465473632804
2024-08-16 07:30:00,29.24161063333333,24.464754966666664,30.132816,0.8912056813639353
2024-08-16 08:00:00,29.047728333333332,27.62494338333333,27.823034,-1.2246940468343084
2024-08-16 08:30:00,23.68467895,21.6788099,22.678297,-1.0063819071533189
2024-08-16 09:00:00,16.185818833333332,10.818881183333334,14.4915905,-1.6942283334554027
2024-08-16 09:30:00,5.984657166666668,-2.088532816666667,2.5019453,-3.4827119094797787
2024-08-16 10:00:00,-2.1370388499999997,-11.512889933333332,-6.424322,-4.287283278295899
2024-08-16 10:30:00,-5.560754416666666,-30.157763950000003,-16.89896,-11.338205696858726
2024-08-16 11:00:00,-12.183973833333331,-35.493533383333336,-21.13141,-8.947436765421552
2024-08-16 11:30:00,-31.990222183333334,-36.4849283,-35.319885,-3.3296630705729164
2024-08-16 12:00:00,-33.81815613333333,-31.32367008333333,-37.755062,-3.9369059699381523
2024-08-16 12:30:00,-50.48032716666666,-37.85118106666667,-49.53955,0.9407763854166618
2024-08-16 13:00:00,-48.30440721666667,-47.9924734,-50.33797,-2.03356351697591
2024-08-16 13:30:00,-52.32249288333333,-43.5910668,-52.45169,-0.12919779049479274
2024-08-16 14:00:00,-42.26416773333333,-35.551691133333335,-41.866573,0.39759439959309617
2024-08-16 14:30:00,-37.555550466666666,-29.99809603333333,-39.059628,-1.504077066292318
2024-08-16 15:00:00,-31.8371162,-27.52890993333333,-35.128258,-3.291141551464843
2024-08-16 15:30:00,-27.220748383333333,-18.897399983333333,-24.037611,3.1831373756429038
2024-08-16 16:00:00,-16.458090483333333,-15.0477212,-15.36899,1.089100538875325
2024-08-16 16:30:00,-11.77890945,0.7876944333333332,-8.356972,3.421937709277344
2024-08-16 17:00:00,-0.2607677833333334,9.72155095,5.584595,5.845362986732992
2024-08-16 17:30:00,5.507756283333333,15.103985083333331,12.521928,7.014171550223796
2024-08-16 18:00:00,12.615635466666667,22.61961001666667,18.489555,5.8739198922200515
2024-08-16 18:30:00,14.416415033333337,26.5738349,19.472548,5.056132497794593
2024-08-16 19:00:00,18.961915566666665,30.70488493333333,24.593521,5.6316055514973975
2024-08-16 19:30:00,21.727792316666665,26.534512333333332,24.396132,2.6683391988362644
2024-08-16 20:00:00,30.56857403333333,31.002863966666663,31.386393,0.8178185600504584
2024-08-16 20:30:00,35.48873115,30.6264255,33.4203,-2.0684316199707027
2024-08-16 21:00:00,39.29156505,28.780842766666662,34.510674,-4.780891527050784
2024-08-16 21:30:00,40.2135678,29.939529000000004,35.113365,-5.100202626660156
2024-08-16 22:00:00,39.801991,32.912273883333334,34.66862,-5.133369936767579
2024-08-16 22:30:00,37.85185065,24.045535716666667,31.694702,-6.157148501562503
2024-08-16 23:00:00,37.134785533333336,24.36558493333333,32.47493,-4.659855723763023
2024-08-16 23:30:00,41.858932333333335,31.57999948333333,32.836838,-9.022094564778648
2024-08-17 00:00:00,44.33854273333333,27.661462666666665,34.340897,-9.997646126888014
2024-08-17 00:30:00,32.86151383333333,26.86850845,31.924585,-0.9369284909261069
2024-08-17 01:00:00,24.78375103333333,23.46729283333333,26.932356,2.1486048474039734
2024-08-17 01:30:00,23.296139516666667,23.914086666666662,26.84059,3.5444500066487628
2024-08-17 02:00:00,27.48516111666667,23.411976683333336,26.411533,-1.07362776095378
2024-08-17 02:30:00,27.715601083333336,29.204113700000004,27.87915,0.16354930729166384
2024-08-17 03:00:00,23.255765033333333,26.7520938,27.373373,4.117607998282878
2024-08-17 03:30:00,25.4610824,30.825859883333333,26.5188,1.0577183354736341
2024-08-17 04:00:00,28.232301016666668,30.158235716666667,29.250702,1.0184008876302073
2024-08-17 04:30:00,27.84552878333333,34.4015693,29.442884,1.597355661857101
2024-08-17 05:00:00,29.47768105,32.60294158333333,29.653662,0.1759806779052724
2024-08-17 05:30:00,28.694235733333333,33.416435150000005,28.600866,-0.09336941558430922
2024-08-17 06:00:00,25.09559593333333,32.834952683333334,29.166603,4.071007155045578
2024-08-17 06:30:00,23.83493658333333,35.9194928,28.902945,5.068007981486005
2024-08-17 07:00:00,19.616469416666664,32.17018325,26.961536,7.345066990804039
2024-08-17 07:30:00,20.34198395,29.24161063333333,25.446957,5.104972684521485
2024-08-17 08:00:00,14.906250583333334,29.047728333333332,22.837036,7.930785549479166
2024-08-17 08:30:00,12.035153416666668,23.68467895,17.088963,5.053809138264972
2024-08-17 09:00:00,8.403807783333333,16.185818833333332,9.530694,1.1268862245402023
2024-08-17 09:30:00,-5.459736066666667,5.984657166666668,-4.139866,1.3198701914225266
2024-08-17 10:00:00,-8.585220049999998,-2.1370388499999997,-11.962209,-3.376988697863771
2024-08-17 10:30:00,-13.600034983333336,-5.560754416666666,-18.150677,-4.550641743961586
2024-08-17 11:00:00,-33.41262456666667,-12.183973833333331,-35.509743,-2.0971181701497343
2024-08-17 11:30:00,-39.95300003333333,-31.990222183333334,-38.572865,1.3801355008626288
2024-08-17 12:00:00,-57.39921038333333,-33.81815613333333,-53.86592,3.5332893628255206
2024-08-17 12:30:00,-69.87117553333333,-50.48032716666666,-63.93177,5.939405208626297
2024-08-17 13:00:00,-66.55081216666666,-48.30440721666667,-64.303764,2.247047823404941
2024-08-17 13:30:00,-69.35432793333334,-52.32249288333333,-62.323536,7.030792014143884
2024-08-17 14:00:00,-60.20795393333333,-42.26416773333333,-58.33999,1.867965224837235
2024-08-17 14:30:00,-58.07450278333334,-37.555550466666666,-54.095516,3.9789865784993523
2024-08-17 15:00:00,-48.34372296666667,-31.8371162,-45.859516,2.48420682286784
2024-08-17 15:30:00,-34.05893771666667,-27.220748383333333,-33.515667,0.5432707549967475
2024-08-17 16:00:00,-15.718511683333332,-16.458090483333333,-19.322348,-3.6038359576578785
2024-08-17 16:30:00,0.8603978000000002,-11.77890945,-6.3667,-7.227097972424317
2024-08-17 17:00:00,11.604078916666667,-0.2607677833333334,8.37592,-3.2281586209513353
2024-08-17 17:30:00,15.491508383333333,5.507756283333333,14.341178,-1.1503304429646803
2024-08-17 18:00:00,22.57990936666667,12.615635466666667,23.60595,1.0260400351887995
2024-08-17 18:30:00,31.005435066666667,14.416415033333337,26.933931,-4.071503715958659
2024-08-17 19:00:00,36.53598015,18.961915566666665,28.875887,-7.6600932328857425
2024-08-17 19:30:00,34.20928385,21.727792316666665,28.733084,-5.476200125024413
2024-08-17 20:00:00,42.26942271666667,30.56857403333333,36.049866,-6.219556994010418
2024-08-17 20:30:00,54.52582221666668,35.48873115,39.460888,-15.064934307731136
2024-08-17 21:00:00,51.97808161666666,39.29156505,46.124943,-5.853138837125641
2024-08-17 21:30:00,51.72422735,40.2135678,46.75919,-4.965037744287109
2024-08-17 22:00:00,47.50011511666667,39.801991,43.30534,-4.194775303434248
2024-08-17 22:30:00,42.56758341666667,37.85185065,39.252323,-3.315260266031906
2024-08-17 23:00:00,48.36217881666666,37.134785533333336,37.46628,-10.895896925797523
2024-08-17 23:30:00,45.416698333333336,41.858932333333335,40.570786,-4.845912810872399
2024-08-18 00:00:00,41.20434058333333,44.33854273333333,39.127445,-2.076895362386061
2024-08-18 00:30:00,37.31593915,32.86151383333333,34.167362,-3.1485769368652328
2024-08-18 01:00:00,35.834786083333334,24.78375103333333,29.86462,-5.9701658745931
2024-08-18 01:30:00,31.5888768,23.296139516666667,27.74903,-3.839847640454103
2024-08-18 02:00:00,27.89080995,27.48516111666667,27.783632,-0.10717767155761848
2024-08-18 02:30:00,33.241229016666665,27.715601083333336,29.328537,-3.9126920293619776
2024-08-18 03:00:00,33.00723118333333,23.255765033333333,27.083189,-5.924042172713214
2024-08-18 03:30:00,29.382242266666665,25.4610824,26.92915,-2.4530926389811185
2024-08-18 04:00:00,31.816289333333334,28.232301016666668,27.252861,-4.563428310384115
2024-08-18 04:30:00,29.73685123333333,27.84552878333333,28.513369,-1.2234826267659464
2024-08-18 05:00:00,27.87441825,29.47768105,29.061268,1.1868496027832016
2024-08-18 05:30:00,29.20646995,28.694235733333333,29.263205,0.056734624584962035
2024-08-18 06:00:00,28.353758783333333,25.09559593333333,29.726887,1.3731279659342448
2024-08-18 06:30:00,27.63495226666667,23.83493658333333,29.726019,2.091066638972979
2024-08-18 07:00:00,21.83036841666667,19.616469416666664,25.905874,4.075505835652667
2024-08-18 07:30:00,27.448423316666663,20.34198395,25.904825,-1.5435981060953736
2024-08-18 08:00:00,26.9660601,14.906250583333334,22.843855,-4.122205195825195
2024-08-18 08:30:00,20.138649066666662,12.035153416666668,19.82638,-0.3122692906656859
2024-08-18 09:00:00,-0.3555522499999999,8.403807783333333,4.111005,4.466557079406738
2024-08-18 09:30:00,-27.006885083333334,-5.459736066666667,-14.958267,12.048617871419271
2024-08-18 10:00:00,-42.820362816666666,-8.585220049999998,-31.133438,11.686924706315104
2024-08-18 10:30:00,-50.05434266666666,-13.600034983333336,-43.23657,6.817774215738929
2024-08-18 11:00:00,-53.3462773,-33.41262456666667,-50.581253,2.7650242482421845
2024-08-18 11:30:00,-70.732918,-39.95300003333333,-59.487392,11.245525574462889
2024-08-18 12:00:00,-66.64672221666666,-57.39921038333333,-62.10287,4.543851275504551
2024-08-18 12:30:00,-60.757092766666666,-69.87117553333333,-65.96592,-5.20882672796224
2024-08-18 13:00:00,-54.2756512,-66.55081216666666,-61.11376,-6.83811070185547
2024-08-18 13:30:00,-57.89141006666667,-69.35432793333334,-61.926136,-4.0347259501790305
2024-08-18 14:00:00,-48.07035773333333,-60.20795393333333,-51.36501,-3.2946515745279967
2024-08-18 14:30:00,-45.36037828333334,-58.07450278333334,-46.550556,-1.1901778995279884
2024-08-18 15:00:00,-35.200592283333336,-48.34372296666667,-43.013737,-7.81314444152018
2024-08-18 15:30:00,-16.10958225,-34.05893771666667,-23.35111,-7.2415282083740244
2024-08-18 16:00:00,-8.713042783333334,-15.718511683333332,-15.374875,-6.661832285331217
2024-08-18 16:30:00,5.421960233333333,0.8603978000000002,2.9182582,-2.503702043178304
2024-08-18 17:00:00,16.719659916666668,11.604078916666667,15.031073,-1.6885873000895195
2024-08-18 17:30:00,23.2110538,15.491508383333333,18.676594,-4.53446001948242
2024-08-18 18:00:00,34.22322556666666,22.57990936666667,26.199572,-8.023653957169593
2024-08-18 18:30:00,40.549836133333336,31.005435066666667,32.493126,-8.056710217805993
2024-08-18 19:00:00,42.06640225,36.53598015,32.543175,-9.52322750634766
2024-08-18 19:30:00,41.76995883333333,34.20928385,35.96728,-5.802677491780592
2024-08-18 20:00:00,45.67006221666667,42.26942271666667,41.033096,-4.636965903190109
2024-08-18 20:30:00,43.42682403333333,54.52582221666668,40.62519,-2.801633298470051
2024-08-18 21:00:00,39.0992944,51.97808161666666,43.571125,4.47183063051758
2024-08-18 21:30:00,43.440044883333336,51.72422735,42.796745,-0.6432995830403669
2024-08-18 22:00:00,37.948380166666674,47.50011511666667,40.764706,2.816325491292311
2024-08-18 22:30:00,39.14536565,42.56758341666667,38.328106,-0.8172597234863304
2024-08-18 23:00:00,44.62401535,48.36217881666666,41.300407,-3.3236079403320318
2024-08-18 23:30:00,44.93976056666667,45.416698333333336,40.497623,-4.442137123063155
2024-08-19 00:00:00,40.61651561666667,41.20434058333333,39.581715,-1.0348009865397145
2024-08-19 00:30:00,35.12203673333333,37.31593915,33.43082,-1.6912162682454408
2024-08-19 01:00:00,28.971741666666663,35.834786083333334,32.006405,3.0346632100423214
2024-08-19 01:30:00,29.27793443333333,31.5888768,29.55547,0.27753507960612467
2024-08-19 02:00:00,27.76511443333333,27.89080995,29.750343,1.9852288894205756
2024-08-19 02:30:00,36.202461516666666,33.241229016666665,31.28367,-4.918791091251627
2024-08-19 03:00:00,31.671506083333338,33.00723118333333,29.932064,-1.7394420269368531
2024-08-19 03:30:00,30.104118083333333,29.382242266666665,28.465546,-1.6385724290364578
2024-08-19 04:00:00,29.00118615,31.816289333333334,29.974014,0.9728281322265637
2024-08-19 04:30:00,26.974656133333337,29.73685123333333,29.460747,2.486090631803382
2024-08-19 05:00:00,32.39210825,27.87441825,30.808756,-1.5833523753662107
2024-08-19 05:30:00,38.56479323333333,29.20646995,31.930725,-6.634068135677083
2024-08-19 06:00:00,38.04304165,28.353758783333333,32.492313,-5.550728264990234
2024-08-19 06:30:00,44.52982065,27.63495226666667,36.15199,-8.377831666845701
2024-08-19 07:00:00,41.007756750000006,21.83036841666667,35.970745,-5.037011663330084
2024-08-19 07:30:00,38.44476898333333,27.448423316666663,35.26963,-3.1751385512044266
2024-08-19 08:00:00,30.04181498333333,26.9660601,30.407158,0.3653429146158871
2024-08-19 08:30:00,17.920666716666666,20.138649066666662,20.28811,2.3674440163655603
2024-08-19 09:00:00,11.810517133333336,-0.3555522499999999,8.570498,-3.240018666841637
2024-08-19 09:30:00,-11.889499433333334,-27.006885083333334,-15.794637,-3.90513729304606
2024-08-19 10:00:00,-26.826241516666663,-42.820362816666666,-29.97355,-3.1473092798421263
2024-08-19 10:30:00,-32.389066750000005,-50.05434266666666,-32.054764,0.3343029560546924
2024-08-19 11:00:00,-35.78780963333333,-53.3462773,-43.08466,-7.296849943082684
2024-08-19 11:30:00,-56.4241328,-70.732918,-61.46102,-5.036888623339841
2024-08-19 12:00:00,-71.42847318333334,-66.64672221666666,-65.59092,5.837553688704432
2024-08-19 12:30:00,-65.01944103333334,-60.757092766666666,-64.6558,0.3636411676106803
2024-08-19 13:00:00,-76.36423765,-54.2756512,-63.228672,13.135565622412116
2024-08-19 13:30:00,-57.00057505,-57.89141006666667,-58.269356,-1.2687807239257793
2024-08-19 14:00:00,-49.3468178,-48.07035773333333,-52.622723,-3.2759048257324253
2024-08-19 14:30:00,-48.12932998333334,-45.36037828333334,-46.497868,1.6314623991048265
2024-08-19 15:00:00,-42.50008938333333,-35.200592283333336,-45.170517,-2.6704275844401053
2024-08-19 15:30:00,-21.2644977,-16.10958225,-25.913517,-4.649019298291016
2024-08-19 16:00:00,-14.72727605,-8.713042783333334,-15.678234,-0.9509580503417965
2024-08-19 16:30:00,-3.4932939,5.421960233333333,-1.098422,2.3948718495239256
2024-08-19 17:00:00,5.3687251,16.719659916666668,9.12409,3.7553650947021486
2024-08-19 17:30:00,11.266736316666666,23.2110538,13.989658,2.7229220390462245
2024-08-19 18:00:00,20.32854293333333,34.22322556666666,23.902594,3.5740506793375673
2024-08-19 18:30:00,31.201784433333334,40.549836133333336,31.36094,0.15915649989420544
2024-08-19 19:00:00,32.320762816666665,42.06640225,35.809113,3.48834973216146
2024-08-19 19:30:00,28.871211866666663,41.76995883333333,34.471287,5.600074907014978
2024-08-19 20:00:00,33.44982795,45.67006221666667,36.80021,3.3503810954101567
2024-08-19 20:30:00,36.92778885,43.42682403333333,38.324184,1.3963955677246105
2024-08-19 21:00:00,39.31285663333333,39.0992944,37.570194,-1.7426623889485668
2024-08-19 21:30:00,36.82617726666667,43.440044883333336,37.096912,0.27073511736653444
2024-08-19 22:00:00,32.1798667,37.948380166666674,33.477764,1.2978974296386738
2024-08-19 22:30:00,25.66222433333333,39.14536565,30.310314,4.648089845133466
2024-08-19 23:00:00,26.12402893333333,44.62401535,33.62515,7.501119839860028
2024-08-19 23:30:00,27.5900138,44.93976056666667,33.43345,5.843434991503905
2024-08-20 00:00:00,26.465767266666663,40.61651561666667,34.725414,8.259647009456383
2024-08-20 00:30:00,29.19639736666667,35.12203673333333,31.796516,2.6001190517903616
2024-08-20 01:00:00,29.3592173,28.971741666666663,28.08293,-1.2762876887939463
2024-08-20 01:30:00,30.23632775,29.27793443333333,27.087053,-3.1492744510498056
2024-08-20 02:00:00,26.23660465,27.76511443333333,27.404104,1.1674995827880856
2024-08-20 02:30:00,27.83464825,36.202461516666666,30.571285,2.7366369978027336
2024-08-20 03:00:00,21.700876166666664,31.671506083333338,27.965166,6.264289925252282
2024-08-20 03:30:00,22.872560583333332,30.104118083333333,28.242462,5.369901574869793
2024-08-20 04:00:00,26.2043611,29.00118615,28.59249,2.388128142553711
2024-08-20 04:30:00,28.994900483333332,26.974656133333337,29.479336,0.48443530157877746
2024-08-20 05:00:00,33.54572285,32.39210825,30.794636,-2.751087077294919
2024-08-20 05:30:00,37.21142008333334,38.56479323333333,34.081997,-3.1294231656087277
2024-08-20 06:00:00,40.19472558333333,38.04304165,34.234802,-5.95992333723958
2024-08-20 06:30:00,37.325436116666665,44.52982065,38.630985,1.3055491433431001
2024-08-20 07:00:00,27.76767991666667,41.007756750000006,35.670357,7.902676833821612
2024-08-20 07:30:00,31.56119895,38.44476898333333,35.85801,4.296810388378905
2024-08-20 08:00:00,37.42560996666666,30.04181498333333,29.588743,-7.836866756827796
2024-08-20 08:30:00,16.0159499,17.920666716666666,18.586071,2.570121114404298
2024-08-20 09:00:00,3.8531154833333336,11.810517133333336,3.8564296,0.0033140935404456506
2024-08-20 09:30:00,-4.729110566666667,-11.889499433333334,-9.20059,-4.471479567000325
2024-08-20 10:00:00,-14.341190583333336,-26.826241516666663,-17.95471,-3.613519423380531
2024-08-20 10:30:00,-20.61842658333333,-32.389066750000005,-30.334595,-9.716168143229169
2024-08-20 11:00:00,-32.63689661666667,-35.78780963333333,-39.97325,-7.336354726106769
2024-08-20 11:30:00,-46.13450956666666,-56.4241328,-48.642387,-2.5078778234700607
2024-08-20 12:00:00,-52.8263279,-71.42847318333334,-63.391106,-10.564777751855466
2024-08-20 12:30:00,-57.21597226666668,-65.01944103333334,-67.60805,-10.39207521868488
2024-08-20 13:00:00,-63.699791733333335,-76.36423765,-70.625916,-6.926123794010415
2024-08-20 13:30:00,-65.35607503333334,-57.00057505,-69.168175,-3.8120997103190035
2024-08-20 14:00:00,-54.0505805,-49.3468178,-59.89854,-5.8479599968261695
2024-08-20 14:30:00,-47.067028316666665,-48.12932998333334,-52.60886,-5.541831699202476
2024-08-20 15:00:00,-53.44623236666666,-42.50008938333333,-50.41412,3.032112646207679
2024-08-20 15:30:00,-35.84434825,-21.2644977,-32.904007,2.9403412919921905
2024-08-20 16:00:00,-25.73822618333333,-14.72727605,-20.184166,5.554060228743488
2024-08-20 16:30:00,-13.896045583333333,-3.4932939,-9.0276375,4.86840810164388
2024-08-20 17:00:00,-2.2895600833333334,5.3687251,2.2252204,4.51478052515157
2024-08-20 17:30:00,0.9795655833333335,11.266736316666666,4.4433484,3.4637828244120277
2024-08-20 18:00:00,9.347617933333334,20.32854293333333,15.153068,5.8054496554728185
2024-08-20 18:30:00,14.844668983333332,31.201784433333334,19.460558,4.615888954288739
2024-08-20 19:00:00,21.706066616666664,32.320762816666665,24.24168,2.5356135285970076
2024-08-20 19:30:00,20.524237266666667,28.871211866666663,24.534225,4.009988197200521
2024-08-20 20:00:00,26.298471133333333,33.44982795,28.670677,2.372206051725261
2024-08-20 20:30:00,28.38622395,36.92778885,30.033247,1.6470230440185532
2024-08-20 21:00:00,32.91918998333333,39.31285663333333,35.100193,2.1810030403483083
2024-08-20 21:30:00,36.75912595,36.82617726666667,33.65446,-3.104665043017576
2024-08-20 22:00:00,31.37091331666667,32.1798667,31.905876,0.5349628430012991
2024-08-20 22:30:00,27.49365205,25.66222433333333,29.016773,1.5231211738769517
2024-08-20 23:00:00,30.577378316666668,26.12402893333333,29.536785,-1.0405931909342456
2024-08-20 23:30:00,31.1061794,27.5900138,28.982046,-2.1241332726806625
2024-08-21 00:00:00,31.784550483333334,26.465767266666663,30.216698,-1.56785279046224
2024-08-21 00:30:00,30.341749550000003,29.19639736666667,29.418,-0.923750282421878
2024-08-21 01:00:00,29.1864817,29.3592173,28.42802,-0.7584612227050798
2024-08-21 01:30:00,28.638185016666664,30.23632775,27.521204,-1.116981021915688
2024-08-21 02:00:00,25.8655239,26.23660465,26.803902,0.9383777723632818
2024-08-21 02:30:00,30.06433275,27.83464825,28.241724,-1.8226087357177718
2024-08-21 03:00:00,24.439689366666663,21.700876166666664,24.781002,0.34131267801107157
2024-08-21 03:30:00,22.62501268333333,22.872560583333332,23.934242,1.309229565201825
2024-08-21 04:00:00,21.740274900000003,26.2043611,24.331373,2.591098314721677
2024-08-21 04:30:00,21.721258316666667,28.994900483333332,25.531748,3.810489501326497
2024-08-21 05:00:00,24.1610161,33.54572285,29.57447,5.41345442001953
2024-08-21 05:30:00,26.432575683333337,37.21142008333334,29.428432,2.995856781266273
2024-08-21 06:00:00,26.12844945,40.19472558333333,31.342852,5.214402188793944
2024-08-21 06:30:00,28.4335506,37.325436116666665,30.625427,2.1918766460937498
2024-08-21 07:00:00,29.46778125,27.76767991666667,27.929756,-1.5380250854492203
2024-08-21 07:30:00,26.585780166666662,31.56119895,28.166933,1.5811528930257204
2024-08-21 08:00:00,26.11123665,37.42560996666666,25.453983,-0.657253343115233
2024-08-21 08:30:00,6.132002866666666,16.0159499,11.055415,4.923412286836752
2024-08-21 09:00:00,-8.434995950000001,3.8531154833333336,-3.209368,5.225627959506227
2024-08-21 09:30:00,-20.582264483333333,-4.729110566666667,-21.299719,-0.7174543734781906
2024-08-21 10:00:00,-32.21019998333333,-14.341190583333336,-31.352818,0.8573824479329417
2024-08-21 10:30:00,-55.60813061666667,-20.61842658333333,-47.34202,8.266112489225264
2024-08-21 11:00:00,-63.76286785,-32.63689661666667,-61.49238,2.270489615136718
2024-08-21 11:30:00,-84.28700719999999,-46.13450956666666,-81.23726,3.0497482888671783
2024-08-21 12:00:00,-106.32709768333332,-52.8263279,-93.79709,12.530009060286446
2024-08-21 12:30:00,-94.34127831666666,-57.21597226666668,-90.90742,3.4338610193033787
2024-08-21 13:00:00,-88.02025943333335,-63.699791733333335,-88.54385,-0.5235943264322742
2024-08-21 13:30:00,-88.09036766666667,-65.35607503333334,-88.56545,-0.47508490901692824
2024-08-21 14:00:00,-82.9346434,-54.0505805,-80.19733,2.737316739843749
2024-08-21 14:30:00,-88.87864931666667,-47.067028316666665,-78.49707,10.381579004166667
2024-08-21 15:00:00,-71.49999213333332,-53.44623236666666,-67.343155,4.156837226106759
2024-08-21 15:30:00,-54.0233594,-35.84434825,-51.192596,2.830762964453122
2024-08-21 16:00:00,-35.204952866666666,-25.73822618333333,-32.127296,3.0776564189127598
2024-08-21 16:30:00,-12.445391066666666,-13.896045583333333,-10.955237,1.490153678055826
2024-08-21 17:00:00,-0.6651044833333334,-2.2895600833333334,3.3934374,4.058541868892416
2024-08-21 17:30:00,5.813925633333334,0.9795655833333335,5.634949,-0.17897642602742536
2024-08-21 18:00:00,13.555581633333334,9.347617933333334,14.520116,0.9645342190226227
2024-08-21 18:30:00,18.4232491,14.844668983333332,18.778595,0.3553458707031254
2024-08-21 19:00:00,22.251823916666662,21.706066616666664,22.695862,0.4440378997395875
2024-08-21 19:30:00,27.2882895,20.524237266666667,23.560528,-3.7277616984863293
2024-08-21 20:00:00,25.765977816666663,26.298471133333333,25.725182,-0.0407962370768189
2024-08-21 20:30:00,26.984586083333337,28.38622395,28.060678,1.0760923987223272
2024-08-21 21:00:00,34.05282881666667,32.91918998333333,32.044147,-2.0086813252115903
2024-08-21 21:30:00,34.78973381666667,36.75912595,34.60032,-0.18941490797526228
2024-08-21 22:00:00,32.01850098333333,31.37091331666667,31.976946,-0.04155510625813719
2024-08-21 22:30:00,27.74777213333333,27.49365205,28.421873,0.6741009593180358
2024-08-21 23:00:00,32.9670061,30.577378316666668,30.11422,-2.8527864344726552
2024-08-21 23:30:00,31.993006066666663,31.1061794,31.084377,-0.9086287778483033
2024-08-22 00:00:00,30.1267587,31.784550483333334,29.568695,-0.5580636316406249
2024-08-22 00:30:00,22.33825218333333,30.341749550000003,28.358345,6.02009284840495
2024-08-22 01:00:00,21.387921700000003,29.1864817,27.205376,5.8174539713867155
2024-08-22 01:30:00,22.527234983333333,28.638185016666664,27.886477,5.3592415333903
2024-08-22 02:00:00,23.363567866666667,25.8655239,27.007822,3.644254170076497
2024-08-22 02:30:00,27.28522285,30.06433275,26.99753,-0.28769286647949244
2024-08-22 03:00:00,20.229072183333333,24.439689366666663,24.997013,4.767940908707683
2024-08-22 03:30:00,20.883602266666667,22.62501268333333,23.284065,2.400462979915364
2024-08-22 04:00:00,20.56469445,21.740274900000003,23.904905,3.340210869213866
2024-08-22 04:30:00,25.3570244,21.721258316666667,25.26912,-0.08790513730468774
2024-08-22 05:00:00,21.29365003333333,24.1610161,25.692327,4.39867746605632
2024-08-22 05:30:00,24.149271066666667,26.432575683333337,27.5717,3.4224280757893872
2024-08-22 06:00:00,21.060144416666667,26.12844945,26.613855,5.55371094527181
2024-08-22 06:30:00,23.88727396666667,28.4335506,28.067598,4.180324376228839
2024-08-22 07:00:00,29.153185500000003,29.46778125,28.500702,-0.6524835957031279
2024-08-22 07:30:00,30.13076453333333,26.585780166666662,27.937996,-2.1927686226887992
2024-08-22 08:00:00,20.23779498333333,26.11123665,22.40731,2.1695155025065134
2024-08-22 08:30:00,12.82639345,6.132002866666666,13.533039,0.7066456430175787
2024-08-22 09:00:00,-5.73789575,-8.434995950000001,-2.4351568,3.30273892779541
2024-08-22 09:30:00,-20.509097816666667,-20.582264483333333,-14.074715,6.434383156022136
2024-08-22 10:00:00,-31.61092608333333,-32.21019998333333,-31.824163,-0.21323735355631968
2024-08-22 10:30:00,-39.66438386666667,-55.60813061666667,-40.54288,-0.8784971452962225
2024-08-22 11:00:00,-61.16252175,-63.76286785,-53.954994,7.207527548339847
2024-08-22 11:30:00,-69.94316008333332,-84.28700719999999,-72.511345,-2.568184826334644
2024-08-22 12:00:00,-78.97272941666667,-106.32709768333332,-83.59246,-4.619731215657552
2024-08-22 12:30:00,-76.4982951,-94.34127831666666,-81.77346,-5.275165288183587
2024-08-22 13:00:00,-98.72373961666666,-88.02025943333335,-94.20491,4.51882933834635
2024-08-22 13:30:00,-94.03582175,-88.09036766666667,-93.02949,1.0063341401367154
2024-08-22 14:00:00,-101.63559495,-82.9346434,-92.22576,9.40983353642578
2024-08-22 14:30:00,-101.75825436666666,-88.87864931666667,-99.496216,2.2620385463541623
2024-08-22 15:00:00,-91.76183953333332,-71.49999213333332,-80.89932,10.86251702356769
2024-08-22 15:30:00,-65.20185588333334,-54.0233594,-53.833225,11.368630633089197
2024-08-22 16:00:00,-40.39976946666666,-35.204952866666666,-37.84595,2.553818386344396
2024-08-22 16:30:00,-21.043815533333333,-12.445391066666666,-15.01672,6.027095715218099
2024-08-22 17:00:00,-6.54432285,-0.6651044833333334,-2.9167073,3.6276155727020267
2024-08-22 17:30:00,5.1829915,5.813925633333334,4.0934353,-1.089556212524414
2024-08-22 18:00:00,14.17935215,13.555581633333334,13.728791,-0.4505609131225583
2024-08-22 18:30:00,20.68035,18.4232491,18.95993,-1.7204195800781257
2024-08-22 19:00:00,18.59980321666667,22.251823916666662,22.050594,3.450791113167316
2024-08-22 19:30:00,22.770447266666668,27.2882895,23.74255,0.9721026295735662
2024-08-22 20:00:00,23.13397065,25.765977816666663,27.12794,3.9939685742431656
2024-08-22 20:30:00,26.5388984,26.984586083333337,27.648615,1.1097164834228508
2024-08-22 21:00:00,30.985317133333336,34.05282881666667,29.688076,-1.2972411140462263
2024-08-22 21:30:00,34.601907266666664,34.78973381666667,32.309345,-2.2925620213053364
2024-08-22 22:00:00,34.83311285,32.01850098333333,31.046854,-3.78625883083496
2024-08-22 22:30:00,31.25107285,27.74777213333333,28.915737,-2.3353356979003905
2024-08-22 23:00:00,29.33503445,32.9670061,28.14464,-1.1903944811279281
2024-08-22 23:30:00,29.0327511,31.993006066666663,31.193579,2.1608276200927747
2024-08-23 00:00:00,28.23175206666667,30.1267587,28.668562,0.4368098687581359
2024-08-23 00:30:00,25.857218433333333,22.33825218333333,25.328901,-0.5283171424397786
2024-08-23 01:00:00,22.551041166666664,21.387921700000003,23.359022,0.8079809738362655
2024-08-23 01:30:00,22.58412983333333,22.527234983333333,22.702847,0.11871669376628091
2024-08-23 02:00:00,23.84997225,23.363567866666667,22.455664,-1.394308568969727
2024-08-23 02:30:00,25.9765555,27.28522285,24.7078,-1.2687555885009765
2024-08-23 03:00:00,23.38679396666667,20.229072183333333,23.47353,0.0867358490071588
2024-08-23 03:30:00,23.951111766666667,20.883602266666667,21.932524,-2.018588039249675
2024-08-23 04:00:00,24.6829605,20.56469445,22.102211,-2.580749501464844
2024-08-23 04:30:00,23.442055550000003,25.3570244,23.902689,0.4606334301025363
2024-08-23 05:00:00,29.472310633333333,21.29365003333333,23.990168,-5.482143015535481
2024-08-23 05:30:00,38.00033676666666,24.149271066666667,28.981792,-9.018544316715492
2024-08-23 06:00:00,36.50464396666667,21.060144416666667,27.700424,-8.804219772330732
2024-08-23 06:30:00,41.8992618,23.88727396666667,28.58063,-13.318632451245115
2024-08-23 07:00:00,36.25752,29.153185500000003,27.60802,-8.649499217529296
2024-08-23 07:30:00,28.11338453333333,30.13076453333333,27.408587,-0.7047980312581359
2024-08-23 08:00:00,20.90254493333333,20.23779498333333,21.622103,0.7195578040934265
2024-08-23 08:30:00,10.187409416666666,12.82639345,11.729979,1.542569144734701
2024-08-23 09:00:00,-0.6474917666666667,-5.73789575,-3.6847072,-3.0372153980977377
2024-08-23 09:30:00,-14.166985616666668,-20.509097816666667,-16.51046,-2.3434742832356754
2024-08-23 10:00:00,-23.425921833333334,-31.61092608333333,-25.293335,-1.8674131276041663
2024-08-23 10:30:00,-39.36659386666667,-39.66438386666667,-40.77126,-1.404665441194659
2024-08-23 11:00:00,-48.51146438333333,-61.16252175,-52.166676,-3.65521118429362
2024-08-23 11:30:00,-63.8289972,-69.94316008333332,-65.093094,-1.264096672070309
2024-08-23 12:00:00,-72.47253490000001,-78.97272941666667,-74.78734,-2.314803356835924
2024-08-23 12:30:00,-77.87840678333333,-76.4982951,-81.14,-3.261592606315105
2024-08-23 13:00:00,-84.58023116666666,-98.72373961666666,-87.55861,-2.9783778421223985
2024-08-23 13:30:00,-79.81182611666667,-94.03582175,-82.79862,-2.9867960146809907
2024-08-23 14:00:00,-60.08442936666666,-101.63559495,-66.21005,-6.125623123567713
2024-08-23 14:30:00,-60.79384001666667,-101.75825436666666,-66.40557,-5.611730967220048
2024-08-23 15:00:00,-53.56465168333333,-91.76183953333332,-61.91983,-8.355178638932294
2024-08-23 15:30:00,-37.815409816666666,-65.20185588333334,-39.276306,-1.4608963356770843
2024-08-23 16:00:00,-17.763400999999998,-40.39976946666666,-22.845808,-5.0824070291748065
2024-08-23 16:30:00,-1.7480173166666662,-21.043815533333333,-9.03271,-7.284692758711752
2024-08-23 17:00:00,3.8953466,-6.54432285,0.0841442,-3.8112024025956153
2024-08-23 17:30:00,9.488446683333336,5.1829915,5.954899,-3.5335478491048207
2024-08-23 18:00:00,13.49911225,14.17935215,11.527892,-1.971220137268066
2024-08-23 18:30:00,17.4911413,20.68035,15.6221895,-1.8689517782104481
2024-08-23 19:00:00,18.57412066666667,18.59980321666667,19.69392,1.1197994688313777
2024-08-23 19:30:00,15.720742716666663,22.770447266666668,18.741045,3.020302281502282
2024-08-23 20:00:00,20.61742513333333,23.13397065,21.8356,1.2181747659586613
2024-08-23 20:30:00,27.846801133333333,26.5388984,24.793812,-3.05298933523763
2024-08-23 21:00:00,22.233442416666666,30.985317133333336,25.460817,3.227374920369467
2024-08-23 21:30:00,29.125659966666664,34.601907266666664,28.550453,-0.5752067806315075
2024-08-23 22:00:00,29.424521650000003,34.83311285,28.884579,-0.5399429451660183
2024-08-23 22:30:00,27.7252255,31.25107285,27.040281,-0.6849442042236333
2024-08-23 23:00:00,30.52195055,29.33503445,27.315624,-3.206326312939453
2024-08-23 23:30:00,29.61315343333333,29.0327511,28.768938,-0.8442153687581353
2024-08-24 00:00:00,29.806949916666667,28.23175206666667,26.192383,-3.6145671041666674
2024-08-24 00:30:00,26.463664866666665,25.857218433333333,25.079346,-1.3843191635416652
2024-08-24 01:00:00,27.358443966666663,22.551041166666664,22.979147,-4.379297009269202
2024-08-24 01:30:00,24.425924966666667,22.58412983333333,22.509054,-1.916870782706706
2024-08-24 02:00:00,25.297602866666665,23.84997225,23.60558,-1.692023490445962
2024-08-24 02:30:00,27.663174416666667,25.9765555,24.923508,-2.7396667262369796
2024-08-24 03:00:00,24.126788816666664,23.38679396666667,22.51462,-1.6121689893961566
2024-08-24 03:30:00,21.790701016666663,23.951111766666667,22.948778,1.1580771357991573
2024-08-24 04:00:00,21.053658466666665,24.6829605,20.394955,-0.6587037852701805
2024-08-24 04:30:00,21.92205391666667,23.442055550000003,21.80765,-0.11440430423991188
2024-08-24 05:00:00,25.06921045,29.472310633333333,24.150606,-0.9186042946044921
2024-08-24 05:30:00,31.1918566,38.00033676666666,29.992765,-1.199091173364259
2024-08-24 06:00:00,26.49912888333333,36.50464396666667,28.725145,2.2260164566324896
2024-08-24 06:30:00,26.204767566666664,41.8992618,29.823074,3.6183067741536483
2024-08-24 07:00:00,20.92019443333333,36.25752,25.45348,4.533285333512374
2024-08-24 07:30:00,16.590249466666666,28.11338453333333,22.017971,5.427721572151693
2024-08-24 08:00:00,22.18132053333333,20.90254493333333,17.94883,-4.2324908824544245
2024-08-24 08:30:00,12.80739665,10.187409416666666,9.589879,-3.2175176140502924
2024-08-24 09:00:00,-4.3459712,-0.6474917666666667,-2.3067756,2.0391956300842287
2024-08-24 09:30:00,-17.05754885,-14.166985616666668,-16.87705,0.18049845021972644
2024-08-24 10:00:00,-44.797396166666665,-23.425921833333334,-38.4838,6.313597185953775
2024-08-24 10:30:00,-60.09717491666667,-39.36659386666667,-53.026554,7.070620809000651
2024-08-24 11:00:00,-82.96111988333332,-48.51146438333333,-78.68266,4.278456919466137
2024-08-24 11:30:00,-99.6944817,-63.8289972,-94.84702,4.847458689746091
2024-08-24 12:00:00,-104.24154226666668,-72.47253490000001,-98.12497,6.116572784244809
2024-08-24 12:30:00,-104.4657251,-77.87840678333333,-100.224495,4.241230165917969
2024-08-24 13:00:00,-121.71574228333331,-84.58023116666666,-111.61105,10.104688816536438
2024-08-24 13:30:00,-128.33744935,-79.81182611666667,-121.48922,6.84822968447267
2024-08-24 14:00:00,-116.7536422,-60.08442936666666,-109.67735,7.076289294726564
2024-08-24 14:30:00,-95.41664671666666,-60.79384001666667,-95.24491,0.17173552281900584
2024-08-24 15:00:00,-77.87421991666666,-53.56465168333333,-79.12755,-1.2533283011067766
2024-08-24 15:30:00,-53.80938446666667,-37.815409816666666,-49.874607,3.9347773804850306
2024-08-24 16:00:00,-30.023931566666665,-17.763400999999998,-29.569223,0.4547081627360008
2024-08-24 16:30:00,-9.708918183333331,-1.7480173166666662,-10.599984,-0.8910659856730163
2024-08-24 17:00:00,1.9977121,3.8953466,0.4262281,-1.5714839939781189
2024-08-24 17:30:00,7.954381783333333,9.488446683333336,5.6368995,-2.317482312050374
2024-08-24 18:00:00,6.5978795,13.49911225,12.340827,5.7429474882202145
2024-08-24 18:30:00,9.886819833333334,17.4911413,14.074668,4.187848097269693
2024-08-24 19:00:00,17.14203996666667,18.57412066666667,18.78945,1.647409725105792
2024-08-24 19:30:00,20.244962766666667,15.720742716666663,20.583794,0.3388308734700516
2024-08-24 20:00:00,16.673290066666667,20.61742513333333,21.416279,4.7429887724446615
2024-08-24 20:30:00,14.81563835,27.846801133333333,23.195414,8.379775239477539
2024-08-24 21:00:00,18.08395115,22.233442416666666,22.782988,4.699036444604491
2024-08-24 21:30:00,18.9247844,29.125659966666664,25.335735,6.410950921044922
2024-08-24 22:00:00,22.001769966666668,29.424521650000003,27.407705,5.405935340340168
2024-08-24 22:30:00,21.82339668333333,27.7252255,27.080858,5.257461547257492
2024-08-24 23:00:00,24.80286513333333,30.52195055,29.217104,4.414238824796552
2024-08-24 23:30:00,27.9646473,29.61315343333333,28.008928,0.04428099895019599
2024-08-25 00:00:00,26.659898416666664,29.806949916666667,28.53965,1.8797515467122423
2024-08-25 00:30:00,19.037515466666665,26.463664866666665,26.008,6.97048395349935
2024-08-25 01:00:00,18.54493048333333,27.358443966666663,23.902498,5.357567761905926
2024-08-25 01:30:00,18.219478766666665,24.425924966666667,24.667282,6.447803337825523
2024-08-25 02:00:00,19.98914448333333,25.297602866666665,24.041994,4.0528496115153025
2024-08-25 02:30:00,22.11109713333333,27.663174416666667,25.627272,3.5161745188883486
2024-08-25 03:00:00,18.251572133333333,24.126788816666664,22.857029,4.6054568278483075
2024-08-25 03:30:00,20.0999739,21.790701016666663,20.762226,0.6622522047363297
2024-08-25 04:00:00,20.41340783333333,21.053658466666665,20.629484,0.21607634330241154
2024-08-25 04:30:00,20.19296878333333,21.92205391666667,22.342241,2.149272503898114
2024-08-25 05:00:00,26.447426,25.06921045,25.132992,-1.3144342092285157
2024-08-25 05:30:00,32.9537616,31.1918566,28.67502,-4.278741382104492
2024-08-25 06:00:00,26.034228316666667,26.49912888333333,26.365242,0.33101368772786444
2024-08-25 06:30:00,23.31806843333333,26.204767566666664,24.604536,1.2864676231852243
2024-08-25 07:00:00,13.566611783333334,20.92019443333333,20.056932,6.490320666007486
2024-08-25 07:30:00,9.58434225,16.590249466666666,17.793173,8.20883058630371
2024-08-25 08:00:00,9.823884483333332,22.18132053333333,15.623139,5.799254898075359
2024-08-25 08:30:00,6.71467615,12.80739665,11.00799,4.293313733422852
2024-08-25 09:00:00,3.25756125,-4.3459712,0.65017545,-2.6073857977676393
2024-08-25 09:30:00,-0.4632286333333331,-17.05754885,-11.418509,-10.955279896329753
2024-08-25 10:00:00,-6.833398833333334,-44.797396166666665,-14.751485,-7.918086037577311
2024-08-25 10:30:00,-8.759876716666666,-60.09717491666667,-12.944336,-4.184459220833334
2024-08-25 11:00:00,-17.311439500000002,-82.96111988333332,-25.351982,-8.040542616699216
2024-08-25 11:30:00,-32.168599916666665,-99.6944817,-37.03676,-4.868158506184898
2024-08-25 12:00:00,-42.0736465,-104.24154226666668,-46.263577,-4.189930007568357
2024-08-25 12:30:00,-44.26904725,-104.4657251,-49.246284,-4.977237234863281
2024-08-25 13:00:00,-41.2794244,-121.71574228333331,-49.274857,-7.995432167382809
2024-08-25 13:30:00,-60.66518316666666,-128.33744935,-64.700325,-4.035141845540373
2024-08-25 14:00:00,-51.14757235,-116.7536422,-51.260582,-0.1130096202148465
2024-08-25 14:30:00,-33.39903983333333,-95.41664671666666,-34.506634,-1.1075939252115887
2024-08-25 15:00:00,-14.555530416666668,-77.87421991666666,-25.822033,-11.266502511800129
2024-08-25 15:30:00,-4.634229,-53.80938446666667,-14.145547,-9.511317913146971
2024-08-25 16:00:00,-8.238308333333334,-30.023931566666665,-10.683269,-2.4449602137247712
2024-08-25 16:30:00,-0.670800516666667,-9.708918183333331,-3.6990874,-3.028286864696248
2024-08-25 17:00:00,7.462297899999999,1.9977121,6.9230905,-0.5392074420837396
2024-08-25 17:30:00,18.5596928,7.954381783333333,15.645301,-2.9143919348266607
2024-08-25 18:00:00,23.30818548333333,6.5978795,19.405277,-3.902908231136063
2024-08-25 18:30:00,31.379112666666668,9.886819833333334,24.05676,-7.322351878702801
2024-08-25 19:00:00,28.55311565,17.14203996666667,24.706274,-3.8468416174072253
2024-08-25 19:30:00,26.906926666666664,20.244962766666667,25.474226,-1.4327006687418589
2024-08-25 20:00:00,27.319380966666667,16.673290066666667,25.678614,-1.6407673039469408
2024-08-25 20:30:00,21.949365033333333,14.81563835,23.225658,1.276293383414714
2024-08-25 21:00:00,25.564702083333334,18.08395115,25.54327,-0.02143197224934923
2024-08-25 21:30:00,20.612970033333333,18.9247844,24.053434,3.440464338614909
2024-08-25 22:00:00,20.022123366666666,22.001769966666668,25.320421,5.298297852205405
2024-08-25 22:30:00,20.025493316666665,21.82339668333333,23.33969,3.314195938094077
2024-08-25 23:00:00,24.60140668333333,24.80286513333333,25.279654,0.6782468658610057
2024-08-25 23:30:00,27.648408683333333,27.9646473,26.733606,-0.9148023448323563
2024-08-26 00:00:00,27.58554833333333,26.659898416666664,26.832623,-0.7529258052571564
2024-08-26 00:30:00,22.4081068,19.037515466666665,23.576786,1.1686792412597669
2024-08-26 01:00:00,23.20198328333333,18.54493048333333,22.488712,-0.7132709725423148
2024-08-26 01:30:00,25.6334738,18.219478766666665,22.765343,-2.868131087597657
2024-08-26 02:00:00,23.80741283333333,19.98914448333333,23.047262,-0.7601506415608696
2024-08-26 02:30:00,28.6944277,22.11109713333333,24.938679,-3.7557489585449204
2024-08-26 03:00:00,23.46012118333333,18.251572133333333,22.659079,-0.8010425853108707
2024-08-26 03:30:00,21.741013366666664,20.0999739,23.387949,1.6469356232015002
2024-08-26 04:00:00,25.430176733333337,20.41340783333333,23.228285,-2.201891897517907
2024-08-26 04:30:00,29.6045807,20.19296878333333,24.058857,-5.5457237358886715
2024-08-26 05:00:00,28.300827216666665,26.447426,26.311323,-1.9895040507731103
2024-08-26 05:30:00,27.260788316666662,32.9537616,27.350592,0.08980334287923597
2024-08-26 06:00:00,25.5238167,26.034228316666667,26.328598,0.8047813224609364
2024-08-26 06:30:00,19.182737133333333,23.31806843333333,24.678682,5.495945193937175
2024-08-26 07:00:00,20.90695833333333,13.566611783333334,22.631355,1.7243969523112028
2024-08-26 07:30:00,22.255581000000003,9.58434225,22.150826,-0.1047554995117217
2024-08-26 08:00:00,18.96584665,9.823884483333332,17.262424,-1.703422181005859
2024-08-26 08:30:00,9.901607816666669,6.71467615,10.122864,0.22125595286458122
2024-08-26 09:00:00,-2.5838327500000005,3.25756125,-4.5026493,-1.918816557250976
2024-08-26 09:30:00,-25.57472338333333,-0.4632286333333331,-20.263628,5.311095377351883
2024-08-26 10:00:00,-40.2084911,-6.833398833333334,-32.90532,7.303171886132816
2024-08-26 10:30:00,-50.22642326666666,-8.759876716666666,-48.174217,2.0522060425455635
2024-08-26 11:00:00,-66.69145491666667,-17.311439500000002,-66.14416,0.5472975069987029
2024-08-26 11:30:00,-89.89311953333333,-32.168599916666665,-84.127174,5.765945155891927
2024-08-26 12:00:00,-95.06253555,-42.0736465,-90.462875,4.599660183789069
2024-08-26 12:30:00,-84.0058294,-44.26904725,-84.818504,-0.8126749334960977
2024-08-26 13:00:00,-91.71832878333332,-41.2794244,-88.2831,3.435232469856757
2024-08-26 13:30:00,-102.24378786666666,-60.66518316666666,-95.61515,6.628637415006509
2024-08-26 14:00:00,-102.53996383333332,-51.14757235,-91.71839,10.821572414876286
2024-08-26 14:30:00,-90.70913163333334,-33.39903983333333,-89.42705,1.282083903841155
2024-08-26 15:00:00,-85.56518781666666,-14.555530416666668,-80.58992,4.975267772721352
2024-08-26 15:30:00,-60.3305483,-4.634229,-52.29117,8.039380087109372
2024-08-26 16:00:00,-40.38564711666667,-8.238308333333334,-32.984463,7.401184378629559
2024-08-26 16:30:00,-17.61146375,-0.670800516666667,-14.494101,3.1173631793212877
2024-08-26 17:00:00,0.4768478166666667,7.462297899999999,1.9446403,1.4677924621495564
2024-08-26 17:30:00,4.9169444,18.5596928,9.088453,4.1715088928466795
2024-08-26 18:00:00,10.8770167,23.30818548333333,13.033283,2.1562665336425777
2024-08-26 18:30:00,11.02777885,31.379112666666668,16.517925,5.490146412451171
2024-08-26 19:00:00,15.872754433333334,28.55311565,20.43581,4.563055655777994
2024-08-26 19:30:00,17.12448505,26.906926666666664,19.438128,2.3136424677001948
2024-08-26 20:00:00,17.723771233333334,27.319380966666667,20.964281,3.240509848819986
2024-08-26 20:30:00,20.84954433333333,21.949365033333333,21.228611,0.37906665909831005
2024-08-26 21:00:00,20.479532666666667,25.564702083333334,21.941292,1.4617591424153638
2024-08-26 21:30:00,20.34784781666667,20.612970033333333,22.247744,1.8998957899007145
2024-08-26 22:00:00,24.447379966666663,20.022123366666666,23.08263,-1.3647498091959598
2024-08-26 22:30:00,26.14714785,20.025493316666665,23.1857,-2.9614483871093746
2024-08-26 23:00:00,22.648811816666665,24.60140668333333,25.450464,2.8016524319905614
2024-08-26 23:30:00,23.96958315,27.648408683333333,27.058203,3.088619593530275
2024-08-27 00:00:00,26.948035533333336,27.58554833333333,27.134138,0.186102573966469
2024-08-27 00:30:00,23.6253227,22.4081068,23.679018,0.05369532062988114
2024-08-27 01:00:00,25.451142166666667,23.20198328333333,23.03934,-2.4118031011149093
2024-08-27 01:30:00,26.280654866666666,25.6334738,22.541094,-3.7395610403727204
2024-08-27 02:00:00,28.18730115,23.80741283333333,22.622107,-5.565194597875976
2024-08-27 02:30:00,30.00830396666667,28.6944277,24.73179,-5.276513424064131
2024-08-27 03:00:00,26.860548966666663,23.46012118333333,22.06768,-4.792868607779944
2024-08-27 03:30:00,27.380243766666663,21.741013366666664,21.766317,-5.613926399112952
2024-08-27 04:00:00,29.44495756666667,25.430176733333337,21.589134,-7.855823350358076
2024-08-27 04:30:00,29.050834966666667,29.6045807,22.700508,-6.3503268489908855
2024-08-27 05:00:00,28.32531445,28.300827216666665,28.025648,-0.2996663329345708
2024-08-27 05:30:00,27.958051116666667,27.260788316666662,28.211926,0.2538743899251301
2024-08-27 06:00:00,29.333674966666667,25.5238167,27.022392,-2.311282693717448
2024-08-27 06:30:00,28.0271782,19.182737133333333,22.808422,-5.218756111376955
2024-08-27 07:00:00,28.564272366666668,20.90695833333333,22.356895,-6.207376919889324
2024-08-27 07:30:00,25.665503366666663,22.255581000000003,21.298748,-4.366755350309241
2024-08-27 08:00:00,29.237119433333334,18.96584665,22.386229,-6.850890871931966
2024-08-27 08:30:00,11.396792183333334,9.901607816666669,9.427823,-1.968969116621908
2024-08-27 09:00:00,-5.260672266666667,-2.5838327500000005,-3.6787786,1.5818936182902021
2024-08-27 09:30:00,-25.2436662,-25.57472338333333,-22.13091,3.112755326586914
2024-08-27 10:00:00,-43.19203843333333,-40.2084911,-44.65001,-1.4579707219401072
2024-08-27 10:30:00,-58.679367283333335,-50.22642326666666,-57.58737,1.0919954571614596
2024-08-27 11:00:00,-76.49888448333333,-66.69145491666667,-76.0559,0.4429839096028587
2024-08-27 11:30:00,-97.80616651666666,-89.89311953333333,-94.06502,3.741148816471352
2024-08-27 12:00:00,-110.8480362,-95.06253555,-105.679245,5.168791204882808
2024-08-27 12:30:00,-119.87872211666668,-84.0058294,-115.68417,4.194548532682305
2024-08-27 13:00:00,-114.8093106,-91.71832878333332,-116.052055,-1.2427447588867153
2024-08-27 13:30:00,-118.0712527,-102.24378786666666,-118.11326,-0.04200566181640397
2024-08-27 14:00:00,-118.6385933,-102.53996383333332,-117.235634,1.4029594499023403
2024-08-27 14:30:00,-107.8495067,-90.70913163333334,-104.1982,3.6513102888671938
2024-08-27 15:00:00,-87.58408485000001,-85.56518781666666,-88.81055,-1.2264620249999894
2024-08-27 15:30:00,-63.29941781666667,-60.3305483,-60.62428,2.6751387944498717
2024-08-27 16:00:00,-34.82802268333333,-40.38564711666667,-34.57086,0.2571608669270802
2024-08-27 16:30:00,-14.966616516666669,-17.61146375,-17.792522,-2.825905913753253
2024-08-27 17:00:00,-3.97232715,0.4768478166666667,-4.2011805,-0.22885330806884774
2024-08-27 17:30:00,-0.470792,4.9169444,2.0282598,2.499051754180908
2024-08-27 18:00:00,6.906782150000001,10.8770167,10.425906,3.5191240313354486
2024-08-27 18:30:00,19.00507105,11.02777885,14.801153,-4.203917867016603
2024-08-27 19:00:00,19.710303516666663,15.872754433333334,18.408037,-1.3022663309977176
2024-08-27 19:30:00,18.37262385,17.12448505,20.225697,1.853072713720703
2024-08-27 20:00:00,17.114346816666668,17.723771233333334,20.162544,3.0481974338216133
2024-08-27 20:30:00,25.812402783333336,20.84954433333333,22.305079,-3.50732427686361
2024-08-27 21:00:00,24.338125533333336,20.479532666666667,23.274485,-1.0636408989339223
2024-08-27 21:30:00,23.437046,20.34784781666667,21.978212,-1.458833643432616
2024-08-27 22:00:00,24.358459016666668,24.447379966666663,22.368168,-1.9902911394694023
2024-08-27 22:30:00,20.2517094,26.14714785,21.265306,1.013597072778321
2024-08-27 23:00:00,25.890638300000003,22.648811816666665,25.519491,-0.3711471043212917
2024-08-27 23:30:00,28.460438816666667,23.96958315,26.866415,-1.5940237928629557
2024-08-28 00:00:00,25.825604466666665,26.948035533333336,25.962004,0.13639924121907754
2024-08-28 00:30:00,20.435725566666665,23.6253227,22.478247,2.042521122176108
2024-08-28 01:00:00,21.18257158333333,25.451142166666667,22.20935,1.0267790026041688
2024-08-28 01:30:00,19.72455998333333,26.280654866666666,22.240484,2.5159242543375697
2024-08-28 02:00:00,23.08855375,28.18730115,23.546654,0.45809999755859465
2024-08-28 02:30:00,26.52626168333333,30.00830396666667,25.824905,-0.7013562878255186
2024-08-28 03:00:00,22.4524939,26.860548966666663,24.189722,1.7372281611572262
2024-08-28 03:30:00,21.29555626666667,27.380243766666663,21.724123,0.42856673443196414
2024-08-28 04:00:00,20.00946235,29.44495756666667,23.327723,3.318260199438477
2024-08-28 04:30:00,21.945183316666668,29.050834966666667,25.428385,3.483201464217121
2024-08-28 05:00:00,29.24117178333333,28.32531445,25.973423,-3.267748779182938
2024-08-28 05:30:00,32.952925,27.958051116666667,28.033306,-4.919618878173829
2024-08-28 06:00:00,25.6599834,29.333674966666667,25.296669,-0.3633143936523453
2024-08-28 06:30:00,24.74845996666667,28.0271782,23.37969,-1.368769796378583
2024-08-28 07:00:00,23.086891066666663,28.564272366666668,24.038673,0.9517823342122433
2024-08-28 07:30:00,24.728226666666668,25.665503366666663,22.40777,-2.3204565098063163
2024-08-28 08:00:00,20.690711633333333,29.237119433333334,19.270573,-1.4201389709798171
2024-08-28 08:30:00,-0.1358994,11.396792183333334,5.4499474,5.585846757177734
2024-08-28 09:00:00,-12.508291133333332,-5.260672266666667,-7.1271133,5.3811777910481755
2024-08-28 09:30:00,-20.545420066666665,-25.2436662,-19.068712,1.4767078321695948
2024-08-28 10:00:00,-46.50548328333333,-43.19203843333333,-41.85217,4.653314246468092
2024-08-28 10:30:00,-59.95385096666666,-58.679367283333335,-53.28139,6.672459822867829
2024-08-28 11:00:00,-81.79674723333333,-76.49888448333333,-79.01134,2.7854099530598972
2024-08-28 11:30:00,-103.32250128333334,-97.80616651666666,-101.01254,2.309958558723963
2024-08-28 12:00:00,-116.65499326666666,-110.8480362,-110.14713,6.507860393131509
2024-08-28 12:30:00,-122.02271815,-119.87872211666668,-117.373344,4.649373728613284
2024-08-28 13:00:00,-123.80798616666668,-114.8093106,-119.95287,3.8551129366862114
2024-08-28 13:30:00,-119.69769045,-118.0712527,-116.44155,3.2561392415039023
2024-08-28 14:00:00,-96.50428785,-118.6385933,-101.29361,-4.789321769140628
2024-08-28 14:30:00,-83.98729216666668,-107.8495067,-85.60327,-1.615979317708323
2024-08-28 15:00:00,-84.2128695,-87.58408485000001,-86.01797,-1.8050977241210973
2024-08-28 15:30:00,-53.24368615,-63.29941781666667,-58.03674,-4.793053199365232
2024-08-28 16:00:00,-35.360421233333334,-34.82802268333333,-33.08162,2.278801970638021
2024-08-28 16:30:00,-15.696602233333332,-14.966616516666669,-14.556221,1.1403812250325505
2024-08-28 17:00:00,3.2130971833333333,-3.97232715,0.597167,-2.6159301682576497
2024-08-28 17:30:00,10.445467766666669,-0.470792,6.764106,-3.681361969852704
2024-08-28 18:00:00,17.404371616666666,6.906782150000001,12.205938,-5.198433277433267
2024-08-28 18:30:00,19.87087148333333,19.00507105,15.823168,-4.047703682430011
2024-08-28 19:00:00,15.489045016666669,19.710303516666663,18.085644,2.596598751643878
2024-08-28 19:30:00,20.5159066,18.37262385,19.972555,-0.54335143947754
2024-08-28 20:00:00,19.043967716666668,17.114346816666668,20.349852,1.3058838916096995
2024-08-28 20:30:00,25.013247766666662,25.812402783333336,23.154503,-1.8587448980143186
2024-08-28 21:00:00,31.71339675,24.338125533333336,23.950802,-7.762594900634767
2024-08-28 21:30:00,30.064612216666664,23.437046,21.860437,-8.204174823478187
2024-08-28 22:00:00,26.93330883333333,24.358459016666668,22.829119,-4.104190104695636
2024-08-28 22:30:00,24.319645016666662,20.2517094,23.360895,-0.9587498598063107
2024-08-28 23:00:00,22.906232783333333,25.890638300000003,24.783815,1.8775826005777994
2024-08-28 23:30:00,26.1210154,28.460438816666667,25.979044,-0.14197143942871193
2024-08-29 00:00:00,25.331097133333333,25.825604466666665,24.85965,-0.47144747513020846
2024-08-29 00:30:00,26.615629533333333,20.435725566666665,22.06902,-4.54661021570638
2024-08-29 01:00:00,24.6769339,21.18257158333333,21.47088,-3.20605339157715
2024-08-29 01:30:00,23.994326633333333,19.72455998333333,21.359297,-2.6350298346272787
2024-08-29 02:00:00,20.91988113333333,23.08855375,23.425388,2.5055072028483103
2024-08-29 02:30:00,24.43885498333333,26.52626168333333,24.433264,-0.005591204646805181
2024-08-29 03:00:00,22.8435945,22.4524939,23.43945,0.5958548103027361
2024-08-29 03:30:00,19.81654215,21.29555626666667,21.943602,2.127059458276367
2024-08-29 04:00:00,22.81086493333333,20.00946235,22.608143,-0.20272208055012797
2024-08-29 04:30:00,23.249530016666668,21.945183316666668,24.663895,1.4143646366536444
2024-08-29 05:00:00,31.90406395,29.24117178333333,27.610737,-4.293327103076173
2024-08-29 05:30:00,34.455636633333334,32.952925,30.761726,-3.693910253938803
2024-08-29 06:00:00,25.34076225,25.6599834,26.068579,0.7278164700927725
2024-08-29 06:30:00,21.333331150000003,24.74845996666667,24.680513,3.347182231958005
2024-08-29 07:00:00,20.43114165,23.086891066666663,21.915003,1.4838611728759759
2024-08-29 07:30:00,20.271226666666667,24.728226666666668,21.728739,1.457512118123372
2024-08-29 08:00:00,17.330190116666667,20.690711633333333,18.80927,1.479080742097981
2024-08-29 08:30:00,13.52886565,-0.1358994,7.2308273,-6.298038318457031
2024-08-29 09:00:00,-11.381767133333332,-12.508291133333332,-9.4740505,1.907716611482746
2024-08-29 09:30:00,-25.33724948333333,-20.545420066666665,-22.438728,2.8985211508137994
2024-08-29 10:00:00,-44.184767416666666,-46.50548328333333,-41.60117,2.583597830485026
2024-08-29 10:30:00,-66.02137438333334,-59.95385096666666,-61.6352,4.386173882845057
2024-08-29 11:00:00,-85.3525345,-81.79674723333333,-82.79847,2.554064956542973
2024-08-29 11:30:00,-103.91687823333332,-103.32250128333334,-105.80162,-1.8847422500651163
2024-08-29 12:00:00,-120.33115385,-116.65499326666666,-118.62632,1.7048339647461006
2024-08-29 12:30:00,-126.3574061,-122.02271815,-122.43963,3.917777498925787
2024-08-29 13:00:00,-137.3775077,-123.80798616666668,-135.39127,1.9862418308593703
2024-08-29 13:30:00,-130.85343783333334,-119.69769045,-126.39287,4.4605697913411575
2024-08-29 14:00:00,-124.4174189,-96.50428785,-123.51323,0.9041895298828138
2024-08-29 14:30:00,-112.47228775,-83.98729216666668,-111.09431,1.3779808041992254
2024-08-29 15:00:00,-97.92720956666666,-84.2128695,-96.173904,1.753305147721349
2024-08-29 15:30:00,-57.93657933333333,-53.24368615,-58.928272,-0.9916929139811259
2024-08-29 16:00:00,-34.103022333333335,-35.360421233333334,-32.92014,1.1828830205891947
2024-08-29 16:30:00,-15.119630766666669,-15.696602233333332,-14.616608,0.5030231006510437
2024-08-29 17:00:00,-4.6541466,3.2130971833333333,-2.2819464,2.372200179330444
2024-08-29 17:30:00,1.4810422333333335,10.445467766666669,3.0788636,1.5978213874247231
2024-08-29 18:00:00,3.984542766666666,17.404371616666666,10.379721,6.395177921199545
2024-08-29 18:30:00,9.74303235,19.87087148333333,14.530019,4.7869864564575195
2024-08-29 19:00:00,12.171718183333333,15.489045016666669,14.369996,2.1982778875284836
2024-08-29 19:30:00,12.040113433333334,20.5159066,15.444469,3.4043560185709634
2024-08-29 20:00:00,14.03007995,19.043967716666668,15.570814,1.5407341826904304
2024-08-29 20:30:00,17.889105533333332,25.013247766666662,19.017046,1.1279404413981133
2024-08-29 21:00:00,12.939922266666663,31.71339675,18.480062,5.540140218074548
2024-08-29 21:30:00,14.5379229,30.064612216666664,22.33487,7.796946484765625
2024-08-29 22:00:00,17.9940062,26.93330883333333,22.944485,4.950478510693358
2024-08-29 22:30:00,16.31370855,24.319645016666662,22.277771,5.964062446093749
2024-08-29 23:00:00,19.779129916666665,22.906232783333333,23.338264,3.559134548665366
2024-08-29 23:30:00,21.071901116666663,26.1210154,24.382923,3.3110220095540406
2024-08-30 00:00:00,22.980052266666664,25.331097133333333,24.960135,1.9800822395589215
2024-08-30 00:30:00,21.00912105,26.615629533333333,22.764368,1.7552470072509756
2024-08-30 01:00:00,21.84874071666667,24.6769339,22.766203,0.9174622099690737
2024-08-30 01:30:00,21.0225004,23.994326633333333,20.822035,-0.20046556418456873
2024-08-30 02:00:00,19.3487756,20.91988113333333,22.06351,2.714735294775391
2024-08-30 02:30:00,22.590653816666663,24.43885498333333,24.003382,1.4127279124593137
2024-08-30 03:00:00,23.52549338333333,22.8435945,22.989521,-0.5359723567220023
2024-08-30 03:30:00,24.436740016666665,19.81654215,22.659098,-1.7776423451578758
2024-08-30 04:00:00,24.937828416666665,22.81086493333333,22.783667,-2.154161805948892
2024-08-30 04:30:00,22.5280756,23.249530016666668,24.239922,1.7118459698242177
2024-08-30 05:00:00,28.41044055,31.90406395,27.837835,-0.5726052381103521
2024-08-30 05:30:00,34.53096555,34.455636633333334,30.621876,-3.9090897870605446
2024-08-30 06:00:00,25.4371677,25.34076225,25.793926,0.35675853901367205
2024-08-30 06:30:00,17.84521825,21.333331150000003,23.14447,5.2992519648437515
2024-08-30 07:00:00,16.45195886666667,20.43114165,21.029932,4.577973155428058
2024-08-30 07:30:00,14.076791716666667,20.271226666666667,20.953312,6.876520203499348
2024-08-30 08:00:00,9.412227833333334,17.330190116666667,15.650498,6.2382705568644194
2024-08-30 08:30:00,2.2699704,13.52886565,3.7601945,1.4902241400238037
2024-08-30 09:00:00,-10.31384835,-11.381767133333332,-10.996755,-0.6829062963012689
2024-08-30 09:30:00,-25.947441183333336,-25.33724948333333,-25.72129,0.22615059495442935
2024-08-30 10:00:00,-49.25337875,-44.184767416666666,-47.081028,2.1723507653808625
2024-08-30 10:30:00,-65.33917941666667,-66.02137438333334,-66.90122,-1.5620428123372392
2024-08-30 11:00:00,-89.80884791666666,-85.3525345,-89.15619,0.6526589518229144
2024-08-30 11:30:00,-114.38170551666668,-103.91687823333332,-112.55469,1.8270180166666847
2024-08-30 12:00:00,-122.90283716666666,-120.33115385,-115.88305,7.0197881554361885
2024-08-30 12:30:00,-124.091183,-126.3574061,-125.441765,-1.3505818315429678
2024-08-30 13:00:00,-136.00465271666667,-137.3775077,-133.92671,2.0779406805338567
2024-08-30 13:30:00,-131.1641595,-130.85343783333334,-130.32054,0.8436181181640734
2024-08-30 14:00:00,-114.37562388333332,-124.4174189,-117.81314,-3.4375169858073065
2024-08-30 14:30:00,-103.38826546666668,-112.47228775,-105.19887,-1.8106023311848816
2024-08-30 15:00:00,-76.95528835,-97.92720956666666,-82.546585,-5.591296733007809
2024-08-30 15:30:00,-58.63486405,-57.93657933333333,-56.374405,2.260459142773435
2024-08-30 16:00:00,-42.25513266666667,-34.103022333333335,-41.382378,0.8727550421549495
2024-08-30 16:30:00,-21.50600723333333,-15.119630766666669,-17.122604,4.383402863216144
2024-08-30 17:00:00,-9.223383433333334,-4.6541466,-6.694787,2.5285964078816736
2024-08-30 17:30:00,-2.590989933333334,1.4810422333333335,2.4343433,5.02533327134603
2024-08-30 18:00:00,0.3650062000000001,3.984542766666666,6.1234746,5.758468397930908
2024-08-30 18:30:00,5.879172149999999,9.74303235,11.356465,5.477293189660646
2024-08-30 19:00:00,11.695469966666666,12.171718183333333,14.370596,2.67512596534017
2024-08-30 19:30:00,10.6352511,12.040113433333334,14.283236,3.647984449926758
2024-08-30 20:00:00,16.019247683333333,14.03007995,15.733453,-0.2857948863972979
2024-08-30 20:30:00,12.695366233333331,17.889105533333332,18.075342,5.379975945011395
2024-08-30 21:00:00,14.208869466666664,12.939922266666663,18.32258,4.11371087085775
2024-08-30 21:30:00,18.380837316666668,14.5379229,21.333584,2.9527465151204417
2024-08-30 22:00:00,29.52891836666667,17.9940062,22.71582,-6.8130980541666695
2024-08-30 22:30:00,22.035589866666665,16.31370855,22.081715,0.04612476346028771
2024-08-30 23:00:00,21.608808416666665,19.779129916666665,21.883163,0.2743550354817721
2024-08-30 23:30:00,19.77389065,21.071901116666663,22.68025,2.9063595178466812
2024-08-31 00:00:00,19.338665466666665,22.980052266666664,21.719534,2.380868453621421
2024-08-31 00:30:00,18.47404885,21.00912105,20.942373,2.468324425756837
2024-08-31 01:00:00,17.596806016666665,21.84874071666667,20.966862,3.3700557081868503
2024-08-31 01:30:00,17.942489483333333,21.0225004,20.341019,2.39852919342448
2024-08-31 02:00:00,17.96166381666667,19.3487756,20.564476,2.6028121965169255
2024-08-31 02:30:00,22.65970498333333,22.590653816666663,21.61124,-1.0484645963704402
2024-08-31 03:00:00,16.934513266666666,23.52549338333333,21.264996,4.330482308284505
2024-08-31 03:30:00,15.0009716,24.436740016666665,19.356298,4.355326846655274
2024-08-31 04:00:00,15.295598433333334,24.937828416666665,19.6581,4.362501694840494
2024-08-31 04:30:00,14.93578945,22.5280756,20.508844,5.573054925610352
2024-08-31 05:00:00,23.16710206666667,28.41044055,26.033895,2.8667934258870424
2024-08-31 05:30:00,30.1747706,34.53096555,28.401154,-1.7736170355468737
2024-08-31 06:00:00,22.4290734,25.4371677,24.251375,1.8223017983642578
2024-08-31 06:30:00,18.52725775,17.84521825,21.013687,2.486429383789062
2024-08-31 07:00:00,14.297160533333331,16.45195886666667,17.776464,3.4793039289469423
2024-08-31 07:30:00,9.418726633333334,14.076791716666667,14.04154,4.62281351254069
2024-08-31 08:00:00,7.386420033333334,9.412227833333334,9.517801,2.1313812514567054
2024-08-31 08:30:00,1.327790533333333,2.2699704,3.5312212,2.2034306180185954
2024-08-31 09:00:00,-11.60995165,-10.31384835,-14.504074,-2.894122446679688
2024-08-31 09:30:00,-29.26929645,-25.947441183333336,-26.494534,2.7747629111816394
2024-08-31 10:00:00,-38.80013491666667,-49.25337875,-43.23709,-4.436956147786454
2024-08-31 10:30:00,-59.314662266666666,-65.33917941666667,-63.101685,-3.787022303645834
2024-08-31 11:00:00,-86.2436515,-89.80884791666666,-82.94135,3.3022986557617173
2024-08-31 11:30:00,-99.82930393333334,-114.38170551666668,-100.59147,-0.7621648777018208
2024-08-31 12:00:00,-117.11700283333334,-122.90283716666666,-112.74943,4.367575037923189
2024-08-31 12:30:00,-121.79498268333332,-124.091183,-119.65179,2.1431958791340975
2024-08-31 13:00:00,-108.00816513333332,-136.00465271666667,-116.58735,-8.57918380465496
2024-08-31 13:30:00,-88.24854608333334,-131.1641595,-101.24627,-12.997723142740881
2024-08-31 14:00:00,-96.22371098333332,-114.37562388333332,-100.85146,-4.6277523345377745
2024-08-31 14:30:00,-105.97951341666668,-103.38826546666668,-99.03627,6.9432432750651145
2024-08-31 15:00:00,-86.33982553333334,-76.95528835,-83.14374,3.1960877403645895
2024-08-31 15:30:00,-59.80318385,-58.63486405,-57.81203,1.9911530577636753
2024-08-31 16:00:00,-46.20219896666666,-42.25513266666667,-45.034695,1.1675042950357977
2024-08-31 16:30:00,-25.83268393333333,-21.50600723333333,-19.14653,6.686153781966141
2024-08-31 17:00:00,-8.30519285,-9.223383433333334,-8.121061,0.184131524926757
2024-08-31 17:30:00,0.3825161999999997,-2.590989933333334,2.2953644,1.9128481798828127
2024-08-31 18:00:00,12.311770433333336,0.3650062000000001,7.2688885,-5.042881959822594
2024-08-31 18:30:00,14.180635083333334,5.879172149999999,10.1315565,-4.049078572408041
2024-08-31 19:00:00,10.884241616666666,11.695469966666666,14.366688,3.4824461579915376
2024-08-31 19:30:00,7.855175516666667,10.6352511,12.680004,4.82482860320638
2024-08-31 20:00:00,11.261248416666668,16.019247683333333,15.392186,4.1309377481892895
2024-08-31 20:30:00,14.515433666666668,12.695366233333331,15.518764,1.0033298755086246
2024-08-31 21:00:00,18.85676893333333,14.208869466666664,17.141008,-1.715760556258136
2024-08-31 21:30:00,16.668352083333335,18.380837316666668,18.819307,2.1509552439371724
2024-08-31 22:00:00,11.220119333333336,29.52891836666667,19.177322,7.957203054361976
2024-08-31 22:30:00,13.225399983333332,22.035589866666665,19.328053,6.102652537418621
2024-08-31 23:00:00,20.29731823333333,21.608808416666665,20.528753,0.23143504730632003
2024-08-31 23:30:00,22.479928216666668,19.77389065,21.519508,-0.9604198548502616
2024-09-01 00:00:00,22.223174350000004,19.338665466666665,22.874552,0.6513774230712848
2024-09-01 00:30:00,17.206427666666666,18.47404885,22.046345,4.839917090413412
2024-09-01 01:00:00,16.3307516,17.596806016666665,22.37193,6.041177568701173
2024-09-01 01:30:00,14.694593133333331,17.942489483333333,21.618563,6.9239695650309265
2024-09-01 02:00:00,14.517346616666666,17.96166381666667,21.022945,6.505598787386068
2024-09-01 02:30:00,20.788081,22.65970498333333,23.08274,2.294659783691408
2024-09-01 03:00:00,20.4322484,16.934513266666666,22.37072,1.9384715096679699
2024-09-01 03:30:00,18.500324316666667,15.0009716,20.766703,2.266378335310872
2024-09-01 04:00:00,17.112412850000002,15.295598433333334,21.018185,3.9057718118652325
2024-09-01 04:30:00,16.758011116666665,14.93578945,21.518951,4.76094029934896
2024-09-01 05:00:00,22.448362566666663,23.16710206666667,25.243961,2.7955987675618523
2024-09-01 05:30:00,27.612487916666662,30.1747706,27.253967,-0.35852063151041236
2024-09-01 06:00:00,24.40717351666667,22.4290734,24.064066,-0.3431075834391315
2024-09-01 06:30:00,17.349596666666667,18.52725775,19.54998,2.200383496907552
2024-09-01 07:00:00,13.230821583333332,14.297160533333331,16.13113,2.900308635172527
2024-09-01 07:30:00,7.532871716666666,9.418726633333334,13.567509,6.0346369808431
2024-09-01 08:00:00,3.617294433333333,7.386420033333334,10.3352585,6.717964050553386
2024-09-01 08:30:00,-1.3345887833333328,1.327790533333333,3.160288,4.494876878807576
2024-09-01 09:00:00,-16.0850629,-11.60995165,-12.1377125,3.947350421362305
2024-09-01 09:30:00,-28.438386633333334,-29.26929645,-28.245148,0.19323892825520872
2024-09-01 10:00:00,-41.86865773333333,-38.80013491666667,-45.290718,-3.4220603452799523
2024-09-01 10:30:00,-57.578383433333336,-59.314662266666666,-61.348843,-3.7704591875162734
2024-09-01 11:00:00,-78.70758121666667,-86.2436515,-84.509254,-5.801673238899738
2024-09-01 11:30:00,-91.81126848333334,-99.82930393333334,-97.59633,-5.785060252018226
2024-09-01 12:00:00,-103.6962318,-117.11700283333334,-110.555466,-6.859233898242181
2024-09-01 12:30:00,-108.70174958333332,-121.79498268333332,-116.96199,-8.260240773111988
2024-09-01 13:00:00,-101.67627601666668,-108.00816513333332,-111.05276,-9.376481246516917
2024-09-01 13:30:00,-90.98258998333334,-88.24854608333334,-99.60374,-8.621146894108065
2024-09-01 14:00:00,-88.92341286666665,-96.22371098333332,-97.21637,-8.292956762239598
2024-09-01 14:30:00,-85.74258111666666,-105.97951341666668,-94.178955,-8.436373961458344
2024-09-01 15:00:00,-77.56877956666666,-86.33982553333334,-87.16809,-9.599311253645837
2024-09-01 15:30:00,-65.01120605,-59.80318385,-63.14714,1.864065547070311
2024-09-01 16:00:00,-39.26544943333334,-46.20219896666666,-41.153454,-1.8880043935709594
2024-09-01 16:30:00,-22.29329128333333,-25.83268393333333,-21.626652,0.6666395194173127
2024-09-01 17:00:00,-9.13495335,-8.30519285,-6.822254,2.312699169091797
2024-09-01 17:30:00,3.060988866666667,0.3825161999999997,1.2492846,-1.8117042416132612
2024-09-01 18:00:00,5.856707316666667,12.311770433333336,7.8681154,2.011408108443196
2024-09-01 18:30:00,12.161394883333337,14.180635083333334,14.163848,2.002453039945472
2024-09-01 19:00:00,11.33164665,10.884241616666666,15.588585,4.256938249902344
2024-09-01 19:30:00,9.576727883333334,7.855175516666667,15.445356,5.868628485685221
2024-09-01 20:00:00,11.89864275,11.261248416666668,15.420686,3.522043018127441
2024-09-01 20:30:00,16.05722395,14.515433666666668,17.411098,1.3538745302246085
2024-09-01 21:00:00,20.054970033333333,18.85676893333333,20.272259,0.21728872521158848
2024-09-01 21:30:00,15.3924734,16.668352083333335,20.401148,5.0086744424072265
2024-09-01 22:00:00,16.252253433333333,11.220119333333336,18.458128,2.205874542130534
2024-09-01 22:30:00,16.282728833333334,13.225399983333332,19.25291,2.9701817806803383
2024-09-01 23:00:00,21.018119966666667,20.29731823333333,21.159204,0.1410845163655594
2024-09-01 23:30:00,27.693864450000003,22.479928216666668,22.916521,-4.777343377612308
2024-09-02 00:00:00,24.22815298333333,22.223174350000004,24.06391,-0.16424345269368246
2024-09-02 00:30:00,22.268496683333336,17.206427666666666,21.387043,-0.8814536840657574
2024-09-02 01:00:00,19.442997216666665,16.3307516,21.525005,2.0820081239095067
2024-09-02 01:30:00,19.0520985,14.694593133333331,20.13822,1.0861213333740238
2024-09-02 02:00:00,19.869330066666667,14.517346616666666,19.50648,-0.3628508033610025
2024-09-02 02:30:00,26.718711183333337,20.788081,24.2527,-2.4660103776692743
2024-09-02 03:00:00,23.2411834,20.4322484,23.062796,-0.17838776096191467
2024-09-02 03:30:00,21.713636283333333,18.500324316666667,22.623074,0.9094372945475264
2024-09-02 04:00:00,21.118994333333333,17.112412850000002,23.064215,1.9452203730875652
2024-09-02 04:30:00,19.95031493333333,16.758011116666665,23.548239,3.5979238209391298
2024-09-02 05:00:00,21.9829154,22.448362566666663,25.854773,3.871857167749024
2024-09-02 05:30:00,20.808454933333334,27.612487916666662,27.576897,6.768441734147135
2024-09-02 06:00:00,22.08452,24.40717351666667,25.84638,3.761860233764647
2024-09-02 06:30:00,21.24582505,17.349596666666667,21.745892,0.5000665210449213
2024-09-02 07:00:00,17.4811412,13.230821583333332,19.261492,1.7803505755126956
2024-09-02 07:30:00,20.85283395,7.532871716666666,18.184109,-2.6687252158691415
2024-09-02 08:00:00,13.394507833333334,3.617294433333333,13.054249,-0.3402590235188807
2024-09-02 08:30:00,7.254198916666667,-1.3345887833333328,3.7394085,-3.5147904236246745
2024-09-02 09:00:00,-9.055641133333332,-16.0850629,-8.986461,0.06918044760335107
2024-09-02 09:30:00,-35.75489053333333,-28.438386633333334,-28.908401,6.846489044075518
2024-09-02 10:00:00,-34.9226705,-41.86865773333333,-39.99714,-5.074468477050779
2024-09-02 10:30:00,-55.66341163333334,-57.578383433333336,-57.756344,-2.092932208219395
2024-09-02 11:00:00,-90.33831045,-78.70758121666667,-87.65373,2.684578150195307
2024-09-02 11:30:00,-99.86691566666669,-91.81126848333334,-100.65526,-0.7883425120442524
2024-09-02 12:00:00,-105.16414388333334,-103.6962318,-109.44598,-4.281832373990881
2024-09-02 12:30:00,-128.63879225,-108.70174958333332,-125.613235,3.025556776367182
2024-09-02 13:00:00,-134.68802391666665,-101.67627601666668,-130.02138,4.666646353190089
2024-09-02 13:30:00,-135.52868886666667,-90.98258998333334,-131.58818,3.9405083246744823
2024-09-02 14:00:00,-126.43533005,-88.92341286666665,-121.68849,4.746838228710942
2024-09-02 14:30:00,-108.1926721,-85.74258111666666,-108.1149,0.0777734183593708
2024-09-02 15:00:00,-84.85028371666667,-77.56877956666666,-85.79535,-0.9450654044270834
2024-09-02 15:30:00,-62.34753826666667,-65.01120605,-62.63052,-0.28298160027669184
2024-09-02 16:00:00,-32.868156150000004,-39.26544943333334,-33.392853,-0.5246966332031207
2024-09-02 16:30:00,-7.175252016666668,-22.29329128333333,-15.363756,-8.188504163142902
2024-09-02 17:00:00,8.20961395,-9.13495335,2.0401764,-6.169437558398437
2024-09-02 17:30:00,24.0498288,3.060988866666667,9.066296,-14.983533176220703
2024-09-02 18:00:00,19.2818384,5.856707316666667,12.977848,-6.303990347021486
2024-09-02 18:30:00,16.822961633333332,12.161394883333337,16.32479,-0.4981725860921209
2024-09-02 19:00:00,20.4097405,11.33164665,16.61992,-3.7898197694091813
2024-09-02 19:30:00,24.65336605,9.576727883333334,17.967003,-6.686363181347655
2024-09-02 20:00:00,28.91852611666667,11.89864275,18.66539,-10.253136102018232
2024-09-02 20:30:00,27.40422845,16.05722395,21.242512,-6.161716700732423
2024-09-02 21:00:00,32.310637183333334,20.054970033333333,23.07195,-9.238686270857748
2024-09-02 21:30:00,29.648407416666668,15.3924734,22.848312,-6.8000950387369805
2024-09-02 22:00:00,34.80902121666667,16.252253433333333,25.61314,-9.1958811104655
2024-09-02 22:30:00,28.84255328333333,16.282728833333334,23.163633,-5.6789199367757135
2024-09-02 23:00:00,36.89445315,21.018119966666667,25.429905,-11.464548212255856
2024-09-02 23:30:00,41.87019166666667,27.693864450000003,26.81131,-15.058881852213545
2024-09-03 00:00:00,31.205507300000004,24.22815298333333,26.01409,-5.191417715649418
2024-09-03 00:30:00,26.708763316666666,22.268496683333336,22.81445,-3.894314006363931
2024-09-03 01:00:00,22.63615833333333,19.442997216666665,21.830002,-0.8061565022786432
2024-09-03 01:30:00,23.91724323333333,19.0520985,22.286304,-1.6309387594563773
2024-09-03 02:00:00,21.94313273333333,19.869330066666667,21.689157,-0.2539752473714145
2024-09-03 02:30:00,24.84188225,26.718711183333337,24.43283,-0.40905143945312616
2024-09-03 03:00:00,19.85267005,23.2411834,22.802849,2.9501787659179683
2024-09-03 03:30:00,24.144367366666668,21.713636283333333,22.060081,-2.084285884733074
2024-09-03 04:00:00,21.6601151,21.118994333333333,22.146866,0.48675074472656377
2024-09-03 04:30:00,23.366591216666663,19.95031493333333,22.191973,-1.1746184841227176
2024-09-03 05:00:00,24.472043416666665,21.9829154,24.547817,0.07577381355794444
2024-09-03 05:30:00,29.9047094,20.808454933333334,26.065624,-3.8390851629394547
2024-09-03 06:00:00,24.992175016666664,22.08452,24.635088,-0.35708704974771877
2024-09-03 06:30:00,23.244049516666667,21.24582505,22.02239,-1.2216591510660813
2024-09-03 07:00:00,19.0089004,17.4811412,20.121477,1.1125767270751936
2024-09-03 07:30:00,19.331053366666666,20.85283395,18.8362,-0.4948526525553376
2024-09-03 08:00:00,14.498121716666668,13.394507833333334,11.656121,-2.8420004626993833
2024-09-03 08:30:00,4.6194173166666666,7.254198916666667,4.3341475,-0.2852698633585611
2024-09-03 09:00:00,-15.570151083333334,-9.055641133333332,-9.168708,6.401443235738119
2024-09-03 09:30:00,-30.18748761666667,-35.75489053333333,-33.6434,-3.4559106682454406
2024-09-03 10:00:00,-45.4187634,-34.9226705,-43.51489,1.9038746365722687
2024-09-03 10:30:00,-76.72194334999999,-55.66341163333334,-69.00995,7.711994619531239
2024-09-03 11:00:00,-95.43612013333332,-90.33831045,-92.44518,2.9909373330403497
2024-09-03 11:30:00,-117.65285498333331,-99.86691566666669,-112.21819,5.434661929134094
2024-09-03 12:00:00,-126.0764612,-105.16414388333334,-125.09513,0.9813302795898409
2024-09-03 12:30:00,-138.88335603333334,-128.63879225,-138.66306,0.22030061341146734
2024-09-03 13:00:00,-156.10131881666666,-134.68802391666665,-147.8148,8.286514739518225
2024-09-03 13:30:00,-155.66663276666665,-135.52868886666667,-141.47163,14.19499885553384
2024-09-03 14:00:00,-141.46893115,-126.43533005,-133.82408,7.644849729101566
2024-09-03 14:30:00,-131.61315951666668,-108.1926721,-124.38574,7.227417329166684
2024-09-03 15:00:00,-104.000076,-84.85028371666667,-98.118576,5.88149995019532
2024-09-03 15:30:00,-83.70619005,-62.34753826666667,-75.19204,8.51415056025391
2024-09-03 16:00:00,-54.16714043333334,-32.868156150000004,-44.828617,9.338523337386071
2024-09-03 16:30:00,-34.13438433333334,-7.175252016666668,-20.213156,13.921228586873376
2024-09-03 17:00:00,-7.549337149999999,8.20961395,-0.39411715,7.155220003269576
2024-09-03 17:30:00,3.2430572333333334,24.0498288,4.493886,1.2508287606241861
2024-09-03 18:00:00,11.4203695,19.2818384,11.53271,0.11234057537841835
2024-09-03 18:30:00,14.4069546,16.822961633333332,16.387772,1.980817006445312
2024-09-03 19:00:00,19.15951843333333,20.4097405,17.135624,-2.023894501448563
2024-09-03 19:30:00,22.563115566666667,24.65336605,18.933468,-3.629647701676433
2024-09-03 20:00:00,27.86798938333333,28.91852611666667,21.105867,-6.762121997469073
2024-09-03 20:30:00,33.523127233333334,27.40422845,24.993483,-8.529644643611654
2024-09-03 21:00:00,31.9871261,32.310637183333334,27.611046,-4.376080262597657
2024-09-03 21:30:00,31.1682411,29.648407416666668,25.450314,-5.717927531884765
2024-09-03 22:00:00,25.043378933333333,34.80902121666667,27.472826,2.4294470706949873
2024-09-03 22:30:00,20.35579825,28.84255328333333,22.870646,2.5148472730712896
2024-09-03 23:00:00,23.19186433333333,36.89445315,26.881083,3.6892182014567076
2024-09-03 23:30:00,25.48679783333333,41.87019166666667,31.377928,5.891129946818037
2024-09-04 00:00:00,28.222312783333333,31.205507300000004,27.830008,-0.392305230232747
2024-09-04 00:30:00,27.83565055,26.708763316666666,24.06683,-3.768820868603516
2024-09-04 01:00:00,27.04461716666667,22.63615833333333,21.77007,-5.2745480443522155
2024-09-04 01:30:00,22.357153366666665,23.91724323333333,20.77812,-1.5790333257731106
2024-09-04 02:00:00,24.79116498333333,21.94313273333333,21.663559,-3.127606023372394
2024-09-04 02:30:00,29.17958673333333,24.84188225,24.99349,-4.18609651421712
2024-09-04 03:00:00,26.727501066666665,19.85267005,22.870071,-3.8574296555338528
2024-09-04 03:30:00,26.199888266666665,24.144367366666668,22.838036,-3.3618526831705715
2024-09-04 04:00:00,24.251193983333334,21.6601151,22.137615,-2.1135787794759118
2024-09-04 04:30:00,27.191244516666668,23.366591216666663,21.838184,-5.353060159977215
2024-09-04 05:00:00,27.89700495,24.472043416666665,25.409283,-2.4877222656738276
2024-09-04 05:30:00,37.56927343333333,29.9047094,29.10757,-8.46170278513997
2024-09-04 06:00:00,29.63760493333333,24.992175016666664,27.397379,-2.2402260118245394
2024-09-04 06:30:00,26.230544516666665,23.244049516666667,23.58304,-2.6475042792399073
2024-09-04 07:00:00,25.71123683333333,19.0089004,20.56026,-5.150976060628253
2024-09-04 07:30:00,22.74446605,19.331053366666666,20.011166,-2.7333004311035154
2024-09-04 08:00:00,16.218144016666667,14.498121716666668,13.4182205,-2.7999234966471356
2024-09-04 08:30:00,-1.49012095,4.6194173166666666,1.4702104,2.9603313830062867
2024-09-04 09:00:00,-25.63676613333333,-15.570151083333334,-18.10433,7.532436070467121
2024-09-04 09:30:00,-36.406230533333336,-30.18748761666667,-34.87643,1.5298000218587262
2024-09-04 10:00:00,-63.97149658333333,-45.4187634,-57.34294,6.628555299153639
2024-09-04 10:30:00,-78.95777831666668,-76.72194334999999,-71.66959,7.28818450563152
2024-09-04 11:00:00,-94.05617936666664,-95.43612013333332,-87.90999,6.146190963346328
2024-09-04 11:30:00,-122.00978498333332,-117.65285498333331,-114.38967,7.620113657649725
2024-09-04 12:00:00,-131.92051846666666,-126.0764612,-128.0026,3.917924472526039
2024-09-04 12:30:00,-126.59221403333332,-138.88335603333334,-125.041115,1.551099226204414
2024-09-04 13:00:00,-135.22176729999998,-156.10131881666666,-134.14691,1.074855678906232
2024-09-04 13:30:00,-113.7607406,-155.66663276666665,-119.187584,-5.426843323339838
2024-09-04 14:00:00,-113.44430333333332,-141.46893115,-115.89653,-2.452226818033864
2024-09-04 14:30:00,-92.698926,-131.61315951666668,-95.71718,-3.0182523447265623
2024-09-04 15:00:00,-70.08454238333333,-104.000076,-72.062675,-1.9781330927408902
2024-09-04 15:30:00,-40.52870166666667,-83.70619005,-45.75531,-5.22660839192708
2024-09-04 16:00:00,-24.115169966666667,-54.16714043333334,-29.253174,-5.138003861458333
2024-09-04 16:30:00,-6.808360016666668,-34.13438433333334,-14.856623,-8.048262679256183
2024-09-04 17:00:00,5.993170033333334,-7.549337149999999,1.053196,-4.939974079964194
2024-09-04 17:30:00,2.5098882833333334,3.2430572333333334,3.054776,0.5448876699595133
2024-09-04 18:00:00,8.884160016666668,11.4203695,9.019624,0.13546373974202375
2024-09-04 18:30:00,14.054605983333332,14.4069546,13.980578,-0.07402756078694495
2024-09-04 19:00:00,15.785100066666669,19.15951843333333,16.658333,0.8732327580403627
2024-09-04 19:30:00,12.795735583333334,22.563115566666667,19.245493,6.44975735184733
2024-09-04 20:00:00,16.705236199999998,27.86798938333333,23.106558,6.401321646069338
2024-09-04 20:30:00,21.018764883333333,33.523127233333334,26.397312,5.378547280973308
2024-09-04 21:00:00,25.190635083333333,31.9871261,27.490202,2.2995668667399087
2024-09-04 21:30:00,25.554181716666665,31.1682411,27.299337,1.7451556704182956
2024-09-04 22:00:00,22.049853916666667,25.043378933333333,25.87903,3.829176310994466
2024-09-04 22:30:00,15.628268316666668,20.35579825,23.061987,7.433718606551105
2024-09-04 23:00:00,19.90968615,23.19186433333333,24.66979,4.760104117944337
2024-09-04 23:30:00,22.701755,25.48679783333333,28.653887,5.952131795043947
2024-09-05 00:00:00,26.39919605,28.222312783333333,27.18069,0.7814947153808589
2024-09-05 00:30:00,25.54177573333333,27.83565055,26.499968,0.9581918417399109
2024-09-05 01:00:00,22.90400945,27.04461716666667,25.081789,2.1777795667236326
2024-09-05 01:30:00,20.27352385,22.357153366666665,23.724703,3.4511789850830077
2024-09-05 02:00:00,22.839525483333333,24.79116498333333,23.585243,0.7457177417643237
2024-09-05 02:30:00,26.223178866666668,29.17958673333333,24.695873,-1.5273056061686212
2024-09-05 03:00:00,26.404900116666667,26.727501066666665,24.327757,-2.0771432349528
2024-09-05 03:30:00,22.304289933333333,26.199888266666665,24.241577,1.937287215104167
2024-09-05 04:00:00,22.685376,24.251193983333334,23.66399,0.9786140207519516
2024-09-05 04:30:00,23.138834066666664,27.191244516666668,24.9895,1.8506659791097029
2024-09-05 05:00:00,22.434036716666668,27.89700495,26.47658,4.042542949471027
2024-09-05 05:30:00,21.619813516666667,37.56927343333333,29.048662,7.428848669002278
2024-09-05 06:00:00,21.866916616666668,29.63760493333333,26.194592,4.327674905550129
2024-09-05 06:30:00,16.95246005,26.230544516666665,23.710413,6.7579529291259774
2024-09-05 07:00:00,19.8516594,25.71123683333333,19.629108,-0.22255097104492094
2024-09-05 07:30:00,19.672785533333336,22.74446605,18.498714,-1.1740710863118515
2024-09-05 08:00:00,13.928133616666663,16.218144016666667,13.442657,-0.4854761459635384
2024-09-05 08:30:00,8.99684895,-1.49012095,6.11983,-2.8770188184692387
2024-09-05 09:00:00,-3.800167366666667,-25.63676613333333,-11.23282,-7.4326521905232745
2024-09-05 09:30:00,-12.950620433333334,-36.406230533333336,-18.562588,-5.611967304703775
2024-09-05 10:00:00,-22.032820033333333,-63.97149658333333,-28.568762,-6.53594179222819
2024-09-05 10:30:00,-30.4739654,-78.95777831666668,-34.99309,-4.519126183251952
2024-09-05 11:00:00,-35.678421166666666,-94.05617936666664,-44.34075,-8.662330481282552
2024-09-05 11:30:00,-33.92789381666667,-122.00978498333332,-41.329994,-7.4021003849934885
2024-09-05 12:00:00,-42.40196505,-131.92051846666666,-49.69637,-7.294404121142577
2024-09-05 12:30:00,-55.28956883333333,-126.59221403333332,-61.800137,-6.5105677328287825
2024-09-05 13:00:00,-59.5498234,-135.22176729999998,-62.36233,-2.8125079903808583
2024-09-05 13:30:00,-68.04437763333333,-113.7607406,-68.570946,-0.5265681064127676
2024-09-05 14:00:00,-59.8941051,-113.44430333333332,-66.17234,-6.278235293066409
2024-09-05 14:30:00,-48.64908441666668,-92.698926,-55.657726,-7.008641871175115
2024-09-05 15:00:00,-38.93976008333333,-70.08454238333333,-44.491764,-5.552003985270183
2024-09-05 15:30:00,-23.986651116666668,-40.52870166666667,-32.640682,-8.654031103792317
2024-09-05 16:00:00,-14.404548316666668,-24.115169966666667,-19.002434,-4.597885460188801
2024-09-05 16:30:00,-0.0140926666666665,-6.808360016666668,-4.934815,-4.920722263295492
2024-09-05 17:00:00,8.653125533333334,5.993170033333334,3.773435,-4.879690417519125
2024-09-05 17:30:00,8.688393833333334,2.5098882833333334,5.9922485,-2.6961452981770844
2024-09-05 18:00:00,19.2782889,8.884160016666668,14.627788,-4.650501309973144
2024-09-05 18:30:00,19.06806106666667,14.054605983333332,15.628651,-3.4394104013834657
2024-09-05 19:00:00,13.421566033333336,15.785100066666669,16.144934,2.723367667228187
2024-09-05 19:30:00,10.2961489,12.795735583333334,17.983942,7.687793131860351
2024-09-05 20:00:00,20.310055466666665,16.705236199999998,22.414476,2.1044209279866557
2024-09-05 20:30:00,27.698053366666667,21.018764883333333,22.999264,-4.698789603238932
2024-09-05 21:00:00,27.678013383333333,25.190635083333333,25.853502,-1.8245111097737627
2024-09-05 21:30:00,30.80447381666667,25.554181716666665,26.081028,-4.723445832047528
2024-09-05 22:00:00,25.6011939,22.049853916666667,24.2014,-1.399793143164061
2024-09-05 22:30:00,22.30925213333333,15.628268316666668,20.647285,-1.6619666719075497
2024-09-05 23:00:00,25.97480996666667,19.90968615,23.09734,-2.877470336539716
2024-09-05 23:30:00,25.33517785,22.701755,25.00588,-0.32929749416503995
2024-09-06 00:00:00,25.6641706,26.39919605,27.348164,1.6839930047363296
2024-09-06 00:30:00,23.2983517,25.54177573333333,25.491793,2.1934409788330065
2024-09-06 01:00:00,23.18920495,22.90400945,24.817087,1.6278822234619135
2024-09-06 01:30:00,25.43975663333333,20.27352385,22.935972,-2.5037844195882144
2024-09-06 02:00:00,22.032367766666667,22.839525483333333,23.792728,1.7603606574055988
2024-09-06 02:30:00,26.333689566666663,26.223178866666668,25.766272,-0.5674179754801401
2024-09-06 03:00:00,25.76334613333333,26.404900116666667,25.378843,-0.3845028258382115
2024-09-06 03:30:00,24.73628616666667,22.304289933333333,24.115423,-0.6208629641520211
2024-09-06 04:00:00,23.533914316666667,22.685376,24.725431,1.1915171255940749
2024-09-06 04:30:00,27.58736401666667,23.138834066666664,24.980614,-2.606750308170575
2024-09-06 05:00:00,27.44986888333333,22.434036716666668,26.352085,-1.0977837698079398
2024-09-06 05:30:00,29.4720272,21.619813516666667,26.751455,-2.7205718929931635
2024-09-06 06:00:00,26.63820408333333,21.866916616666668,25.988152,-0.6500525330403626
2024-09-06 06:30:00,20.434961116666667,16.95246005,22.762669,2.3277074929524737
2024-09-06 07:00:00,18.112832766666667,19.8516594,20.390587,2.2777540863606767
2024-09-06 07:30:00,20.51669055,19.672785533333336,17.924265,-2.592425642163086
2024-09-06 08:00:00,15.620443983333333,13.928133616666663,13.372364,-2.2480799391438797
2024-09-06 08:30:00,4.978371083333333,8.99684895,4.037679,-0.9406918879292805
2024-09-06 09:00:00,-9.222649983333334,-3.800167366666667,-7.967155,1.255495003627523
2024-09-06 09:30:00,-23.589657083333336,-12.950620433333334,-24.692392,-1.1027352659098284
2024-09-06 10:00:00,-50.38841383333334,-22.032820033333333,-47.703594,2.6848196255696664
2024-09-06 10:30:00,-65.11241716666667,-30.4739654,-62.53034,2.5820788793131584
2024-09-06 11:00:00,-81.79091048333333,-35.678421166666666,-79.251434,2.5394761571614595
2024-09-06 11:30:00,-88.60728213333334,-33.92789381666667,-85.37151,3.2357687666341235
2024-09-06 12:00:00,-84.84005708333333,-42.40196505,-83.302505,1.5375515901692722
2024-09-06 12:30:00,-77.66417626666667,-55.28956883333333,-77.43698,0.22719506549479718
2024-09-06 13:00:00,-76.93206941666666,-59.5498234,-76.88787,0.04419862809244535
2024-09-06 13:30:00,-67.29870668333334,-68.04437763333333,-69.62337,-2.3246606262369767
2024-09-06 14:00:00,-57.63090003333334,-59.8941051,-66.56034,-8.929440848014316
2024-09-06 14:30:00,-49.36727435,-48.64908441666668,-55.507824,-6.1405495940917945
2024-09-06 15:00:00,-41.486600583333335,-38.93976008333333,-49.362457,-7.87585669205729
2024-09-06 15:30:00,-26.90301235,-23.986651116666668,-30.905188,-4.0021752568115225
2024-09-06 16:00:00,-14.092732150000002,-14.404548316666668,-23.519957,-9.427224438745116
2024-09-06 16:30:00,-5.9324227333333335,-0.0140926666666665,-12.133672,-6.2012490272257486
2024-09-06 17:00:00,5.672478983333334,8.653125533333334,3.003418,-2.669061014583334
2024-09-06 17:30:00,4.881826083333333,8.688393833333334,5.270125,0.38829882892862955
2024-09-06 18:00:00,8.77331285,19.2782889,12.1227045,3.34939165592041
2024-09-06 18:30:00,14.780446633333334,19.06806106666667,14.881556,0.10110892391764281
2024-09-06 19:00:00,15.4169194,13.421566033333336,17.202084,1.785164187646485
2024-09-06 19:30:00,16.141446066666667,10.2961489,16.077883,-0.06356329994303422
2024-09-06 20:00:00,21.30955176666667,20.310055466666665,21.158434,-0.1511178524820984
2024-09-06 20:30:00,21.837198366666662,27.698053366666667,22.674755,0.8375567297688846
2024-09-06 21:00:00,20.498340666666667,27.678013383333333,24.96479,4.466449677571614
2024-09-06 21:30:00,18.29818885,30.80447381666667,25.199976,6.901787117407228
2024-09-06 22:00:00,19.32890665,25.6011939,23.357162,4.028255825585937
2024-09-06 22:30:00,21.930261233333336,22.30925213333333,21.012522,-0.9177394895589224
2024-09-06 23:00:00,25.831519116666662,25.97480996666667,22.428476,-3.403042783048498
2024-09-06 23:30:00,23.121758850000003,25.33517785,24.219303,1.097544281103513
2024-09-07 00:00:00,22.90648675,25.6641706,25.477385,2.570897817260743
2024-09-07 00:30:00,21.980568466666668,23.2983517,23.802475,1.8219065089192696
2024-09-07 01:00:00,20.29592613333333,23.18920495,22.757397,2.4614705646647153
2024-09-07 01:30:00,19.378012283333334,25.43975663333333,21.818743,2.4407304687418616
2024-09-07 02:00:00,17.97158495,22.032367766666667,22.425547,4.453961696118164
2024-09-07 02:30:00,22.19100068333333,26.333689566666663,25.141115,2.9501145052653044
2024-09-07 03:00:00,19.09369493333333,25.76334613333333,25.033382,5.939687482438153
2024-09-07 03:30:00,18.0986212,24.73628616666667,23.139896,5.041275192822265
2024-09-07 04:00:00,18.085164516666666,23.533914316666667,22.352388,4.267223865291342
2024-09-07 04:30:00,19.170148366666663,27.58736401666667,24.102562,4.932413584016931
2024-09-07 05:00:00,23.773933866666667,27.44986888333333,26.037579,2.263644716097005
2024-09-07 05:30:00,27.741827216666668,29.4720272,27.664724,-0.07710286669108157
2024-09-07 06:00:00,21.730487333333333,26.63820408333333,22.69641,0.9659218921305346
2024-09-07 06:30:00,14.89204385,20.434961116666667,19.361046,4.4690019874023434
2024-09-07 07:00:00,12.982429616666666,18.112832766666667,15.709671,2.7272414038411465
2024-09-07 07:30:00,11.216133366666668,20.51669055,13.208833,1.9926993741170236
2024-09-07 08:00:00,6.4283771,15.620443983333333,8.923912,2.495534948339844
2024-09-07 08:30:00,-3.718596533333333,4.978371083333333,-1.58107,2.1375265870442703
2024-09-07 09:00:00,-9.321004516666669,-9.222649983333334,-16.551783,-7.230778091365558
2024-09-07 09:30:00,-26.385523966666668,-23.589657083333336,-27.699976,-1.314452000740559
2024-09-07 10:00:00,-52.62866941666667,-50.38841383333334,-54.91593,-2.2872622849934885
2024-09-07 10:30:00,-66.88181381666666,-65.11241716666667,-68.21706,-1.3352424577473982
2024-09-07 11:00:00,-67.71733763333333,-81.79091048333333,-70.681145,-2.9638070810221393
2024-09-07 11:30:00,-76.12526936666667,-88.60728213333334,-82.91562,-6.7903495298177035
2024-09-07 12:00:00,-94.62939333333333,-84.84005708333333,-99.8875,-5.258103614908862
2024-09-07 12:30:00,-106.59121011666667,-77.66417626666667,-103.1199,3.471306552213548
2024-09-07 13:00:00,-105.08129783333334,-76.93206941666666,-102.43287,2.6484288758138064
2024-09-07 13:30:00,-106.12856828333334,-67.29870668333334,-104.371864,1.7567039644856806
2024-09-07 14:00:00,-110.54914456666668,-57.63090003333334,-106.53671,4.012431920182308
2024-09-07 14:30:00,-106.93472771666669,-49.36727435,-103.44955,3.485180902701842
2024-09-07 15:00:00,-90.04478993333333,-41.486600583333335,-83.30156,6.743230485091146
2024-09-07 15:30:00,-67.82540155,-26.90301235,-63.341305,4.484096770947261
2024-09-07 16:00:00,-48.87187058333333,-14.092732150000002,-39.306896,9.564974373616536
2024-09-07 16:30:00,-32.64081841666667,-5.9324227333333335,-23.458313,9.182505428385419
2024-09-07 17:00:00,-13.6802389,5.672478983333334,-6.628901,7.051337895208741
2024-09-07 17:30:00,2.245018433333333,4.881826083333333,4.889368,2.6443496239176434
2024-09-07 18:00:00,9.809693866666668,8.77331285,10.405676,0.595982021394855
2024-09-07 18:30:00,14.158993383333334,14.780446633333334,15.182106,1.0231126347330726
2024-09-07 19:00:00,15.202741216666666,15.4169194,15.649587,0.4468454608846031
2024-09-07 19:30:00,16.837224983333332,16.141446066666667,15.838932,-0.9982929459798164
2024-09-07 20:00:00,18.341632216666667,21.30955176666667,19.15108,0.8094469611897779
2024-09-07 20:30:00,14.86201825,21.837198366666662,23.49418,8.632162429321289
2024-09-07 21:00:00,14.389283333333331,20.498340666666667,23.110374,8.721091117350262
2024-09-07 21:30:00,16.18232396666667,18.29818885,22.254286,6.071961845711261
2024-09-07 22:00:00,20.8652344,19.32890665,21.85275,0.9875163781982437
2024-09-07 22:30:00,24.258580050000003,21.930261233333336,22.354347,-1.9042328209960964
2024-09-07 23:00:00,25.349147233333337,25.831519116666662,24.493912,-0.8552354901692745
2024-09-07 23:30:00,28.6735,23.121758850000003,24.74829,-3.9252108917236335
2024-09-08 00:00:00,25.129554466666665,22.90648675,24.417381,-0.7121731800455713
2024-09-08 00:30:00,24.448067316666663,21.980568466666668,24.093124,-0.35494292701822516
2024-09-08 01:00:00,24.12146565,20.29592613333333,23.241955,-0.8795108465332042
2024-09-08 01:30:00,25.16519793333333,19.378012283333334,22.129713,-3.035484874861652
2024-09-08 02:00:00,22.580867883333337,17.97158495,21.92068,-0.6601887909261102
2024-09-08 02:30:00,28.125749966666664,22.19100068333333,23.69614,-4.429609677360023
2024-09-08 03:00:00,25.22254716666667,19.09369493333333,23.045872,-2.176675432047528
2024-09-08 03:30:00,20.353376533333336,18.0986212,23.463894,3.1105173570475237
2024-09-08 04:00:00,22.832418266666664,18.085164516666666,22.81395,-0.018468681705726908
2024-09-08 04:30:00,22.24673598333333,19.170148366666663,23.227318,0.9805818267252633
2024-09-08 05:00:00,29.86072073333333,23.773933866666667,25.434626,-4.426095107722979
2024-09-08 05:30:00,33.2826868,27.741827216666668,26.999222,-6.283464998242188
2024-09-08 06:00:00,25.543004866666667,21.730487333333333,25.27697,-0.2660349569986984
2024-09-08 06:30:00,22.8118778,14.89204385,20.663694,-2.148183418286134
2024-09-08 07:00:00,20.71285935,12.982429616666666,18.426096,-2.2867633874755846
2024-09-08 07:30:00,16.128131166666666,11.216133366666668,14.876888,-1.2512428915201816
2024-09-08 08:00:00,11.218748333333332,6.4283771,11.693398,0.47465014231364044
2024-09-08 08:30:00,4.972896749999999,-3.718596533333333,4.2620926,-0.7108041596679682
2024-09-08 09:00:00,0.73048575,-9.321004516666669,-2.6185443,-3.349030090133667
2024-09-08 09:30:00,-13.7793445,-26.385523966666668,-16.02297,-2.2436256995849604
2024-09-08 10:00:00,-30.13817603333333,-52.62866941666667,-32.628555,-2.490379264518232
2024-09-08 10:30:00,-38.1215573,-66.88181381666666,-51.609047,-13.487489636035157
2024-09-08 11:00:00,-47.05262995,-67.71733763333333,-53.354168,-6.301537988232425
2024-09-08 11:30:00,-45.93844278333333,-76.12526936666667,-55.304295,-9.365851802848312
2024-09-08 12:00:00,-49.3829079,-94.62939333333333,-60.118088,-10.735179868554688
2024-09-08 12:30:00,-60.85594335,-106.59121011666667,-67.41382,-6.557875009375003
2024-09-08 13:00:00,-54.72414113333334,-105.08129783333334,-58.81812,-4.093977915738925
2024-09-08 13:30:00,-59.131090050000005,-106.12856828333334,-71.68078,-12.549688453417964
2024-09-08 14:00:00,-62.4934732,-110.54914456666668,-68.13188,-5.638408513867191
2024-09-08 14:30:00,-42.18012803333333,-106.93472771666669,-58.49648,-16.316351001090496
2024-09-08 15:00:00,-40.69807841666667,-90.04478993333333,-52.741222,-12.043143964925129
2024-09-08 15:30:00,-29.401413266666665,-67.82540155,-35.878956,-6.477542574397788
2024-09-08 16:00:00,-22.474070616666666,-48.87187058333333,-32.145714,-9.671643189485678
2024-09-08 16:30:00,-11.72021785,-32.64081841666667,-17.511,-5.7907818295654305
2024-09-08 17:00:00,2.1880155166666664,-13.6802389,-3.681542,-5.869557436374919
2024-09-08 17:30:00,8.231988216666666,2.245018433333333,6.188755,-2.0432331812662756
2024-09-08 18:00:00,15.651010499999998,9.809693866666668,12.753819,-2.897191034362791
2024-09-08 18:30:00,23.050303316666668,14.158993383333334,17.128742,-5.921561098649089
2024-09-08 19:00:00,16.743559483333332,15.202741216666666,16.204136,-0.5394235885579413
2024-09-08 19:30:00,16.48507775,16.837224983333332,16.338797,-0.1462811343994126
2024-09-08 20:00:00,21.66900013333333,18.341632216666667,20.301756,-1.3672442281819635
2024-09-08 20:30:00,19.48839388333333,14.86201825,21.964695,2.4763010934733103
2024-09-08 21:00:00,23.39792543333333,14.389283333333331,22.835718,-0.5622072784261043
2024-09-08 21:30:00,26.46163435,16.18232396666667,21.728104,-4.733530712304688
2024-09-08 22:00:00,29.16172998333333,20.8652344,23.04421,-6.11751954937337
2024-09-08 22:30:00,25.190192266666667,24.258580050000003,22.674791,-2.515400930607097
2024-09-08 23:00:00,27.811188916666666,25.349147233333337,26.635311,-1.1758777899576813
2024-09-08 23:30:00,32.30073385,28.6735,27.145742,-5.154991433618164
2024-09-09 00:00:00,31.2471378,25.129554466666665,27.331524,-3.915613904736329
2024-09-09 00:30:00,29.2988682,24.448067316666663,24.244719,-5.054149648364259
2024-09-09 01:00:00,26.761922733333336,24.12146565,23.075552,-3.6863707466389997
2024-09-09 01:30:00,21.75934775,25.16519793333333,23.054426,1.2950784432373048
2024-09-09 02:00:00,23.904466066666668,22.580867883333337,22.02424,-1.880225572892254
2024-09-09 02:30:00,28.807451083333333,28.125749966666664,26.14971,-2.6577413817952475
2024-09-09 03:00:00,22.0539911,25.22254716666667,24.678217,2.6242258342041005
2024-09-09 03:30:00,24.70469721666667,20.353376533333336,23.19221,-1.5124879728922558
2024-09-09 04:00:00,22.616472866666665,22.832418266666664,22.271969,-0.3445040251139311
2024-09-09 04:30:00,24.696247133333333,22.24673598333333,22.830902,-1.8653450337239583
2024-09-09 05:00:00,30.78271278333333,29.86072073333333,25.86464,-4.918073501106768
2024-09-09 05:30:00,32.33340198333334,33.2826868,29.172966,-3.16043597991537
2024-09-09 06:00:00,26.596214466666662,25.543004866666667,24.726122,-1.8700925642008421
2024-09-09 06:30:00,21.25427171666667,22.8118778,22.090918,0.8366458706136051
2024-09-09 07:00:00,20.9688566,20.71285935,20.20594,-0.7629163534179675
2024-09-09 07:30:00,12.96421005,16.128131166666666,18.868927,5.904716951953125
2024-09-09 08:00:00,7.858931683333334,11.218748333333332,10.890376,3.031444407670084
2024-09-09 08:30:00,5.747387133333333,4.972896749999999,2.1758573,-3.5715298278065992
2024-09-09 09:00:00,-12.271555049999998,0.73048575,-12.060208,0.21134672938232235
2024-09-09 09:30:00,-29.132378366666668,-13.7793445,-26.093319,3.0390594274576834
2024-09-09 10:00:00,-41.40509275,-30.13817603333333,-45.3813,-3.976209129882811
2024-09-09 10:30:00,-61.18425113333333,-38.1215573,-69.486855,-8.302603419889323
2024-09-09 11:00:00,-84.18909773333333,-47.05262995,-80.375595,3.8135026405598893
2024-09-09 11:30:00,-99.44110271666666,-45.93844278333333,-96.737076,2.7040269110026003
2024-09-09 12:00:00,-112.05563181666668,-49.3829079,-109.07356,2.982069194596363
2024-09-09 12:30:00,-111.27418656666669,-60.85594335,-116.38373,-5.109541460677065
2024-09-09 13:00:00,-122.286271,-54.72414113333334,-125.15084,-2.8645697592773445
2024-09-09 13:30:00,-115.8964155,-59.131090050000005,-117.181046,-1.2846300322265591
2024-09-09 14:00:00,-107.2428539,-62.4934732,-107.94195,-0.6990940370117187
2024-09-09 14:30:00,-89.92388701666668,-42.18012803333333,-84.60188,5.32200408209637
2024-09-09 15:00:00,-87.3153578,-40.69807841666667,-75.95478,11.36057722138672
2024-09-09 15:30:00,-66.91252448333334,-29.401413266666665,-59.784954,7.127570412288421
2024-09-09 16:00:00,-43.956323483333335,-22.474070616666666,-44.522617,-0.5662938567545552
2024-09-09 16:30:00,-27.29287783333333,-11.72021785,-23.38071,3.9121672315266878
2024-09-09 17:00:00,-10.7184277,2.1880155166666664,-5.7359915,4.982436222033691
2024-09-09 17:30:00,-5.488101749999999,8.231988216666666,2.489044,7.977145701034545
2024-09-09 18:00:00,1.4164710833333334,15.651010499999998,10.806097,9.389625947306316
2024-09-09 18:30:00,8.155770583333334,23.050303316666668,14.957669,6.801898674784342
2024-09-09 19:00:00,11.416065683333334,16.743559483333332,14.756308,3.3402419185953764
2024-09-09 19:30:00,11.386115583333334,16.48507775,16.553484,5.1673683796793615
2024-09-09 20:00:00,15.6418366,21.66900013333333,19.13547,3.4936328366455083
2024-09-09 20:30:00,17.619563816666666,19.48839388333333,19.780704,2.1611406816243495
2024-09-09 21:00:00,17.204825116666665,23.39792543333333,21.748785,4.543959902254233
2024-09-09 21:30:00,22.11937208333333,26.46163435,22.762405,0.6430333121744809
2024-09-09 22:00:00,24.427908266666662,29.16172998333333,25.256739,0.8288303960530641
2024-09-09 22:30:00,22.104929966666663,25.190192266666667,26.931831,4.826901393196618
2024-09-09 23:00:00,21.433204266666667,27.811188916666666,27.326725,5.893520739436848
2024-09-09 23:30:00,24.942382133333336,32.30073385,28.931824,3.9894415971354142
2024-09-10 00:00:00,31.56978608333333,31.2471378,28.176191,-3.3935947533772755
2024-09-10 00:30:00,21.518095,29.2988682,27.149364,5.631269471435548
2024-09-10 01:00:00,22.67306376666667,26.761922733333336,26.02177,3.348706710628253
2024-09-10 01:30:00,19.99859168333333,21.75934775,23.744482,3.745890357071943
2024-09-10 02:00:00,21.7638117,23.904466066666668,23.583128,1.8193162754638657
2024-09-10 02:30:00,26.104673833333333,28.807451083333333,26.298788,0.19411423734537792
2024-09-10 03:00:00,25.258742183333336,22.0539911,24.743876,-0.5148666797932968
2024-09-10 03:30:00,24.63710833333333,24.70469721666667,23.124496,-1.5126118733723928
2024-09-10 04:00:00,25.671487133333333,22.616472866666665,23.790194,-1.881293575594075
2024-09-10 04:30:00,29.623844,24.696247133333333,25.39253,-4.231313558715819
2024-09-10 05:00:00,34.677977166666665,30.78271278333333,30.454712,-4.223265252604165
2024-09-10 05:30:00,37.12806823333333,32.33340198333334,30.869295,-6.2587731130940725
2024-09-10 06:00:00,24.617037633333336,26.596214466666662,25.957638,1.3406001535318985
2024-09-10 06:30:00,20.62618888333333,21.25427171666667,22.142008,1.5158189444254582
2024-09-10 07:00:00,27.46486398333333,20.9688566,21.19953,-6.265334335506182
2024-09-10 07:30:00,17.496480483333333,12.96421005,17.401781,-0.09469940118001219
2024-09-10 08:00:00,13.491004383333332,7.858931683333334,12.465649,-1.0253557322102846
2024-09-10 08:30:00,3.424127783333333,5.747387133333333,4.3181796,0.8940518240580246
2024-09-10 09:00:00,-17.198633333333333,-12.271555049999998,-13.869102,3.329531808980306
2024-09-10 09:30:00,-37.925145,-29.132378366666668,-34.876575,3.0485695300292974
2024-09-10 10:00:00,-60.71032783333334,-41.40509275,-57.99047,2.719856947102869
2024-09-10 10:30:00,-79.72510943333333,-61.18425113333333,-77.03366,2.691448544661455
2024-09-10 11:00:00,-103.59443213333331,-84.18909773333333,-94.68238,8.912051457063782
2024-09-10 11:30:00,-127.92480205,-99.44110271666666,-121.14129,6.783513292675778
2024-09-10 12:00:00,-134.14981279999998,-112.05563181666668,-133.01329,1.1365223947265406
2024-09-10 12:30:00,-133.45057498333333,-111.27418656666669,-129.90248,3.548093904231763
2024-09-10 13:00:00,-141.91783108333334,-122.286271,-135.76141,6.15641750911459
2024-09-10 13:30:00,-131.01274049999998,-115.8964155,-127.483,3.5297387910156033
2024-09-10 14:00:00,-116.08148895,-107.2428539,-117.74042,-1.6589285304687564
2024-09-10 14:30:00,-110.54938991666666,-89.92388701666668,-110.10289,0.44649990201821765
2024-09-10 15:00:00,-104.14515543333334,-87.3153578,-102.881905,1.263250831282562
2024-09-10 15:30:00,-69.95192329999999,-66.91252448333334,-69.48634,0.46557991621092754
2024-09-10 16:00:00,-46.21371941666666,-43.956323483333335,-44.74334,1.4703798780924444
2024-09-10 16:30:00,-25.631674933333333,-27.29287783333333,-22.911854,2.7198211430501296
2024-09-10 17:00:00,-13.49434675,-10.7184277,-8.910157,4.584189546325684
2024-09-10 17:30:00,-1.274869983333334,-5.488101749999999,-0.44195765,0.8329123307645168
2024-09-10 18:00:00,4.939502200000001,1.4164710833333334,6.8042345,1.8647323046997064
2024-09-10 18:30:00,7.418491716666668,8.155770583333334,14.0405035,6.622011785225422
2024-09-10 19:00:00,12.708362766666667,11.416065683333334,14.772265,2.0639026675984695
2024-09-10 19:30:00,16.37774945,11.386115583333334,16.374615,-0.003134734423827723
2024-09-10 20:00:00,20.184703366666668,15.6418366,19.796217,-0.38848640194498785
2024-09-10 20:30:00,22.17775275,17.619563816666666,22.190317,0.01256440393066427
2024-09-10 21:00:00,23.223641466666667,17.204825116666665,23.096184,-0.1274576898111981
2024-09-10 21:30:00,21.81879775,22.11937208333333,24.827414,3.0086158089599593
2024-09-10 22:00:00,24.39550273333333,24.427908266666662,24.9431,0.547597242252607
2024-09-10 22:30:00,24.3962622,22.104929966666663,24.92159,0.525328605053712
2024-09-10 23:00:00,24.23032788333333,21.433204266666667,24.774738,0.5444104284342473
2024-09-10 23:30:00,29.114643883333333,24.942382133333336,27.483927,-1.6307171102620437
2024-09-11 00:00:00,34.12934323333334,31.56978608333333,28.078583,-6.050760469661462
2024-09-11 00:30:00,28.54390378333333,21.518095,26.381283,-2.1626209769368465
2024-09-11 01:00:00,28.86133165,22.67306376666667,25.431551,-3.4297806703857425
2024-09-11 01:30:00,25.4409654,19.99859168333333,23.398693,-2.0422723152832027
2024-09-11 02:00:00,22.24326161666667,21.7638117,24.503857,2.2605950422688785
2024-09-11 02:30:00,30.4637827,26.104673833333333,26.992613,-3.4711698612548822
2024-09-11 03:00:00,26.06382603333333,25.258742183333336,25.618029,-0.44579739258626105
2024-09-11 03:30:00,27.36856395,24.63710833333333,25.24036,-2.128203689990233
2024-09-11 04:00:00,29.41246715,25.671487133333333,25.5802,-3.8322669546875012
2024-09-11 04:30:00,29.495980366666668,29.623844,26.538261,-2.9577189530924493
2024-09-11 05:00:00,29.4703205,34.677977166666665,28.871609,-0.5987117658691403
2024-09-11 05:30:00,32.210366566666664,37.12806823333333,29.448517,-2.7618497209635393
2024-09-11 06:00:00,26.167294966666663,24.617037633333336,26.726837,0.5595421915364618
2024-09-11 06:30:00,22.38250275,20.62618888333333,23.221899,0.839396282592773
2024-09-11 07:00:00,21.0217811,27.46486398333333,21.892784,0.8710030186523454
2024-09-11 07:30:00,17.109963699999998,17.496480483333333,18.170237,1.060272887524416
2024-09-11 08:00:00,11.07495985,13.491004383333332,12.234356,1.159396076513671
2024-09-11 08:30:00,4.367121116666668,3.424127783333333,2.07874,-2.2883812351511654
2024-09-11 09:00:00,-17.077852233333335,-17.198633333333333,-10.34156,6.736291869563804
2024-09-11 09:30:00,-24.79588105,-37.925145,-24.422516,0.3733651808593734
2024-09-11 10:00:00,-33.2408151,-60.71032783333334,-35.980785,-2.739970269873048
2024-09-11 10:30:00,-49.02625051666666,-79.72510943333333,-51.179024,-2.152773226009124
2024-09-11 11:00:00,-61.360091833333335,-103.59443213333331,-68.54546,-7.185371728678383
2024-09-11 11:30:00,-80.3535949,-127.92480205,-79.26843,1.0851622828125045
2024-09-11 12:00:00,-88.98581068333334,-134.14981279999998,-90.17201,-1.1862016457682216
2024-09-11 12:30:00,-99.87860168333332,-133.45057498333333,-102.90277,-3.024169312760435
2024-09-11 13:00:00,-117.68180491666668,-141.91783108333334,-111.09983,6.581974289225272
2024-09-11 13:30:00,-113.59792831666668,-131.01274049999998,-114.19563,-0.5977046179036307
2024-09-11 14:00:00,-98.71970665,-116.08148895,-95.86259,2.85711967490235
2024-09-11 14:30:00,-92.3301206,-110.54938991666666,-86.476776,5.853344476953126
2024-09-11 15:00:00,-80.87435356666667,-104.14515543333334,-81.23013,-0.3557794899739548
2024-09-11 15:30:00,-66.18515275,-69.95192329999999,-63.89403,2.291121225341797
2024-09-11 16:00:00,-43.98149433333333,-46.21371941666666,-46.781605,-2.8001104335123728
2024-09-11 16:30:00,-18.309424916666668,-25.631674933333333,-18.733625,-0.42420049532063686
2024-09-11 17:00:00,-8.609412016666665,-13.49434675,-7.285398,1.3240140102274562
2024-09-11 17:30:00,0.4554627333333332,-1.274869983333334,4.0134807,3.558017929966227
2024-09-11 18:00:00,11.137891666666668,4.939502200000001,7.7334094,-3.4044822619120296
2024-09-11 18:30:00,19.55336995,7.418491716666668,15.411244,-4.142125557604981
2024-09-11 19:00:00,23.9717522,12.708362766666667,16.07396,-7.8977928494140635
2024-09-11 19:30:00,28.88001998333333,16.37774945,17.651934,-11.228086313289385
2024-09-11 20:00:00,24.646679483333333,20.184703366666668,19.545015,-5.101664148250325
2024-09-11 20:30:00,18.338538966666665,22.17775275,19.548521,1.2099820752034525
2024-09-11 21:00:00,22.297027216666667,23.223641466666667,22.863337,0.5663093464436848
2024-09-11 21:30:00,26.772338966666663,21.81879775,25.261753,-1.510585884391272
2024-09-11 22:00:00,24.25676723333333,24.39550273333333,24.66218,0.40541271356608277
2024-09-11 22:30:00,28.066267766666662,24.3962622,23.682177,-4.384091176700842
2024-09-11 23:00:00,33.72934778333333,24.23032788333333,24.559149,-9.170198994881183
2024-09-11 23:30:00,35.15123065,29.114643883333333,28.574799,-6.576432066015627
2024-09-12 00:00:00,27.98563558333333,34.12934323333334,29.093084,1.107448751993818
2024-09-12 00:30:00,23.908321683333337,28.54390378333333,27.102123,3.1938015771647095
2024-09-12 01:00:00,24.10666498333333,28.86133165,25.82863,1.7219654640543638
2024-09-12 01:30:00,21.07255848333333,25.4409654,22.13274,1.0601815374186216
2024-09-12 02:00:00,22.146072216666667,22.24326161666667,23.584475,1.4384023469319658
2024-09-12 02:30:00,26.834527233333333,30.4637827,27.728058,0.8935306279947923
2024-09-12 03:00:00,24.43834388333333,26.06382603333333,26.767405,2.3290606729410825
2024-09-12 03:30:00,23.619805483333334,27.36856395,26.210455,2.5906494574625647
2024-09-12 04:00:00,23.30855565,29.41246715,27.522247,4.213691664453126
2024-09-12 04:30:00,23.73329718333333,29.495980366666668,28.376114,4.6428167082682315
2024-09-12 05:00:00,28.53861333333333,29.4703205,29.017904,0.47929094828288044
2024-09-12 05:30:00,35.12111715,32.210366566666664,31.402493,-3.718624626806644
2024-09-12 06:00:00,27.89997225,26.167294966666663,25.946053,-1.95391969873047
2024-09-12 06:30:00,20.145927666666665,22.38250275,22.057732,1.9118039617513034
2024-09-12 07:00:00,19.367865516666665,21.0217811,20.941061,1.5731955032307958
2024-09-12 07:30:00,15.80167,17.109963699999998,17.70511,1.9034405499267582
2024-09-12 08:00:00,10.6797689,11.07495985,10.304292,-0.3754771748413077
2024-09-12 08:30:00,-0.4978433166666665,4.367121116666668,-1.0573206,-0.5594772781209312
2024-09-12 09:00:00,-28.98136425,-17.077852233333335,-20.44662,8.53474330883789
2024-09-12 09:30:00,-43.04351935,-24.79588105,-36.544224,6.499295564599606
2024-09-12 10:00:00,-52.521235966666666,-33.2408151,-52.852783,-0.3315472364583343
2024-09-12 10:30:00,-70.26901781666668,-49.02625051666666,-69.04523,1.2237907658854255
2024-09-12 11:00:00,-78.23644343333333,-61.360091833333335,-78.94094,-0.7044974236002588
2024-09-12 11:30:00,-89.67596818333334,-80.3535949,-87.964615,1.7113533151692764
2024-09-12 12:00:00,-94.71455496666664,-88.98581068333334,-100.77256,-6.0580051529622665
2024-09-12 12:30:00,-100.05122066666668,-99.87860168333332,-106.699394,-6.648173559407539
2024-09-12 13:00:00,-119.22405108333334,-117.68180491666668,-121.79851,-2.5744566070963515
2024-09-12 13:30:00,-107.45286008333332,-113.59792831666668,-113.14206,-5.689199242838555
2024-09-12 14:00:00,-111.15001001666668,-98.71970665,-113.28255,-2.1325369804036285
2024-09-12 14:30:00,-114.07634765,-92.3301206,-112.3888,1.6875460752929712
2024-09-12 15:00:00,-96.93340838333334,-80.87435356666667,-95.140015,1.7933937348958437
2024-09-12 15:30:00,-72.39733055,-66.18515275,-70.07911,2.3182213581054754
2024-09-12 16:00:00,-51.2483894,-43.98149433333333,-48.041645,3.2067443499511725
2024-09-12 16:30:00,-32.030838933333335,-18.309424916666668,-26.4553,5.575539555891929
2024-09-12 17:00:00,-13.267131566666665,-8.609412016666665,-8.5965185,4.670613050126137
2024-09-12 17:30:00,1.715986516666667,0.4554627333333332,-0.05256674,-1.7685532573285265
2024-09-12 18:00:00,9.523995566666663,11.137891666666668,9.471092,-0.05290334254556939
2024-09-12 18:30:00,16.90069325,19.55336995,15.685012,-1.2156813862915037
2024-09-12 19:00:00,16.878482233333333,23.9717522,16.993069,0.11458646173502629
2024-09-12 19:30:00,17.252671583333335,28.88001998333333,19.026129,1.7734571855875636
2024-09-12 20:00:00,21.291211116666663,24.646679483333333,20.909956,-0.381255138273108
2024-09-12 20:30:00,23.98052738333333,18.338538966666665,21.853775,-2.126752358919269
2024-09-12 21:00:00,29.157316466666668,22.297027216666667,23.605375,-5.551941176749676
2024-09-12 21:30:00,28.42038841666667,26.772338966666663,24.821959,-3.598429874796551
2024-09-12 22:00:00,28.5398223,24.25676723333333,26.550722,-1.989100177807618
2024-09-12 22:30:00,30.2102473,28.066267766666662,26.38498,-3.825268051953124
2024-09-12 23:00:00,33.624490566666665,33.72934778333333,31.353876,-2.270614452775064
2024-09-12 23:30:00,35.85563331666666,35.15123065,32.552235,-3.3033986670084587
2024-09-13 00:00:00,32.89141158333333,27.98563558333333,31.036125,-1.855286400227861
2024-09-13 00:30:00,35.47866621666667,23.908321683333337,28.930038,-6.54862776451823
2024-09-13 01:00:00,29.587497216666662,24.10666498333333,26.698812,-2.8886847319254514
2024-09-13 01:30:00,27.166764933333337,21.07255848333333,24.19316,-2.973605829939782
2024-09-13 02:00:00,21.772896000000003,22.146072216666667,24.130402,2.357505611328122
2024-09-13 02:30:00,28.343092183333336,26.834527233333333,27.51502,-0.828071812849938
2024-09-13 03:00:00,27.325793866666668,24.43834388333333,27.40272,0.07692563101399585
2024-09-13 03:30:00,27.549037233333333,23.619805483333334,26.713024,-0.8360130939290364
2024-09-13 04:00:00,27.96972273333333,23.30855565,27.080042,-0.8896808479573544
2024-09-13 04:30:00,29.4081388,23.73329718333333,27.93628,-1.4718595031249997
2024-09-13 05:00:00,36.67984775,28.53861333333333,31.345177,-5.334671053222657
2024-09-13 05:30:00,41.66653888333334,35.12111715,33.457256,-8.209282566194666
2024-09-13 06:00:00,29.5606901,27.89997225,27.8454,-1.7152902434326158
2024-09-13 06:30:00,28.0813388,20.145927666666665,24.18057,-3.900768197583009
2024-09-13 07:00:00,23.010110333333333,19.367865516666665,21.53237,-1.4777407196858725
2024-09-13 07:30:00,16.65047278333333,15.80167,16.775095,0.12462220262858281
2024-09-13 08:00:00,10.4690473,10.6797689,9.180277,-1.2887704292724607
2024-09-13 08:30:00,-5.510980616666667,-0.4978433166666665,1.5610323,7.072012911893718
2024-09-13 09:00:00,-21.5609134,-28.98136425,-17.913727,3.6471865933593755
2024-09-13 09:30:00,-40.78799555,-43.04351935,-37.596622,3.1913730829589824
2024-09-13 10:00:00,-53.91421838333333,-52.521235966666666,-51.2707,2.6435198359700465
2024-09-13 10:30:00,-76.05460833333333,-70.26901781666668,-74.051384,2.0032243611653655
2024-09-13 11:00:00,-93.2132504,-78.23644343333333,-86.56928,6.643967868261726
2024-09-13 11:30:00,-113.85898261666668,-89.67596818333334,-109.10116,4.757824474576836
2024-09-13 12:00:00,-124.19234555,-94.71455496666664,-121.16399,3.0283593439453114
2024-09-13 12:30:00,-136.09613781666667,-100.05122066666668,-131.36859,4.727546508072919
2024-09-13 13:00:00,-137.1192566,-119.22405108333334,-135.43994,1.67931519375
2024-09-13 13:30:00,-131.78888233333333,-107.45286008333332,-130.34055,1.4483366790364585
2024-09-13 14:00:00,-123.96213336666666,-111.15001001666668,-118.450836,5.511297185026038
2024-09-13 14:30:00,-112.21409388333332,-114.07634765,-113.54355,-1.3294547006510555
2024-09-13 15:00:00,-93.75761006666666,-96.93340838333334,-97.38628,-3.62866617845053
2024-09-13 15:30:00,-76.44869718333332,-72.39733055,-75.75133,0.6973696686848854
2024-09-13 16:00:00,-51.6314362,-51.2483894,-50.821983,0.8094528625976594
2024-09-13 16:30:00,-29.128206066666667,-32.030838933333335,-29.099312,0.02889423805338609
2024-09-13 17:00:00,-9.979237416666669,-13.267131566666665,-13.325111,-3.3458739724934876
2024-09-13 17:30:00,4.329618833333334,1.715986516666667,1.3408434,-2.988775394231161
2024-09-13 18:00:00,10.615681133333334,9.523995566666663,9.39836,-1.217320880952963
2024-09-13 18:30:00,20.6871995,16.90069325,15.996798,-4.690401938354491
2024-09-13 19:00:00,20.34820433333333,16.878482233333333,18.42012,-1.928084094075519
2024-09-13 19:30:00,23.64722335,17.252671583333335,21.837086,-1.8101376261230477
2024-09-13 20:00:00,15.839079366666668,21.291211116666663,20.91956,5.080480112093097
2024-09-13 20:30:00,25.31585108333333,23.98052738333333,20.930231,-4.38561998897298
2024-09-13 21:00:00,29.46905218333333,29.157316466666668,25.311958,-4.157093870345047
2024-09-13 21:30:00,31.9271777,28.42038841666667,26.812277,-5.1149008597900405
2024-09-13 22:00:00,32.92727285,28.5398223,26.602718,-6.324554496728517
2024-09-13 22:30:00,26.751741166666665,30.2102473,27.98639,1.2346479934895846
2024-09-13 23:00:00,27.56578728333333,33.624490566666665,29.416325,1.850537332145187
2024-09-13 23:30:00,24.32180333333333,35.85563331666666,29.236624,4.914820430704754
2024-09-14 00:00:00,29.2794573,32.89141158333333,29.998901,0.7194440671874993
2024-09-14 00:30:00,27.85255495,35.47866621666667,28.397161,0.5446065337646502
2024-09-14 01:00:00,27.6440329,29.587497216666662,25.895329,-1.7487043782714835
2024-09-14 01:30:00,27.72721383333333,27.166764933333337,24.8245,-2.902714703084307
2024-09-14 02:00:00,26.1778767,21.772896000000003,23.822147,-2.355729330615233
2024-09-14 02:30:00,30.838188866666663,28.343092183333336,26.290434,-4.54775498299967
2024-09-14 03:00:00,27.08334725,27.325793866666668,25.416317,-1.6670302639160148
2024-09-14 03:30:00,25.44295935,27.549037233333333,24.996862,-0.4460969385009754
2024-09-14 04:00:00,24.00743266666667,27.96972273333333,25.16661,1.1591780511067675
2024-09-14 04:30:00,25.954564450000003,29.4081388,26.745365,0.7908006928222626
2024-09-14 05:00:00,29.29217095,36.67984775,30.214613,0.9224420108154305
2024-09-14 05:30:00,35.27031015,41.66653888333334,34.86137,-0.4089400633300784
2024-09-14 06:00:00,29.240593333333333,29.5606901,27.184341,-2.0562519026692705
2024-09-14 06:30:00,23.57139331666667,28.0813388,23.297276,-0.27411777345377786
2024-09-14 07:00:00,21.72005435,23.010110333333333,19.48806,-2.231994352441408
2024-09-14 07:30:00,21.78976053333333,16.65047278333333,17.678202,-4.11155885791829
2024-09-14 08:00:00,12.55431945,10.4690473,9.606899,-2.94742018852539
2024-09-14 08:30:00,3.32153325,-5.510980616666667,-0.2575753,-3.579108553316116
2024-09-14 09:00:00,-7.453851616666667,-21.5609134,-12.013252,-4.559400641634114
2024-09-14 09:30:00,-15.74473876666667,-40.78799555,-22.68876,-6.9440219907796195
2024-09-14 10:00:00,-26.01706175,-53.91421838333333,-35.43763,-9.420567949707031
2024-09-14 10:30:00,-56.05796871666666,-76.05460833333333,-56.672848,-0.614879031136077
2024-09-14 11:00:00,-85.67787941666667,-93.2132504,-84.9974,0.6804810402018262
2024-09-14 11:30:00,-100.39498875,-113.85898261666668,-97.713524,2.6814648852539023
2024-09-14 12:00:00,-110.0373429,-124.19234555,-106.864174,3.1731690108398425
2024-09-14 12:30:00,-107.2267283,-136.09613781666667,-108.90217,-1.6754399739257764
2024-09-14 13:00:00,-102.69133835,-137.1192566,-112.80337,-10.112029264746099
2024-09-14 13:30:00,-112.17472726666666,-131.78888233333333,-114.388885,-2.2141582313802104
2024-09-14 14:00:00,-119.55775336666666,-123.96213336666666,-113.3538,6.203955454069003
2024-09-14 14:30:00,-105.75864333333334,-112.21409388333332,-107.06236,-1.3037193375650986
2024-09-14 15:00:00,-91.38902105,-93.75761006666666,-89.00475,2.384267937207028
2024-09-14 15:30:00,-63.13965065,-76.44869718333332,-61.97182,1.167829818701172
2024-09-14 16:00:00,-49.47474105,-51.6314362,-50.77179,-1.2970485007812513
2024-09-14 16:30:00,-25.73751925,-29.128206066666667,-25.05241,0.6851091242675764
2024-09-14 17:00:00,-6.66284495,-9.979237416666669,-9.6399765,-2.9771315514648435
2024-09-14 17:30:00,1.5917223166666667,4.329618833333334,2.0916126,0.49989026077168774
2024-09-14 18:00:00,15.217980166666663,10.615681133333334,12.569537,-2.6484430038859017
2024-09-14 18:30:00,18.66142225,20.6871995,16.433208,-2.2282137844238292
2024-09-14 19:00:00,20.102644883333333,20.34820433333333,19.00146,-1.1011857616292318
2024-09-14 19:30:00,22.031199,23.64722335,20.887997,-1.1432023264160165
2024-09-14 20:00:00,25.60586658333333,15.839079366666668,21.418314,-4.187552603230792
2024-09-14 20:30:00,23.23619153333333,25.31585108333333,24.923115,1.6869232432779988
2024-09-14 21:00:00,27.771627350000003,29.46905218333333,26.602945,-1.1686820222412138
2024-09-14 21:30:00,30.65898388333333,31.9271777,29.406809,-1.252175030183917
2024-09-14 22:00:00,39.22452725,32.92727285,33.75767,-5.466855893798829
2024-09-14 22:30:00,44.237525516666665,26.751741166666665,33.135044,-11.102481418766274
2024-09-14 23:00:00,37.19790226666667,27.56578728333333,30.1332,-7.064702574894206
2024-09-14 23:30:00,36.21519666666666,24.32180333333333,30.53512,-5.68007665629068
2024-09-15 00:00:00,40.71273598333333,29.2794573,29.720098,-10.992637487849933
2024-09-15 00:30:00,37.03421886666666,27.85255495,30.697155,-6.337063867887366
2024-09-15 01:00:00,31.975517300000003,27.6440329,29.470263,-2.505254772534183
2024-09-15 01:30:00,26.82299838333333,27.72721383333333,27.338558,0.515559813688153
2024-09-15 02:00:00,28.75872956666667,26.1778767,26.455645,-2.3030849591227245
2024-09-15 02:30:00,34.0596244,30.838188866666663,28.909435,-5.1501891277832
2024-09-15 03:00:00,33.77831123333333,27.08334725,28.739851,-5.038460235408529
2024-09-15 03:30:00,33.351236633333336,25.44295935,27.58409,-5.767147354158531
2024-09-15 04:00:00,30.35568058333333,24.00743266666667,27.773344,-2.5823365434163392
2024-09-15 04:30:00,33.32648761666667,25.954564450000003,27.958864,-5.367623404630535
2024-09-15 05:00:00,33.233593500000005,29.29217095,30.100803,-3.1327901247558643
2024-09-15 05:30:00,38.48575005,35.27031015,34.48388,-4.001870960644531
2024-09-15 06:00:00,31.655552666666665,29.240593333333333,28.664228,-2.9913242273356104
2024-09-15 06:30:00,21.732275466666668,23.57139331666667,23.003078,1.2708029940266918
2024-09-15 07:00:00,23.338143833333334,21.72005435,20.932253,-2.4058909494222007
2024-09-15 07:30:00,22.42317333333333,21.78976053333333,17.97645,-4.446723366902667
2024-09-15 08:00:00,9.082215383333333,12.55431945,9.124226,0.042010233121745344
2024-09-15 08:30:00,-9.8190944,3.32153325,-7.2657485,2.5533458991760245
2024-09-15 09:00:00,-30.64168281666667,-7.453851616666667,-26.750595,3.891087723893232
2024-09-15 09:30:00,-49.78081451666667,-15.74473876666667,-44.49852,5.282294619205736
2024-09-15 10:00:00,-66.82127838333334,-26.01706175,-64.64559,2.1756866474934924
2024-09-15 10:30:00,-91.50390613333332,-56.05796871666666,-85.53002,5.973884465852848
2024-09-15 11:00:00,-107.21622235,-85.67787941666667,-103.700714,3.5155082386718703
2024-09-15 11:30:00,-121.38923386666666,-100.39498875,-121.264145,0.12508896920572
2024-09-15 12:00:00,-142.58523618333334,-110.0373429,-135.57271,7.012528053450524
2024-09-15 12:30:00,-153.98288386666667,-107.2267283,-148.2725,5.710377152799481
2024-09-15 13:00:00,-161.98757896666666,-102.69133835,-148.01233,13.97524986510416
2024-09-15 13:30:00,-162.95692226666668,-112.17472726666666,-147.16505,15.791867945377618
2024-09-15 14:00:00,-141.2965692666667,-119.55775336666666,-137.35411,3.9424585488932564
2024-09-15 14:30:00,-141.35954668333332,-105.75864333333334,-127.614944,13.744602225325508
2024-09-15 15:00:00,-122.2089488,-91.38902105,-116.03893,6.170015999707033
2024-09-15 15:30:00,-94.09908663333331,-63.13965065,-90.22275,3.8763388305989395
2024-09-15 16:00:00,-67.50798398333333,-49.47474105,-64.26847,3.239513219173176
2024-09-15 16:30:00,-36.23436323333333,-25.73751925,-32.693233,3.541129743343099
2024-09-15 17:00:00,-7.676390616666667,-6.66284495,-10.567862,-2.8914709403401693
2024-09-15 17:30:00,0.1353483833333335,1.5917223166666667,-0.09331116,-0.22865954413617467
2024-09-15 18:00:00,10.4629506,15.217980166666663,10.276188,-0.1867627032714836
2024-09-15 18:30:00,19.696525516666668,18.66142225,16.483276,-3.213249149479168
2024-09-15 19:00:00,29.487355633333333,20.102644883333333,20.474884,-9.012471600130208
2024-09-15 19:30:00,32.64054488333333,22.031199,22.185703,-10.454841605745436
2024-09-15 20:00:00,35.25635381666667,25.60586658333333,22.759302,-12.497051677384441
2024-09-15 20:30:00,36.28363831666667,23.23619153333333,26.028929,-10.2547095599528
2024-09-15 21:00:00,26.0645656,27.771627350000003,27.833998,1.769432126440428
2024-09-15 21:30:00,22.645559483333333,30.65898388333333,28.547586,5.902026957706706
2024-09-15 22:00:00,22.75694938333333,39.22452725,29.650387,6.893437426969406
2024-09-15 22:30:00,19.949923866666666,44.237525516666665,31.348726,11.398802405916342
2024-09-15 23:00:00,28.613072216666662,37.19790226666667,30.689339,2.076266467415369
2024-09-15 23:30:00,35.50558675,36.21519666666666,32.37247,-3.1331158942871085
2024-09-16 00:00:00,34.87902995,40.71273598333333,35.749813,0.8707831298339812
2024-09-16 00:30:00,32.86401873333333,37.03421886666666,30.454628,-2.4093907426106753
2024-09-16 01:00:00,27.770762116666663,31.975517300000003,29.38979,1.6190274646321647
2024-09-16 01:30:00,30.507485066666664,26.82299838333333,27.650606,-2.8568789112711563
2024-09-16 02:00:00,26.69759498333333,28.75872956666667,27.595623,0.8980280330240902
2024-09-16 02:30:00,31.514952750000003,34.0596244,31.439156,-0.07579717138672137
2024-09-16 03:00:00,26.961954016666667,33.77831123333333,29.760868,2.798914055843099
2024-09-16 03:30:00,30.043892733333333,33.351236633333336,28.884956,-1.158936373470052
2024-09-16 04:00:00,27.9771295,30.35568058333333,28.87921,0.902080018432617
2024-09-16 04:30:00,30.97242671666667,33.32648761666667,30.985214,0.012787516731766146
2024-09-16 05:00:00,33.71734155,33.233593500000005,33.349934,-0.3674079257324223
2024-09-16 05:30:00,40.2464718,38.48575005,38.534473,-1.7119983808105488
2024-09-16 06:00:00,34.237932783333335,31.655552666666665,34.01125,-0.22668324109700677
2024-09-16 06:30:00,29.02780841666667,21.732275466666668,27.772373,-1.2554352172037788
2024-09-16 07:00:00,26.04551281666667,23.338143833333334,24.489826,-1.5556866142740908
2024-09-16 07:30:00,20.963583383333333,22.42317333333333,20.896526,-0.06705704666341106
2024-09-16 08:00:00,8.067840683333333,9.082215383333333,10.744301,2.676460158951823
2024-09-16 08:30:00,3.803467716666667,-9.8190944,0.6830969,-3.1203708309855145
2024-09-16 09:00:00,-17.4311616,-30.64168281666667,-18.459448,-1.028286260717774
2024-09-16 09:30:00,-34.0007434,-49.78081451666667,-38.50851,-4.507767189599612
2024-09-16 10:00:00,-63.95361990000001,-66.82127838333334,-62.79204,1.1615781214355536
2024-09-16 10:30:00,-93.12941516666666,-91.50390613333332,-91.1888,1.9406181695963483
2024-09-16 11:00:00,-115.52534788333332,-107.21622235,-112.66737,2.857974226106762
2024-09-16 11:30:00,-129.95053456666668,-121.38923386666666,-129.97922,-0.028682962630199427
2024-09-16 12:00:00,-143.4383143833333,-142.58523618333334,-142.0664,1.3719081333333065
2024-09-16 12:30:00,-155.57379768333334,-153.98288386666667,-153.17735,2.3964447780599016
2024-09-16 13:00:00,-154.22001438333334,-161.98757896666666,-149.98755,4.232465555208336
2024-09-16 13:30:00,-149.03937336666667,-162.95692226666668,-147.1276,1.9117793725260412
2024-09-16 14:00:00,-132.68200336666666,-141.2965692666667,-131.17348,1.5085261938151007
2024-09-16 14:30:00,-120.54625391666669,-141.35954668333332,-121.94101,-1.3947556048176892
2024-09-16 15:00:00,-104.9267295,-122.2089488,-101.45155,3.475176155273431
2024-09-16 15:30:00,-78.8348548,-94.09908663333331,-80.26589,-1.4310372288085915
2024-09-16 16:00:00,-55.22429395,-67.50798398333333,-51.18277,4.041524174609378
2024-09-16 16:30:00,-33.11064615,-36.23436323333333,-32.782516,0.3281296705078134
2024-09-16 17:00:00,-15.886405516666663,-7.676390616666667,-12.607036,3.2793698797648076
2024-09-16 17:30:00,-3.458408916666667,0.1353483833333335,-1.4345472,2.02386173076884
2024-09-16 18:00:00,4.7431205,10.4629506,8.730985,3.987864187805176
2024-09-16 18:30:00,12.125781133333334,19.696525516666668,15.627637,3.5018557761515297
2024-09-16 19:00:00,17.296734466666667,29.487355633333333,19.960197,2.663462982063802
2024-09-16 19:30:00,19.536781666666663,32.64054488333333,22.876667,3.3398853560384154
2024-09-16 20:00:00,17.414269833333332,35.25635381666667,23.52832,6.114050479166668
2024-09-16 20:30:00,20.572301566666667,36.28363831666667,24.113512,3.5412104725179034
2024-09-16 21:00:00,21.305963966666667,26.0645656,25.755922,4.449958350838216
2024-09-16 21:30:00,25.68679111666667,22.645559483333333,25.982885,0.29609424405110474
2024-09-16 22:00:00,26.10060385,22.75694938333333,28.13819,2.0375854657958996
2024-09-16 22:30:00,22.91226988333333,19.949923866666666,25.35684,2.444570250333662
2024-09-16 23:00:00,24.293657316666668,28.613072216666662,28.934685,4.641027436751301
2024-10-14 23:30:00,16.670409933333335,17.3877688,19.530436,2.8600256288004537
2024-10-15 00:00:00,17.123209516666666,17.648423266666665,19.714716,2.5915064409749355
2024-10-15 00:30:00,19.036295016666667,16.25831666666667,19.17632,0.140024105647786
2024-10-15 01:00:00,16.96223955,16.74550835,19.12824,2.166001035327149
2024-10-15 01:30:00,17.54529546666667,17.95982893333333,19.161972,1.6166765792317683
2024-10-15 02:00:00,19.085196616666668,17.7141162,19.400434,0.3152378773518869
2024-10-15 02:30:00,22.319855066666666,18.81395725,18.758198,-3.5616572822428374
2024-10-15 03:00:00,22.88649893333333,17.212951733333334,19.238037,-3.6484618239583284
2024-10-15 03:30:00,18.8740416,21.56822325,20.415182,1.5411405136474592
2024-10-15 04:00:00,23.07200675,22.620702366666663,23.490372,0.4183649541015626
2024-10-15 04:30:00,26.26923108333333,28.51203723333333,26.699091,0.42985987430827066
2024-10-15 05:00:00,19.67152828333333,19.351481116666665,22.973524,3.301995810294599
2024-10-15 05:30:00,17.952768833333334,16.183325999999997,19.674198,1.721429317301432
2024-10-15 06:00:00,15.207785516666666,12.981169066666666,15.970438,0.7626524868733728
2024-10-15 06:30:00,12.78316735,8.34333565,13.895262,1.1120944145263678
2024-10-15 07:00:00,14.072578383333337,9.328952783333332,11.145219,-2.9273595341512078
2024-10-15 07:30:00,12.681854283333337,4.40589845,6.4362698,-6.245584523201501
2024-10-15 08:00:00,-6.8060667,-11.899609233333337,-8.047225,-1.2411582984741214
2024-10-15 08:30:00,-16.516193833333332,-32.347280500000004,-18.359152,-1.8429580068766285
2024-10-15 09:00:00,-36.06507725,-50.02149115,-39.694767,-3.629689748291014
2024-10-15 09:30:00,-57.02158108333333,-67.15292178333333,-59.34931,-2.3277307452799505
2024-10-15 10:00:00,-59.48581545,-78.82200325000001,-63.51486,-4.0290427958496124
2024-10-15 10:30:00,-65.91144955,-91.93309391666666,-71.0398,-5.128353001269531
2024-10-15 11:00:00,-83.35558366666667,-96.91118675,-87.02583,-3.6702494632161375
2024-10-15 11:30:00,-98.9502662,-128.50455166666666,-100.82693,-1.8766609850585922
2024-10-15 12:00:00,-106.25007608333334,-134.62122616666667,-111.940605,-5.690529080240879
2024-10-15 12:30:00,-110.04548396666668,-137.72997678333334,-113.30483,-3.2593484918294138
2024-10-15 13:00:00,-106.07246441666666,-127.94395845,-113.33643,-7.263968993977869
2024-10-15 13:30:00,-104.6082044,-124.3408794,-110.06966,-5.461451972070307
2024-10-15 14:00:00,-91.2047351,-108.8279074,-98.95088,-7.746146858007819
2024-10-15 14:30:00,-81.04881886666666,-101.50535038333334,-91.31072,-10.261903484407554
2024-10-15 15:00:00,-57.52203566666666,-79.36754328333333,-64.98635,-7.464315346516933
2024-10-15 15:30:00,-56.50206065,-71.00508323333334,-59.58931,-3.0872490423828154
2024-10-15 16:00:00,-31.0926234,-53.293388883333336,-36.403492,-5.310868573876952
2024-10-15 16:30:00,-17.411640533333333,-29.63364615,-24.106535,-6.694894424552409
2024-10-15 17:00:00,-14.00607555,-9.135579966666668,-14.694989,-0.688913654406738
2024-10-15 17:30:00,-1.5593988499999998,5.100680083333334,-1.4424282,0.11697061876068093
2024-10-15 18:00:00,5.515297916666666,6.9085567333333335,4.220506,-1.2947917254130035
2024-10-15 18:30:00,8.445806233333334,8.807781166666667,7.9284077,-0.5173985642659513
2024-10-15 19:00:00,16.79472235,10.612701683333333,11.713846,-5.080876143334962
2024-10-15 19:30:00,16.558336566666664,11.740194966666666,14.848798,-1.7095387685099261
2024-10-15 20:00:00,20.093410466666665,12.59283285,16.613129,-3.48028180455729
2024-10-15 20:30:00,16.720357216666667,12.031299883333332,16.728367,0.00800963513997388
2024-10-15 21:00:00,13.864852783333331,13.015258916666667,15.499772,1.6349192885050474
2024-10-15 21:30:00,13.9711156,11.760130133333334,16.211773,2.2406573187011727
2024-10-15 22:00:00,18.58174555,12.9820272,15.588078,-2.993668004833985
2024-10-15 22:30:00,19.59103063333333,11.793515483333332,16.108246,-3.482784783723954
2024-10-15 23:00:00,21.3490837,15.018937683333334,16.767227,-4.581856527148439
2024-10-15 23:30:00,24.6773738,16.670409933333335,20.0723,-4.605073842724611
2024-10-16 00:00:00,23.81428278333333,17.123209516666666,20.00407,-3.8102125013509074
2024-10-16 00:30:00,22.836182283333333,19.036295016666667,20.508028,-2.328154252937825
2024-10-16 01:00:00,21.35847168333333,16.96223955,20.8285,-0.529970935652667
2024-10-16 01:30:00,19.41781835,17.54529546666667,20.302662,0.8848435457519521
2024-10-16 02:00:00,19.69202165,19.085196616666668,20.44316,0.7511374533935538
2024-10-16 02:30:00,20.390075066666665,22.319855066666666,20.03928,-0.35079512892252396
2024-10-16 03:00:00,23.438710016666665,22.88649893333333,20.082243,-3.3564670509684227
2024-10-16 03:30:00,23.138902116666667,18.8740416,21.686857,-1.452044893155925
2024-10-16 04:00:00,24.91638608333333,23.07200675,23.899845,-1.0165409600423132
2024-10-16 04:30:00,21.32740053333333,26.26923108333333,25.544165,4.216764124259445
2024-10-16 05:00:00,20.672068866666667,19.67152828333333,21.289478,0.6174094353352864
2024-10-16 05:30:00,16.691028266666667,17.952768833333334,19.855112,3.1640838091389973
2024-10-16 06:00:00,14.911022316666669,15.207785516666666,16.049124,1.138101447371417
2024-10-16 06:30:00,10.379932216666669,12.78316735,13.869799,3.4898664436116515
2024-10-16 07:00:00,8.953872016666667,14.072578383333337,9.981853,1.0279805147664387
2024-10-16 07:30:00,1.155962733333333,12.681854283333337,3.7461078,2.5901450833628337
2024-10-16 08:00:00,-6.260848266666667,-6.8060667,-8.613824,-2.3529756240193684
2024-10-16 08:30:00,-24.237586066666665,-16.516193833333332,-25.670599,-1.433012917097983
2024-10-16 09:00:00,-37.44154506666666,-36.06507725,-39.310387,-1.8688415910481808
2024-10-16 09:30:00,-51.72080771666666,-57.02158108333333,-54.149586,-2.4287780072102905
2024-10-16 10:00:00,-57.911108266666666,-59.48581545,-62.30804,-4.396932352229818
2024-10-16 10:30:00,-71.09105331666667,-65.91144955,-78.95633,-7.865276029036451
2024-10-16 11:00:00,-82.08242078333333,-83.35558366666667,-85.117035,-3.0346141287760418
2024-10-16 11:30:00,-88.50829998333334,-98.9502662,-91.044846,-2.536545597721343
2024-10-16 12:00:00,-90.3705217,-106.25007608333334,-93.43528,-3.0647581461914086
2024-10-16 12:30:00,-88.34878971666667,-110.04548396666668,-96.55999,-8.211200212532546
2024-10-16 13:00:00,-108.02690105,-106.07246441666666,-109.41663,-1.3897325559570248
2024-10-16 13:30:00,-119.59206661666668,-104.6082044,-114.92773,4.664339871061216
2024-10-16 14:00:00,-109.04215273333334,-91.2047351,-110.52212,-1.479964881412755
2024-10-16 14:30:00,-81.25424926666666,-81.04881886666666,-80.587975,0.6662747183268181
2024-10-16 15:00:00,-67.05953606666667,-57.52203566666666,-68.31744,-1.2579001515950523
2024-10-16 15:30:00,-53.97368003333333,-56.50206065,-52.848003,1.1256766458821588
2024-10-16 16:00:00,-34.84306276666667,-31.0926234,-32.33604,2.5070222698404976
2024-10-16 16:30:00,-20.15280235,-17.411640533333333,-22.626377,-2.473574755712889
2024-10-16 17:00:00,-5.087728783333334,-14.00607555,-7.4671993,-2.37947054222819
2024-10-16 17:30:00,2.09808305,-1.5593988499999998,-1.9113586,-4.009441644894409
2024-10-16 18:00:00,4.637488283333333,5.515297916666666,4.484428,-0.15306035440877253
2024-10-16 18:30:00,11.278584533333335,8.445806233333334,9.497057,-1.781527572273765
2024-10-16 19:00:00,10.770453833333336,16.79472235,11.596145,0.8256908428751597
2024-10-16 19:30:00,16.8380794,16.558336566666664,15.051456,-1.786622948583986
2024-10-16 20:00:00,15.369288483333332,20.093410466666665,15.475093,0.10580440454508633
2024-10-16 20:30:00,17.059572283333335,16.720357216666667,15.689425,-1.3701468148885105
2024-10-16 21:00:00,17.336370483333333,13.864852783333331,14.837899,-2.4984712752644853
2024-10-16 21:30:00,15.376381133333334,13.9711156,15.413304,0.036923195585123025
2024-10-16 22:00:00,12.714369483333334,18.58174555,16.443842,3.7294724508707677
2024-10-16 22:30:00,13.057408316666669,19.59103063333333,17.531103,4.473694817488605
2024-10-16 23:00:00,18.66442385,21.3490837,20.648458,1.9840346308349623
2024-10-16 23:30:00,17.649138266666665,24.6773738,19.50456,1.8554222039143902
2024-10-17 00:00:00,17.735278916666665,23.81428278333333,19.608221,1.872942137410483
2024-10-17 00:30:00,17.430450616666665,22.836182283333333,19.401514,1.9710634366780617
2024-10-17 01:00:00,18.306349866666668,21.35847168333333,19.860613,1.5542630025960271
2024-10-17 01:30:00,18.08307903333333,19.41781835,20.130953,2.0478738017496774
2024-10-17 02:00:00,18.149563816666667,19.69202165,19.339632,1.1900682176350905
2024-10-17 02:30:00,19.539672266666667,20.390075066666665,20.07238,0.5327077992513019
2024-10-17 03:00:00,20.972318766666667,23.438710016666665,20.875898,-0.09642040546061281
2024-10-17 03:30:00,23.18952283333333,23.138902116666667,20.452612,-2.736910910115558
2024-10-17 04:00:00,21.023834016666665,24.91638608333333,23.474453,2.450618955745444
2024-10-17 04:30:00,21.0593329,21.32740053333333,23.48788,2.4285478067871082
2024-10-17 05:00:00,19.89600833333333,20.672068866666667,21.325066,1.429057279459638
2024-10-17 05:30:00,18.9322538,16.691028266666667,19.902277,0.97002319279785
2024-10-17 06:00:00,14.4915943,14.911022316666669,16.593641,2.1020469811279305
2024-10-17 06:30:00,15.29161565,10.379932216666669,12.838094,-2.453521892370606
2024-10-17 07:00:00,6.6940087833333335,8.953872016666667,9.495464,2.8014555416178384
2024-10-17 07:30:00,0.6988270833333332,1.155962733333333,0.28778082,-0.41104626200993843
2024-10-17 08:00:00,-19.90160228333333,-6.260848266666667,-13.488744,6.412858501289872
2024-10-17 08:30:00,-46.25544393333333,-24.237586066666665,-38.510036,7.745407464827473
2024-10-17 09:00:00,-66.59383444999999,-37.44154506666666,-57.24173,9.352104713671864
2024-10-17 09:30:00,-79.55905735,-51.72080771666666,-74.45439,5.104665870507816
2024-10-17 10:00:00,-91.58424946666666,-57.911108266666666,-85.94835,5.635900467643225
2024-10-17 10:30:00,-104.56506625,-71.09105331666667,-102.1961,2.3689679223632822
2024-10-17 11:00:00,-110.80587658333332,-82.08242078333333,-107.946045,2.8598316614583155
2024-10-17 11:30:00,-117.9619929,-88.50829998333334,-110.41744,7.544550578222655
2024-10-17 12:00:00,-124.71507105,-90.3705217,-117.375465,7.3396056569336
2024-10-17 12:30:00,-111.02374461666666,-88.34878971666667,-109.66898,1.3547611571940052
2024-10-17 13:00:00,-107.42161995,-108.02690105,-108.547676,-1.1260561364257882
2024-10-17 13:30:00,-115.91936791666669,-119.59206661666668,-116.77318,-0.8538101839192507
2024-10-17 14:00:00,-114.045036,-109.04215273333334,-110.50104,3.543998402343746
2024-10-17 14:30:00,-81.55716843333333,-81.25424926666666,-80.53578,1.0213865729817684
2024-10-17 15:00:00,-63.2177428,-67.05953606666667,-65.079254,-1.8615113503906215
2024-10-17 15:30:00,-40.64299938333333,-53.97368003333333,-43.407738,-2.764738348600261
2024-10-17 16:00:00,-29.995042833333333,-34.84306276666667,-34.43473,-4.4396876964518235
2024-10-17 16:30:00,-14.306840116666663,-20.15280235,-16.835308,-2.5284679582845087
2024-10-17 17:00:00,-6.314641016666666,-5.087728783333334,-9.375666,-3.0610246480061853
2024-10-17 17:30:00,1.0913383166666666,2.09808305,-1.0414505,-2.132788817154948
2024-10-17 18:00:00,-0.1809854666666667,4.637488283333333,2.141821,2.3228063742594403
2024-10-17 18:30:00,3.5406087166666667,11.278584533333335,6.3004947,2.7598859542012533
2024-10-17 19:00:00,4.07733995,10.770453833333336,9.3579035,5.280563530529785
2024-10-17 19:30:00,6.3104215,16.8380794,13.055461,6.745039429870605
2024-10-17 20:00:00,9.66459765,15.369288483333332,14.416145,4.751547674707032
2024-10-17 20:30:00,11.721206,17.059572283333335,15.677295,3.9560887311401363
2024-10-17 21:00:00,15.125361166666666,17.336370483333333,16.507587,1.382226266194662
2024-10-17 21:30:00,16.907642283333335,15.376381133333334,16.395834,-0.5118083142171237
2024-10-17 22:00:00,18.893223733333333,12.714369483333334,16.681282,-2.2119416898763014
2024-10-17 22:30:00,13.710261683333334,13.057408316666669,16.209082,2.4988199664469395
2024-10-17 23:00:00,18.4506783,18.66442385,19.683523,1.232844878100586
2024-10-17 23:30:00,19.6240355,17.649138266666665,20.250942,0.6269067302246079
2024-10-18 00:00:00,21.463012133333336,17.735278916666665,20.738201,-0.7248109919759145
2024-10-18 00:30:00,20.452706166666665,17.430450616666665,20.281132,-0.17157442228189979
2024-10-18 01:00:00,21.171165616666663,18.306349866666668,20.623568,-0.547598035489905
2024-10-18 01:30:00,22.46956158333333,18.08307903333333,19.677374,-2.792187697224932
2024-10-18 02:00:00,21.26504663333333,18.149563816666667,20.026075,-1.2389712701741509
2024-10-18 02:30:00,22.26375775,19.539672266666667,21.091751,-1.1720066513671874
2024-10-18 03:00:00,21.531920666666668,20.972318766666667,22.234674,0.7027537870686835
2024-10-18 03:30:00,23.259958616666665,23.18952283333333,22.241177,-1.018782011442056
2024-10-18 04:00:00,23.515860033333336,21.023834016666665,23.9923,0.47644000023599986
2024-10-18 04:30:00,24.6082778,21.0593329,23.862154,-0.746123793041992
2024-10-18 05:00:00,20.332104,19.89600833333333,21.513186,1.1810815010986317
2024-10-18 05:30:00,20.028093366666667,18.9322538,19.978783,-0.0493107128580732
2024-10-18 06:00:00,18.406099316666666,14.4915943,17.873396,-0.5327033968668609
2024-10-18 06:30:00,16.978635633333333,15.29161565,15.81296,-1.1656759623128252
2024-10-18 07:00:00,18.613070366666665,6.6940087833333335,16.094456,-2.518614647672525
2024-10-18 07:30:00,18.919087183333332,0.6988270833333332,13.628174,-5.290913355208332
2024-10-18 08:00:00,19.34831266666667,-19.90160228333333,13.687108,-5.6612046268107115
2024-10-18 08:30:00,13.53198385,-46.25544393333333,5.059648,-8.472335813043212
2024-10-18 09:00:00,8.843567816666667,-66.59383444999999,-2.3052347,-11.148802487305705
2024-10-18 09:30:00,-4.786266583333333,-79.55905735,-8.099181,-3.3129145918986005
2024-10-18 10:00:00,-11.402872266666668,-91.58424946666666,-16.560484,-5.157611665828449
2024-10-18 10:30:00,-10.495941616666666,-104.56506625,-16.496084,-6.00014259659017
2024-10-18 11:00:00,-25.08213813333333,-110.80587658333332,-29.475452,-4.3933142897623725
2024-10-18 11:30:00,-41.596762250000005,-117.9619929,-47.806942,-6.21017973608398
2024-10-18 12:00:00,-44.574277216666665,-124.71507105,-50.01425,-5.43997449231771
2024-10-18 12:30:00,-52.00547993333333,-111.02374461666666,-62.191986,-10.186506150651041
2024-10-18 13:00:00,-46.89358786666667,-107.42161995,-53.496437,-6.602849206087235
2024-10-18 13:30:00,-36.391548416666666,-115.91936791666669,-51.780663,-15.389114119954428
2024-10-18 14:00:00,-38.77057056666667,-114.045036,-42.468876,-3.6983053183430954
2024-10-18 14:30:00,-35.2945561,-81.55716843333333,-46.33793,-11.043372671972655
2024-10-18 15:00:00,-33.18476225,-63.2177428,-43.090115,-9.90535234350586
2024-10-18 15:30:00,-21.974354466666668,-40.64299938333333,-33.73691,-11.762557307014973
2024-10-18 16:00:00,-22.598415016666667,-29.995042833333333,-28.547817,-5.949402213557942
2024-10-18 16:30:00,-17.225622816666668,-14.306840116666663,-21.807611,-4.5819886487874335
2024-10-18 17:00:00,-13.66287485,-6.314641016666666,-11.586149,2.0767256343017575
2024-10-18 17:30:00,-0.6951167166666669,1.0913383166666666,0.16067994,0.8557966530756634
2024-10-18 18:00:00,9.15452885,-0.1809854666666667,5.8661423,-3.2883865770507814
2024-10-18 18:30:00,11.911151616666666,3.5406087166666667,9.588632,-2.322519986722819
2024-10-18 19:00:00,12.36188465,4.07733995,9.06302,-3.298864897497559
2024-10-18 19:30:00,18.0794734,6.3104215,11.460425,-6.619048023107911
2024-10-18 20:00:00,19.80617275,9.66459765,14.817248,-4.988924405578615
2024-10-18 20:30:00,23.43586105,11.721206,17.148003,-6.287858425488281
2024-10-18 21:00:00,22.88462228333333,15.125361166666666,16.746357,-6.1382653192220005
2024-10-18 21:30:00,19.332822166666663,16.907642283333335,17.007965,-2.324857078776038
2024-10-18 22:00:00,20.77970108333333,18.893223733333333,16.84519,-3.9345110351155554
2024-10-18 22:30:00,19.426510516666667,13.710261683333334,16.001003,-3.425507251285808
2024-10-18 23:00:00,20.178864416666663,18.4506783,17.967205,-2.211659369059241
2024-10-18 23:30:00,21.13389173333333,19.6240355,19.458097,-1.6757942754475863
2024-10-19 00:00:00,18.18438888333333,21.463012133333336,17.90764,-0.27674842618000994
2024-10-19 00:30:00,18.611519333333334,20.452706166666665,17.981161,-0.6303582157796228
2024-10-19 01:00:00,17.833671683333332,21.171165616666663,17.383495,-0.4501763525227851
2024-10-19 01:30:00,18.112878766666668,22.46956158333333,17.507076,-0.6058025032389338
2024-10-19 02:00:00,17.494845166666668,21.26504663333333,17.687012,0.19216655208333222
2024-10-19 02:30:00,21.400793216666667,22.26375775,18.190323,-3.2104703406901045
2024-10-19 03:00:00,21.87481891666667,21.531920666666668,20.064344,-1.8104745105387394
2024-10-19 03:30:00,20.99768945,23.259958616666665,20.775202,-0.22248765251464775
2024-10-19 04:00:00,16.666228383333333,23.515860033333336,20.842203,4.175974756925456
2024-10-19 04:30:00,15.55797165,24.6082778,20.931076,5.373104399804687
2024-10-19 05:00:00,17.466174300000002,20.332104,18.158482,0.6923072979003884
2024-10-19 05:30:00,12.3337433,20.028093366666667,17.083252,4.749508653125
2024-10-19 06:00:00,11.73158505,18.406099316666666,14.48527,2.7536844965087894
2024-10-19 06:30:00,12.50162055,16.978635633333333,12.049394,-0.45222689613037126
2024-10-19 07:00:00,8.99635505,18.613070366666665,9.482442,0.4860868521606445
2024-10-19 07:30:00,1.9935654833333332,18.919087183333332,2.653094,0.6595285699350995
2024-10-19 08:00:00,-5.483843316666667,19.34831266666667,-7.147359,-1.6635155776814772
2024-10-19 08:30:00,-22.874984933333334,13.53198385,-24.597097,-1.7221124635172522
2024-10-19 09:00:00,-42.257110583333336,8.843567816666667,-43.02783,-0.7707176332193981
2024-10-19 09:30:00,-71.31895391666667,-4.786266583333333,-69.00739,2.3115610333658907
2024-10-19 10:00:00,-88.46643843333334,-11.402872266666668,-86.549515,1.9169236628255248
2024-10-19 10:30:00,-90.26433388333334,-10.495941616666666,-92.795364,-2.5310304965494765
2024-10-19 11:00:00,-101.75927558333332,-25.08213813333333,-103.88282,-2.1235445460612112
2024-10-19 11:30:00,-131.124379,-41.596762250000005,-130.54704,0.5773361533203172
2024-10-19 12:00:00,-137.12965886666666,-44.574277216666665,-138.33386,-1.2042034380208406
2024-10-19 12:30:00,-150.86922228333333,-52.00547993333333,-141.55557,9.313649773567704
2024-10-19 13:00:00,-156.0589555,-46.89358786666667,-152.08685,3.972102472656246
2024-10-19 13:30:00,-145.77308268333334,-36.391548416666666,-145.81627,-0.0431862375650951
2024-10-19 14:00:00,-126.35751241666668,-38.77057056666667,-126.231,0.12650960904949216
2024-10-19 14:30:00,-123.3298706,-35.2945561,-116.57094,6.758932489648444
2024-10-19 15:00:00,-97.33897213333334,-33.18476225,-95.77176,1.5672131001302176
2024-10-19 15:30:00,-85.24998673333333,-21.974354466666668,-74.29993,10.95005997552083
2024-10-19 16:00:00,-67.5845311,-22.598415016666667,-62.80414,4.780392916406257
2024-10-19 16:30:00,-51.99070961666666,-17.225622816666668,-43.99819,7.99251778317057
2024-10-19 17:00:00,-26.462945016666666,-13.66287485,-21.429766,5.0331793153727205
2024-10-19 17:30:00,-11.09703055,-0.6951167166666669,-9.218975,1.8780554828613276
2024-10-19 18:00:00,-4.388166666666667,9.15452885,-0.6106616,3.777505040804545
2024-10-19 18:30:00,1.1527105333333336,11.911151616666666,4.435254,3.2825435636515294
2024-10-19 19:00:00,6.7092293666666665,12.36188465,7.298087,0.5888577533894859
2024-10-19 19:30:00,10.1805632,18.0794734,11.696445,1.5158822650878907
2024-10-19 20:00:00,9.83756285,19.80617275,13.355723,3.518160531042481
2024-10-19 20:30:00,8.707475183333335,23.43586105,15.287836,6.580360891495767
2024-10-19 21:00:00,14.259178816666669,22.88462228333333,15.601297,1.3421185618733702
2024-10-19 21:30:00,13.4860511,19.332822166666663,15.2572565,1.771205407873536
2024-10-19 22:00:00,13.782840983333331,20.77970108333333,15.531525,1.7486836748697936
2024-10-19 22:30:00,13.379891,19.426510516666667,14.934884,1.554993071350097
2024-10-19 23:00:00,14.886271116666668,20.178864416666663,17.147089,2.2608178878499334
2024-10-19 23:30:00,16.669524883333334,21.13389173333333,17.466866,0.7973406562174468
2024-10-20 00:00:00,17.173412166666665,18.18438888333333,17.786694,0.6132814063313816
2024-10-20 00:30:00,17.599844366666666,18.611519333333334,17.402876,-0.19696846639811127
2024-10-20 01:00:00,18.204536216666668,17.833671683333332,17.622965,-0.5815713576578787
2024-10-20 01:30:00,21.261437766666667,18.112878766666668,18.26595,-2.995488517399089
2024-10-20 02:00:00,21.0725266,17.494845166666668,18.855858,-2.216668750878906
2024-10-20 02:30:00,20.85370668333333,21.400793216666667,19.936136,-0.9175704376057894
2024-10-20 03:00:00,20.67906395,21.87481891666667,20.676682,-0.0023824314453122497
2024-10-20 03:30:00,22.49049678333333,20.99768945,20.567497,-1.9229995299153622
2024-10-20 04:00:00,28.424225566666667,16.666228383333333,20.49192,-7.932305095475261
2024-10-20 04:30:00,30.852051666666664,15.55797165,20.61963,-10.232420853068032
2024-10-20 05:00:00,25.05962236666667,17.466174300000002,19.048422,-6.011200506925459
2024-10-20 05:30:00,19.784142766666665,12.3337433,15.513034,-4.271108899784341
2024-10-20 06:00:00,15.514180433333337,11.73158505,13.190711,-2.323469411909997
2024-10-20 06:30:00,7.426831633333333,12.50162055,10.699574,3.2727428371866862
2024-10-20 07:00:00,2.792882233333333,8.99635505,6.7387013,3.9458191102030438
2024-10-20 07:30:00,-9.12334455,1.9935654833333332,-3.7917016,5.331642994747925
2024-10-20 08:00:00,-24.002528916666662,-5.483843316666667,-18.56097,5.441558610270178
2024-10-20 08:30:00,-51.40856283333333,-22.874984933333334,-44.4683,6.940262967610671
2024-10-20 09:00:00,-72.66195233333333,-42.257110583333336,-68.44228,4.219668702962238
2024-10-20 09:30:00,-96.90660825,-71.31895391666667,-90.070984,6.835624363281255
2024-10-20 10:00:00,-106.79607006666669,-88.46643843333334,-106.29811,0.49795910475262417
2024-10-20 10:30:00,-114.03423293333331,-90.26433388333334,-114.059685,-0.02545182008465474
2024-10-20 11:00:00,-139.09722101666668,-101.75927558333332,-138.63104,0.4661785361979298
2024-10-20 11:30:00,-170.31322111666665,-131.124379,-166.36397,3.949253221158841
2024-10-20 12:00:00,-176.68283658333334,-137.12965886666666,-172.85254,3.8302975208333407
2024-10-20 12:30:00,-176.94824655000002,-150.86922228333333,-171.78615,5.162098478710959
2024-10-20 13:00:00,-175.4615201,-156.0589555,-170.42653,5.034991169335939
2024-10-20 13:30:00,-161.15872998333333,-145.77308268333334,-162.69043,-1.5316997041666696
2024-10-20 14:00:00,-152.31554623333332,-126.35751241666668,-144.43454,7.881006438411447
2024-10-20 14:30:00,-139.26740605,-123.3298706,-132.80681,6.460597578320318
2024-10-20 15:00:00,-115.26486175,-97.33897213333334,-114.020164,1.2446972602539006
2024-10-20 15:30:00,-93.11038386666668,-85.24998673333333,-88.961655,4.148729203580743
2024-10-20 16:00:00,-65.7708728,-67.5845311,-62.04818,3.7226931735351627
2024-10-20 16:30:00,-46.95443889999999,-51.99070961666666,-43.757195,3.1972443809570237
2024-10-20 17:00:00,-23.921207866666663,-26.462945016666666,-19.830631,4.090576610563147
2024-10-20 17:30:00,-8.429330633333334,-11.09703055,-9.319391,-0.8900606172770171
2024-10-20 18:00:00,0.3941010999999998,-4.388166666666667,0.55048174,0.15638063666000385
2024-10-20 18:30:00,3.028905483333333,1.1527105333333336,3.0614266,0.032521156223551895
2024-10-20 19:00:00,5.662355516666668,6.7092293666666665,7.2794337,1.617078210597736
2024-10-20 19:30:00,8.792049533333333,10.1805632,10.438679,1.6466292081217446
2024-10-20 20:00:00,8.8246701,9.83756285,11.356559,2.531888699743652
2024-10-20 20:30:00,9.1153439,8.707475183333335,13.25003,4.134685663903809
2024-10-20 21:00:00,8.494606766666665,14.259178816666669,14.787873,6.293266501460776
2024-10-20 21:30:00,8.416607633333333,13.4860511,13.828903,5.412295564908854
2024-10-20 22:00:00,8.41825835,13.782840983333331,13.754713,5.336454708471679
2024-10-20 22:30:00,10.098030583333331,13.379891,13.426586,3.3285555677897154
2024-10-20 23:00:00,13.091885566666669,14.886271116666668,14.268355,1.1764698029012024
2024-10-20 23:30:00,14.092003466666668,16.669524883333334,17.141548,3.049544690071613
2024-10-21 00:00:00,13.687350533333335,17.173412166666665,17.97078,4.283428885611977
2024-10-21 00:30:00,15.0421627,17.599844366666666,18.434315,3.3921520277832027
2024-10-21 01:00:00,16.752373933333335,18.204536216666668,18.56082,1.8084456925211576
2024-10-21 01:30:00,16.849411083333333,21.261437766666667,19.370163,2.5207518805338545
2024-10-21 02:00:00,17.881203316666667,21.0725266,19.253727,1.3725236425618483
2024-10-21 02:30:00,19.26506563333333,20.85370668333333,20.579624,1.3145585426920618
2024-10-21 03:00:00,22.82369388333333,20.67906395,20.969944,-1.8537498830891899
2024-10-21 03:30:00,20.148070633333333,22.49049678333333,21.295528,1.1474577785319013
2024-10-21 04:00:00,24.9071127,28.424225566666667,23.593658,-1.313454252734374
2024-10-21 04:30:00,29.11372985,30.852051666666664,24.50589,-4.607839957421874
2024-10-21 05:00:00,21.291774033333333,25.05962236666667,20.471893,-0.8198807227864577
2024-10-21 05:30:00,20.04929845,19.784142766666665,18.26377,-1.785529300219725
2024-10-21 06:00:00,19.22793765,15.514180433333337,14.559712,-4.668225240026857
2024-10-21 06:30:00,12.461766250000002,7.426831633333333,12.028145,-0.4336214135742207
2024-10-21 07:00:00,6.193165566666667,2.792882233333333,7.2069716,1.0138060786885577
2024-10-21 07:30:00,-5.010626183333334,-9.12334455,-0.9612765,4.049349711718496
2024-10-21 08:00:00,-21.72265493333333,-24.002528916666662,-17.109938,4.612717265486651
2024-10-21 08:30:00,-42.9658107,-51.40856283333333,-41.55983,1.4059809880859362
2024-10-21 09:00:00,-65.91238778333333,-72.66195233333333,-62.33866,3.5737265894856733
2024-10-21 09:30:00,-84.50835905000001,-96.90660825,-85.16668,-0.6583203323242088
2024-10-21 10:00:00,-92.86214836666666,-106.79607006666669,-92.66956,0.19258507320962792
2024-10-21 10:30:00,-107.3815372,-114.03423293333331,-103.01625,4.365286589648434
2024-10-21 11:00:00,-127.11653883333334,-139.09722101666668,-125.027756,2.0887830960286493
2024-10-21 11:30:00,-147.05559261666664,-170.31322111666665,-145.84222,1.2133684955728938
2024-10-21 12:00:00,-152.90483091666667,-176.68283658333334,-151.48697,1.4178619225260434
2024-10-21 12:30:00,-158.16763896666666,-176.94824655000002,-158.9394,-0.7717683819661545
2024-10-21 13:00:00,-166.44142895000002,-175.4615201,-159.18314,7.258292963671892
2024-10-21 13:30:00,-181.5059243,-161.15872998333333,-168.01149,13.494434431835941
2024-10-21 14:00:00,-164.61346385,-152.31554623333332,-162.2318,2.3816675853515505
2024-10-21 14:30:00,-146.21286218333333,-139.26740605,-139.3461,6.866762329817703
2024-10-21 15:00:00,-126.87744495,-115.26486175,-115.63589,11.241557804003904
2024-10-21 15:30:00,-95.16676326666668,-93.11038386666668,-92.44526,2.7215041724283964
2024-10-21 16:00:00,-72.30000826666667,-65.7708728,-65.185356,7.114652126529947
2024-10-21 16:30:00,-45.86455051666667,-46.95443889999999,-43.60749,2.257059977115887
2024-10-21 17:00:00,-25.73187031666667,-23.921207866666663,-21.325535,4.406335496110028
2024-10-21 17:30:00,-12.3344995,-8.429330633333334,-6.309263,6.0252362706298825
2024-10-21 18:00:00,0.3622173000000002,0.3941010999999998,2.5632463,2.2010289501525877
2024-10-21 18:30:00,1.2823978500000004,3.028905483333333,5.940955,4.658557312048339
2024-10-21 19:00:00,7.1072537166666665,5.662355516666668,9.295203,2.1879494922566733
2024-10-21 19:30:00,6.5180249,8.792049533333333,12.521029,6.003004572351074
2024-10-21 20:00:00,11.674024483333334,8.8246701,14.119578,2.445553878177897
2024-10-21 20:30:00,14.308309533333334,9.1153439,14.873785,0.5654754855875641
2024-10-21 21:00:00,10.657277833333334,8.494606766666665,14.235264,3.577985991129557
2024-10-21 21:30:00,9.791479416666666,8.416607633333333,12.835175,3.0436951438802087
2024-10-21 22:00:00,10.13814495,8.41825835,13.98763,3.8494849404418954
2024-10-21 22:30:00,11.596961066666664,10.098030583333331,14.91808,3.321119263228356
2024-10-21 23:00:00,14.4475006,13.091885566666669,16.786875,2.3393741711181644
2024-10-21 23:30:00,17.7606918,14.092003466666668,17.085432,-0.6752597473876953
2024-10-22 00:00:00,18.226543966666664,13.687350533333335,16.758936,-1.4676080383219379
2024-10-22 00:30:00,17.692367683333334,15.0421627,16.110733,-1.5816346511067714
2024-10-22 01:00:00,17.414666633333336,16.752373933333335,18.22792,0.8132538988932261
2024-10-22 01:30:00,18.13367013333333,16.849411083333333,19.015755,0.8820845663737025
2024-10-22 02:00:00,19.831205516666667,17.881203316666667,19.310575,-0.5206300314371752
2024-10-22 02:30:00,21.356462316666665,19.26506563333333,19.660933,-1.6955297757731103
2024-10-22 03:00:00,20.5516695,22.82369388333333,19.973385,-0.5782846428222648
2024-10-22 03:30:00,23.1809578,20.148070633333333,20.758663,-2.4222946225097672
2024-10-22 04:00:00,22.014647116666666,24.9071127,23.145233,1.1305860376302093
2024-10-22 04:30:00,22.21006823333333,29.11372985,23.228245,1.0181765481608096
2024-10-22 05:00:00,21.601319466666663,21.291774033333333,21.288054,-0.3132659540934206
2024-10-22 05:30:00,19.21735778333333,20.04929845,18.262018,-0.9553395795979789
2024-10-22 06:00:00,17.019468916666668,19.22793765,16.690853,-0.32861579777018335
2024-10-22 06:30:00,13.734235616666666,12.461766250000002,12.414257,-1.3199785671061193
2024-10-22 07:00:00,12.9628416,6.193165566666667,9.080843,-3.881998628198243
2024-10-22 07:30:00,-1.9377865833333336,-5.010626183333334,-2.1533566,-0.2155699687906898
2024-10-22 08:00:00,-12.450946800000002,-21.72265493333333,-14.064893,-1.613945968859861
2024-10-22 08:30:00,-33.58325096666667,-42.9658107,-35.234764,-1.6515131324544257
2024-10-22 09:00:00,-54.981921633333336,-65.91238778333333,-54.443733,0.5381884180013046
2024-10-22 09:30:00,-77.71865716666666,-84.50835905000001,-79.77833,-2.059670775227872
2024-10-22 10:00:00,-94.7719174,-92.86214836666666,-96.20873,-1.4368152049804621
2024-10-22 10:30:00,-112.73728651666666,-107.3815372,-111.735916,1.0013703789713446
2024-10-22 11:00:00,-116.25852503333331,-127.11653883333334,-117.01914,-0.7606171175455927
2024-10-22 11:30:00,-132.41045886666666,-147.05559261666664,-136.69432,-4.283861812044279
2024-10-22 12:00:00,-139.17115775,-152.90483091666667,-147.79742,-8.626266566406258
2024-10-22 12:30:00,-152.16277658333334,-158.16763896666666,-154.77835,-2.615574246744785
2024-10-22 13:00:00,-153.36172121666667,-166.44142895000002,-152.2054,1.1563226570963536
2024-10-22 13:30:00,-140.87895228333335,-181.5059243,-147.64049,-6.76153538756509
2024-10-22 14:00:00,-133.14928548333333,-164.61346385,-136.19576,-3.046469521549483
2024-10-22 14:30:00,-124.87917236666668,-146.21286218333333,-125.3297,-0.45052428860675775
2024-10-22 15:00:00,-107.90629443333334,-126.87744495,-111.33301,-3.4267133791666566
2024-10-22 15:30:00,-77.29367168333333,-95.16676326666668,-83.70205,-6.4083775720377645
2024-10-22 16:00:00,-61.44324873333333,-72.30000826666667,-63.850597,-2.40734864825847
2024-10-22 16:30:00,-39.06262118333333,-45.86455051666667,-41.0555,-1.992878847184251
2024-10-22 17:00:00,-25.877414400000003,-25.73187031666667,-26.393515,-0.5161002331787081
2024-10-22 17:30:00,-6.389516,-12.3344995,-9.89693,-3.5074137409057613
2024-10-22 18:00:00,3.9566761,0.3622173000000002,0.018030705,-3.9386453950695755
2024-10-22 18:30:00,3.114171766666667,1.2823978500000004,2.7131667,-0.40100505295206723
2024-10-22 19:00:00,6.299507616666666,7.1072537166666665,7.2859435,0.986435891481527
2024-10-22 19:30:00,9.116069566666669,6.5180249,10.2737875,1.1577179318074524
2024-10-22 20:00:00,8.426839316666667,11.674024483333334,11.506886,3.080046211897786
2024-10-22 20:30:00,10.873742733333332,14.308309533333334,12.98589,2.1121476551554377
2024-10-22 21:00:00,12.201857283333332,10.657277833333334,13.147672,0.9458144161905935
2024-10-22 21:30:00,9.31023775,9.791479416666666,12.566547,3.2563096437988275
2024-10-22 22:00:00,10.19792,10.13814495,12.044976,1.8470562344360353
2024-10-22 22:30:00,11.697633533333333,11.596961066666664,13.461233,1.7635996057047532
2024-10-22 23:00:00,15.60950175,14.4475006,16.323631,0.714129536621094
2024-10-22 23:30:00,19.7263368,17.7606918,18.096563,-1.6297734607666001
2024-10-23 00:00:00,19.687766116666666,18.226543966666664,18.651161,-1.0366049228190093
2024-10-23 00:30:00,18.66081498333333,17.692367683333334,18.689592,0.028777378116863872
2024-10-23 01:00:00,20.064024516666667,17.414666633333336,18.262814,-1.8012109485514323
2024-10-23 01:30:00,18.710292133333333,18.13367013333333,18.554207,-0.1560852851888015
2024-10-23 02:00:00,18.643659016666664,19.831205516666667,18.95578,0.31212101263021097
2024-10-23 02:30:00,17.586729950000002,21.356462316666665,18.672523,1.085793548535154
2024-10-23 03:00:00,18.132612766666668,20.5516695,20.442917,2.3103041034505196
2024-10-23 03:30:00,18.51888828333333,23.1809578,21.26616,2.7472707742838587
2024-10-23 04:00:00,17.378299816666665,22.014647116666666,22.662199,5.283899203719077
2024-10-23 04:30:00,19.29112728333333,22.21006823333333,22.09407,2.802943151236981
2024-10-23 05:00:00,17.147736033333334,21.601319466666663,20.547665,3.39992860900065
2024-10-23 05:30:00,12.896197383333332,19.21735778333333,16.85407,3.9578732801188163
2024-10-23 06:00:00,9.479753866666668,17.019468916666668,15.119373,5.639619454866535
2024-10-23 06:30:00,4.0345607,13.734235616666666,8.412067,4.377506713330078
2024-10-23 07:00:00,3.4222778333333337,12.9628416,5.7295785,2.307300661692301
2024-10-23 07:30:00,3.73183785,-1.9377865833333336,2.2454515,-1.4863863996520994
2024-10-23 08:00:00,-3.839973483333333,-12.450946800000002,-6.4807863,-2.6408128402140303
2024-10-23 08:30:00,-21.32647718333333,-33.58325096666667,-30.4239,-9.097423420914716
2024-10-23 09:00:00,-49.07200065,-54.981921633333336,-51.682266,-2.610265585351563
2024-10-23 09:30:00,-63.09679501666667,-77.71865716666666,-69.51147,-6.4146719633138005
2024-10-23 10:00:00,-85.46448273333333,-94.7719174,-87.7228,-2.258318475162767
2024-10-23 10:30:00,-111.93461493333332,-112.73728651666666,-112.213196,-0.2785808674479284
2024-10-23 11:00:00,-131.59721398333332,-116.25852503333331,-130.3214,1.2758181093098813
2024-10-23 11:30:00,-147.46019561666665,-132.41045886666666,-151.69424,-4.2340487680989725
2024-10-23 12:00:00,-149.21577833333333,-139.17115775,-154.93869,-5.722911852213542
2024-10-23 12:30:00,-146.51147498333333,-152.16277658333334,-150.49843,-3.9869533613932333
2024-10-23 13:00:00,-144.36133551666666,-153.36172121666667,-149.05556,-4.694221734309906
2024-10-23 13:30:00,-138.27565723333333,-140.87895228333335,-144.59523,-6.319572869205729
2024-10-23 14:00:00,-137.37927545,-133.14928548333333,-138.41216,-1.032879701367193
2024-10-23 14:30:00,-116.19434613333333,-124.87917236666668,-121.14703,-4.952687558072924
2024-10-23 15:00:00,-96.89682728333332,-107.90629443333334,-105.63893,-8.74210399108074
2024-10-23 15:30:00,-85.94951729999998,-77.29367168333333,-80.877815,5.071702053417951
2024-10-23 16:00:00,-72.41525281666667,-61.44324873333333,-65.26779,7.147461068619791
2024-10-23 16:30:00,-44.91755995,-39.06262118333333,-46.484924,-1.5673643664062524
2024-10-23 17:00:00,-24.2486155,-25.877414400000003,-24.99547,-0.7468545469970707
2024-10-23 17:30:00,-7.832282933333334,-6.389516,-8.703545,-0.8712616833658844
2024-10-23 18:00:00,-2.632149983333333,3.9566761,0.8247321,3.4568821081387835
2024-10-23 18:30:00,5.800191633333334,3.114171766666667,3.8780115,-1.9221801682607023
2024-10-23 19:00:00,14.119559366666666,6.299507616666666,8.58035,-5.53920944448649
2024-10-23 19:30:00,15.1697878,9.116069566666669,12.413556,-2.7562317010620117
2024-10-23 20:00:00,14.709159466666668,8.426839316666667,12.362851,-2.346308323783367
2024-10-23 20:30:00,13.198472133333333,10.873742733333332,13.046748,-0.1517239720174146
2024-10-23 21:00:00,13.248438333333333,12.201857283333332,13.821838,0.5734000455729173
2024-10-23 21:30:00,14.761090349999998,9.31023775,13.094374,-1.6667166469970685
2024-10-23 22:00:00,15.13639335,10.19792,13.29617,-1.8402231153198247
2024-10-23 22:30:00,13.3701362,11.697633533333333,13.571156,0.20101934809570388
2024-10-23 23:00:00,16.79864111666667,15.60950175,16.212519,-0.5861224246500676
2024-10-23 23:30:00,18.9471112,19.7263368,18.098042,-0.8490696655761703
2024-10-24 00:00:00,18.24022885,19.687766116666666,17.928862,-0.31136723195800897
2024-10-24 00:30:00,17.774214349999998,18.66081498333333,18.262617,0.4884027612060571
2024-10-24 01:00:00,17.768227333333332,20.064024516666667,18.60062,0.8323929364420586
2024-10-24 01:30:00,19.128454416666667,18.710292133333333,18.369059,-0.759395807657878
2024-10-24 02:00:00,15.51052605,18.643659016666664,18.660751,3.150225292773438
2024-10-24 02:30:00,15.73921105,17.586729950000002,19.414812,3.6756010380126956
2024-10-24 03:00:00,15.1643699,18.132612766666668,19.31304,4.148669879663085
2024-10-24 03:30:00,15.820197933333333,18.51888828333333,19.600998,3.780799991471355
2024-10-24 04:00:00,17.47089,17.378299816666665,20.425743,2.954853103027343
2024-10-24 04:30:00,19.240327766666667,19.29112728333333,20.218191,0.9778633801839192
2024-10-24 05:00:00,20.03409878333333,17.147736033333334,18.974764,-1.059334913094073
2024-10-24 05:30:00,18.311715366666665,12.896197383333332,16.052505,-2.259209873502602
2024-10-24 06:00:00,14.634842283333334,9.479753866666668,13.705659,-0.9291833706746431
2024-10-24 06:30:00,7.995267166666667,4.0345607,8.203521,0.20825360817464134
2024-10-24 07:00:00,6.043537233333335,3.4222778333333337,5.0923233,-0.9512139301106783
2024-10-24 07:30:00,0.6233995333333331,3.73183785,-1.4777043,-2.1011038199086505
2024-10-24 08:00:00,-19.428463933333333,-3.839973483333333,-16.929113,2.4993505452718097
2024-10-24 08:30:00,-38.810149333333335,-21.32647718333333,-39.03756,-0.22741017594400859
2024-10-24 09:00:00,-72.89157386666666,-49.07200065,-68.81508,4.076495131315099
2024-10-24 09:30:00,-89.15338071666667,-63.09679501666667,-82.94044,6.2129433997721435
2024-10-24 10:00:00,-107.8465316,-85.46448273333333,-106.97757,0.8689620199218808
2024-10-24 10:30:00,-136.7816851,-111.93461493333332,-128.173,8.60868094960938
2024-10-24 11:00:00,-140.94201325,-131.59721398333332,-139.54921,1.3928036552734397
2024-10-24 11:30:00,-160.30008666666666,-147.46019561666665,-156.56998,3.730109860026033
2024-10-24 12:00:00,-167.27370506666668,-149.21577833333333,-169.41025,-2.136542736067696
2024-10-24 12:30:00,-176.12915613333334,-146.51147498333333,-174.14421,1.9849453179036516
2024-10-24 13:00:00,-172.48074596666666,-144.36133551666666,-169.6197,2.8610407664713478
2024-10-24 13:30:00,-164.50533835,-138.27565723333333,-162.02094,2.484403291406238
2024-10-24 14:00:00,-146.6334939,-137.37927545,-144.45926,2.1742348667968656
2024-10-24 14:30:00,-116.94952176666668,-116.19434613333333,-121.05543,-4.105905784602854
2024-10-24 15:00:00,-110.05827713333332,-96.89682728333332,-109.2871,0.7711753877278511
2024-10-24 15:30:00,-92.9752963,-85.94951729999998,-95.05223,-2.076934534960941
2024-10-24 16:00:00,-75.50029554999999,-72.41525281666667,-67.61728,7.883016497265615
2024-10-24 16:30:00,-49.87790161666667,-44.91755995,-46.19462,3.683283391569013
2024-10-24 17:00:00,-28.1123794,-24.2486155,-27.524446,0.5879329125732404
2024-10-24 17:30:00,-9.8252806,-7.832282933333334,-10.937967,-1.1126867004150398
2024-10-24 18:00:00,-1.04674885,-2.632149983333333,-1.1698027,-0.12305381571044927
2024-10-24 18:30:00,8.041339883333334,5.800191633333334,3.4073322,-4.634007701402792
2024-10-24 19:00:00,11.6063367,14.119559366666666,8.5055,-3.100836860217285
2024-10-24 19:30:00,13.4524617,15.1697878,10.826199,-2.6262631221191413
2024-10-24 20:00:00,12.802198916666669,14.709159466666668,12.798626,-0.003572970621746663
2024-10-24 20:30:00,17.272046583333335,13.198472133333333,14.350043,-2.92200328651937
2024-10-24 21:00:00,18.82116955,13.248438333333333,14.847258,-3.9739119358642583
2024-10-24 21:30:00,12.677127216666667,14.761090349999998,13.201611,0.5244833485188796
2024-10-24 22:00:00,9.573094933333334,15.13639335,13.890341,4.317245871720377
2024-10-24 22:30:00,10.591152216666666,13.3701362,15.109145,4.51799294782308
2024-10-24 23:00:00,15.110327266666667,16.79864111666667,16.730396,1.6200690040852859
2024-10-24 23:30:00,16.34900131666667,18.9471112,17.551682,1.2026802018880183
2024-10-25 00:00:00,16.98111325,18.24022885,17.417885,0.4367715766601563
2024-10-25 00:30:00,16.590799983333334,17.774214349999998,17.801952,1.2111523787272134
2024-10-25 01:00:00,16.22811546666667,17.768227333333332,18.11858,1.8904643978352844
2024-10-25 01:30:00,17.395144900000002,19.128454416666667,18.314135,0.9189896977783185
2024-10-25 02:00:00,18.00648775,15.51052605,17.073704,-0.9327839841308609
2024-10-25 02:30:00,17.748057833333334,15.73921105,17.978022,0.22996378837076747
2024-10-25 03:00:00,19.800605,15.1643699,17.969778,-1.830826939086915
2024-10-25 03:30:00,20.70543398333333,15.820197933333333,19.255718,-1.4497157521321569
2024-10-25 04:00:00,26.491384333333333,17.47089,20.961752,-5.529632395467122
2024-10-25 04:30:00,30.507286,19.240327766666667,23.022516,-7.484769749389649
2024-10-25 05:00:00,25.9425887,20.03409878333333,21.19863,-4.743959320727541
2024-10-25 05:30:00,20.97749925,18.311715366666665,18.348293,-2.6292059455566417
2024-10-25 06:00:00,17.001213933333332,14.634842283333334,15.272832,-1.7283820165242503
2024-10-25 06:30:00,19.02496495,7.995267166666667,11.505876,-7.519089362536622
2024-10-25 07:00:00,7.982588866666667,6.043537233333335,6.266242,-1.7163468393839523
2024-10-25 07:30:00,-0.8555851,0.6233995333333331,-0.9985771,-0.1429920179199219
2024-10-25 08:00:00,-19.863129983333334,-19.428463933333333,-19.231987,0.6311429838216149
2024-10-25 08:30:00,-48.78749615,-38.810149333333335,-47.174824,1.6126723890136745
2024-10-25 09:00:00,-75.39672355,-72.89157386666666,-71.67924,3.717486184277348
2024-10-25 09:30:00,-99.00978783333332,-89.15338071666667,-94.19751,4.81227806770832
2024-10-25 10:00:00,-128.56227698333333,-107.8465316,-121.047424,7.514852666927084
2024-10-25 10:30:00,-139.65267106666667,-136.7816851,-139.0876,0.5650703586588577
2024-10-25 11:00:00,-150.03803776666666,-140.94201325,-152.35066,-2.3126244647786507
2024-10-25 11:30:00,-158.81974618333334,-160.30008666666666,-164.51317,-5.693422151627601
2024-10-25 12:00:00,-174.30437561666668,-167.27370506666668,-172.0852,2.2191705385416753
2024-10-25 12:30:00,-166.0266581666667,-176.12915613333334,-168.04086,-2.0142048704426827
2024-10-25 13:00:00,-168.09036943333334,-172.48074596666666,-165.84634,2.2440254391927112
2024-10-25 13:30:00,-179.78613059999998,-164.50533835,-174.70059,5.085538558984354
2024-10-25 14:00:00,-162.21067453333333,-146.6334939,-166.2385,-4.027820339713543
2024-10-25 14:30:00,-151.34452573333334,-116.94952176666668,-145.05412,6.290402808528654
2024-10-25 15:00:00,-130.71548948333333,-110.05827713333332,-126.5883,4.127186871028641
2024-10-25 15:30:00,-118.0195093,-92.9752963,-110.960915,7.0585946881835895
2024-10-25 16:00:00,-86.68950626666667,-75.50029554999999,-84.28055,2.408958170963544
2024-10-25 16:30:00,-54.56207386666667,-49.87790161666667,-52.576458,1.9856158893717506
2024-10-25 17:00:00,-35.59074378333333,-28.1123794,-31.13456,4.456184151985674
2024-10-25 17:30:00,-13.99569775,-9.8252806,-14.745004,-0.7493059502563479
2024-10-25 18:00:00,-1.6607989666666667,-1.04674885,-2.7413828,-1.0805838706288655
2024-10-25 18:30:00,2.245204433333333,8.041339883333334,3.4670734,1.2218690072184248
2024-10-25 19:00:00,7.239347866666667,11.6063367,8.222062,0.982714244234212
2024-10-25 19:30:00,8.939555566666668,13.4524617,9.843215,0.9036594220418284
2024-10-25 20:00:00,13.12385095,12.802198916666669,11.455716,-1.6681348168823238
2024-10-25 20:30:00,15.634728916666669,17.272046583333335,13.896564,-1.738165386698407
2024-10-25 21:00:00,13.2972895,18.82116955,14.563555,1.2662652637939456
2024-10-25 21:30:00,16.929728333333333,12.677127216666667,14.545115,-2.384612862447103
2024-10-25 22:00:00,14.10436285,9.573094933333334,12.271458,-1.8329051778808587
2024-10-25 22:30:00,12.120816016666666,10.591152216666666,12.291557,0.1707412953450529
2024-10-25 23:00:00,11.977309416666666,15.110327266666667,14.470386,2.493076134785971
2024-10-25 23:30:00,14.2829634,16.34900131666667,17.252449,2.9694856356445314
2024-10-26 00:00:00,18.8456111,16.98111325,16.193033,-2.65257788161621
2024-10-26 00:30:00,16.435571683333333,16.590799983333334,17.128551,0.6929797998209644
2024-10-26 01:00:00,18.800562816666663,16.22811546666667,16.908989,-1.8915738640299438
2024-10-26 01:30:00,19.05791445,17.395144900000002,17.062881,-1.995032980273436
2024-10-26 02:00:00,20.02522738333333,18.00648775,17.679697,-2.3455303465901665
2024-10-26 02:30:00,21.85530045,17.748057833333334,17.809654,-4.045646214160158
2024-10-26 03:00:00,20.7781422,19.800605,18.224771,-2.5533707003662123
2024-10-26 03:30:00,20.994298383333334,20.70543398333333,18.052235,-2.9420637336751305
2024-10-26 04:00:00,27.567685,26.491384333333333,19.129173,-8.438511721191407
2024-10-26 04:30:00,25.517854933333336,30.507286,21.51658,-4.001274351668297
2024-10-26 05:00:00,15.153033933333331,25.9425887,17.969364,2.8163302329264344
2024-10-26 05:30:00,11.783726133333332,20.97749925,16.319069,4.535342775358075
2024-10-26 06:00:00,15.083469,17.001213933333332,14.012504,-1.0709653760375968
2024-10-26 06:30:00,8.3112732,19.02496495,7.3318515,-0.979421717608643
2024-10-26 07:00:00,0.6993384999999998,7.982588866666667,1.9906852,1.2913467245330814
2024-10-26 07:30:00,-13.391756666666666,-0.8555851,-9.738061,3.6536957154337557
2024-10-26 08:00:00,-22.0384884,-19.863129983333334,-21.928228,0.1102600217041001
2024-10-26 08:30:00,-55.826847166666674,-48.78749615,-55.93178,-0.104934602132154
2024-10-26 09:00:00,-83.75214435,-75.39672355,-79.146065,4.606079591699213
2024-10-26 09:30:00,-103.20796783333331,-99.00978783333332,-103.126114,0.08185394173175098
2024-10-26 10:00:00,-127.91905996666668,-128.56227698333333,-132.36319,-4.444129730598945
2024-10-26 10:30:00,-143.39871381666669,-139.65267106666667,-143.82648,-0.42776323411456474
2024-10-26 11:00:00,-160.84308713333334,-150.03803776666666,-161.2955,-0.4524145756510336
2024-10-26 11:30:00,-180.31908051666667,-158.81974618333334,-181.35722,-1.038142994075514
2024-10-26 12:00:00,-183.35088225,-174.30437561666668,-184.2043,-0.8534176767578003
2024-10-26 12:30:00,-188.21887198333332,-166.0266581666667,-186.50749,1.7113799179036278
2024-10-26 13:00:00,-197.42260728333332,-168.09036943333334,-192.95903,4.463577131966133
2024-10-26 13:30:00,-193.12835831666663,-179.78613059999998,-190.96466,2.1636976721353847
2024-10-26 14:00:00,-181.10903355,-162.21067453333333,-180.5741,0.5349368703124924
2024-10-26 14:30:00,-171.2446239,-151.34452573333334,-164.7682,6.476420164648431
2024-10-26 15:00:00,-145.98447783333333,-130.71548948333333,-137.04555,8.938930347981767
2024-10-26 15:30:00,-109.21586335,-118.0195093,-108.39067,0.825192573632819
2024-10-26 16:00:00,-75.37140615,-86.68950626666667,-75.17284,0.19856984628906105
2024-10-26 16:30:00,-43.723007216666666,-54.56207386666667,-45.820286,-2.0972785804524747
2024-10-26 17:00:00,-20.694669933333333,-35.59074378333333,-26.535976,-5.841306476578776
2024-10-26 17:30:00,-9.699268233333331,-13.99569775,-9.351598,0.3476704473836243
2024-10-26 18:00:00,-2.0121622333333327,-1.6607989666666667,-2.4127378,-0.40057561304117906
2024-10-26 18:30:00,0.6873515833333331,2.245204433333333,2.4086354,1.721283794550578
2024-10-26 19:00:00,3.678943383333333,7.239347866666667,6.670249,2.9913056019571944
2024-10-26 19:30:00,6.0027584166666665,8.939555566666668,9.180543,3.17778452919515
2024-10-26 20:00:00,9.529348833333334,13.12385095,11.081038,1.5516896417032875
2024-10-26 20:30:00,9.0756312,15.634728916666669,12.257991,3.182359637097168
2024-10-26 21:00:00,10.0755589,13.2972895,12.867669,2.7921102055297844
2024-10-26 21:30:00,10.0755816,16.929728333333333,12.565156,2.489574382971192
2024-10-26 22:00:00,9.528703316666666,14.10436285,11.054645,1.5259412679890954
2024-10-26 22:30:00,9.209186733333334,12.120816016666666,11.654519,2.4453323477823883
2024-10-26 23:00:00,12.791098916666668,11.977309416666666,14.094146,1.3030468581746408
2024-10-26 23:30:00,11.866578333333337,14.2829634,14.625392,2.7588136268107064
2024-10-27 00:00:00,14.195239983333332,18.8456111,16.370977,2.1757374184000664
2024-10-27 00:30:00,14.288547583333331,16.435571683333333,16.103292,1.8147448818766296
2024-10-27 01:00:00,15.438649966666668,18.800562816666663,16.852654,1.4140035367513004
2024-10-27 01:30:00,18.005884516666665,19.05791445,17.308218,-0.6976665143473291
2024-10-27 02:00:00,17.513881033333334,20.02522738333333,17.513294,-0.0005868133626307781
2024-10-27 02:30:00,18.622707816666665,21.85530045,18.216757,-0.40595099598795414
2024-10-27 03:00:00,15.821250066666666,20.7781422,18.579475,2.7582253361653652
2024-10-27 03:30:00,15.16571945,20.994298383333334,18.671692,3.505972444531251
2024-10-27 04:00:00,14.910517716666666,27.567685,22.34939,7.4388723132405605
2024-10-27 04:30:00,15.061909483333332,25.517854933333336,22.35624,7.294329835514324
2024-10-27 05:00:00,12.979283383333334,15.153033933333331,16.335556,3.356272646940104
2024-10-27 05:30:00,11.479901483333334,11.783726133333332,15.32043,3.840528318607584
2024-10-27 06:00:00,7.379010033333333,15.083469,10.800019,3.421009230887859
2024-10-27 06:30:00,6.589391766666666,8.3112732,7.6787252,1.08933347594808
2024-10-27 07:00:00,-0.3170844500000001,0.6993384999999998,0.5075129,0.824597377055359
2024-10-27 07:30:00,-4.251654433333333,-13.391756666666666,-5.906559,-1.6549045571451826
2024-10-27 08:00:00,-15.29849825,-22.0384884,-17.272743,-1.9742449750976565
2024-10-27 08:30:00,-49.36795345,-55.826847166666674,-48.35924,1.0087119644042986
2024-10-27 09:00:00,-68.55005993333333,-83.75214435,-69.47846,-0.9284022859049514
2024-10-27 09:30:00,-108.1311083,-103.20796783333331,-105.86532,2.26579000166015
2024-10-27 10:00:00,-122.08049338333332,-127.91905996666668,-121.64347,0.4370226191731632
2024-10-27 10:30:00,-139.06036828333333,-143.39871381666669,-139.19435,-0.13398291295573017
2024-10-27 11:00:00,-158.5466672,-160.84308713333334,-156.33658,2.2100888308593767
2024-10-27 11:30:00,-176.98774939999998,-180.31908051666667,-174.98123,2.0065177105468592
2024-10-27 12:00:00,-186.02025383333333,-183.35088225,-184.9545,1.065755542317703
2024-10-27 12:30:00,-184.64085275,-188.21887198333332,-182.9246,1.716246426757806
2024-10-27 13:00:00,-177.77085624999998,-197.42260728333332,-177.62946,0.14140068359373004
2024-10-27 13:30:00,-169.9577805333333,-193.12835831666663,-170.87988,-0.922102279166694
2024-10-27 14:00:00,-155.63958611666666,-181.10903355,-154.94702,0.6925646322916634
2024-10-27 14:30:00,-146.27344785,-171.2446239,-145.65898,0.6144665267578091
2024-10-27 15:00:00,-126.5394405,-145.98447783333333,-129.29642,-2.7569767363281272
2024-10-27 15:30:00,-114.69273066666666,-109.21586335,-109.35329,5.3394439235026
2024-10-27 16:00:00,-88.7568933,-75.37140615,-87.430016,1.3268777360351578
2024-10-27 16:30:00,-65.27869338333333,-43.723007216666666,-59.67937,5.5993225032063805
2024-10-27 17:00:00,-38.73141606666667,-20.694669933333333,-31.419815,7.3116010031901055
2024-10-27 17:30:00,-16.701549966666665,-9.699268233333331,-15.112552,1.5889982775187157
2024-10-27 18:00:00,-5.055324383333333,-2.0121622333333327,-3.6626148,1.3927095609456375
2024-10-27 18:30:00,-1.6352772000000002,0.6873515833333331,1.291167,2.9264442207977295
2024-10-27 19:00:00,8.52032115,3.678943383333333,5.3747344,-3.1455867482971183
2024-10-27 19:30:00,8.46735835,6.0027584166666665,6.8633256,-1.6040327541442867
2024-10-27 20:00:00,8.432077283333333,9.529348833333334,9.9033,1.4712230020060222
2024-10-27 20:30:00,10.002861766666667,9.0756312,11.432869,1.430007190852864
2024-10-27 21:00:00,10.308538283333334,10.0755589,11.696423,1.3878842935709628
2024-10-27 21:30:00,10.007131883333336,10.0755816,11.306004,1.2988716872233041
2024-10-27 22:00:00,12.891481716666666,9.528703316666666,9.833139,-3.058342297111002
2024-10-27 22:30:00,13.094884416666666,9.209186733333334,10.30104,-2.79384472092692
2024-10-27 23:00:00,16.8122096,12.791098916666668,13.967748,-2.844461911706542
2024-10-27 23:30:00,15.140602716666669,11.866578333333337,14.973512,-0.16709102080485216
2024-10-28 00:00:00,15.713098216666666,14.195239983333332,16.314835,0.601736378059897
2024-10-28 00:30:00,15.823984016666666,14.288547583333331,17.213905,1.3899213178059906
2024-10-28 01:00:00,15.593574866666666,15.438649966666668,17.174465,1.5808903127766936
2024-10-28 01:30:00,15.799681,18.005884516666665,18.567299,2.7676178891601566
2024-10-28 02:00:00,16.72401616666667,17.513881033333334,18.271025,1.5470085373128235
2024-10-28 02:30:00,17.75486605,18.622707816666665,19.373978,1.619111611132812
2024-10-28 03:00:00,17.647450000000003,15.821250066666666,18.288372,0.6409220397949191
2024-10-28 03:30:00,20.041099016666667,15.16571945,19.756008,-0.2850908684733078
2024-10-28 04:00:00,25.7662078,14.910517716666666,21.98801,-3.7781973935058595
2024-10-28 04:30:00,29.047739000000004,15.061909483333332,22.672607,-6.3751315781250035
2024-10-28 05:00:00,21.73241443333333,12.979283383333334,19.663507,-2.068906971785477
2024-10-28 05:30:00,22.31187776666667,11.479901483333334,17.17633,-5.135547200260419
2024-10-28 06:00:00,22.99483225,7.379010033333333,16.706636,-6.288195821166994
2024-10-28 06:30:00,17.6756571,6.589391766666666,12.634624,-5.041033572473143
2024-10-28 07:00:00,8.830766583333334,-0.3170844500000001,6.432815,-2.39795150841268
2024-10-28 07:30:00,-0.038794983333333,-4.251654433333333,-0.5899658,-0.551170836979167
2024-10-28 08:00:00,-13.1141283,-15.29849825,-13.473658,-0.3595293080322257
2024-10-28 08:30:00,-35.4638423,-49.36795345,-37.641113,-2.177270981249997
2024-10-28 09:00:00,-61.08091096666666,-68.55005993333333,-61.45468,-0.3737704298177178
2024-10-28 09:30:00,-80.48077174999999,-108.1311083,-83.7664,-3.2856314482421993
2024-10-28 10:00:00,-107.75044511666664,-122.08049338333332,-110.5951,-2.8446552861653913
2024-10-28 10:30:00,-131.0405423,-139.06036828333333,-131.84491,-0.8043673679687515
2024-10-28 11:00:00,-134.04074011666663,-158.5466672,-136.63673,-2.5959938921224364
2024-10-28 11:30:00,-151.1801161,-176.98774939999998,-155.83298,-4.652861194921883
2024-10-28 12:00:00,-166.94328606666667,-186.02025383333333,-165.29674,1.6465483957682352
2024-10-28 12:30:00,-167.7766162,-184.64085275,-167.69333,0.08328734257813153
2024-10-28 13:00:00,-157.56091946666666,-177.77085624999998,-159.01036,-1.4494412511067765
2024-10-28 13:30:00,-160.2205656,-169.9577805333333,-161.53835,-1.3177797369140762
2024-10-28 14:00:00,-151.93461994999998,-155.63958611666666,-154.95377,-3.019145919140641
2024-10-28 14:30:00,-139.52218495,-146.27344785,-142.51561,-2.9934247912109413
2024-10-28 15:00:00,-124.68112723333331,-126.5394405,-120.946175,3.7349526117512823
2024-10-28 15:30:00,-105.5142273,-114.69273066666666,-108.36332,-2.8490920969726545
2024-10-28 16:00:00,-82.32236938333334,-88.7568933,-84.44014,-2.117770387174474
2024-10-28 16:30:00,-62.41662276666667,-65.27869338333333,-58.8907,3.5259214727213575
2024-10-28 17:00:00,-38.254472766666666,-38.73141606666667,-36.541454,1.713018451481119
2024-10-28 17:30:00,-16.67087435,-16.701549966666665,-15.233849,1.4370257782226545
2024-10-28 18:00:00,-3.712082816666667,-5.055324383333333,-6.056153,-2.3440700039204914
2024-10-28 18:30:00,0.2656629666666665,-1.6352772000000002,1.7345573,1.4688943043370566
2024-10-28 19:00:00,7.182484,8.52032115,9.2073345,2.0248505184326175
2024-10-28 19:30:00,9.0256422,8.46735835,9.60459,0.5789482159545898
2024-10-28 20:00:00,13.1837671,8.432077283333333,12.458437,-0.7253301340576179
2024-10-28 20:30:00,18.487603366666665,10.002861766666667,14.023062,-4.464541614347329
2024-10-28 21:00:00,17.397320083333334,10.308538283333334,14.54661,-2.8507102047932946
2024-10-28 21:30:00,12.7206506,10.007131883333336,12.86642,0.14576919217529216
2024-10-28 22:00:00,13.262858933333334,12.891481716666666,13.0946865,-0.16817242515462283
2024-10-28 22:30:00,10.588020033333336,13.094884416666666,12.935525,2.3475049071573864
2024-10-28 23:00:00,17.66568395,16.8122096,16.925293,-0.7403909812499982
2024-10-28 23:30:00,18.73942565,15.140602716666669,16.732985,-2.0064411071533215
2024-10-29 00:00:00,15.394886,15.713098216666666,16.230425,0.8355388809814457
2024-10-29 00:30:00,16.618330516666667,15.823984016666666,17.127136,0.508805713802083
2024-10-29 01:00:00,14.519749883333333,15.593574866666666,16.311491,1.7917411292399095
2024-10-29 01:30:00,16.80967456666667,15.799681,17.30726,0.4975859466389956
2024-10-29 02:00:00,18.37803715,16.72401616666667,17.721933,-0.6561037851318368
2024-10-29 02:30:00,18.047052366666662,17.75486605,17.87234,-0.17471311800943568
2024-10-29 03:00:00,18.32730438333333,17.647450000000003,18.009275,-0.31802894693196393
2024-10-29 03:30:00,18.12258448333333,20.041099016666667,19.22542,1.1028355148356148
2024-10-29 04:00:00,22.851953433333332,25.7662078,21.298567,-1.5533866150960272
2024-10-29 04:30:00,26.5766695,29.047739000000004,22.824045,-3.752624318725587
2024-10-29 05:00:00,20.0048795,21.73241443333333,20.337461,0.33258197155761593
2024-10-29 05:30:00,15.107568966666667,22.31187776666667,16.334679,1.2271096832356765
2024-10-29 06:00:00,10.466764016666668,22.99483225,13.290741,2.8239769501302074
2024-10-29 06:30:00,7.777545033333333,17.6756571,10.357452,2.5799073592447916
2024-10-29 07:00:00,7.282078866666667,8.830766583333334,5.0146947,-2.267384175962321
2024-10-29 07:30:00,-2.667584516666667,-0.038794983333333,-3.4322484,-0.7646638372914629
2024-10-29 08:00:00,-22.228882316666667,-13.1141283,-19.512758,2.716124061661784
2024-10-29 08:30:00,-45.74796658333333,-35.4638423,-45.49281,0.2551572876790331
2024-10-29 09:00:00,-72.86497446666667,-61.08091096666666,-68.68778,4.17719217906901
2024-10-29 09:30:00,-93.15453715,-80.48077174999999,-88.54672,4.607814737890621
2024-10-29 10:00:00,-109.48818768333332,-107.75044511666664,-109.79684,-0.30864916969402145
2024-10-29 10:30:00,-133.31399116666668,-131.0405423,-133.75735,-0.4433635696614431
2024-10-29 11:00:00,-160.35654498333335,-134.04074011666663,-160.18138,0.17516375774741277
2024-10-29 11:30:00,-182.22168381666663,-151.1801161,-176.97797,5.243717508072876
2024-10-29 12:00:00,-190.0407155833333,-166.94328606666667,-190.07497,-0.03425084733075323
2024-10-29 12:30:00,-199.60552558333333,-167.7766162,-197.72934,1.876185983723957
2024-10-29 13:00:00,-194.29272673333327,-157.56091946666666,-192.84346,1.4492666503254554
2024-10-29 13:30:00,-188.0938193833333,-160.2205656,-185.46896,2.6248557602864366
2024-10-29 14:00:00,-179.89895321666663,-151.93461994999998,-178.95496,0.9439971619791265
2024-10-29 14:30:00,-167.84904836666666,-139.52218495,-165.30109,2.547961940885415
2024-10-29 15:00:00,-149.92021328333334,-124.68112723333331,-141.46695,8.453263820442714
2024-10-29 15:30:00,-123.86250111666668,-105.5142273,-120.078354,3.7841472348307406
2024-10-29 16:00:00,-92.59719718333334,-82.32236938333334,-87.35465,5.242544778548179
2024-10-29 16:30:00,-63.888227066666666,-62.41662276666667,-60.304604,3.5836234900065094
2024-10-29 17:00:00,-42.58132495,-38.254472766666666,-38.56918,4.012145415087893
2024-10-29 17:30:00,-20.30411605,-16.67087435,-17.140783,3.1633327400634776
2024-10-29 18:00:00,-4.054472250000001,-3.712082816666667,-4.1137004,-0.05922813986205977
2024-10-29 18:30:00,0.2129405999999999,0.2656629666666665,0.934306,0.721365425505066
2024-10-29 19:00:00,2.672428366666667,7.182484,5.7492733,3.0768449335042316
2024-10-29 19:30:00,8.148364916666667,9.0256422,8.108931,-0.03943432889811227
2024-10-29 20:00:00,9.256754916666669,13.1837671,11.43545,2.178694683553058
2024-10-29 20:30:00,8.076721516666668,18.487603366666665,13.612293,5.535571726741535
2024-10-29 21:00:00,11.354784366666667,17.397320083333334,13.248305,1.8935209540730789
2024-10-29 21:30:00,10.6763744,12.7206506,11.881956,1.205581700463867
2024-10-29 22:00:00,10.577323283333332,13.262858933333334,11.7706585,1.1933352097086605
2024-10-29 22:30:00,10.582494466666668,10.588020033333336,11.217058,0.6345637150960268
2024-10-29 23:00:00,18.5500073,17.66568395,16.611519,-1.9384884401367195
2024-10-29 23:30:00,18.39021508333333,18.73942565,17.520418,-0.8697969162190731
2024-10-30 00:00:00,17.600403833333335,15.394886,17.12656,-0.4738436221516942
2024-10-30 00:30:00,19.963096166666663,16.618330516666667,17.979391,-1.983705068644202
2024-10-30 01:00:00,18.882418233333333,14.519749883333333,16.592237,-2.290180760799153
2024-10-30 01:30:00,21.504836066666662,16.80967456666667,18.746214,-2.7586221537027953
2024-10-30 02:00:00,22.224141183333334,18.37803715,18.387018,-3.837122979597982
2024-10-30 02:30:00,23.20301381666667,18.047052366666662,18.642628,-4.560386100602216
2024-10-30 03:00:00,21.681198416666664,18.32730438333333,18.35421,-3.3269885167643203
2024-10-30 03:30:00,22.324967816666668,18.12258448333333,19.040033,-3.284934476212566
2024-10-30 04:00:00,25.272602733333333,22.851953433333332,21.962044,-3.3105589711263015
2024-10-30 04:30:00,27.75988,26.5766695,24.101192,-3.6586875256347646
2024-10-30 05:00:00,20.58248055,20.0048795,20.204697,-0.37778389472656215
2024-10-30 05:30:00,15.725281116666666,15.107568966666667,17.171528,1.4462467458821617
2024-10-30 06:00:00,13.810533800000002,10.466764016666668,13.368071,-0.44246319758300956
2024-10-30 06:30:00,12.236175,7.777545033333333,9.3693075,-2.8668674819946283
2024-10-30 07:00:00,9.851529883333331,7.282078866666667,8.436091,-1.4154384602986632
2024-10-30 07:30:00,-0.6035905666666666,-2.667584516666667,-1.3998606,-0.7962700538319907
2024-10-30 08:00:00,-17.554851166666666,-22.228882316666667,-17.336422,0.2184292001139312
2024-10-30 08:30:00,-52.644360983333335,-45.74796658333333,-50.029507,2.614854299983726
2024-10-30 09:00:00,-77.34276846666667,-72.86497446666667,-76.397095,0.9456737401041693
2024-10-30 09:30:00,-108.5474578,-93.15453715,-103.562645,4.98481284150391
2024-10-30 10:00:00,-129.98727841666667,-109.48818768333332,-123.21913,6.7681469469401065
2024-10-30 10:30:00,-158.23928451666666,-133.31399116666668,-155.2085,3.0307884229166575
2024-10-30 11:00:00,-181.9313011333333,-160.35654498333335,-179.6894,2.241893784700494
2024-10-30 11:30:00,-192.31640205,-182.22168381666663,-186.46408,5.8523212394531186
2024-10-30 12:00:00,-199.75735346666667,-190.0407155833333,-195.43903,4.318327587760422
2024-10-30 12:30:00,-198.78790561666665,-199.60552558333333,-197.06538,1.7225217055338362
2024-10-30 13:00:00,-195.36581505,-194.29272673333327,-191.85875,3.5070656603515715
2024-10-30 13:30:00,-193.97350285,-188.0938193833333,-187.0793,6.894202923242176
2024-10-30 14:00:00,-173.35181939999998,-179.89895321666663,-168.80026,4.551556948828107
2024-10-30 14:30:00,-146.53840663333332,-167.84904836666666,-145.45004,1.0883639087239487
2024-10-30 15:00:00,-113.30718223333334,-149.92021328333334,-114.78311,-1.4759293389322892
2024-10-30 15:30:00,-101.31869495,-123.86250111666668,-102.60318,-1.284484981640631
2024-10-30 16:00:00,-90.52025006666668,-92.59719718333334,-87.888725,2.6315247859049578
2024-10-30 16:30:00,-61.01400648333333,-63.888227066666666,-59.06865,1.9453571913411452
2024-10-30 17:00:00,-35.752628333333334,-42.58132495,-35.351345,0.4012832710774745
2024-10-30 17:30:00,-15.786712783333334,-20.30411605,-16.352432,-0.5657194676432287
2024-10-30 18:00:00,-5.31363005,-4.054472250000001,-5.098495,0.21513504343872114
2024-10-30 18:30:00,3.131363366666667,0.2129405999999999,1.5826344,-1.5487289176615402
2024-10-30 19:00:00,3.4677810000000004,2.672428366666667,5.8307905,2.363009519714355
2024-10-30 19:30:00,8.520858333333333,8.148364916666667,9.144954,0.624095394388835
2024-10-30 20:00:00,10.481450683333334,9.256754916666669,10.935342,0.453891151688639
2024-10-30 20:30:00,13.732442833333332,8.076721516666668,11.68259,-2.0498533023885077
2024-10-30 21:00:00,12.905761,11.354784366666667,12.56182,-0.3439409697875977
2024-10-30 21:30:00,12.453735666666669,10.6763744,11.683234,-0.7705014518839537
2024-10-30 22:00:00,11.534692766666666,10.577323283333332,11.802872,0.2681789374348966
2024-10-30 22:30:00,13.071199833333331,10.582494466666668,12.366216,-0.7049841274617492
2024-10-30 23:00:00,16.0456833,18.5500073,16.217773,0.17209013749999968
2024-10-30 23:30:00,17.250647700000002,18.39021508333333,17.050856,-0.19979206340332212
2024-10-31 00:00:00,17.886284883333335,17.600403833333335,17.820156,-0.06612878592122584
2024-10-31 00:30:00,20.34712593333333,19.963096166666663,17.67273,-2.6743964411458307
2024-10-31 01:00:00,18.420978316666663,18.882418233333333,17.912296,-0.5086820215006469
2024-10-31 01:30:00,17.812826666666666,21.504836066666662,18.534447,0.7216200496419276
2024-10-31 02:00:00,16.434904916666667,22.224141183333334,18.472792,2.0378867550862623
2024-10-31 02:30:00,17.72519055,23.20301381666667,18.846567,1.1213766039306634
2024-10-31 03:00:00,16.549551233333332,21.681198416666664,18.441992,1.892440572696941
2024-10-31 03:30:00,15.889675116666666,22.324967816666668,19.477869,3.5881939171468105
2024-10-31 04:00:00,20.537269416666664,25.272602733333333,21.6928,1.1555311051839219
2024-10-31 04:30:00,26.85314788333333,27.75988,24.801313,-2.051834483064777
2024-10-31 05:00:00,18.1869599,20.58248055,18.422367,0.23540719594726411
2024-10-31 05:30:00,13.397158266666668,15.725281116666666,15.931108,2.533950208064777
2024-10-31 06:00:00,12.16268225,13.810533800000002,13.107774,0.9450915308227543
2024-10-31 06:30:00,8.940043316666667,12.236175,9.65371,0.7136670486287429
2024-10-31 07:00:00,5.190656616666666,9.851529883333331,6.066273,0.8756165957661954
2024-10-31 07:30:00,-1.7438933666666674,-0.6035905666666666,-0.72914016,1.0147532041987108
2024-10-31 08:00:00,-14.574974933333335,-17.554851166666666,-13.388117,1.1868580967854836
2024-10-31 08:30:00,-46.55559765,-52.644360983333335,-45.792038,0.7635596861328153
2024-10-31 09:00:00,-74.74883058333334,-77.34276846666667,-74.57086,0.17796876692709418
2024-10-31 09:30:00,-99.99425933333332,-108.5474578,-97.755196,2.2390637156575366
2024-10-31 10:00:00,-113.17044701666669,-129.98727841666667,-113.994,-0.8235562792317523
2024-10-31 10:30:00,-133.72645093333333,-158.23928451666666,-133.96841,-0.2419633733072999
2024-10-31 11:00:00,-152.81454948333334,-181.9313011333333,-151.36217,1.4523821249348998
2024-10-31 11:30:00,-164.03995051666666,-192.31640205,-162.8958,1.1441527871744768
2024-10-31 12:00:00,-158.86640278333334,-199.75735346666667,-157.94437,0.9220363282552171
2024-10-31 12:30:00,-163.3394099666667,-198.78790561666665,-164.02301,-0.6836002872395568
2024-10-31 13:00:00,-153.59515006666666,-195.36581505,-155.76465,-2.169498370833338
2024-10-31 13:30:00,-134.27402496666667,-193.97350285,-136.21283,-1.9388046231770772
2024-10-31 14:00:00,-121.55712665,-173.35181939999998,-127.79477,-6.237642637109374
2024-10-31 14:30:00,-120.86497326666664,-146.53840663333332,-124.2177,-3.3527238768880494
2024-10-31 15:00:00,-116.72927778333332,-113.30718223333334,-115.61453,1.1147453126301912
2024-10-31 15:30:00,-98.82596103333331,-101.31869495,-96.81672,2.009241978157533
2024-10-31 16:00:00,-77.40561058333333,-90.52025006666668,-79.76107,-2.355459668131516
2024-10-31 16:30:00,-50.85694828333334,-61.01400648333333,-52.22041,-1.3634611099772087
2024-10-31 17:00:00,-33.970926766666665,-35.752628333333334,-34.081623,-0.11069631072591335
2024-10-31 17:30:00,-15.07726505,-15.786712783333334,-14.230863,0.8464024325073236
2024-10-31 18:00:00,-8.1221435,-5.31363005,-7.8132434,0.3089001108703613
2024-10-31 18:30:00,-2.6221723500000005,3.131363366666667,0.13657565,2.758748004149056
2024-10-31 19:00:00,2.416155516666667,3.4677810000000004,4.6894436,2.273288071590169
2024-10-31 19:30:00,7.032626733333333,8.520858333333333,8.165248,1.1326211838419598
2024-10-31 20:00:00,11.116814833333336,10.481450683333334,11.0292425,-0.08757231776937147
2024-10-31 20:30:00,9.115696183333334,13.732442833333332,10.879734,1.7640378559733065
2024-10-31 21:00:00,9.17909005,12.905761,12.729967,3.550877067309571
2024-10-31 21:30:00,9.344645883333332,12.453735666666669,11.775335,2.4306894285563168
2024-10-31 22:00:00,10.568963333333333,11.534692766666666,12.1188135,1.54985018137614
2024-10-31 22:30:00,9.982377166666666,13.071199833333331,11.430657,1.4482802201131193
2024-10-31 23:00:00,16.942084499999996,16.0456833,16.000368,-0.9417163817138636
2024-10-31 23:30:00,21.3480811,17.250647700000002,16.677546,-4.67053555251465
2024-11-01 00:00:00,19.977565433333336,17.886284883333335,18.421104,-1.556461002180992
2024-11-01 00:30:00,20.00797215,20.34712593333333,18.771734,-1.236237912329102
2024-11-01 01:00:00,20.69041555,18.420978316666663,18.754763,-1.935652900463868
2024-11-01 01:30:00,22.550286683333336,17.812826666666666,19.6866,-2.863686951888024
2024-11-01 02:00:00,22.305636683333333,16.434904916666667,20.358261,-1.9473755749348953
2024-11-01 02:30:00,23.2912788,17.72519055,20.32853,-2.9627494420898444
2024-11-01 03:00:00,20.62151778333333,16.549551233333332,20.366135,-0.2553831397786439
2024-11-01 03:30:00,22.076422216666668,15.889675116666666,20.595234,-1.4811882994303396
2024-11-01 04:00:00,29.86365463333333,20.537269416666664,25.797174,-4.066480179597978
2024-11-01 04:30:00,31.73741105,26.85314788333333,25.741135,-5.996276406445311
2024-11-01 05:00:00,28.040732816666665,18.1869599,22.16271,-5.878022626847329
2024-11-01 05:30:00,17.627561116666666,13.397158266666668,16.194735,-1.4328265433024079
2024-11-01 06:00:00,14.450367116666667,12.16268225,12.863975,-1.58639254543864
2024-11-01 06:30:00,11.521661683333337,8.940043316666667,11.443936,-0.07772533537191073
2024-11-01 07:00:00,6.387434333333334,5.190656616666666,5.6295147,-0.7579196391194669
2024-11-01 07:30:00,-4.302017783333333,-1.7438933666666674,-4.65732,-0.3553022392496752
2024-11-01 08:00:00,-13.07093895,-14.574974933333335,-15.0112705,-1.9403315730712887
2024-11-01 08:30:00,-46.03100436666667,-46.55559765,-44.755863,1.2751411769694059
2024-11-01 09:00:00,-61.07846231666667,-74.74883058333334,-61.94095,-0.8624861696614516
2024-11-01 09:30:00,-87.38700661666667,-99.99425933333332,-86.07546,1.3115442753580737
2024-11-01 10:00:00,-107.30134163333332,-113.17044701666669,-105.56465,1.73669014407551
2024-11-01 10:30:00,-112.57614943333334,-133.72645093333333,-115.00384,-2.427688152115877
2024-11-01 11:00:00,-135.3022504,-152.81454948333334,-136.52567,-1.2234148832031337
2024-11-01 11:30:00,-155.41221665,-164.03995051666666,-154.88817,0.5240483150390673
2024-11-01 12:00:00,-167.69972656666667,-158.86640278333334,-163.26547,4.434254154557294
2024-11-01 12:30:00,-174.83933996666667,-163.3394099666667,-173.0576,1.7817380379557335
2024-11-01 13:00:00,-176.83763940000003,-153.59515006666666,-176.74474,0.0929036822265914
2024-11-01 13:30:00,-180.54774171666668,-134.27402496666667,-178.17578,2.3719604666666783
2024-11-01 14:00:00,-177.88973213333335,-121.55712665,-173.83861,4.051124345247416
2024-11-01 14:30:00,-158.80869561666665,-120.86497326666664,-158.06075,0.7479503774088414
2024-11-01 15:00:00,-137.25452886666667,-116.72927778333332,-134.05237,3.202160702604175
2024-11-01 15:30:00,-110.86469988333332,-98.82596103333331,-107.83172,3.032981438509097
2024-11-01 16:00:00,-89.89389056666666,-77.40561058333333,-88.47599,1.4179002712564994
2024-11-01 16:30:00,-60.41976405,-50.85694828333334,-58.736965,1.6827988705566383
2024-11-01 17:00:00,-39.104893233333335,-33.970926766666665,-38.403137,0.7017560263020854
2024-11-01 17:30:00,-19.595146133333333,-15.07726505,-18.327868,1.2672786253987631
2024-11-01 18:00:00,-8.578780133333334,-8.1221435,-6.0456386,2.5331415720845545
2024-11-01 18:30:00,-0.6075367666666666,-2.6221723500000005,0.69401634,1.301553104061381
2024-11-01 19:00:00,3.932166333333333,2.416155516666667,4.7508154,0.8186490582071944
2024-11-01 19:30:00,4.8816228,7.032626733333333,8.20176,3.320137492053223
2024-11-01 20:00:00,8.274445,11.116814833333336,12.743471,4.469026145629883
2024-11-01 20:30:00,10.710370666666668,9.115696183333334,12.107988,1.3976176908772775
2024-11-01 21:00:00,10.70309455,9.17909005,12.504763,1.8016680995361334
2024-11-01 21:30:00,8.689828983333333,9.344645883333332,12.29791,3.6080807532999675
2024-11-01 22:00:00,7.736239333333333,10.568963333333333,11.439771,3.7035313652140305
2024-11-01 22:30:00,9.933009566666668,9.982377166666666,12.451539,2.518529472945149
2024-11-01 23:00:00,14.6941834,16.942084499999996,16.461859,1.7676753493896484
2024-11-01 23:30:00,14.340267216666666,21.3480811,18.547043,4.206775630013022
2024-11-02 00:00:00,14.444436683333334,19.977565433333336,17.21534,2.770902977311197
2024-11-02 00:30:00,18.050454466666668,20.00797215,17.647993,-0.4024613788981135
2024-11-02 01:00:00,17.64253993333333,20.69041555,18.51103,0.868490263810223
2024-11-02 01:30:00,15.372419933333331,22.550286683333336,18.506899,3.1344789466715515
2024-11-02 02:00:00,17.146056766666664,22.305636683333333,19.312008,2.1659511373860703
2024-11-02 02:30:00,16.31651391666667,23.2912788,18.791094,2.474579909627277
2024-11-02 03:00:00,16.226738933333333,20.62151778333333,19.226318,2.9995794260416666
2024-11-02 03:30:00,16.45266385,22.076422216666668,18.96556,2.512897063085937
2024-11-02 04:00:00,22.78669168333333,29.86365463333333,22.59383,-0.1928615746907525
2024-11-02 04:30:00,25.8703012,31.73741105,24.411707,-1.4585942755615235
2024-11-02 05:00:00,17.880693866666665,28.040732816666665,20.253487,2.3727927666341166
2024-11-02 05:30:00,15.87096668333333,17.627561116666666,17.943758,2.0727913275309273
2024-11-02 06:00:00,13.484002166666665,14.450367116666667,13.46078,-0.023222022928871766
2024-11-02 06:30:00,8.314974516666666,11.521661683333337,9.020301,0.7053263485066736
2024-11-02 07:00:00,0.9072861166666664,6.387434333333334,1.7208035,0.8135173825551354
2024-11-02 07:30:00,-8.864464983333333,-4.302017783333333,-6.4139223,2.4505426734578446
2024-11-02 08:00:00,-21.11464823333333,-13.07093895,-16.895327,4.2193216189534475
2024-11-02 08:30:00,-32.541768850000004,-46.03100436666667,-35.463688,-2.9219190467285117
2024-11-02 09:00:00,-54.852260066666666,-61.07846231666667,-57.339138,-2.486877964339193
2024-11-02 09:30:00,-74.14324993333334,-87.38700661666667,-74.594986,-0.4517360285807257
2024-11-02 10:00:00,-85.63331001666667,-107.30134163333332,-86.88172,-1.2484114799153616
2024-11-02 10:30:00,-97.54761891666668,-112.57614943333334,-97.47511,0.072506001627616
2024-11-02 11:00:00,-117.0965861,-135.3022504,-116.337875,0.7587107337890586
2024-11-02 11:30:00,-131.9119866,-155.41221665,-133.9728,-2.0608069791015566
2024-11-02 12:00:00,-128.49141876666667,-167.69972656666667,-131.79485,-3.3034268143880183
2024-11-02 12:30:00,-132.6800483,-174.83933996666667,-137.61418,-4.934133218554678
2024-11-02 13:00:00,-139.84973496666666,-176.83763940000003,-141.05542,-1.2056849552083406
2024-11-02 13:30:00,-132.02107049999998,-180.54774171666668,-131.41301,0.6080608564452916
2024-11-02 14:00:00,-120.40000215,-177.88973213333335,-122.318985,-1.9189828353515566
2024-11-02 14:30:00,-108.65843398333334,-158.80869561666665,-111.35675,-2.698316504947911
2024-11-02 15:00:00,-90.99349648333332,-137.25452886666667,-92.395035,-1.4015383067057456
2024-11-02 15:30:00,-71.86734226666667,-110.86469988333332,-78.13075,-6.263410296809894
2024-11-02 16:00:00,-56.75528393333334,-89.89389056666666,-61.641766,-4.886481661149084
2024-11-02 16:30:00,-35.36300228333334,-60.41976405,-38.728085,-3.3650822808756473
2024-11-02 17:00:00,-17.336113299999997,-39.104893233333335,-22.223463,-4.887349758471682
2024-11-02 17:30:00,-6.916536116666666,-19.595146133333333,-10.484933,-3.5683967828084313
2024-11-02 18:00:00,7.479105099999999,-8.578780133333334,-0.15586942,-7.634974524343108
2024-11-02 18:30:00,7.068997066666667,-0.6075367666666666,2.4769225,-4.592074554612224
2024-11-02 19:00:00,8.715457916666667,3.932166333333333,6.8792486,-1.836209297587077
2024-11-02 19:30:00,10.323343433333331,4.8816228,7.8817124,-2.441630996657306
2024-11-02 20:00:00,13.790206033333334,8.274445,11.504092,-2.2861138168416346
2024-11-02 20:30:00,14.984025699999998,10.710370666666668,14.028863,-0.9551627468139632
2024-11-02 21:00:00,20.64192665,10.70309455,14.207276,-6.434650305700682
2024-11-02 21:30:00,18.04123998333333,8.689828983333333,14.112175,-3.9290649955403616
2024-11-02 22:00:00,17.35207266666667,7.736239333333333,12.896668,-4.455404232523602
2024-11-02 22:30:00,16.807413333333333,9.933009566666668,12.915735,-3.8916780885823563
2024-11-02 23:00:00,17.411459483333335,14.6941834,16.406223,-1.0052361862141943
2024-11-02 23:30:00,18.53767231666667,14.340267216666666,17.736076,-0.8015959616861998
2024-11-03 00:00:00,17.686181566666665,14.444436683333334,16.746895,-0.9392867302408838
2024-11-03 00:30:00,19.48463425,18.050454466666668,17.900137,-1.5844973023681632
2024-11-03 01:00:00,20.457167833333333,17.64253993333333,17.935911,-2.521256654744466
2024-11-03 01:30:00,19.44416835,15.372419933333331,18.139626,-1.3045428006835955
2024-11-03 02:00:00,23.65105065,17.146056766666664,19.849003,-3.8020478118652328
2024-11-03 02:30:00,24.3654283,16.31651391666667,19.585579,-4.77984938154297
2024-11-03 03:00:00,23.909127866666665,16.226738933333333,18.967045,-4.9420830363444
2024-11-03 03:30:00,22.74091815,16.45266385,20.604359,-2.1365594769042957
2024-11-03 04:00:00,22.990868833333334,22.78669168333333,22.59119,-0.39967849519856813
2024-11-03 04:30:00,22.914018416666668,25.8703012,23.851913,0.9378950354817697
2024-11-03 05:00:00,22.940892233333333,17.880693866666665,20.04411,-2.896782888850911
2024-11-03 05:30:00,17.006638283333334,15.87096668333333,15.876047,-1.1305911489339202
2024-11-03 06:00:00,12.974953233333332,13.484002166666665,13.035,0.06004661407877698
2024-11-03 06:30:00,6.381117633333333,8.314974516666666,7.519043,1.137925335416667
2024-11-03 07:00:00,1.5027811000000002,0.9072861166666664,2.0801954,0.5774143269409178
2024-11-03 07:30:00,-5.192110516666667,-8.864464983333333,-6.887097,-1.6949863651997878
2024-11-03 08:00:00,-13.883384416666669,-21.11464823333333,-18.464487,-4.581102659138995
2024-11-03 08:30:00,-27.227824216666665,-32.541768850000004,-31.84188,-4.614056581673179
2024-11-03 09:00:00,-53.92127946666667,-54.852260066666666,-57.623608,-3.7023281688313787
2024-11-03 09:30:00,-87.16614385000001,-74.14324993333334,-87.07508,0.09106297841798039
2024-11-03 10:00:00,-110.07974625,-85.63331001666667,-107.39559,2.6841545141601557
2024-11-03 10:30:00,-132.924449,-97.54761891666668,-127.75003,5.174418482421885
2024-11-03 11:00:00,-137.57475946666668,-117.0965861,-141.58034,-4.005578057747385
2024-11-03 11:30:00,-175.1184183,-131.9119866,-168.23271,6.885706508007814
2024-11-03 12:00:00,-172.9425561666667,-128.49141876666667,-169.51846,3.424093031901066
2024-11-03 12:30:00,-165.03035941666667,-132.6800483,-167.05171,-2.0213526194661426
2024-11-03 13:00:00,-172.98855061666666,-139.84973496666666,-170.77344,2.2151131166666573
2024-11-03 13:30:00,-170.33681105000002,-132.02107049999998,-168.212,2.1248054347656478
2024-11-03 14:00:00,-160.86525099999997,-120.40000215,-157.10695,3.7583021474609097
2024-11-03 14:30:00,-143.13522333333333,-108.65843398333334,-136.37364,6.761581365559891
2024-11-03 15:00:00,-126.59101603333332,-90.99349648333332,-125.66447,0.9265491754231618
2024-11-03 15:30:00,-104.22656935,-71.86734226666667,-101.25764,2.968932326074224
2024-11-03 16:00:00,-78.78032491666667,-56.75528393333334,-78.10229,0.678037624186203
2024-11-03 16:30:00,-49.30480616666667,-35.36300228333334,-51.35617,-2.0513644876302024
2024-11-03 17:00:00,-33.704971783333335,-17.336113299999997,-31.567791,2.137180798225913
2024-11-03 17:30:00,-5.619393383333333,-6.916536116666666,-9.588002,-3.968608821561687
2024-11-03 18:00:00,-1.927598966666667,7.479105099999999,-1.973599,-0.0459999903951005
2024-11-03 18:30:00,4.44259,7.068997066666667,3.1514134,-1.2911765592956543
2024-11-03 19:00:00,5.442738866666667,8.715457916666667,7.2158513,1.7731124402486165
2024-11-03 19:30:00,7.463799416666666,10.323343433333331,7.9602504,0.49645096098836294
2024-11-03 20:00:00,10.676142633333336,13.790206033333334,10.548814,-0.12732881344808256
2024-11-03 20:30:00,11.553404966666667,14.984025699999998,11.746647,0.19324191443684846
2024-11-03 21:00:00,11.0953989,20.64192665,13.727403,2.6320037870727546
2024-11-03 21:30:00,11.890455500000002,18.04123998333333,13.211833,1.3213775001831038
2024-11-03 22:00:00,12.769353833333334,17.35207266666667,12.608045,-0.16130920900472034
2024-11-03 22:30:00,11.4358379,16.807413333333333,13.00763,1.5717924482055672
2024-11-03 23:00:00,14.9839084,17.411459483333335,16.850193,1.86628462368164
2024-11-03 23:30:00,19.011661033333333,18.53767231666667,17.956314,-1.0553469464192702
2024-11-04 00:00:00,18.496592716666665,17.686181566666665,19.221527,0.7249343829427097
2024-11-04 00:30:00,20.89470335,19.48463425,19.718246,-1.1764568900390628
2024-11-04 01:00:00,22.432197116666668,20.457167833333333,19.383299,-3.0488982427653006
2024-11-04 01:30:00,20.11073443333333,19.44416835,20.64047,0.5297360714274113
2024-11-04 02:00:00,18.9439187,23.65105065,20.560383,1.616464143017577
2024-11-04 02:30:00,22.388162233333333,24.3654283,21.214018,-1.1741443652913404
2024-11-04 03:00:00,22.249561616666668,23.909127866666665,19.948103,-2.301458665616863
2024-11-04 03:30:00,20.62412763333333,22.74091815,20.806908,0.18278002047526343
2024-11-04 04:00:00,24.639411266666663,22.990868833333334,23.579008,-1.0604031642496707
2024-11-04 04:30:00,30.46180126666667,22.914018416666668,26.33786,-4.123941159244794
2024-11-04 05:00:00,23.488456716666672,22.940892233333333,22.394873,-1.0935840512613986
2024-11-04 05:30:00,19.4889377,17.006638283333334,18.621922,-0.8670161606933604
2024-11-04 06:00:00,14.090078883333334,12.974953233333332,15.575612,1.4855331848429358
2024-11-04 06:30:00,11.799240500000002,6.381117633333333,12.522042,0.7228017744750961
2024-11-04 07:00:00,8.681431666666667,1.5027811000000002,5.3437114,-3.337720290476481
2024-11-04 07:30:00,-1.4498993666666664,-5.192110516666667,-2.5854378,-1.1355384079915367
2024-11-04 08:00:00,-8.2038233,-13.883384416666669,-9.322105,-1.118282107714844
2024-11-04 08:30:00,-25.596853933333332,-27.227824216666665,-25.359932,0.23692198753255056
2024-11-04 09:00:00,-47.889314866666666,-53.92127946666667,-49.069416,-1.180101179475912
2024-11-04 09:30:00,-58.16921226666667,-87.16614385000001,-59.37487,-1.2056580336262996
2024-11-04 10:00:00,-64.57500271666667,-110.07974625,-67.45578,-2.880777312630201
2024-11-04 10:30:00,-78.88472663333333,-132.924449,-79.18042,-0.29569328854167054
2024-11-04 11:00:00,-88.98672776666666,-137.57475946666668,-88.4019,0.5848265215494735
2024-11-04 11:30:00,-96.70025508333332,-175.1184183,-100.71884,-4.018586469401058
2024-11-04 12:00:00,-105.03714395000002,-172.9425561666667,-105.639885,-0.6027409987304537
2024-11-04 12:30:00,-126.69441796666666,-165.03035941666667,-124.61798,2.076437009635413
2024-11-04 13:00:00,-130.040676,-172.98855061666666,-130.73186,-0.6911812998046969
2024-11-04 13:30:00,-131.79745291666666,-170.33681105000002,-131.1768,0.6206493277994696
2024-11-04 14:00:00,-146.35896273333333,-160.86525099999997,-142.48589,3.873077113216141
2024-11-04 14:30:00,-134.58694996666665,-143.13522333333333,-135.32573,-0.7387794034505362
2024-11-04 15:00:00,-117.91611105,-126.59101603333332,-116.69986,1.2162514308593728
2024-11-04 15:30:00,-105.53735411666666,-104.22656935,-102.534744,3.00260985397135
2024-11-04 16:00:00,-78.70797283333333,-78.78032491666667,-76.54135,2.1666215149739543
2024-11-04 16:30:00,-53.10065526666667,-49.30480616666667,-51.991505,1.1091505974772176
2024-11-04 17:00:00,-30.471402633333337,-33.704971783333335,-31.003853,-0.532450210904944
2024-11-04 17:30:00,-19.612201616666667,-5.619393383333333,-15.534232,4.0779694770792645
2024-11-04 18:00:00,-5.7886360833333335,-1.927598966666667,-3.6132905,2.1753455350087485
2024-11-04 18:30:00,-0.1641011666666666,4.44259,1.9295714,2.0936725568186443
2024-11-04 19:00:00,8.9037571,5.442738866666667,8.401408,-0.5023489045043945
2024-11-04 19:30:00,12.8261961,7.463799416666666,12.893958,0.06776199173583919
2024-11-04 20:00:00,12.499164533333332,10.676142633333336,13.06831,0.5691452506022152
2024-11-04 20:30:00,14.683859366666669,11.553404966666667,15.618577,0.9347176368123353
2024-11-04 21:00:00,13.91166435,11.0953989,14.449418,0.5377537179321283
2024-11-04 21:30:00,12.708569566666666,11.890455500000002,13.692798,0.9842280941609705
2024-11-04 22:00:00,14.761592149999998,12.769353833333334,14.259607,-0.5019848349365219
2024-11-04 22:30:00,13.558698866666669,11.4358379,13.152285,-0.406414244474286
2024-11-04 23:00:00,15.600131016666666,14.9839084,16.41452,0.8143892470052094
2024-11-04 23:30:00,15.909565533333334,19.011661033333333,18.706741,2.797175799674479
2024-11-05 00:00:00,15.518568183333334,18.496592716666665,18.059584,2.5410154806070953
2024-11-05 00:30:00,14.053675983333331,20.89470335,19.00802,4.954344417667645
2024-11-05 01:00:00,13.787169666666664,22.432197116666668,19.450563,5.663393764119469
2024-11-05 01:30:00,16.116248866666666,20.11073443333333,19.50405,3.387800434480795
2024-11-05 02:00:00,15.9949177,18.9439187,20.30427,4.309352090649414
2024-11-05 02:30:00,16.817992083333333,22.388162233333333,21.194872,4.376879819132487
2024-11-05 03:00:00,17.587983983333334,22.249561616666668,21.110586,3.5226021830485017
2024-11-05 03:30:00,16.735898916666667,20.62412763333333,21.02823,4.292331750447591
2024-11-05 04:00:00,21.452371566666667,24.639411266666663,23.23241,1.7800388642415363
2024-11-05 04:30:00,25.43333653333333,30.46180126666667,25.929306,0.49596949694010917
2024-11-05 05:00:00,18.34497625,23.488456716666672,22.06506,3.720083411865236
2024-11-05 05:30:00,19.25172943333333,19.4889377,18.791166,-0.4605631277913389
2024-11-05 06:00:00,14.8798257,14.090078883333334,14.91956,0.03973473243408243
2024-11-05 06:30:00,7.458330533333334,11.799240500000002,8.892067,1.4337364222330722
2024-11-05 07:00:00,1.04211935,8.681431666666667,4.975733,3.9336134533447265
2024-11-05 07:30:00,-9.235795583333331,-1.4498993666666664,-5.488689,3.7471066375630677
2024-11-05 08:00:00,-21.513001083333336,-8.2038233,-18.75343,2.759571670491539
2024-11-05 08:30:00,-40.20959215,-25.596853933333332,-41.660515,-1.4509226815429699
2024-11-05 09:00:00,-51.589551,-47.889314866666666,-54.018635,-2.429083796142578
2024-11-05 09:30:00,-66.08240726666666,-58.16921226666667,-67.023415,-0.9410073451497425
2024-11-05 10:00:00,-73.23444558333334,-64.57500271666667,-75.94836,-2.713911045084629
2024-11-05 10:30:00,-82.83369661666667,-78.88472663333333,-84.14011,-1.3064095845052037
2024-11-05 11:00:00,-84.29071505,-88.98672776666666,-89.15169,-4.86097257207031
2024-11-05 11:30:00,-105.93855438333333,-96.70025508333332,-106.78097,-0.8424133290690179
2024-11-05 12:00:00,-103.5282911,-105.03714395000002,-106.25789,-2.7295976939453084
2024-11-05 12:30:00,-116.40270995,-126.69441796666666,-118.00379,-1.6010818590820293
2024-11-05 13:00:00,-115.18834933333332,-130.040676,-118.22019,-3.0318426222330856
2024-11-05 13:30:00,-115.74016908333334,-131.79745291666666,-119.231636,-3.4914669640299394
2024-11-05 14:00:00,-112.21892896666668,-146.35896273333333,-116.73006,-4.511127796028632
2024-11-05 14:30:00,-95.05411335,-134.58694996666665,-99.4691,-4.414987602148443
2024-11-05 15:00:00,-81.62783051666666,-117.91611105,-86.73773,-5.109901416927087
2024-11-05 15:30:00,-78.15248509999999,-105.53735411666666,-81.091484,-2.938998969824226
2024-11-05 16:00:00,-62.84602061666666,-78.70797283333333,-63.53198,-0.6859579905110778
2024-11-05 16:30:00,-42.74507656666666,-53.10065526666667,-44.16832,-1.4232431354817763
2024-11-05 17:00:00,-25.84078213333333,-30.471402633333337,-26.511156,-0.6703739488199894
2024-11-05 17:30:00,-16.18167675,-19.612201616666667,-14.470449,1.7112273023681652
2024-11-05 18:00:00,-4.8002767,-5.7886360833333335,-3.8291788,0.9710978898803715
2024-11-05 18:30:00,-1.82521395,-0.1641011666666666,0.97785735,2.803071301303101
2024-11-05 19:00:00,3.5370983,8.9037571,5.0935135,1.5564151887695314
2024-11-05 19:30:00,5.034582716666667,12.8261961,9.175288,4.140705483711751
2024-11-05 20:00:00,12.6930643,12.499164533333332,12.015592,-0.6774726786010739
2024-11-05 20:30:00,17.205451733333334,14.683859366666669,13.834127,-3.3713243071858727
2024-11-05 21:00:00,15.111590733333331,13.91166435,13.282406,-1.829184880061847
2024-11-05 21:30:00,13.564718783333332,12.708569566666666,13.995538,0.43081897454020357
2024-11-05 22:00:00,12.34251275,14.761592149999998,13.883233,1.540720320373536
2024-11-05 22:30:00,12.538740666666667,13.558698866666669,13.867028,1.3282875697224927
2024-11-05 23:00:00,14.581134366666667,15.600131016666666,15.826893,1.2457584861165358
2024-11-05 23:30:00,16.462927333333333,15.909565533333334,16.881395,0.4184680066324873
2024-11-06 00:00:00,14.904737833333334,15.518568183333334,16.712154,1.8074165550944006
2024-11-06 00:30:00,15.147219366666668,14.053675983333331,18.084932,2.9377129606038395
2024-11-06 01:00:00,19.111273333333333,13.787169666666664,18.044952,-1.0663209407552081
2024-11-06 01:30:00,17.209819466666666,16.116248866666666,18.039595,0.829775183601889
2024-11-06 02:00:00,17.1848593,15.9949177,18.812798,1.6279382463867194
2024-11-06 02:30:00,16.992959933333335,16.817992083333333,20.778107,3.78514675611979
2024-11-06 03:00:00,15.641333816666666,17.587983983333334,20.247175,4.6058414000081385
2024-11-06 03:30:00,15.319869466666669,16.735898916666667,20.390226,5.070356897469074
2024-11-06 04:00:00,17.386267583333332,21.452371566666667,22.761154,5.3748865914713555
2024-11-06 04:30:00,19.011748216666664,25.43333653333333,24.37194,5.360192396126305
2024-11-06 05:00:00,15.551966633333334,18.34497625,19.634188,4.082221065030923
2024-11-06 05:30:00,9.5901079,19.25172943333333,15.641673,6.051565188073731
2024-11-06 06:00:00,10.25054005,14.8798257,11.872484,1.6219441571533206
2024-11-06 06:30:00,6.60018555,7.458330533333334,6.680463,0.08027728721923832
2024-11-06 07:00:00,2.7989411,1.04211935,3.0189579,0.22001675331726078
2024-11-06 07:30:00,-9.823608466666668,-9.235795583333331,-8.555847,1.267761298697918
2024-11-06 08:00:00,-31.73825995,-21.513001083333336,-27.289509,4.448751130419922
2024-11-06 08:30:00,-48.84426731666667,-40.20959215,-46.47025,2.374018140641276
2024-11-06 09:00:00,-67.14624328333333,-51.589551,-64.391205,2.755038449348959
2024-11-06 09:30:00,-78.50012991666667,-66.08240726666666,-78.53695,-0.03681924104817824
2024-11-06 10:00:00,-96.51626936666666,-73.23444558333334,-96.28195,0.23431746236978768
2024-11-06 10:30:00,-104.7501837,-82.83369661666667,-103.552216,1.1979681238281188
2024-11-06 11:00:00,-113.69273311666667,-84.29071505,-112.518814,1.1739190297526108
2024-11-06 11:30:00,-131.3208555666667,-105.93855438333333,-127.98809,3.332765051529975
2024-11-06 12:00:00,-144.4462461,-103.5282911,-138.9219,5.524340582421871
2024-11-06 12:30:00,-165.23768049999998,-116.40270995,-158.32442,6.9132633857421695
2024-11-06 13:00:00,-162.70694386666665,-115.18834933333332,-160.51588,2.191059467252586
2024-11-06 13:30:00,-129.4181423,-115.74016908333334,-135.15811,-5.7399692722656255
2024-11-06 14:00:00,-109.1347101,-112.21892896666668,-112.46341,-3.3286993238281184
2024-11-06 14:30:00,-103.36263648333332,-95.05411335,-105.05439,-1.6917534702799628
2024-11-06 15:00:00,-86.07860053333333,-81.62783051666666,-87.3837,-1.3050969764322957
2024-11-06 15:30:00,-78.27843221666666,-78.15248509999999,-79.11163,-0.8332010841145916
2024-11-06 16:00:00,-68.0045885,-62.84602061666666,-66.08308,1.9215120229492157
2024-11-06 16:30:00,-46.49137506666667,-42.74507656666666,-49.07561,-2.584236047835283
2024-11-06 17:00:00,-28.09744335,-25.84078213333333,-29.070229,-0.9727852266601573
2024-11-06 17:30:00,-13.9937623,-16.18167675,-12.335055,1.658706948742676
2024-11-06 18:00:00,-5.346752216666666,-4.8002767,-5.7894187,-0.4426664806905114
2024-11-06 18:30:00,-0.3998877833333334,-1.82521395,-1.12623,-0.7263422181162515
2024-11-06 19:00:00,5.726006033333333,3.5370983,4.310743,-1.4152631782613119
2024-11-06 19:30:00,14.231366216666666,5.034582716666667,8.440383,-5.79098325920817
2024-11-06 20:00:00,17.47449995,12.6930643,13.275322,-4.19917798955078
2024-11-06 20:30:00,19.876156166666668,17.205451733333334,15.76041,-4.115745857828777
2024-11-06 21:00:00,17.67374325,15.111590733333331,13.607283,-4.066460611450196
2024-11-06 21:30:00,15.56649,13.564718783333332,12.398681,-3.1678093130493163
2024-11-06 22:00:00,11.546034366666667,12.34251275,13.065786,1.5197519950276686
2024-11-06 22:30:00,11.2751276,12.538740666666667,13.22472,1.9495924012207038
2024-11-06 23:00:00,16.774787183333334,14.581134366666667,16.192297,-0.5824902015218107
2024-11-06 23:30:00,19.468893233333333,16.462927333333333,18.080502,-1.3883916769368483
2024-11-07 00:00:00,19.59068375,14.904737833333334,17.030806,-2.5598781622314455
2024-11-07 00:30:00,20.25480345,15.147219366666668,17.402603,-2.852200300585938
2024-11-07 01:00:00,20.71320683333333,19.111273333333333,18.964802,-1.7484050450032527
2024-11-07 01:30:00,18.261889,17.209819466666666,18.532589,0.27069995874023434
2024-11-07 02:00:00,19.68494395,17.1848593,18.996527,-0.6884172318603525
2024-11-07 02:30:00,19.79106833333333,16.992959933333335,19.923985,0.13291619425455892
2024-11-07 03:00:00,21.6019062,15.641333816666666,18.035686,-3.5662197070800765
2024-11-07 03:30:00,21.359215566666663,15.319869466666669,18.518902,-2.840313741715491
2024-11-07 04:00:00,20.37764395,17.386267583333332,21.817476,1.4398323225830083
2024-11-07 04:30:00,21.056142016666666,19.011748216666664,22.296377,1.2402351653401702
2024-11-07 05:00:00,20.5292989,15.551966633333334,18.324877,-2.2044221147216803
2024-11-07 05:30:00,15.219703166666667,9.5901079,15.154805,-0.06489798325602258
2024-11-07 06:00:00,10.829059283333336,10.25054005,11.995113,1.166054089469398
2024-11-07 06:30:00,6.5507451,6.60018555,8.976248,2.4255026874755856
2024-11-07 07:00:00,0.8432393666666669,2.7989411,4.280961,3.437721670015462
2024-11-07 07:30:00,1.7527749499999998,-9.823608466666668,-0.78927857,-2.542053516837311
2024-11-07 08:00:00,-10.868732683333334,-31.73825995,-10.964387,-0.09565425666910699
2024-11-07 08:30:00,-18.97322945,-48.84426731666667,-21.881948,-2.9087190210693343
2024-11-07 09:00:00,-42.04742281666667,-67.14624328333333,-41.87131,0.17611162892252707
2024-11-07 09:30:00,-56.43452445,-78.50012991666667,-61.006,-4.57147606879883
2024-11-07 10:00:00,-76.08205496666666,-96.51626936666666,-73.36745,2.7146080672525983
2024-11-07 10:30:00,-83.41730658333333,-104.7501837,-79.82694,3.590364139485672
2024-11-07 11:00:00,-88.6162174,-113.69273311666667,-91.23902,-2.6228039012695348
2024-11-07 11:30:00,-94.74382605,-131.3208555666667,-99.39304,-4.649217468066411
2024-11-07 12:00:00,-108.20195648333332,-144.4462461,-114.20103,-5.999070433170587
2024-11-07 12:30:00,-107.54589391666669,-165.23768049999998,-109.11027,-1.564373722493471
2024-11-07 13:00:00,-118.63971501666668,-162.70694386666665,-123.61239,-4.972673594173159
2024-11-07 13:30:00,-106.7223095,-129.4181423,-110.17337,-3.4510608613281306
2024-11-07 14:00:00,-91.5168073,-109.1347101,-99.37207,-7.855263012500004
2024-11-07 14:30:00,-85.36421816666666,-103.36263648333332,-92.52858,-7.164361545247402
2024-11-07 15:00:00,-77.44201565,-86.07860053333333,-88.22138,-10.77936649111328
2024-11-07 15:30:00,-65.6751854,-78.27843221666666,-66.8303,-1.1551139774414025
2024-11-07 16:00:00,-57.42994231666666,-68.0045885,-56.83677,0.5931732126627551
2024-11-07 16:30:00,-34.811161,-46.49137506666667,-39.291603,-4.480442088378908
2024-11-07 17:00:00,-21.24291435,-28.09744335,-22.068085,-0.8251703667968755
2024-11-07 17:30:00,-3.0894632166666667,-13.9937623,-7.7351384,-4.645675199623616
2024-11-07 18:00:00,3.14568345,-5.346752216666666,2.337508,-0.8081754868194579
2024-11-07 18:30:00,10.841620616666669,-0.3998877833333334,5.885744,-4.955876521818036
2024-11-07 19:00:00,14.090063833333334,5.726006033333333,8.116338,-5.973726057149252
2024-11-07 19:30:00,17.5200811,14.231366216666666,14.341249,-3.178831634057616
2024-11-07 20:00:00,19.616175616666663,17.47449995,17.590546,-2.0256299623697878
2024-11-07 20:30:00,22.33777005,19.876156166666668,18.809912,-3.527858322094726
2024-11-07 21:00:00,24.66131775,17.67374325,18.482164,-6.179153367065428
2024-11-07 21:30:00,22.03878215,15.56649,15.362608,-6.676174194067382
2024-11-07 22:00:00,19.486826716666663,11.546034366666667,15.949769,-3.5370576965860963
2024-11-07 22:30:00,16.6541055,11.2751276,14.288361,-2.365744904296875
2024-11-07 23:00:00,20.095632366666667,16.774787183333334,17.559702,-2.535930447111003
2024-11-07 23:30:00,19.690395016666667,19.468893233333333,18.03356,-1.6568352174723309
2024-11-08 00:00:00,19.624594966666667,19.59068375,18.561205,-1.0633900563883465
2024-11-08 00:30:00,19.84354715,20.25480345,19.130854,-0.7126934970458976
2024-11-08 01:00:00,19.224058866666667,20.71320683333333,19.237564,0.013505220247395755
2024-11-08 01:30:00,18.08587595,18.261889,18.407581,0.32170537934570476
2024-11-08 02:00:00,17.456795616666668,19.68494395,19.104532,1.6477366251546215
2024-11-08 02:30:00,16.405277316666666,19.79106833333333,19.546206,3.1409282039632167
2024-11-08 03:00:00,17.5762027,21.6019062,19.976494,2.400291135449219
2024-11-08 03:30:00,19.938496633333333,21.359215566666663,19.729292,-0.20920471743977842
2024-11-08 04:00:00,24.006931100000003,20.37764395,21.39996,-2.6069715357910184
2024-11-08 04:30:00,28.407230066666667,21.056142016666666,23.13515,-5.272079157242839
2024-11-08 05:00:00,19.830979616666667,20.5292989,20.323479,0.49249908206380155
2024-11-08 05:30:00,17.906776616666665,15.219703166666667,15.654691,-2.2520858741739893
2024-11-08 06:00:00,12.6543361,10.829059283333336,13.193059,0.5387228675903319
2024-11-08 06:30:00,13.581968316666666,6.5507451,10.478513,-3.1034555526896153
2024-11-08 07:00:00,3.5408189,0.8432393666666669,1.7399704,-1.8008484543670655
2024-11-08 07:30:00,-12.690991733333334,1.7527749499999998,-6.7506943,5.94029745843099
2024-11-08 08:00:00,-24.3889734,-10.868732683333334,-21.224888,3.1640855520996105
2024-11-08 08:30:00,-36.32144156666667,-18.97322945,-34.358955,1.9624861833658898
2024-11-08 09:00:00,-53.05873776666667,-42.04742281666667,-51.008736,2.0500021099283856
2024-11-08 09:30:00,-64.67011566666666,-56.43452445,-67.05715,-2.387036127766933
2024-11-08 10:00:00,-81.64049501666666,-76.08205496666666,-80.94152,0.6989743257486936
2024-11-08 10:30:00,-83.23811061666667,-83.41730658333333,-81.82649,1.4116183070963615
2024-11-08 11:00:00,-111.31020373333332,-88.6162174,-111.7851,-0.47489911090495696
2024-11-08 11:30:00,-135.59745841666668,-94.74382605,-133.62485,1.972611004557308
2024-11-08 12:00:00,-162.78863996666666,-108.20195648333332,-152.96622,9.82242292565104
2024-11-08 12:30:00,-146.28939825,-107.54589391666669,-143.42079,2.8686066240234425
2024-11-08 13:00:00,-161.63379998333332,-118.63971501666668,-158.95142,2.6823839677083186
2024-11-08 13:30:00,-168.18604668333333,-106.7223095,-157.61874,10.567302786848956
2024-11-08 14:00:00,-149.7166938833333,-91.5168073,-146.88986,2.8268318227864313
2024-11-08 14:30:00,-137.42818221666667,-85.36421816666666,-128.84903,8.579152675651045
2024-11-08 15:00:00,-114.33104825,-77.44201565,-110.075874,4.255173921386714
2024-11-08 15:30:00,-95.64691448333332,-65.6751854,-92.0182,3.6287107479817564
2024-11-08 16:00:00,-82.42983158333332,-57.42994231666666,-78.255905,4.173926431966137
2024-11-08 16:30:00,-57.39808718333333,-34.811161,-56.322693,1.075394312239581
2024-11-08 17:00:00,-43.71396051666667,-21.24291435,-36.376842,7.33711801788737
2024-11-08 17:30:00,-23.236476666666665,-3.0894632166666667,-14.365494,8.870982892252602
2024-11-08 18:00:00,-11.544736616666668,3.14568345,-4.232606,7.312130682523602
2024-11-08 18:30:00,-4.008436633333333,10.841620616666669,-0.63081145,3.3776251804677324
2024-11-08 19:00:00,1.617551833333333,14.090063833333334,5.7338824,4.116330593882243
2024-11-08 19:30:00,9.487034483333334,17.5200811,10.31327,0.8262351318400061
2024-11-08 20:00:00,13.982228400000002,19.616175616666663,14.519696,0.5374678356567362
2024-11-08 20:30:00,15.563964933333333,22.33777005,16.057,0.493034273209636
2024-11-08 21:00:00,16.519897716666666,24.66131775,17.311722,0.7918240850911467
2024-11-08 21:30:00,14.58561175,22.03878215,16.937206,2.351594518310547
2024-11-08 22:00:00,14.882519316666666,19.486826716666663,14.596059,-0.28646047114664697
2024-11-08 22:30:00,15.045706133333333,16.6541055,15.745987,0.7002808051432297
2024-11-08 23:00:00,15.859889383333334,20.095632366666667,17.64561,1.785721425992838
2024-11-08 23:30:00,18.23008663333333,19.690395016666667,17.676634,-0.5534527984944617
2024-11-09 00:00:00,16.253058433333333,19.624594966666667,18.062422,1.8093633653727217
2024-11-09 00:30:00,15.533482116666669,19.84354715,18.8576,3.324117141756183
2024-11-09 01:00:00,16.148997783333332,19.224058866666667,18.957943,2.8089451793131524
2024-11-09 01:30:00,18.296223883333333,18.08587595,18.759691,0.46346735506998726
2024-11-09 02:00:00,18.527043466666665,17.456795616666668,18.96921,0.4421662043538426
2024-11-09 02:30:00,20.18392115,16.405277316666666,18.899982,-1.2839386976074216
2024-11-09 03:00:00,20.030268916666667,17.5762027,20.127634,0.09736513179524664
2024-11-09 03:30:00,18.6123817,19.938496633333333,20.07196,1.4595787492187497
2024-11-09 04:00:00,18.946336616666667,24.006931100000003,20.345854,1.3995171888753255
2024-11-09 04:30:00,23.124526783333334,28.407230066666667,22.154125,-0.9704015697102868
2024-11-09 05:00:00,22.397447666666665,19.830979616666667,20.081118,-2.316330036661782
2024-11-09 05:30:00,15.3483337,17.906776616666665,17.668924,2.3205906316650395
2024-11-09 06:00:00,8.733816116666667,12.6543361,11.11883,2.385013610506185
2024-11-09 06:30:00,8.927933283333333,13.581968316666666,7.6337953,-1.2941380219502765
2024-11-09 07:00:00,-5.32559935,3.5408189,-0.58408225,4.741517104173279
2024-11-09 07:30:00,-14.790326633333336,-12.690991733333334,-9.575104,5.215222873567711
2024-11-09 08:00:00,-24.834322683333337,-24.3889734,-23.786156,1.048166982649743
2024-11-09 08:30:00,-40.90798938333334,-36.32144156666667,-40.012405,0.8955839878255247
2024-11-09 09:00:00,-60.43723873333334,-53.05873776666667,-58.766308,1.670930902522791
2024-11-09 09:30:00,-74.41423396666666,-64.67011566666666,-73.42683,0.987407489615876
2024-11-09 10:00:00,-69.20151109999999,-81.64049501666666,-70.64862,-1.4471095054687595
2024-11-09 10:30:00,-72.57329374999999,-83.23811061666667,-78.20821,-5.634920056152353
2024-11-09 11:00:00,-86.15885828333334,-111.31020373333332,-90.389595,-4.2307367484049365
2024-11-09 11:30:00,-104.80123106666667,-135.59745841666668,-109.819855,-5.0186236696614515
2024-11-09 12:00:00,-121.68228553333334,-162.78863996666666,-123.65487,-1.9725835462565016
2024-11-09 12:30:00,-139.26461775,-146.28939825,-138.61874,0.6458738535156385
2024-11-09 13:00:00,-133.5480318,-161.63379998333332,-130.86626,2.6817750861328022
2024-11-09 13:30:00,-121.15987106666668,-168.18604668333333,-122.71706,-1.5571852077473807
2024-11-09 14:00:00,-109.29146285,-149.7166938833333,-114.46843,-5.1769667154296855
2024-11-09 14:30:00,-98.02302041666668,-137.42818221666667,-100.42299,-2.39996847493488
2024-11-09 15:00:00,-90.35022786666669,-114.33104825,-90.79514,-0.4449152607747209
2024-11-09 15:30:00,-79.7018112,-95.64691448333332,-80.6092,-0.9073883239257867
2024-11-09 16:00:00,-63.93497166666666,-82.42983158333332,-66.55088,-2.615908765462244
2024-11-09 16:30:00,-43.04028455,-57.39808718333333,-43.50265,-0.46236666459960674
2024-11-09 17:00:00,-28.538411666666665,-43.71396051666667,-30.829323,-2.2909111482747413
2024-11-09 17:30:00,-22.98573453333333,-23.236476666666665,-19.968655,3.017079900764969
2024-11-09 18:00:00,-11.991415616666666,-11.544736616666668,-8.635,3.35641538778483
2024-11-09 18:30:00,6.939865016666666,-4.008436633333333,4.4625645,-2.4773005482828774
2024-11-09 19:00:00,8.08085795,1.617551833333333,9.080484,0.9996264402587887
2024-11-09 19:30:00,16.904245016666668,9.487034483333334,12.9995365,-3.904708502384441
2024-11-09 20:00:00,20.8350221,13.982228400000002,16.435772,-4.399250157861328
2024-11-09 20:30:00,24.47964435,15.563964933333333,16.550346,-7.929297975488282
2024-11-09 21:00:00,23.251046733333336,16.519897716666666,18.806885,-4.444161967708336
2024-11-09 21:30:00,20.819499383333333,14.58561175,17.077057,-3.7424424985677085
2024-11-09 22:00:00,22.1939133,14.882519316666666,16.01813,-6.175783951245116
2024-11-09 22:30:00,18.107288866666668,15.045706133333333,15.733049,-2.3742394739664725
2024-11-09 23:00:00,16.712903866666668,15.859889383333334,16.057766,-0.6551379059733087
2024-11-09 23:30:00,17.94050335,18.23008663333333,17.979986,0.039482840795898255
2024-11-10 00:00:00,14.391780083333336,16.253058433333333,17.201044,2.809263999308266
2024-11-10 00:30:00,18.66094383333333,15.533482116666669,16.332754,-2.328189698201495
2024-11-10 01:00:00,16.84198325,16.148997783333332,17.836664,0.9946809498291032
2024-11-10 01:30:00,18.838964533333336,18.296223883333333,17.818724,-1.0202408547444684
2024-11-10 02:00:00,17.042671116666668,18.527043466666665,18.289461,1.24679001919759
2024-11-10 02:30:00,18.977557066666662,20.18392115,19.143242,0.16568481565755633
2024-11-10 03:00:00,19.567979366666663,20.030268916666667,19.422577,-0.1454024623697876
2024-11-10 03:30:00,18.399280216666668,18.6123817,18.993467,0.5941871142659494
2024-11-10 04:00:00,23.624342783333333,18.946336616666667,20.746601,-2.8777416785970047
2024-11-10 04:30:00,26.6086895,23.124526783333334,21.938843,-4.6698467265625005
2024-11-10 05:00:00,18.54755828333333,22.397447666666665,19.541843,0.9942851309733101
2024-11-10 05:30:00,14.6456544,15.3483337,15.117054,0.4713995855957034
2024-11-10 06:00:00,8.830717083333333,8.733816116666667,10.255883,1.425166133524577
2024-11-10 06:30:00,2.0814561833333336,8.927933283333333,6.8059564,4.724500180344645
2024-11-10 07:00:00,-2.4013651,-5.32559935,-2.5860853,-0.18472021951904294
2024-11-10 07:30:00,-18.21755835,-14.790326633333336,-13.730832,4.48672625008545
2024-11-10 08:00:00,-31.721907216666665,-24.834322683333337,-26.063822,5.658085424064126
2024-11-10 08:30:00,-56.969696166666665,-40.90798938333334,-54.116447,2.8532487179361965
2024-11-10 09:00:00,-76.1029506,-60.43723873333334,-64.88272,11.220229652734375
2024-11-10 09:30:00,-86.31702266666666,-74.41423396666666,-81.44635,4.870672569010409
2024-11-10 10:00:00,-109.40035396666669,-69.20151109999999,-99.10277,10.297586022330748
2024-11-10 10:30:00,-132.9898684,-72.57329374999999,-124.58767,8.402199027441412
2024-11-10 11:00:00,-151.2053978,-86.15885828333334,-138.16867,13.03672714570311
2024-11-10 11:30:00,-165.55003725,-104.80123106666667,-155.91823,9.63180910058594
2024-11-10 12:00:00,-170.60818830000002,-121.68228553333334,-164.24776,6.360431341992211
2024-11-10 12:30:00,-171.37630336666666,-139.26461775,-165.32735,6.048956564908849
2024-11-10 13:00:00,-172.61600768333332,-133.5480318,-165.99646,6.619547722395822
2024-11-10 13:30:00,-165.67120653333333,-121.15987106666668,-162.93243,2.738772451302083
2024-11-10 14:00:00,-157.09842275000003,-109.29146285,-143.82,13.278415425781276
2024-11-10 14:30:00,-136.31361841666669,-98.02302041666668,-132.78658,3.5270430992838726
2024-11-10 15:00:00,-120.59012885,-90.35022786666669,-112.22657,8.363558720605468
2024-11-10 15:30:00,-95.13929885,-79.7018112,-90.885376,4.253922873437503
2024-11-10 16:00:00,-78.80458293333334,-63.93497166666666,-75.28093,3.5236533679036484
2024-11-10 16:30:00,-57.99184708333333,-43.04028455,-55.901722,2.09012512898763
2024-11-10 17:00:00,-37.94079331666666,-28.538411666666665,-31.760216,6.180577557389313
2024-11-10 17:30:00,-22.65699345,-22.98573453333333,-20.83015,1.8268428457519548
2024-11-10 18:00:00,-13.96468495,-11.991415616666666,-10.164116,3.800569044238282
2024-11-10 18:30:00,-4.460099416666666,6.939865016666666,0.7269662,5.18706561892573
2024-11-10 19:00:00,1.1039061333333338,8.08085795,6.441169,5.337262651761881
2024-11-10 19:30:00,5.872158416666667,16.904245016666668,10.91598,5.043821922383626
2024-11-10 20:00:00,10.882834866666668,20.8350221,14.2698965,3.3870616405965155
2024-11-10 20:30:00,13.474043366666663,24.47964435,16.643559,3.1695151355306024
2024-11-10 21:00:00,17.823422116666666,23.251046733333336,17.304434,-0.5189882940348305
2024-11-10 21:30:00,20.43795245,20.819499383333333,17.099781,-3.338171413623048
2024-11-10 22:00:00,17.370705216666668,22.1939133,15.87783,-1.4928756649698904
2024-11-10 22:30:00,16.013061683333333,18.107288866666668,15.615444,-0.3976174999837241
2024-11-10 23:00:00,16.698664516666664,16.712903866666668,16.452644,-0.24602016852213282
2024-11-10 23:30:00,19.77993725,17.94050335,17.077852,-2.702085000854492
2024-11-11 00:00:00,19.580732183333332,14.391780083333336,17.68746,-1.893272237654621
2024-11-11 00:30:00,19.216753883333336,18.66094383333333,19.172318,-0.044436378450523506
2024-11-11 01:00:00,18.79732338333333,16.84198325,18.99618,0.19885619735514481
2024-11-11 01:30:00,21.710323766666665,18.838964533333336,19.98377,-1.7265533961832666
2024-11-11 02:00:00,22.81626345,17.042671116666668,19.688238,-3.1280253060791026
2024-11-11 02:30:00,23.47902051666667,18.977557066666662,20.424366,-3.0546545193522157
2024-11-11 03:00:00,21.213383983333333,19.567979366666663,20.10567,-1.1077130543782552
2024-11-11 03:30:00,21.185754466666666,18.399280216666668,20.041739,-1.1440159565348296
2024-11-11 04:00:00,26.08603438333333,23.624342783333333,22.700403,-3.3856311698323545
2024-11-11 04:30:00,30.721163983333337,26.6086895,25.008978,-5.712186093318689
2024-11-11 05:00:00,20.577035533333333,18.54755828333333,21.880577,1.3035415540690103
2024-11-11 05:30:00,15.300586733333333,14.6456544,17.701847,2.401260343082683
2024-11-11 06:00:00,10.32629735,8.830717083333333,12.805681,2.4793838786376945
2024-11-11 06:30:00,9.020197883333331,2.0814561833333336,9.378858,0.3586597292765319
2024-11-11 07:00:00,7.817327266666667,-2.4013651,3.495995,-4.321332221958415
2024-11-11 07:30:00,-1.081673133333333,-18.21755835,-6.8618264,-5.780153286496989
2024-11-11 08:00:00,-11.801473783333334,-31.721907216666665,-17.017605,-5.2161310445475255
2024-11-11 08:30:00,-27.4220401,-56.969696166666665,-34.85832,-7.436278228857422
2024-11-11 09:00:00,-47.6432633,-76.1029506,-50.37937,-2.7361083430664053
2024-11-11 09:30:00,-66.71155278333333,-86.31702266666666,-68.10611,-1.3945568358072933
2024-11-11 10:00:00,-80.86303458333333,-109.40035396666669,-79.054306,1.8087285530598933
2024-11-11 10:30:00,-89.11553378333333,-132.9898684,-91.24768,-2.1321468807291666
2024-11-11 11:00:00,-100.92734885,-151.2053978,-102.51176,-1.584408046972655
2024-11-11 11:30:00,-100.57766386666668,-165.55003725,-104.09341,-3.515742810579411
2024-11-11 12:00:00,-102.61760275,-170.60818830000002,-111.10109,-8.48348672753906
2024-11-11 12:30:00,-106.41808166666668,-171.37630336666666,-112.314316,-5.8962341292317575
2024-11-11 13:00:00,-110.5036472,-172.61600768333332,-114.463806,-3.960158952343747
2024-11-11 13:30:00,-105.3398905,-165.67120653333333,-110.41842,-5.078528384277348
2024-11-11 14:00:00,-100.91736448333334,-157.09842275000003,-107.244736,-6.327371234440093
2024-11-11 14:30:00,-84.64907596666667,-136.31361841666669,-98.60508,-13.956003684212234
2024-11-11 15:00:00,-73.87338226666667,-120.59012885,-79.34098,-5.467598263118489
2024-11-11 15:30:00,-53.78405398333334,-95.13929885,-61.76288,-7.978824434635413
2024-11-11 16:00:00,-38.67667623333333,-78.80458293333334,-46.83254,-8.155862371402996
2024-11-11 16:30:00,-23.1157813,-57.99184708333333,-34.082592,-10.966810710498049
2024-11-11 17:00:00,-13.438957783333334,-37.94079331666666,-22.057928,-8.618970301993814
2024-11-11 17:30:00,-2.09639495,-22.65699345,-13.441254,-11.344858712109374
2024-11-11 18:00:00,2.662525516666667,-13.96468495,-6.0741043,-8.736629825748699
2024-11-11 18:30:00,6.91494055,-4.460099416666666,3.2629883,-3.651952221066284
2024-11-11 19:00:00,17.773393416666668,1.1039061333333338,8.569065,-9.204328322672527
2024-11-11 19:30:00,17.400678850000002,5.872158416666667,10.777786,-6.6228925951171895
2024-11-11 20:00:00,15.13934055,10.882834866666668,15.336813,0.19747242302246093
2024-11-11 20:30:00,17.897585566666667,13.474043366666663,18.79464,0.897054020735677
2024-11-11 21:00:00,14.543465633333334,17.823422116666666,18.430714,3.8872480202311195
2024-11-11 21:30:00,15.427511583333334,20.43795245,17.837372,2.4098602428385405
2024-11-11 22:00:00,19.3748101,17.370705216666668,18.415306,-0.9595040086914075
2024-11-11 22:30:00,20.116806083333334,16.013061683333333,16.927519,-3.1892872387288413
2024-11-11 23:00:00,22.238484033333336,16.698664516666664,18.481934,-3.756550439583336
2024-11-11 23:30:00,24.54314055,19.77993725,19.926754,-4.616386552197266
2024-11-12 00:00:00,21.75446893333333,19.580732183333332,18.606373,-3.1480961000813785
2024-11-12 00:30:00,21.166381116666667,19.216753883333336,18.606373,-2.5600082834147138
2024-11-12 01:00:00,19.60451073333333,18.79732338333333,18.872095,-0.7324156253011047
2024-11-12 01:30:00,20.065815500000003,21.710323766666665,19.80312,-0.2626958405761748
2024-11-12 02:00:00,19.936581683333333,22.81626345,20.08503,0.1484479187174479
2024-11-12 02:30:00,19.75571835,23.47902051666667,19.887442,0.1317232851318373
2024-11-12 03:00:00,20.57225325,21.213383983333333,19.867619,-0.7046346892089836
2024-11-12 03:30:00,23.28326325,21.185754466666666,19.440834,-3.8424292045898447
2024-11-12 04:00:00,20.69352665,26.08603438333333,22.513817,1.8202901834960947
2024-11-12 04:30:00,21.70142445,30.721163983333337,25.837854,4.1364299353759755
2024-11-12 05:00:00,20.47292155,20.577035533333333,21.431477,0.9585550430175793
2024-11-12 05:30:00,20.237746583333333,15.300586733333333,16.409672,-3.8280747998860676
2024-11-12 06:00:00,17.672821850000002,10.32629735,12.648351,-5.024471134362795
2024-11-12 06:30:00,10.596648916666666,9.020197883333331,9.462336,-1.1343133301188146
2024-11-12 07:00:00,9.317787866666666,7.817327266666667,5.500347,-3.8174407292154946
2024-11-12 07:30:00,0.197825533333333,-1.081673133333333,-3.2167492,-3.4145747246175127
2024-11-12 08:00:00,-12.822504,-11.801473783333334,-17.445154,-4.622650190063476
2024-11-12 08:30:00,-30.823807483333336,-27.4220401,-30.982256,-0.1584484523356089
2024-11-12 09:00:00,-39.59460943333334,-47.6432633,-47.905308,-8.310698336442051
2024-11-12 09:30:00,-60.9427278,-66.71155278333333,-68.69533,-7.752599958789062
2024-11-12 10:00:00,-78.70183945000001,-80.86303458333333,-77.251,1.4508399993164147
2024-11-12 10:30:00,-88.22573998333333,-89.11553378333333,-88.72668,-0.5009369575846421
2024-11-12 11:00:00,-95.61894838333336,-100.92734885,-96.87956,-1.2606139945963264
2024-11-12 11:30:00,-107.86026275,-100.57766386666668,-108.44771,-0.5874453798828085
2024-11-12 12:00:00,-115.77770383333336,-102.61760275,-117.981476,-2.203771996744763
2024-11-12 12:30:00,-124.56296225,-106.41808166666668,-120.486626,4.0763365786132795
2024-11-12 13:00:00,-118.24743495,-110.5036472,-116.892395,1.3550399304687488
2024-11-12 13:30:00,-114.24899838333332,-105.3398905,-115.44082,-1.1918204032877782
2024-11-12 14:00:00,-101.00028501666668,-100.91736448333334,-105.42763,-4.427342546809882
2024-11-12 14:30:00,-91.35786541666666,-84.64907596666667,-92.60054,-1.2426747444661572
2024-11-12 15:00:00,-77.3044237,-73.87338226666667,-77.68791,-0.38348828730468654
2024-11-12 15:30:00,-61.73592168333334,-53.78405398333334,-62.178734,-0.442812142350256
2024-11-12 16:00:00,-49.156167116666666,-38.67667623333333,-53.51373,-4.357561978792319
2024-11-12 16:30:00,-32.11101061666667,-23.1157813,-31.76196,0.34905154073893385
2024-11-12 17:00:00,-22.18374843333333,-13.438957783333334,-23.16567,-0.9819219615641295
2024-11-12 17:30:00,-10.1057305,-2.09639495,-11.48807,-1.3823390343017579
2024-11-12 18:00:00,-2.484462933333333,2.662525516666667,0.30264884,2.7871117756680803
2024-11-12 18:30:00,3.8777388,6.91494055,4.991874,1.1141354179870606
2024-11-12 19:00:00,9.923260216666668,17.773393416666668,10.608517,0.6852564764485667
2024-11-12 19:30:00,13.645507733333334,17.400678850000002,12.168614,-1.4768933458211269
2024-11-12 20:00:00,13.09163395,15.13934055,15.84267,2.751036490673828
2024-11-12 20:30:00,18.63247601666667,17.897585566666667,19.882235,1.2497585566975893
2024-11-12 21:00:00,18.910980516666665,14.543465633333334,17.47753,-1.4334509909098294
2024-11-12 21:30:00,20.32616296666667,15.427511583333334,17.698547,-2.6276156033854186
2024-11-12 22:00:00,25.24685115,19.3748101,18.118982,-7.127868834936525
2024-11-12 22:30:00,19.394937183333337,20.116806083333334,18.069061,-1.3258759040364616
2024-11-12 23:00:00,22.7615316,22.238484033333336,19.577944,-3.1835877981201186
2024-11-12 23:30:00,27.0467955,24.54314055,19.867308,-7.179487837036135
2024-11-13 00:00:00,23.258043366666666,21.75446893333333,19.110935,-4.147108155485025
2024-11-13 00:30:00,22.546971016666664,21.166381116666667,18.789904,-3.7570673759195934
2024-11-13 01:00:00,24.42511325,19.60451073333333,19.946,-4.4791141044921865
2024-11-13 01:30:00,23.179785483333333,20.065815500000003,20.58769,-2.5920951299397785
2024-11-13 02:00:00,23.05028833333333,19.936581683333333,20.407356,-2.6429320711262996
2024-11-13 02:30:00,23.383446083333336,19.75571835,20.71513,-2.668316231038414
2024-11-13 03:00:00,23.877638216666668,20.57225325,21.081738,-2.795900698356121
2024-11-13 03:30:00,24.348892816666662,23.28326325,21.61954,-2.7293535558024047
2024-11-13 04:00:00,25.035850666666665,20.69352665,23.25525,-1.780599735880532
2024-11-13 04:30:00,25.450091083333334,21.70142445,23.094294,-2.355797488972982
2024-11-13 05:00:00,19.5414567,20.47292155,19.725462,0.18400525983886595
2024-11-13 05:30:00,15.97631105,20.237746583333333,18.00936,2.0330483097412113
2024-11-13 06:00:00,19.88263333333333,17.672821850000002,14.86877,-5.013863687642413
2024-11-13 06:30:00,14.530397233333334,10.596648916666666,11.39688,-3.133517083492025
2024-11-13 07:00:00,10.491500066666667,9.317787866666666,8.427511,-2.063988851456706
2024-11-13 07:30:00,8.966438483333333,0.197825533333333,6.4470754,-2.5193631163594556
2024-11-13 08:00:00,3.079101783333334,-12.822504,-1.458554,-4.5376558127980555
2024-11-13 08:30:00,-4.893800016666667,-30.823807483333336,-13.591953,-8.698153260921224
2024-11-13 09:00:00,-11.79850955,-39.59460943333334,-17.99225,-6.1937408925048825
2024-11-13 09:30:00,-30.549203950000003,-60.9427278,-33.10528,-2.556077879833982
2024-11-13 10:00:00,-39.0012712,-78.70183945000001,-48.33946,-9.338187265576174
2024-11-13 10:30:00,-64.93001,-88.22573998333333,-70.841995,-5.911985239257817
2024-11-13 11:00:00,-79.96502265,-95.61894838333336,-86.97078,-7.005756768945318
2024-11-13 11:30:00,-92.77319381666666,-107.86026275,-97.85279,-5.079597015852869
2024-11-13 12:00:00,-132.7161883,-115.77770383333336,-123.220665,9.495523321972655
2024-11-13 12:30:00,-110.24099288333332,-124.56296225,-116.43628,-6.19528641354168
2024-11-13 13:00:00,-115.79818953333334,-118.24743495,-116.267715,-0.46952592076821986
2024-11-13 13:30:00,-117.1012855,-114.24899838333332,-119.69509,-2.5938057475585907
2024-11-13 14:00:00,-132.5893022333333,-101.00028501666668,-126.08938,6.49992387639972
2024-11-13 14:30:00,-111.4662923,-91.35786541666666,-109.51167,1.9546193263671938
2024-11-13 15:00:00,-101.5238111,-77.3044237,-89.97095,11.552863834375003
2024-11-13 15:30:00,-88.13522426666667,-61.73592168333334,-81.91674,6.2184838491862
2024-11-13 16:00:00,-75.72717571666666,-49.156167116666666,-68.0504,7.676775936393227
2024-11-13 16:30:00,-59.156471683333336,-32.11101061666667,-48.896984,10.25948758299154
2024-11-13 17:00:00,-37.01977948333333,-22.18374843333333,-29.307951,7.711828509822588
2024-11-13 17:30:00,-12.001072766666669,-10.1057305,-16.334328,-4.333254931087238
2024-11-13 18:00:00,-2.3235789,-2.484462933333333,-5.144749,-2.821170264581299
2024-11-13 18:30:00,7.92279015,3.8777388,4.240935,-3.6818553012145996
2024-11-13 19:00:00,7.2775977,9.923260216666668,8.871908,1.5943104878662107
2024-11-13 19:30:00,8.9069,13.645507733333334,12.744023,3.8371233230590818
2024-11-13 20:00:00,12.967803350000002,13.09163395,16.59739,3.629585871191404
2024-11-13 20:30:00,19.9704463,18.63247601666667,18.295427,-1.6750189776123037
2024-11-13 21:00:00,17.108019933333335,18.910980516666665,18.008635,0.9006146339274075
2024-11-13 21:30:00,17.9674867,20.32616296666667,18.47996,0.5124727879150406
2024-11-13 22:00:00,19.219997783333334,25.24685115,18.885529,-0.33446921888020853
2024-11-13 22:30:00,15.459975483333332,19.394937183333337,18.836283,3.3763072467692066
2024-11-13 23:00:00,20.104277616666664,22.7615316,20.25836,0.15408229239095306
2024-11-13 23:30:00,24.19457608333333,27.0467955,21.619835,-2.5747411834309872
2024-11-14 00:00:00,22.20047325,23.258043366666666,20.861752,-1.3387216936035173
2024-11-14 00:30:00,20.73033338333333,22.546971016666664,20.147598,-0.5827351167317687
2024-11-14 01:00:00,22.24535985,24.42511325,19.759453,-2.485907030175781
2024-11-14 01:30:00,18.3875017,23.179785483333333,19.744526,1.3570242094238267
2024-11-14 02:00:00,18.800137733333333,23.05028833333333,20.5057,1.7055614243815107
2024-11-14 02:30:00,19.04234965,23.383446083333336,20.436697,1.3943473562255875
2024-11-14 03:00:00,19.035835483333333,23.877638216666668,19.760904,0.7250688288004561
2024-11-14 03:30:00,21.36025623333333,24.348892816666662,21.955854,0.5955981825602237
2024-11-14 04:00:00,20.15371345,25.035850666666665,22.072441,1.9187276510742173
2024-11-14 04:30:00,21.650212816666667,25.450091083333334,22.478785,0.82857174449056
2024-11-14 05:00:00,20.30577663333333,19.5414567,19.106432,-1.1993446722737602
2024-11-14 05:30:00,12.780647783333334,15.97631105,16.32069,3.5400423716959626
2024-11-14 06:00:00,13.134416133333334,19.88263333333333,15.099719,1.9653029142130531
2024-11-14 06:30:00,6.3482026000000005,14.530397233333334,9.60479,3.2565871338867183
2024-11-14 07:00:00,-1.5762654166666668,10.491500066666667,4.399654,5.975919328257243
2024-11-14 07:30:00,-4.234362266666666,8.966438483333333,-5.917857,-1.6834949034383149
2024-11-14 08:00:00,-15.982128966666666,3.079101783333334,-12.773686,3.208442557670084
2024-11-14 08:30:00,-24.106611200000003,-4.893800016666667,-26.789846,-2.6832352202880827
2024-11-14 09:00:00,-42.432847216666666,-11.79850955,-42.36852,0.06432838732096258
2024-11-14 09:30:00,-52.916369333333336,-30.549203950000003,-55.541092,-2.624722585611977
2024-11-14 10:00:00,-71.42862618333334,-39.0012712,-72.65397,-1.2253426277018207
2024-11-14 10:30:00,-84.7617899,-64.93001,-83.80572,0.9560724317382778
2024-11-14 11:00:00,-101.61882935,-79.96502265,-99.59153,2.0272995038085924
2024-11-14 11:30:00,-134.6798718,-92.77319381666666,-132.29073,2.3891460919921883
2024-11-14 12:00:00,-152.32083179999998,-132.7161883,-147.41933,4.901505017773417
2024-11-14 12:30:00,-157.31282951666665,-110.24099288333332,-146.10384,11.20899345709634
2024-11-14 13:00:00,-149.39677548333336,-115.79818953333334,-147.21065,2.1861279003255447
2024-11-14 13:30:00,-153.49140951666666,-117.1012855,-147.08392,6.407486176822914
2024-11-14 14:00:00,-160.5519366166667,-132.5893022333333,-151.10597,9.445964326627632
2024-11-14 14:30:00,-139.88275151666667,-111.4662923,-125.63777,14.24497991022136
2024-11-14 15:00:00,-118.44501546666667,-101.5238111,-108.994675,9.450340784049487
2024-11-14 15:30:00,-95.84930838333334,-88.13522426666667,-91.510216,4.3390926240559935
2024-11-14 16:00:00,-77.31825941666666,-75.72717571666666,-74.0672,3.2510597096354132
2024-11-14 16:30:00,-57.588809950000005,-59.156471683333336,-54.243587,3.345222456103521
2024-11-14 17:00:00,-34.614758849999994,-37.01977948333333,-33.58324,1.031518340966791
2024-11-14 17:30:00,-17.7146296,-12.001072766666669,-14.106662,3.6079678034301743
2024-11-14 18:00:00,-2.5974233166666667,-2.3235789,-3.7208483,-1.1234250052480061
2024-11-14 18:30:00,1.045879583333333,7.92279015,5.018493,3.972613592173259
2024-11-14 19:00:00,5.43308175,7.2775977,9.079311,3.646229620849609
2024-11-14 19:30:00,12.985533983333331,8.9069,12.598416,-0.38711765490315564
2024-11-14 20:00:00,16.28739775,12.967803350000002,15.565761,-0.7216371375122073
2024-11-14 20:30:00,14.712935166666668,19.9704463,17.23422,2.5212853380940743
2024-11-14 21:00:00,15.87675735,17.108019933333335,19.172176,3.2954190110839843
2024-11-14 21:30:00,19.1895473,17.9674867,18.64557,-0.5439765449951182
2024-11-14 22:00:00,16.215630633333333,19.219997783333334,18.816618,2.600987332364909
2024-11-14 22:30:00,15.734719566666667,15.459975483333332,16.104143,0.3694235760335278
2024-11-14 23:00:00,22.179050516666667,20.104277616666664,20.693079,-1.4859715219156904
2024-11-14 23:30:00,21.578668266666668,24.19457608333333,22.28765,0.7089808879964181
2024-11-15 00:00:00,16.464218733333333,22.20047325,20.48836,4.024140717960613
2024-11-15 00:30:00,17.69532395,20.73033338333333,20.726822,3.0314979494140637
2024-11-15 01:00:00,19.68568055,22.24535985,20.789864,1.1041830364257805
2024-11-15 01:30:00,18.38951173333333,18.3875017,19.749065,1.359553665836593
2024-11-15 02:00:00,18.869223816666665,18.800137733333333,19.78595,0.9167258903645852
2024-11-15 02:30:00,20.51786215,19.04234965,20.135225,-0.3826368539794913
2024-11-15 03:00:00,18.491760433333333,19.035835483333333,20.675398,2.1836374395914717
2024-11-15 03:30:00,17.861029316666666,21.36025623333333,21.798328,3.9372990829915366
2024-11-15 04:00:00,19.277510016666668,20.15371345,21.257456,1.9799458091389965
2024-11-15 04:30:00,19.40327665,21.650212816666667,22.185799,2.7825219950195326
2024-11-15 05:00:00,20.461934483333334,20.30577663333333,19.956505,-0.5054296615559899
2024-11-15 05:30:00,15.0096866,12.780647783333334,15.366615,0.35692869541015604
2024-11-15 06:00:00,11.411201616666666,13.134416133333334,12.904901,1.4936989341756188
2024-11-15 06:30:00,10.23695065,6.3482026000000005,10.668867,0.431916461206054
2024-11-15 07:00:00,-2.9356883833333334,-1.5762654166666668,2.3077018,5.243390209428915
2024-11-15 07:30:00,-9.548539433333334,-4.234362266666666,-8.204414,1.3441250656575523
2024-11-15 08:00:00,-15.95712555,-15.982128966666666,-16.693253,-0.7361270134765618
2024-11-15 08:30:00,-40.21744938333334,-24.106611200000003,-39.019188,1.1982614560872449
2024-11-15 09:00:00,-53.75793653333333,-42.432847216666666,-51.193184,2.5647526344075473
2024-11-15 09:30:00,-71.35576335,-52.916369333333336,-69.26052,2.09524241494141
2024-11-15 10:00:00,-91.58910778333336,-71.42862618333334,-89.364204,2.22490337659508
2024-11-15 10:30:00,-105.59419941666664,-84.7617899,-101.20678,4.387419936686172
2024-11-15 11:00:00,-115.34524391666667,-101.61882935,-116.85456,-1.5093169353841063
2024-11-15 11:30:00,-135.01476441666668,-134.6798718,-131.46461,3.550149548502617
2024-11-15 12:00:00,-136.04313671666668,-152.32083179999998,-136.46527,-0.4221342794270697
2024-11-15 12:30:00,-137.78686105,-157.31282951666665,-139.55423,-1.7673686863281262
2024-11-15 13:00:00,-137.6094162,-149.39677548333336,-136.62921,0.9802047742187483
2024-11-15 13:30:00,-129.04722886666667,-153.49140951666666,-133.39114,-4.343914932161454
2024-11-15 14:00:00,-120.56447388333332,-160.5519366166667,-125.39669,-4.832216485319023
2024-11-15 14:30:00,-112.00666166666667,-139.88275151666667,-115.80071,-3.7940509187825455
2024-11-15 15:00:00,-96.45666841666667,-118.44501546666667,-101.27105,-4.8143810828450455
2024-11-15 15:30:00,-91.85720613333332,-95.84930838333334,-92.830215,-0.9730093207682415
2024-11-15 16:00:00,-76.1239411,-77.31825941666666,-71.76266,4.361283934472652
2024-11-15 16:30:00,-49.27688333333333,-57.588809950000005,-48.06317,1.2137119466145805
2024-11-15 17:00:00,-27.24599783333333,-34.614758849999994,-30.632893,-3.3868947753092478
2024-11-15 17:30:00,-15.067733400000002,-17.7146296,-16.508537,-1.4408038924804671
2024-11-15 18:00:00,-9.043241166666666,-2.5974233166666667,-5.2060013,3.837239884928385
2024-11-15 18:30:00,1.8599465333333336,1.045879583333333,2.5874562,0.7275096930155434
2024-11-15 19:00:00,8.334917166666667,5.43308175,5.771228,-2.5636893300577803
2024-11-15 19:30:00,15.257601666666666,12.985533983333331,13.171655,-2.085946965433756
2024-11-15 20:00:00,20.44640105,16.28739775,16.831213,-3.615188052563475
2024-11-15 20:30:00,16.8514395,14.712935166666668,16.987623,0.13618371472167823
2024-11-15 21:00:00,19.083919966666667,15.87675735,17.922958,-1.160961592643229
2024-11-15 21:30:00,17.341790066666665,19.1895473,18.534204,1.192414416365562
2024-11-15 22:00:00,14.90179955,16.215630633333333,18.681807,3.780007014331055
2024-11-15 22:30:00,15.966681683333334,15.734719566666667,17.240726,1.2740447876139314
2024-11-15 23:00:00,24.64414955,22.179050516666667,20.494335,-4.149814375439455
2024-11-15 23:30:00,32.16401285,21.578668266666668,21.362467,-10.80154603786621
2024-11-16 00:00:00,28.99233275,16.464218733333333,19.740702,-9.25163107458496
2024-11-16 00:30:00,26.9720328,17.69532395,20.067755,-6.9042780545166025
2024-11-16 01:00:00,25.576639933333336,19.68568055,20.758308,-4.818331522688805
2024-11-16 01:30:00,27.38950558333333,18.38951173333333,20.412128,-6.9773771348470035
2024-11-16 02:00:00,25.5860432,18.869223816666665,20.822975,-4.763068041308593
2024-11-16 02:30:00,26.8692377,20.51786215,20.896711,-5.972526350512695
2024-11-16 03:00:00,28.81560775,18.491760433333333,20.784554,-8.03105422216797
2024-11-16 03:30:00,25.859805466666668,17.861029316666666,21.282455,-4.57735002233073
2024-11-16 04:00:00,23.4462627,19.277510016666668,20.44988,-2.9963821000244124
2024-11-16 04:30:00,24.554682083333333,19.40327665,21.29267,-3.2620127870686844
2024-11-16 05:00:00,18.144248,20.461934483333334,19.525665,1.381417283203124
2024-11-16 05:30:00,12.207305533333331,15.0096866,13.149772,0.9424661570353212
2024-11-16 06:00:00,8.546841666666667,11.411201616666666,11.037251,2.490409805806477
2024-11-16 06:30:00,2.1298161666666666,10.23695065,7.4704013,5.340585120412191
2024-11-16 07:00:00,-7.8134951,-2.9356883833333334,-1.7133844,6.100110710122681
2024-11-16 07:30:00,-17.19294378333333,-9.548539433333334,-14.101131,3.091812344124346
2024-11-16 08:00:00,-31.76618495,-15.95712555,-26.778011,4.988173627978515
2024-11-16 08:30:00,-50.71366553333333,-40.21744938333334,-47.233578,3.4800878050618422
2024-11-16 09:00:00,-72.0541472,-53.75793653333333,-64.280685,7.773461775195315
2024-11-16 09:30:00,-87.47026003333333,-71.35576335,-81.10002,6.370238671028645
2024-11-16 10:00:00,-97.9208539,-91.58910778333336,-95.50009,2.4207623472656223
2024-11-16 10:30:00,-106.28344775,-105.59419941666664,-102.146866,4.136581905273431
2024-11-16 11:00:00,-108.5495727,-115.34524391666667,-110.6973,-2.1477310719726574
2024-11-16 11:30:00,-126.19007828333334,-135.01476441666668,-123.30812,2.8819575557942727
2024-11-16 12:00:00,-133.717699,-136.04313671666668,-136.07652,-2.358823827148427
2024-11-16 12:30:00,-143.93377608333333,-137.78686105,-142.95447,0.9793083098958277
2024-11-16 13:00:00,-147.23728783333334,-137.6094162,-147.77907,-0.5417801598307221
2024-11-16 13:30:00,-133.66667675,-129.04722886666667,-136.1164,-2.4497172929687565
2024-11-16 14:00:00,-122.4051678,-120.56447388333332,-121.682816,0.7223522482421885
2024-11-16 14:30:00,-97.58448226666668,-112.00666166666667,-103.90407,-6.31958572649738
2024-11-16 15:00:00,-83.35982656666667,-96.45666841666667,-90.16687,-6.807043550520831
2024-11-16 15:30:00,-68.97471326666665,-91.85720613333332,-74.55313,-5.5784178368489705
2024-11-16 16:00:00,-61.319651633333336,-76.1239411,-62.323086,-1.003434151578773
2024-11-16 16:30:00,-36.90179041666666,-49.27688333333333,-38.12053,-1.2187387581380307
2024-11-16 17:00:00,-16.939519483333335,-27.24599783333333,-21.962345,-5.022825639957681
2024-11-16 17:30:00,-0.9938855999999996,-15.067733400000002,-4.6621137,-3.6682280665344242
2024-11-16 18:00:00,0.93950875,-9.043241166666666,-0.59103,-1.5305387516403197
2024-11-16 18:30:00,11.5502094,1.8599465333333336,6.650897,-4.899312373937988
2024-11-16 19:00:00,14.15399105,8.334917166666667,11.832191,-2.321799582714844
2024-11-16 19:30:00,16.046655633333334,15.257601666666666,14.632916,-1.4137391828328454
2024-11-16 20:00:00,11.172294866666666,20.44640105,16.049662,4.877366769685873
2024-11-16 20:30:00,15.830057783333332,16.8514395,18.000904,2.1708462999186207
2024-11-16 21:00:00,11.450551,19.083919966666667,17.267666,5.817114863037109
2024-11-16 21:30:00,10.49884205,17.341790066666665,16.218481,5.719639013842773
2024-11-16 22:00:00,16.9188406,14.90179955,16.611742,-0.30709858034667903
2024-11-16 22:30:00,21.154282366666667,15.966681683333334,18.341343,-2.8129394406412764
2024-11-16 23:00:00,21.673358816666667,24.64414955,20.405039,-1.268319983048503
2024-11-16 23:30:00,21.036066766666668,32.16401285,23.84435,2.808284048152668
2024-11-17 00:00:00,24.39111498333333,28.99233275,20.981047,-3.410068306697589
2024-11-17 00:30:00,20.38095721666667,26.9720328,20.816896,0.43593922193196377
2024-11-17 01:00:00,17.157225983333333,25.576639933333336,19.624146,2.4669195244791666
2024-11-17 01:30:00,17.75897003333333,27.38950558333333,20.497967,2.7389967330240914
2024-11-17 02:00:00,18.089628883333333,25.5860432,19.997713,1.9080842056559248
2024-11-17 02:30:00,18.0497527,26.8692377,20.337687,2.28793383869629
2024-11-17 03:00:00,21.104554383333333,28.81560775,21.196678,0.09212377828776042
2024-11-17 03:30:00,19.930913,25.859805466666668,19.975645,0.044732065307616864
2024-11-17 04:00:00,20.474923283333336,23.4462627,20.343647,-0.13127628015950776
2024-11-17 04:30:00,21.59848733333333,24.554682083333333,20.99339,-0.6050982036946593
2024-11-17 05:00:00,15.310733316666663,18.144248,18.11859,2.8078560845784537
2024-11-17 05:30:00,10.032122833333334,12.207305533333331,14.503191,4.471068160929361
2024-11-17 06:00:00,4.90396665,8.546841666666667,11.335765,6.43179823494873
2024-11-17 06:30:00,4.052836116666667,2.1298161666666666,3.8054357,-0.24740045916544595
2024-11-17 07:00:00,-1.71318165,-7.8134951,-1.874555,-0.16137334172210704
2024-11-17 07:30:00,-5.036785533333333,-17.19294378333333,-7.162994,-2.1262083745951337
2024-11-17 08:00:00,-10.179650033333331,-31.76618495,-14.701366,-4.521716391227216
2024-11-17 08:30:00,-20.53464878333333,-50.71366553333333,-26.120535,-5.585886113517255
2024-11-17 09:00:00,-39.93196336666667,-72.0541472,-42.554768,-2.6228042419759063
2024-11-17 09:30:00,-60.271576083333336,-87.47026003333333,-61.46876,-1.1971853607584606
2024-11-17 10:00:00,-75.23163943333333,-97.9208539,-76.88489,-1.6532482619791722
2024-11-17 10:30:00,-78.89273966666666,-106.28344775,-81.82144,-2.9287019837239683
2024-11-17 11:00:00,-77.32293063333333,-108.5495727,-86.95838,-9.635451019498703
2024-11-17 11:30:00,-96.21268438333334,-126.19007828333334,-96.64307,-0.4303820229166604
2024-11-17 12:00:00,-101.08120773333331,-133.717699,-106.819305,-5.73809768658856
2024-11-17 12:30:00,-101.7345816,-143.93377608333333,-109.05417,-7.3195871011718765
2024-11-17 13:00:00,-115.35922891666668,-147.23728783333334,-119.59191,-4.2326823992512885
2024-11-17 13:30:00,-128.81861675000002,-133.66667675,-134.84569,-6.027071116210919
2024-11-17 14:00:00,-136.33769651666668,-122.4051678,-129.7485,6.589191877994807
2024-11-17 14:30:00,-112.62660878333332,-97.58448226666668,-112.67594,-0.04933268395183177
2024-11-17 15:00:00,-96.96638178333332,-83.35982656666667,-97.5338,-0.5674164344401191
2024-11-17 15:30:00,-82.88301451666666,-68.97471326666665,-82.06767,0.815341787174475
2024-11-17 16:00:00,-66.49832441666666,-61.319651633333336,-68.524666,-2.026341415852869
2024-11-17 16:30:00,-49.195614,-36.90179041666666,-49.5602,-0.36458573754882906
2024-11-17 17:00:00,-26.68684228333333,-16.939519483333335,-31.12068,-4.433837572013349
2024-11-17 17:30:00,-18.20718825,-0.9938855999999996,-12.367969,5.839219690734865
2024-11-17 18:00:00,-2.519930466666666,0.93950875,-2.8810165,-0.3610860261769617
2024-11-17 18:30:00,8.085193416666668,11.5502094,6.5530715,-1.532121917795818
2024-11-17 19:00:00,11.209748316666667,14.15399105,10.216346,-0.9934025296183275
2024-11-17 19:30:00,13.556709866666669,16.046655633333334,15.024743,1.4680332134724914
2024-11-17 20:00:00,14.104425,11.172294866666666,14.732163,0.627738429260253
2024-11-17 20:30:00,16.41381165,15.830057783333332,16.728119,0.31430724648437547
2024-11-17 21:00:00,18.99854885,11.450551,15.302446,-3.6961024846435535
2024-11-17 21:30:00,16.48502915,10.49884205,15.187284,-1.2977446803955068
2024-11-17 22:00:00,16.769582733333333,16.9188406,17.641392,0.8718090208170572
2024-11-17 22:30:00,15.330797833333332,21.154282366666667,19.187983,3.85718472587077
2024-11-17 23:00:00,17.645463233333334,21.673358816666667,21.014894,3.3694312521402985
2024-11-17 23:30:00,19.89642603333333,21.036066766666668,21.493135,1.596709418937177
2024-11-18 00:00:00,17.219161116666665,24.39111498333333,22.900759,5.681597626619467
2024-11-18 00:30:00,19.6054341,20.38095721666667,21.317535,1.712101300390625
2024-11-18 01:00:00,19.9318906,17.157225983333333,21.111485,1.1795939275878915
2024-11-18 01:30:00,19.159923716666665,17.75897003333333,20.95638,1.7964571274495462
2024-11-18 02:00:00,19.23799385,18.089628883333333,21.208136,1.9701417548583997
2024-11-18 02:30:00,19.447558866666668,18.0497527,22.193045,2.745485795808918
2024-11-18 03:00:00,18.99173778333333,21.104554383333333,21.556324,2.564586221793622
2024-11-18 03:30:00,18.88227705,19.930913,21.111422,2.229144535083009
2024-11-18 04:00:00,19.581466016666667,20.474923283333336,22.39308,2.8116137410237627
2024-11-18 04:30:00,22.09626715,21.59848733333333,22.722996,0.6267286080566414
2024-11-18 05:00:00,20.21705235,15.310733316666663,19.060505,-1.1565474366699213
2024-11-18 05:30:00,14.875888283333332,10.032122833333334,15.734424,0.858535354056805
2024-11-18 06:00:00,17.10501723333333,4.90396665,11.551659,-5.553358602962238
2024-11-18 06:30:00,11.6833255,4.052836116666667,6.95239,-4.7309353060607915
2024-11-18 07:00:00,4.119535483333333,-1.71318165,0.85402346,-3.265512026759847
2024-11-18 07:30:00,-2.0223610833333336,-5.036785533333333,-5.8776994,-3.8553382918192542
2024-11-18 08:00:00,-19.808662266666666,-10.179650033333331,-19.897635,-0.08897223955892031
2024-11-18 08:30:00,-37.537993316666665,-20.53464878333333,-37.627033,-0.08903991697591351
2024-11-18 09:00:00,-63.690709966666674,-39.93196336666667,-60.627052,3.0636576595377676
2024-11-18 09:30:00,-85.01013768333333,-60.271576083333336,-83.387276,1.622861987532545
2024-11-18 10:00:00,-106.79313101666666,-75.23163943333333,-97.54152,9.251611851627601
2024-11-18 10:30:00,-116.2408422,-78.89273966666666,-109.93261,6.308232641894534
2024-11-18 11:00:00,-131.81783546666665,-77.32293063333333,-121.35903,10.458803789420557
2024-11-18 11:30:00,-150.31144941666665,-96.21268438333334,-148.1306,2.18084944108071
2024-11-18 12:00:00,-164.27012455,-101.08120773333331,-157.68527,6.584852333203116
2024-11-18 12:30:00,-159.65019833333335,-101.7345816,-154.84103,4.809164397786475
2024-11-18 13:00:00,-164.41787016666666,-115.35922891666668,-163.88393,0.5339437750650973
2024-11-18 13:30:00,-175.6892313,-128.81861675000002,-171.87585,3.8133768078124888
2024-11-18 14:00:00,-164.48923668333333,-136.33769651666668,-161.77318,2.7160585827473938
2024-11-18 14:30:00,-154.06872611666668,-112.62660878333332,-143.5419,10.526825481901056
2024-11-18 15:00:00,-141.33329561666667,-96.96638178333332,-134.50107,6.8322275014323
2024-11-18 15:30:00,-118.76404041666667,-82.88301451666666,-109.52966,9.234377330729174
2024-11-18 16:00:00,-92.05228771666668,-66.49832441666666,-88.28191,3.7703739593424643
2024-11-18 16:30:00,-64.29978786666666,-49.195614,-58.14592,6.153868066861975
2024-11-18 17:00:00,-41.62014286666667,-26.68684228333333,-38.860035,2.7601079240397155
2024-11-18 17:30:00,-24.08427395,-18.20718825,-19.799704,4.284570351977539
2024-11-18 18:00:00,-9.8725855,-2.519930466666666,-3.6007996,6.271785939453125
2024-11-18 18:30:00,0.80665675,8.085193416666668,6.930048,6.123391238891601
2024-11-18 19:00:00,11.62215105,11.209748316666667,10.868699,-0.7534519762084955
2024-11-18 19:30:00,17.098074383333334,13.556709866666669,13.406558,-3.6915163465291343
2024-11-18 20:00:00,16.442043833333333,14.104425,15.324498,-1.117545656758626
2024-11-18 20:30:00,15.3362139,16.41381165,18.71616,3.37994592055664
2024-11-18 21:00:00,17.349197683333333,18.99854885,16.638277,-0.7109206295003254
2024-11-18 21:30:00,15.864291733333332,16.48502915,16.869555,1.0052627863199888
2024-11-18 22:00:00,13.971713333333334,16.769582733333333,18.239424,4.267710418497721
2024-11-18 22:30:00,14.240994983333332,15.330797833333332,17.505854,3.2648586696207698
2024-11-18 23:00:00,18.4251972,17.645463233333334,20.487764,2.0625671585205083
2024-11-18 23:30:00,16.884098883333333,19.89642603333333,20.990545,4.106446389493815
2024-11-19 00:00:00,17.471460566666668,17.219161116666665,20.225449,2.7539880417317697
2024-11-19 00:30:00,18.0301517,19.6054341,19.875437,1.845285082836913
2024-11-19 01:00:00,18.35256515,19.9318906,19.578356,1.22579063918457
2024-11-19 01:30:00,17.379935566666667,19.159923716666665,19.752842,2.3729063827962236
2024-11-19 02:00:00,16.538565516666665,19.23799385,19.719595,3.1810294387776707
2024-11-19 02:30:00,17.37683446666667,19.447558866666668,19.853046,2.4762119505696596
2024-11-19 03:00:00,16.837501816666666,18.99173778333333,20.380957,3.543454833113607
2024-11-19 03:30:00,16.266987099999998,18.88227705,20.89309,4.626102194433596
2024-11-19 04:00:00,21.797151,19.581466016666667,21.101282,-0.6958688802490229
2024-11-19 04:30:00,26.0547621,22.09626715,22.242954,-3.8118078458496107
2024-11-19 05:00:00,17.359377683333335,20.21705235,18.5119,1.152522264786782
2024-11-19 05:30:00,12.574266083333333,14.875888283333332,12.996858,0.42259155979410856
2024-11-19 06:00:00,11.8628529,17.10501723333333,11.909966,0.04711356881103512
2024-11-19 06:30:00,11.266541716666667,11.6833255,7.6589665,-3.6075751753763843
2024-11-19 07:00:00,1.4616839666666663,4.119535483333333,-0.5893312,-2.051015176326243
2024-11-19 07:30:00,-6.221255433333334,-2.0223610833333336,-5.12426,1.0969954846028651
2024-11-19 08:00:00,-24.0762672,-19.808662266666666,-23.847662,0.22860522795410176
2024-11-19 08:30:00,-46.61141495,-37.537993316666665,-41.007442,5.603972475634762
2024-11-19 09:00:00,-69.26991105,-63.690709966666674,-65.957436,3.3124754420898483
2024-11-19 09:30:00,-90.2803313,-85.01013768333333,-87.17497,3.105358765820313
2024-11-19 10:00:00,-108.45905391666668,-106.79313101666666,-106.443214,2.0158395001627696
2024-11-19 10:30:00,-124.2435034,-116.2408422,-118.52059,5.722911664160151
2024-11-19 11:00:00,-125.55802225,-131.81783546666665,-124.50483,1.0531928432617121
2024-11-19 11:30:00,-135.8306450166667,-150.31144941666665,-135.60747,0.22317736529950594
2024-11-19 12:00:00,-149.02289885000002,-164.27012455,-144.13715,4.8857528539062685
2024-11-19 12:30:00,-157.00032018333334,-159.65019833333335,-153.48145,3.5188748708333435
2024-11-19 13:00:00,-165.13676103333333,-164.41787016666666,-159.43524,5.701519334114579
2024-11-19 13:30:00,-163.1712301,-175.6892313,-161.50658,1.664653561914065
2024-11-19 14:00:00,-155.64222683333332,-164.48923668333333,-154.33435,1.307876247395825
2024-11-19 14:30:00,-147.69202825,-154.06872611666668,-140.42436,7.267666067382805
2024-11-19 15:00:00,-127.4412412,-141.33329561666667,-123.46718,3.9740628552734307
2024-11-19 15:30:00,-115.03725896666668,-118.76404041666667,-114.00547,1.0317886907877778
2024-11-19 16:00:00,-85.48763325,-92.05228771666668,-84.75465,0.7329869487304705
2024-11-19 16:30:00,-58.7956273,-64.29978786666666,-60.61625,-1.8206217844726567
2024-11-19 17:00:00,-37.58542653333333,-41.62014286666667,-37.282063,0.30336400281575493
2024-11-19 17:30:00,-19.254661183333333,-24.08427395,-19.07859,0.17607079026692674
2024-11-19 18:00:00,-5.603637583333334,-9.8725855,-8.276863,-2.6732255148111976
2024-11-19 18:30:00,4.8738339,0.80665675,4.3339186,-0.5399153285278322
2024-11-19 19:00:00,6.849906683333333,11.62215105,9.819315,2.969408273331706
2024-11-19 19:30:00,11.5086911,17.098074383333334,13.811652,2.302961083532715
2024-11-19 20:00:00,13.0796111,16.442043833333333,14.868734,1.7891232597412117
2024-11-19 20:30:00,11.12511885,15.3362139,15.30232,4.1772006766723635
2024-11-19 21:00:00,14.887462266666668,17.349197683333333,17.72604,2.838577619807941
2024-11-19 21:30:00,13.558265483333336,15.864291733333332,15.75049,2.1922247052652963
2024-11-19 22:00:00,12.756356166666668,13.971713333333334,15.8740425,3.11768634431966
2024-11-19 22:30:00,11.156208833333332,14.240994983333332,14.783152,3.6269427932535816
2024-11-19 23:00:00,12.894199416666666,18.4251972,18.092125,5.197925522298178
2024-11-19 23:30:00,13.540567783333332,16.884098883333333,18.898603,5.358035655997723
2024-11-20 00:00:00,15.85682005,17.471460566666668,18.98383,3.127009448291016
2024-11-20 00:30:00,17.6164628,18.0301517,18.70841,1.0919474630615227
2024-11-20 01:00:00,17.236695,18.35256515,18.825058,1.5883629833984365
2024-11-20 01:30:00,15.413158816666666,17.379935566666667,18.763681,3.350522595076498
2024-11-20 02:00:00,15.203628333333334,16.538565516666665,18.682905,3.4792768638102203
2024-11-20 02:30:00,15.949090033333334,17.37683446666667,19.130646,3.1815557186197907
2024-11-20 03:00:00,15.694926833333334,16.837501816666666,19.545025,3.8500980384928383
2024-11-20 03:30:00,15.7843484,16.266987099999998,19.484804,3.700455753442382
2024-11-20 04:00:00,20.64859345,21.797151,20.60077,-0.04782249968261709
2024-11-20 04:30:00,24.226053333333336,26.0547621,21.971743,-2.2543107033284535
2024-11-20 05:00:00,14.181138383333334,17.359377683333335,17.88498,3.7038408647135412
2024-11-20 05:30:00,9.98049885,12.574266083333333,12.936005,2.955505788671875
2024-11-20 06:00:00,10.765903316666666,11.8628529,10.519596,-0.24630721681315038
2024-11-20 06:30:00,8.537193833333333,11.266541716666667,8.917734,0.3805403127848308
2024-11-20 07:00:00,-0.1240143500000001,1.4616839666666663,0.57096183,0.6949761830001833
2024-11-20 07:30:00,-11.498952233333334,-6.221255433333334,-9.306021,2.192931496638998
2024-11-20 08:00:00,-28.27695608333333,-24.0762672,-24.865162,3.4117941875813784
2024-11-20 08:30:00,-57.28487003333333,-46.61141495,-54.45684,2.828029518196608
2024-11-20 09:00:00,-77.42179825,-69.26991105,-74.012924,3.4088740556640573
2024-11-20 09:30:00,-92.05216838333332,-90.2803313,-93.32239,-1.2702193119791758
2024-11-20 10:00:00,-101.85614776666668,-108.45905391666668,-108.23909,-6.382942199153632
2024-11-20 10:30:00,-125.41719265,-124.2435034,-128.59277,-3.175580787499996
2024-11-20 11:00:00,-131.32241155,-125.55802225,-129.46753,1.8548822531249982
2024-11-20 11:30:00,-150.9720667,-135.8306450166667,-151.74312,-0.7710515861328133
2024-11-20 12:00:00,-166.5618105,-149.02289885000002,-165.40424,1.157574660156257
2024-11-20 12:30:00,-165.21772046666666,-157.00032018333334,-166.82146,-1.603736442513025
2024-11-20 13:00:00,-174.28688499999998,-165.13676103333333,-175.1994,-0.9125168554687662
2024-11-20 13:30:00,-170.66578338333332,-163.1712301,-174.45895,-3.793170474088555
2024-11-20 14:00:00,-155.880271,-155.64222683333332,-156.56721,-0.6869439658203191
2024-11-20 14:30:00,-160.43283833333334,-147.69202825,-156.6968,3.736045730794274
2024-11-20 15:00:00,-135.50439723333332,-127.4412412,-134.2827,1.221697648372384
2024-11-20 15:30:00,-115.78167988333333,-115.03725896666668,-116.13588,-0.35419963326823733
2024-11-20 16:00:00,-92.50624623333331,-85.48763325,-92.89001,-0.38376078570965433
2024-11-20 16:30:00,-61.350567016666666,-58.7956273,-60.19414,1.156425628727213
2024-11-20 17:00:00,-35.28297045,-37.58542653333333,-36.145966,-0.8629951261718745
2024-11-20 17:30:00,-25.275303816666664,-19.254661183333333,-20.168531,5.1067723988199845
2024-11-20 18:00:00,-10.4303844,-5.603637583333334,-9.159255,1.2711293722290034
2024-11-20 18:30:00,0.3644995000000002,4.8738339,2.7269506,2.3624511454467774
2024-11-20 19:00:00,9.262851033333334,6.849906683333333,8.725514,-0.5373366214070643
2024-11-20 19:30:00,12.648092066666663,11.5086911,11.860548,-0.7875440472574837
2024-11-20 20:00:00,14.35321435,13.0796111,14.173778,-0.17943676973876954
2024-11-20 20:30:00,12.780560583333331,11.12511885,13.380008,0.5994471605021179
2024-11-20 21:00:00,14.029122166666664,14.887462266666668,14.701273,0.6721507978108754
2024-11-20 21:30:00,11.179442783333334,13.558265483333336,14.9535885,3.7741457023844394
2024-11-20 22:00:00,9.5922983,12.756356166666668,14.541424,4.949125497607422
2024-11-20 22:30:00,9.854822766666668,11.156208833333332,13.271271,3.4164479852864567
2024-11-20 23:00:00,13.274539383333334,12.894199416666666,16.139008,2.864468185026041
2024-11-20 23:30:00,15.014270016666666,13.540567783333332,16.33278,1.3185108213460293
2024-11-21 00:00:00,14.371057733333336,15.85682005,16.402695,2.0316369688151017
2024-11-21 00:30:00,14.983744833333333,17.6164628,17.717709,2.7339637543131516
2024-11-21 01:00:00,15.203254333333334,17.236695,17.595146,2.391891845865885
2024-11-21 01:30:00,14.5356322,15.413158816666666,16.76,2.2243680288818357
2024-11-21 02:00:00,14.4245751,15.203628333333334,16.860687,2.436112155859375
2024-11-21 02:30:00,15.430507783333333,15.949090033333334,17.14992,1.7194117265543625
2024-11-21 03:00:00,15.275074983333331,15.694926833333334,16.751238,1.476162885929364
2024-11-21 03:30:00,16.460108316666666,15.7843484,16.992321,0.5322126977376307
2024-11-21 04:00:00,21.45424626666667,20.64859345,20.206787,-1.2474591572916687
2024-11-21 04:30:00,22.853958416666668,24.226053333333336,21.125597,-1.7283614165445975
2024-11-21 05:00:00,14.82417855,14.181138383333334,16.007769,1.1835900809814461
2024-11-21 05:30:00,7.6700972,9.98049885,12.111662,4.441564711010742
2024-11-21 06:00:00,3.185647883333333,10.765903316666666,9.053278,5.8676300860270185
2024-11-21 06:30:00,2.056255466666667,8.537193833333333,4.105671,2.0494154622884113
2024-11-21 07:00:00,-7.97210505,-0.1240143500000001,-4.887351,3.0847540139282223
2024-11-21 07:30:00,-13.964054416666668,-11.498952233333334,-13.125963,0.8380912056070979
2024-11-21 08:00:00,-32.64571946666666,-28.27695608333333,-23.27543,9.370288787345373
2024-11-21 08:30:00,-57.38625648333333,-57.28487003333333,-52.22665,5.159606245296217
2024-11-21 09:00:00,-76.06679106666667,-77.42179825,-77.60986,-1.5430722145833329
2024-11-21 09:30:00,-86.03266663333333,-92.05216838333332,-86.96829,-0.93562560299479
2024-11-21 10:00:00,-99.77356163333332,-101.85614776666668,-100.247375,-0.4738138549479345
2024-11-21 10:30:00,-105.55884503333333,-125.41719265,-111.12299,-5.564148435904954
2024-11-21 11:00:00,-130.24251216666667,-131.32241155,-129.90338,0.3391308190104212
2024-11-21 11:30:00,-140.54323391666665,-150.9720667,-139.71883,0.8244076227213384
2024-11-21 12:00:00,-152.18430791666665,-166.5618105,-151.4684,0.7159088688150916
2024-11-21 12:30:00,-151.4652072,-165.21772046666666,-152.24489,-0.7796811056640536
2024-11-21 13:00:00,-146.53051341666665,-174.28688499999998,-146.83673,-0.30621754036459947
2024-11-21 13:30:00,-149.30604676666667,-170.66578338333332,-147.20386,2.102189344791668
2024-11-21 14:00:00,-137.73203226666666,-155.880271,-138.68172,-0.9496846522786484
2024-11-21 14:30:00,-124.529916,-160.43283833333334,-127.55136,-3.021445083984375
2024-11-21 15:00:00,-103.20749845,-135.50439723333332,-105.293144,-2.085645776074216
2024-11-21 15:30:00,-75.58554671666667,-115.78167988333333,-83.27771,-7.69216324427083
2024-11-21 16:00:00,-61.22084663333334,-92.50624623333331,-68.46963,-7.248780747037756
2024-11-21 16:30:00,-50.54969833333333,-61.350567016666666,-50.44108,0.1086201472981756
2024-11-21 17:00:00,-28.5651783,-35.28297045,-28.794157,-0.22897872819824272
2024-11-21 17:30:00,-14.356636133333334,-25.275303816666664,-16.31179,-1.95515433297526
2024-11-21 18:00:00,-8.091099916666666,-10.4303844,-7.1829634,0.9081365453898105
2024-11-21 18:30:00,0.0046877333333332,0.3644995000000002,1.7133882,1.7087004712412517
2024-11-21 19:00:00,8.7116957,9.262851033333334,9.419311,0.7076148697631837
2024-11-21 19:30:00,10.2400018,12.648092066666663,13.303271,3.063269493640137
2024-11-21 20:00:00,13.556114549999998,14.35321435,14.896064,1.3399492546264664
2024-11-21 20:30:00,13.523298883333332,12.780560583333331,14.69711,1.1738112927530935
2024-11-21 21:00:00,15.361912783333333,14.029122166666664,15.619164,0.2572516835245775
2024-11-21 21:30:00,14.01688335,11.179442783333334,14.200798,0.18391468466796823
2024-11-21 22:00:00,11.92955045,9.5922983,13.967469,2.0379187653930657
2024-11-21 22:30:00,11.464830433333333,9.854822766666668,13.810942,2.3461112628336593
2024-11-21 23:00:00,16.057140566666664,13.274539383333334,16.559147,0.5020063144368514
2024-11-21 23:30:00,17.565473883333333,15.014270016666666,16.76682,-0.7986529757405592
2024-11-22 00:00:00,16.33173,14.371057733333336,17.370365,1.0386351428222653
2024-11-22 00:30:00,17.021067733333332,14.983744833333333,17.35747,0.3364018253824881
2024-11-22 01:00:00,16.9285365,15.203254333333334,17.028107,0.09957018945312512
2024-11-22 01:30:00,17.050015066666663,14.5356322,17.23605,0.18603458543294593
2024-11-22 02:00:00,17.577346950000003,14.4245751,17.254187,-0.32316031975097914
2024-11-22 02:30:00,17.756528833333334,15.430507783333333,17.53099,-0.2255382327473967
2024-11-22 03:00:00,18.96939925,15.275074983333331,17.869595,-1.0998046760253892
2024-11-22 03:30:00,18.504568366666668,16.460108316666666,19.276123,0.7715546802083324
2024-11-22 04:00:00,22.09738395,21.45424626666667,20.442623,-1.6547608115722667
2024-11-22 04:30:00,25.384114516666667,22.853958416666668,22.1973,-3.1868145593912764
2024-11-22 05:00:00,16.892767383333332,14.82417855,15.991855,-0.9009127156697581
2024-11-22 05:30:00,12.615327716666668,7.6700972,13.47271,0.8573819390950508
2024-11-22 06:00:00,7.0934277,3.185647883333333,8.258299,1.1648711739013669
2024-11-22 06:30:00,3.759927783333333,2.056255466666667,5.329149,1.569220986045329
2024-11-22 07:00:00,-6.080849933333334,-7.97210505,-3.4667287,2.614121246046957
2024-11-22 07:30:00,-16.0703538,-13.964054416666668,-12.897133,3.173220926464843
2024-11-22 08:00:00,-36.02446165,-32.64571946666666,-33.533894,2.490568064794921
2024-11-22 08:30:00,-52.95101513333333,-57.38625648333333,-47.733536,5.217479366731766
2024-11-22 09:00:00,-72.72994893333333,-76.06679106666667,-72.59083,0.1391209914388014
2024-11-22 09:30:00,-97.1215283,-86.03266663333333,-95.74081,1.3807217204101505
2024-11-22 10:00:00,-107.04108511666668,-99.77356163333332,-107.61538,-0.574294216829415
2024-11-22 10:30:00,-122.67502278333336,-105.55884503333333,-117.05636,5.618664445931017
2024-11-22 11:00:00,-134.70252673333334,-130.24251216666667,-134.07887,0.6236540526692806
2024-11-22 11:30:00,-150.17487731666668,-140.54323391666665,-147.6998,2.475078732682306
2024-11-22 12:00:00,-134.32934271666667,-152.18430791666665,-136.34485,-2.015505916145827
2024-11-22 12:30:00,-121.59524445,-151.4652072,-122.89325,-1.2980050617187544
2024-11-22 13:00:00,-109.69721221666668,-146.53051341666665,-116.78741,-7.090194704720034
2024-11-22 13:30:00,-106.40393563333332,-149.30604676666667,-112.02898,-5.625040807096369
2024-11-22 14:00:00,-99.7921712,-137.73203226666666,-103.575645,-3.7834742467773452
2024-11-22 14:30:00,-88.47461893333333,-124.529916,-89.95449,-1.4798717282877618
2024-11-22 15:00:00,-70.03593951666666,-103.20749845,-78.37918,-8.343241391536466
2024-11-22 15:30:00,-57.55582851666667,-75.58554671666667,-58.389957,-0.8341289113118435
2024-11-22 16:00:00,-43.943660566666665,-61.22084663333334,-44.70577,-0.762108018538413
2024-11-22 16:30:00,-27.33411275,-50.54969833333333,-30.94602,-3.6119073763427743
2024-11-22 17:00:00,-8.809536716666667,-28.5651783,-13.753881,-4.9443447378011065
2024-11-22 17:30:00,-3.0436584999999994,-14.356636133333334,-4.7288275,-1.6851689765014655
2024-11-22 18:00:00,3.568223966666667,-8.091099916666666,1.668347,-1.8998769655909222
2024-11-22 18:30:00,13.687985483333334,0.0046877333333332,7.9405413,-5.747444215938314
2024-11-22 19:00:00,19.31463438333333,8.7116957,13.924059,-5.390575469148761
2024-11-22 19:30:00,21.764535533333333,10.2400018,18.357466,-3.4070697893147788
2024-11-22 20:00:00,27.757468316666664,13.556114549999998,20.439936,-7.317532632462562
2024-11-22 20:30:00,27.6673435,13.523298883333332,21.083548,-6.583795907836915
2024-11-22 21:00:00,31.360381716666662,15.361912783333333,20.24112,-11.119262331901037
2024-11-22 21:30:00,20.16277218333333,14.01688335,18.780495,-1.3822774933919248
2024-11-22 22:00:00,19.64281068333333,11.92955045,18.103195,-1.5396154929036427
2024-11-22 22:30:00,21.40478823333333,11.464830433333333,16.546965,-4.857823587947589
2024-11-22 23:00:00,24.304148916666666,16.057140566666664,21.076387,-3.227761511271158
2024-11-22 23:30:00,22.394015733333333,17.565473883333333,21.489536,-0.9044794479329425
2024-11-23 00:00:00,22.75149383333333,16.33173,21.596191,-1.1553024270833312
2024-11-23 00:30:00,22.622287850000003,17.021067733333332,21.58711,-1.0351773305908232
2024-11-23 01:00:00,24.09090061666667,16.9285365,21.301401,-2.789499478361005
2024-11-23 01:30:00,26.87633458333333,17.050015066666663,21.774137,-5.102197086385086
2024-11-23 02:00:00,29.2987051,17.577346950000003,21.686243,-7.612462042749023
2024-11-23 02:30:00,30.111504516666667,17.756528833333334,21.569765,-8.541739425724284
2024-11-23 03:00:00,24.4883951,18.96939925,22.431398,-2.056996708276369
2024-11-23 03:30:00,22.885104433333336,18.504568366666668,21.41533,-1.4697735464925152
2024-11-23 04:00:00,25.40506716666667,22.09738395,23.542324,-1.8627431005045594
2024-11-23 04:30:00,26.1855016,25.384114516666667,24.430464,-1.7550378091064438
2024-11-23 05:00:00,22.87523768333333,16.892767383333332,21.00053,-1.8747074404134096
2024-11-23 05:30:00,17.44384488333333,12.615327716666668,13.912629,-3.531215755830889
2024-11-23 06:00:00,12.672130933333332,7.0934277,10.571517,-2.1006139426717105
2024-11-23 06:30:00,8.618289383333334,3.759927783333333,8.228906,-0.3893837055379237
2024-11-23 07:00:00,-0.2548017666666668,-6.080849933333334,-0.52400315,-0.26920138141225164
2024-11-23 07:30:00,-10.2822639,-16.0703538,-8.431405,1.8508588325561526
2024-11-23 08:00:00,-21.608105,-36.02446165,-23.280521,-1.6724163928222673
2024-11-23 08:30:00,-25.766586866666668,-52.95101513333333,-28.374685,-2.6080984208089184
2024-11-23 09:00:00,-33.7726184,-72.72994893333333,-35.840847,-2.0682286153808604
2024-11-23 09:30:00,-57.50262776666667,-97.1215283,-58.221317,-0.7186895245930955
2024-11-23 10:00:00,-58.37788835,-107.04108511666668,-59.648216,-1.2703278975585945
2024-11-23 10:30:00,-84.08449505,-122.67502278333336,-83.73578,0.348716241406251
2024-11-23 11:00:00,-97.14776791666668,-134.70252673333334,-99.85887,-2.711103543294257
2024-11-23 11:30:00,-116.88620225,-150.17487731666668,-115.65719,1.2290138344726529
2024-11-23 12:00:00,-121.7640745,-134.32934271666667,-120.118614,1.645460303222663
2024-11-23 12:30:00,-110.97903106666666,-121.59524445,-111.66006,-0.6810260012044296
2024-11-23 13:00:00,-113.90077333333332,-109.69721221666668,-111.64534,2.2554333675130067
2024-11-23 13:30:00,-110.823107,-106.40393563333332,-110.33609,0.48701691210936815
2024-11-23 14:00:00,-94.39216166666668,-99.7921712,-94.6626,-0.27043598958331927
2024-11-23 14:30:00,-74.3620749,-88.47461893333333,-80.15745,-5.79537291494141
2024-11-23 15:00:00,-55.89082953333334,-70.03593951666666,-57.141693,-1.2508635819010365
2024-11-23 15:30:00,-35.12836888333333,-57.55582851666667,-39.863945,-4.735576123990889
2024-11-23 16:00:00,-30.25721065,-43.943660566666665,-32.36764,-2.1104307989746083
2024-11-23 16:30:00,-18.379835933333336,-27.33411275,-25.035713,-6.655877262467445
2024-11-23 17:00:00,-6.3545928,-8.809536716666667,-13.040119,-6.685526371142578
2024-11-23 17:30:00,1.0427284499999996,-3.0436584999999994,-6.998536,-8.041264559924317
2024-11-23 18:00:00,6.18798,3.568223966666667,2.4169166,-3.771063391189575
2024-11-23 18:30:00,9.81958215,13.687985483333334,6.514882,-3.304700062292481
2024-11-23 19:00:00,10.632259,19.31463438333333,14.640632,4.008372675720215
2024-11-23 19:30:00,14.1054388,21.764535533333333,16.158953,2.0535139130126954
2024-11-23 20:00:00,15.137718316666666,27.757468316666664,19.146257,4.0085390838460295
2024-11-23 20:30:00,17.07186885,27.6673435,20.039486,2.967617081396483
2024-11-23 21:00:00,19.829937266666665,31.360381716666662,20.593172,0.7632348066975929
2024-11-23 21:30:00,17.088341116666665,20.16277218333333,17.871824,0.7834831478597017
2024-11-23 22:00:00,14.850331533333334,19.64281068333333,18.205704,3.355372202018229
2024-11-23 22:30:00,14.996445566666663,21.40478823333333,17.266706,2.2702609000081413
2024-11-23 23:00:00,15.701633966666668,24.304148916666666,19.992334,4.290700399178059
2024-11-23 23:30:00,16.506056666666666,22.394015733333333,20.189188,3.683131336873373
2024-11-24 00:00:00,16.657679383333335,22.75149383333333,20.325588,3.6679088429850246
2024-11-24 00:30:00,16.845947083333332,22.622287850000003,20.073421,3.2274743949381524
2024-11-24 01:00:00,18.762093333333336,24.09090061666667,20.128883,1.36679002848307
2024-11-24 01:30:00,19.4742483,26.87633458333333,20.285023,0.8107744355957038
2024-11-24 02:00:00,21.51105605,29.2987051,21.413122,-0.0979338728759771
2024-11-24 02:30:00,21.0540077,30.111504516666667,22.26648,1.2124717921875003
2024-11-24 03:00:00,21.226263433333333,24.4883951,22.021084,0.7948203984537763
2024-11-24 03:30:00,19.7961477,22.885104433333336,20.351664,0.5555158894775403
2024-11-24 04:00:00,19.403558983333333,25.40506716666667,22.099361,2.695802436344401
2024-11-24 04:30:00,19.63672655,26.1855016,22.930857,3.2941301547119153
2024-11-24 05:00:00,16.8754739,22.87523768333333,18.417435,1.5419607923828131
2024-11-24 05:30:00,16.301619316666667,17.44384488333333,15.167971,-1.133648659318034
2024-11-24 06:00:00,10.3938278,12.672130933333332,10.824578,0.43075048521728476
2024-11-24 06:30:00,6.741947183333333,8.618289383333334,7.5124307,0.7704834845438642
2024-11-24 07:00:00,2.7546360833333328,-0.2548017666666668,1.2460002,-1.5086359126256301
2024-11-24 07:30:00,-1.1922571500000003,-10.2822639,-4.694538,-3.5022809664550776
2024-11-24 08:00:00,-0.9719449,-21.608105,-8.381032,-7.409087090051269
2024-11-24 08:30:00,-10.0674264,-25.766586866666668,-12.657494,-2.5900671913085933
2024-11-24 09:00:00,-23.2069329,-33.7726184,-27.68208,-4.475146415185545
2024-11-24 09:30:00,-39.51843333333333,-57.50262776666667,-42.517117,-2.9986832132975323
2024-11-24 10:00:00,-51.5135572,-58.37788835,-55.863422,-4.349865193798827
2024-11-24 10:30:00,-77.02984951666666,-84.08449505,-76.39477,0.6350817554361896
2024-11-24 11:00:00,-84.08845903333334,-97.14776791666668,-86.91892,-2.83046339098307
2024-11-24 11:30:00,-108.29563881666668,-116.88620225,-109.84883,-1.5531923600911313
2024-11-24 12:00:00,-119.08522405,-121.7640745,-117.19101,1.8942145285156187
2024-11-24 12:30:00,-108.2173405,-110.97903106666666,-107.89443,0.3229084321289122
2024-11-24 13:00:00,-110.49358275,-113.90077333333332,-109.73145,0.7621298081054704
2024-11-24 13:30:00,-114.99500386666666,-110.823107,-112.68528,2.309724020475258
2024-11-24 14:00:00,-97.2938773,-94.39216166666668,-96.281166,1.0127112233398492
2024-11-24 14:30:00,-81.79022433333333,-74.3620749,-75.575745,6.214479704427077
2024-11-24 15:00:00,-54.07609051666666,-55.89082953333334,-54.112946,-0.036855039973964665
2024-11-24 15:30:00,-46.59822995,-35.12836888333333,-46.338852,0.2593780212890593
2024-11-24 16:00:00,-37.1128227,-30.25721065,-36.210278,0.9025451426269555
2024-11-24 16:30:00,-14.196202183333332,-18.379835933333336,-18.84324,-4.647038554581707
2024-11-24 17:00:00,-7.414003783333334,-6.3545928,-10.387393,-2.973389214408365
2024-11-24 17:30:00,-2.505100066666666,1.0427284499999996,-3.8152514,-1.310151283736166
2024-11-24 18:00:00,5.8757656,6.18798,4.357352,-1.5184138200622561
2024-11-24 18:30:00,12.77209935,9.81958215,10.099322,-2.672777030969238
2024-11-24 19:00:00,10.7680684,10.632259,12.975635,2.207566174890136
2024-11-24 19:30:00,14.300431949999998,14.1054388,17.696594,3.3961622882812517
2024-11-24 20:00:00,17.07219436666667,15.137718316666666,19.96636,2.8941657254964177
2024-11-24 20:30:00,18.9965766,17.07186885,21.106241,2.109664626196288
2024-11-24 21:00:00,22.861717666666667,19.829937266666665,21.883753,-0.9779648437906907
2024-11-24 21:30:00,17.207174483333333,17.088341116666665,19.295294,2.0881193246500658
2024-11-24 22:00:00,14.087095033333334,14.850331533333334,16.039133,1.95203803856608
2024-11-24 22:30:00,15.813688283333336,14.996445566666663,17.049002,1.2353134103922496
2024-11-24 23:00:00,14.832963283333331,15.701633966666668,19.336678,4.5037142679362
2024-11-24 23:30:00,15.337557333333336,16.506056666666666,19.956932,4.619374734537757
2024-11-25 00:00:00,16.834854466666666,16.657679383333335,20.787882,3.953027384529623
2024-11-25 00:30:00,17.691479283333333,16.845947083333332,20.306522,2.6150430860514327
2024-11-25 01:00:00,19.765026083333336,18.762093333333336,21.430273,1.6652469726969379
2024-11-25 01:30:00,18.81243663333333,19.4742483,22.206944,3.39450687862956
2024-11-25 02:00:00,19.1399045,21.51105605,23.068672,3.928767680175781
2024-11-25 02:30:00,19.4104962,21.0540077,22.563284,3.152787720288085
2024-11-25 03:00:00,18.797835516666662,21.226263433333333,22.116962,3.3191269161946657
2024-11-25 03:30:00,18.9781735,19.7961477,21.70833,2.730156654418945
2024-11-25 04:00:00,19.0425516,19.403558983333333,22.88842,3.8458685049804693
2024-11-25 04:30:00,21.1122312,19.63672655,23.70886,2.596629197338867
2024-11-25 05:00:00,16.923167583333335,16.8754739,19.731606,2.8084379464518214
2024-11-25 05:30:00,14.7626667,16.301619316666667,17.162212,2.3995456718261714
2024-11-25 06:00:00,10.321467333333333,10.3938278,13.265212,2.9437447256876634
2024-11-25 06:30:00,13.191682133333332,6.741947183333333,10.834636,-2.3570463987752266
2024-11-25 07:00:00,10.61373895,2.7546360833333328,6.556099,-4.057640012011719
2024-11-25 07:30:00,8.863965016666667,-1.1922571500000003,4.1151776,-4.748787385288493
2024-11-25 08:00:00,-0.2259116666666667,-0.9719449,-6.789531,-6.563619564259847
2024-11-25 08:30:00,-18.12268776666667,-10.0674264,-21.5708,-3.448113014583331
2024-11-25 09:00:00,-32.48005095,-23.2069329,-36.067158,-3.587106795361329
2024-11-25 09:30:00,-61.22565121666667,-39.51843333333333,-59.002403,2.223247957389326
2024-11-25 10:00:00,-76.10706438333334,-51.5135572,-73.15087,2.956193106477869
2024-11-25 10:30:00,-82.76378405,-77.02984951666666,-81.628685,1.1350990524414044
2024-11-25 11:00:00,-87.44956295000001,-84.08845903333334,-93.14336,-5.693793373242173
2024-11-25 11:30:00,-92.5131906,-108.29563881666668,-94.34728,-1.8340918096679673
2024-11-25 12:00:00,-100.93213873333332,-119.08522405,-108.51242,-7.580281920963557
2024-11-25 12:30:00,-98.26261325,-108.2173405,-99.64199,-1.3793774116210926
2024-11-25 13:00:00,-91.20454175,-110.49358275,-95.832886,-4.628343992187496
2024-11-25 13:30:00,-92.28621895,-114.99500386666666,-93.77364,-1.4874245436523381
2024-11-25 14:00:00,-74.00483001666667,-97.2938773,-78.37221,-4.367377624934889
2024-11-25 14:30:00,-58.370239383333335,-81.79022433333333,-60.703182,-2.3329428371256498
2024-11-25 15:00:00,-52.51008221666667,-54.07609051666666,-57.099873,-4.589790372444661
2024-11-25 15:30:00,-51.25892278333333,-46.59822995,-49.371006,1.887916771370442
2024-11-25 16:00:00,-43.687959983333336,-37.1128227,-42.584915,1.1030448222005234
2024-11-25 16:30:00,-34.25777393333333,-14.196202183333332,-32.544426,1.713347968977864
2024-11-25 17:00:00,-16.698959483333333,-7.414003783333334,-15.137786,1.5611735717732742
2024-11-25 17:30:00,-6.841992716666666,-2.505100066666666,-6.9250813,-0.08308853638509195
2024-11-25 18:00:00,4.873866716666666,5.8757656,4.8375034,-0.03636328343912698
2024-11-25 18:30:00,7.740794383333333,12.77209935,11.240897,3.500102795316569
2024-11-25 19:00:00,11.4192977,10.7680684,14.304879,2.885581488537598
2024-11-25 19:30:00,19.08112828333333,14.300431949999998,19.355143,0.2740143100504575
2024-11-25 20:00:00,13.751257883333333,17.07219436666667,19.599197,5.84793950436198
2024-11-25 20:30:00,17.2031,18.9965766,20.25268,3.0495798248291024
2024-11-25 21:00:00,16.264911066666667,22.861717666666667,20.388388,4.123476613387044
2024-11-25 21:30:00,17.212477633333332,17.207174483333333,18.759481,1.5470037967203787
2024-11-25 22:00:00,18.668264416666663,14.087095033333334,16.856548,-1.8117161073404908
2024-11-25 22:30:00,16.53801335,15.813688283333336,17.42302,0.8850060591796876
2024-11-25 23:00:00,19.537851083333333,14.832963283333331,18.336864,-1.200986611897786
2024-11-25 23:30:00,21.71920448333333,15.337557333333336,18.703358,-3.0158467868001253
2024-11-26 00:00:00,22.211946633333337,16.834854466666666,20.57334,-1.6386071710530636
2024-11-26 00:30:00,21.630377266666667,17.691479283333333,20.67921,-0.9511666038248698
2024-11-26 01:00:00,20.631706583333337,19.765026083333336,20.754465,0.12275851981607744
2024-11-26 01:30:00,18.19162728333333,18.81243663333333,20.163734,1.9721071527018275
2024-11-26 02:00:00,18.3816523,19.1399045,21.384222,3.0025697306396495
2024-11-26 02:30:00,19.35753325,19.4104962,22.230947,2.8734142445068365
2024-11-26 03:00:00,19.02735326666667,18.797835516666662,21.86315,2.835796376277667
2024-11-26 03:30:00,17.507445399999998,18.9781735,21.337038,3.8295926401611347
2024-11-26 04:00:00,18.68018843333333,19.0425516,21.881214,3.201025708512372
2024-11-26 04:30:00,18.0078317,21.1122312,22.897453,4.889621608105468
2024-11-26 05:00:00,16.35152495,16.923167583333335,19.966587,3.615062116650389
2024-11-26 05:30:00,12.48523555,14.7626667,15.714498,3.229262016223144
2024-11-26 06:00:00,7.215382183333333,10.321467333333333,11.397839,4.1824564091959635
2024-11-26 06:30:00,9.643093983333332,13.191682133333332,10.367517,0.724423487980145
2024-11-26 07:00:00,6.0387445,10.61373895,5.9994617,-0.03928284915161129
2024-11-26 07:30:00,5.182437733333333,8.863965016666667,1.732291,-3.4501467501332597
2024-11-26 08:00:00,-11.32784435,-0.2259116666666667,-11.906004,-0.5781596020263677
2024-11-26 08:30:00,-32.9314962,-18.12268776666667,-33.29074,-0.359244766796877
2024-11-26 09:00:00,-55.628412133333335,-32.48005095,-51.400192,4.228219872591147
2024-11-26 09:30:00,-75.51328341666667,-61.22565121666667,-66.85409,8.659195587076823
2024-11-26 10:00:00,-99.74392281666668,-76.10706438333334,-92.38399,7.35993538990887
2024-11-26 10:30:00,-119.0530151,-82.76378405,-108.03801,11.015005456445309
2024-11-26 11:00:00,-131.42802388333334,-87.44956295000001,-130.66957,0.758452960481776
2024-11-26 11:30:00,-146.17907048333333,-92.5131906,-138.90942,7.269646655208334
2024-11-26 12:00:00,-152.08519511666665,-100.93213873333332,-141.44185,10.643346361783841
2024-11-26 12:30:00,-150.50591881666665,-98.26261325,-142.71593,7.789991692643213
2024-11-26 13:00:00,-145.85976848333334,-91.20454175,-140.23927,5.620495412044278
2024-11-26 13:30:00,-140.36380713333332,-92.28621895,-135.98535,4.378455570833324
2024-11-26 14:00:00,-111.8005844,-74.00483001666667,-112.4373,-0.6367172357421822
2024-11-26 14:30:00,-112.10186991666669,-58.370239383333335,-108.32374,3.778131818522155
2024-11-26 15:00:00,-86.07635831666666,-52.51008221666667,-82.05827,4.018085001236969
2024-11-26 15:30:00,-70.92313436666667,-51.25892278333333,-67.38183,3.5413060585612044
2024-11-26 16:00:00,-38.183881066666665,-43.687959983333336,-42.79939,-4.615507818831382
2024-11-26 16:30:00,-22.790490516666665,-34.25777393333333,-26.462996,-3.6725050125081395
2024-11-26 17:00:00,-13.3013723,-16.698959483333333,-12.13744,1.1639325722167975
2024-11-26 17:30:00,-0.246833333333333,-6.841992716666666,-3.052671,-2.805837622324626
2024-11-26 18:00:00,10.917144383333332,4.873866716666666,10.383134,-0.5340104950887028
2024-11-26 18:30:00,16.8761523,7.740794383333333,15.781544,-1.094608568310548
2024-11-26 19:00:00,38.5035005,11.4192977,25.88857,-12.61492971447754
2024-11-26 19:30:00,47.17244555,19.08112828333333,32.872265,-14.300180687939452
2024-11-26 20:00:00,34.65422788333333,13.751257883333333,24.656136,-9.998092324251296
2024-11-26 20:30:00,26.09384058333333,17.2031,19.88973,-6.2041101298421175
2024-11-26 21:00:00,25.82007045,16.264911066666667,19.38281,-6.437259857348632
2024-11-26 21:30:00,27.33078395,17.212477633333332,19.653656,-7.677127944140626
2024-11-26 22:00:00,18.97983135,18.668264416666663,17.486568,-1.493262899072267
2024-11-26 22:30:00,20.265621766666666,16.53801335,18.596191,-1.6694303604166656
2024-11-26 23:00:00,22.933984866666663,19.537851083333333,19.374765,-3.5592194705484985
2024-11-26 23:30:00,22.04116666666667,21.71920448333333,19.843508,-2.197658899943036
2024-11-27 00:00:00,20.95237895,22.211946633333337,19.366287,-1.5860917185546874
2024-11-27 00:30:00,21.759927766666664,21.630377266666667,19.450268,-2.309659974918617
2024-11-27 01:00:00,25.0036435,20.631706583333337,19.816782,-5.186861502319335
2024-11-27 01:30:00,24.166403266666663,18.19162728333333,19.67641,-4.489992591617835
2024-11-27 02:00:00,22.7640389,18.3816523,19.688406,-3.0756329093994133
2024-11-27 02:30:00,23.316102150000003,19.35753325,21.233126,-2.0829764633544947
2024-11-27 03:00:00,22.69791783333333,19.02735326666667,20.03776,-2.6601580524495425
2024-11-27 03:30:00,22.43830798333333,17.507445399999998,20.4599,-1.9784080809895812
2024-11-27 04:00:00,21.66568445,18.68018843333333,21.506155,-0.1595294359619146
2024-11-27 04:30:00,22.879729616666665,18.0078317,21.9024,-0.9773305535563139
2024-11-27 05:00:00,20.66750558333333,16.35152495,19.065386,-1.602119764851885
2024-11-27 05:30:00,17.254908883333332,12.48523555,16.828283,-0.42662557339680873
2024-11-27 06:00:00,19.538294566666668,7.215382183333333,12.816001,-6.7222936282511405
2024-11-27 06:30:00,14.362581583333332,9.643093983333332,14.175829,-0.18675264961751203
2024-11-27 07:00:00,13.062968933333332,6.0387445,8.166404,-4.896565162886555
2024-11-27 07:30:00,11.627457783333334,5.182437733333333,7.27312,-4.354337856880697
2024-11-27 08:00:00,3.673629866666667,-11.32784435,1.3932574,-2.2803724871348066
2024-11-27 08:30:00,-1.1245476666666672,-32.9314962,-12.164739,-11.040190988423666
2024-11-27 09:00:00,-18.5672628,-55.628412133333335,-21.88791,-3.320648042895506
2024-11-27 09:30:00,-21.961594416666667,-75.51328341666667,-35.954945,-13.993350193929036
2024-11-27 10:00:00,-43.76893558333333,-99.74392281666668,-49.191017,-5.422081567545575
2024-11-27 10:30:00,-62.559553783333335,-119.0530151,-63.8041,-1.2445462532877585
2024-11-27 11:00:00,-69.17316943333333,-131.42802388333334,-73.84668,-4.673510254166672
2024-11-27 11:30:00,-83.54721283333333,-146.17907048333333,-84.03751,-0.4903008995768232
2024-11-27 12:00:00,-103.04759425,-152.08519511666665,-105.99538,-2.9477823369140594
2024-11-27 12:30:00,-101.12290501666666,-150.50591881666665,-102.84163,-1.7187240116536486
2024-11-27 13:00:00,-96.45732005,-145.85976848333334,-97.27228,-0.814957782031243
2024-11-27 13:30:00,-105.18592161666668,-140.36380713333332,-103.75171,1.4342126322916755
2024-11-27 14:00:00,-89.02130786666667,-111.8005844,-87.51947,1.5018376518229246
2024-11-27 14:30:00,-70.50136893333332,-112.10186991666669,-74.29451,-3.793140954361988
2024-11-27 15:00:00,-68.1590343,-86.07635831666666,-70.60202,-2.442985963671873
2024-11-27 15:30:00,-60.25168826666667,-70.92313436666667,-60.752254,-0.5005662194173155
2024-11-27 16:00:00,-40.19231336666667,-38.183881066666665,-42.282833,-2.090519732698567
2024-11-27 16:30:00,-37.030579583333335,-22.790490516666665,-31.677294,5.353285805867515
2024-11-27 17:00:00,-17.39060063333333,-13.3013723,-16.447495,0.9431061264973941
2024-11-27 17:30:00,13.161659300000002,-0.246833333333333,5.8649087,-7.296750604779055
2024-11-27 18:00:00,17.64774545,10.917144383333332,11.915984,-5.73176129625244
2024-11-27 18:30:00,22.904654333333337,16.8761523,18.083956,-4.820698568562829
2024-11-27 19:00:00,21.57039658333333,38.5035005,22.695137,1.1247404405924506
2024-11-27 19:30:00,25.4167628,47.17244555,25.94491,0.5281472494384758
2024-11-27 20:00:00,27.047199000000003,34.65422788333333,26.517637,-0.5295617471923855
2024-11-27 20:30:00,23.844567183333336,26.09384058333333,21.150257,-2.6943100727376326
2024-11-27 21:00:00,18.60809285,25.82007045,19.747997,1.1399044339355484
2024-11-27 21:30:00,17.244401016666668,27.33078395,20.268986,3.0245847316243477
2024-11-27 22:00:00,14.834871116666667,18.97983135,18.89275,4.057878669710286
2024-11-27 22:30:00,17.131284466666667,20.265621766666666,18.549086,1.4178011503987626
2024-11-27 23:00:00,20.349842166666665,22.933984866666663,19.906212,-0.44363031363932137
2024-11-27 23:30:00,20.35813723333333,22.04116666666667,21.045881,0.6877440380289741
2024-11-28 00:00:00,18.84307503333333,20.95237895,21.278456,2.4353807009195982
2024-11-28 00:30:00,17.822033916666665,21.759927766666664,21.094435,3.272400821492514
2024-11-28 01:00:00,18.66346725,25.0036435,20.39594,1.7324735306396484
2024-11-28 01:30:00,18.13860165,24.166403266666663,20.576162,2.4375606882568377
2024-11-28 02:00:00,18.844771066666667,22.7640389,20.207052,1.3622811641682944
2024-11-28 02:30:00,19.20675885,23.316102150000003,20.323875,1.1171165772460938
2024-11-28 03:00:00,19.26150613333333,22.69791783333333,20.734653,1.4731473395670598
2024-11-28 03:30:00,21.716242766666667,22.43830798333333,21.484587,-0.23165605096842512
2024-11-28 04:00:00,19.13643546666667,21.66568445,21.190855,2.0544195595784487
2024-11-28 04:30:00,20.1728066,22.879729616666665,21.06101,0.8882037607177722
2024-11-28 05:00:00,16.938204433333333,20.66750558333333,19.294735,2.356530521500652
2024-11-28 05:30:00,16.25180668333333,17.254908883333332,16.181587,-0.0702194640950502
2024-11-28 06:00:00,8.633160566666666,19.538294566666668,11.628605,2.99544432224935
2024-11-28 06:30:00,7.694234000000001,14.362581583333332,7.6650405,-0.029193506988526075
2024-11-28 07:00:00,1.402286733333333,13.062968933333332,4.4512253,3.048938547428386
2024-11-28 07:30:00,-4.901788366666668,11.627457783333334,-2.4667506,2.435037744871014
2024-11-28 08:00:00,-16.901217566666666,3.673629866666667,-14.432738,2.468479262528483
2024-11-28 08:30:00,-17.733342283333332,-1.1245476666666672,-20.235615,-2.502272493277996
2024-11-28 09:00:00,-35.76023023333334,-18.5672628,-37.15414,-1.393910239078771
2024-11-28 09:30:00,-63.86548788333334,-21.961594416666667,-58.394882,5.4706056811848995
2024-11-28 10:00:00,-57.59570051666666,-43.76893558333333,-60.824066,-3.2283656454427145
2024-11-28 10:30:00,-68.73731108333334,-62.559553783333335,-71.9601,-3.222787183268224
2024-11-28 11:00:00,-79.14591618333334,-69.17316943333333,-83.99516,-4.849246780533846
2024-11-28 11:30:00,-92.71615315,-83.54721283333333,-92.98535,-0.2691984125000033
2024-11-28 12:00:00,-94.5364202,-103.04759425,-95.39385,-0.8574320338867238
2024-11-28 12:30:00,-94.60974505,-101.12290501666666,-94.60142,0.008327508496094538
2024-11-28 13:00:00,-82.12747891666666,-96.45732005,-88.46428,-6.336800258138027
2024-11-28 13:30:00,-76.29335336666666,-105.18592161666668,-81.63287,-5.339520168489585
2024-11-28 14:00:00,-75.80811608333333,-89.02130786666667,-80.334,-4.525883550455731
2024-11-28 14:30:00,-63.20559285,-70.50136893333332,-65.68226,-2.476665755957029
2024-11-28 15:00:00,-54.90054106666667,-68.1590343,-54.27334,0.6272027487955754
2024-11-28 15:30:00,-43.20536273333334,-60.25168826666667,-43.129276,0.07608645769857247
2024-11-28 16:00:00,-28.70232873333333,-40.19231336666667,-32.043995,-3.3416661702311217
2024-11-28 16:30:00,-16.830023699999998,-37.030579583333335,-22.966877,-6.13685328364258
2024-11-28 17:00:00,-17.2148772,-17.39060063333333,-15.758162,1.4567156552001954
2024-11-28 17:30:00,-10.045618333333332,13.161659300000002,-0.47953084,9.566087492221195
2024-11-28 18:00:00,5.461091716666666,17.64774545,8.82085,3.359758655647787
2024-11-28 18:30:00,12.40449995,22.904654333333337,14.977465,2.5729647259033204
2024-11-28 19:00:00,18.4014799,21.57039658333333,20.141258,1.7397783397460955
2024-11-28 19:30:00,25.25516898333333,25.4167628,23.607092,-1.6480770796468072
2024-11-28 20:00:00,28.432718283333333,27.047199000000003,25.273285,-3.159433371223958
2024-11-28 20:30:00,18.53925663333333,23.844567183333336,21.576542,3.037285267301435
2024-11-28 21:00:00,21.559558866666663,18.60809285,21.599443,0.03988456900228243
2024-11-28 21:30:00,19.072227283333334,17.244401016666668,20.141167,1.0689394036783852
2024-11-28 22:00:00,19.56518215,14.834871116666667,17.570612,-1.9945701962646467
2024-11-28 22:30:00,19.629725416666663,17.131284466666667,19.533773,-0.09595199442545166
2024-11-28 23:00:00,21.81245768333333,20.349842166666665,21.04837,-0.7640873220052065
2024-11-28 23:30:00,23.34725063333333,20.35813723333333,20.874136,-2.4731146622639955
2024-11-29 00:00:00,21.546649483333336,18.84307503333333,21.299734,-0.24691536773275047
2024-11-29 00:30:00,19.98762855,17.822033916666665,20.869455,0.8818267875244139
2024-11-29 01:00:00,18.89495833333333,18.66346725,20.841698,1.9467393595377622
2024-11-29 01:30:00,16.937392300000003,18.13860165,20.945759,4.0083665195800755
2024-11-29 02:00:00,17.168255516666665,18.844771066666667,21.335632,4.167376807552085
2024-11-29 02:30:00,16.669328966666665,19.20675885,21.128496,4.45916720337728
2024-11-29 03:00:00,17.41437111666667,19.26150613333333,21.592312,4.177940742464191
2024-11-29 03:30:00,17.901419316666665,21.716242766666667,21.934072,4.032653177840171
2024-11-29 04:00:00,21.186626683333333,19.13643546666667,21.725538,0.5389115704508463
2024-11-29 04:30:00,20.594134466666667,20.1728066,21.60136,1.0072258543782553
2024-11-29 05:00:00,18.04938615,16.938204433333333,19.642101,1.5927151378417967
2024-11-29 05:30:00,16.227114866666668,16.25180668333333,17.370878,1.1437633529378246
2024-11-29 06:00:00,10.38103185,8.633160566666666,13.418496,3.0374642818969733
2024-11-29 06:30:00,6.7236732833333335,7.694234000000001,9.881785,3.158112109427897
2024-11-29 07:00:00,-2.7866167,1.402286733333333,4.03346,6.820076840228271
2024-11-29 07:30:00,-6.723687850000001,-4.901788366666668,-5.8432174,0.8804704771057139
2024-11-29 08:00:00,-18.57599723333333,-16.901217566666666,-16.491232,2.084765314998368
2024-11-29 08:30:00,-28.4596672,-17.733342283333332,-28.547873,-0.08820534333496255
2024-11-29 09:00:00,-42.18415001666667,-35.76023023333334,-40.55807,1.6260788801920611
2024-11-29 09:30:00,-60.7776299,-63.86548788333334,-59.282078,1.4955521106933602
2024-11-29 10:00:00,-73.12138768333334,-57.59570051666666,-69.36396,3.7574274172200575
2024-11-29 10:30:00,-79.28271445,-68.73731108333334,-77.80904,1.4736781951171878
2024-11-29 11:00:00,-86.75399888333334,-79.14591618333334,-87.72232,-0.9683216733072868
2024-11-29 11:30:00,-100.69288496666668,-92.71615315,-101.8226,-1.129716351692693
2024-11-29 12:00:00,-105.30838506666667,-94.5364202,-104.76936,0.5390216633463609
2024-11-29 12:30:00,-98.03226395,-94.60974505,-103.205315,-5.173050686230468
2024-11-29 13:00:00,-92.99930888333334,-82.12747891666666,-90.33917,2.6601365200520917
2024-11-29 13:30:00,-95.30494765,-76.29335336666666,-89.38855,5.916397845312503
2024-11-29 14:00:00,-79.8154007,-75.80811608333333,-80.55026,-0.7348617511718771
2024-11-29 14:30:00,-77.87826386666667,-63.20559285,-81.41826,-3.539994800325516
2024-11-29 15:00:00,-68.57472221666667,-54.90054106666667,-64.863,3.711723254264328
2024-11-29 15:30:00,-52.15365885,-43.20536273333334,-55.95771,-3.804051416113282
2024-11-29 16:00:00,-39.86694503333334,-28.70232873333333,-36.73074,3.136205439827478
2024-11-29 16:30:00,-29.23782975,-16.830023699999998,-21.576086,7.661743705688476
2024-11-29 17:00:00,-15.1811655,-17.2148772,-13.763927,1.4172380402832037
2024-11-29 17:30:00,4.915024466666666,-10.045618333333332,-1.9850514,-6.900075860175577
2024-11-29 18:00:00,16.277307833333335,5.461091716666666,11.83746,-4.439848269124351
2024-11-29 18:30:00,25.5793266,12.40449995,18.502663,-7.076663941308595
2024-11-29 19:00:00,27.61698885,18.4014799,21.661812,-5.955177021386717
2024-11-29 19:30:00,22.96564953333333,25.25516898333333,24.484917,1.5192671536783884
2024-11-29 20:00:00,18.3991632,28.432718283333333,25.253761,6.854598091503906
2024-11-29 20:30:00,23.231400583333336,18.53925663333333,23.663992,0.4325913447672498
2024-11-29 21:00:00,23.06823771666667,21.559558866666663,22.672825,-0.3954128570475284
2024-11-29 21:30:00,22.769086216666665,19.072227283333334,20.898577,-1.8705094802164695
2024-11-29 22:00:00,21.989056066666667,19.56518215,18.88627,-3.1027855435953775
2024-11-29 22:30:00,19.76446508333333,19.629725416666663,19.601332,-0.16313337251790117
2024-11-29 23:00:00,21.24294945,21.81245768333333,21.82596,0.5830107093017567
2024-11-29 23:30:00,21.409610033333333,23.34725063333333,21.329136,-0.08047413855794261
2024-11-30 00:00:00,23.41436183333333,21.546649483333336,20.772055,-2.64230716109212
2024-11-30 00:30:00,21.3467478,19.98762855,20.881105,-0.46564237702636646
2024-11-30 01:00:00,25.62214155,18.89495833333333,21.986101,-3.636040399487303
2024-11-30 01:30:00,21.85898208333333,16.937392300000003,22.062729,0.2037467985026069
2024-11-30 02:00:00,21.788336,17.168255516666665,22.268576,0.4802396683349599
2024-11-30 02:30:00,21.34715053333333,16.669328966666665,22.06645,0.7192995856852242
2024-11-30 03:00:00,22.865218916666667,17.41437111666667,22.679459,-0.18576029850260412
2024-11-30 03:30:00,22.530906150000003,17.901419316666665,23.400309,0.8694024590087857
2024-11-30 04:00:00,21.7189917,21.186626683333333,22.374773,0.6557813255126952
2024-11-30 04:30:00,21.76556878333333,20.594134466666667,21.738039,-0.027529766609696082
2024-11-30 05:00:00,19.97079618333333,18.04938615,19.231714,-0.7390819346761042
2024-11-30 05:30:00,19.475399383333333,16.227114866666668,17.661558,-1.8138412320882153
2024-11-30 06:00:00,18.9405674,10.38103185,13.598348,-5.3422197361206045
2024-11-30 06:30:00,13.050420583333334,6.7236732833333335,14.029851,0.9794303764444976
2024-11-30 07:00:00,10.441037266666669,-2.7866167,9.896763,-0.5442744187662782
2024-11-30 07:30:00,13.522689933333334,-6.723687850000001,3.504631,-10.018058890852865
2024-11-30 08:00:00,13.941370016666667,-18.57599723333333,5.3683257,-8.573044306370036
2024-11-30 08:30:00,9.878716183333331,-28.4596672,6.529418,-3.349298191695148
2024-11-30 09:00:00,2.6784628333333327,-42.18415001666667,-2.3832152,-5.061678022313435
2024-11-30 09:30:00,0.6305172833333333,-60.7776299,-3.3472939,-3.977811137093099
2024-11-30 10:00:00,-9.448567183333331,-73.12138768333334,-17.695293,-8.24672624318034
2024-11-30 10:30:00,-29.8193007,-79.28271445,-34.835358,-5.016056966015626
2024-11-30 11:00:00,-36.63330506666667,-86.75399888333334,-44.272827,-7.639522081770828
2024-11-30 11:30:00,-48.61417263333333,-100.69288496666668,-52.470863,-3.856690708951824
2024-11-30 12:00:00,-48.178042866666665,-105.30838506666667,-58.683216,-10.505173228304038
2024-11-30 12:30:00,-52.880598866666666,-98.03226395,-58.742775,-5.86217609671224
2024-11-30 13:00:00,-44.30058556666666,-92.99930888333334,-56.747974,-12.447388829085291
2024-11-30 13:30:00,-46.1595683,-95.30494765,-53.01343,-6.853863249072269
2024-11-30 14:00:00,-48.39539101666667,-79.8154007,-56.013256,-7.617865056331375
2024-11-30 14:30:00,-48.91509115,-77.87826386666667,-54.988876,-6.073785192773435
2024-11-30 15:00:00,-50.31391835,-68.57472221666667,-54.344666,-4.030747177343748
2024-11-30 15:30:00,-45.669599966666674,-52.15365885,-47.882835,-2.21323542151692
2024-11-30 16:00:00,-41.60737891666667,-39.86694503333334,-42.4404,-0.8330202532552065
2024-11-30 16:30:00,-32.62157106666667,-29.23782975,-25.421171,7.200399878312176
2024-11-30 17:00:00,-19.225177233333334,-15.1811655,-15.846719,3.378458445186361
2024-11-30 17:30:00,-14.323852283333332,4.915024466666666,-4.3663874,9.957464916084797
2024-11-30 18:00:00,-8.82413665,16.277307833333335,5.196662,14.020798599157715
2024-11-30 18:30:00,3.545136683333333,25.5793266,9.81811,6.2729737826700855
2024-11-30 19:00:00,10.942513233333331,27.61698885,16.66535,5.722836726993817
2024-11-30 19:30:00,15.55270605,22.96564953333333,19.872042,4.319335652270508
2024-11-30 20:00:00,23.61006495,18.3991632,22.218119,-1.3919462823974627
2024-11-30 20:30:00,20.7924761,23.231400583333336,21.275196,0.4827199754394549
2024-11-30 21:00:00,27.573486733333336,23.06823771666667,21.563728,-6.009758400813805
2024-11-30 21:30:00,25.5243517,22.769086216666665,20.65419,-4.870161636523438
2024-11-30 22:00:00,23.75600843333333,21.989056066666667,19.610239,-4.145769404402667
2024-11-30 22:30:00,18.99777113333333,19.76446508333333,19.96979,0.9720183716715525
2024-11-30 23:00:00,21.300918183333334,21.24294945,20.49264,-0.8082786417073571
2024-11-30 23:30:00,24.8521955,21.409610033333333,21.010683,-3.8415124403076177
2024-12-01 00:00:00,23.051962866666667,23.41436183333333,21.154821,-1.8971414707926435
2024-12-01 00:30:00,20.434451266666667,21.3467478,20.01786,-0.4165908540690104
2024-12-01 01:00:00,20.92526115,25.62214155,19.902285,-1.022976527807618
2024-12-01 01:30:00,20.4841088,21.85898208333333,19.780272,-0.7038372698486342
2024-12-01 02:00:00,20.159716666666665,21.788336,19.966948,-0.19276911112467232
2024-12-01 02:30:00,21.7254011,21.34715053333333,20.33986,-1.3855401838623038
2024-12-01 03:00:00,21.567946666666668,22.865218916666667,20.248997,-1.318949932047527
2024-12-01 03:30:00,22.472235633333337,22.530906150000003,20.574347,-1.8978890909749389
2024-12-01 04:00:00,21.2224072,21.7189917,21.206236,-0.016171314379882062
2024-12-01 04:30:00,20.5246028,21.76556878333333,20.350113,-0.17448988496093776
2024-12-01 05:00:00,14.847358166666666,19.97079618333333,18.88504,4.037682116536459
2024-12-01 05:30:00,11.872675566666668,19.475399383333333,17.258694,5.386018128401691
2024-12-01 06:00:00,11.231090666666669,18.9405674,13.036242,1.8051508647054018
2024-12-01 06:30:00,3.296478833333333,13.050420583333334,9.377415,6.080935870035807
2024-12-01 07:00:00,-5.827853999999999,10.441037266666669,1.0820688,6.909922800926208
2024-12-01 07:30:00,-8.502578216666667,13.522689933333334,-0.9834169,7.519161301726786
2024-12-01 08:00:00,-17.44998995,13.941370016666667,-8.514822,8.935167943774413
2024-12-01 08:30:00,-34.481697716666666,9.878716183333331,-28.016357,6.465340294791666
2024-12-01 09:00:00,-49.40146825,2.6784628333333327,-43.533146,5.868322345458985
2024-12-01 09:30:00,-71.85632220000001,0.6305172833333333,-71.21424,0.6420811721679769
2024-12-01 10:00:00,-70.83923115,-9.448567183333331,-71.73694,-0.8977073265624966
2024-12-01 10:30:00,-81.52881671666667,-29.8193007,-79.81718,1.711639897819012
2024-12-01 11:00:00,-87.5894779,-36.63330506666667,-87.20298,0.3864978584960994
2024-12-01 11:30:00,-100.79494,-48.61417263333333,-99.784065,1.0108747534179656
2024-12-01 12:00:00,-89.87234153333333,-48.178042866666665,-95.98337,-6.111026386588549
2024-12-01 12:30:00,-104.35149058333332,-52.880598866666666,-106.95375,-2.6022600270182465
2024-12-01 13:00:00,-117.128961,-44.30058556666666,-111.28089,5.848069581542973
2024-12-01 13:30:00,-92.88167281666666,-46.1595683,-96.595,-3.71332840403646
2024-12-01 14:00:00,-77.5248132,-48.39539101666667,-82.20924,-4.6844305744140655
2024-12-01 14:30:00,-67.0317423,-48.91509115,-70.67792,-3.6461751804687452
2024-12-01 15:00:00,-63.074813266666666,-50.31391835,-63.80245,-0.7276350060384118
2024-12-01 15:30:00,-61.2950611,-45.669599966666674,-61.13523,0.15983008193359183
2024-12-01 16:00:00,-47.0665262,-41.60737891666667,-43.90431,3.1622178809082016
2024-12-01 16:30:00,-39.0975296,-32.62157106666667,-35.13264,3.9648887613769546
2024-12-01 17:00:00,-16.23146063333333,-19.225177233333334,-15.291842,0.9396181727010067
2024-12-01 17:30:00,-7.951066099999999,-14.323852283333332,-6.898311,1.0527549618469232
2024-12-01 18:00:00,3.1965916,-8.82413665,-0.21679421,-3.4133858076921464
2024-12-01 18:30:00,10.524156716666669,3.545136683333333,10.41687,-0.10728659947916874
2024-12-01 19:00:00,12.5201161,10.942513233333331,15.545258,3.025141468359376
2024-12-01 19:30:00,18.144909,15.55270605,20.856724,2.7118147854003922
2024-12-01 20:00:00,18.63115718333333,23.61006495,20.957209,2.3260514500895226
2024-12-01 20:30:00,18.82692005,20.7924761,20.968939,2.14201877751465
2024-12-01 21:00:00,17.4283644,27.573486733333336,21.703024,4.274659510522461
2024-12-01 21:30:00,17.740115433333333,25.5243517,21.06751,3.3273951715250654
2024-12-01 22:00:00,15.575073349999998,23.75600843333333,20.943312,5.368238341284181
2024-12-01 22:30:00,14.554556216666668,18.99777113333333,19.161697,4.607141171028644
2024-12-01 23:00:00,20.183361716666667,21.300918183333334,21.358196,1.1748345418782549
2024-12-01 23:30:00,19.04303338333333,24.8521955,22.29765,3.254616000211591
2024-12-02 00:00:00,20.65046105,23.051962866666667,22.259792,1.6093312778808588
2024-12-02 00:30:00,21.097824666666664,20.434451266666667,21.966625,0.8688005469563826
2024-12-02 01:00:00,19.758618466666665,20.92526115,22.273708,2.5150898768391947
2024-12-02 01:30:00,20.1548517,20.4841088,21.894855,1.7400037992675799
2024-12-02 02:00:00,20.225241566666668,20.159716666666665,21.694973,1.4697314252766915
2024-12-02 02:30:00,22.30906618333333,21.7254011,22.07436,-0.23470628953450046
2024-12-02 03:00:00,22.62732945,21.567946666666668,22.412853,-0.2144762090332044
2024-12-02 03:30:00,24.30959895,22.472235633333337,22.791702,-1.517896679492189
2024-12-02 04:00:00,28.72417555,21.2224072,22.719149,-6.00502691413574
2024-12-02 04:30:00,28.5982583,20.5246028,22.283646,-6.314612670117189
2024-12-02 05:00:00,18.95138833333333,14.847358166666666,18.94787,-0.0035180788167288313
2024-12-02 05:30:00,13.610688383333333,11.872675566666668,16.175762,2.565073793180339
2024-12-02 06:00:00,6.544858416666667,11.231090666666669,12.11698,5.572121182332356
2024-12-02 06:30:00,10.42716735,3.296478833333333,8.632353,-1.7948145210205073
2024-12-02 07:00:00,-5.587418866666667,-5.827853999999999,-0.63526493,4.952153933557383
2024-12-02 07:30:00,-22.31371628333333,-8.502578216666667,-8.815401,13.498315206062824
2024-12-02 08:00:00,-40.0401033,-17.44998995,-30.78745,9.252652509594725
2024-12-02 08:30:00,-57.94843671666666,-34.481697716666666,-51.403492,6.54494474278971
2024-12-02 09:00:00,-73.98143841666666,-49.40146825,-65.98744,7.9939964000651
2024-12-02 09:30:00,-90.9348828,-71.85632220000001,-91.43825,-0.5033648806640656
2024-12-02 10:00:00,-108.77237238333332,-70.83923115,-109.38778,-0.6154068525065242
2024-12-02 10:30:00,-131.22314105,-81.52881671666667,-126.99479,4.228351926464853
2024-12-02 11:00:00,-145.7814466,-87.5894779,-138.566,7.215452337304697
2024-12-02 11:30:00,-158.46102403333333,-100.79494,-153.49754,4.963480698372393
2024-12-02 12:00:00,-142.99471935,-89.87234153333333,-145.89815,-2.9034282330078156
2024-12-02 12:30:00,-142.89894998333332,-104.35149058333332,-147.01604,-4.117087003971363
2024-12-02 13:00:00,-144.71002124999998,-117.128961,-144.51353,0.19648670410154523
2024-12-02 13:30:00,-133.49764613333335,-92.88167281666666,-132.95796,0.539684097200535
2024-12-02 14:00:00,-98.18866066666668,-77.5248132,-97.755196,0.43346504899089666
2024-12-02 14:30:00,-71.06587061666666,-67.0317423,-76.04964,-4.983766224153655
2024-12-02 15:00:00,-57.9878556,-63.074813266666666,-61.418488,-3.430631948828122
2024-12-02 15:30:00,-42.99649003333334,-61.2950611,-51.833256,-8.836765734488928
2024-12-02 16:00:00,-30.229060633333333,-47.0665262,-35.786373,-5.5573125050944014
2024-12-02 16:30:00,-21.820090566666668,-39.0975296,-27.250887,-5.43079635044759
2024-12-02 17:00:00,-2.94188315,-16.23146063333333,-7.709334,-4.767450746636963
2024-12-02 17:30:00,4.5602561,-7.951066099999999,2.1717067,-2.388549423516846
2024-12-02 18:00:00,18.553908333333336,3.1965916,13.266177,-5.287731155904137
2024-12-02 18:30:00,21.02126383333333,10.524156716666669,16.370094,-4.651169534016923
2024-12-02 19:00:00,22.976056716666665,12.5201161,19.722874,-3.2531830289225248
2024-12-02 19:30:00,20.487504916666666,18.144909,23.281689,2.7941837735188813
2024-12-02 20:00:00,31.27110511666667,18.63115718333333,23.919788,-7.351316756070968
2024-12-02 20:30:00,28.893427300000003,18.82692005,24.088251,-4.805176186108401
2024-12-02 21:00:00,30.927745583333333,17.4283644,23.688051,-7.239694359578451
2024-12-02 21:30:00,26.468507133333333,17.740115433333333,22.403624,-4.064883552400715
2024-12-02 22:00:00,26.8218033,15.575073349999998,20.829575,-5.992228715039062
2024-12-02 22:30:00,24.618680033333334,14.554556216666668,19.121382,-5.497298273689779
2024-12-02 23:00:00,25.17585995,20.183361716666667,21.469208,-3.7066521863281245
2024-12-02 23:30:00,22.4031289,19.04303338333333,21.646788,-0.7563412565673815
2024-12-03 00:00:00,20.6745506,20.65046105,21.899769,1.2252182293457032
2024-12-03 00:30:00,23.223398983333336,21.097824666666664,21.542263,-1.6811359523274767
2024-12-03 01:00:00,22.92724383333333,19.758618466666665,21.959888,-0.9673553750813753
2024-12-03 01:30:00,22.762704466666666,20.1548517,20.95304,-1.8096652973551421
2024-12-03 02:00:00,23.5977817,20.225241566666668,20.559513,-3.038268607958983
2024-12-03 02:30:00,23.50990225,22.30906618333333,21.849625,-1.6602776162109372
2024-12-03 03:00:00,23.11961343333333,22.62732945,22.847115,-0.27249887034504994
2024-12-03 03:30:00,23.23853843333333,24.30959895,23.243114,0.004576038102218405
2024-12-03 04:00:00,23.31950116666667,28.72417555,22.755436,-0.5640652230631531
2024-12-03 04:30:00,24.442280850000003,28.5982583,22.212385,-2.2298956723876984
2024-12-03 05:00:00,19.98450895,18.95138833333333,18.825937,-1.1585716788818345
2024-12-03 05:30:00,19.0079489,13.610688383333333,15.564598,-3.443350816503905
2024-12-03 06:00:00,23.999574483333333,6.544858416666667,13.709265,-10.29030972808431
2024-12-03 06:30:00,18.263411216666665,10.42716735,13.341862,-4.921549491813149
2024-12-03 07:00:00,9.210473766666668,-5.587418866666667,3.66288,-5.547593822819012
2024-12-03 07:30:00,5.759035516666667,-22.31371628333333,1.8696439,-3.8893915900461833
2024-12-03 08:00:00,-0.2589254333333338,-40.0401033,-5.3593426,-5.100417141739908
2024-12-03 08:30:00,-4.869920616666668,-57.94843671666666,-10.266762,-5.396841163118488
2024-12-03 09:00:00,-8.769489966666667,-73.98143841666666,-9.97744,-1.207949913704427
2024-12-03 09:30:00,-21.00306165,-90.9348828,-24.328897,-3.3258358261962897
2024-12-03 10:00:00,-45.2285121,-108.77237238333332,-43.65085,1.5776637113281282
2024-12-03 10:30:00,-59.89041165,-131.22314105,-60.384888,-0.4944760453125028
2024-12-03 11:00:00,-66.2543029,-145.7814466,-68.75714,-2.502838213281251
2024-12-03 11:30:00,-78.81031098333334,-158.46102403333333,-76.32812,2.482193612727869
2024-12-03 12:00:00,-72.59077611666666,-142.99471935,-80.38837,-7.79759058255209
2024-12-03 12:30:00,-82.67055491666667,-142.89894998333332,-85.433464,-2.7629091336262945
2024-12-03 13:00:00,-83.53207225,-144.71002124999998,-84.520454,-0.9883821567382824
2024-12-03 13:30:00,-79.38297443333333,-133.49764613333335,-83.978065,-4.595091057389325
2024-12-03 14:00:00,-80.85455161666667,-98.18866066666668,-90.011024,-9.156472858430988
2024-12-03 14:30:00,-81.04534548333334,-71.06587061666666,-80.229515,0.8158304076497416
2024-12-03 15:00:00,-74.02546451666666,-57.9878556,-72.81335,1.2121176538736904
2024-12-03 15:30:00,-72.61398715,-42.99649003333334,-66.023964,6.590023221777344
2024-12-03 16:00:00,-52.53505619999999,-30.229060633333333,-48.456177,4.0788794421874925
2024-12-03 16:30:00,-40.88694216666666,-21.820090566666668,-35.34529,5.541651028971344
2024-12-03 17:00:00,-24.78845348333333,-2.94188315,-14.944232,9.84422149633382
2024-12-03 17:30:00,-3.688374500000001,4.5602561,-3.930089,-0.24171449688720603
2024-12-03 18:00:00,5.991340149999999,18.553908333333336,8.787042,2.795701514123536
2024-12-03 18:30:00,13.46658675,21.02126383333333,14.863537,1.3969500847167975
2024-12-03 19:00:00,10.487336183333332,22.976056716666665,19.70887,9.2215337507487
2024-12-03 19:30:00,13.278115066666668,20.487504916666666,18.226799,4.9486839445638005
2024-12-03 20:00:00,18.04913853333333,31.27110511666667,23.257416,5.2082772381510445
2024-12-03 20:30:00,21.570812766666663,28.893427300000003,23.088593,1.5177797626302123
2024-12-03 21:00:00,23.13061933333333,30.927745583333333,25.51306,2.382440282755539
2024-12-03 21:30:00,20.291369466666666,26.468507133333333,23.557074,3.2657041264729827
2024-12-03 22:00:00,16.172307683333333,26.8218033,21.427467,5.255159662858073
2024-12-03 22:30:00,19.4790027,24.618680033333334,20.981073,1.5020706795166028
2024-12-03 23:00:00,16.08495123333333,25.17585995,21.264181,5.179229903751629
2024-12-03 23:30:00,16.669327016666667,22.4031289,22.168453,5.499126199886067
2024-12-04 00:00:00,15.639848883333334,20.6745506,20.926727,5.286878411588541
2024-12-04 00:30:00,16.78453905,23.223398983333336,20.731794,3.9472553072998053
2024-12-04 01:00:00,18.17808115,22.92724383333333,20.507326,2.3292449760986322
2024-12-04 01:30:00,17.238822783333333,22.762704466666666,20.368816,3.1299935923990887
2024-12-04 02:00:00,17.358186666666665,23.5977817,20.045216,2.6870289400227882
2024-12-04 02:30:00,19.293570516666662,23.50990225,21.165045,1.8714742678792362
2024-12-04 03:00:00,21.50430778333333,23.11961343333333,21.659967,0.1556596391520202
2024-12-04 03:30:00,21.581958933333336,23.23853843333333,23.349438,1.7674787802897107
2024-12-04 04:00:00,28.2539372,23.31950116666667,23.750795,-4.5031418356201165
2024-12-04 04:30:00,26.833814933333333,24.442280850000003,23.565533,-3.268282249007161
2024-12-04 05:00:00,17.3737722,19.98450895,17.696358,0.32258552705078003
2024-12-04 05:30:00,4.8779796,19.0079489,14.041716,9.163736021948242
2024-12-04 06:00:00,6.465251599999999,23.999574483333333,8.9080925,2.4428408987792976
2024-12-04 06:30:00,10.102392083333331,18.263411216666665,8.125787,-1.9766053020222962
2024-12-04 07:00:00,10.804266016666666,9.210473766666668,5.4144773,-5.38978866833903
2024-12-04 07:30:00,-0.3202167499999995,5.759035516666667,-0.54166746,-0.22145071139526418
2024-12-04 08:00:00,-22.603553816666665,-0.2589254333333338,-22.159569,0.443985030045571
2024-12-04 08:30:00,-59.42726441666667,-4.869920616666668,-57.36825,2.059012616129557
2024-12-04 09:00:00,-80.13977208333334,-8.769489966666667,-78.704155,1.4356171150716222
2024-12-04 09:30:00,-92.85184613333332,-21.00306165,-88.26248,4.5893644438802
2024-12-04 10:00:00,-94.52743986666668,-45.2285121,-94.0524,0.47504118502605763
2024-12-04 10:30:00,-122.6534865,-59.89041165,-115.76449,6.888998279785156
2024-12-04 11:00:00,-144.93831225,-66.2543029,-140.87756,4.060748773437496
2024-12-04 11:30:00,-155.36285325,-78.81031098333334,-151.89325,3.4696037382812506
2024-12-04 12:00:00,-167.4189433,-72.59077611666666,-157.19298,10.225965394726558
2024-12-04 12:30:00,-166.72726671666666,-82.67055491666667,-158.81158,7.915682244010412
2024-12-04 13:00:00,-153.75229105,-83.53207225,-146.40506,7.347231235546872
2024-12-04 13:30:00,-142.0266622166667,-79.38297443333333,-138.26749,3.7591756444010684
2024-12-04 14:00:00,-123.10084895,-80.85455161666667,-120.522095,2.5787542234374996
2024-12-04 14:30:00,-107.15047095,-81.04534548333334,-103.476875,3.6735956448242177
2024-12-04 15:00:00,-88.08749618333333,-74.02546451666666,-85.65822,2.4292777995442663
2024-12-04 15:30:00,-77.42568441666667,-72.61398715,-77.28271,0.1429772023112008
2024-12-04 16:00:00,-70.95503383333333,-52.53505619999999,-58.87781,12.077222401448566
2024-12-04 16:30:00,-57.117625616666665,-40.88694216666666,-50.433064,6.684562109586587
2024-12-04 17:00:00,-38.516502716666665,-24.78845348333333,-29.338205,9.17829737914225
2024-12-04 17:30:00,-12.794345416666667,-3.688374500000001,-9.555303,3.239042796732585
2024-12-04 18:00:00,2.0751790500000005,5.991340149999999,1.5391029,-0.5360761380508428
2024-12-04 18:30:00,11.925100566666666,13.46658675,10.994904,-0.9301970022135411
2024-12-04 19:00:00,5.212876083333334,10.487336183333332,12.048066,6.835190055887858
2024-12-04 19:30:00,8.890755583333334,13.278115066666668,14.66331,5.772554467631021
2024-12-04 20:00:00,18.633534583333333,18.04913853333333,20.522982,1.889447060343425
2024-12-04 20:30:00,25.320079566666667,21.570812766666663,22.33094,-2.989139320084636
2024-12-04 21:00:00,24.41141508333333,23.13061933333333,22.259026,-2.1523895096028625
2024-12-04 21:30:00,24.7110189,20.291369466666666,21.875807,-2.8352120915283194
2024-12-04 22:00:00,22.811758183333332,16.172307683333333,21.59809,-1.2136689651936834
2024-12-04 22:30:00,21.273946783333333,19.4790027,20.848022,-0.4259243223958329
2024-12-04 23:00:00,23.60860603333333,16.08495123333333,21.807722,-1.800883941658526
2024-12-04 23:30:00,26.233006016666668,16.669327016666667,21.616096,-4.616909520084636
2024-12-05 00:00:00,26.030859000000003,15.639848883333334,19.696054,-6.334804541381839
2024-12-05 00:30:00,27.87484783333333,16.78453905,22.728802,-5.146046106038408
2024-12-05 01:00:00,24.90708658333333,18.17808115,23.191755,-1.7153312885335268
2024-12-05 01:30:00,23.69533278333333,17.238822783333333,22.066504,-1.6288292585530577
2024-12-05 02:00:00,26.23239613333333,17.358186666666665,21.90889,-4.323506362825519
2024-12-05 02:30:00,26.653344816666664,19.293570516666662,22.82677,-3.8265740341959606
2024-12-05 03:00:00,25.53927888333333,21.50430778333333,24.146938,-1.392340559358722
2024-12-05 03:30:00,24.86687566666667,21.581958933333336,23.870348,-0.9965276899820985
2024-12-05 04:00:00,29.707500016666668,28.2539372,26.00827,-3.6992297529947926
2024-12-05 04:30:00,30.75257608333333,26.833814933333333,24.957478,-5.795098513753253
2024-12-05 05:00:00,21.780778283333333,17.3737722,20.372667,-1.4081109707112631
2024-12-05 05:30:00,17.15439655,4.8779796,13.11204,-4.042356983959962
2024-12-05 06:00:00,7.458995000000001,6.465251599999999,9.858365,2.399370058898925
2024-12-05 06:30:00,4.537503383333333,10.102392083333331,10.046991,5.509487964933268
2024-12-05 07:00:00,4.126580966666666,10.804266016666666,2.7053397,-1.421241296485392
2024-12-05 07:30:00,-7.881079566666666,-0.3202167499999995,-5.679229,2.2018507840128576
2024-12-05 08:00:00,-29.225460466666664,-22.603553816666665,-27.857702,1.367758211417641
2024-12-05 08:30:00,-52.01166003333333,-59.42726441666667,-48.50492,3.506739073860672
2024-12-05 09:00:00,-61.21158558333334,-80.13977208333334,-63.652313,-2.4407276490885366
2024-12-05 09:30:00,-75.39129121666667,-92.85184613333332,-78.95864,-3.567349835579421
2024-12-05 10:00:00,-78.58437781666667,-94.52743986666668,-83.72062,-5.1362413849934825
2024-12-05 10:30:00,-102.34790881666667,-122.6534865,-107.75644,-5.408530392317701
2024-12-05 11:00:00,-128.35943438333334,-144.93831225,-130.63086,-2.271424991666663
2024-12-05 11:30:00,-139.43321838333335,-155.36285325,-134.89268,4.540533446809917
2024-12-05 12:00:00,-143.05613449999998,-167.4189433,-138.33998,4.716153420898422
2024-12-05 12:30:00,-148.81262496666668,-166.72726671666666,-146.24289,2.5697355623698
2024-12-05 13:00:00,-145.89845165,-153.75229105,-141.63231,4.266142690039061
2024-12-05 13:30:00,-147.26630628333334,-142.0266622166667,-142.35895,4.907358529427086
2024-12-05 14:00:00,-125.10892601666669,-123.10084895,-123.83868,1.2702495640299674
2024-12-05 14:30:00,-109.10162946666668,-107.15047095,-103.12853,5.973097056998711
2024-12-05 15:00:00,-82.95846568333333,-88.08749618333333,-81.76148,1.1969834445637986
2024-12-05 15:30:00,-78.72942103333334,-77.42568441666667,-73.742226,4.987195386360682
2024-12-05 16:00:00,-59.29082508333334,-70.95503383333333,-60.11344,-0.8226163839518179
2024-12-05 16:30:00,-46.304747683333325,-57.117625616666665,-42.022423,4.282324892805981
2024-12-05 17:00:00,-22.514099366666667,-38.516502716666665,-23.750881,-1.2367818284016927
2024-12-05 17:30:00,-0.4723349666666664,-12.794345416666667,-3.4619286,-2.989593639366659
2024-12-05 18:00:00,13.44734325,2.0751790500000005,10.469605,-2.977737804138183
2024-12-05 18:30:00,20.992333866666662,11.925100566666666,17.774616,-3.217717625211584
2024-12-05 19:00:00,31.09778225,5.212876083333334,21.140066,-9.957716103149416
2024-12-05 19:30:00,34.157503283333334,8.890755583333334,24.348772,-9.808731234383139
2024-12-05 20:00:00,28.454707816666662,18.633534583333333,25.524607,-2.930101111954748
2024-12-05 20:30:00,29.2305065,25.320079566666667,24.7253,-4.5052066647949225
2024-12-05 21:00:00,25.657890533333333,24.41141508333333,24.2336,-1.424289916878255
2024-12-05 21:30:00,27.790327783333336,24.7110189,23.967665,-3.822663064705406
2024-12-05 22:00:00,26.153548366666666,22.811758183333332,23.034313,-3.119235164762369
2024-12-05 22:30:00,24.819033816666664,21.273946783333333,22.61798,-2.201054766984047
2024-12-05 23:00:00,26.800802333333333,23.60860603333333,22.545898,-4.254903895833333
2024-12-05 23:30:00,23.4497066,26.233006016666668,23.286358,-0.16334872036132708
2024-12-06 00:00:00,23.837101033333337,26.030859000000003,22.224892,-1.6122093707356804
2024-12-06 00:30:00,22.7948001,27.87484783333333,24.323914,1.5291134742187502
2024-12-06 01:00:00,22.94421785,24.90708658333333,23.23602,0.29180128452148324
2024-12-06 01:30:00,23.452368366666665,23.69533278333333,23.165667,-0.2867017864664696
2024-12-06 02:00:00,23.27546985,26.23239613333333,22.767221,-0.5082483991943363
2024-12-06 02:30:00,24.297769666666667,26.653344816666664,23.698908,-0.5988618144938158
2024-12-06 03:00:00,25.502632166666668,25.53927888333333,24.009556,-1.4930763500162776
2024-12-06 03:30:00,26.351212683333333,24.86687566666667,24.59669,-1.7545234590901693
2024-12-06 04:00:00,24.2066766,29.707500016666668,26.79315,2.5864733481201156
2024-12-06 04:30:00,24.96600173333333,30.75257608333333,27.112108,2.1461064972574917
2024-12-06 05:00:00,19.482184983333333,21.780778283333333,21.119995,1.6378101338541668
2024-12-06 05:30:00,13.1229823,17.15439655,15.802652,2.6796700590087887
2024-12-06 06:00:00,10.072481583333332,7.458995000000001,12.87338,2.800898124003094
2024-12-06 06:30:00,6.118621133333334,4.537503383333333,7.8541417,1.735520578855387
2024-12-06 07:00:00,8.049017883333333,4.126580966666666,6.9841557,-1.0648622284261062
2024-12-06 07:30:00,-3.1070137333333334,-7.881079566666666,-4.2420735,-1.135059802585856
2024-12-06 08:00:00,-10.036959433333337,-29.225460466666664,-10.117648,-0.08068869136148749
2024-12-06 08:30:00,-19.72045333333333,-52.01166003333333,-23.143974,-3.423520970865887
2024-12-06 09:00:00,-24.3425467,-61.21158558333334,-26.04365,-1.7011029734619143
2024-12-06 09:30:00,-30.86180273333333,-75.39129121666667,-33.911762,-3.049959504215497
2024-12-06 10:00:00,-43.37661226666666,-78.58437781666667,-45.966755,-2.5901426466634163
2024-12-06 10:30:00,-51.26752393333334,-102.34790881666667,-56.10638,-4.838856529313148
2024-12-06 11:00:00,-69.29729768333333,-128.35943438333334,-74.21886,-4.921559128190111
2024-12-06 11:30:00,-83.17885338333333,-139.43321838333335,-80.38551,2.7933400776692707
2024-12-06 12:00:00,-88.20394326666667,-143.05613449999998,-84.80255,3.40139199713542
2024-12-06 12:30:00,-79.73476841666667,-148.81262496666668,-80.142685,-0.40791651985676936
2024-12-06 13:00:00,-80.5573111,-145.89845165,-83.66327,-3.105957942968743
2024-12-06 13:30:00,-70.23956553333333,-147.26630628333334,-71.2144,-0.9748357117838538
2024-12-06 14:00:00,-67.73558443333333,-125.10892601666669,-69.89346,-2.1578787014322955
2024-12-06 14:30:00,-59.80765498333334,-109.10162946666668,-62.224525,-2.416870468326813
2024-12-06 15:00:00,-32.24959773333333,-82.95846568333333,-37.72562,-5.476022536442059
2024-12-06 15:30:00,-15.00941435,-78.72942103333334,-22.31792,-7.308506334814453
2024-12-06 16:00:00,-9.078533416666666,-59.29082508333334,-16.367846,-7.2893121186116545
2024-12-06 16:30:00,-5.081970083333333,-46.304747683333325,-12.053548,-6.971577775858561
2024-12-06 17:00:00,1.811236533333333,-22.514099366666667,-3.9387045,-5.749941023994954
2024-12-06 17:30:00,7.82499725,-0.4723349666666664,1.7981241,-6.026873175064087
2024-12-06 18:00:00,13.887322816666668,13.44734325,10.798303,-3.0890201662150076
2024-12-06 18:30:00,16.515157716666668,20.992333866666662,18.44823,1.9330730267415355
2024-12-06 19:00:00,20.605413816666665,31.09778225,22.151783,1.5463691728352877
2024-12-06 19:30:00,23.86439896666667,34.157503283333334,27.018719,3.154319752815752
2024-12-06 20:00:00,28.22459888333333,28.454707816666662,26.12934,-2.09525966519368
2024-12-06 20:30:00,29.61458883333333,29.2305065,26.945599,-2.668990231038407
2024-12-06 21:00:00,30.6601612,25.657890533333333,26.637966,-4.022195043994142
2024-12-06 21:30:00,26.36942003333333,27.790327783333336,24.819769,-1.5496511276936822
2024-12-06 22:00:00,24.37063605,26.153548366666666,24.31824,-0.05239683796386885
2024-12-06 22:30:00,23.67292158333333,24.819033816666664,22.786304,-0.8866171094563775
2024-12-06 23:00:00,22.17557503333333,26.800802333333333,23.522312,1.3467371309733096
2024-12-06 23:30:00,23.3326823,23.4497066,24.521055,1.1883729215576189
2024-12-07 00:00:00,27.07403938333333,23.837101033333337,25.695305,-1.3787345127278599
2024-12-07 00:30:00,25.35253828333333,22.7948001,24.530539,-0.8219997243733701
2024-12-07 01:00:00,27.393219416666668,22.94421785,24.918047,-2.4751724653727223
2024-12-07 01:30:00,26.195774933333336,23.452368366666665,24.702837,-1.4929379429768908
2024-12-07 02:00:00,26.59824555,23.27546985,24.28229,-2.3159560449951186
2024-12-07 02:30:00,27.964716733333333,24.297769666666667,25.37673,-2.587986768123372
2024-12-07 03:00:00,23.13507943333333,25.502632166666668,24.619179,1.484099338639325
2024-12-07 03:30:00,23.84311938333333,26.351212683333333,24.782085,0.9389660353678408
2024-12-07 04:00:00,24.699002383333333,24.2066766,25.6493,0.950297238248698
2024-12-07 04:30:00,23.5726773,24.96600173333333,25.878242,2.3055651926757825
2024-12-07 05:00:00,20.524588233333333,19.482184983333333,20.899942,0.37535416473795635
2024-12-07 05:30:00,17.496730583333335,13.1229823,15.194854,-2.3018768006795263
2024-12-07 06:00:00,12.714961100000002,10.072481583333332,12.488555,-0.2264061454711932
2024-12-07 06:30:00,6.4921817,6.118621133333334,9.723179,3.230997163525391
2024-12-07 07:00:00,6.4414865500000005,8.049017883333333,7.3763785,0.9348919862243648
2024-12-07 07:30:00,10.503715516666666,-3.1070137333333334,6.831903,-3.671812535862223
2024-12-07 08:00:00,-2.4367179166666664,-10.036959433333337,-4.723592,-2.286873887837728
2024-12-07 08:30:00,-19.509231866666667,-19.72045333333333,-23.767141,-4.257909475496419
2024-12-07 09:00:00,-30.561514566666663,-24.3425467,-30.634703,-0.07318811582845441
2024-12-07 09:30:00,-51.76116055,-30.86180273333333,-52.571266,-0.8101056243164066
2024-12-07 10:00:00,-63.94998820000001,-43.37661226666666,-65.99226,-2.0422755939453054
2024-12-07 10:30:00,-67.13837168333333,-51.26752393333334,-69.59595,-2.4575755822916676
2024-12-07 11:00:00,-63.6756955,-69.29729768333333,-68.223595,-4.54789916552734
2024-12-07 11:30:00,-96.14798833333332,-83.17885338333333,-94.74821,1.39978124104816
2024-12-07 12:00:00,-94.51463478333334,-88.20394326666667,-99.62234,-5.107702557975259
2024-12-07 12:30:00,-96.39762101666668,-79.73476841666667,-96.37904,0.01857743756511354
2024-12-07 13:00:00,-96.2159834,-80.5573111,-100.05672,-3.8407335189453136
2024-12-07 13:30:00,-104.20562461666668,-70.23956553333333,-102.78419,1.4214372997721512
2024-12-07 14:00:00,-94.53833001666668,-67.73558443333333,-96.727,-2.188667358821604
2024-12-07 14:30:00,-97.46442396666669,-59.80765498333334,-94.98529,2.4791334393229363
2024-12-07 15:00:00,-86.16267868333334,-32.24959773333333,-87.54174,-1.379061734147129
2024-12-07 15:30:00,-74.741261,-15.00941435,-71.45815,3.2831082290039006
2024-12-07 16:00:00,-60.38101503333333,-9.078533416666666,-54.4898,5.891215533821608
2024-12-07 16:30:00,-38.10366561666667,-5.081970083333333,-35.113644,2.990021970426433
2024-12-07 17:00:00,-14.260469550000002,1.811236533333333,-16.649961,-2.3894919215576156
2024-12-07 17:30:00,4.471505466666668,7.82499725,3.998642,-0.4728634988932301
2024-12-07 18:00:00,29.011660566666663,13.887322816666668,21.907768,-7.103892317154944
2024-12-07 18:30:00,36.20299548333333,16.515157716666668,27.00768,-9.195314590388996
2024-12-07 19:00:00,37.5466767,20.605413816666665,27.841486,-9.705190722827147
2024-12-07 19:30:00,37.4044479,23.86439896666667,32.69435,-4.7100967037109385
2024-12-07 20:00:00,29.32663838333333,28.22459888333333,29.727991,0.40135272079264794
2024-12-07 20:30:00,30.2297811,29.61458883333333,30.224909,-0.004872271264648731
2024-12-07 21:00:00,31.58354885,30.6601612,30.114874,-1.4686749638916012
2024-12-07 21:30:00,28.03766165,26.36942003333333,28.76241,0.7247475602050777
2024-12-07 22:00:00,25.7504789,24.37063605,26.588495,0.8380163545166006
2024-12-07 22:30:00,23.06964285,23.67292158333333,24.723913,1.6542703427490224
2024-12-07 23:00:00,26.99333088333333,22.17557503333333,25.407356,-1.5859746211262973
2024-12-07 23:30:00,26.339962866666667,23.3326823,23.930475,-2.4094876316813156
2024-12-08 00:00:00,22.30896388333333,27.07403938333333,23.219664,0.9106997366617868
2024-12-08 00:30:00,21.692037316666667,25.35253828333333,21.872519,0.1804812227620438
2024-12-08 01:00:00,21.76654235,27.393219416666668,22.508217,0.7416745079101545
2024-12-08 01:30:00,20.60992565,26.195774933333336,22.524246,1.9143205658203115
2024-12-08 02:00:00,21.37389453333333,26.59824555,22.079636,0.7057410867838563
2024-12-08 02:30:00,23.865549016666662,27.964716733333333,23.306189,-0.559360433292639
2024-12-08 03:00:00,20.956375116666667,23.13507943333333,22.215704,1.2593288475667315
2024-12-08 03:30:00,21.068079566666665,23.84311938333333,22.136454,1.0683740618733744
2024-12-08 04:00:00,27.27159213333333,24.699002383333333,23.122705,-4.148886673738602
2024-12-08 04:30:00,26.346366166666662,23.5726773,22.69598,-3.650386094645178
2024-12-08 05:00:00,16.6417817,20.524588233333333,17.742283,1.1005011674316414
2024-12-08 05:30:00,13.074929466666669,17.496730583333335,14.462162,1.3872325511555967
2024-12-08 06:00:00,9.112915,12.714961100000002,9.52376,0.4108448419189461
2024-12-08 06:30:00,2.4342899166666663,6.4921817,1.8041676,-0.6301222883783972
2024-12-08 07:00:00,-7.764587266666666,6.4414865500000005,-5.557891,2.2066963746378576
2024-12-08 07:30:00,-22.877549466666665,10.503715516666666,-17.790329,5.087220487174477
2024-12-08 08:00:00,-45.667965,-2.4367179166666664,-42.309204,3.3587608984375024
2024-12-08 08:30:00,-68.43298231666667,-19.509231866666667,-65.70069,2.732291093522136
2024-12-08 09:00:00,-79.55051265,-30.561514566666663,-72.30276,7.247755386816408
2024-12-08 09:30:00,-94.23236885,-51.76116055,-93.015335,1.2170337669921878
2024-12-08 10:00:00,-100.84254566666668,-63.94998820000001,-104.550186,-3.707640490559882
2024-12-08 10:30:00,-126.98322958333334,-67.13837168333333,-127.64888,-0.6656504215494721
2024-12-08 11:00:00,-146.53763335,-63.6756955,-139.54161,6.9960226322265555
2024-12-08 11:30:00,-157.85783606666666,-96.14798833333332,-156.6374,1.2204306711588515
2024-12-08 12:00:00,-159.87802875,-94.51463478333334,-163.03842,-3.1603928808593764
2024-12-08 12:30:00,-166.40079786666666,-96.39762101666668,-161.61868,4.7821150053385395
2024-12-08 13:00:00,-144.86038775,-96.2159834,-146.99074,-2.1303501650390615
2024-12-08 13:30:00,-137.39328451666668,-104.20562461666668,-140.1717,-2.77842263665363
2024-12-08 14:00:00,-136.37810393333334,-94.53833001666668,-134.68277,1.6953341579427104
2024-12-08 14:30:00,-127.52385673333332,-97.46442396666669,-125.38241,2.141448591243474
2024-12-08 15:00:00,-114.54929725,-86.16267868333334,-110.16014,4.389156258789058
2024-12-08 15:30:00,-89.1910411,-74.741261,-90.60124,-1.4102009654296808
2024-12-08 16:00:00,-79.07445396666667,-60.38101503333333,-75.3639,3.7105547357096356
2024-12-08 16:30:00,-59.78113616666667,-38.10366561666667,-57.06618,2.7149549838053417
2024-12-08 17:00:00,-36.575250016666665,-14.260469550000002,-32.764534,3.8107160200846337
2024-12-08 17:30:00,-16.39572885,4.471505466666668,-14.327268,2.0684612032104503
2024-12-08 18:00:00,-7.457957783333334,29.011660566666663,-5.794349,1.6636085897603357
2024-12-08 18:30:00,0.9347862166666668,36.20299548333333,3.9957843,3.0609980660176594
2024-12-08 19:00:00,7.1290227166666655,37.5466767,7.4160933,0.28707063279012157
2024-12-08 19:30:00,7.001075933333333,37.4044479,11.471813,4.470737268570964
2024-12-08 20:00:00,8.640706133333333,29.32663838333333,14.803144,6.162438321622721
2024-12-08 20:30:00,14.459594633333332,30.2297811,17.12537,2.665775392301434
2024-12-08 21:00:00,21.97880338333333,31.58354885,21.787586,-0.1912171711751256
2024-12-08 21:30:00,18.93153445,28.03766165,20.850769,1.919234592968749
2024-12-08 22:00:00,18.38233,25.7504789,19.668383,1.2860526446533207
2024-12-08 22:30:00,14.563132766666667,23.06964285,18.785189,4.22205590826009
2024-12-08 23:00:00,17.93568276666667,26.99333088333333,20.433584,2.4979014465901663
2024-12-08 23:30:00,21.260749383333334,26.339962866666667,22.542587,1.2818378969401039
2024-12-09 00:00:00,21.964783333333333,22.30896388333333,22.114792,0.1500085367838544
2024-12-09 00:30:00,21.610581633333336,21.692037316666667,22.150112,0.5395305187662736
2024-12-09 01:00:00,21.735324416666668,21.76654235,21.501093,-0.23423150590006614
2024-12-09 01:30:00,22.24824108333333,20.60992565,21.761866,-0.48637546748860316
2024-12-09 02:00:00,21.97586503333333,21.37389453333333,22.02454,0.048674914176434214
2024-12-09 02:30:00,22.76130825,23.865549016666662,23.572834,0.8115257648925791
2024-12-09 03:00:00,21.26010933333333,20.956375116666667,21.412197,0.1520877797037805
2024-12-09 03:30:00,20.057436016666667,21.068079566666665,22.040771,1.9833354677083328
2024-12-09 04:00:00,24.134100416666666,27.27159213333333,25.893831,1.759730836385092
2024-12-09 04:30:00,27.659841666666665,26.346366166666662,25.994003,-1.6658383707682276
2024-12-09 05:00:00,19.653678466666666,16.6417817,20.081982,0.42830319226888136
2024-12-09 05:30:00,14.385092066666669,13.074929466666669,15.682744,1.2976519595174132
2024-12-09 06:00:00,10.019814383333332,9.112915,10.622251,0.6024361736124693
2024-12-09 06:30:00,11.83994825,2.4342899166666663,10.381698,-1.4582505952758797
2024-12-09 07:00:00,7.4328666,-7.764587266666666,5.6884036,-1.7444629935852047
2024-12-09 07:30:00,8.631126666666667,-22.877549466666665,4.9284983,-3.7026283985392254
2024-12-09 08:00:00,0.6094216500000004,-45.667965,-3.8555882,-4.465009847708131
2024-12-09 08:30:00,-13.189979533333334,-68.43298231666667,-13.729221,-0.5392418106608066
2024-12-09 09:00:00,-27.49472383333333,-79.55051265,-28.178698,-0.6839737527262386
2024-12-09 09:30:00,-38.42829161666667,-94.23236885,-39.921345,-1.4930531404134086
2024-12-09 10:00:00,-50.01521614999999,-100.84254566666668,-49.539677,0.4755394837402278
2024-12-09 10:30:00,-40.5390561,-126.98322958333334,-47.763813,-7.224756918798825
2024-12-09 11:00:00,-51.27117616666666,-146.53763335,-52.214546,-0.943370036946618
2024-12-09 11:30:00,-78.98899448333333,-157.85783606666666,-80.93472,-1.9457284170572962
2024-12-09 12:00:00,-110.04720006666666,-159.87802875,-111.61443,-1.567233221907557
2024-12-09 12:30:00,-120.7867532,-166.40079786666666,-118.24252,2.544230006640632
2024-12-09 13:00:00,-112.83853275,-144.86038775,-113.137184,-0.2986513930664074
2024-12-09 13:30:00,-113.17738676666666,-137.39328451666668,-113.44497,-0.2675824105794362
2024-12-09 14:00:00,-118.441149,-136.37810393333334,-118.676056,-0.2349069082031292
2024-12-09 14:30:00,-113.0215645,-127.52385673333332,-113.41443,-0.39286421093750334
2024-12-09 15:00:00,-95.62495345,-114.54929725,-101.258446,-5.633492289746087
2024-12-09 15:30:00,-88.5608694,-89.1910411,-89.17215,-0.6112802582031236
2024-12-09 16:00:00,-80.87738555,-79.07445396666667,-80.58991,0.2874731354492184
2024-12-09 16:30:00,-63.2133589,-59.78113616666667,-55.254204,7.959155103613284
2024-12-09 17:00:00,-42.97722145,-36.575250016666665,-40.807095,2.1701268760253924
2024-12-09 17:30:00,-23.28637541666667,-16.39572885,-20.438667,2.8477081193033875
2024-12-09 18:00:00,-8.120980516666666,-7.457957783333334,-8.291502,-0.17052148223470098
2024-12-09 18:30:00,0.0100667666666664,0.9347862166666668,1.2995343,1.2894675541646323
2024-12-09 19:00:00,5.449767166666667,7.1290227166666655,4.9065247,-0.5432425084635417
2024-12-09 19:30:00,7.086935533333334,7.001075933333333,7.882275,0.7953395711893707
2024-12-09 20:00:00,11.59998885,8.640706133333333,12.914625,1.314636317846679
2024-12-09 20:30:00,13.177150633333332,14.459594633333332,17.013218,3.836067292692059
2024-12-09 21:00:00,16.74424551666667,21.97880338333333,18.389404,1.6451587802083303
2024-12-09 21:30:00,18.623251566666667,18.93153445,19.70731,1.0840581562337235
2024-12-09 22:00:00,17.779443916666665,18.38233,19.070684,1.2912405163167335
2024-12-09 22:30:00,18.27449925,14.563132766666667,18.886139,0.6116396660156234
2024-12-09 23:00:00,17.787118216666666,17.93568276666667,19.579657,1.792538384285482
