datetime,observation,naive,forecast,residual
2024-03-04 23:30:00,20.94657733333333,23.705898883333333,-18.296028003372378,-39.24260533670571
2024-03-05 00:00:00,18.311048916666667,23.176433900000003,20.085887389419504,1.7748384727528368
2024-03-05 00:30:00,21.2508873,40.26005798333333,16.282789346008826,-4.9680979539911725
2024-03-05 01:00:00,20.12560818333333,41.62701418333334,21.8319484436244,1.7063402602910678
2024-03-05 01:30:00,23.58433605,23.99043108333333,17.94726010796181,-5.637075942038191
2024-03-05 02:00:00,18.081790533333333,23.224384533333332,24.419518664092863,6.33772813075953
2024-03-05 02:30:00,19.973121266666663,22.47280665,13.990842074661835,-5.982279192004828
2024-03-05 03:00:00,19.637579966666667,23.75960508333333,21.09477726842355,1.4571973017568816
2024-03-05 03:30:00,22.95034058333333,23.698352083333333,17.580909384714495,-5.369431198618834
2024-03-05 04:00:00,20.15831658333333,24.546201550000003,23.696838054893156,3.538521471559825
2024-03-05 04:30:00,21.523290033333332,23.07904333333333,17.18923147557723,-4.3340585577561015
2024-03-05 05:00:00,23.27339098333333,27.99930895,21.87953678959895,-1.3938541937343771
2024-03-05 05:30:00,24.56966555,32.33528231666667,22.30242375041349,-2.267241799586511
2024-03-05 06:00:00,22.75077663333333,26.729373783333333,23.924405395912423,1.1736287625790922
2024-03-05 06:30:00,25.382399433333333,28.782057316666663,20.69824267942065,-4.684156753912681
2024-03-05 07:00:00,28.7671945,26.02752555,25.743172495849734,-3.0240220041502646
2024-03-05 07:30:00,18.69906896666667,18.751247166666666,28.288129786261344,9.589060819594675
2024-03-05 08:00:00,-2.0632506,2.939902350000001,13.189751321564092,15.253001921564092
2024-03-05 08:30:00,-19.2661789,-11.2099573,-9.21846945447729,10.04770944552271
2024-03-05 09:00:00,-28.89566345,-33.71860161666667,-23.539406977765605,5.356256472234396
2024-03-05 09:30:00,-48.54592933333333,-56.32735681666667,-30.793130237316763,17.75279909601657
2024-03-05 10:00:00,-73.61749331666667,-76.74319665,-55.01913357216422,18.598359744502446
2024-03-05 10:30:00,-91.0568855,-98.26117013333334,-79.5071811460449,11.549704353955107
2024-03-05 11:00:00,-123.86936836666666,-105.1408595,-93.26497038154193,30.604397985124734
2024-03-05 11:30:00,-147.97962775,-106.78015926666669,-133.01237650928167,14.967251240718326
2024-03-05 12:00:00,-153.03452226666667,-119.2924772,-149.50534399080098,3.5291782758656893
2024-03-05 12:30:00,-174.75135335000002,-140.91846938333333,-149.4632437785916,25.288109571408427
2024-03-05 13:00:00,-175.15461926666669,-146.91807721666666,-179.69370139310703,-4.5390821264403485
2024-03-05 13:30:00,-184.38300873333333,-139.08783883333334,-167.28773936853057,17.09526936480276
2024-03-05 14:00:00,-161.00803658333334,-130.40576431666668,-185.44763638997287,-24.439599806639535
2024-03-05 14:30:00,-151.48778278333333,-115.02714231666666,-145.1389701805127,6.3488126028206295
2024-03-05 15:00:00,-126.13039076666666,-99.18208221666669,-149.18432637489147,-23.053935608224805
2024-03-05 15:30:00,-104.4457556,-83.08935986666667,-112.17198218342483,-7.7262265834248325
2024-03-05 16:00:00,-81.94160448333334,-68.1385822,-97.88036552157502,-15.93876103824168
2024-03-05 16:30:00,-46.10456556666667,-42.8772827,-72.70286260354496,-26.598297036878286
2024-03-05 17:00:00,-14.254176533333334,-24.479327766666668,-33.64604823361391,-19.391871700280575
2024-03-05 17:30:00,-7.1692309,-15.995305,-6.08881152272396,1.0804193772760398
2024-03-05 18:00:00,3.5602428000000006,-3.598364383333333,-8.052592639610342,-11.612835439610343
2024-03-05 18:30:00,7.529836166666667,4.279096816666667,7.7165632830739455,0.1867271164072788
2024-03-05 19:00:00,9.1913994,15.685355016666668,6.475065020309248,-2.7163343796907515
2024-03-05 19:30:00,14.152105416666666,16.082578950000002,9.319152967468135,-4.832952449198531
2024-03-05 20:00:00,12.314060016666668,15.18449615,15.000537659664602,2.686477642997934
2024-03-05 20:30:00,15.642663333333331,18.84711768333333,10.006493275334712,-5.636170057998619
2024-03-05 21:00:00,22.38427825,21.48528728333333,16.779371772421932,-5.604906477578069
2024-03-05 21:30:00,22.141018866666663,20.72149723333333,23.253145735154426,1.1121268684877634
2024-03-05 22:00:00,21.846619416666663,18.0120111,20.13787786089531,-1.7087415557713541
2024-03-05 22:30:00,21.517602766666663,18.776097733333334,21.064566105597258,-0.45303666106940454
2024-03-05 23:00:00,22.10626388333333,22.75595785,20.209347420642644,-1.8969164626906867
2024-03-05 23:30:00,20.507874366666663,20.94657733333333,21.395126823912037,0.8872524572453742
2024-03-06 00:00:00,18.88405615,18.311048916666667,18.662825910339407,-0.22123023966059208
2024-03-06 00:30:00,21.32299108333333,21.2508873,17.575761217556845,-3.747229865776486
2024-03-06 01:00:00,20.097691066666663,20.12560818333333,21.435084275188345,1.3373932085216822
2024-03-06 01:30:00,19.86606275,23.58433605,18.075040704781536,-1.7910220452184653
2024-03-06 02:00:00,22.39894828333333,18.081790533333333,19.194049524653302,-3.2048987586800273
2024-03-06 02:30:00,22.18156225,19.973121266666663,22.237808201231488,0.05624595123148879
2024-03-06 03:00:00,21.42551885,19.637579966666667,20.62979831006239,-0.7957205399376086
2024-03-06 03:30:00,23.3154033,22.95034058333333,20.267728834673015,-3.0476744653269847
2024-03-06 04:00:00,21.448393183333334,20.15831658333333,23.052236461103924,1.60384327777059
2024-03-06 04:30:00,21.8442851,21.523290033333332,19.260476373675345,-2.583808726324655
2024-03-06 05:00:00,22.948441733333336,23.27339098333333,21.43766923163988,-1.510772501693456
2024-03-06 05:30:00,21.551385066666665,24.56966555,22.039888874894253,0.48850380822758765
2024-03-06 06:00:00,28.590320116666664,22.75077663333333,19.837992513102584,-8.75232760356408
2024-03-06 06:30:00,29.10583173333333,25.382399433333333,30.575017227334072,1.4691854940007438
2024-03-06 07:00:00,25.66988836666667,28.7671945,26.686680413417335,1.0167920467506661
2024-03-06 07:30:00,24.000732133333333,18.69906896666667,23.574459338141338,-0.4262727951919949
2024-03-06 08:00:00,16.48736835,-2.0632506,22.58728261383866,6.099914263838659
2024-03-06 08:30:00,-2.0875848666666665,-19.2661789,12.55814771252108,14.645732579187747
2024-03-06 09:00:00,-20.67240835,-28.89566345,-8.981404591247262,11.69100375875274
2024-03-06 09:30:00,-41.10764761666667,-48.54592933333333,-25.59743582160816,15.51021179505851
2024-03-06 10:00:00,-57.01768235,-73.61749331666667,-46.89964476478963,10.118037585210374
2024-03-06 10:30:00,-78.92406678333333,-91.0568855,-59.89632233055851,19.02774445277482
2024-03-06 11:00:00,-97.27979383333331,-123.86936836666666,-84.79766204912869,12.482131784204626
2024-03-06 11:30:00,-122.14974558333334,-147.97962775,-99.6529773781422,22.496768205191145
2024-03-06 12:00:00,-132.6369166,-153.03452226666667,-127.87998438039989,4.756932219600117
2024-03-06 12:30:00,-136.26957945,-174.75135335000002,-130.36208065576594,5.907498794234073
2024-03-06 13:00:00,-142.30215271666663,-175.15461926666669,-134.3511670226392,7.950985694027423
2024-03-06 13:30:00,-142.06204573333332,-184.38300873333333,-141.03259761325788,1.0294481200754433
2024-03-06 14:00:00,-125.96123618333333,-161.00803658333334,-137.83264358261525,-11.871407399281921
2024-03-06 14:30:00,-104.34083061666666,-151.48778278333333,-116.80582006056858,-12.464989443901914
2024-03-06 15:00:00,-94.16178511666668,-126.13039076666666,-95.74676615487323,-1.58498103820655
2024-03-06 15:30:00,-73.86781215,-104.4457556,-90.6187276152549,-16.75091546525489
2024-03-06 16:00:00,-45.97676205,-81.94160448333334,-64.58541422587845,-18.608652175878454
2024-03-06 16:30:00,-28.221770016666667,-46.10456556666667,-36.95012836917974,-8.72835835251307
2024-03-06 17:00:00,-11.98891265,-14.254176533333334,-24.103246751899498,-12.114334101899498
2024-03-06 17:30:00,-0.4426584999999997,-7.1692309,-7.0306500795529505,-6.587991579552951
2024-03-06 18:00:00,11.356883866666664,3.5602428000000006,1.7093876017035399,-9.647496264963124
2024-03-06 18:30:00,16.51078778333333,7.529836166666667,14.375948315358713,-2.1348394679746185
2024-03-06 19:00:00,20.660798916666668,9.1913994,16.112880040868703,-4.547918875797965
2024-03-06 19:30:00,28.57747713333333,14.152105416666666,21.14132920840531,-7.436147924928019
2024-03-06 20:00:00,24.451692166666664,12.314060016666668,29.99809979021257,5.546407623545907
2024-03-06 20:30:00,19.783624983333336,15.642663333333331,20.45931515217101,0.6756901688376722
2024-03-06 21:00:00,19.690499983333336,22.38427825,18.056656995714,-1.6338429876193352
2024-03-06 21:30:00,21.3669171,22.141018866666663,18.957692524503187,-2.409224575496811
2024-03-06 22:00:00,27.986096083333333,21.846619416666663,20.903431528042248,-7.082664555291085
2024-03-06 22:30:00,20.88750615,21.517602766666663,29.277415298917056,8.389909148917056
2024-03-06 23:00:00,28.136228366666668,22.10626388333333,15.809957568101623,-12.326270798565044
2024-03-06 23:30:00,31.13276396666667,20.507874366666663,31.671062212474673,0.5382982458080043
2024-03-07 00:00:00,32.70785845,18.88405615,29.03640822305598,-3.6714502269440246
2024-03-07 00:30:00,25.26614758333333,21.32299108333333,32.35777815411635,7.091630570783025
2024-03-07 01:00:00,17.605628383333336,20.097691066666663,20.58022828930288,2.9745999059695443
2024-03-07 01:30:00,16.02921775,19.86606275,14.974769548815559,-1.0544482011844423
2024-03-07 02:00:00,15.98391095,22.39894828333333,15.186064022211042,-0.7978469277889584
2024-03-07 02:30:00,16.082341166666666,22.18156225,15.03240114282719,-1.0499400238394756
2024-03-07 03:00:00,17.192705566666667,21.42551885,15.23524881573443,-1.9574567509322378
2024-03-07 03:30:00,17.778219500000002,23.3154033,16.692975872875117,-1.0852436271248855
2024-03-07 04:00:00,19.5258094,21.448393183333334,16.88226717618334,-2.6435422238166595
2024-03-07 04:30:00,18.746838866666668,21.8442851,19.23231553977871,0.4854766731120428
2024-03-07 05:00:00,21.93987333333333,22.948441733333336,17.14058928649851,-4.799284046834821
2024-03-07 05:30:00,36.116649466666665,21.551385066666665,22.479950935905634,-13.63669853076103
2024-03-07 06:00:00,32.9527889,28.590320116666664,39.9123914499977,6.9596025499976975
2024-03-07 06:30:00,22.2626251,29.10583173333333,28.03340496881154,5.7707798688115375
2024-03-07 07:00:00,21.929073833333334,25.66988836666667,18.25662248953997,-3.6724513437933624
2024-03-07 07:30:00,14.076291250000002,24.000732133333333,21.98621792638766,7.9099266763876575
2024-03-07 08:00:00,5.428147783333333,16.48736835,9.461682821685915,4.033535038352582
2024-03-07 08:30:00,-6.099343416666667,-2.0875848666666665,2.8026539247993334,8.901997341466
2024-03-07 09:00:00,-28.763564366666667,-20.67240835,-10.37805313874495,18.385511227921718
2024-03-07 09:30:00,-49.55889991666667,-41.10764761666667,-36.254755860521726,13.304144056144942
2024-03-07 10:00:00,-67.80983341666666,-57.01768235,-54.08567821220698,13.724155204459684
2024-03-07 10:30:00,-87.39249235,-78.92406678333333,-71.827973955082,15.564518394917997
2024-03-07 11:00:00,-106.37403335,-97.27979383333331,-91.46097797534586,14.91305537465415
2024-03-07 11:30:00,-124.55674608333334,-122.14974558333334,-109.44671212341709,15.110033959916251
2024-03-07 12:00:00,-129.27165395,-132.6369166,-127.02769468822834,2.243959261771664
2024-03-07 12:30:00,-146.97921165,-136.26957945,-126.04591518398286,20.93329646601714
2024-03-07 13:00:00,-153.7273716,-142.30215271666663,-151.10174595838836,2.6256256416116344
2024-03-07 13:30:00,-161.3200193333333,-142.06204573333332,-149.74237690849623,11.57764242483708
2024-03-07 14:00:00,-152.24239106666667,-125.96123618333333,-160.88833350490358,-8.645942438236915
2024-03-07 14:30:00,-134.77670666666666,-104.34083061666666,-143.47863897065074,-8.70193230398408
2024-03-07 15:00:00,-120.82602943333332,-94.16178511666668,-126.64809923206354,-5.822069798730226
2024-03-07 15:30:00,-96.43677123333332,-73.86781215,-114.45920701805676,-18.02243578472344
2024-03-07 16:00:00,-66.63655776666667,-45.97676205,-85.7572101032072,-19.12065233654053
2024-03-07 16:30:00,-37.2286229,-28.221770016666667,-56.61060021951216,-19.38197731951216
2024-03-07 17:00:00,-23.412038216666662,-11.98891265,-28.20043859699493,-4.788400380328266
2024-03-07 17:30:00,-8.02041775,-0.4426584999999997,-21.165032569359386,-13.144614819359386
2024-03-07 18:00:00,2.64468,11.356883866666664,-2.770001222828327,-5.414681222828327
2024-03-07 18:30:00,7.697544016666666,16.51078778333333,4.176931797343791,-3.5206122193228753
2024-03-07 19:00:00,18.12674735,20.660798916666668,8.226661319226793,-9.900086030773206
2024-03-07 19:30:00,18.89133045,28.57747713333333,20.99866015048316,2.1073297004831595
2024-03-07 20:00:00,21.089517283333333,24.451692166666664,16.58395371736446,-4.505563565968874
2024-03-07 20:30:00,20.90088045,19.783624983333336,21.535699807733174,0.6348193577331749
2024-03-07 21:00:00,20.70356285,19.690499983333336,19.149277897528407,-1.554284952471594
2024-03-07 21:30:00,24.88041545,21.3669171,19.898396611671075,-4.982018838328926
2024-03-07 22:00:00,19.839320416666663,27.986096083333333,25.38789785051646,5.548577433849797
2024-03-07 22:30:00,17.872871616666668,20.88750615,16.02008515635938,-1.8527864603072892
2024-03-07 23:00:00,18.706701016666667,28.136228366666668,17.30257518727118,-1.4041258293954861
2024-03-07 23:30:00,22.192491166666667,31.13276396666667,17.912488101733118,-4.280003064933549
2024-03-08 00:00:00,23.003112116666667,32.70785845,22.50029566995508,-0.5028164467115879
2024-03-08 00:30:00,25.187142766666668,25.26614758333333,21.66014557535921,-3.5269971913074585
2024-03-08 01:00:00,22.974131100000005,17.605628383333336,25.058935460558835,2.084804360558831
2024-03-08 01:30:00,28.049768333333333,16.02921775,20.522330060472633,-7.527438272860699
2024-03-08 02:00:00,33.54440935,15.98391095,29.529464775169203,-4.0149445748308
2024-03-08 02:30:00,27.269217416666667,16.082341166666666,33.310095033930935,6.040877617264268
2024-03-08 03:00:00,24.478249533333337,17.192705566666667,22.958409200137687,-1.5198403331956492
2024-03-08 03:30:00,25.615288000000003,17.778219500000002,23.515850747065222,-2.0994372529347807
2024-03-08 04:00:00,28.233023866666667,19.5258094,24.858587997650545,-3.3744358690161214
2024-03-08 04:30:00,26.588559416666666,18.746838866666668,27.924424668458265,1.3358652517915992
2024-03-08 05:00:00,27.94344346666667,21.93987333333333,24.32159688919016,-3.621846577476507
2024-03-08 05:30:00,41.034706633333336,36.116649466666665,27.751896923622226,-13.28280970971111
2024-03-08 06:00:00,54.50134665,32.9527889,44.49304320275985,-10.008303447240152
2024-03-08 06:30:00,31.55570821666667,22.2626251,56.04688832216565,24.49118010549898
2024-03-08 07:00:00,29.907452816666662,21.929073833333334,19.169095120213605,-10.738357696453058
2024-03-08 07:30:00,22.47630055,14.076291250000002,32.69432417740299,10.218023627402989
2024-03-08 08:00:00,9.6407988,5.428147783333333,16.554643016374655,6.913844216374654
2024-03-08 08:30:00,-1.8469260166666668,-6.099343416666667,5.620844725906188,7.4677707425728554
2024-03-08 09:00:00,-18.504638266666664,-28.763564366666667,-5.670929474839106,12.833708791827558
2024-03-08 09:30:00,-44.03988343333333,-49.55889991666667,-24.00162744127229,20.03825599206104
2024-03-08 10:00:00,-60.37909685,-67.80983341666666,-51.66346610923581,8.71563074076419
2024-03-08 10:30:00,-81.17445993333332,-87.39249235,-62.52933067299731,18.645129260336013
2024-03-08 11:00:00,-105.13375006666666,-106.37403335,-86.79900650109539,18.334743565571273
2024-03-08 11:30:00,-123.66766053333332,-124.55674608333334,-109.72092879008838,13.94673174324494
2024-03-08 12:00:00,-130.13321126666668,-129.27165395,-125.67317928970593,4.4600319769607495
2024-03-08 12:30:00,-135.40034008333333,-146.97921165,-127.82551428479005,7.574825798543287
2024-03-08 13:00:00,-140.36659258333333,-153.7273716,-134.2299125400104,6.13668004332294
2024-03-08 13:30:00,-170.48350371666666,-161.3200193333333,-138.39186198623216,32.0916417304345
2024-03-08 14:00:00,-185.2808242,-152.24239106666667,-178.50521363504686,6.775610564953155
2024-03-08 14:30:00,-115.99912666666668,-134.77670666666666,-181.88507675274164,-65.88595008607496
2024-03-08 15:00:00,-98.9690643,-120.82602943333332,-84.05080741741233,14.91825688258767
2024-03-08 15:30:00,-77.81372416666666,-96.43677123333332,-102.32344022962113,-24.509716062954467
2024-03-08 16:00:00,-56.039059400000006,-66.63655776666667,-65.05436370521545,-9.015304305215444
2024-03-08 16:30:00,-42.4433573,-37.2286229,-50.747620286364025,-8.304262986364023
2024-03-08 17:00:00,-20.013567816666665,-23.412038216666662,-37.97001704051199,-17.956449223845325
2024-03-08 17:30:00,-4.427912633333333,-8.02041775,-12.246548323627696,-7.818635690294363
2024-03-08 18:00:00,5.4917869,2.64468,-1.5975919764335913,-7.089378876433591
2024-03-08 18:30:00,0.6309055666666669,7.697544016666666,7.634928967764935,7.0040234010982685
2024-03-08 19:00:00,6.666251533333334,18.12674735,-3.0876933503304738,-9.753944883663808
2024-03-08 19:30:00,11.399913933333332,18.89133045,9.908001861803541,-1.491912071529791
2024-03-08 20:00:00,14.975063383333334,21.089517283333333,10.919116464240403,-4.05594691909293
2024-03-08 20:30:00,20.512323366666667,20.90088045,15.459149909484488,-5.053173457182179
2024-03-08 21:00:00,22.29782368333333,20.70356285,21.21517994003699,-1.082643743296341
2024-03-08 21:30:00,19.313792316666667,24.88041545,21.23018478274998,1.9163924660833125
2024-03-08 22:00:00,18.278073433333333,19.839320416666663,17.07237191854847,-1.205701514784863
2024-03-08 22:30:00,19.4510789,17.872871616666668,17.414925388758867,-2.0361535112411318
2024-03-08 23:00:00,18.167556183333332,18.706701016666667,18.8998734452501,0.7323172619167693
2024-03-08 23:30:00,15.521832333333334,22.192491166666667,16.477289680080965,0.9554573467476306
2024-03-09 00:00:00,15.22367485,23.003112116666667,13.835703135488949,-1.3879717145110515
2024-03-09 00:30:00,16.080564266666666,25.187142766666668,14.553983409319365,-1.5265808573473016
2024-03-09 01:00:00,17.06379445,22.974131100000005,15.437988224080826,-1.625806225919174
2024-03-09 01:30:00,16.32524165,28.049768333333333,16.426672474711182,0.10143082471118348
2024-03-09 02:00:00,16.3168966,33.54440935,14.975115729519842,-1.3417808704801573
2024-03-09 02:30:00,16.82791735,27.269217416666667,15.586133604430223,-1.2417837455697764
2024-03-09 03:00:00,18.861893316666663,24.478249533333337,16.03497571677501,-2.8269175998916545
2024-03-09 03:30:00,18.427810016666665,25.615288000000003,18.6721124952267,0.24430247856003362
2024-03-09 04:00:00,18.295158333333333,28.233023866666667,16.937049409857195,-1.3581089234761379
2024-03-09 04:30:00,18.31004165,26.588559416666666,17.496738790103663,-0.8133028598963357
2024-03-09 05:00:00,20.17286328333333,27.94344346666667,17.277372517294133,-2.895490766039199
2024-03-09 05:30:00,20.78943058333333,41.034706633333336,19.963019632272854,-0.8264109510604776
2024-03-09 06:00:00,18.81883275,54.50134665,19.66881102998741,0.8499782799874112
2024-03-09 06:30:00,13.860302733333333,31.55570821666667,17.05351759657777,3.193214863244437
2024-03-09 07:00:00,12.991580583333333,29.907452816666662,11.277021545602803,-1.7145590377305293
2024-03-09 07:30:00,6.232000033333333,22.47630055,12.546214766387298,6.314214733053965
2024-03-09 08:00:00,1.75817155,9.6407988,2.597898898553545,0.8397273485535452
2024-03-09 08:30:00,-9.373424483333332,-1.8469260166666668,0.6411285242401519,10.014553007573484
2024-03-09 09:00:00,-28.476403333333334,-18.504638266666664,-14.005786406257048,14.470616927076286
2024-03-09 09:30:00,-46.36787265,-44.03988343333333,-34.29918642164576,12.068686228354245
2024-03-09 10:00:00,-68.4281957,-60.37909685,-50.485146889306655,17.943048810693348
2024-03-09 10:30:00,-82.98317886666666,-81.17445993333332,-74.23264177551638,8.750537091150278
2024-03-09 11:00:00,-104.67158565,-105.13375006666666,-84.29529965094918,20.376285999050822
2024-03-09 11:30:00,-117.86747395,-123.66766053333332,-110.15190123622762,7.715572713772389
2024-03-09 12:00:00,-119.64507606666666,-130.13321126666668,-117.41911436192555,2.2259617047411098
2024-03-09 12:30:00,-132.83751821666667,-135.40034008333333,-116.77492776983539,16.06259044683128
2024-03-09 13:00:00,-141.1476405,-140.36659258333333,-135.40453512225452,5.743105377745479
2024-03-09 13:30:00,-129.47755501666666,-170.48350371666666,-138.97461385849567,-9.497058841829016
2024-03-09 14:00:00,-126.83423276666667,-185.2808242,-121.207879565663,5.626353201003667
2024-03-09 14:30:00,-112.67259225,-115.99912666666668,-125.15131955137483,-12.478727301374832
2024-03-09 15:00:00,-103.19236321666666,-98.9690643,-103.75819160428958,-0.5658283876229149
2024-03-09 15:30:00,-75.79388383333334,-77.81372416666666,-99.74564169423007,-23.951757860896734
2024-03-09 16:00:00,-49.77463058333333,-56.039059400000006,-63.35008216508135,-13.575451581748027
2024-03-09 16:30:00,-27.77110321666667,-42.4433573,-42.76359380847598,-14.992490591809311
2024-03-09 17:00:00,-12.888557333333331,-20.013567816666665,-20.982665469458468,-8.094108136125136
2024-03-09 17:30:00,1.254823816666666,-4.427912633333333,-9.620768556150285,-10.875592372816952
2024-03-09 18:00:00,7.79841845,5.4917869,5.181920207261644,-2.6164982427383556
2024-03-09 18:30:00,17.883785066666665,0.6309055666666669,7.935920100888495,-9.94786496577817
2024-03-09 19:00:00,25.1249421,6.666251533333334,20.785361534751303,-4.339580565248696
2024-03-09 19:30:00,30.260965533333334,11.399913933333332,25.347629953628584,-4.91333557970475
2024-03-09 20:00:00,28.36985055,14.975063383333334,30.535923313803764,2.166072763803765
2024-03-09 20:30:00,31.116375583333333,20.512323366666667,25.679554149765245,-5.436821433568088
2024-03-09 21:00:00,28.9170106,22.29782368333333,31.583592744843806,2.6665821448438045
2024-03-09 21:30:00,26.41049725,19.313792316666667,25.991376826009436,-0.41912042399056304
2024-03-09 22:00:00,28.582711166666662,18.278073433333333,24.90303445904526,-3.679676707621404
2024-03-09 22:30:00,34.99753843333333,19.4510789,28.391843970712642,-6.60569446262069
2024-03-09 23:00:00,37.2163608,18.167556183333332,35.81965296718426,-1.3967078328157356
2024-03-09 23:30:00,41.02645725,15.521832333333334,35.720405214155626,-5.306052035844374
2024-03-10 00:00:00,31.8266667,15.22367485,41.06357265066978,9.236905950669776
2024-03-10 00:30:00,29.076241933333336,16.080564266666666,25.972961600156573,-3.1032803331767624
2024-03-10 01:00:00,22.397965666666664,17.06379445,28.619510554548874,6.22154488788221
2024-03-10 01:30:00,21.631862666666667,16.32524165,18.193505123637756,-3.4383575430289106
2024-03-10 02:00:00,21.9003539,16.3168966,21.59981194092859,-0.3005419590714098
2024-03-10 02:30:00,20.547517183333333,16.82791735,20.512242662287903,-0.03527452104543016
2024-03-10 03:00:00,22.60764896666667,18.861893316666663,19.096679241756682,-3.5109697249099874
2024-03-10 03:30:00,23.173163166666665,18.427810016666665,22.569917842429554,-0.6032453242371112
2024-03-10 04:00:00,24.3912773,18.295158333333333,21.866856578236394,-2.5244207217636045
2024-03-10 04:30:00,24.30256655,18.31004165,23.863063328567286,-0.4395032214327159
2024-03-10 05:00:00,32.23179056666667,20.17286328333333,22.883400726958307,-9.34838983970836
2024-03-10 05:30:00,32.465809433333334,20.78943058333333,34.33473094809416,1.868921514760828
2024-03-10 06:00:00,22.3087373,18.81883275,29.74838955007933,7.43965225007933
2024-03-10 06:30:00,20.441305433333333,13.860302733333333,17.58515203227723,-2.8561534010561047
2024-03-10 07:00:00,13.026161516666669,12.991580583333333,20.204457403964014,7.178295887297345
2024-03-10 07:30:00,9.5441684,6.232000033333333,8.765009405004456,-0.7791589949955444
2024-03-10 08:00:00,0.1322966833333329,1.75817155,8.827680691904558,8.695384008571224
2024-03-10 08:30:00,-10.077097216666669,-9.373424483333332,-4.292972982444315,5.784124234222354
2024-03-10 09:00:00,-20.26129275,-28.476403333333334,-12.868311685773431,7.392981064226568
2024-03-10 09:30:00,-47.0340848,-46.36787265,-23.358251671443423,23.67583312855658
2024-03-10 10:00:00,-54.78151838333333,-68.4281957,-56.10495946391071,-1.323441080577382
2024-03-10 10:30:00,-86.78546295,-82.98317886666666,-52.836869811137525,33.94859313886247
2024-03-10 11:00:00,-110.09889611666668,-104.67158565,-98.76248175949874,11.33641435716794
2024-03-10 11:30:00,-127.01746215,-117.86747395,-111.49684095411118,15.520621195888822
2024-03-10 12:00:00,-133.59536161666668,-119.64507606666666,-129.5716588653109,4.023702751355785
2024-03-10 12:30:00,-154.76690115,-132.83751821666667,-130.96984383411345,23.797057315886548
2024-03-10 13:00:00,-155.8058824,-141.1476405,-159.8239005668824,-4.018018166882399
2024-03-10 13:30:00,-153.30261565,-129.47755501666666,-148.89273436989072,4.409881280109289
2024-03-10 14:00:00,-140.27368551666666,-126.83423276666667,-150.09898599372787,-9.825300477061205
2024-03-10 14:30:00,-127.34247131666666,-112.67259225,-131.4557652249767,-4.113293908310027
2024-03-10 15:00:00,-113.91092775,-103.19236321666666,-121.46267467245264,-7.551746922452637
2024-03-10 15:30:00,-98.31454825,-75.79388383333334,-107.06315979114373,-8.748611541143731
2024-03-10 16:00:00,-60.13360106666666,-49.77463058333333,-91.54201250263364,-31.408411435966983
2024-03-10 16:30:00,-29.909381516666667,-27.77110321666667,-45.082383539090266,-15.1730020224236
2024-03-10 17:00:00,-12.412867366666667,-12.888557333333331,-22.962816256959627,-10.54994889029296
2024-03-10 17:30:00,-4.229524950000001,1.254823816666666,-8.109628477629009,-3.880103527629008
2024-03-10 18:00:00,18.014131083333336,7.79841845,-3.0960766425175272,-21.110207725850863
2024-03-10 18:30:00,29.86916168333333,17.883785066666665,25.698738457032867,-4.170423226300464
2024-03-10 19:00:00,20.50736505,25.1249421,29.840243118787726,9.332878068787725
2024-03-10 19:30:00,22.04710486666667,30.260965533333334,15.039688153108699,-7.007416713557969
2024-03-10 20:00:00,22.822985650000003,28.36985055,23.530286976689048,0.7073013266890449
2024-03-10 20:30:00,28.519414916666666,31.116375583333333,20.967751945251024,-7.551662971415642
2024-03-10 21:00:00,30.286790616666668,28.9170106,29.99177762555359,-0.29501299111307944
2024-03-10 21:30:00,23.4840983,26.41049725,28.579800841538407,5.095702541538408
2024-03-10 22:00:00,17.1819393,28.582711166666662,19.721563029451985,2.5396237294519857
2024-03-10 22:30:00,23.17172566666667,34.99753843333333,14.753648337835855,-8.418077328830815
2024-03-10 23:00:00,28.2629444,37.2163608,25.21754980070557,-3.045394599294429
2024-03-10 23:30:00,36.29395546666667,41.02645725,27.812077768274143,-8.481877698392523
2024-03-11 00:00:00,28.41405435,31.8266667,37.871908602909585,9.457854252909584
2024-03-11 00:30:00,25.513818233333332,29.076241933333336,22.59436932487956,-2.9194489084537736
2024-03-11 01:00:00,25.604468683333334,22.397965666666664,25.1126816902177,-0.49178699311563534
2024-03-11 01:30:00,24.953148433333336,21.631862666666667,24.1585951175241,-0.7945533158092353
2024-03-11 02:00:00,20.702946166666667,21.9003539,23.66172381952868,2.9587776528620147
2024-03-11 02:30:00,22.92776705,20.547517183333333,17.96198027451721,-4.9657867754827905
2024-03-11 03:00:00,21.79183546666667,22.60764896666667,23.501980516124135,1.7101450494574664
2024-03-11 03:30:00,22.1775344,23.173163166666665,19.545360186273392,-2.632174213726607
2024-03-11 04:00:00,23.3087855,24.3912773,21.779087373928817,-1.5296981260711817
2024-03-11 04:30:00,25.15610613333333,24.30256655,22.394751060867428,-2.7613550724659035
2024-03-11 05:00:00,30.821116716666666,32.23179056666667,24.70065735111242,-6.120459365554247
2024-03-11 05:30:00,30.412566183333336,32.465809433333334,31.592715165123543,1.1801489817902073
2024-03-11 06:00:00,28.570668800000004,22.3087373,28.068076935640683,-0.5025918643593208
2024-03-11 06:30:00,32.046878400000004,20.441305433333333,27.017484457089438,-5.029393942910566
2024-03-11 07:00:00,27.567674416666662,13.026161516666669,32.3042170390548,4.736542622388136
2024-03-11 07:30:00,29.013839583333333,9.5441684,23.805080852443716,-5.208758730889617
2024-03-11 08:00:00,10.936610566666666,0.1322966833333329,29.462582460690513,18.525971894023847
2024-03-11 08:30:00,-3.2376816333333327,-10.077097216666669,1.8868721791708687,5.124553812504201
2024-03-11 09:00:00,-24.7235158,-20.26129275,-6.004103302824529,18.719412497175473
2024-03-11 09:30:00,-27.90922218333333,-47.0340848,-32.51040295110375,-4.601180767770419
2024-03-11 10:00:00,-44.33376056666666,-54.78151838333333,-25.572796853836635,18.760963712830026
2024-03-11 10:30:00,-70.0369272,-86.78546295,-51.398373341652814,18.63855385834718
2024-03-11 11:00:00,-82.36980293333333,-110.09889611666668,-76.07898757683861,6.2908153564947185
2024-03-11 11:30:00,-108.99414278333334,-127.01746215,-82.65000522160355,26.344137561729795
2024-03-11 12:00:00,-121.19849295,-133.59536161666668,-116.87116043570407,4.327332514295932
2024-03-11 12:30:00,-130.79635493333333,-154.76690115,-119.17107544604764,11.625279487285695
2024-03-11 13:00:00,-123.43379223333334,-155.8058824,-131.5370758436489,-8.103283610315557
2024-03-11 13:30:00,-116.82665728333332,-153.30261565,-115.99005324546107,0.8366040378722488
2024-03-11 14:00:00,-107.7377383,-140.27368551666666,-113.46692910927698,-5.729190809276972
2024-03-11 14:30:00,-113.25740228333332,-127.34247131666666,-101.90471171778529,11.35269056554803
2024-03-11 15:00:00,-104.03437968333331,-113.91092775,-114.54312551144588,-10.508745828112566
2024-03-11 15:30:00,-60.448152683333326,-98.31454825,-96.29098752179914,-35.84283483846581
2024-03-11 16:00:00,-40.73325155,-60.13360106666666,-43.48297226670881,-2.749720716708815
2024-03-11 16:30:00,-16.213624433333333,-29.909381516666667,-38.70700413254639,-22.493379699213055
2024-03-11 17:00:00,0.2025173166666672,-12.412867366666667,-6.643955328898109,-6.846472645564776
2024-03-11 17:30:00,12.026974433333333,-4.229524950000001,2.4410865524691054,-9.585887880864227
2024-03-11 18:00:00,17.753513366666667,18.014131083333336,14.994323275939031,-2.7591900907276354
2024-03-11 18:30:00,11.791976749999998,29.86916168333333,17.576512293395737,5.784535543395739
2024-03-11 19:00:00,27.41191825,20.50736505,8.175239616755093,-19.236678633244907
2024-03-11 19:30:00,34.9579778,22.04710486666667,33.938222604876024,-1.0197551951239774
2024-03-11 20:00:00,27.4502811,22.822985650000003,33.38556513443194,5.935284034431941
2024-03-11 20:30:00,27.867561183333333,28.519414916666666,23.177932552929533,-4.689628630403799
2024-03-11 21:00:00,25.53427931666667,30.286790616666668,28.136890496485712,2.6026111798190428
2024-03-11 21:30:00,30.717736400000003,23.4840983,22.763750525794862,-7.9539858742051415
2024-03-11 22:00:00,42.02400166666666,17.1819393,32.27970519500983,-9.744296471656831
2024-03-11 22:30:00,32.385876116666665,23.17172566666667,43.92719999434576,11.541323877679098
2024-03-11 23:00:00,24.76793375,28.2629444,25.52261441974136,0.754680669741358
2024-03-11 23:30:00,24.8986884,36.29395546666667,22.818974258131405,-2.079714141868596
2024-03-12 00:00:00,26.63394998333333,28.41405435,24.160573121677473,-2.473376861655858
2024-03-12 00:30:00,24.2973646,25.513818233333332,25.999202148737922,1.7018375487379203
2024-03-12 01:00:00,22.703368800000003,25.604468683333334,21.95989320451681,-0.7434755954831935
2024-03-12 01:30:00,21.5648355,24.953148433333336,21.474942466930138,-0.08989303306986329
2024-03-12 02:00:00,21.273631116666667,20.702946166666667,20.099031563292343,-1.1745995533743248
2024-03-12 02:30:00,21.064777666666668,22.92776705,20.284088907925216,-0.7806887587414515
2024-03-12 03:00:00,21.905967816666664,21.79183546666667,19.914154447012564,-1.9918133696540998
2024-03-12 03:30:00,21.70017335,22.1775344,21.243094864379863,-0.4570784856201371
2024-03-12 04:00:00,23.9823411,23.3087855,20.386761419631014,-3.595579680368985
2024-03-12 04:30:00,23.42155688333333,25.15610613333333,23.929021034402595,0.5074641510692643
2024-03-12 05:00:00,27.1012967,30.821116716666666,21.629450606898153,-5.4718460931018456
2024-03-12 05:30:00,26.0819578,30.412566183333336,27.73506769343782,1.6531098934378186
2024-03-12 06:00:00,31.93100715,28.570668800000004,23.69803638529084,-8.232970764709158
2024-03-12 06:30:00,38.338944966666666,32.046878400000004,33.5668538488232,-4.772091117843466
2024-03-12 07:00:00,30.86629938333333,27.567674416666662,38.248451992940986,7.382152609607655
2024-03-12 07:30:00,17.729633866666667,29.013839583333333,25.84441259865521,8.114778731988544
2024-03-12 08:00:00,9.453599016666669,10.936610566666666,12.889278273848184,3.4356792571815156
2024-03-12 08:30:00,-4.4827489,-3.2376816333333327,6.9326261836060965,11.415375083606097
2024-03-12 09:00:00,-21.796532716666665,-24.7235158,-9.900552043300095,11.89598067336657
2024-03-12 09:30:00,-44.85341825,-27.90922218333333,-26.767057691912203,18.086360558087794
2024-03-12 10:00:00,-63.70869326666667,-44.33376056666666,-51.60905620794372,12.099637058722948
2024-03-12 10:30:00,-68.55203831666667,-70.0369272,-67.18479505837567,1.3672432582909977
2024-03-12 11:00:00,-82.24512091666666,-82.36980293333333,-67.24182176210329,15.00329915456338
2024-03-12 11:30:00,-97.71623888333332,-108.99414278333334,-86.26714195928378,11.449096924049542
2024-03-12 12:00:00,-112.53311006666668,-121.19849295,-99.62984319409497,12.903266872571706
2024-03-12 12:30:00,-117.1054261,-130.79635493333333,-114.51126904280349,2.5941570571965116
2024-03-12 13:00:00,-117.94794535,-123.43379223333334,-114.48905793742003,3.458887412579969
2024-03-12 13:30:00,-116.46916221666667,-116.82665728333332,-115.67069572090182,0.7984664957648562
2024-03-12 14:00:00,-109.7650234,-107.7377383,-113.10656739560494,-3.341543995604937
2024-03-12 14:30:00,-88.02940283333334,-113.25740228333332,-104.87963824971106,-16.85023541637773
2024-03-12 15:00:00,-67.30425776666667,-104.03437968333331,-78.16993961699217,-10.865681850325501
2024-03-12 15:30:00,-47.73411778333334,-60.448152683333326,-60.79396947750689,-13.059851694173553
2024-03-12 16:00:00,-34.180809466666666,-40.73325155,-41.021250907365214,-6.840441440698548
2024-03-12 16:30:00,-24.57407173333333,-16.213624433333333,-30.64718887603871,-6.073117142705382
2024-03-12 17:00:00,-6.32660975,0.2025173166666672,-21.73214702886107,-15.405537278861072
2024-03-12 17:30:00,1.7312300500000006,12.026974433333333,-0.17032311208763673,-1.9015531620876374
2024-03-12 18:00:00,15.5159107,17.753513366666667,1.7910425048336087,-13.72486819516639
2024-03-12 18:30:00,26.4153951,11.791976749999998,20.126950820216898,-6.2884442797831035
2024-03-12 19:00:00,31.60162995,27.41191825,27.425322041813075,-4.176307908186924
2024-03-12 19:30:00,30.44406943333333,34.9579778,31.509851610121977,1.0657821767886482
2024-03-12 20:00:00,24.85784665,27.4502811,28.147447482562747,3.2896008325627477
2024-03-12 20:30:00,27.340464666666666,27.867561183333333,21.81817085928661,-5.522293807380056
2024-03-12 21:00:00,25.94894108333333,25.53427931666667,27.986848309405836,2.0379072260725053
2024-03-12 21:30:00,20.84216155,30.717736400000003,23.40498566168114,2.562824111681138
2024-03-12 22:00:00,27.53144778333333,42.02400166666666,18.265781044032273,-9.265666739301057
2024-03-12 22:30:00,26.500135083333333,32.385876116666665,29.776297628303787,3.276162544970454
2024-03-12 23:00:00,18.4945102,24.76793375,23.404242961306537,4.909732761306536
2024-03-12 23:30:00,18.80118893333333,24.8986884,15.000053129088478,-3.8011358042448506
2024-03-13 00:00:00,18.0646644,26.63394998333333,19.031578082160628,0.9669136821606266
2024-03-13 00:30:00,17.43946993333333,24.2973646,16.277653806324487,-1.1618161270088443
2024-03-13 01:00:00,19.253946083333336,22.703368800000003,16.58914696853018,-2.664799114803156
2024-03-13 01:30:00,19.3241839,21.5648355,18.979830319538884,-0.3443535804611173
2024-03-13 02:00:00,19.58531388333333,21.273631116666667,18.052090646609074,-1.5332232367242575
2024-03-13 02:30:00,20.18575548333333,21.064777666666668,18.813316573709876,-1.3724389096234546
2024-03-13 03:00:00,21.715867166666666,21.905967816666664,19.32213083712677,-2.3937363295398946
2024-03-13 03:30:00,21.28203888333333,21.70017335,21.232568607929792,-0.04947027540353588
2024-03-13 04:00:00,21.0742778,23.9823411,19.809568939662533,-1.2647088603374677
2024-03-13 04:30:00,20.7858223,23.42155688333333,20.130910536308974,-0.6549117636910253
2024-03-13 05:00:00,24.9396149,27.1012967,19.5917764486203,-5.3478384513796975
2024-03-13 05:30:00,26.739470616666665,26.0819578,25.60177693566377,-1.1376936810028937
2024-03-13 06:00:00,26.3898652,31.93100715,25.527815457103706,-0.8620497428962928
2024-03-13 06:30:00,27.58595275,38.338944966666666,25.073170175838108,-2.5127825741618928
2024-03-13 07:00:00,33.75831973333333,30.86629938333333,26.9321786071679,-6.826141126165432
2024-03-13 07:30:00,23.959063566666668,17.729633866666667,34.72176069573912,10.762697129072453
2024-03-13 08:00:00,13.212777166666667,9.453599016666669,17.747815028696785,4.5350378620301175
2024-03-13 08:30:00,10.831019583333331,-4.4827489,10.078375272122802,-0.7526443112105294
2024-03-13 09:00:00,4.410258916666668,-21.796532716666665,10.054592528073425,5.644333611406757
2024-03-13 09:30:00,-20.615152733333336,-44.85341825,1.1322482092415882,21.747400942574924
2024-03-13 10:00:00,-31.444587883333337,-63.70869326666667,-29.855909450475195,1.588678432858142
2024-03-13 10:30:00,-40.29077711666667,-68.55203831666667,-31.629800947663526,8.660976169003142
2024-03-13 11:00:00,-46.616573916666674,-82.24512091666666,-43.17570750239115,3.4408664142755256
2024-03-13 11:30:00,-59.616792233333335,-97.71623888333332,-47.02366445219303,12.593127781140304
2024-03-13 12:00:00,-69.6106709,-112.53311006666668,-63.459000553147725,6.151670346852278
2024-03-13 12:30:00,-88.44755085000001,-117.1054261,-70.31272259318422,18.134828256815794
2024-03-13 13:00:00,-119.0637961,-117.94794535,-93.57872114478226,25.48507495521774
2024-03-13 13:30:00,-87.59360601666667,-116.46916221666667,-126.19229725193352,-38.598691235266855
2024-03-13 14:00:00,-86.53748888333332,-109.7650234,-68.42185617533934,18.11563270799398
2024-03-13 14:30:00,-75.77868216666667,-88.02940283333334,-91.73251186633317,-15.9538296996665
2024-03-13 15:00:00,-65.32649728333332,-67.30425776666667,-66.76606753897352,-1.4395702556401915
2024-03-13 15:30:00,-46.545392166666666,-47.73411778333334,-62.934065458458875,-16.38867329179221
2024-03-13 16:00:00,-31.702781666666667,-34.180809466666666,-38.449530944760305,-6.746749278093638
2024-03-13 16:30:00,-20.283079416666663,-24.57407173333333,-28.302870787790237,-8.019791371123574
2024-03-13 17:00:00,-13.08973165,-6.32660975,-16.768096144549848,-3.6783644945498484
2024-03-13 17:30:00,-1.8054717166666672,1.7312300500000006,-11.708429636292312,-9.902957919625646
2024-03-13 18:00:00,11.6418155,15.5159107,1.819921625342836,-9.821893874657164
2024-03-13 18:30:00,4.892635566666667,26.4153951,14.724932251231365,9.8322966845647
2024-03-13 19:00:00,11.524306666666666,31.60162995,-0.19995566367492046,-11.724262330341586
2024-03-13 19:30:00,16.703675583333332,30.44406943333333,15.427855889432102,-1.27581969390123
2024-03-13 20:00:00,17.878995683333333,24.85784665,15.930022179504462,-1.9489735038288707
2024-03-13 20:30:00,19.082272716666665,27.340464666666666,17.349726383793644,-1.7325463328730208
2024-03-13 21:00:00,18.474511083333336,25.94894108333333,18.414757551326403,-0.05975353200693334
2024-03-13 21:30:00,22.474031566666667,20.84216155,17.11240906408731,-5.361622502579358
2024-03-13 22:00:00,23.29478943333333,27.53144778333333,23.235158050050025,-0.05963138328330686
2024-03-13 22:30:00,18.39217958333333,26.500135083333333,21.75071608683892,3.35853650350559
2024-03-13 23:00:00,23.59796946666667,18.4945102,15.56695113987793,-8.03101832678874
2024-03-13 23:30:00,21.49177265,18.80118893333333,25.4616827975741,3.9699101475740974
2024-03-14 00:00:00,16.494964333333332,18.0646644,18.287323280879455,1.7923589475461235
2024-03-14 00:30:00,18.810475933333333,17.43946993333333,14.41313011399609,-4.397345819337243
2024-03-14 01:00:00,21.26767105,19.253946083333336,19.29625157111731,-1.9714194788826909
2024-03-14 01:30:00,24.600432166666668,19.3241839,20.62013992362347,-3.9802922430431984
2024-03-14 02:00:00,26.140721483333333,19.58531388333333,24.688802877165962,-1.4519186061673715
2024-03-14 02:30:00,22.7781711,20.18575548333333,25.086446251257875,2.308275151257874
2024-03-14 03:00:00,21.796878266666667,21.715867166666666,20.23791059850594,-1.5589676681607259
2024-03-14 03:30:00,21.431197216666664,21.28203888333333,20.95245852876925,-0.47873868789741536
2024-03-14 04:00:00,23.992116116666665,21.0742778,20.137227414888685,-3.8548887017779805
2024-03-14 04:30:00,29.211712316666667,20.7858223,24.04965456730286,-5.162057749363807
2024-03-14 05:00:00,27.266419600000003,24.9396149,29.632955596210927,2.3665359962109243
2024-03-14 05:30:00,26.88384728333333,26.739470616666665,24.531780808291415,-2.352066475041916
2024-03-14 06:00:00,28.590272783333333,26.3898652,26.187633635725412,-2.402639147607921
2024-03-14 06:30:00,28.9686498,27.58595275,27.8513505894578,-1.1172992105421997
2024-03-14 07:00:00,29.2309711,33.75831973333333,27.664116706811186,-1.566854393188816
2024-03-14 07:30:00,18.80198995,23.959063566666668,28.10936910170009,9.30737915170009
2024-03-14 08:00:00,11.35124615,13.212777166666667,13.409611933567295,2.058365783567295
2024-03-14 08:30:00,2.304704466666667,10.831019583333331,9.349437218062882,7.044732751396214
2024-03-14 09:00:00,1.6345889499999997,4.410258916666668,-1.4945259633608536,-3.129114913360853
2024-03-14 09:30:00,-21.64447008333333,-20.615152733333336,2.2245962503745744,23.869066333707906
2024-03-14 10:00:00,-45.795717833333335,-31.444587883333337,-31.75644239896033,14.039275434373003
2024-03-14 10:30:00,-52.79285386666666,-40.29077711666667,-50.7798454924229,2.0130083742437606
2024-03-14 11:00:00,-56.66826898333333,-46.616573916666674,-52.3543872931712,4.313881690162127
2024-03-14 11:30:00,-75.33923793333334,-59.616792233333335,-57.07047436165921,18.26876357167413
2024-03-14 12:00:00,-91.44430716666666,-69.6106709,-81.02257029795942,10.421736868707242
2024-03-14 12:30:00,-91.86105558333333,-88.44755085000001,-93.15394278642714,-1.2928872030938123
2024-03-14 13:00:00,-85.81143496666665,-119.0637961,-88.53011846456252,-2.718683497895867
2024-03-14 13:30:00,-79.67060895,-87.59360601666667,-82.09723471610286,-2.426625766102859
2024-03-14 14:00:00,-75.3506811,-86.53748888333332,-76.31344013433092,-0.9627590343309151
2024-03-14 14:30:00,-64.07277711666667,-75.77868216666667,-72.78445552536854,-8.711678408701871
2024-03-14 15:00:00,-57.44345211666666,-65.32649728333332,-58.60837939233473,-1.1649272756680702
2024-03-14 15:30:00,-47.19249546666666,-46.545392166666666,-55.46633382137409,-8.273838354707436
2024-03-14 16:00:00,-28.769910050000004,-31.702781666666667,-42.55297140177888,-13.78306135177888
2024-03-14 16:30:00,-17.57902215,-20.283079416666663,-22.46254685471804,-4.883524704718038
2024-03-14 17:00:00,-6.862881116666666,-13.08973165,-15.51135408539129,-8.648472968724622
2024-03-14 17:30:00,1.4164698666666669,-1.8054717166666672,-3.5847153901907234,-5.00118525685739
2024-03-14 18:00:00,11.51113715,11.6418155,2.8177106992673053,-8.693426450732694
2024-03-14 18:30:00,19.875290516666663,4.892635566666667,14.115143466502872,-5.760147050163791
2024-03-14 19:00:00,19.277283883333336,11.524306666666666,20.905436588517738,1.6281527051844016
2024-03-14 19:30:00,21.20351275,16.703675583333332,17.16087824083933,-4.042634509160671
2024-03-14 20:00:00,20.4472812,17.878995683333333,21.44682529811466,0.9995440981146615
2024-03-14 20:30:00,22.43190055,19.082272716666665,18.55635342626875,-3.875547123731252
2024-03-14 21:00:00,23.05607553333333,18.474511083333336,22.557183240176478,-0.49889229315685313
2024-03-14 21:30:00,21.311194366666665,22.474031566666667,21.709426917188225,0.39823255052155915
2024-03-14 22:00:00,21.27946173333333,23.29478943333333,19.645587441581014,-1.633874291752317
2024-03-14 22:30:00,21.975418450000003,18.39217958333333,20.48669974888721,-1.4887187011127914
2024-03-14 23:00:00,30.98910443333333,23.59796946666667,21.094128111287276,-9.894976322046055
2024-03-14 23:30:00,26.78603408333333,21.49177265,33.37339578606589,6.5873617027325615
2024-03-15 00:00:00,27.389108933333333,16.494964333333332,22.25905371399223,-5.130055219341102
2024-03-15 00:30:00,25.377826166666665,18.810475933333333,27.865410786896113,2.4875846202294483
2024-03-15 01:00:00,18.75033895,21.26767105,22.662541204387708,3.912202254387708
2024-03-15 01:30:00,19.1129266,24.600432166666668,15.674105308641742,-3.438821291358259
2024-03-15 02:00:00,19.0798927,26.140721483333333,19.176140291391725,0.09624759139172667
2024-03-15 02:30:00,20.551921166666663,22.7781711,17.628028602915684,-2.9238925637509787
2024-03-15 03:00:00,21.69869218333333,21.796878266666667,20.339954346314293,-1.358737837019035
2024-03-15 03:30:00,21.23985946666667,21.431197216666664,20.772091887771793,-0.4677675788948754
2024-03-15 04:00:00,20.752644316666665,23.992116116666665,19.94840489337055,-0.8042394232961136
2024-03-15 04:30:00,23.44722498333333,29.211712316666667,19.623902884176665,-3.823322099156666
2024-03-15 05:00:00,25.16478875,27.266419600000003,23.511787701826286,-1.6530010481737136
2024-03-15 05:30:00,22.3634867,26.88384728333333,24.23359739951666,1.8701106995166619
2024-03-15 06:00:00,29.313697716666667,28.590272783333333,20.026821802675663,-9.286875913991004
2024-03-15 06:30:00,35.48589938333333,28.9686498,31.50038226288079,-3.985517120452542
2024-03-15 07:00:00,27.46339543333333,29.2309711,35.16569003151706,7.70229459818373
2024-03-15 07:30:00,18.610247283333333,18.80198995,22.432614408273345,3.822367124940012
2024-03-15 08:00:00,-0.5241800166666667,11.35124615,15.577834427250934,16.1020144439176
2024-03-15 08:30:00,-28.181473716666662,2.304704466666667,-8.101657437391623,20.07981627927504
2024-03-15 09:00:00,-28.55407811666667,1.6345889499999997,-36.42138490785086,-7.867306791184188
2024-03-15 09:30:00,-44.9156078,-21.64447008333333,-24.79235095286254,20.123256847137455
2024-03-15 10:00:00,-51.83722513333333,-45.795717833333335,-52.54260041819302,-0.7053752848596915
2024-03-15 10:30:00,-54.93709561666666,-52.79285386666666,-50.268806935749936,4.668288680916724
2024-03-15 11:00:00,-69.18229718333333,-56.66826898333333,-55.55665460041597,13.625642582917365
2024-03-15 11:30:00,-69.94982885,-75.33923793333334,-73.10638469321654,-3.1565558432165375
2024-03-15 12:00:00,-102.07021288333333,-91.44430716666666,-66.64643099239527,35.42378189093806
2024-03-15 12:30:00,-125.11566884999998,-91.86105558333333,-114.10314421449092,11.012524635509052
2024-03-15 13:00:00,-123.89926891666668,-85.81143496666665,-125.8079470833118,-1.9086781666451174
2024-03-15 13:30:00,-114.36403018333334,-79.67060895,-119.09506281383071,-4.731032630497367
2024-03-15 14:00:00,-117.9581295,-75.3506811,-108.7090728324583,9.249056667541694
2024-03-15 14:30:00,-100.08177278333334,-64.07277711666667,-118.16411770039721,-18.082344917063878
2024-03-15 15:00:00,-94.14334326666666,-57.44345211666666,-89.23895077501857,4.904392491648096
2024-03-15 15:30:00,-79.65005778333334,-47.19249546666666,-93.38451905937964,-13.734461276046304
2024-03-15 16:00:00,-63.89733675,-28.769910050000004,-71.44330703429297,-7.54597028429297
2024-03-15 16:30:00,-49.873703866666666,-17.57902215,-58.93957642650089,-9.065872559834226
2024-03-15 17:00:00,-23.28585165,-6.862881116666666,-44.793256719850376,-21.507405069850375
2024-03-15 17:30:00,-1.6289244333333333,1.4164698666666669,-13.872196042507381,-12.243271609174048
2024-03-15 18:00:00,5.191283783333333,11.51113715,2.993654847069923,-2.19762893626341
2024-03-15 18:30:00,4.558772766666666,19.875290516666663,5.247510718523447,0.6887379518567807
2024-03-15 19:00:00,10.955303366666667,19.277283883333336,3.400799157409761,-7.554504209256907
2024-03-15 19:30:00,13.422857816666664,21.20351275,13.091760292161673,-0.3310975245049903
2024-03-15 20:00:00,14.842870116666669,20.4472812,12.367796580081595,-2.4750735365850733
2024-03-15 20:30:00,12.254542816666666,22.43190055,14.653849386780998,2.399306570114332
2024-03-15 21:00:00,12.489276633333333,23.05607553333333,10.072400788949796,-2.4168758443835365
2024-03-15 21:30:00,15.920927216666668,21.311194366666665,12.364118129216973,-3.556809087449695
2024-03-15 22:00:00,14.229188466666663,21.27946173333333,16.15521746292564,1.926028996258978
2024-03-15 22:30:00,14.314415599999998,21.975418450000003,12.175529263659119,-2.13888633634088
2024-03-15 23:00:00,15.72354835,30.98910443333333,14.001135540210491,-1.7224128097895086
2024-03-15 23:30:00,16.7266078,26.78603408333333,15.178445926107457,-1.5481618738925427
2024-03-16 00:00:00,15.707881116666668,27.389108933333333,16.068906768973818,0.3610256523071502
2024-03-16 00:30:00,17.3584256,25.377826166666665,14.269704569509635,-3.0887210304903654
2024-03-16 01:00:00,19.35135165,18.75033895,17.3376835329397,-2.013668117060302
2024-03-16 01:30:00,25.333445883333336,19.1129266,18.794265100921223,-6.539180782412114
2024-03-16 02:00:00,25.302745416666667,19.0798927,26.491756305759317,1.1890108890926498
2024-03-16 02:30:00,18.976582816666667,20.551921166666663,23.147301324030792,4.170718507364125
2024-03-16 03:00:00,20.410360916666665,21.69869218333333,15.7809232750081,-4.629437641658566
2024-03-16 03:30:00,19.49337605,21.23985946666667,20.9353092992721,1.4419332492721004
2024-03-16 04:00:00,19.6145507,20.752644316666665,17.448691570907826,-2.1658591290921727
2024-03-16 04:30:00,19.510903366666668,23.44722498333333,19.11281140041973,-0.39809196624693755
2024-03-16 05:00:00,19.8543072,25.16478875,18.254813679920723,-1.5994935200792781
2024-03-16 05:30:00,23.25653228333333,22.3634867,19.10058381810243,-4.1559484652309
2024-03-16 06:00:00,19.0478138,29.313697716666667,23.470967814386363,4.423154014386363
2024-03-16 06:30:00,13.890769866666666,35.48589938333333,15.741186858114872,1.8504169914482063
2024-03-16 07:00:00,10.5211454,27.46339543333333,11.882315539281535,1.3611701392815352
2024-03-16 07:30:00,9.449711016666669,18.610247283333333,8.849718282970382,-0.5999927336962863
2024-03-16 08:00:00,-2.1040056166666665,-0.5241800166666667,8.659936988802755,10.763942605469422
2024-03-16 08:30:00,-20.67496668333333,-28.181473716666662,-7.332159352315086,13.342807331018244
2024-03-16 09:00:00,-38.45464275,-28.55407811666667,-26.308418513277722,12.146224236722276
2024-03-16 09:30:00,-48.31690653333334,-44.9156078,-42.90382393753171,5.413082595801626
2024-03-16 10:00:00,-65.01095061666666,-51.83722513333333,-49.505783916558634,15.505166700108028
2024-03-16 10:30:00,-83.24368493333334,-54.93709561666666,-69.89866500418891,13.345019929144428
2024-03-16 11:00:00,-91.46006341666669,-69.18229718333333,-86.51672126987623,4.943342146790457
2024-03-16 11:30:00,-111.06381831666666,-69.94982885,-90.81921407474633,20.244604241920328
2024-03-16 12:00:00,-111.11168873333334,-102.07021288333333,-116.24640560612647,-5.134716872793135
2024-03-16 12:30:00,-129.75645996666665,-125.11566884999998,-105.406320435981,24.350139530685652
2024-03-16 13:00:00,-135.8854189,-123.89926891666668,-135.99459972323112,-0.10918082323112799
2024-03-16 13:30:00,-135.41044996666668,-114.36403018333334,-131.40072379314452,4.009726173522154
2024-03-16 14:00:00,-120.14776546666668,-117.9581295,-132.71043505483763,-12.562669588170948
2024-03-16 14:30:00,-96.70958148333334,-100.08177278333334,-110.91524324312951,-14.205661759796172
2024-03-16 15:00:00,-81.53830221666666,-94.14334326666666,-87.65688287160182,-6.118580654935158
2024-03-16 15:30:00,-71.42995055,-79.65005778333334,-76.52702719651515,-5.0970766465151485
2024-03-16 16:00:00,-56.8645534,-63.89733675,-67.23832976881903,-10.37377636881903
2024-03-16 16:30:00,-33.13236053333333,-49.873703866666666,-50.95925991113794,-17.826899377804608
2024-03-16 17:00:00,-5.627327833333332,-23.28585165,-24.92580219180714,-19.298474358473808
2024-03-16 17:30:00,4.529580666666667,-1.6289244333333333,2.1723953476734223,-2.3571853189932446
2024-03-16 18:00:00,21.79663431666667,5.191283783333333,4.679220257073066,-17.117414059593603
2024-03-16 18:30:00,22.09113495,4.558772766666666,27.625828802143843,5.5346938521438425
2024-03-16 19:00:00,22.702925583333336,10.955303366666667,18.192870640944825,-4.510054942388511
2024-03-16 19:30:00,19.419686066666667,13.422857816666664,23.09014405444252,3.670457987775851
2024-03-16 20:00:00,22.064839483333333,14.842870116666669,16.42188428127416,-5.642955202059174
2024-03-16 20:30:00,25.68444875,12.254542816666666,22.96208322977467,-2.722365520225331
2024-03-16 21:00:00,27.30883335,12.489276633333333,25.192336048088833,-2.116497301911167
2024-03-16 21:30:00,24.080048200000004,15.920927216666668,26.49553607317499,2.4154878731749854
2024-03-16 22:00:00,20.195115466666667,14.229188466666663,21.444666833120323,1.2495513664536553
2024-03-16 22:30:00,17.052799916666668,14.314415599999998,18.206466957269512,1.1536670406028442
2024-03-16 23:00:00,15.928302916666668,15.72354835,15.223871864653347,-0.7044310520133212
2024-03-16 23:30:00,27.550970633333336,16.7266078,14.938822179716801,-12.612148453616534
2024-03-17 00:00:00,24.0687177,15.707881116666668,31.23051602232404,7.161798322324039
2024-03-17 00:30:00,27.138466016666666,17.3584256,19.397892216621493,-7.740573800045173
2024-03-17 01:00:00,21.930484066666665,19.35135165,28.743977189598304,6.813493122931639
2024-03-17 01:30:00,16.1751983,25.333445883333336,17.489757491997388,1.314559191997386
2024-03-17 02:00:00,15.6546545,25.302745416666667,14.310378511721439,-1.3442759882785609
2024-03-17 02:30:00,15.231651616666667,18.976582816666667,14.94995499518523,-0.28169662148143715
2024-03-17 03:00:00,14.9936822,20.410360916666665,14.08713597884293,-0.9065462211570701
2024-03-17 03:30:00,17.299422833333335,19.49337605,14.126169190836038,-3.173253642497297
2024-03-17 04:00:00,18.10398556666667,19.6145507,17.317166779164005,-0.7868187875026642
2024-03-17 04:30:00,21.153768333333336,19.510903366666668,17.0677330416733,-4.0860352916600355
2024-03-17 05:00:00,20.17156933333333,19.8543072,21.417574486606483,1.2460051532731526
2024-03-17 05:30:00,20.562174,23.25653228333333,18.185330567670277,-2.3768434323297214
2024-03-17 06:00:00,22.05485713333333,19.0478138,20.115170209699407,-1.9396869236339214
2024-03-17 06:30:00,19.9516272,13.890769866666666,21.364006047380805,1.412378847380804
2024-03-17 07:00:00,13.621424383333334,10.5211454,17.902325166428703,4.280900783095369
2024-03-17 07:30:00,11.04943665,9.449711016666669,10.580608992092731,-0.4688276579072692
2024-03-17 08:00:00,4.998768283333334,-2.1040056166666665,10.143026783679609,5.144258500346275
2024-03-17 08:30:00,2.7308566,-20.67496668333333,1.9130481275011704,-0.8178084724988297
2024-03-17 09:00:00,-14.697382866666668,-38.45464275,2.288083800522095,16.985466667188764
2024-03-17 09:30:00,-34.32462163333333,-48.31690653333334,-22.118904835094543,12.205716798238786
2024-03-17 10:00:00,-43.2770396,-65.01095061666666,-38.95518981836955,4.321849781630455
2024-03-17 10:30:00,-49.32838784999999,-83.24368493333334,-44.18805231357972,5.140335536420274
2024-03-17 11:00:00,-54.88100553333333,-91.46006341666669,-50.36210007623078,4.518905457102548
2024-03-17 11:30:00,-66.17444825,-111.06381831666666,-55.43860527159362,10.735842978406374
2024-03-17 12:00:00,-90.16378061666668,-111.11168873333334,-68.97250884906555,21.191271767601137
2024-03-17 12:30:00,-97.58152383333334,-129.75645996666665,-96.54120382838835,1.0403200049449879
2024-03-17 13:00:00,-99.4579117,-135.8854189,-95.03549496493088,4.42241673506912
2024-03-17 13:30:00,-107.7386615,-135.41044996666668,-98.29177628751629,9.446885212483721
2024-03-17 14:00:00,-92.31496085,-120.14776546666668,-108.4151920058031,-16.1002311558031
2024-03-17 14:30:00,-67.76072941666666,-96.70958148333334,-82.61546436796925,-14.85473495130259
2024-03-17 15:00:00,-65.76002175,-81.53830221666666,-59.52215826431775,6.237863485682254
2024-03-17 15:30:00,-47.48437955,-71.42995055,-66.64436973390929,-19.159990183909287
2024-03-17 16:00:00,-34.902775,-56.8645534,-38.164358189863734,-3.2615831898637353
2024-03-17 16:30:00,-27.72679383333333,-33.13236053333333,-32.87701459840818,-5.150220765074852
2024-03-17 17:00:00,-18.774152666666662,-5.627327833333332,-25.161749429292282,-6.38759676262562
2024-03-17 17:30:00,0.1965487999999999,4.529580666666667,-16.016226685624027,-16.212775485624025
2024-03-17 18:00:00,9.89001335,21.79663431666667,6.452904172516611,-3.4371091774833893
2024-03-17 18:30:00,9.6885073,22.09113495,10.300568512346128,0.6120612123461289
2024-03-17 19:00:00,12.611303216666665,22.702925583333336,8.369825325072124,-4.24147789159454
2024-03-17 19:30:00,18.6194835,19.419686066666667,13.264180088136701,-5.3553034118633
2024-03-17 20:00:00,20.989366566666664,22.064839483333333,19.52337143278497,-1.4659951338816946
2024-03-17 20:30:00,18.82916935,25.68444875,20.135543163243632,1.3063738132436313
2024-03-17 21:00:00,19.66251898333333,27.30883335,16.86769881583662,-2.794820167496713
2024-03-17 21:30:00,21.39201508333333,24.080048200000004,19.42875447832018,-1.9632606050131507
2024-03-17 22:00:00,22.36773905,20.195115466666667,20.73629152212495,-1.63144752787505
2024-03-17 22:30:00,22.45285335,17.052799916666668,21.532864181399418,-0.9199891686005834
2024-03-17 23:00:00,21.815695,15.928302916666668,21.309594889843346,-0.5061001101566553
2024-03-17 23:30:00,20.67647398333333,27.550970633333336,20.51895046895907,-0.1575235143742617
2024-03-18 00:00:00,23.77295948333333,24.0687177,19.273206376925707,-4.499753106407624
2024-03-18 00:30:00,28.9942806,27.138466016666666,24.115375667271657,-4.878904932728343
2024-03-18 01:00:00,25.6480449,21.930484066666665,29.30227489338902,3.65422999338902
2024-03-18 01:30:00,20.2383122,16.1751983,22.42214354794544,2.183831347945439
2024-03-18 02:00:00,20.230927333333334,15.6546545,17.847285476485048,-2.3836418568482856
2024-03-18 02:30:00,19.81697833333333,15.231651616666667,19.79934100504498,-0.01763732828835174
2024-03-18 03:00:00,20.05358838333333,14.9936822,18.38614591689675,-1.6674424664365795
2024-03-18 03:30:00,21.4466521,17.299422833333335,19.321489930554158,-2.1251621694458436
2024-03-18 04:00:00,21.83044955,18.10398556666667,20.85831221238859,-0.9721373376114109
2024-03-18 04:30:00,24.115551066666665,21.153768333333336,20.73304913785737,-3.382501928809294
2024-03-18 05:00:00,23.068519483333333,20.17156933333333,23.965806520221314,0.8972870368879811
2024-03-18 05:30:00,26.376774466666664,20.562174,21.12252720537508,-5.254247261291585
2024-03-18 06:00:00,27.63434786666667,22.05485713333333,26.94455282019794,-0.6897950464687277
2024-03-18 06:30:00,35.638971633333334,19.9516272,26.196799104099924,-9.44217252923341
2024-03-18 07:00:00,33.409955116666666,13.621424383333334,37.6535507864814,4.243595669814731
2024-03-18 07:30:00,29.77117948333333,11.04943665,29.638315463101556,-0.13286402023177502
2024-03-18 08:00:00,6.135074516666666,4.998768283333334,28.0140972315061,21.879022714839433
2024-03-18 08:30:00,-6.794801783333334,2.7308566,-4.171702359258992,2.6230994240743417
2024-03-18 09:00:00,-18.43633888333333,-14.697382866666668,-8.354008315293779,10.082330568039552
2024-03-18 09:30:00,-34.49107396666667,-34.32462163333333,-22.755735710076024,11.735338256590644
2024-03-18 10:00:00,-45.52472773333333,-43.2770396,-38.91359707027232,6.611130663061012
2024-03-18 10:30:00,-60.0153817,-49.32838784999999,-47.33287093208723,12.682510767912767
2024-03-18 11:00:00,-70.96515765,-54.88100553333333,-63.880886856108106,7.084270793891889
2024-03-18 11:30:00,-87.22424110000001,-66.17444825,-72.01611809482071,15.208123005179303
2024-03-18 12:00:00,-91.28794826666666,-90.16378061666668,-91.14620514712436,0.1417431195422978
2024-03-18 12:30:00,-110.42940833333334,-97.58152383333334,-88.5940075168559,21.835400816477446
2024-03-18 13:00:00,-119.48794648333336,-99.4579117,-116.31829117610488,3.1696553072284814
2024-03-18 13:30:00,-119.79817775,-107.7386615,-117.0285141222875,2.7696636277124895
2024-03-18 14:00:00,-106.12110436666669,-92.31496085,-117.15546562441523,-11.034361257748543
2024-03-18 14:30:00,-94.26733406666666,-67.76072941666666,-98.07350221006263,-3.806168143395965
2024-03-18 15:00:00,-119.98612705,-65.76002175,-89.76754210900734,30.218584940992656
2024-03-18 15:30:00,-52.896557900000005,-47.48437955,-129.11020025176376,-76.21364235176375
2024-03-18 16:00:00,-37.85342888333333,-34.902775,-18.89981380811635,18.95361507521698
2024-03-18 16:30:00,-23.242653333333333,-27.72679383333333,-45.24524700713978,-22.002593673806448
2024-03-18 17:00:00,-6.5515641,-18.774152666666662,-13.618222958405418,-7.066658858405418
2024-03-18 17:30:00,8.641654950000001,0.1965487999999999,-3.963647371128509,-12.60530232112851
2024-03-18 18:00:00,23.47524828333333,9.89001335,13.031907735103545,-10.443340548229784
2024-03-18 18:30:00,28.05586666666667,9.6885073,26.37832922342922,-1.6775374432374512
2024-03-18 19:00:00,21.722565433333333,12.611303216666665,27.02608964523977,5.3035242119064385
2024-03-18 19:30:00,23.312178416666665,18.6194835,17.93736844809449,-5.374809968572176
2024-03-18 20:00:00,19.919883916666667,20.989366566666664,24.04732955684937,4.127445640182703
2024-03-18 20:30:00,20.51734826666667,18.82916935,16.70718523924284,-3.8101630274238296
2024-03-18 21:00:00,23.57818268333333,19.66251898333333,20.686841099411076,-2.891341583922255
2024-03-18 21:30:00,18.95120225,21.39201508333333,23.238041387070687,4.286839137070686
2024-03-18 22:00:00,28.44995053333333,22.36773905,15.706692057656333,-12.743258475676996
2024-03-18 22:30:00,28.783139516666665,22.45285335,32.15180615535511,3.3686666386884454
2024-03-18 23:00:00,29.26615178333333,21.815695,25.56140753821571,-3.7047442451176202
2024-03-18 23:30:00,25.82427948333333,20.67647398333333,29.06024372084086,3.2359642375075275
2024-03-19 00:00:00,27.0611067,23.77295948333333,22.771136951560045,-4.289969748439955
2024-03-19 00:30:00,24.0609923,28.9942806,27.189443095429453,3.1284507954294547
2024-03-19 01:00:00,19.484023266666668,25.6480449,21.120513396235197,1.6364901295685286
2024-03-19 01:30:00,18.256959316666663,20.2383122,17.356238973945246,-0.9007203427214172
2024-03-19 02:00:00,17.43211833333333,20.230927333333334,17.263790187701026,-0.16832814563230514
2024-03-19 02:30:00,17.35238108333333,19.81697833333333,16.155928319226774,-1.1964527641065565
2024-03-19 03:00:00,17.920473933333334,20.05358838333333,16.52020184239128,-1.4002720909420532
2024-03-19 03:30:00,19.2829493,21.4466521,17.15428048017641,-2.128668819823588
2024-03-19 04:00:00,18.85845903333333,21.83044955,18.777772421612667,-0.08068661172066172
2024-03-19 04:30:00,22.850421166666667,24.115551066666665,17.490845676920813,-5.359575489745854
2024-03-19 05:00:00,24.809400683333333,23.068519483333333,23.596464538332143,-1.2129361450011906
2024-03-19 05:30:00,24.95642408333333,26.376774466666664,23.702861348311316,-1.2535627350220153
2024-03-19 06:00:00,22.9145206,27.63434786666667,23.861762313722764,0.9472417137227644
2024-03-19 06:30:00,23.4476955,35.638971633333334,20.952912845140823,-2.4947826548591756
2024-03-19 07:00:00,20.16120211666667,33.409955116666666,22.942379738622392,2.781177621955724
2024-03-19 07:30:00,14.122824533333334,29.77117948333333,17.516861185922586,3.394036652589252
2024-03-19 08:00:00,4.805942816666667,6.135074516666666,11.44349563736645,6.637552820699783
2024-03-19 08:30:00,0.8646411833333335,-6.794801783333334,1.0869696505302109,0.22232846719687738
2024-03-19 09:00:00,-11.998886566666664,-18.43633888333333,0.046145983546676206,12.04503255021334
2024-03-19 09:30:00,-19.59018285,-34.49107396666667,-17.40311199386948,2.1870708561305214
2024-03-19 10:00:00,-38.54723955,-45.52472773333333,-20.479458265021,18.067781284979
2024-03-19 10:30:00,-51.803731133333336,-60.0153817,-45.53290547044976,6.270825662883574
2024-03-19 11:00:00,-73.48691105,-70.96515765,-53.228932961242826,20.257978088757177
2024-03-19 11:30:00,-84.16268778333334,-87.22424110000001,-80.09340005965656,4.06928772367678
2024-03-19 12:00:00,-93.8404072,-91.28794826666666,-83.42232892341187,10.418078276588133
2024-03-19 12:30:00,-95.12146986666666,-110.42940833333334,-95.45804388690584,-0.33657402023918337
2024-03-19 13:00:00,-111.84133181666664,-119.48794648333336,-92.07768243825853,19.763649378408104
2024-03-19 13:30:00,-108.49302715,-119.79817775,-116.78827578614826,-8.295248636148258
2024-03-19 14:00:00,-91.22353838333332,-106.12110436666669,-101.53081663623306,-10.307278252899735
2024-03-19 14:30:00,-86.38440345,-94.26733406666666,-84.05004874828487,2.334354701715128
2024-03-19 15:00:00,-76.76917058333333,-119.98612705,-84.81601802043983,-8.046847437106493
2024-03-19 15:30:00,-54.90728888333334,-52.896557900000005,-71.1107777834564,-16.203488900123062
2024-03-19 16:00:00,-32.90354163333333,-37.85342888333333,-46.57527943161612,-13.671737798282784
2024-03-19 16:30:00,-19.376063833333333,-23.242653333333333,-26.487924660659846,-7.111860827326513
2024-03-19 17:00:00,-12.4948482,-6.5515641,-16.28475732193501,-3.789909121935011
2024-03-19 17:30:00,4.531548983333334,8.641654950000001,-11.088151586930222,-15.619700570263555
2024-03-19 18:00:00,2.5242039166666665,23.47524828333333,10.369907763877524,7.845703847210858
2024-03-19 18:30:00,8.562279433333334,28.05586666666667,-1.626877237837384,-10.189156671170718
2024-03-19 19:00:00,10.577351266666666,21.722565433333333,11.91915179413543,1.3418005274687648
2024-03-19 19:30:00,14.604400416666666,23.312178416666665,8.912111278988863,-5.692289137677802
2024-03-19 20:00:00,19.377803916666668,19.919883916666667,15.804364840789546,-3.573439075877122
2024-03-19 20:30:00,18.933629416666665,20.51734826666667,19.488763698504776,0.5551342818381109
2024-03-19 21:00:00,18.67398731666667,23.57818268333333,17.29045151996761,-1.3835357966990571
2024-03-19 21:30:00,16.172107183333335,18.95120225,17.872177185486393,1.7000700021530584
2024-03-19 22:00:00,14.812842766666668,28.44995053333333,14.142043914639643,-0.6707988520270245
2024-03-19 22:30:00,17.412631016666666,28.783139516666665,13.851033752290846,-3.56159726437582
2024-03-19 23:00:00,16.878447716666667,29.26615178333333,17.592677687514467,0.7142299708477999
2024-03-19 23:30:00,16.388051216666664,25.82427948333333,15.244590924329053,-1.1434602923376112
2024-03-20 00:00:00,16.723320583333333,27.0611067,15.569535638906508,-1.1537849444268247
2024-03-20 00:30:00,17.165442133333332,24.0609923,15.896580459488227,-1.2688616738451053
2024-03-20 01:00:00,15.530031566666668,19.484023266666668,16.37137694645913,0.841345379792461
2024-03-20 01:30:00,15.669443316666667,18.256959316666663,13.892539857545927,-1.7769034591207404
2024-03-20 02:00:00,17.5103412,17.43211833333333,15.149755931625087,-2.360585268374912
2024-03-20 02:30:00,16.658918316666668,17.35238108333333,17.17154087007804,0.5126225534113722
2024-03-20 03:00:00,17.434931016666667,17.920473933333334,15.11982367041545,-2.3151073462512173
2024-03-20 03:30:00,17.718390483333334,19.2829493,17.079469494862416,-0.6389209884709182
2024-03-20 04:00:00,20.06179623333333,18.85845903333333,16.63325149761279,-3.428544735720539
2024-03-20 04:30:00,19.4926771,22.850421166666667,20.084791261596784,0.5921141615967827
2024-03-20 05:00:00,19.79210601666667,24.809400683333333,17.812538488419833,-1.979567528246836
2024-03-20 05:30:00,20.592295,24.95642408333333,19.203758219017914,-1.3885367809820863
2024-03-20 06:00:00,33.29196111666666,22.9145206,19.720232399869005,-13.571728716797658
2024-03-20 06:30:00,30.7990751,23.4476955,37.16643978647085,6.367364686470854
2024-03-20 07:00:00,21.85213176666667,20.16120211666667,26.21500623278348,4.362874466116811
2024-03-20 07:30:00,22.564825599999995,14.122824533333334,18.465525091433733,-4.099300508566262
2024-03-20 08:00:00,15.5814245,4.805942816666667,22.7810679277405,7.199643427740501
2024-03-20 08:30:00,-0.7006798499999999,0.8646411833333335,11.214679134264713,11.915358984264714
2024-03-20 09:00:00,-12.1109021,-11.998886566666664,-6.475681526980967,5.6352205730190335
2024-03-20 09:30:00,-30.617200033333333,-19.59018285,-14.761489684190881,15.855710349142452
2024-03-20 10:00:00,-32.879478283333334,-38.54723955,-36.953307589593926,-4.073829306260592
2024-03-20 10:30:00,-48.90942715,-51.803731133333336,-30.581674760152637,18.32775238984736
2024-03-20 11:00:00,-52.318636700000006,-73.48691105,-55.61553203169805,-3.296895331698046
2024-03-20 11:30:00,-60.7714028,-84.16268778333334,-49.62044908465505,11.150953715344947
2024-03-20 12:00:00,-84.1808305,-93.8404072,-63.951432825557134,20.229397674442865
2024-03-20 12:30:00,-87.11425728333334,-95.12146986666666,-90.37146815892223,-3.257210875588882
2024-03-20 13:00:00,-117.00274945,-111.84133181666664,-83.1198933558214,33.88285609417859
2024-03-20 13:30:00,-128.03630266666667,-108.49302715,-127.81116056049558,0.22514210617109143
2024-03-20 14:00:00,-122.01060498333334,-91.22353838333332,-123.9912395833251,-1.9806345999917596
2024-03-20 14:30:00,-118.69230208333332,-86.38440345,-117.24681286451846,1.4454892188148563
2024-03-20 15:00:00,-105.33991768333334,-76.76917058333333,-115.52333768499275,-10.183420001659414
2024-03-20 15:30:00,-80.37121893333334,-54.90728888333334,-97.68679860531518,-17.315579671981837
2024-03-20 16:00:00,-66.6533077,-32.90354163333333,-70.60117444523215,-3.9478667452321474
2024-03-20 16:30:00,-48.98827055,-19.376063833333333,-63.13489854476092,-14.14662799476092
2024-03-20 17:00:00,-28.45605835,-12.4948482,-41.76191214192732,-13.30585379192732
2024-03-20 17:30:00,-7.738791033333332,4.531548983333334,-22.36523236174809,-14.62644132841476
2024-03-20 18:00:00,7.466943333333334,2.5242039166666665,-1.863391862222585,-9.330335195555918
2024-03-20 18:30:00,9.91932455,8.562279433333334,10.496773095568933,0.5774485455689327
2024-03-20 19:00:00,15.2959295,10.577351266666666,8.60677813356634,-6.689151366433659
2024-03-20 19:30:00,21.155942816666663,14.604400416666666,16.897387226199093,-4.258555590467569
2024-03-20 20:00:00,19.8179505,19.377803916666668,21.49366737331446,1.6757168733144603
2024-03-20 20:30:00,18.314612116666662,18.933629416666665,17.66073784943095,-0.653874267235711
2024-03-20 21:00:00,19.930590616666667,18.67398731666667,17.213385550896803,-2.717205065769864
2024-03-20 21:30:00,20.39652275,16.172107183333335,19.65341695042602,-0.7431057995739785
2024-03-20 22:00:00,19.4676995,14.812842766666668,19.25499894660267,-0.21270055339732963
2024-03-20 22:30:00,18.448900533333333,17.412631016666666,18.13371896594434,-0.3151815673889935
2024-03-20 23:00:00,22.21478563333333,16.878447716666667,17.19732779213775,-5.017457841195583
2024-03-20 23:30:00,20.250688883333336,16.388051216666664,22.838070929702383,2.587382046369047
2024-03-21 00:00:00,26.925898866666667,16.723320583333333,17.686096930290418,-9.23980193637625
2024-03-21 00:30:00,20.074317166666667,17.165442133333332,29.182507941867968,9.108190775201301
2024-03-21 01:00:00,15.889664783333332,15.530031566666668,14.71936050572937,-1.1703042776039627
2024-03-21 01:30:00,15.525493533333334,15.669443316666667,15.101472876594052,-0.42402065673928213
2024-03-21 02:00:00,15.784268850000002,17.5103412,14.430936354035524,-1.3533324959644784
2024-03-21 02:30:00,15.612312916666667,16.658918316666668,15.078562333883006,-0.5337505827836608
2024-03-21 03:00:00,16.556110583333332,17.434931016666667,14.561546452299815,-1.994564131033517
2024-03-21 03:30:00,18.254515516666668,17.718390483333334,16.09632295542795,-2.1581925612387174
2024-03-21 04:00:00,19.421537233333336,20.06179623333333,17.800815923898384,-1.620721309434952
2024-03-21 04:30:00,18.614338733333334,19.4926771,18.693252136394108,0.0789134030607741
2024-03-21 05:00:00,25.83336033333333,19.79210601666667,17.187480087970712,-8.64588024536262
2024-03-21 05:30:00,23.28390231666667,20.592295,27.87644674691596,4.592544430249291
2024-03-21 06:00:00,26.484798366666663,33.29196111666666,19.744746019204364,-6.740052347462299
2024-03-21 06:30:00,27.27224445,30.7990751,27.68581775499814,0.4135733049981418
2024-03-21 07:00:00,19.230795616666665,21.85213176666667,25.375085252600215,6.14428963593355
2024-03-21 07:30:00,16.654912816666666,22.564825599999995,15.179002835168887,-1.4759099814977787
2024-03-21 08:00:00,7.378910033333334,15.5814245,15.96892601424053,8.590015980907197
2024-03-21 08:30:00,-7.2162924,-0.7006798499999999,2.7253470569732237,9.941639456973224
2024-03-21 09:00:00,-28.268194500000003,-12.1109021,-11.898789841881939,16.369404658118064
2024-03-21 09:30:00,-58.00119383333333,-30.617200033333333,-34.91329720050375,23.087896632829583
2024-03-21 10:00:00,-83.99999824999999,-32.879478283333334,-66.4059779393449,17.594020310655097
2024-03-21 10:30:00,-162.38326581666666,-48.90942715,-89.06704773755212,73.31621807911455
2024-03-21 11:00:00,-121.83327831666666,-52.318636700000006,-188.39345854721805,-66.56018023055138
2024-03-21 11:30:00,-124.42629626666668,-60.7714028,-89.37557345120356,35.05072281546312
2024-03-21 12:00:00,-144.52047391666667,-84.1808305,-135.45548233871634,9.064991577950337
2024-03-21 12:30:00,-160.77864166666666,-87.11425728333334,-143.64503780123928,17.133603865427375
2024-03-21 13:00:00,-162.41530666666665,-117.00274945,-162.75054922364143,-0.33524255697477656
2024-03-21 13:30:00,-156.37605211666667,-128.03630266666667,-156.83239822279455,-0.4563461061278815
2024-03-21 14:00:00,-139.56338953333332,-122.01060498333334,-150.9691212952508,-11.40573176191748
2024-03-21 14:30:00,-129.57245278333332,-118.69230208333332,-130.09436940976903,-0.5219166264357114
2024-03-21 15:00:00,-105.91911783333336,-105.33991768333334,-125.14897318250547,-19.229855349172112
2024-03-21 15:30:00,-85.61139613333334,-80.37121893333334,-94.36378190626786,-8.752385772934517
2024-03-21 16:00:00,-63.86046721666667,-66.6533077,-79.31666272702887,-15.4561955103622
2024-03-21 16:30:00,-48.23336601666667,-48.98827055,-55.51110413711862,-7.27773812045195
2024-03-21 17:00:00,-20.278246766666665,-28.45605835,-43.98182414069997,-23.703577374033305
2024-03-21 17:30:00,-10.024969933333336,-7.738791033333332,-10.03607797261577,-0.011108039282433424
2024-03-21 18:00:00,4.259109366666667,7.466943333333334,-10.332357801172423,-14.59146716783909
2024-03-21 18:30:00,7.604140466666666,9.91932455,9.666701986404274,2.0625615197376073
2024-03-21 19:00:00,13.7194406,15.2959295,5.741948859219022,-7.9774917407809784
2024-03-21 19:30:00,13.727440466666666,21.155942816666663,15.933013373491413,2.205572906824747
2024-03-21 20:00:00,16.14842385,19.8179505,11.5728104661249,-4.575613383875101
2024-03-21 20:30:00,15.428948316666665,18.314612116666662,16.81113192090801,1.3821836042413462
2024-03-21 21:00:00,15.200116799999998,19.930590616666667,13.563285591461472,-1.636831208538526
2024-03-21 21:30:00,16.944886183333335,20.39652275,14.638059679965309,-2.3068265033680255
2024-03-21 22:00:00,14.452642316666669,19.4676995,16.60436715292967,2.151724836263
2024-03-21 22:30:00,14.2129941,18.448900533333333,12.293740423683666,-1.919253676316334
2024-03-21 23:00:00,13.664322666666664,22.21478563333333,13.809332982464646,0.14501031579798251
2024-03-21 23:30:00,13.992861183333332,20.250688883333336,12.395927838451048,-1.5969333448822844
2024-03-22 00:00:00,14.160613516666666,26.925898866666667,13.459252598101859,-0.7013609185648075
2024-03-22 00:30:00,14.75852285,20.074317166666667,13.236529078596977,-1.5219937714030234
2024-03-22 01:00:00,15.947377533333333,15.889664783333332,14.16387352268601,-1.783504010647322
2024-03-22 01:30:00,15.022686466666668,15.525493533333334,15.420032042810789,0.39734557614412047
2024-03-22 02:00:00,13.781696833333331,15.784268850000002,13.59479041055917,-0.18690642277416103
2024-03-22 02:30:00,15.463131183333331,15.612312916666667,12.651243884050285,-2.811887299283047
2024-03-22 03:00:00,14.10150835,16.556110583333332,15.395173729435761,1.2936653794357618
2024-03-22 03:30:00,14.341659616666668,18.254515516666668,12.323912465840646,-2.017747150826022
2024-03-22 04:00:00,16.344682116666668,19.421537233333336,13.975390188596641,-2.3692919280700266
2024-03-22 04:30:00,18.125028416666662,18.614338733333334,16.05360876930365,-2.0714196473630118
2024-03-22 05:00:00,18.60053113333333,25.83336033333333,17.638995532193704,-0.9615356011396266
2024-03-22 05:30:00,28.414240566666667,23.28390231666667,17.620481448181167,-10.7937591184855
2024-03-22 06:00:00,31.024173883333333,26.484798366666663,31.28123002348562,0.2570561401522866
2024-03-22 06:30:00,32.571482800000005,27.27224445,29.052551722656595,-3.51893107734341
2024-03-22 07:00:00,25.08380956666667,19.230795616666665,32.16112814607434,7.07731857940767
2024-03-22 07:30:00,21.49433773333333,16.654912816666666,20.41091072437689,-1.0834270089564413
2024-03-22 08:00:00,11.147806116666668,7.378910033333334,20.457358636103585,9.309552519436917
2024-03-22 08:30:00,-1.734071083333334,-7.2162924,6.043367343947185,7.7774384272805195
2024-03-22 09:00:00,-25.29387328333333,-28.268194500000003,-5.695161885291359,19.59871139804197
2024-03-22 09:30:00,-51.87086166666666,-58.00119383333333,-33.43639944406598,18.434462222600686
2024-03-22 10:00:00,-78.96566448333333,-83.99999824999999,-58.510972885193304,20.454691598140023
2024-03-22 10:30:00,-87.10695161666666,-162.38326581666666,-85.44976133834874,1.6571902783179269
2024-03-22 11:00:00,-94.73583231666667,-121.83327831666666,-85.22083558987521,9.514996726791466
2024-03-22 11:30:00,-113.27583768333334,-124.42629626666668,-95.93230958756587,17.343528095767468
2024-03-22 12:00:00,-130.00104443333333,-144.52047391666667,-117.13056153482566,12.870482898507674
2024-03-22 12:30:00,-139.78842283333333,-160.77864166666666,-131.3058953822882,8.482527451045115
2024-03-22 13:00:00,-148.6028401,-162.41530666666665,-138.84173507101335,9.761105028986663
2024-03-22 13:30:00,-136.49819893333333,-156.37605211666667,-147.87192344461812,-11.373724511284792
2024-03-22 14:00:00,-130.88131485,-139.56338953333332,-127.15858925645426,3.722725593545732
2024-03-22 14:30:00,-128.06355778333332,-129.57245278333332,-128.22912564371651,-0.1655678603831916
2024-03-22 15:00:00,-119.81782285,-105.91911783333336,-123.84987582802387,-4.03205297802387
2024-03-22 15:30:00,-99.92743445,-85.61139613333334,-114.25685628247052,-14.329421832470516
2024-03-22 16:00:00,-70.78640511666667,-63.86046721666667,-90.7002076130936,-19.913802496426925
2024-03-22 16:30:00,-58.24415486666666,-48.23336601666667,-60.26361888243036,-2.0194640157636954
2024-03-22 17:00:00,-34.3669049,-20.278246766666665,-55.870274711014005,-21.503369811014004
2024-03-22 17:30:00,-16.19407501666667,-10.024969933333336,-24.53677747491553,-8.342702458248862
2024-03-22 18:00:00,-0.1280127166666666,4.259109366666667,-12.69490339598538,-12.566890679318712
2024-03-22 18:30:00,8.3486273,7.604140466666666,4.576734084981386,-3.771893215018615
2024-03-22 19:00:00,14.2737971,13.7194406,8.96095640489752,-5.31284069510248
2024-03-22 19:30:00,13.892574383333336,13.727440466666666,15.323478843078348,1.4309044597450118
2024-03-22 20:00:00,15.658994866666667,16.14842385,12.063996715079785,-3.594998151586882
2024-03-22 20:30:00,18.076282366666668,15.428948316666665,15.919551259600475,-2.156731107066193
2024-03-22 21:00:00,13.605550116666665,15.200116799999998,17.628682480313152,4.0231323636464875
2024-03-22 21:30:00,13.09596,16.944886183333335,10.675900431934892,-2.420059568065108
2024-03-22 22:00:00,18.844900566666663,14.452642316666669,12.949270679987656,-5.895629886679007
2024-03-22 22:30:00,17.025621116666667,14.2129941,19.97204760656234,2.946426489895675
2024-03-22 23:00:00,25.56170885,13.664322666666664,14.428736594050143,-11.132972255949856
2024-03-22 23:30:00,25.171379866666665,13.992861183333332,28.681855137855322,3.510475271188657
2024-03-23 00:00:00,23.116797266666666,14.160613516666666,22.025129841321828,-1.0916674253448377
2024-03-23 00:30:00,14.024466683333335,14.75852285,22.022120624318674,7.997653940985339
2024-03-23 01:00:00,12.064962233333333,15.947377533333333,9.374184596021799,-2.690777637311534
2024-03-23 01:30:00,13.488903366666667,15.022686466666668,12.073304317263574,-1.4155990494030934
2024-03-23 02:00:00,13.791611666666666,13.781696833333331,12.896533194628603,-0.8950784720380636
2024-03-23 02:30:00,14.341272283333334,15.463131183333331,12.96454625492256,-1.3767260284107738
2024-03-23 03:00:00,16.092707233333332,14.10150835,13.700059314249966,-2.392647919083366
2024-03-23 03:30:00,15.649132933333334,14.341659616666668,15.821161769451862,0.17202883611852826
2024-03-23 04:00:00,15.381101533333334,16.344682116666668,14.2942414318914,-1.0868601014419337
2024-03-23 04:30:00,15.478446666666668,18.125028416666662,14.576310618100209,-0.9021360485664598
2024-03-23 05:00:00,15.536559966666667,18.60053113333333,14.590746793278264,-0.9458131733884034
2024-03-23 05:30:00,16.3692011,28.414240566666667,14.665401645433775,-1.7037994545662265
2024-03-23 06:00:00,18.05860925,31.024173883333333,15.791747552500766,-2.266861697499234
2024-03-23 06:30:00,12.800777266666666,32.571482800000005,17.658915520903435,4.858138254236769
2024-03-23 07:00:00,10.954660483333331,25.08380956666667,9.543334431669528,-1.4113260516638029
2024-03-23 07:30:00,12.455183483333334,21.49433773333333,10.45610064364665,-1.9990828396866842
2024-03-23 08:00:00,10.332286666666668,11.147806116666668,12.15210447406162,1.8198178073949514
2024-03-23 08:30:00,-0.5775322166666664,-1.734071083333334,8.471255842394676,9.048788059061343
2024-03-23 09:00:00,-14.773630083333332,-25.29387328333333,-5.127601038896804,9.646029044436528
2024-03-23 09:30:00,-42.9005033,-51.87086166666666,-19.044112582681677,23.85639071731832
2024-03-23 10:00:00,-56.868931233333335,-78.96566448333333,-52.20482869209277,4.664102541240567
2024-03-23 10:30:00,-66.71286715000001,-87.10695161666666,-57.41378649506211,9.299080654937896
2024-03-23 11:00:00,-87.38553233333334,-94.73583231666667,-68.8743260370232,18.51120629631015
2024-03-23 11:30:00,-90.0911401,-113.27583768333334,-92.71822631573414,-2.6270862157341384
2024-03-23 12:00:00,-106.38343103333334,-130.00104443333333,-86.25471186445162,20.128719168881716
2024-03-23 12:30:00,-113.16373326666668,-139.78842283333333,-111.69295023704018,1.470783029626503
2024-03-23 13:00:00,-126.43644163333332,-148.6028401,-110.2142683931672,16.222173240166114
2024-03-23 13:30:00,-116.7093732,-136.49819893333333,-129.3134884158335,-12.604115215833488
2024-03-23 14:00:00,-119.78934786666666,-130.88131485,-107.58883946762333,12.20050839904333
2024-03-23 14:30:00,-116.48124501666666,-128.06355778333332,-121.1922143376369,-4.710969320970236
2024-03-23 15:00:00,-100.24684096666664,-119.81782285,-110.75498917374313,-10.508148207076488
2024-03-23 15:30:00,-87.7323138,-99.92743445,-92.64664813782048,-4.914334337820478
2024-03-23 16:00:00,-70.01520123333333,-70.78640511666667,-83.00382139844908,-12.988620165115748
2024-03-23 16:30:00,-51.42561955,-58.24415486666666,-62.4919926341271,-11.0663730841271
2024-03-23 17:00:00,-29.340680000000003,-34.3669049,-45.42851238375021,-16.087832383750207
2024-03-23 17:30:00,-14.677486616666664,-16.19407501666667,-22.02317244915486,-7.345685832488195
2024-03-23 18:00:00,-2.3795089,-0.1280127166666666,-11.663209624411138,-9.283700724411139
2024-03-23 18:30:00,6.054806733333334,8.3486273,1.0019260100976943,-5.052880723235639
2024-03-23 19:00:00,9.47415375,14.2737971,7.303169303045376,-2.1709844469546233
2024-03-23 19:30:00,11.881484266666668,13.892574383333336,9.357314898703347,-2.524169367963321
2024-03-23 20:00:00,12.036262233333334,15.658994866666667,11.825286294546046,-0.21097593878728738
2024-03-23 20:30:00,11.581875966666669,18.076282366666668,10.982006899486255,-0.5998690671804141
2024-03-23 21:00:00,12.42289385,13.605550116666665,10.711580268182136,-1.7113135818178637
2024-03-23 21:30:00,14.32661385,13.09596,11.997598363889601,-2.329015486110398
2024-03-23 22:00:00,15.878749316666664,18.844900566666663,14.094426994188858,-1.7843223224778058
2024-03-23 22:30:00,14.368700633333331,17.025621116666667,15.354344883058161,0.9856442497248299
2024-03-23 23:00:00,14.2193633,25.56170885,12.713142713037477,-1.506220586962522
2024-03-23 23:30:00,16.8093112,25.171379866666665,13.638296321939528,-3.171014878060472
2024-03-24 00:00:00,17.835997783333337,23.116797266666666,16.844591833830812,-0.9914059495025249
2024-03-24 00:30:00,15.764896683333331,14.024466683333335,16.89761436511487,1.1327176817815374
2024-03-24 01:00:00,15.094312666666667,12.064962233333333,13.993560505228857,-1.1007521614378106
2024-03-24 01:30:00,15.938362283333332,13.488903366666667,14.306304089111215,-1.6320581942221164
2024-03-24 02:00:00,16.5168267,13.791611666666666,15.346396203374105,-1.1704304966258938
2024-03-24 02:30:00,14.833827166666666,14.341272283333334,15.705019630795988,0.8711924641293223
2024-03-24 03:00:00,17.57899385,16.092707233333332,13.209807905502089,-4.369185944497911
2024-03-24 03:30:00,14.986022383333331,15.649132933333334,18.099167204155798,3.113144820822466
2024-03-24 04:00:00,16.478616650000003,15.381101533333334,12.394601219766194,-4.0840154302338085
2024-03-24 04:30:00,16.4432835,15.478446666666668,16.917998212084846,0.4747147120848467
2024-03-24 05:00:00,19.077335416666667,15.536559966666667,14.92858708879777,-4.148748327868898
2024-03-24 05:30:00,25.23171041666667,16.3692011,19.446406838320712,-5.785303578345957
2024-03-24 06:00:00,26.42282095,18.05860925,26.07049397692301,-0.35232697307698757
2024-03-24 06:30:00,24.76132218333333,12.800777266666666,24.886242825775,0.12492064244166912
2024-03-24 07:00:00,16.246618333333334,10.954660483333331,23.082740064506403,6.836121731173069
2024-03-24 07:30:00,10.143872316666666,12.455183483333334,12.010696506904583,1.8668241902379172
2024-03-24 08:00:00,1.7026387833333334,10.332286666666668,8.269789501426573,6.567150718093239
2024-03-24 08:30:00,-10.934251083333336,-0.5775322166666664,-1.8690165207842213,9.065234562549115
2024-03-24 09:00:00,-17.311496666666667,-14.773630083333332,-15.100508363631093,2.210988303035574
2024-03-24 09:30:00,-34.33252,-42.9005033,-18.297029563810927,16.035490436189075
2024-03-24 10:00:00,-58.06973441666667,-56.868931233333335,-40.60552459217011,17.464209824496557
2024-03-24 10:30:00,-71.4733122,-66.71286715000001,-64.0597202015272,7.413591998472796
2024-03-24 11:00:00,-88.00993723333333,-87.38553233333334,-72.64635301757951,15.363584215753818
2024-03-24 11:30:00,-102.76347,-90.0911401,-91.96893202516085,10.794537974839145
2024-03-24 12:00:00,-126.65140553333332,-106.38343103333334,-104.2058250595476,22.44558047378571
2024-03-24 12:30:00,-152.54389048333334,-113.16373326666668,-132.18979381295574,20.3540966703776
2024-03-24 13:00:00,-158.90090998333332,-126.43644163333332,-156.20797127481515,2.69293870851817
2024-03-24 13:30:00,-160.59382935,-116.7093732,-154.7495373213888,5.844292028611193
2024-03-24 14:00:00,-155.7328244,-119.78934786666666,-157.73029974759237,-1.9974753475923706
2024-03-24 14:30:00,-130.90339989999998,-116.48124501666666,-149.68912069780606,-18.78572079780608
2024-03-24 15:00:00,-107.21023616666668,-100.24684096666664,-118.59565480488575,-11.385418638219079
2024-03-24 15:30:00,-90.66382676666666,-87.7323138,-98.97094804452888,-8.307121277862223
2024-03-24 16:00:00,-73.35382295000001,-70.01520123333333,-84.36940367319883,-11.015580723198823
2024-03-24 16:30:00,-48.728319,-51.42561955,-66.55092474196346,-17.822605741963457
2024-03-24 17:00:00,-23.853460483333333,-29.340680000000003,-39.93500562068033,-16.081545137346996
2024-03-24 17:30:00,-9.827961716666666,-14.677486616666664,-16.74573928777415,-6.917777571107484
2024-03-24 18:00:00,4.628936166666667,-2.3795089,-7.1802534397487445,-11.809189606415412
2024-03-24 18:30:00,14.9727878,6.054806733333334,8.829147515981223,-6.143640284018778
2024-03-24 19:00:00,19.390813866666665,9.47415375,16.352450705830776,-3.038363160835889
2024-03-24 19:30:00,15.6239711,11.881484266666668,19.271768388558144,3.6477972885581433
2024-03-24 20:00:00,16.532231133333333,12.036262233333334,12.77914090888514,-3.7530902244481936
2024-03-24 20:30:00,12.2070188,11.581875966666669,16.82764295292494,4.62062415292494
2024-03-24 21:00:00,16.132237200000002,12.42289385,9.073863374722738,-7.058373825277265
2024-03-24 21:30:00,15.913871533333335,14.32661385,17.860505842535666,1.9466343092023308
2024-03-24 22:00:00,14.661049416666666,15.878749316666664,13.787793425754074,-0.8732559909125914
2024-03-24 22:30:00,17.517381333333333,14.368700633333331,13.791810644579435,-3.7255706887538977
2024-03-24 23:00:00,14.483330616666668,14.2193633,17.7638090838566,3.2804784671899316
2024-03-24 23:30:00,13.930106016666665,16.8093112,11.839105492092013,-2.0910005245746515
2024-03-25 00:00:00,16.707564833333333,17.835997783333337,13.610789897916362,-3.0967749354169705
2024-03-25 00:30:00,16.43928275,15.764896683333331,16.714841095317325,0.27555834531732515
2024-03-25 01:00:00,14.925833916666669,15.094312666666667,15.010163012671711,0.08432909600504246
2024-03-25 01:30:00,16.7082656,15.938362283333332,13.635857693776298,-3.0724079062237024
2024-03-25 02:00:00,19.27135613333333,16.5168267,16.70506347609313,-2.5662926572402007
2024-03-25 02:30:00,17.7042322,14.833827166666666,18.9543301699267,1.2500979699266992
2024-03-25 03:00:00,17.661332666666667,17.57899385,15.809356007554747,-1.8519766591119193
2024-03-25 03:30:00,16.6158502,14.986022383333331,17.09867243439045,0.4828222343904507
2024-03-25 04:00:00,18.9444173,16.478616650000003,15.091163440862395,-3.853253859137606
2024-03-25 04:30:00,19.20956298333333,16.4432835,19.191756363185604,-0.01780662014772716
2024-03-25 05:00:00,19.04126563333333,19.077335416666667,17.801727243038847,-1.2395383902944843
2024-03-25 05:30:00,18.15602443333333,25.23171041666667,18.16382837066037,0.007803937327039989
2024-03-25 06:00:00,34.537330516666664,26.42282095,16.77696425881858,-17.760366257848084
2024-03-25 06:30:00,38.027855466666665,24.76132218333333,40.16147329462998,2.133617827963313
2024-03-25 07:00:00,24.754417633333333,16.246618333333334,34.98698384595671,10.232566212623375
2024-03-25 07:30:00,23.16645835,10.143872316666666,18.740545327705384,-4.4259130222946155
2024-03-25 08:00:00,12.135172283333333,1.7026387833333334,23.500091291893035,11.364919008559703
2024-03-25 08:30:00,3.2189318666666664,-10.934251083333336,6.111845697019916,2.89291383035325
2024-03-25 09:00:00,-12.717217333333332,-17.311496666666667,1.1660700596360591,13.883287392969391
2024-03-25 09:30:00,-32.183034400000004,-34.33252,-18.882829614259826,13.300204785740178
2024-03-25 10:00:00,-45.74371105,-58.06973441666667,-37.36389402730441,8.37981702269559
2024-03-25 10:30:00,-69.4234733,-71.4733122,-48.302246095156434,21.121227204843564
2024-03-25 11:00:00,-50.83850135,-88.00993723333333,-76.55359795792407,-25.715096607924067
2024-03-25 11:30:00,-94.20386188333332,-102.76347,-38.580161687910355,55.62370019542296
2024-03-25 12:00:00,-138.72755593333332,-126.65140553333332,-115.19817950224737,23.52937643108595
2024-03-25 12:30:00,-145.26109278333334,-152.54389048333334,-144.2750672192936,0.9860255640397497
2024-03-25 13:00:00,-151.44376111666665,-158.90090998333332,-140.89233194285939,10.551429173807264
2024-03-25 13:30:00,-149.68519976666667,-160.59382935,-150.944627004424,-1.2594272377573361
2024-03-25 14:00:00,-139.00868331666666,-155.7328244,-144.18631215776142,-5.177628841094759
2024-03-25 14:30:00,-126.50641713333334,-130.90339989999998,-132.2320664579072,-5.725649324573851
2024-03-25 15:00:00,-109.6376016,-107.21023616666668,-119.9665733490356,-10.328971749035603
2024-03-25 15:30:00,-85.67821268333334,-90.66382676666666,-101.75985384007046,-16.08164115673712
2024-03-25 16:00:00,-59.77767165,-73.35382295000001,-76.237163271178,-16.459491621178003
2024-03-25 16:30:00,-43.313548266666665,-48.728319,-51.152043076001156,-7.838494809334492
2024-03-25 17:00:00,-21.3828229,-23.853460483333333,-39.007152260891104,-17.624329360891103
2024-03-25 17:30:00,-7.532391133333333,-9.827961716666666,-13.706586004973039,-6.174194871639705
2024-03-25 18:00:00,-0.8638628166666668,4.628936166666667,-5.290269156979408,-4.426406340312741
2024-03-25 18:30:00,7.838152533333333,14.9727878,0.3768941653752904,-7.461258367958043
2024-03-25 19:00:00,13.185520783333333,19.390813866666665,10.052255122610958,-3.1332656607223743
2024-03-25 19:30:00,12.527128916666667,15.6239711,13.341372427060932,0.8142435103942649
2024-03-25 20:00:00,16.819941099999998,16.532231133333333,11.014592782761028,-5.80534831723897
2024-03-25 20:30:00,57.9860748,12.2070188,17.984785620703313,-40.001289179296684
2024-03-25 21:00:00,51.4845346,16.132237200000002,72.2652255243998,20.780690924399792
2024-03-25 21:30:00,22.10956065,15.913871533333335,39.93736975199679,17.82780910199679
2024-03-25 22:00:00,29.20974096666667,14.661049416666666,12.9376197309311,-16.27212123573557
2024-03-25 22:30:00,31.83200053333333,17.517381333333333,34.39658429980905,2.564583766475721
2024-03-25 23:00:00,16.945102833333333,14.483330616666668,28.840105009781986,11.895002176448653
2024-03-25 23:30:00,17.794959000000002,13.930106016666665,10.512875161137014,-7.282083838862988
2024-03-26 00:00:00,16.62194285,16.707564833333333,19.556433630477002,2.9344907804770024
2024-03-26 00:30:00,19.130792683333336,16.43928275,14.045412957879968,-5.085379725453368
2024-03-26 01:00:00,17.621877766666667,14.925833916666669,19.8996031756312,2.277725408964532
2024-03-26 01:30:00,16.572280616666664,16.7082656,15.289321454964472,-1.2829591617021912
2024-03-26 02:00:00,17.196509483333333,19.27135613333333,15.806648490527984,-1.3898609928053496
2024-03-26 02:30:00,16.6413157,17.7042322,16.453172980020632,-0.1881427199793677
2024-03-26 03:00:00,16.888481583333334,17.661332666666667,15.403470063354035,-1.4850115199792988
2024-03-26 03:30:00,16.9200795,16.6158502,16.197583810216052,-0.7224956897839476
2024-03-26 04:00:00,21.0268955,18.9444173,15.90091738492027,-5.125978115079729
2024-03-26 04:30:00,22.05531273333333,19.20956298333333,21.74156061353299,-0.31375211980034123
2024-03-26 05:00:00,20.499711216666668,19.04126563333333,20.66701963355556,0.16730841688889342
2024-03-26 05:30:00,24.777976,18.15602443333333,18.963782018468898,-5.814193981531101
2024-03-26 06:00:00,31.241766066666667,34.537330516666664,25.646275834987655,-5.595490231679012
2024-03-26 06:30:00,36.5217682,38.027855466666665,31.77230998652592,-4.749458213474078
2024-03-26 07:00:00,30.2976656,24.754417633333333,36.49014798410984,6.192482384109841
2024-03-26 07:30:00,25.9180935,23.16645835,25.807533718276062,-0.11055978172393921
2024-03-26 08:00:00,12.635611783333331,12.135172283333333,24.29686088469957,11.661249101366238
2024-03-26 08:30:00,2.7096768,3.2189318666666664,6.466291277460371,3.756614477460371
2024-03-26 09:00:00,-3.6845383,-12.717217333333332,0.3055606373967805,3.9900989373967803
2024-03-26 09:30:00,-28.79972833333333,-32.183034400000004,-5.947484924313272,22.85224340902006
2024-03-26 10:00:00,-52.31960230000001,-45.74371105,-38.20550504651794,14.114097253482065
2024-03-26 10:30:00,-70.5181927,-69.4234733,-57.089610258652975,13.428582441347025
2024-03-26 11:00:00,-87.54295991666667,-50.83850135,-74.30733652777141,13.235623388895263
2024-03-26 11:30:00,-112.9559294,-94.20386188333332,-90.60681585716566,22.349113542834345
2024-03-26 12:00:00,-137.74201501666667,-138.72755593333332,-118.96981126625943,18.772203750407243
2024-03-26 12:30:00,-154.84391723333331,-145.26109278333334,-141.2861899951353,13.557727238198026
2024-03-26 13:00:00,-160.65894503333334,-151.44376111666665,-155.5059748137706,5.1529702195627465
2024-03-26 13:30:00,-152.67712385000002,-149.68519976666667,-157.4964239205004,-4.81930007050039
2024-03-26 14:00:00,-143.5396184,-139.00868331666666,-145.53835616605755,-1.998737766057559
2024-03-26 14:30:00,-126.15718678333332,-126.50641713333334,-137.9555489117439,-11.798362128410588
2024-03-26 15:00:00,-111.84954658333334,-109.6376016,-117.0257072930064,-5.17616070967307
2024-03-26 15:30:00,-80.3938512,-85.67821268333334,-106.0985544552824,-25.704703255282396
2024-03-26 16:00:00,-60.13681211666667,-59.77767165,-67.02454075312946,-6.887728636462789
2024-03-26 16:30:00,-46.89942956666667,-43.313548266666665,-55.60331995556295,-8.703890388896284
2024-03-26 17:00:00,-30.906056133333333,-21.3828229,-42.0865003551309,-11.180444221797568
2024-03-26 17:30:00,-14.180108383333334,-7.532391133333333,-25.634434803877884,-11.45432642054455
2024-03-26 18:00:00,-2.386344966666667,-0.8638628166666668,-9.422251556811592,-7.035906590144925
2024-03-26 18:30:00,2.79546785,7.838152533333333,0.031184176437935918,-2.764283673562064
2024-03-26 19:00:00,9.5235179,13.185520783333333,3.1851732967993485,-6.338344603200651
2024-03-26 19:30:00,17.413178866666666,12.527128916666667,11.19235412536382,-6.220824741302845
2024-03-26 20:00:00,14.399283283333332,16.819941099999998,18.733847916944377,4.334564633611045
2024-03-26 20:30:00,15.032009833333332,57.9860748,11.306092783080306,-3.7259170502530257
2024-03-26 21:00:00,14.163303133333336,51.4845346,15.372384911260433,1.2090817779270964
2024-03-26 21:30:00,15.024465066666666,22.10956065,12.419656193049029,-2.604808873617637
2024-03-26 22:00:00,14.54715375,29.20974096666667,14.884239265827176,0.3370855158271766
2024-03-26 22:30:00,14.941797016666667,31.83200053333333,13.16305227403332,-1.7787447426333483
2024-03-26 23:00:00,14.355748749999998,16.945102833333333,14.450361044770737,0.09461229477073907
2024-03-26 23:30:00,15.9113439,17.794959000000002,13.082876881694492,-2.828467018305508
2024-03-27 00:00:00,15.625476066666666,16.62194285,15.833582414187887,0.20810634752122148
2024-03-27 00:30:00,13.9068894,19.130792683333336,14.25600237673163,0.3491129767316288
2024-03-27 01:00:00,16.351731333333333,17.621877766666667,12.541792684820901,-3.809938648512432
2024-03-27 01:30:00,14.187313266666663,16.572280616666664,16.678339711554827,2.4910264448881634
2024-03-27 02:00:00,14.8453594,17.196509483333333,11.892885712464182,-2.952473687535818
2024-03-27 02:30:00,13.826137283333331,16.6413157,14.86101967117763,1.0348823878442985
2024-03-27 03:00:00,15.442337333333333,16.888481583333334,12.16993579085758,-3.2724015424757535
2024-03-27 03:30:00,15.13005715,16.9200795,15.572696590504478,0.4426394405044771
2024-03-27 04:00:00,16.065931583333334,21.0268955,13.678680639688459,-2.387250943644876
2024-03-27 04:30:00,16.200270983333336,22.05531273333333,15.793081675015628,-0.40718930831770805
2024-03-27 05:00:00,22.93750771666667,20.499711216666668,15.073027874404744,-7.864479842261925
2024-03-27 05:30:00,24.91719786666667,24.777976,24.754712453958973,-0.1624854127076958
2024-03-27 06:00:00,33.022942816666664,31.241766066666667,23.35601225405047,-9.666930562616194
2024-03-27 06:30:00,26.818298350000003,36.5217682,35.232658986496126,8.414360636496124
2024-03-27 07:00:00,24.64261498333333,30.2976656,21.50643150115031,-3.1361834821830215
2024-03-27 07:30:00,16.187866116666665,25.9180935,24.367323585926954,8.179457469260289
2024-03-27 08:00:00,11.185333366666669,12.635611783333331,11.377954207333598,0.19262084066692964
2024-03-27 08:30:00,0.0290765499999998,2.7096768,9.990074480449216,9.960997930449217
2024-03-27 09:00:00,-7.703249316666667,-3.6845383,-4.935167143376784,2.7680821732898826
2024-03-27 09:30:00,-25.63138885,-28.79972833333333,-9.290359306375573,16.34102954362443
2024-03-27 10:00:00,-33.47685848333334,-52.31960230000001,-32.363834328537024,1.1130241547963138
2024-03-27 10:30:00,-42.2132768,-70.5181927,-33.381346892124796,8.831929907875207
2024-03-27 11:00:00,-78.72520841666666,-87.54295991666667,-45.09897991073605,33.62622850593061
2024-03-27 11:30:00,-98.25414238333332,-112.9559294,-90.86814959381476,7.3859927895185535
2024-03-27 12:00:00,-112.38931660000002,-137.74201501666667,-98.40462728153105,13.984689318468966
2024-03-27 12:30:00,-135.66521446666667,-154.84391723333331,-114.83676530282483,20.82844916384184
2024-03-27 13:00:00,-130.92991956666663,-160.65894503333334,-140.16976988414714,-9.239850317480517
2024-03-27 13:30:00,-130.71731393333332,-152.67712385000002,-122.71575783316581,8.001556100167505
2024-03-27 14:00:00,-133.07520946666668,-143.5396184,-129.9066661148759,3.168543351790788
2024-03-27 14:30:00,-118.96184448333334,-126.15718678333332,-130.10251225166473,-11.140667768331397
2024-03-27 15:00:00,-109.83514993333334,-111.84954658333334,-110.38402958192495,-0.5488796485916083
2024-03-27 15:30:00,-80.79407263333333,-80.3938512,-106.14499735052595,-25.350924717192626
2024-03-27 16:00:00,-61.45485988333333,-60.13681211666667,-67.56140666515086,-6.106546781817528
2024-03-27 16:30:00,-46.06082833333334,-46.89942956666667,-57.20670254280278,-11.14587420946944
2024-03-27 17:00:00,-20.50659058333333,-30.906056133333333,-40.23208916566853,-19.725498582335202
2024-03-27 17:30:00,-12.3768904,-14.180108383333334,-11.962152189903327,0.4147382100966741
2024-03-27 18:00:00,-3.018792733333333,-2.386344966666667,-12.778177527851586,-9.759384794518253
2024-03-27 18:30:00,2.7205180166666665,2.79546785,0.5908078201600766,-2.12971019650659
2024-03-27 19:00:00,9.292020066666666,9.5235179,2.840859574892278,-6.451160491774388
2024-03-27 19:30:00,13.230795533333334,17.413178866666666,11.017984092064285,-2.2128114412690483
2024-03-27 20:00:00,13.798371183333332,14.399283283333332,12.990120929177934,-0.8082502541553982
2024-03-27 20:30:00,14.619809616666666,15.032009833333332,12.93380676457583,-1.6860028520908354
2024-03-27 21:00:00,14.966844883333332,14.163303133333336,14.1007450599759,-0.8660998233574322
2024-03-27 21:30:00,13.306130016666666,15.024465066666666,14.082995736624547,0.7768657199578808
2024-03-27 22:00:00,13.1915922,14.54715375,11.780226863524831,-1.4113653364751695
2024-03-27 22:30:00,12.417514483333337,14.941797016666667,12.608626652508129,0.1911121691747919
2024-03-27 23:00:00,13.305103333333332,14.355748749999998,11.176399791743478,-2.1287035415898536
2024-03-27 23:30:00,14.018354933333336,15.9113439,13.025547274310476,-0.9928076590228603
2024-03-28 00:00:00,13.925403916666667,15.625476066666666,13.22465189186968,-0.7007520247969872
2024-03-28 00:30:00,12.948962733333332,13.9068894,13.00993519082266,0.06097245748932778
2024-03-28 01:00:00,14.481243433333333,16.351731333333333,11.743612840634018,-2.7376305926993147
2024-03-28 01:30:00,16.346045216666667,14.187313266666663,14.41849124998992,-1.9275539666767472
2024-03-28 02:00:00,15.863275483333334,14.8453594,15.865442337405135,0.002166854071800728
2024-03-28 02:30:00,14.198099399999998,13.826137283333331,14.573162386419746,0.37506298641974745
2024-03-28 03:00:00,15.49642015,15.442337333333333,12.810881382245626,-2.685538767754375
2024-03-28 03:30:00,15.799542683333334,15.13005715,15.37301070419963,-0.42653197913370455
2024-03-28 04:00:00,15.8632767,16.065931583333334,14.695719997532265,-1.167556702467735
2024-03-28 04:30:00,16.429402866666667,16.200270983333336,15.07490214973685,-1.3545007169298167
2024-03-28 05:00:00,17.75676328333333,22.93750771666667,15.699849868931565,-2.056913414401766
2024-03-28 05:30:00,19.21268345,24.91719786666667,17.278406578425937,-1.9342768715740633
2024-03-28 06:00:00,23.344166066666663,33.022942816666664,18.626776383275114,-4.7173896833915485
2024-03-28 06:30:00,22.1124965,26.818298350000003,23.796117603021933,1.6836211030219346
2024-03-28 07:00:00,21.40427778333333,24.64261498333333,19.865296485853584,-1.5389812974797472
2024-03-28 07:30:00,23.57711738333333,16.187866116666665,20.566102011377033,-3.0110153719562973
2024-03-28 08:00:00,16.0882809,11.185333366666669,23.28834889744104,7.200067997441039
2024-03-28 08:30:00,5.167487266666667,0.0290765499999998,11.702224488557615,6.534737221890948
2024-03-28 09:00:00,-7.712478366666666,-7.703249316666667,1.4789707826730982,9.191449149339764
2024-03-28 09:30:00,-25.331994366666667,-25.63138885,-12.054464638595093,13.277529728071574
2024-03-28 10:00:00,-46.75621446666667,-33.47685848333334,-30.76168837061116,15.994526096055509
2024-03-28 10:30:00,-63.330840466666665,-42.2132768,-52.542773481416944,10.78806698524972
2024-03-28 11:00:00,-81.39981221666666,-78.72520841666666,-66.25862063203121,15.14119158463545
2024-03-28 11:30:00,-95.30689778333334,-98.25414238333332,-85.51288276408246,9.794015019250878
2024-03-28 12:00:00,-112.35830741666666,-112.38931660000002,-96.60150432971292,15.756803086953738
2024-03-28 12:30:00,-127.95476448333334,-135.66521446666667,-115.56705291232939,12.387711571003948
2024-03-28 13:00:00,-137.97433503333335,-130.92991956666663,-129.1297638809104,8.844571152422958
2024-03-28 13:30:00,-136.8058588,-130.71731393333332,-137.25140576864223,-0.4455469686422191
2024-03-28 14:00:00,-135.28169668333334,-133.07520946666668,-132.14214584223257,3.139550841100771
2024-03-28 14:30:00,-120.73567711666668,-118.96184448333334,-132.21328991314624,-11.477612796479562
2024-03-28 15:00:00,-108.21814118333332,-109.83514993333334,-111.94638872968446,-3.7282475463511418
2024-03-28 15:30:00,-86.45135941666666,-80.79407263333333,-103.22526413871421,-16.773904722047547
2024-03-28 16:00:00,-60.21017383333333,-61.45485988333333,-76.68419320829724,-16.474019374963916
2024-03-28 16:30:00,-37.692347383333335,-46.06082833333334,-51.561990978803856,-13.86964359547052
2024-03-28 17:00:00,-11.807642616666667,-20.50659058333333,-31.01110999645109,-19.20346737978442
2024-03-28 17:30:00,-3.5065837499999994,-12.3768904,-3.8154243480881522,-0.3088405980881528
2024-03-28 18:00:00,5.225637266666666,-3.018792733333333,-3.9322689796683274,-9.157906246334994
2024-03-28 18:30:00,9.655429516666668,2.7205180166666665,8.266093391068821,-1.389336125597847
2024-03-28 19:00:00,10.70148015,9.292020066666666,9.196470783047562,-1.5050093669524376
2024-03-28 19:30:00,10.563548366666666,13.230795533333334,10.252659732249672,-0.3108886344169939
2024-03-28 20:00:00,10.4720646,13.798371183333332,9.607730078618072,-0.8643345213819273
2024-03-28 20:30:00,10.4163372,14.619809616666666,9.757092774702286,-0.6592444252977128
2024-03-28 21:00:00,15.718538850000002,14.966844883333332,9.615497660870538,-6.103041189129463
2024-03-28 21:30:00,14.4770906,13.306130016666666,17.052642374828423,2.5755517748284227
2024-03-28 22:00:00,13.747538083333334,13.1915922,12.135470646366326,-1.612067436967008
2024-03-28 22:30:00,14.038922083333333,12.417514483333337,13.229679658191706,-0.8092424251416261
2024-03-28 23:00:00,15.591072783333331,13.305103333333332,13.16570477195243,-2.4253680113809004
2024-03-28 23:30:00,15.9928693,14.018354933333336,15.352494055858074,-0.6403752441419268
2024-03-29 00:00:00,14.683500099999998,13.925403916666667,14.973475851716891,0.28997575171689327
2024-03-29 00:30:00,14.22526115,12.948962733333332,13.314460023036535,-0.9108011269634648
2024-03-29 01:00:00,18.135921216666667,14.481243433333333,13.388573700539357,-4.747347516127309
2024-03-29 01:30:00,17.11266498333333,16.346045216666667,18.79728371824531,1.6846187349119788
2024-03-29 02:00:00,18.05121725,15.863275483333334,15.05373237741312,-2.997484872586881
2024-03-29 02:30:00,18.2032329,14.198099399999998,17.965194359614195,-0.23803854038580496
2024-03-29 03:00:00,18.4948638,15.49642015,16.927842181694615,-1.567021618305386
2024-03-29 03:30:00,17.677255716666668,15.799542683333334,17.778517846647077,0.10126212998040884
2024-03-29 04:00:00,18.150086616666663,15.8632767,16.27617668818627,-1.8739099284803942
2024-03-29 04:30:00,18.10614428333333,16.429402866666667,17.57838865248607,-0.5277556308472597
2024-03-29 05:00:00,19.198006183333334,17.75676328333333,16.958688319654215,-2.239317863679119
2024-03-29 05:30:00,20.986707666666668,19.21268345,18.743496638969845,-2.243211027696823
2024-03-29 06:00:00,21.694080716666665,23.344166066666663,20.466361849182874,-1.2277188674837909
2024-03-29 06:30:00,26.143420616666663,22.1124965,20.711455477179314,-5.43196513948735
2024-03-29 07:00:00,20.175280633333333,21.40427778333333,26.796235730443357,6.6209550971100235
2024-03-29 07:30:00,10.1159239,23.57711738333333,15.883382857015697,5.767458957015696
2024-03-29 08:00:00,2.5183182333333334,16.0882809,6.569766359996045,4.051448126662711
2024-03-29 08:30:00,-4.636966166666667,5.167487266666667,-0.005041274973102361,4.631924891693565
2024-03-29 09:00:00,-21.090015066666663,-7.712478366666666,-7.139271223477314,13.950743843189349
2024-03-29 09:30:00,-44.72967268333334,-25.331994366666667,-26.968569751202224,17.761102932131116
2024-03-29 10:00:00,-70.26642225,-46.75621446666667,-51.35046556592679,18.915956684073215
2024-03-29 10:30:00,-91.4068478,-63.330840466666665,-76.41880995054575,14.988037849454244
2024-03-29 11:00:00,-99.52020401666664,-81.39981221666666,-95.07655602562798,4.4436479910386595
2024-03-29 11:30:00,-108.57119071666666,-95.30689778333334,-98.36082455831522,10.210366158351448
2024-03-29 12:00:00,-119.95345776666666,-112.35830741666666,-109.54378708909516,10.409670677571498
2024-03-29 12:30:00,-141.72109665,-127.95476448333334,-120.58197276849623,21.139123881503764
2024-03-29 13:00:00,-142.32298896666666,-137.97433503333335,-146.13036114335202,-3.8073721766853623
2024-03-29 13:30:00,-137.73060278333332,-136.8058588,-136.00904390623904,1.7215588770942816
2024-03-29 14:00:00,-142.64161325,-135.28169668333334,-133.96154318466856,8.68007006533145
2024-03-29 14:30:00,-134.34314666666668,-120.73567711666668,-141.67197860250403,-7.328831935837343
2024-03-29 15:00:00,-111.44974871666666,-108.21814118333332,-126.81987651781148,-15.370127801144818
2024-03-29 15:30:00,-86.78834771666668,-86.45135941666666,-101.34126776901729,-14.552920052350615
2024-03-29 16:00:00,-62.108507116666665,-60.21017383333333,-77.96112762703129,-15.852620510364623
2024-03-29 16:30:00,-43.03342993333333,-37.692347383333335,-53.65522195478535,-10.621792021452016
2024-03-29 17:00:00,-21.681403866666667,-11.807642616666667,-37.54374443931907,-15.862340572652403
2024-03-29 17:30:00,-11.697460033333334,-3.5065837499999994,-14.74968193462889,-3.0522219012955567
2024-03-29 18:00:00,-1.2999404666666663,5.225637266666666,-10.63727901695483,-9.337338550288164
2024-03-29 18:30:00,4.247471083333333,9.655429516666668,2.063758454559835,-2.183712628773498
2024-03-29 19:00:00,6.846712833333334,10.70148015,4.333348598960125,-2.513364234373209
2024-03-29 19:30:00,9.293392166666669,10.563548366666666,6.9758941059653985,-2.3174980607012703
2024-03-29 20:00:00,10.650469916666667,10.4720646,9.24622053866829,-1.4042493779983776
2024-03-29 20:30:00,12.849962283333332,10.4163372,10.160354879218598,-2.6896074041147333
2024-03-29 21:00:00,12.674662933333332,15.718538850000002,12.828176243034648,0.1535133097013155
2024-03-29 21:30:00,14.3751589,14.4770906,11.439970942637512,-2.935187957362489
2024-03-29 22:00:00,12.887643366666666,13.747538083333334,14.401150194626076,1.5135068279594108
2024-03-29 22:30:00,13.940320483333332,14.038922083333333,11.061560860297345,-2.8787596230359878
2024-03-29 23:00:00,12.918592766666665,15.591072783333331,13.958518483813783,1.0399257171471188
2024-03-29 23:30:00,12.0861535,15.9928693,11.2944790364538,-0.7916744635461992
2024-03-30 00:00:00,11.95255175,14.683500099999998,11.27909877258022,-0.6734529774197799
2024-03-30 00:30:00,13.823766133333336,14.22526115,11.099829539277842,-2.7239365940554947
2024-03-30 01:00:00,15.102107733333334,18.135921216666667,13.779953492373224,-1.32215424096011
2024-03-30 01:30:00,13.409522216666666,17.11266498333333,14.408772677562801,0.9992504608961355
2024-03-30 02:00:00,13.011832633333333,18.05121725,11.784327796162227,-1.2275048371711055
2024-03-30 02:30:00,15.023005566666669,18.2032329,12.356786563387882,-2.666219003278787
2024-03-30 03:00:00,16.579192266666666,18.4948638,14.909175970804661,-1.6700162958620055
2024-03-30 03:30:00,17.555300083333332,17.677255716666668,15.979322709466565,-1.5759773738667668
2024-03-30 04:00:00,16.79869835,18.150086616666663,16.878255043655145,0.07955669365514595
2024-03-30 04:30:00,16.89305705,18.10614428333333,15.440086654342544,-1.4529703956574558
2024-03-30 05:00:00,16.91728875,19.198006183333334,16.188242949393583,-0.7290458006064178
2024-03-30 05:30:00,17.2393212,20.986707666666668,15.901041548578107,-1.3382796514218924
2024-03-30 06:00:00,20.08497225,21.694080716666665,16.472243783432226,-3.6127284665677735
2024-03-30 06:30:00,16.750110433333333,26.143420616666663,20.186095962993896,3.435985529660563
2024-03-30 07:00:00,15.350447816666668,20.175280633333333,13.953633423074237,-1.3968143935924306
2024-03-30 07:30:00,10.3335112,10.1159239,14.679764880289625,4.3462536802896246
2024-03-30 08:00:00,4.4312310833333335,2.5183182333333334,7.388750438043804,2.9575193547104703
2024-03-30 08:30:00,-1.313169383333333,-4.636966166666667,2.304904946022141,3.6180743293554745
2024-03-30 09:00:00,-15.940208716666666,-21.090015066666663,-3.5060368725396494,12.434171844127016
2024-03-30 09:30:00,-42.21370563333333,-44.72967268333334,-21.362603848556283,20.85110178477705
2024-03-30 10:00:00,-75.30710771666666,-70.26642225,-50.25486912311295,25.052238593553717
2024-03-30 10:30:00,-94.51868893333334,-91.4068478,-83.90134121178872,10.617347721544618
2024-03-30 11:00:00,-117.60974445,-99.52020401666664,-96.19620122624525,21.413543223754743
2024-03-30 11:30:00,-129.25005781666667,-108.57119071666666,-123.0466883350619,6.203369481604767
2024-03-30 12:00:00,-147.10052773333334,-119.95345776666666,-127.72347461415927,19.377053119174064
2024-03-30 12:30:00,-164.26717046666667,-141.72109665,-150.55095200931413,13.71621845735254
2024-03-30 13:00:00,-164.7192477,-142.32298896666666,-164.64157415445837,0.07767354554164285
2024-03-30 13:30:00,-157.84522276666667,-137.73060278333332,-159.22650304803446,-1.3812802813677934
2024-03-30 14:00:00,-144.0333646,-142.64161325,-151.98610576299654,-7.952741162996546
2024-03-30 14:30:00,-119.04606906666667,-134.34314666666668,-135.87676413210195,-16.83069506543528
2024-03-30 15:00:00,-102.17195168333336,-111.44974871666666,-108.02440798454316,-5.8524563012097985
2024-03-30 15:30:00,-80.84898228333333,-86.78834771666668,-96.4961065449746,-15.647124261641267
2024-03-30 16:00:00,-52.84239338333333,-62.108507116666665,-71.77657035771907,-18.934176974385736
2024-03-30 16:30:00,-39.19069211666667,-43.03342993333333,-43.417018581797876,-4.2263264651312085
2024-03-30 17:00:00,-22.30100678333333,-21.681403866666667,-36.58928946322829,-14.288282679894959
2024-03-30 17:30:00,-1.72227785,-11.697460033333334,-16.02107368166059,-14.29879583166059
2024-03-30 18:00:00,4.52395895,-1.2999404666666663,3.785516558640559,-0.7384423913594409
2024-03-30 18:30:00,8.15872835,4.247471083333333,3.9794707537731995,-4.179257596226801
2024-03-30 19:00:00,11.918573783333336,6.846712833333334,8.952958267249947,-2.965615516083389
2024-03-30 19:30:00,15.852602833333334,9.293392166666669,12.050328958640925,-3.8022738746924087
2024-03-30 20:00:00,17.1430756,10.650469916666667,16.194760778882483,-0.948314821117517
2024-03-30 20:30:00,18.1713789,12.849962283333332,16.212359887293353,-1.9590190127066478
2024-03-30 21:00:00,20.19042058333333,12.674662933333332,17.63538385710026,-2.555036726233073
2024-03-30 21:30:00,18.1930422,14.3751589,19.833880723415447,1.6408385234154466
2024-03-30 22:00:00,16.434249416666667,12.887643366666666,16.11211477850194,-0.32213463816472654
2024-03-30 22:30:00,14.036837233333337,13.940320483333332,15.261692723639015,1.2248554903056785
2024-03-30 23:00:00,14.126543383333331,12.918592766666665,12.291197218105577,-1.8353461652277545
2024-03-30 23:30:00,14.679732766666667,12.0861535,13.690153845879642,-0.9895789207870251
2024-03-31 00:00:00,13.814616583333333,11.95255175,13.859684174662817,0.04506759132948446
2024-03-31 00:30:00,13.833222266666668,13.823766133333336,12.583418819480855,-1.2498034471858137
2024-03-31 01:00:00,14.847116016666666,15.102107733333334,13.156741390170627,-1.6903746264960393
2024-03-31 01:30:00,15.901504333333332,13.409522216666666,14.321348058748534,-1.5801562745847981
2024-03-31 02:00:00,17.463606799999997,13.011832633333333,15.288666592133161,-2.174940207866836
2024-03-31 02:30:00,16.069433433333334,15.023005566666669,17.04694006723244,0.9775066338991074
2024-03-31 03:00:00,16.793521466666665,16.579192266666666,14.353179813355041,-2.4403416533116236
2024-03-31 03:30:00,17.20385213333333,17.555300083333332,16.515984680043537,-0.6878674532897939
2024-03-31 04:00:00,17.267093900000003,16.79869835,16.159126985312646,-1.1079669146873563
2024-03-31 04:30:00,18.0571268,16.89305705,16.400178504848107,-1.6569482951518921
2024-03-31 05:00:00,19.98049385,16.91728875,17.395874135472496,-2.584619714527502
2024-03-31 05:30:00,19.48114286666667,17.2393212,19.644565956394473,0.16342308972780373
2024-03-31 06:00:00,17.239158866666667,20.08497225,17.985321345531943,0.7461624788652763
2024-03-31 06:30:00,15.446086583333331,16.750110433333333,15.577991655494209,0.13190507216087788
2024-03-31 07:00:00,13.321766033333333,15.350447816666668,14.116068716828003,0.7943026834946707
2024-03-31 07:30:00,9.7019039,10.3335112,11.787793399703535,2.0858894997035353
2024-03-31 08:00:00,7.597766633333333,4.4312310833333335,7.750535740747065,0.1527691074137314
2024-03-31 08:30:00,2.4530395000000005,-1.313169383333333,6.554997640252644,4.101958140252643
2024-03-31 09:00:00,-9.727055116666667,-15.940208716666666,-0.08952201853415076,9.637533098132517
2024-03-31 09:30:00,-30.30233953333333,-42.21370563333333,-14.184352827705498,16.117986705627835
2024-03-31 10:00:00,-56.8136783,-75.30710771666666,-36.76283026191348,20.05084803808652
2024-03-31 10:30:00,-77.26254445,-94.51868893333334,-63.960574847008566,13.301969602991427
2024-03-31 11:00:00,-103.58014448333334,-117.60974445,-80.74284513848852,22.837299344844823
2024-03-31 11:30:00,-118.75655436666666,-129.25005781666667,-110.15727295953246,8.5992814071342
2024-03-31 12:00:00,-129.28214656666668,-147.10052773333334,-118.65369660354253,10.628449963124154
2024-03-31 12:30:00,-145.0983641,-164.26717046666667,-129.65243639716633,15.445927702833671
2024-03-31 13:00:00,-150.18235685,-164.7192477,-146.9381426096401,3.244214240359895
2024-03-31 13:30:00,-133.15615618333334,-157.84522276666667,-146.59648821537778,-13.440332032044438
2024-03-31 14:00:00,-124.54372446666667,-144.0333646,-123.05623034485919,1.4874941218074866
2024-03-31 14:30:00,-109.36093105,-119.04606906666667,-121.17194289982862,-11.811011849828617
2024-03-31 15:00:00,-108.75783271666668,-102.17195168333336,-100.85792198116764,7.8999107354990485
2024-03-31 15:30:00,-89.17539443333334,-80.84898228333333,-108.73234360226505,-19.55694916893171
2024-03-31 16:00:00,-132.6167391333333,-52.84239338333333,-78.11166939514985,54.505069738183465
2024-03-31 16:30:00,-64.64255941666666,-39.19069211666667,-151.6815189568918,-87.03895954022515
2024-03-31 17:00:00,-24.19309338333333,-22.30100678333333,-25.559130042833146,-1.366036659499816
2024-03-31 17:30:00,-5.908045583333333,-1.72227785,-23.3845914504721,-17.476545867138768
2024-03-31 18:00:00,2.1356561333333337,4.52395895,1.1207780693640608,-1.014878063969273
2024-03-31 18:30:00,4.153475583333333,8.15872835,1.7998769880184007,-2.3535985953149323
2024-03-31 19:00:00,7.398470616666667,11.918573783333336,4.315771025428898,-3.082699591237769
2024-03-31 19:30:00,8.577565466666666,15.852602833333334,7.751037792184256,-0.8265276744824099
2024-03-31 20:00:00,8.27961545,17.1430756,7.917875894644457,-0.3617395553555429
2024-03-31 20:30:00,10.582040999999998,18.1713789,7.431805441362883,-3.1502355586371156
2024-03-31 21:00:00,14.95398255,20.19042058333333,10.843427879974296,-4.110554670025703
2024-03-31 21:30:00,15.475670066666666,18.1930422,15.4622879998374,-0.013382066829265682
2024-03-31 22:00:00,18.046475633333333,16.434249416666667,14.206854848271753,-3.83962078506158
2024-03-31 22:30:00,20.351207783333333,14.036837233333337,18.321855578167785,-2.029352205165548
2024-03-31 23:00:00,19.85492845,14.126543383333331,19.76311382355719,-0.09181462644280813
2024-03-31 23:30:00,19.476887116666667,14.679732766666667,,
2024-04-01 00:00:00,19.49092755,13.814616583333333,,
2024-04-01 00:30:00,16.74704996666667,13.833222266666668,,
2024-04-01 01:00:00,18.002401683333332,14.847116016666666,,
2024-04-01 01:30:00,16.879269416666666,15.901504333333332,,
2024-04-01 02:00:00,16.175194233333333,17.463606799999997,,
2024-04-01 02:30:00,16.487499616666668,16.069433433333334,,
2024-04-01 03:00:00,16.8980822,16.793521466666665,,
2024-04-01 03:30:00,16.584038699999997,17.20385213333333,,
2024-04-01 04:00:00,17.2799462,17.267093900000003,,
2024-04-01 04:30:00,17.69779038333333,18.0571268,,
2024-04-01 05:00:00,21.591483216666663,19.98049385,,
2024-04-01 05:30:00,20.635679,19.48114286666667,,
2024-04-01 06:00:00,19.518643916666665,17.239158866666667,,
2024-04-01 06:30:00,17.430282233333333,15.446086583333331,,
2024-04-01 07:00:00,12.124036666666669,13.321766033333333,,
2024-04-01 07:30:00,11.785918433333334,9.7019039,,
2024-04-01 08:00:00,7.513475066666667,7.597766633333333,,
2024-04-01 08:30:00,0.9690432833333332,2.4530395000000005,,
2024-04-01 09:00:00,-2.525182133333333,-9.727055116666667,,
2024-04-01 09:30:00,-21.105449033333333,-30.30233953333333,,
2024-04-01 10:00:00,-28.23662441666667,-56.8136783,,
2024-04-01 10:30:00,-48.48447046666666,-77.26254445,,
2024-04-01 11:00:00,-63.13082596666667,-103.58014448333334,,
2024-04-01 11:30:00,-69.27026448333334,-118.75655436666666,,
2024-04-01 12:00:00,-82.46915109999999,-129.28214656666668,,
2024-04-01 12:30:00,-85.31852381666667,-145.0983641,,
2024-04-01 13:00:00,-87.91340286666667,-150.18235685,,
2024-04-01 13:30:00,-74.07485943333333,-133.15615618333334,,
2024-04-01 14:00:00,-69.10161283333333,-124.54372446666667,,
2024-04-01 14:30:00,-54.3976321,-109.36093105,,
2024-04-01 15:00:00,-43.8785071,-108.75783271666668,,
2024-04-01 15:30:00,-34.568121133333335,-89.17539443333334,,
2024-04-01 16:00:00,-21.2167871,-132.6167391333333,,
2024-04-01 16:30:00,-10.332799933333334,-64.64255941666666,,
2024-04-01 17:00:00,3.638224450000001,-24.19309338333333,,
2024-04-01 17:30:00,4.373118266666666,-5.908045583333333,,
2024-04-01 18:00:00,6.198836,2.1356561333333337,,
2024-04-01 18:30:00,8.206018349999999,4.153475583333333,,
2024-04-01 19:00:00,11.842344516666666,7.398470616666667,,
2024-04-01 19:30:00,14.272606766666668,8.577565466666666,,
2024-04-01 20:00:00,15.4536623,8.27961545,,
2024-04-01 20:30:00,17.0526006,10.582040999999998,,
2024-04-01 21:00:00,16.844697316666664,14.95398255,,
2024-04-01 21:30:00,15.852907766666668,15.475670066666666,,
2024-04-01 22:00:00,16.91550155,18.046475633333333,,
2024-04-01 22:30:00,16.291137716666665,20.351207783333333,,
2024-04-29 23:00:00,28.780818333333333,21.670774416666664,,
2024-04-29 23:30:00,27.144573216666668,23.032002266666662,,
2024-04-30 00:00:00,24.241021566666664,22.97854165,,
2024-04-30 00:30:00,24.102255933333332,20.086601583333334,,
2024-04-30 01:00:00,21.256577716666666,20.76427873333333,,
2024-04-30 01:30:00,23.09654165,19.16697385,,
2024-04-30 02:00:00,19.54032726666667,20.273886116666667,,
2024-04-30 02:30:00,21.99079345,21.273697716666668,,
2024-04-30 03:00:00,22.3389704,25.132403383333337,,
2024-04-30 03:30:00,23.895107733333333,26.760697800000003,,
2024-04-30 04:00:00,23.946788400000003,27.87373278333333,,
2024-04-30 04:30:00,25.874963833333336,26.79690393333333,,
2024-04-30 05:00:00,26.10091328333333,25.65689558333333,,
2024-04-30 05:30:00,27.93766065,27.05517885,,
2024-04-30 06:00:00,34.023156633333336,27.85164605,,
2024-04-30 06:30:00,38.025617116666666,36.39258728333333,,
2024-04-30 07:00:00,41.475430583333335,32.736972916666666,,
2024-04-30 07:30:00,39.72297885,33.13247393333333,,
2024-04-30 08:00:00,42.29920286666667,27.565797216666667,,
2024-04-30 08:30:00,34.9239233,19.41693898333333,,
2024-04-30 09:00:00,15.676616083333334,13.941718450000002,,
2024-04-30 09:30:00,5.540772733333334,0.9155478166666664,,
2024-04-30 10:00:00,-3.615450983333334,-5.877220016666666,,
2024-04-30 10:30:00,-13.0467173,-15.321736283333331,,
2024-04-30 11:00:00,-24.16548513333333,-22.6267199,,
2024-04-30 11:30:00,-31.20039561666667,-41.14219723333333,,
2024-04-30 12:00:00,-41.07903635,-49.20729895,,
2024-04-30 12:30:00,-36.20282216666667,-46.61099106666666,,
2024-04-30 13:00:00,-45.06319335,-55.59880556666667,,
2024-04-30 13:30:00,-54.78156214999999,-51.590210000000006,,
2024-04-30 14:00:00,-52.67222098333334,-56.665086683333335,,
2024-04-30 14:30:00,-48.363573300000006,-52.77690063333333,,
2024-04-30 15:00:00,-36.2858217,-32.98384775,,
2024-04-30 15:30:00,-17.546404583333334,-13.321709516666669,,
2024-04-30 16:00:00,2.837170500000001,-2.4338327333333334,,
2024-04-30 16:30:00,9.457983916666668,1.402751083333334,,
2024-04-30 17:00:00,19.14640785,9.208919966666668,,
2024-04-30 17:30:00,26.0652325,13.907582083333333,,
2024-04-30 18:00:00,32.373291216666665,21.14542223333333,,
2024-04-30 18:30:00,37.18505556666667,22.772612666666664,,
2024-04-30 19:00:00,28.59560725,36.1247883,,
2024-04-30 19:30:00,27.6521311,28.550318316666665,,
2024-04-30 20:00:00,32.21956288333333,28.84997005,,
2024-04-30 20:30:00,30.31293721666667,32.01971181666667,,
2024-04-30 21:00:00,33.20039505,31.178062716666663,,
2024-04-30 21:30:00,30.8027273,25.893648216666666,,
2024-04-30 22:00:00,31.213151616666664,27.4049254,,
2024-04-30 22:30:00,26.956311600000003,20.93756493333333,,
2024-04-30 23:00:00,28.668288983333337,28.780818333333333,,
2024-04-30 23:30:00,31.29409556666667,27.144573216666668,,
2024-05-01 00:00:00,31.6773643,24.241021566666664,,
2024-05-01 00:30:00,26.178728950000004,24.102255933333332,,
2024-05-01 01:00:00,26.221586116666668,21.256577716666666,,
2024-05-01 01:30:00,23.31254835,23.09654165,,
2024-05-01 02:00:00,25.43972161666667,19.54032726666667,,
2024-05-01 02:30:00,24.74829785,21.99079345,,
2024-05-01 03:00:00,23.31325716666667,22.3389704,,
2024-05-01 03:30:00,24.498578533333333,23.895107733333333,,
2024-05-01 04:00:00,27.85747711666667,23.946788400000003,,
2024-05-01 04:30:00,29.088783816666663,25.874963833333336,,
2024-05-01 05:00:00,30.2088722,26.10091328333333,,
2024-05-01 05:30:00,28.113678883333336,27.93766065,,
2024-05-01 06:00:00,31.8109528,34.023156633333336,,
2024-05-01 06:30:00,35.025990150000005,38.025617116666666,,
2024-05-01 07:00:00,41.31751951666667,41.475430583333335,,
2024-05-01 07:30:00,39.35111603333333,39.72297885,,
2024-05-01 08:00:00,37.67435433333333,42.29920286666667,,
2024-05-01 08:30:00,22.686865583333333,34.9239233,,
2024-05-01 09:00:00,4.4674667,15.676616083333334,,
2024-05-01 09:30:00,-8.735553316666666,5.540772733333334,,
2024-05-01 10:00:00,-22.75538055,-3.615450983333334,,
2024-05-01 10:30:00,-32.87350493333333,-13.0467173,,
2024-05-01 11:00:00,-52.0596612,-24.16548513333333,,
2024-05-01 11:30:00,-64.46211795,-31.20039561666667,,
2024-05-01 12:00:00,-67.99289348333333,-41.07903635,,
2024-05-01 12:30:00,-80.2264627,-36.20282216666667,,
2024-05-01 13:00:00,-114.98405341666668,-45.06319335,,
2024-05-01 13:30:00,-113.62635515,-54.78156214999999,,
2024-05-01 14:00:00,-103.9797117,-52.67222098333334,,
2024-05-01 14:30:00,-75.00561783333333,-48.363573300000006,,
2024-05-01 15:00:00,-54.456082083333335,-36.2858217,,
2024-05-01 15:30:00,-33.56163096666666,-17.546404583333334,,
2024-05-01 16:00:00,-17.353477633333334,2.837170500000001,,
2024-05-01 16:30:00,-4.303972683333334,9.457983916666668,,
2024-05-01 17:00:00,7.072946683333332,19.14640785,,
2024-05-01 17:30:00,13.71804295,26.0652325,,
2024-05-01 18:00:00,28.846998466666665,32.373291216666665,,
2024-05-01 18:30:00,31.911594083333338,37.18505556666667,,
2024-05-01 19:00:00,32.56581785,28.59560725,,
2024-05-01 19:30:00,31.41542851666667,27.6521311,,
2024-05-01 20:00:00,29.257208316666667,32.21956288333333,,
2024-05-01 20:30:00,34.07401111666667,30.31293721666667,,
2024-05-01 21:00:00,25.870907400000004,33.20039505,,
2024-05-01 21:30:00,26.1348072,30.8027273,,
2024-05-01 22:00:00,22.37289791666667,31.213151616666664,,
2024-05-01 22:30:00,21.27494275,26.956311600000003,,
2024-05-01 23:00:00,34.15054,28.668288983333337,,
2024-05-01 23:30:00,31.662743366666664,31.29409556666667,,
2024-05-02 00:00:00,26.596315066666666,31.6773643,,
2024-05-02 00:30:00,28.84154343333333,26.178728950000004,,
2024-05-02 01:00:00,25.6303439,26.221586116666668,,
2024-05-02 01:30:00,24.77404173333333,23.31254835,,
2024-05-02 02:00:00,24.294139416666667,25.43972161666667,,
2024-05-02 02:30:00,24.01353896666667,24.74829785,,
2024-05-02 03:00:00,23.34448845,23.31325716666667,,
2024-05-02 03:30:00,25.0005013,24.498578533333333,,
2024-05-02 04:00:00,23.7454272,27.85747711666667,,
2024-05-02 04:30:00,23.40765888333333,29.088783816666663,,
2024-05-02 05:00:00,23.99258168333333,30.2088722,,
2024-05-02 05:30:00,27.9616205,28.113678883333336,,
2024-05-02 06:00:00,34.50265325,31.8109528,,
2024-05-02 06:30:00,39.29151341666667,35.025990150000005,,
2024-05-02 07:00:00,33.9154932,41.31751951666667,,
2024-05-02 07:30:00,34.903285616666665,39.35111603333333,,
2024-05-02 08:00:00,28.298126566666667,37.67435433333333,,
2024-05-02 08:30:00,26.02778495,22.686865583333333,,
2024-05-02 09:00:00,14.23441545,4.4674667,,
2024-05-02 09:30:00,-3.324314866666666,-8.735553316666666,,
2024-05-02 10:00:00,-12.173189383333332,-22.75538055,,
2024-05-02 10:30:00,-22.5516122,-32.87350493333333,,
2024-05-02 11:00:00,-34.31059225,-52.0596612,,
2024-05-02 11:30:00,-56.7023505,-64.46211795,,
2024-05-02 12:00:00,-73.36534425,-67.99289348333333,,
2024-05-02 12:30:00,-66.63076178333334,-80.2264627,,
2024-05-02 13:00:00,-93.42910495,-114.98405341666668,,
2024-05-02 13:30:00,-84.23156726666666,-113.62635515,,
2024-05-02 14:00:00,-75.40168949999999,-103.9797117,,
2024-05-02 14:30:00,-73.2654067,-75.00561783333333,,
2024-05-02 15:00:00,-53.56963891666667,-54.456082083333335,,
2024-05-02 15:30:00,-37.23258716666667,-33.56163096666666,,
2024-05-02 16:00:00,-16.266737733333333,-17.353477633333334,,
2024-05-02 16:30:00,-10.259541266666668,-4.303972683333334,,
2024-05-02 17:00:00,3.5662404500000005,7.072946683333332,,
2024-05-02 17:30:00,6.38418935,13.71804295,,
2024-05-02 18:00:00,19.37824668333333,28.846998466666665,,
2024-05-02 18:30:00,31.5519117,31.911594083333338,,
2024-05-02 19:00:00,30.001142150000003,32.56581785,,
2024-05-02 19:30:00,29.857508300000003,31.41542851666667,,
2024-05-02 20:00:00,31.226855716666662,29.257208316666667,,
2024-05-02 20:30:00,31.279084933333333,34.07401111666667,,
2024-05-02 21:00:00,35.81563933333334,25.870907400000004,,
2024-05-02 21:30:00,30.35857438333333,26.1348072,,
2024-05-02 22:00:00,27.11885895,22.37289791666667,,
2024-05-02 22:30:00,22.14974068333333,21.27494275,,
2024-05-02 23:00:00,29.04832623333333,34.15054,,
2024-05-02 23:30:00,31.979809983333336,31.662743366666664,,
2024-05-03 00:00:00,32.586752833333335,26.596315066666666,,
2024-05-03 00:30:00,32.18350125,28.84154343333333,,
2024-05-03 01:00:00,28.12376433333333,25.6303439,,
2024-05-03 01:30:00,27.1697233,24.77404173333333,,
2024-05-03 02:00:00,30.688477816666666,24.294139416666667,,
2024-05-03 02:30:00,30.771542916666665,24.01353896666667,,
2024-05-03 03:00:00,27.38889096666667,23.34448845,,
2024-05-03 03:30:00,29.73185331666667,25.0005013,,
2024-05-03 04:00:00,33.72790561666667,23.7454272,,
2024-05-03 04:30:00,36.14998621666667,23.40765888333333,,
2024-05-03 05:00:00,29.819432783333337,23.99258168333333,,
2024-05-03 05:30:00,30.93754386666667,27.9616205,,
2024-05-03 06:00:00,33.89840225,34.50265325,,
2024-05-03 06:30:00,33.022692283333335,39.29151341666667,,
2024-05-03 07:00:00,31.19638115,33.9154932,,
2024-05-03 07:30:00,35.2305462,34.903285616666665,,
2024-05-03 08:00:00,34.7668744,28.298126566666667,,
2024-05-03 08:30:00,21.4132473,26.02778495,,
2024-05-03 09:00:00,20.21673225,14.23441545,,
2024-05-03 09:30:00,6.007782316666667,-3.324314866666666,,
2024-05-03 10:00:00,-6.020443433333334,-12.173189383333332,,
2024-05-03 10:30:00,-21.25879385,-22.5516122,,
2024-05-03 11:00:00,-45.75965285,-34.31059225,,
2024-05-03 11:30:00,-54.51109663333333,-56.7023505,,
2024-05-03 12:00:00,-69.5340728,-73.36534425,,
2024-05-03 12:30:00,-71.24586676666667,-66.63076178333334,,
2024-05-03 13:00:00,-60.38020168333333,-93.42910495,,
2024-05-03 13:30:00,-67.22205615,-84.23156726666666,,
2024-05-03 14:00:00,-64.58869176666667,-75.40168949999999,,
2024-05-03 14:30:00,-52.32775215,-73.2654067,,
2024-05-03 15:00:00,-45.16286386666667,-53.56963891666667,,
2024-05-03 15:30:00,-23.31624275,-37.23258716666667,,
2024-05-03 16:00:00,-6.198557283333334,-16.266737733333333,,
2024-05-03 16:30:00,6.365231183333333,-10.259541266666668,,
2024-05-03 17:00:00,9.6520262,3.5662404500000005,,
2024-05-03 17:30:00,20.9282153,6.38418935,,
2024-05-03 18:00:00,23.334005016666666,19.37824668333333,,
2024-05-03 18:30:00,20.203604950000003,31.5519117,,
2024-05-03 19:00:00,22.785646,30.001142150000003,,
2024-05-03 19:30:00,31.658795933333334,29.857508300000003,,
2024-05-03 20:00:00,34.54058371666667,31.226855716666662,,
2024-05-03 20:30:00,32.555589966666666,31.279084933333333,,
2024-05-03 21:00:00,32.91359428333333,35.81563933333334,,
2024-05-03 21:30:00,25.05975001666667,30.35857438333333,,
2024-05-03 22:00:00,30.64187886666667,27.11885895,,
2024-05-03 22:30:00,23.095915016666662,22.14974068333333,,
2024-05-03 23:00:00,30.47384215,29.04832623333333,,
2024-05-03 23:30:00,32.76059385,31.979809983333336,,
2024-05-04 00:00:00,29.378804366666667,32.586752833333335,,
2024-05-04 00:30:00,28.94006455,32.18350125,,
2024-05-04 01:00:00,18.493142083333336,28.12376433333333,,
2024-05-04 01:30:00,24.19522615,27.1697233,,
2024-05-04 02:00:00,22.762359466666663,30.688477816666666,,
2024-05-04 02:30:00,23.572488266666667,30.771542916666665,,
2024-05-04 03:00:00,21.051721166666667,27.38889096666667,,
2024-05-04 03:30:00,24.50602178333333,29.73185331666667,,
2024-05-04 04:00:00,24.44359773333333,33.72790561666667,,
2024-05-04 04:30:00,26.03707771666667,36.14998621666667,,
2024-05-04 05:00:00,29.27136665,29.819432783333337,,
2024-05-04 05:30:00,26.53526598333333,30.93754386666667,,
2024-05-04 06:00:00,30.318331683333337,33.89840225,,
2024-05-04 06:30:00,33.93503008333334,33.022692283333335,,
2024-05-04 07:00:00,29.437405100000003,31.19638115,,
2024-05-04 07:30:00,28.563071233333336,35.2305462,,
2024-05-04 08:00:00,25.984833316666663,34.7668744,,
2024-05-04 08:30:00,24.94533398333333,21.4132473,,
2024-05-04 09:00:00,21.743009466666667,20.21673225,,
2024-05-04 09:30:00,9.388883966666668,6.007782316666667,,
2024-05-04 10:00:00,-5.124450033333333,-6.020443433333334,,
2024-05-04 10:30:00,-14.764329916666668,-21.25879385,,
2024-05-04 11:00:00,-33.06076388333333,-45.75965285,,
2024-05-04 11:30:00,-37.10055631666666,-54.51109663333333,,
2024-05-04 12:00:00,-50.38606541666667,-69.5340728,,
2024-05-04 12:30:00,-59.41334498333333,-71.24586676666667,,
2024-05-04 13:00:00,-53.63459611666667,-60.38020168333333,,
2024-05-04 13:30:00,-52.06544221666667,-67.22205615,,
2024-05-04 14:00:00,-46.46496998333333,-64.58869176666667,,
2024-05-04 14:30:00,-47.770692333333336,-52.32775215,,
2024-05-04 15:00:00,-34.16610381666667,-45.16286386666667,,
2024-05-04 15:30:00,-22.102009516666666,-23.31624275,,
2024-05-04 16:00:00,-13.962120033333331,-6.198557283333334,,
2024-05-04 16:30:00,-3.764834500000001,6.365231183333333,,
2024-05-04 17:00:00,9.381244116666666,9.6520262,,
2024-05-04 17:30:00,13.49298435,20.9282153,,
2024-05-04 18:00:00,22.387851183333336,23.334005016666666,,
2024-05-04 18:30:00,33.98892781666667,20.203604950000003,,
2024-05-04 19:00:00,35.348281033333336,22.785646,,
2024-05-04 19:30:00,36.9844483,31.658795933333334,,
2024-05-04 20:00:00,37.6495866,34.54058371666667,,
2024-05-04 20:30:00,45.05282663333333,32.555589966666666,,
2024-05-04 21:00:00,40.04563718333333,32.91359428333333,,
2024-05-04 21:30:00,37.31981948333333,25.05975001666667,,
2024-05-04 22:00:00,36.992115,30.64187886666667,,
2024-05-04 22:30:00,32.6521602,23.095915016666662,,
2024-05-04 23:00:00,31.7765289,30.47384215,,
2024-05-04 23:30:00,33.62990335,32.76059385,,
2024-05-05 00:00:00,31.750718433333333,29.378804366666667,,
2024-05-05 00:30:00,30.26150506666667,28.94006455,,
2024-05-05 01:00:00,24.10063218333333,18.493142083333336,,
2024-05-05 01:30:00,24.448232583333333,24.19522615,,
2024-05-05 02:00:00,24.953683883333337,22.762359466666663,,
2024-05-05 02:30:00,26.55096788333333,23.572488266666667,,
2024-05-05 03:00:00,26.34881503333333,21.051721166666667,,
2024-05-05 03:30:00,24.12938948333333,24.50602178333333,,
2024-05-05 04:00:00,26.51848315,24.44359773333333,,
2024-05-05 04:30:00,24.814970433333333,26.03707771666667,,
2024-05-05 05:00:00,26.52106836666667,29.27136665,,
2024-05-05 05:30:00,26.574130550000003,26.53526598333333,,
2024-05-05 06:00:00,29.1169321,30.318331683333337,,
2024-05-05 06:30:00,36.00672886666667,33.93503008333334,,
2024-05-05 07:00:00,33.74709011666667,29.437405100000003,,
2024-05-05 07:30:00,28.35854375,28.563071233333336,,
2024-05-05 08:00:00,29.51603898333333,25.984833316666663,,
2024-05-05 08:30:00,26.505310516666665,24.94533398333333,,
2024-05-05 09:00:00,21.829019966666667,21.743009466666667,,
2024-05-05 09:30:00,9.60932265,9.388883966666668,,
2024-05-05 10:00:00,0.7728087833333329,-5.124450033333333,,
2024-05-05 10:30:00,-10.709923316666666,-14.764329916666668,,
2024-05-05 11:00:00,-18.81840558333333,-33.06076388333333,,
2024-05-05 11:30:00,-39.37420843333334,-37.10055631666666,,
2024-05-05 12:00:00,-51.93349601666667,-50.38606541666667,,
2024-05-05 12:30:00,-61.97541326666666,-59.41334498333333,,
2024-05-05 13:00:00,-53.07187563333333,-53.63459611666667,,
2024-05-05 13:30:00,-54.87330655,-52.06544221666667,,
2024-05-05 14:00:00,-56.87037445000001,-46.46496998333333,,
2024-05-05 14:30:00,-54.6386622,-47.770692333333336,,
2024-05-05 15:00:00,-38.69220943333333,-34.16610381666667,,
2024-05-05 15:30:00,-33.9560071,-22.102009516666666,,
2024-05-05 16:00:00,-10.405874866666666,-13.962120033333331,,
2024-05-05 16:30:00,-0.5910467666666667,-3.764834500000001,,
2024-05-05 17:00:00,11.929466233333336,9.381244116666666,,
2024-05-05 17:30:00,19.397221066666667,13.49298435,,
2024-05-05 18:00:00,24.88350678333333,22.387851183333336,,
2024-05-05 18:30:00,32.26868338333333,33.98892781666667,,
2024-05-05 19:00:00,31.66332728333333,35.348281033333336,,
2024-05-05 19:30:00,27.31563385,36.9844483,,
2024-05-05 20:00:00,27.9736182,37.6495866,,
2024-05-05 20:30:00,26.93100713333333,45.05282663333333,,
2024-05-05 21:00:00,27.86495395,40.04563718333333,,
2024-05-05 21:30:00,24.85008,37.31981948333333,,
2024-05-05 22:00:00,22.969896666666667,36.992115,,
2024-05-05 22:30:00,25.35778958333333,32.6521602,,
2024-05-05 23:00:00,26.37938001666667,31.7765289,,
2024-05-05 23:30:00,32.3107334,33.62990335,,
2024-05-06 00:00:00,38.25199723333333,31.750718433333333,,
2024-05-06 00:30:00,28.400412783333334,30.26150506666667,,
2024-05-06 01:00:00,22.370173283333333,24.10063218333333,,
2024-05-06 01:30:00,19.90836898333333,24.448232583333333,,
2024-05-06 02:00:00,27.171758916666665,24.953683883333337,,
2024-05-06 02:30:00,23.97112775,26.55096788333333,,
2024-05-06 03:00:00,24.62443321666667,26.34881503333333,,
2024-05-06 03:30:00,28.00330753333333,24.12938948333333,,
2024-05-06 04:00:00,25.017865600000004,26.51848315,,
2024-05-06 04:30:00,24.6483156,24.814970433333333,,
2024-05-06 05:00:00,24.49610673333333,26.52106836666667,,
2024-05-06 05:30:00,24.9359167,26.574130550000003,,
2024-05-06 06:00:00,30.20764015,29.1169321,,
2024-05-06 06:30:00,33.576479416666665,36.00672886666667,,
2024-05-06 07:00:00,35.06398566666667,33.74709011666667,,
2024-05-06 07:30:00,27.52053828333333,28.35854375,,
2024-05-06 08:00:00,25.0314501,29.51603898333333,,
2024-05-06 08:30:00,16.070862299999998,26.505310516666665,,
2024-05-06 09:00:00,3.06971205,21.829019966666667,,
2024-05-06 09:30:00,-14.700595016666668,9.60932265,,
2024-05-06 10:00:00,-29.539524466666663,0.7728087833333329,,
2024-05-06 10:30:00,-37.1806544,-10.709923316666666,,
2024-05-06 11:00:00,-57.06169071666667,-18.81840558333333,,
2024-05-06 11:30:00,-73.42415328333334,-39.37420843333334,,
2024-05-06 12:00:00,-71.10493458333333,-51.93349601666667,,
2024-05-06 12:30:00,-80.35288673333334,-61.97541326666666,,
2024-05-06 13:00:00,-87.91962213333333,-53.07187563333333,,
2024-05-06 13:30:00,-85.27822005,-54.87330655,,
2024-05-06 14:00:00,-84.7130961,-56.87037445000001,,
2024-05-06 14:30:00,-72.0127673,-54.6386622,,
2024-05-06 15:00:00,-60.753196116666665,-38.69220943333333,,
2024-05-06 15:30:00,-34.70397776666667,-33.9560071,,
2024-05-06 16:00:00,-19.47794005,-10.405874866666666,,
2024-05-06 16:30:00,-5.688138933333334,-0.5910467666666667,,
2024-05-06 17:00:00,10.240989416666666,11.929466233333336,,
2024-05-06 17:30:00,14.0967922,19.397221066666667,,
2024-05-06 18:00:00,24.928984016666664,24.88350678333333,,
2024-05-06 18:30:00,31.163652266666663,32.26868338333333,,
2024-05-06 19:00:00,35.15110943333334,31.66332728333333,,
2024-05-06 19:30:00,34.2384626,27.31563385,,
2024-05-06 20:00:00,31.586020583333333,27.9736182,,
2024-05-06 20:30:00,34.12252433333333,26.93100713333333,,
2024-05-06 21:00:00,34.07416571666667,27.86495395,,
2024-05-06 21:30:00,32.11226623333333,24.85008,,
2024-05-06 22:00:00,30.4890357,22.969896666666667,,
2024-05-06 22:30:00,19.56904995,25.35778958333333,,
2024-05-06 23:00:00,27.363342783333334,26.37938001666667,,
2024-05-06 23:30:00,29.5701472,32.3107334,,
2024-05-07 00:00:00,32.08210436666666,38.25199723333333,,
2024-05-07 00:30:00,26.4666022,28.400412783333334,,
2024-05-07 01:00:00,21.665459350000003,22.370173283333333,,
2024-05-07 01:30:00,19.712047166666668,19.90836898333333,,
2024-05-07 02:00:00,21.40480885,27.171758916666665,,
2024-05-07 02:30:00,20.56174668333333,23.97112775,,
2024-05-07 03:00:00,18.1938423,24.62443321666667,,
2024-05-07 03:30:00,20.26675231666667,28.00330753333333,,
2024-05-07 04:00:00,23.503295166666664,25.017865600000004,,
2024-05-07 04:30:00,26.97279765,24.6483156,,
2024-05-07 05:00:00,26.917927416666668,24.49610673333333,,
2024-05-07 05:30:00,28.4747745,24.9359167,,
2024-05-07 06:00:00,30.26777273333333,30.20764015,,
2024-05-07 06:30:00,37.56361665,33.576479416666665,,
2024-05-07 07:00:00,43.246807716666666,35.06398566666667,,
2024-05-07 07:30:00,40.546706633333336,27.52053828333333,,
2024-05-07 08:00:00,33.6661106,25.0314501,,
2024-05-07 08:30:00,24.927043816666668,16.070862299999998,,
2024-05-07 09:00:00,10.933139366666666,3.06971205,,
2024-05-07 09:30:00,-2.663017416666666,-14.700595016666668,,
2024-05-07 10:00:00,-17.811011616666665,-29.539524466666663,,
2024-05-07 10:30:00,-29.2758046,-37.1806544,,
2024-05-07 11:00:00,-50.33122441666666,-57.06169071666667,,
2024-05-07 11:30:00,-65.15579831666666,-73.42415328333334,,
2024-05-07 12:00:00,-64.85884708333333,-71.10493458333333,,
2024-05-07 12:30:00,-68.09237385,-80.35288673333334,,
2024-05-07 13:00:00,-84.40973168333333,-87.91962213333333,,
2024-05-07 13:30:00,-86.31571936666667,-85.27822005,,
2024-05-07 14:00:00,-78.0649433,-84.7130961,,
2024-05-07 14:30:00,-68.76822836666666,-72.0127673,,
2024-05-07 15:00:00,-58.2168677,-60.753196116666665,,
2024-05-07 15:30:00,-40.54857278333333,-34.70397776666667,,
2024-05-07 16:00:00,-22.900599433333337,-19.47794005,,
2024-05-07 16:30:00,-6.907248350000001,-5.688138933333334,,
2024-05-07 17:00:00,2.511114916666667,10.240989416666666,,
2024-05-07 17:30:00,8.391970550000002,14.0967922,,
2024-05-07 18:00:00,14.13739675,24.928984016666664,,
2024-05-07 18:30:00,21.261828316666666,31.163652266666663,,
2024-05-07 19:00:00,24.908477766666664,35.15110943333334,,
2024-05-07 19:30:00,26.5117444,34.2384626,,
2024-05-07 20:00:00,26.604795733333333,31.586020583333333,,
2024-05-07 20:30:00,30.107315966666665,34.12252433333333,,
2024-05-07 21:00:00,29.688182183333332,34.07416571666667,,
2024-05-07 21:30:00,27.18838513333333,32.11226623333333,,
2024-05-07 22:00:00,27.02483728333333,30.4890357,,
2024-05-07 22:30:00,22.97487,19.56904995,,
2024-05-07 23:00:00,27.83353723333333,27.363342783333334,,
2024-05-07 23:30:00,27.0877588,29.5701472,,
2024-05-08 00:00:00,28.76073285,32.08210436666666,,
2024-05-08 00:30:00,32.31080168333333,26.4666022,,
2024-05-08 01:00:00,24.85276335,21.665459350000003,,
2024-05-08 01:30:00,22.476285766666667,19.712047166666668,,
2024-05-08 02:00:00,20.893447750000004,21.40480885,,
2024-05-08 02:30:00,20.876262933333333,20.56174668333333,,
2024-05-08 03:00:00,25.09624558333333,18.1938423,,
2024-05-08 03:30:00,26.34087223333333,20.26675231666667,,
2024-05-08 04:00:00,29.05702235,23.503295166666664,,
2024-05-08 04:30:00,28.663257666666667,26.97279765,,
2024-05-08 05:00:00,27.3812383,26.917927416666668,,
2024-05-08 05:30:00,28.1073974,28.4747745,,
2024-05-08 06:00:00,31.343069983333333,30.26777273333333,,
2024-05-08 06:30:00,33.410000016666665,37.56361665,,
2024-05-08 07:00:00,44.53768453333333,43.246807716666666,,
2024-05-08 07:30:00,41.9272106,40.546706633333336,,
2024-05-08 08:00:00,37.46503603333333,33.6661106,,
2024-05-08 08:30:00,29.11779278333333,24.927043816666668,,
2024-05-08 09:00:00,19.809477366666663,10.933139366666666,,
2024-05-08 09:30:00,2.5410366166666662,-2.663017416666666,,
2024-05-08 10:00:00,-13.002986516666668,-17.811011616666665,,
2024-05-08 10:30:00,-21.11234178333333,-29.2758046,,
2024-05-08 11:00:00,-40.02794505,-50.33122441666666,,
2024-05-08 11:30:00,-53.86032721666667,-65.15579831666666,,
2024-05-08 12:00:00,-63.42120545,-64.85884708333333,,
2024-05-08 12:30:00,-75.83675206666666,-68.09237385,,
2024-05-08 13:00:00,-81.62194935000001,-84.40973168333333,,
2024-05-08 13:30:00,-78.05903781666667,-86.31571936666667,,
2024-05-08 14:00:00,-69.31941223333332,-78.0649433,,
2024-05-08 14:30:00,-67.54101778333333,-68.76822836666666,,
2024-05-08 15:00:00,-51.18248273333333,-58.2168677,,
2024-05-08 15:30:00,-35.00816878333333,-40.54857278333333,,
2024-05-08 16:00:00,-17.444577433333333,-22.900599433333337,,
2024-05-08 16:30:00,-2.984939583333334,-6.907248350000001,,
2024-05-08 17:00:00,11.9273778,2.511114916666667,,
2024-05-08 17:30:00,18.793676283333333,8.391970550000002,,
2024-05-08 18:00:00,23.999779583333336,14.13739675,,
2024-05-08 18:30:00,28.890758833333333,21.261828316666666,,
2024-05-08 19:00:00,31.18814106666667,24.908477766666664,,
2024-05-08 19:30:00,30.236450116666663,26.5117444,,
2024-05-08 20:00:00,28.393624483333337,26.604795733333333,,
2024-05-08 20:30:00,27.16116458333333,30.107315966666665,,
2024-05-08 21:00:00,30.313080483333334,29.688182183333332,,
2024-05-08 21:30:00,32.61168045,27.18838513333333,,
2024-05-08 22:00:00,29.25887446666667,27.02483728333333,,
2024-05-08 22:30:00,25.92964225,22.97487,,
2024-05-08 23:00:00,30.23903388333333,27.83353723333333,,
2024-05-08 23:30:00,30.206494466666665,27.0877588,,
2024-05-09 00:00:00,30.3001478,28.76073285,,
2024-05-09 00:30:00,26.79651983333333,32.31080168333333,,
2024-05-09 01:00:00,24.583791233333333,24.85276335,,
2024-05-09 01:30:00,27.03984945,22.476285766666667,,
2024-05-09 02:00:00,27.533539516666668,20.893447750000004,,
2024-05-09 02:30:00,30.180029333333334,20.876262933333333,,
2024-05-09 03:00:00,33.74634283333334,25.09624558333333,,
2024-05-09 03:30:00,32.0031821,26.34087223333333,,
2024-05-09 04:00:00,35.43203043333333,29.05702235,,
2024-05-09 04:30:00,33.8056399,28.663257666666667,,
2024-05-09 05:00:00,32.34308288333333,27.3812383,,
2024-05-09 05:30:00,25.7439222,28.1073974,,
2024-05-09 06:00:00,31.09252225,31.343069983333333,,
2024-05-09 06:30:00,34.940864299999994,33.410000016666665,,
2024-05-09 07:00:00,40.829373116666666,44.53768453333333,,
2024-05-09 07:30:00,37.62889665,41.9272106,,
2024-05-09 08:00:00,28.92139776666667,37.46503603333333,,
2024-05-09 08:30:00,26.1142679,29.11779278333333,,
2024-05-09 09:00:00,8.015759516666666,19.809477366666663,,
2024-05-09 09:30:00,1.1818804833333336,2.5410366166666662,,
2024-05-09 10:00:00,-8.0595667,-13.002986516666668,,
2024-05-09 10:30:00,-10.938141533333336,-21.11234178333333,,
2024-05-09 11:00:00,-25.289185466666662,-40.02794505,,
2024-05-09 11:30:00,-36.323083450000006,-53.86032721666667,,
2024-05-09 12:00:00,-37.240085416666666,-63.42120545,,
2024-05-09 12:30:00,-40.80537783333333,-75.83675206666666,,
2024-05-09 13:00:00,-64.47286966666667,-81.62194935000001,,
2024-05-09 13:30:00,-64.1920533,-78.05903781666667,,
2024-05-09 14:00:00,-59.74697733333333,-69.31941223333332,,
2024-05-09 14:30:00,-43.49684776666667,-67.54101778333333,,
2024-05-09 15:00:00,-32.111773516666666,-51.18248273333333,,
2024-05-09 15:30:00,-9.0606244,-35.00816878333333,,
2024-05-09 16:00:00,3.1598957666666663,-17.444577433333333,,
2024-05-09 16:30:00,8.951827016666668,-2.984939583333334,,
2024-05-09 17:00:00,10.3517929,11.9273778,,
2024-05-09 17:30:00,14.998535016666668,18.793676283333333,,
2024-05-09 18:00:00,19.7914012,23.999779583333336,,
2024-05-09 18:30:00,25.84193428333333,28.890758833333333,,
2024-05-09 19:00:00,28.233485483333336,31.18814106666667,,
2024-05-09 19:30:00,35.96826316666667,30.236450116666663,,
2024-05-09 20:00:00,39.995422266666665,28.393624483333337,,
2024-05-09 20:30:00,35.57882781666667,27.16116458333333,,
2024-05-09 21:00:00,31.9740267,30.313080483333334,,
2024-05-09 21:30:00,36.015890033333335,32.61168045,,
2024-05-09 22:00:00,25.812938916666667,29.25887446666667,,
2024-05-09 22:30:00,28.51940451666667,25.92964225,,
2024-05-09 23:00:00,30.238829300000003,30.23903388333333,,
2024-05-09 23:30:00,34.56331836666667,30.206494466666665,,
2024-05-10 00:00:00,30.60544218333333,30.3001478,,
2024-05-10 00:30:00,30.8672316,26.79651983333333,,
2024-05-10 01:00:00,28.866038316666664,24.583791233333333,,
2024-05-10 01:30:00,27.0608684,27.03984945,,
2024-05-10 02:00:00,25.834901016666667,27.533539516666668,,
2024-05-10 02:30:00,27.038251666666667,30.180029333333334,,
2024-05-10 03:00:00,26.898262116666668,33.74634283333334,,
2024-05-10 03:30:00,22.516574966666667,32.0031821,,
2024-05-10 04:00:00,23.790829416666668,35.43203043333333,,
2024-05-10 04:30:00,28.28602275,33.8056399,,
2024-05-10 05:00:00,27.3630179,32.34308288333333,,
2024-05-10 05:30:00,27.607245616666663,25.7439222,,
2024-05-10 06:00:00,33.406930016666664,31.09252225,,
2024-05-10 06:30:00,42.23326776666666,34.940864299999994,,
2024-05-10 07:00:00,42.44073255,40.829373116666666,,
2024-05-10 07:30:00,35.48769931666667,37.62889665,,
2024-05-10 08:00:00,33.08599171666667,28.92139776666667,,
2024-05-10 08:30:00,28.95067686666667,26.1142679,,
2024-05-10 09:00:00,19.8975011,8.015759516666666,,
2024-05-10 09:30:00,12.064032866666668,1.1818804833333336,,
2024-05-10 10:00:00,3.288085333333333,-8.0595667,,
2024-05-10 10:30:00,0.0444312000000003,-10.938141533333336,,
2024-05-10 11:00:00,-20.93742275,-25.289185466666662,,
2024-05-10 11:30:00,-42.8475073,-36.323083450000006,,
2024-05-10 12:00:00,-42.328032150000006,-37.240085416666666,,
2024-05-10 12:30:00,-35.42459543333333,-40.80537783333333,,
2024-05-10 13:00:00,-36.58531115,-64.47286966666667,,
2024-05-10 13:30:00,-43.76915006666667,-64.1920533,,
2024-05-10 14:00:00,-46.52731545,-59.74697733333333,,
2024-05-10 14:30:00,-42.21797903333333,-43.49684776666667,,
2024-05-10 15:00:00,-29.396324466666663,-32.111773516666666,,
2024-05-10 15:30:00,-18.87792838333333,-9.0606244,,
2024-05-10 16:00:00,-1.4354778000000004,3.1598957666666663,,
2024-05-10 16:30:00,1.8588133666666664,8.951827016666668,,
2024-05-10 17:00:00,13.201257266666667,10.3517929,,
2024-05-10 17:30:00,19.288054383333336,14.998535016666668,,
2024-05-10 18:00:00,23.88170653333333,19.7914012,,
2024-05-10 18:30:00,32.020224533333334,25.84193428333333,,
2024-05-10 19:00:00,37.285375083333335,28.233485483333336,,
2024-05-10 19:30:00,31.14636391666667,35.96826316666667,,
2024-05-10 20:00:00,36.11405385,39.995422266666665,,
2024-05-10 20:30:00,38.4263,35.57882781666667,,
2024-05-10 21:00:00,37.4146483,31.9740267,,
2024-05-10 21:30:00,34.46242341666667,36.015890033333335,,
2024-05-10 22:00:00,32.57715615,25.812938916666667,,
2024-05-10 22:30:00,31.09518215,28.51940451666667,,
2024-05-10 23:00:00,32.347235000000005,30.238829300000003,,
2024-05-10 23:30:00,33.365066266666666,34.56331836666667,,
2024-05-11 00:00:00,29.97963101666667,30.60544218333333,,
2024-05-11 00:30:00,30.0426444,30.8672316,,
2024-05-11 01:00:00,24.664748966666664,28.866038316666664,,
2024-05-11 01:30:00,23.107868366666665,27.0608684,,
2024-05-11 02:00:00,24.04414728333333,25.834901016666667,,
2024-05-11 02:30:00,22.78540563333333,27.038251666666667,,
2024-05-11 03:00:00,21.359308316666667,26.898262116666668,,
2024-05-11 03:30:00,21.77944448333333,22.516574966666667,,
2024-05-11 04:00:00,24.9427956,23.790829416666668,,
2024-05-11 04:30:00,22.21665673333333,28.28602275,,
2024-05-11 05:00:00,29.825554633333336,27.3630179,,
2024-05-11 05:30:00,29.25645558333333,27.607245616666663,,
2024-05-11 06:00:00,27.759812816666667,33.406930016666664,,
2024-05-11 06:30:00,33.565240583333335,42.23326776666666,,
2024-05-11 07:00:00,29.2805698,42.44073255,,
2024-05-11 07:30:00,24.854992733333333,35.48769931666667,,
2024-05-11 08:00:00,31.52264325,33.08599171666667,,
2024-05-11 08:30:00,27.470296633333334,28.95067686666667,,
2024-05-11 09:00:00,23.24437883333333,19.8975011,,
2024-05-11 09:30:00,11.404405116666666,12.064032866666668,,
2024-05-11 10:00:00,8.437128966666668,3.288085333333333,,
2024-05-11 10:30:00,5.425583383333334,0.0444312000000003,,
2024-05-11 11:00:00,-12.113298233333332,-20.93742275,,
2024-05-11 11:30:00,-18.13984895,-42.8475073,,
2024-05-11 12:00:00,-14.725068883333336,-42.328032150000006,,
2024-05-11 12:30:00,-24.880614999999995,-35.42459543333333,,
2024-05-11 13:00:00,-22.2397223,-36.58531115,,
2024-05-11 13:30:00,-31.91758948333333,-43.76915006666667,,
2024-05-11 14:00:00,-34.48122733333334,-46.52731545,,
2024-05-11 14:30:00,-22.182101083333333,-42.21797903333333,,
2024-05-11 15:00:00,-22.0763678,-29.396324466666663,,
2024-05-11 15:30:00,-9.3067323,-18.87792838333333,,
2024-05-11 16:00:00,4.566209333333333,-1.4354778000000004,,
2024-05-11 16:30:00,10.432967333333332,1.8588133666666664,,
2024-05-11 17:00:00,21.515818266666667,13.201257266666667,,
2024-05-11 17:30:00,21.69407273333333,19.288054383333336,,
2024-05-11 18:00:00,29.64759395,23.88170653333333,,
2024-05-11 18:30:00,33.93828265,32.020224533333334,,
2024-05-11 19:00:00,32.577198366666664,37.285375083333335,,
2024-05-11 19:30:00,35.292822183333335,31.14636391666667,,
2024-05-11 20:00:00,34.28438665,36.11405385,,
2024-05-11 20:30:00,36.64230236666666,38.4263,,
2024-05-11 21:00:00,39.514453333333336,37.4146483,,
2024-05-11 21:30:00,43.55832121666666,34.46242341666667,,
2024-05-11 22:00:00,38.57314953333333,32.57715615,,
2024-05-11 22:30:00,35.15301165,31.09518215,,
2024-05-11 23:00:00,34.29363778333333,32.347235000000005,,
2024-05-11 23:30:00,32.947266750000004,33.365066266666666,,
2024-05-12 00:00:00,32.52923056666666,29.97963101666667,,
2024-05-12 00:30:00,29.065286766666663,30.0426444,,
2024-05-12 01:00:00,26.807013766666667,24.664748966666664,,
2024-05-12 01:30:00,25.71125385,23.107868366666665,,
2024-05-12 02:00:00,23.840852883333337,24.04414728333333,,
2024-05-12 02:30:00,23.28671266666667,22.78540563333333,,
2024-05-12 03:00:00,25.387145,21.359308316666667,,
2024-05-12 03:30:00,27.34430505,21.77944448333333,,
2024-05-12 04:00:00,23.91492715,24.9427956,,
2024-05-12 04:30:00,27.816544983333333,22.21665673333333,,
2024-05-12 05:00:00,30.6252239,29.825554633333336,,
2024-05-12 05:30:00,31.822813916666664,29.25645558333333,,
2024-05-12 06:00:00,34.12267833333333,27.759812816666667,,
2024-05-12 06:30:00,39.77873336666666,33.565240583333335,,
2024-05-12 07:00:00,37.17003115,29.2805698,,
2024-05-12 07:30:00,26.9453107,24.854992733333333,,
2024-05-12 08:00:00,24.110063416666662,31.52264325,,
2024-05-12 08:30:00,21.038686616666663,27.470296633333334,,
2024-05-12 09:00:00,14.803168833333332,23.24437883333333,,
2024-05-12 09:30:00,-2.371208249999999,11.404405116666666,,
2024-05-12 10:00:00,-11.611979483333334,8.437128966666668,,
2024-05-12 10:30:00,-26.46128175,5.425583383333334,,
2024-05-12 11:00:00,-31.8661429,-12.113298233333332,,
2024-05-12 11:30:00,-47.67592003333333,-18.13984895,,
2024-05-12 12:00:00,-61.98802893333333,-14.725068883333336,,
2024-05-12 12:30:00,-68.5954868,-24.880614999999995,,
2024-05-12 13:00:00,-75.76372495,-22.2397223,,
2024-05-12 13:30:00,-68.7489145,-31.91758948333333,,
2024-05-12 14:00:00,-70.76099233333333,-34.48122733333334,,
2024-05-12 14:30:00,-59.24641266666666,-22.182101083333333,,
2024-05-12 15:00:00,-45.12583953333333,-22.0763678,,
2024-05-12 15:30:00,-25.346724483333333,-9.3067323,,
2024-05-12 16:00:00,-10.059461716666666,4.566209333333333,,
2024-05-12 16:30:00,3.497517149999999,10.432967333333332,,
2024-05-12 17:00:00,12.915384916666667,21.515818266666667,,
2024-05-12 17:30:00,19.347768783333333,21.69407273333333,,
2024-05-12 18:00:00,25.027589833333334,29.64759395,,
2024-05-12 18:30:00,28.89641658333333,33.93828265,,
2024-05-12 19:00:00,30.51649675,32.577198366666664,,
2024-05-12 19:30:00,24.23946888333333,35.292822183333335,,
2024-05-12 20:00:00,27.57849785,34.28438665,,
2024-05-12 20:30:00,32.02753765,36.64230236666666,,
2024-05-12 21:00:00,35.41382003333333,39.514453333333336,,
2024-05-12 21:30:00,29.4284832,43.55832121666666,,
2024-05-12 22:00:00,24.58136323333333,38.57314953333333,,
2024-05-12 22:30:00,21.64561003333333,35.15301165,,
2024-05-12 23:00:00,25.2770223,34.29363778333333,,
2024-05-12 23:30:00,32.19729443333333,32.947266750000004,,
2024-05-13 00:00:00,37.38021675,32.52923056666666,,
2024-05-13 00:30:00,37.02561993333333,29.065286766666663,,
2024-05-13 01:00:00,26.950809433333333,26.807013766666667,,
2024-05-13 01:30:00,26.5313745,25.71125385,,
2024-05-13 02:00:00,24.349727266666665,23.840852883333337,,
2024-05-13 02:30:00,26.790075533333333,23.28671266666667,,
2024-05-13 03:00:00,27.62108675,25.387145,,
2024-05-13 03:30:00,31.909137333333334,27.34430505,,
2024-05-13 04:00:00,31.96683815,23.91492715,,
2024-05-13 04:30:00,30.168132216666667,27.816544983333333,,
2024-05-13 05:00:00,32.19137623333334,30.6252239,,
2024-05-13 05:30:00,26.63207115,31.822813916666664,,
2024-05-13 06:00:00,30.69422835,34.12267833333333,,
2024-05-13 06:30:00,33.52269115,39.77873336666666,,
2024-05-13 07:00:00,37.6117996,37.17003115,,
2024-05-13 07:30:00,35.49911878333334,26.9453107,,
2024-05-13 08:00:00,20.438769516666667,24.110063416666662,,
2024-05-13 08:30:00,13.20055395,21.038686616666663,,
2024-05-13 09:00:00,-0.4370544499999995,14.803168833333332,,
2024-05-13 09:30:00,-13.330850533333331,-2.371208249999999,,
2024-05-13 10:00:00,-33.67799288333333,-11.611979483333334,,
2024-05-13 10:30:00,-43.1426478,-26.46128175,,
2024-05-13 11:00:00,-48.301381633333335,-31.8661429,,
2024-05-13 11:30:00,-70.96436171666666,-47.67592003333333,,
2024-05-13 12:00:00,-79.0615499,-61.98802893333333,,
2024-05-13 12:30:00,-71.07329273333333,-68.5954868,,
2024-05-13 13:00:00,-76.35662013333332,-75.76372495,,
2024-05-13 13:30:00,-81.57371653333333,-68.7489145,,
2024-05-13 14:00:00,-73.62711723333332,-70.76099233333333,,
2024-05-13 14:30:00,-59.10954771666667,-59.24641266666666,,
2024-05-13 15:00:00,-35.612126233333335,-45.12583953333333,,
2024-05-13 15:30:00,-20.117638466666666,-25.346724483333333,,
2024-05-13 16:00:00,-7.427348899999999,-10.059461716666666,,
2024-05-13 16:30:00,-0.0508516000000001,3.497517149999999,,
2024-05-13 17:00:00,9.5521866,12.915384916666667,,
2024-05-13 17:30:00,11.386096583333334,19.347768783333333,,
2024-05-13 18:00:00,17.885141049999998,25.027589833333334,,
2024-05-13 18:30:00,25.312879383333332,28.89641658333333,,
2024-05-13 19:00:00,30.45103553333333,30.51649675,,
2024-05-13 19:30:00,28.61257288333333,24.23946888333333,,
2024-05-13 20:00:00,26.695547116666663,27.57849785,,
2024-05-13 20:30:00,27.916776533333334,32.02753765,,
2024-05-13 21:00:00,29.437801,35.41382003333333,,
2024-05-13 21:30:00,27.09043266666667,29.4284832,,
2024-05-13 22:00:00,20.8922346,24.58136323333333,,
2024-05-13 22:30:00,19.957958316666662,21.64561003333333,,
2024-05-13 23:00:00,23.73117158333333,25.2770223,,
2024-05-13 23:30:00,27.35730116666667,32.19729443333333,,
2024-05-14 00:00:00,23.60002893333333,37.38021675,,
2024-05-14 00:30:00,22.3474505,37.02561993333333,,
2024-05-14 01:00:00,19.290033266666665,26.950809433333333,,
2024-05-14 01:30:00,19.257700016666668,26.5313745,,
2024-05-14 02:00:00,24.1053599,24.349727266666665,,
2024-05-14 02:30:00,25.19257041666667,26.790075533333333,,
2024-05-14 03:00:00,20.308189533333334,27.62108675,,
2024-05-14 03:30:00,24.655180966666663,31.909137333333334,,
2024-05-14 04:00:00,23.69475721666667,31.96683815,,
2024-05-14 04:30:00,26.87851278333333,30.168132216666667,,
2024-05-14 05:00:00,30.356940716666667,32.19137623333334,,
2024-05-14 05:30:00,25.837433216666668,26.63207115,,
2024-05-14 06:00:00,33.412265,30.69422835,,
2024-05-14 06:30:00,33.59778273333333,33.52269115,,
2024-05-14 07:00:00,38.07545503333333,37.6117996,,
2024-05-14 07:30:00,40.9801595,35.49911878333334,,
2024-05-14 08:00:00,32.3040351,20.438769516666667,,
2024-05-14 08:30:00,18.78216995,13.20055395,,
2024-05-14 09:00:00,11.4916484,-0.4370544499999995,,
2024-05-14 09:30:00,1.5576723000000003,-13.330850533333331,,
2024-05-14 10:00:00,-22.346378400000003,-33.67799288333333,,
2024-05-14 10:30:00,-33.648403816666665,-43.1426478,,
2024-05-14 11:00:00,-50.69843333333333,-48.301381633333335,,
2024-05-14 11:30:00,-65.47989496666666,-70.96436171666666,,
2024-05-14 12:00:00,-81.35201430000001,-79.0615499,,
2024-05-14 12:30:00,-91.39723888333332,-71.07329273333333,,
2024-05-14 13:00:00,-99.82510833333332,-76.35662013333332,,
2024-05-14 13:30:00,-89.37940118333334,-81.57371653333333,,
2024-05-14 14:00:00,-92.5420984,-73.62711723333332,,
2024-05-14 14:30:00,-80.61924723333333,-59.10954771666667,,
2024-05-14 15:00:00,-65.88974488333334,-35.612126233333335,,
2024-05-14 15:30:00,-34.87286113333333,-20.117638466666666,,
2024-05-14 16:00:00,-20.609666716666663,-7.427348899999999,,
2024-05-14 16:30:00,-4.616505383333333,-0.0508516000000001,,
2024-05-14 17:00:00,4.790455499999999,9.5521866,,
2024-05-14 17:30:00,4.354745350000001,11.386096583333334,,
2024-05-14 18:00:00,16.388956133333334,17.885141049999998,,
2024-05-14 18:30:00,26.709471216666667,25.312879383333332,,
2024-05-14 19:00:00,33.14143825,30.45103553333333,,
2024-05-14 19:30:00,32.6335489,28.61257288333333,,
2024-05-14 20:00:00,30.716727716666668,26.695547116666663,,
2024-05-14 20:30:00,31.230883366666664,27.916776533333334,,
2024-05-14 21:00:00,28.35268665,29.437801,,
2024-05-14 21:30:00,32.36367501666667,27.09043266666667,,
2024-05-14 22:00:00,31.69742665,20.8922346,,
2024-05-14 22:30:00,25.96472171666667,19.957958316666662,,
2024-05-14 23:00:00,26.80564778333333,23.73117158333333,,
2024-05-14 23:30:00,24.69555715,27.35730116666667,,
2024-05-15 00:00:00,30.201553466666667,23.60002893333333,,
2024-05-15 00:30:00,27.761806683333333,22.3474505,,
2024-05-15 01:00:00,23.362428833333336,19.290033266666665,,
2024-05-15 01:30:00,22.100271083333336,19.257700016666668,,
2024-05-15 02:00:00,21.590160033333333,24.1053599,,
2024-05-15 02:30:00,23.356977033333333,25.19257041666667,,
2024-05-15 03:00:00,23.72568393333333,20.308189533333334,,
2024-05-15 03:30:00,25.37349705,24.655180966666663,,
2024-05-15 04:00:00,23.71210053333333,23.69475721666667,,
2024-05-15 04:30:00,25.509917233333336,26.87851278333333,,
2024-05-15 05:00:00,24.05023555,30.356940716666667,,
2024-05-15 05:30:00,26.617387766666667,25.837433216666668,,
2024-05-15 06:00:00,28.942253966666662,33.412265,,
2024-05-15 06:30:00,27.852875583333333,33.59778273333333,,
2024-05-15 07:00:00,29.676454466666662,38.07545503333333,,
2024-05-15 07:30:00,38.9522722,40.9801595,,
2024-05-15 08:00:00,20.28876963333333,32.3040351,,
2024-05-15 08:30:00,8.523094933333333,18.78216995,,
2024-05-15 09:00:00,1.4043223333333337,11.4916484,,
2024-05-15 09:30:00,-14.748325116666663,1.5576723000000003,,
2024-05-15 10:00:00,-33.173831183333334,-22.346378400000003,,
2024-05-15 10:30:00,-39.49383783333334,-33.648403816666665,,
2024-05-15 11:00:00,-50.54611963333334,-50.69843333333333,,
2024-05-15 11:30:00,-66.83449771666666,-65.47989496666666,,
2024-05-15 12:00:00,-80.43765056666666,-81.35201430000001,,
2024-05-15 12:30:00,-88.16616169999999,-91.39723888333332,,
2024-05-15 13:00:00,-94.7203082,-99.82510833333332,,
2024-05-15 13:30:00,-100.82597176666668,-89.37940118333334,,
2024-05-15 14:00:00,-91.95077116666666,-92.5420984,,
2024-05-15 14:30:00,-76.662059,-80.61924723333333,,
2024-05-15 15:00:00,-55.70533873333333,-65.88974488333334,,
2024-05-15 15:30:00,-33.69228433333333,-34.87286113333333,,
2024-05-15 16:00:00,-12.048531583333334,-20.609666716666663,,
2024-05-15 16:30:00,-0.79292145,-4.616505383333333,,
2024-05-15 17:00:00,-1.8715239166666664,4.790455499999999,,
2024-05-15 17:30:00,6.4881796666666665,4.354745350000001,,
2024-05-15 18:00:00,9.409480466666666,16.388956133333334,,
2024-05-15 18:30:00,18.33278538333333,26.709471216666667,,
2024-05-15 19:00:00,23.411492316666667,33.14143825,,
2024-05-15 19:30:00,24.988700533333333,32.6335489,,
2024-05-15 20:00:00,21.900236,30.716727716666668,,
2024-05-15 20:30:00,31.79482223333333,31.230883366666664,,
2024-05-15 21:00:00,28.633454383333333,28.35268665,,
2024-05-15 21:30:00,29.050463250000004,32.36367501666667,,
2024-05-15 22:00:00,28.50530215,31.69742665,,
2024-05-15 22:30:00,24.93703735,25.96472171666667,,
2024-05-15 23:00:00,23.705207166666668,26.80564778333333,,
2024-05-15 23:30:00,25.693006633333336,24.69555715,,
2024-05-16 00:00:00,28.905097316666662,30.201553466666667,,
2024-05-16 00:30:00,28.87555725,27.761806683333333,,
2024-05-16 01:00:00,26.423855016666668,23.362428833333336,,
2024-05-16 01:30:00,22.964362216666668,22.100271083333336,,
2024-05-16 02:00:00,25.5838111,21.590160033333333,,
2024-05-16 02:30:00,30.75025098333333,23.356977033333333,,
2024-05-16 03:00:00,34.245907933333335,23.72568393333333,,
2024-05-16 03:30:00,29.5276111,25.37349705,,
2024-05-16 04:00:00,29.06499383333333,23.71210053333333,,
2024-05-16 04:30:00,30.3999867,25.509917233333336,,
2024-05-16 05:00:00,26.53543396666667,24.05023555,,
2024-05-16 05:30:00,26.808287383333333,26.617387766666667,,
2024-05-16 06:00:00,29.017418383333336,28.942253966666662,,
2024-05-16 06:30:00,38.641524,27.852875583333333,,
2024-05-16 07:00:00,39.671515516666666,29.676454466666662,,
2024-05-16 07:30:00,42.99605111666667,38.9522722,,
2024-05-16 08:00:00,28.13898273333333,20.28876963333333,,
2024-05-16 08:30:00,13.886308866666669,8.523094933333333,,
2024-05-16 09:00:00,7.040713833333334,1.4043223333333337,,
2024-05-16 09:30:00,-8.160655083333333,-14.748325116666663,,
2024-05-16 10:00:00,-23.82807001666667,-33.173831183333334,,
2024-05-16 10:30:00,-32.97361943333333,-39.49383783333334,,
2024-05-16 11:00:00,-49.53642226666667,-50.54611963333334,,
2024-05-16 11:30:00,-66.28492565,-66.83449771666666,,
2024-05-16 12:00:00,-74.80000208333333,-80.43765056666666,,
2024-05-16 12:30:00,-77.26803493333334,-88.16616169999999,,
2024-05-16 13:00:00,-78.96776565,-94.7203082,,
2024-05-16 13:30:00,-87.26575211666666,-100.82597176666668,,
2024-05-16 14:00:00,-78.67744008333334,-91.95077116666666,,
2024-05-16 14:30:00,-72.20338878333334,-76.662059,,
2024-05-16 15:00:00,-52.71555228333333,-55.70533873333333,,
2024-05-16 15:30:00,-32.6130939,-33.69228433333333,,
2024-05-16 16:00:00,-13.594004983333331,-12.048531583333334,,
2024-05-16 16:30:00,-3.42763005,-0.79292145,,
2024-05-16 17:00:00,3.5251661166666666,-1.8715239166666664,,
2024-05-16 17:30:00,6.721896016666666,6.4881796666666665,,
2024-05-16 18:00:00,11.207917266666668,9.409480466666666,,
2024-05-16 18:30:00,22.33555408333333,18.33278538333333,,
2024-05-16 19:00:00,27.62142045,23.411492316666667,,
2024-05-16 19:30:00,28.02940795,24.988700533333333,,
2024-05-16 20:00:00,27.6585201,21.900236,,
2024-05-16 20:30:00,27.0852073,31.79482223333333,,
2024-05-16 21:00:00,31.10275048333333,28.633454383333333,,
2024-05-16 21:30:00,31.87333668333333,29.050463250000004,,
2024-05-16 22:00:00,32.981411650000005,28.50530215,,
2024-05-16 22:30:00,29.49677,24.93703735,,
2024-05-16 23:00:00,33.941619499999995,23.705207166666668,,
2024-05-16 23:30:00,37.5756106,25.693006633333336,,
2024-05-17 00:00:00,38.374521,28.905097316666662,,
2024-05-17 00:30:00,38.60807055,28.87555725,,
2024-05-17 01:00:00,28.165130516666665,26.423855016666668,,
2024-05-17 01:30:00,28.03522065,22.964362216666668,,
2024-05-17 02:00:00,28.063604466666664,25.5838111,,
2024-05-17 02:30:00,29.3369033,30.75025098333333,,
2024-05-17 03:00:00,23.27785438333333,34.245907933333335,,
2024-05-17 03:30:00,21.990352816666668,29.5276111,,
2024-05-17 04:00:00,23.6327895,29.06499383333333,,
2024-05-17 04:30:00,27.802392183333332,30.3999867,,
2024-05-17 05:00:00,27.650970416666667,26.53543396666667,,
2024-05-17 05:30:00,28.52829613333334,26.808287383333333,,
2024-05-17 06:00:00,28.45555998333333,29.017418383333336,,
2024-05-17 06:30:00,27.123914466666665,38.641524,,
2024-05-17 07:00:00,31.6237221,39.671515516666666,,
2024-05-17 07:30:00,38.92988945,42.99605111666667,,
2024-05-17 08:00:00,29.713314916666665,28.13898273333333,,
2024-05-17 08:30:00,21.48642668333333,13.886308866666669,,
2024-05-17 09:00:00,21.129483333333333,7.040713833333334,,
2024-05-17 09:30:00,-6.857187333333333,-8.160655083333333,,
2024-05-17 10:00:00,-18.60692805,-23.82807001666667,,
2024-05-17 10:30:00,-32.613191066666666,-32.97361943333333,,
2024-05-17 11:00:00,-44.863263933333336,-49.53642226666667,,
2024-05-17 11:30:00,-56.58974718333334,-66.28492565,,
2024-05-17 12:00:00,-73.43066768333334,-74.80000208333333,,
2024-05-17 12:30:00,-72.01240511666667,-77.26803493333334,,
2024-05-17 13:00:00,-79.24411166666665,-78.96776565,,
2024-05-17 13:30:00,-72.68795778333333,-87.26575211666666,,
2024-05-17 14:00:00,-72.05600278333334,-78.67744008333334,,
2024-05-17 14:30:00,-63.549227183333336,-72.20338878333334,,
2024-05-17 15:00:00,-48.592456616666674,-52.71555228333333,,
2024-05-17 15:30:00,-33.3909026,-32.6130939,,
2024-05-17 16:00:00,-19.81749105,-13.594004983333331,,
2024-05-17 16:30:00,-4.4832189,-3.42763005,,
2024-05-17 17:00:00,7.160676316666667,3.5251661166666666,,
2024-05-17 17:30:00,12.329568,6.721896016666666,,
2024-05-17 18:00:00,15.711625166666666,11.207917266666668,,
2024-05-17 18:30:00,17.472324983333333,22.33555408333333,,
2024-05-17 19:00:00,16.449698433333335,27.62142045,,
2024-05-17 19:30:00,21.226069383333336,28.02940795,,
2024-05-17 20:00:00,28.53101761666667,27.6585201,,
2024-05-17 20:30:00,32.41896848333334,27.0852073,,
2024-05-17 21:00:00,32.128980633333335,31.10275048333333,,
2024-05-17 21:30:00,32.05780215,31.87333668333333,,
2024-05-17 22:00:00,27.78997785,32.981411650000005,,
2024-05-17 22:30:00,27.2031867,29.49677,,
2024-05-17 23:00:00,31.61196563333333,33.941619499999995,,
2024-05-17 23:30:00,30.9338956,37.5756106,,
2024-05-18 00:00:00,29.879810016666667,38.374521,,
2024-05-18 00:30:00,32.883646766666665,38.60807055,,
2024-05-18 01:00:00,25.0192396,28.165130516666665,,
2024-05-18 01:30:00,23.58418048333333,28.03522065,,
2024-05-18 02:00:00,23.6582789,28.063604466666664,,
2024-05-18 02:30:00,23.406805533333337,29.3369033,,
2024-05-18 03:00:00,24.02818943333333,23.27785438333333,,
2024-05-18 03:30:00,22.34846388333333,21.990352816666668,,
2024-05-18 04:00:00,23.151863416666668,23.6327895,,
2024-05-18 04:30:00,23.572821633333334,27.802392183333332,,
2024-05-18 05:00:00,26.849959483333333,27.650970416666667,,
2024-05-18 05:30:00,29.050823816666668,28.52829613333334,,
2024-05-18 06:00:00,28.9261472,28.45555998333333,,
2024-05-18 06:30:00,29.6083537,27.123914466666665,,
2024-05-18 07:00:00,29.145759966666663,31.6237221,,
2024-05-18 07:30:00,27.281914366666665,38.92988945,,
2024-05-18 08:00:00,25.23372505,29.713314916666665,,
2024-05-18 08:30:00,27.58175993333333,21.48642668333333,,
2024-05-18 09:00:00,7.759957883333333,21.129483333333333,,
2024-05-18 09:30:00,-11.6934444,-6.857187333333333,,
2024-05-18 10:00:00,-37.33133056666667,-18.60692805,,
2024-05-18 10:30:00,-46.45608493333333,-32.613191066666666,,
2024-05-18 11:00:00,-53.30258538333334,-44.863263933333336,,
2024-05-18 11:30:00,-70.6916645,-56.58974718333334,,
2024-05-18 12:00:00,-81.2337761,-73.43066768333334,,
2024-05-18 12:30:00,-81.7613177,-72.01240511666667,,
2024-05-18 13:00:00,-79.6528862,-79.24411166666665,,
2024-05-18 13:30:00,-82.51694271666666,-72.68795778333333,,
2024-05-18 14:00:00,-79.38072773333333,-72.05600278333334,,
2024-05-18 14:30:00,-67.52546388333333,-63.549227183333336,,
2024-05-18 15:00:00,-59.83412055,-48.592456616666674,,
2024-05-18 15:30:00,-41.64797843333333,-33.3909026,,
2024-05-18 16:00:00,-18.3474279,-19.81749105,,
2024-05-18 16:30:00,6.862643766666667,-4.4832189,,
2024-05-18 17:00:00,15.092224466666666,7.160676316666667,,
2024-05-18 17:30:00,20.15531448333333,12.329568,,
2024-05-18 18:00:00,33.06506098333333,15.711625166666666,,
2024-05-18 18:30:00,35.01783986666667,17.472324983333333,,
2024-05-18 19:00:00,28.030239883333337,16.449698433333335,,
2024-05-18 19:30:00,29.0158928,21.226069383333336,,
2024-05-18 20:00:00,37.35235008333333,28.53101761666667,,
2024-05-18 20:30:00,35.968199416666664,32.41896848333334,,
2024-05-18 21:00:00,39.92329725,32.128980633333335,,
2024-05-18 21:30:00,42.72618003333333,32.05780215,,
2024-05-18 22:00:00,39.17724931666667,27.78997785,,
2024-05-18 22:30:00,40.64068218333333,27.2031867,,
2024-05-18 23:00:00,39.89993436666666,31.61196563333333,,
2024-05-18 23:30:00,40.49650501666667,30.9338956,,
2024-05-19 00:00:00,38.42874723333333,29.879810016666667,,
2024-05-19 00:30:00,38.09831011666667,32.883646766666665,,
2024-05-19 01:00:00,40.53528393333334,25.0192396,,
2024-05-19 01:30:00,28.75435115,23.58418048333333,,
2024-05-19 02:00:00,22.84484503333333,23.6582789,,
2024-05-19 02:30:00,24.46616498333333,23.406805533333337,,
2024-05-19 03:00:00,27.536368866666667,24.02818943333333,,
2024-05-19 03:30:00,30.98549325,22.34846388333333,,
2024-05-19 04:00:00,30.288739916666668,23.151863416666668,,
2024-05-19 04:30:00,26.444665033333333,23.572821633333334,,
2024-05-19 05:00:00,26.763204466666664,26.849959483333333,,
2024-05-19 05:30:00,27.63544215,29.050823816666668,,
2024-05-19 06:00:00,31.6802263,28.9261472,,
2024-05-19 06:30:00,31.4858855,29.6083537,,
2024-05-19 07:00:00,30.155330016666667,29.145759966666663,,
2024-05-19 07:30:00,29.50072065,27.281914366666665,,
2024-05-19 08:00:00,26.77434666666667,25.23372505,,
2024-05-19 08:30:00,22.206571116666662,27.58175993333333,,
2024-05-19 09:00:00,9.9827283,7.759957883333333,,
2024-05-19 09:30:00,0.0356979666666662,-11.6934444,,
2024-05-19 10:00:00,-4.900504,-37.33133056666667,,
2024-05-19 10:30:00,-16.786221100000002,-46.45608493333333,,
2024-05-19 11:00:00,-26.434271050000003,-53.30258538333334,,
2024-05-19 11:30:00,-36.01773775,-70.6916645,,
2024-05-19 12:00:00,-38.00696121666667,-81.2337761,,
2024-05-19 12:30:00,-44.93998883333333,-81.7613177,,
2024-05-19 13:00:00,-48.47147996666666,-79.6528862,,
2024-05-19 13:30:00,-56.655830900000005,-82.51694271666666,,
2024-05-19 14:00:00,-55.64384621666667,-79.38072773333333,,
2024-05-19 14:30:00,-40.23357606666666,-67.52546388333333,,
2024-05-19 15:00:00,-12.714896066666668,-59.83412055,,
2024-05-19 15:30:00,-1.357768366666666,-41.64797843333333,,
2024-05-19 16:00:00,10.6118646,-18.3474279,,
2024-05-19 16:30:00,7.28252725,6.862643766666667,,
2024-05-19 17:00:00,14.417287783333334,15.092224466666666,,
2024-05-19 17:30:00,16.967808416666667,20.15531448333333,,
2024-05-19 18:00:00,26.256458233333333,33.06506098333333,,
2024-05-19 18:30:00,28.20719545,35.01783986666667,,
2024-05-19 19:00:00,30.37476778333333,28.030239883333337,,
2024-05-19 19:30:00,31.3175427,29.0158928,,
2024-05-19 20:00:00,37.04324986666666,37.35235008333333,,
2024-05-19 20:30:00,39.839704866666665,35.968199416666664,,
2024-05-19 21:00:00,41.39312881666667,39.92329725,,
2024-05-19 21:30:00,34.1907078,42.72618003333333,,
2024-05-19 22:00:00,34.1147188,39.17724931666667,,
2024-05-19 22:30:00,31.57167958333333,40.64068218333333,,
2024-05-19 23:00:00,31.76103883333333,39.89993436666666,,
2024-05-19 23:30:00,37.45652953333333,40.49650501666667,,
2024-05-20 00:00:00,35.34640945,38.42874723333333,,
2024-05-20 00:30:00,32.512828899999995,38.09831011666667,,
2024-05-20 01:00:00,32.93622163333333,40.53528393333334,,
2024-05-20 01:30:00,35.72908218333333,28.75435115,,
2024-05-20 02:00:00,31.4610622,22.84484503333333,,
2024-05-20 02:30:00,34.373114533333336,24.46616498333333,,
2024-05-20 03:00:00,31.99215335,27.536368866666667,,
2024-05-20 03:30:00,31.97642825,30.98549325,,
2024-05-20 04:00:00,30.735352133333336,30.288739916666668,,
2024-05-20 04:30:00,30.84843108333333,26.444665033333333,,
2024-05-20 05:00:00,30.263149916666663,26.763204466666664,,
2024-05-20 05:30:00,33.3786078,27.63544215,,
2024-05-20 06:00:00,38.60259836666666,31.6802263,,
2024-05-20 06:30:00,38.7240167,31.4858855,,
2024-05-20 07:00:00,46.41359113333333,30.155330016666667,,
2024-05-20 07:30:00,54.61958508333333,29.50072065,,
2024-05-20 08:00:00,63.66533445,26.77434666666667,,
2024-05-20 08:30:00,53.4100394,22.206571116666662,,
2024-05-20 09:00:00,19.83297278333333,9.9827283,,
2024-05-20 09:30:00,4.589979283333332,0.0356979666666662,,
2024-05-20 10:00:00,-13.440181683333336,-4.900504,,
2024-05-20 10:30:00,-22.77742328333333,-16.786221100000002,,
2024-05-20 11:00:00,-31.1838984,-26.434271050000003,,
2024-05-20 11:30:00,-28.386642166666665,-36.01773775,,
2024-05-20 12:00:00,-31.8590039,-38.00696121666667,,
2024-05-20 12:30:00,-29.480756716666665,-44.93998883333333,,
2024-05-20 13:00:00,-28.723590116666667,-48.47147996666666,,
2024-05-20 13:30:00,-20.306058516666667,-56.655830900000005,,
2024-05-20 14:00:00,-21.519980633333333,-55.64384621666667,,
2024-05-20 14:30:00,-17.794531116666665,-40.23357606666666,,
2024-05-20 15:00:00,-11.085694533333331,-12.714896066666668,,
2024-05-20 15:30:00,-1.6459722500000005,-1.357768366666666,,
2024-05-20 16:00:00,15.039181683333332,10.6118646,,
2024-05-20 16:30:00,25.952725016666665,7.28252725,,
2024-05-20 17:00:00,32.44978495,14.417287783333334,,
2024-05-20 17:30:00,34.212969,16.967808416666667,,
2024-05-20 18:00:00,40.910738916666666,26.256458233333333,,
2024-05-20 18:30:00,42.33047613333333,28.20719545,,
2024-05-20 19:00:00,43.14452513333333,30.37476778333333,,
2024-05-20 19:30:00,41.0236639,31.3175427,,
2024-05-20 20:00:00,42.88578496666667,37.04324986666666,,
2024-05-20 20:30:00,46.81862445,39.839704866666665,,
2024-05-20 21:00:00,46.095376816666665,41.39312881666667,,
2024-05-20 21:30:00,42.48406888333333,34.1907078,,
2024-05-20 22:00:00,33.1372271,34.1147188,,
2024-05-20 22:30:00,31.0499011,31.57167958333333,,
2024-05-20 23:00:00,31.39912955,31.76103883333333,,
2024-05-20 23:30:00,33.94093771666667,37.45652953333333,,
2024-05-21 00:00:00,35.24100775,35.34640945,,
2024-05-21 00:30:00,35.36865765,32.512828899999995,,
2024-05-21 01:00:00,40.60164851666666,32.93622163333333,,
2024-05-21 01:30:00,33.4901821,35.72908218333333,,
2024-05-21 02:00:00,37.632682216666666,31.4610622,,
2024-05-21 02:30:00,32.00341948333334,34.373114533333336,,
2024-05-21 03:00:00,31.2154655,31.99215335,,
2024-05-21 03:30:00,31.5497951,31.97642825,,
2024-05-21 04:00:00,33.18700176666667,30.735352133333336,,
2024-05-21 04:30:00,33.72179495,30.84843108333333,,
2024-05-21 05:00:00,37.39797745,30.263149916666663,,
2024-05-21 05:30:00,40.289194316666666,33.3786078,,
2024-05-21 06:00:00,40.356964966666666,38.60259836666666,,
2024-05-21 06:30:00,43.24329673333333,38.7240167,,
2024-05-21 07:00:00,44.26015171666666,46.41359113333333,,
2024-05-21 07:30:00,49.49415053333333,54.61958508333333,,
2024-05-21 08:00:00,45.76420048333333,63.66533445,,
2024-05-21 08:30:00,32.1290633,53.4100394,,
2024-05-21 09:00:00,12.535458283333334,19.83297278333333,,
2024-05-21 09:30:00,1.3804478833333331,4.589979283333332,,
2024-05-21 10:00:00,-15.454762800000005,-13.440181683333336,,
2024-05-21 10:30:00,-22.930760466666666,-22.77742328333333,,
2024-05-21 11:00:00,-32.22119431666667,-31.1838984,,
2024-05-21 11:30:00,-44.07747053333333,-28.386642166666665,,
2024-05-21 12:00:00,-51.4279178,-31.8590039,,
2024-05-21 12:30:00,-46.7679416,-29.480756716666665,,
2024-05-21 13:00:00,-44.34879,-28.723590116666667,,
2024-05-21 13:30:00,-50.12800443333333,-20.306058516666667,,
2024-05-21 14:00:00,-44.94798265,-21.519980633333333,,
2024-05-21 14:30:00,-40.478548366666665,-17.794531116666665,,
2024-05-21 15:00:00,-31.591541733333333,-11.085694533333331,,
2024-05-21 15:30:00,-10.92673175,-1.6459722500000005,,
2024-05-21 16:00:00,-1.7465005333333334,15.039181683333332,,
2024-05-21 16:30:00,4.979278933333333,25.952725016666665,,
2024-05-21 17:00:00,22.09367203333333,32.44978495,,
2024-05-21 17:30:00,29.595771216666662,34.212969,,
2024-05-21 18:00:00,32.316533983333336,40.910738916666666,,
2024-05-21 18:30:00,39.86554495,42.33047613333333,,
2024-05-21 19:00:00,44.4327683,43.14452513333333,,
2024-05-21 19:30:00,42.73339116666667,41.0236639,,
2024-05-21 20:00:00,37.48457225,42.88578496666667,,
2024-05-21 20:30:00,45.025429,46.81862445,,
2024-05-21 21:00:00,44.78323841666667,46.095376816666665,,
2024-05-21 21:30:00,42.29952563333333,42.48406888333333,,
2024-05-21 22:00:00,40.388259516666665,33.1372271,,
2024-05-21 22:30:00,38.93346328333333,31.0499011,,
2024-05-21 23:00:00,39.14830223333333,31.39912955,,
2024-05-21 23:30:00,39.53738826666667,33.94093771666667,,
2024-05-22 00:00:00,35.007190200000004,35.24100775,,
2024-05-22 00:30:00,33.18175111666667,35.36865765,,
2024-05-22 01:00:00,33.555439033333336,40.60164851666666,,
2024-05-22 01:30:00,27.30659933333333,33.4901821,,
2024-05-22 02:00:00,33.21639941666667,37.632682216666666,,
2024-05-22 02:30:00,32.930012633333334,32.00341948333334,,
2024-05-22 03:00:00,32.573894933333335,31.2154655,,
2024-05-22 03:30:00,28.049214533333338,31.5497951,,
2024-05-22 04:00:00,30.75822893333334,33.18700176666667,,
2024-05-22 04:30:00,32.96915445,33.72179495,,
2024-05-22 05:00:00,38.268459416666666,37.39797745,,
2024-05-22 05:30:00,44.95434011666666,40.289194316666666,,
2024-05-22 06:00:00,42.796324483333336,40.356964966666666,,
2024-05-22 06:30:00,49.0288978,43.24329673333333,,
2024-05-22 07:00:00,48.57927118333333,44.26015171666666,,
2024-05-22 07:30:00,50.13801096666666,49.49415053333333,,
2024-05-22 08:00:00,43.595431733333335,45.76420048333333,,
2024-05-22 08:30:00,29.38829821666667,32.1290633,,
2024-05-22 09:00:00,16.1051199,12.535458283333334,,
2024-05-22 09:30:00,0.4226432166666669,1.3804478833333331,,
2024-05-22 10:00:00,-26.19525213333333,-15.454762800000005,,
2024-05-22 10:30:00,-46.68908603333333,-22.930760466666666,,
2024-05-22 11:00:00,-63.8985267,-32.22119431666667,,
2024-05-22 11:30:00,-69.05407986666667,-44.07747053333333,,
2024-05-22 12:00:00,-74.61914483333334,-51.4279178,,
2024-05-22 12:30:00,-88.31973004999999,-46.7679416,,
2024-05-22 13:00:00,-93.34338101666668,-44.34879,,
2024-05-22 13:30:00,-79.89581326666666,-50.12800443333333,,
2024-05-22 14:00:00,-78.50827938333333,-44.94798265,,
2024-05-22 14:30:00,-66.68092786666666,-40.478548366666665,,
2024-05-22 15:00:00,-47.5084038,-31.591541733333333,,
2024-05-22 15:30:00,-26.64343331666667,-10.92673175,,
2024-05-22 16:00:00,-4.5012377500000005,-1.7465005333333334,,
2024-05-22 16:30:00,4.6292697,4.979278933333333,,
2024-05-22 17:00:00,14.950156716666667,22.09367203333333,,
2024-05-22 17:30:00,26.43270655,29.595771216666662,,
2024-05-22 18:00:00,31.02305493333333,32.316533983333336,,
2024-05-22 18:30:00,32.35125345,39.86554495,,
2024-05-22 19:00:00,36.65184706666667,44.4327683,,
2024-05-22 19:30:00,36.112693766666666,42.73339116666667,,
2024-05-22 20:00:00,37.3628377,37.48457225,,
2024-05-22 20:30:00,41.6656633,45.025429,,
2024-05-22 21:00:00,36.70764106666667,44.78323841666667,,
2024-05-22 21:30:00,39.40160036666666,42.29952563333333,,
2024-05-22 22:00:00,38.09633545,40.388259516666665,,
2024-05-22 22:30:00,35.627728350000005,38.93346328333333,,
2024-05-22 23:00:00,37.38245831666666,39.14830223333333,,
2024-05-22 23:30:00,32.050910116666664,39.53738826666667,,
2024-05-23 00:00:00,33.8056962,35.007190200000004,,
2024-05-23 00:30:00,34.31308331666667,33.18175111666667,,
2024-05-23 01:00:00,33.827591616666666,33.555439033333336,,
2024-05-23 01:30:00,31.615483333333334,27.30659933333333,,
2024-05-23 02:00:00,29.26570058333333,33.21639941666667,,
2024-05-23 02:30:00,27.897192766666667,32.930012633333334,,
2024-05-23 03:00:00,32.42359736666667,32.573894933333335,,
2024-05-23 03:30:00,32.706365,28.049214533333338,,
2024-05-23 04:00:00,37.148386566666666,30.75822893333334,,
2024-05-23 04:30:00,33.909088966666665,32.96915445,,
2024-05-23 05:00:00,34.92933935,38.268459416666666,,
2024-05-23 05:30:00,34.74198896666667,44.95434011666666,,
2024-05-23 06:00:00,32.36999773333333,42.796324483333336,,
2024-05-23 06:30:00,33.18788386666667,49.0288978,,
2024-05-23 07:00:00,53.101928316666665,48.57927118333333,,
2024-05-23 07:30:00,48.12272156666666,50.13801096666666,,
2024-05-23 08:00:00,44.0167229,43.595431733333335,,
2024-05-23 08:30:00,31.25001045,29.38829821666667,,
2024-05-23 09:00:00,11.83122995,16.1051199,,
2024-05-23 09:30:00,-10.4136279,0.4226432166666669,,
2024-05-23 10:00:00,-27.032032266666665,-26.19525213333333,,
2024-05-23 10:30:00,-31.052607816666665,-46.68908603333333,,
2024-05-23 11:00:00,-52.14685718333333,-63.8985267,,
2024-05-23 11:30:00,-59.85281816666667,-69.05407986666667,,
2024-05-23 12:00:00,-70.81370173333333,-74.61914483333334,,
2024-05-23 12:30:00,-62.05464855,-88.31973004999999,,
2024-05-23 13:00:00,-68.90269216666667,-93.34338101666668,,
2024-05-23 13:30:00,-81.07047771666667,-79.89581326666666,,
2024-05-23 14:00:00,-73.34179006666666,-78.50827938333333,,
2024-05-23 14:30:00,-57.95324831666667,-66.68092786666666,,
2024-05-23 15:00:00,-47.96087768333333,-47.5084038,,
2024-05-23 15:30:00,-29.112641550000003,-26.64343331666667,,
2024-05-23 16:00:00,-11.466004366666668,-4.5012377500000005,,
2024-05-23 16:30:00,-0.5026189166666668,4.6292697,,
2024-05-23 17:00:00,7.171637233333333,14.950156716666667,,
2024-05-23 17:30:00,10.520661283333334,26.43270655,,
2024-05-23 18:00:00,13.444048883333336,31.02305493333333,,
2024-05-23 18:30:00,21.5227956,32.35125345,,
2024-05-23 19:00:00,32.190787900000004,36.65184706666667,,
2024-05-23 19:30:00,30.226270483333334,36.112693766666666,,
2024-05-23 20:00:00,27.598721066666663,37.3628377,,
2024-05-23 20:30:00,30.210503216666662,41.6656633,,
2024-05-23 21:00:00,38.291917133333335,36.70764106666667,,
2024-05-23 21:30:00,42.68904278333333,39.40160036666666,,
2024-05-23 22:00:00,40.065616516666665,38.09633545,,
2024-05-23 22:30:00,27.633266183333333,35.627728350000005,,
2024-05-23 23:00:00,29.61377668333333,37.38245831666666,,
2024-05-23 23:30:00,30.43990218333333,32.050910116666664,,
2024-05-24 00:00:00,37.18244515,33.8056962,,
2024-05-24 00:30:00,38.56281153333333,34.31308331666667,,
2024-05-24 01:00:00,36.29375508333333,33.827591616666666,,
2024-05-24 01:30:00,30.45438995,31.615483333333334,,
2024-05-24 02:00:00,31.526387733333333,29.26570058333333,,
2024-05-24 02:30:00,30.696603933333336,27.897192766666667,,
2024-05-24 03:00:00,33.444117866666666,32.42359736666667,,
2024-05-24 03:30:00,32.82977118333333,32.706365,,
2024-05-24 04:00:00,29.80776215,37.148386566666666,,
2024-05-24 04:30:00,33.93846708333333,33.909088966666665,,
2024-05-24 05:00:00,35.53031013333333,34.92933935,,
2024-05-24 05:30:00,36.544622233333335,34.74198896666667,,
2024-05-24 06:00:00,40.79146001666667,32.36999773333333,,
2024-05-24 06:30:00,45.27642661666667,33.18788386666667,,
2024-05-24 07:00:00,47.93383624999999,53.101928316666665,,
2024-05-24 07:30:00,46.78959115,48.12272156666666,,
2024-05-24 08:00:00,42.37145496666667,44.0167229,,
2024-05-24 08:30:00,35.309054966666665,31.25001045,,
2024-05-24 09:00:00,25.38802388333333,11.83122995,,
2024-05-24 09:30:00,7.307918333333333,-10.4136279,,
2024-05-24 10:00:00,-12.297861,-27.032032266666665,,
2024-05-24 10:30:00,-30.611960683333336,-31.052607816666665,,
2024-05-24 11:00:00,-34.3003599,-52.14685718333333,,
2024-05-24 11:30:00,-49.10890388333333,-59.85281816666667,,
2024-05-24 12:00:00,-54.91152766666667,-70.81370173333333,,
2024-05-24 12:30:00,-45.74054228333333,-62.05464855,,
2024-05-24 13:00:00,-51.92998946666666,-68.90269216666667,,
2024-05-24 13:30:00,-52.7352112,-81.07047771666667,,
2024-05-24 14:00:00,-46.41628226666666,-73.34179006666666,,
2024-05-24 14:30:00,-36.79617881666667,-57.95324831666667,,
2024-05-24 15:00:00,-19.340085616666663,-47.96087768333333,,
2024-05-24 15:30:00,-8.522284616666667,-29.112641550000003,,
2024-05-24 16:00:00,0.4137990333333334,-11.466004366666668,,
2024-05-24 16:30:00,5.894037783333334,-0.5026189166666668,,
2024-05-24 17:00:00,11.677785583333332,7.171637233333333,,
2024-05-24 17:30:00,20.658453266666665,10.520661283333334,,
2024-05-24 18:00:00,30.727045633333333,13.444048883333336,,
2024-05-24 18:30:00,25.605679483333336,21.5227956,,
2024-05-24 19:00:00,27.64421285,32.190787900000004,,
2024-05-24 19:30:00,20.17290661666667,30.226270483333334,,
2024-05-24 20:00:00,28.30897955,27.598721066666663,,
2024-05-24 20:30:00,33.7614973,30.210503216666662,,
2024-05-24 21:00:00,37.79564543333333,38.291917133333335,,
2024-05-24 21:30:00,40.90633328333333,42.68904278333333,,
2024-05-24 22:00:00,40.61319543333334,40.065616516666665,,
2024-05-24 22:30:00,32.72617546666667,27.633266183333333,,
2024-05-24 23:00:00,34.70742273333334,29.61377668333333,,
2024-05-24 23:30:00,36.030301183333336,30.43990218333333,,
2024-05-25 00:00:00,31.93795433333333,37.18244515,,
2024-05-25 00:30:00,35.35906881666667,38.56281153333333,,
2024-05-25 01:00:00,34.51848495,36.29375508333333,,
2024-05-25 01:30:00,27.94979671666667,30.45438995,,
2024-05-25 02:00:00,28.82620615,31.526387733333333,,
2024-05-25 02:30:00,25.37725088333333,30.696603933333336,,
2024-05-25 03:00:00,25.250472766666665,33.444117866666666,,
2024-05-25 03:30:00,30.11977505,32.82977118333333,,
2024-05-25 04:00:00,26.815862866666667,29.80776215,,
2024-05-25 04:30:00,27.839737616666667,33.93846708333333,,
2024-05-25 05:00:00,30.76758605,35.53031013333333,,
2024-05-25 05:30:00,27.68135618333333,36.544622233333335,,
2024-05-25 06:00:00,36.8898944,40.79146001666667,,
2024-05-25 06:30:00,40.70019275,45.27642661666667,,
2024-05-25 07:00:00,40.07475333333333,47.93383624999999,,
2024-05-25 07:30:00,37.1364188,46.78959115,,
2024-05-25 08:00:00,37.9011378,42.37145496666667,,
2024-05-25 08:30:00,36.42838378333333,35.309054966666665,,
2024-05-25 09:00:00,26.338260466666668,25.38802388333333,,
2024-05-25 09:30:00,2.2470212000000003,7.307918333333333,,
2024-05-25 10:00:00,-9.962280383333336,-12.297861,,
2024-05-25 10:30:00,-25.420389466666663,-30.611960683333336,,
2024-05-25 11:00:00,-36.81500765,-34.3003599,,
2024-05-25 11:30:00,-45.31057426666666,-49.10890388333333,,
2024-05-25 12:00:00,-45.1108224,-54.91152766666667,,
2024-05-25 12:30:00,-66.59703383333334,-45.74054228333333,,
2024-05-25 13:00:00,-63.44333395,-51.92998946666666,,
2024-05-25 13:30:00,-65.28745611666666,-52.7352112,,
2024-05-25 14:00:00,-64.34524671666667,-46.41628226666666,,
2024-05-25 14:30:00,-57.27494618333333,-36.79617881666667,,
2024-05-25 15:00:00,-44.1655528,-19.340085616666663,,
2024-05-25 15:30:00,-27.96505168333333,-8.522284616666667,,
2024-05-25 16:00:00,-10.966985516666666,0.4137990333333334,,
2024-05-25 16:30:00,-2.072253966666667,5.894037783333334,,
2024-05-25 17:00:00,6.725678883333333,11.677785583333332,,
2024-05-25 17:30:00,16.483092666666668,20.658453266666665,,
2024-05-25 18:00:00,18.914988466666667,30.727045633333333,,
2024-05-25 18:30:00,23.104311733333333,25.605679483333336,,
2024-05-25 19:00:00,30.37151215,27.64421285,,
2024-05-25 19:30:00,27.51021061666667,20.17290661666667,,
2024-05-25 20:00:00,26.80340995,28.30897955,,
2024-05-25 20:30:00,41.57487381666667,33.7614973,,
2024-05-25 21:00:00,39.75432215,37.79564543333333,,
2024-05-25 21:30:00,41.73698175,40.90633328333333,,
2024-05-25 22:00:00,42.7703189,40.61319543333334,,
2024-05-25 22:30:00,42.51464621666667,32.72617546666667,,
2024-05-25 23:00:00,45.30852781666667,34.70742273333334,,
2024-05-25 23:30:00,38.6328434,36.030301183333336,,
2024-05-26 00:00:00,42.08748293333333,31.93795433333333,,
2024-05-26 00:30:00,39.146299383333336,35.35906881666667,,
2024-05-26 01:00:00,41.7882722,34.51848495,,
2024-05-26 01:30:00,34.45794871666667,27.94979671666667,,
2024-05-26 02:00:00,34.86038383333334,28.82620615,,
2024-05-26 02:30:00,27.5024389,25.37725088333333,,
2024-05-26 03:00:00,30.182041766666668,25.250472766666665,,
2024-05-26 03:30:00,33.99638396666666,30.11977505,,
2024-05-26 04:00:00,31.06991725,26.815862866666667,,
2024-05-26 04:30:00,35.14324265,27.839737616666667,,
2024-05-26 05:00:00,34.61391508333333,30.76758605,,
2024-05-26 05:30:00,36.637489433333336,27.68135618333333,,
2024-05-26 06:00:00,38.11024391666667,36.8898944,,
2024-05-26 06:30:00,40.91734665,40.70019275,,
2024-05-26 07:00:00,38.36918763333333,40.07475333333333,,
2024-05-26 07:30:00,35.68704948333333,37.1364188,,
2024-05-26 08:00:00,33.17024778333333,37.9011378,,
2024-05-26 08:30:00,31.549216116666667,36.42838378333333,,
2024-05-26 09:00:00,14.97717605,26.338260466666668,,
2024-05-26 09:30:00,-2.6203555,2.2470212000000003,,
2024-05-26 10:00:00,-20.791135550000003,-9.962280383333336,,
2024-05-26 10:30:00,-47.64051275,-25.420389466666663,,
2024-05-26 11:00:00,-57.70316005,-36.81500765,,
2024-05-26 11:30:00,-66.97514721666667,-45.31057426666666,,
2024-05-26 12:00:00,-82.69227006666667,-45.1108224,,
2024-05-26 12:30:00,-91.76420558333332,-66.59703383333334,,
2024-05-26 13:00:00,-91.34044326666668,-63.44333395,,
2024-05-26 13:30:00,-94.07983666666668,-65.28745611666666,,
2024-05-26 14:00:00,-93.93592843333332,-64.34524671666667,,
2024-05-26 14:30:00,-72.96759615,-57.27494618333333,,
2024-05-26 15:00:00,-56.25293323333333,-44.1655528,,
2024-05-26 15:30:00,-34.113080000000004,-27.96505168333333,,
2024-05-26 16:00:00,-17.43581663333333,-10.966985516666666,,
2024-05-26 16:30:00,0.1464900499999992,-2.072253966666667,,
2024-05-26 17:00:00,14.703254983333332,6.725678883333333,,
2024-05-26 17:30:00,21.9084755,16.483092666666668,,
2024-05-26 18:00:00,23.32121603333333,18.914988466666667,,
2024-05-26 18:30:00,29.749126016666665,23.104311733333333,,
2024-05-26 19:00:00,24.49315221666667,30.37151215,,
2024-05-26 19:30:00,24.26628116666667,27.51021061666667,,
2024-05-26 20:00:00,27.467285416666662,26.80340995,,
2024-05-26 20:30:00,33.179956616666665,41.57487381666667,,
2024-05-26 21:00:00,36.086441150000006,39.75432215,,
2024-05-26 21:30:00,33.6868317,41.73698175,,
2024-05-26 22:00:00,33.48445323333333,42.7703189,,
2024-05-26 22:30:00,30.63543346666667,42.51464621666667,,
2024-05-26 23:00:00,37.082351583333335,45.30852781666667,,
2024-05-26 23:30:00,40.00562336666667,38.6328434,,
2024-05-27 00:00:00,42.53148275,42.08748293333333,,
2024-05-27 00:30:00,45.373253983333335,39.146299383333336,,
2024-05-27 01:00:00,33.56850658333333,41.7882722,,
2024-05-27 01:30:00,31.40105438333333,34.45794871666667,,
2024-05-27 02:00:00,31.50642595,34.86038383333334,,
2024-05-27 02:30:00,29.292259933333337,27.5024389,,
2024-05-27 03:00:00,33.737388833333334,30.182041766666668,,
2024-05-27 03:30:00,36.9739489,33.99638396666666,,
2024-05-27 04:00:00,32.89673065,31.06991725,,
2024-05-27 04:30:00,32.86482326666667,35.14324265,,
2024-05-27 05:00:00,40.33096393333333,34.61391508333333,,
2024-05-27 05:30:00,40.67108941666667,36.637489433333336,,
2024-05-27 06:00:00,39.413048833333335,38.11024391666667,,
2024-05-27 06:30:00,36.57945335,40.91734665,,
2024-05-27 07:00:00,39.55003658333333,38.36918763333333,,
2024-05-27 07:30:00,44.00901948333333,35.68704948333333,,
2024-05-27 08:00:00,41.22575391666667,33.17024778333333,,
2024-05-27 08:30:00,33.42139168333333,31.549216116666667,,
2024-05-27 09:00:00,22.65366338333333,14.97717605,,
2024-05-27 09:30:00,11.25092545,-2.6203555,,
2024-05-27 10:00:00,-10.156302616666666,-20.791135550000003,,
2024-05-27 10:30:00,-35.667372883333336,-47.64051275,,
2024-05-27 11:00:00,-53.66828278333333,-57.70316005,,
2024-05-27 11:30:00,-64.45641993333334,-66.97514721666667,,
2024-05-27 12:00:00,-77.9216484,-82.69227006666667,,
2024-05-27 12:30:00,-90.78781891666668,-91.76420558333332,,
2024-05-27 13:00:00,-82.09656668333334,-91.34044326666668,,
2024-05-27 13:30:00,-74.16072058333333,-94.07983666666668,,
2024-05-27 14:00:00,-69.71400556666667,-93.93592843333332,,
2024-05-27 14:30:00,-48.58636756666667,-72.96759615,,
2024-05-27 15:00:00,-33.78033995,-56.25293323333333,,
2024-05-27 15:30:00,-17.77432705,-34.113080000000004,,
2024-05-27 16:00:00,-6.156664583333334,-17.43581663333333,,
2024-05-27 16:30:00,-2.930506666666666,0.1464900499999992,,
2024-05-27 17:00:00,2.3188599333333326,14.703254983333332,,
2024-05-27 17:30:00,13.960794683333331,21.9084755,,
2024-05-27 18:00:00,21.34961165,23.32121603333333,,
2024-05-27 18:30:00,23.69477943333333,29.749126016666665,,
2024-05-27 19:00:00,30.832427216666662,24.49315221666667,,
2024-05-27 19:30:00,32.87378931666667,24.26628116666667,,
2024-05-27 20:00:00,37.58926391666666,27.467285416666662,,
2024-05-27 20:30:00,40.73978511666667,33.179956616666665,,
2024-05-27 21:00:00,42.6671339,36.086441150000006,,
2024-05-27 21:30:00,39.47350996666666,33.6868317,,
2024-05-27 22:00:00,27.10240843333333,33.48445323333333,,
2024-05-27 22:30:00,26.25794695,30.63543346666667,,
2024-05-27 23:00:00,32.89520885,37.082351583333335,,
2024-05-27 23:30:00,34.31946276666667,40.00562336666667,,
2024-05-28 00:00:00,33.38621728333333,42.53148275,,
2024-05-28 00:30:00,32.151166116666666,45.373253983333335,,
2024-05-28 01:00:00,36.09263176666666,33.56850658333333,,
2024-05-28 01:30:00,26.11440735,31.40105438333333,,
2024-05-28 02:00:00,27.866533383333334,31.50642595,,
2024-05-28 02:30:00,25.97791838333333,29.292259933333337,,
2024-05-28 03:00:00,30.15668958333333,33.737388833333334,,
2024-05-28 03:30:00,31.245467233333333,36.9739489,,
2024-05-28 04:00:00,30.968319366666663,32.89673065,,
2024-05-28 04:30:00,34.94459558333333,32.86482326666667,,
2024-05-28 05:00:00,38.39307445,40.33096393333333,,
2024-05-28 05:30:00,33.69109555,40.67108941666667,,
2024-05-28 06:00:00,39.52849895,39.413048833333335,,
2024-05-28 06:30:00,43.721895700000005,36.57945335,,
2024-05-28 07:00:00,45.7562912,39.55003658333333,,
2024-05-28 07:30:00,52.092418183333336,44.00901948333333,,
2024-05-28 08:00:00,45.3520921,41.22575391666667,,
2024-05-28 08:30:00,31.477924483333336,33.42139168333333,,
2024-05-28 09:00:00,25.616206783333336,22.65366338333333,,
2024-05-28 09:30:00,10.240227266666666,11.25092545,,
2024-05-28 10:00:00,-8.811246599999999,-10.156302616666666,,
2024-05-28 10:30:00,-23.72919455,-35.667372883333336,,
2024-05-28 11:00:00,-38.93683105,-53.66828278333333,,
2024-05-28 11:30:00,-59.32097281666668,-64.45641993333334,,
2024-05-28 12:00:00,-68.41623895,-77.9216484,,
2024-05-28 12:30:00,-83.59908668333334,-90.78781891666668,,
2024-05-28 13:00:00,-87.06027601666666,-82.09656668333334,,
2024-05-28 13:30:00,-81.6511604,-74.16072058333333,,
2024-05-28 14:00:00,-81.1353095,-69.71400556666667,,
2024-05-28 14:30:00,-66.59559706666666,-48.58636756666667,,
2024-05-28 15:00:00,-48.36443008333333,-33.78033995,,
2024-05-28 15:30:00,-27.595136633333336,-17.77432705,,
2024-05-28 16:00:00,-11.917084966666666,-6.156664583333334,,
2024-05-28 16:30:00,-2.80892955,-2.930506666666666,,
2024-05-28 17:00:00,5.711120566666668,2.3188599333333326,,
2024-05-28 17:30:00,8.99792385,13.960794683333331,,
2024-05-28 18:00:00,18.82755836666667,21.34961165,,
2024-05-28 18:30:00,26.85310433333333,23.69477943333333,,
2024-05-28 19:00:00,28.95885051666667,30.832427216666662,,
2024-05-28 19:30:00,32.4286144,32.87378931666667,,
2024-05-28 20:00:00,30.353364566666663,37.58926391666666,,
2024-05-28 20:30:00,34.06156551666667,40.73978511666667,,
2024-05-28 21:00:00,33.02506328333333,42.6671339,,
2024-05-28 21:30:00,34.081603916666666,39.47350996666666,,
2024-05-28 22:00:00,27.7621852,27.10240843333333,,
2024-05-28 22:30:00,27.75576666666667,26.25794695,,
2024-05-28 23:00:00,29.825174966666665,32.89520885,,
2024-05-28 23:30:00,28.7550317,34.31946276666667,,
2024-05-29 00:00:00,27.798118150000004,33.38621728333333,,
2024-05-29 00:30:00,30.03747483333333,32.151166116666666,,
2024-05-29 01:00:00,35.31681733333333,36.09263176666666,,
2024-05-29 01:30:00,31.17614888333333,26.11440735,,
2024-05-29 02:00:00,36.04782281666667,27.866533383333334,,
2024-05-29 02:30:00,36.09086048333334,25.97791838333333,,
2024-05-29 03:00:00,32.083343416666665,30.15668958333333,,
2024-05-29 03:30:00,34.09312896666667,31.245467233333333,,
2024-05-29 04:00:00,34.890160116666664,30.968319366666663,,
2024-05-29 04:30:00,36.43484771666667,34.94459558333333,,
2024-05-29 05:00:00,40.10897286666667,38.39307445,,
2024-05-29 05:30:00,37.58998496666667,33.69109555,,
2024-05-29 06:00:00,44.37550945,39.52849895,,
2024-05-29 06:30:00,43.76378281666666,43.721895700000005,,
2024-05-29 07:00:00,43.600120633333326,45.7562912,,
2024-05-29 07:30:00,40.68566886666667,52.092418183333336,,
2024-05-29 08:00:00,39.73006676666667,45.3520921,,
2024-05-29 08:30:00,24.243651666666665,31.477924483333336,,
2024-05-29 09:00:00,15.204070016666668,25.616206783333336,,
2024-05-29 09:30:00,-2.3170393166666665,10.240227266666666,,
2024-05-29 10:00:00,-15.765477733333334,-8.811246599999999,,
2024-05-29 10:30:00,-34.05602043333334,-23.72919455,,
2024-05-29 11:00:00,-54.624311033333335,-38.93683105,,
2024-05-29 11:30:00,-63.04923506666666,-59.32097281666668,,
2024-05-29 12:00:00,-75.17449906666667,-68.41623895,,
2024-05-29 12:30:00,-80.39374959999999,-83.59908668333334,,
2024-05-29 13:00:00,-82.88155391666666,-87.06027601666666,,
2024-05-29 13:30:00,-82.55691385,-81.6511604,,
2024-05-29 14:00:00,-78.23575615,-81.1353095,,
2024-05-29 14:30:00,-64.12038116666666,-66.59559706666666,,
2024-05-29 15:00:00,-41.23288118333333,-48.36443008333333,,
2024-05-29 15:30:00,-31.807306766666667,-27.595136633333336,,
2024-05-29 16:00:00,-16.487805033333334,-11.917084966666666,,
2024-05-29 16:30:00,-1.429632316666667,-2.80892955,,
2024-05-29 17:00:00,3.959997716666667,5.711120566666668,,
2024-05-29 17:30:00,13.977341716666666,8.99792385,,
2024-05-29 18:00:00,15.4776628,18.82755836666667,,
2024-05-29 18:30:00,21.61049775,26.85310433333333,,
2024-05-29 19:00:00,21.45443275,28.95885051666667,,
2024-05-29 19:30:00,28.395129466666663,32.4286144,,
2024-05-29 20:00:00,28.67021216666667,30.353364566666663,,
2024-05-29 20:30:00,32.42008393333334,34.06156551666667,,
2024-05-29 21:00:00,36.55889835,33.02506328333333,,
2024-05-29 21:30:00,36.03408386666667,34.081603916666666,,
2024-05-29 22:00:00,27.90342988333333,27.7621852,,
2024-05-29 22:30:00,21.6174422,27.75576666666667,,
2024-05-29 23:00:00,26.37615835,29.825174966666665,,
2024-05-29 23:30:00,27.85153838333333,28.7550317,,
2024-05-30 00:00:00,33.485382816666664,27.798118150000004,,
2024-05-30 00:30:00,31.73489933333333,30.03747483333333,,
2024-05-30 01:00:00,29.25323835,35.31681733333333,,
2024-05-30 01:30:00,24.51224678333333,31.17614888333333,,
2024-05-30 02:00:00,25.82625385,36.04782281666667,,
2024-05-30 02:30:00,31.24907603333333,36.09086048333334,,
2024-05-30 03:00:00,27.13127165,32.083343416666665,,
2024-05-30 03:30:00,26.554997916666668,34.09312896666667,,
2024-05-30 04:00:00,23.757981616666665,34.890160116666664,,
2024-05-30 04:30:00,24.26156935,36.43484771666667,,
2024-05-30 05:00:00,24.36253926666667,40.10897286666667,,
2024-05-30 05:30:00,28.12512945,37.58998496666667,,
2024-05-30 06:00:00,26.50453603333333,44.37550945,,
2024-05-30 06:30:00,28.34087613333333,43.76378281666666,,
2024-05-30 07:00:00,42.21522676666667,43.600120633333326,,
2024-05-30 07:30:00,48.702166733333335,40.68566886666667,,
2024-05-30 08:00:00,47.88671333333334,39.73006676666667,,
2024-05-30 08:30:00,31.511585916666665,24.243651666666665,,
2024-05-30 09:00:00,21.471792633333333,15.204070016666668,,
2024-05-30 09:30:00,11.8702557,-2.3170393166666665,,
2024-05-30 10:00:00,1.0397545499999998,-15.765477733333334,,
2024-05-30 10:30:00,-11.348454883333334,-34.05602043333334,,
2024-05-30 11:00:00,-14.43159655,-54.624311033333335,,
2024-05-30 11:30:00,-19.835551533333334,-63.04923506666666,,
2024-05-30 12:00:00,-31.674993916666665,-75.17449906666667,,
2024-05-30 12:30:00,-35.530598,-80.39374959999999,,
2024-05-30 13:00:00,-22.7719882,-82.88155391666666,,
2024-05-30 13:30:00,-18.61580598333333,-82.55691385,,
2024-05-30 14:00:00,-22.29614241666667,-78.23575615,,
2024-05-30 14:30:00,-13.8981901,-64.12038116666666,,
2024-05-30 15:00:00,-2.6683588833333336,-41.23288118333333,,
2024-05-30 15:30:00,0.9476776333333335,-31.807306766666667,,
2024-05-30 16:00:00,-3.675179799999999,-16.487805033333334,,
2024-05-30 16:30:00,0.7411088666666664,-1.429632316666667,,
2024-05-30 17:00:00,12.160301616666668,3.959997716666667,,
2024-05-30 17:30:00,11.262320099999998,13.977341716666666,,
2024-05-30 18:00:00,17.5924403,15.4776628,,
2024-05-30 18:30:00,24.531540133333333,21.61049775,,
2024-05-30 19:00:00,20.618218483333333,21.45443275,,
2024-05-30 19:30:00,27.4881944,28.395129466666663,,
2024-05-30 20:00:00,35.26414258333333,28.67021216666667,,
2024-05-30 20:30:00,34.46064781666667,32.42008393333334,,
2024-05-30 21:00:00,31.954795983333337,36.55889835,,
2024-05-30 21:30:00,34.3798617,36.03408386666667,,
2024-05-30 22:00:00,29.962599800000003,27.90342988333333,,
2024-05-30 22:30:00,25.75036795,21.6174422,,
2024-05-30 23:00:00,28.759483266666667,26.37615835,,
2024-05-30 23:30:00,27.06670725,27.85153838333333,,
2024-05-31 00:00:00,29.160459983333336,33.485382816666664,,
2024-05-31 00:30:00,34.05996055,31.73489933333333,,
2024-05-31 01:00:00,32.49490385,29.25323835,,
2024-05-31 01:30:00,31.21058766666667,24.51224678333333,,
2024-05-31 02:00:00,32.73228211666667,25.82625385,,
2024-05-31 02:30:00,29.53881108333333,31.24907603333333,,
2024-05-31 03:00:00,27.80489055,27.13127165,,
2024-05-31 03:30:00,26.633759416666667,26.554997916666668,,
2024-05-31 04:00:00,23.75262055,23.757981616666665,,
2024-05-31 04:30:00,23.70944265,24.26156935,,
2024-05-31 05:00:00,25.848340033333333,24.36253926666667,,
2024-05-31 05:30:00,25.38393148333333,28.12512945,,
2024-05-31 06:00:00,29.591368233333338,26.50453603333333,,
2024-05-31 06:30:00,30.73771445,28.34087613333333,,
2024-05-31 07:00:00,40.1559184,42.21522676666667,,
2024-05-31 07:30:00,39.47377493333333,48.702166733333335,,
2024-05-31 08:00:00,35.715474449999995,47.88671333333334,,
2024-05-31 08:30:00,31.246680616666666,31.511585916666665,,
2024-05-31 09:00:00,23.22043161666667,21.471792633333333,,
2024-05-31 09:30:00,12.990191133333331,11.8702557,,
2024-05-31 10:00:00,3.676928433333333,1.0397545499999998,,
2024-05-31 10:30:00,-8.7298651,-11.348454883333334,,
2024-05-31 11:00:00,-20.33592673333333,-14.43159655,,
2024-05-31 11:30:00,-18.44862826666667,-19.835551533333334,,
2024-05-31 12:00:00,-24.9698061,-31.674993916666665,,
2024-05-31 12:30:00,-19.32909768333333,-35.530598,,
2024-05-31 13:00:00,-6.446129016666667,-22.7719882,,
2024-05-31 13:30:00,-7.981928233333334,-18.61580598333333,,
2024-05-31 14:00:00,-11.658896533333332,-22.29614241666667,,
2024-05-31 14:30:00,-6.391963383333333,-13.8981901,,
2024-05-31 15:00:00,9.589195683333337,-2.6683588833333336,,
2024-05-31 15:30:00,2.0309293333333334,0.9476776333333335,,
2024-05-31 16:00:00,9.558017483333332,-3.675179799999999,,
2024-05-31 16:30:00,12.674586633333334,0.7411088666666664,,
2024-05-31 17:00:00,18.37237175,12.160301616666668,,
2024-05-31 17:30:00,24.112387100000003,11.262320099999998,,
2024-05-31 18:00:00,37.9027965,17.5924403,,
2024-05-31 18:30:00,34.8990823,24.531540133333333,,
2024-05-31 19:00:00,35.96288718333333,20.618218483333333,,
2024-05-31 19:30:00,32.0915543,27.4881944,,
2024-05-31 20:00:00,28.9796767,35.26414258333333,,
2024-05-31 20:30:00,29.91637568333333,34.46064781666667,,
2024-05-31 21:00:00,33.46818495,31.954795983333337,,
2024-05-31 21:30:00,40.04847851666667,34.3798617,,
2024-05-31 22:00:00,45.92749385,29.962599800000003,,
2024-05-31 22:30:00,36.85724455,25.75036795,,
2024-05-31 23:00:00,34.50653713333333,28.759483266666667,,
2024-05-31 23:30:00,33.973942216666664,27.06670725,,
2024-06-01 00:00:00,36.81110771666667,29.160459983333336,,
2024-06-01 00:30:00,34.760211649999995,34.05996055,,
2024-06-01 01:00:00,25.957849416666665,32.49490385,,
2024-06-01 01:30:00,24.6566694,31.21058766666667,,
2024-06-01 02:00:00,33.914103266666665,32.73228211666667,,
2024-06-01 02:30:00,36.31071,29.53881108333333,,
2024-06-01 03:00:00,31.53814403333333,27.80489055,,
2024-06-01 03:30:00,28.254934416666668,26.633759416666667,,
2024-06-01 04:00:00,34.674476066666664,23.75262055,,
2024-06-01 04:30:00,35.9359866,23.70944265,,
2024-06-01 05:00:00,34.23180463333333,25.848340033333333,,
2024-06-01 05:30:00,33.14007006666667,25.38393148333333,,
2024-06-01 06:00:00,36.9738374,29.591368233333338,,
2024-06-01 06:30:00,43.38812673333334,30.73771445,,
2024-06-01 07:00:00,40.3149033,40.1559184,,
2024-06-01 07:30:00,37.954052366666666,39.47377493333333,,
2024-06-01 08:00:00,32.36933165,35.715474449999995,,
2024-06-01 08:30:00,28.8650889,31.246680616666666,,
2024-06-01 09:00:00,22.713565,23.22043161666667,,
2024-06-01 09:30:00,28.63093453333333,12.990191133333331,,
2024-06-01 10:00:00,29.53649558333333,3.676928433333333,,
2024-06-01 10:30:00,12.782233316666668,-8.7298651,,
2024-06-01 11:00:00,-7.46039175,-20.33592673333333,,
2024-06-01 11:30:00,-14.664702183333333,-18.44862826666667,,
2024-06-01 12:00:00,-8.266916533333335,-24.9698061,,
2024-06-01 12:30:00,-6.435618316666667,-19.32909768333333,,
2024-06-01 13:00:00,-6.881178866666667,-6.446129016666667,,
2024-06-01 13:30:00,3.101453933333332,-7.981928233333334,,
2024-06-01 14:00:00,-4.938462049999999,-11.658896533333332,,
2024-06-01 14:30:00,9.593869333333332,-6.391963383333333,,
2024-06-01 15:00:00,9.986814966666667,9.589195683333337,,
2024-06-01 15:30:00,8.5784816,2.0309293333333334,,
2024-06-01 16:00:00,3.840392133333333,9.558017483333332,,
2024-06-01 16:30:00,8.829910633333332,12.674586633333334,,
2024-06-01 17:00:00,22.852718866666667,18.37237175,,
2024-06-01 17:30:00,27.48016385,24.112387100000003,,
2024-06-01 18:00:00,32.16642171666667,37.9027965,,
2024-06-01 18:30:00,44.545162000000005,34.8990823,,
2024-06-01 19:00:00,43.86109896666667,35.96288718333333,,
2024-06-01 19:30:00,43.83910946666666,32.0915543,,
2024-06-01 20:00:00,44.81953125,28.9796767,,
2024-06-01 20:30:00,51.143616066666674,29.91637568333333,,
2024-06-01 21:00:00,47.67754945,33.46818495,,
2024-06-01 21:30:00,50.95392345,40.04847851666667,,
2024-06-01 22:00:00,49.036493283333336,45.92749385,,
2024-06-01 22:30:00,46.67771678333333,36.85724455,,
2024-06-01 23:00:00,42.09615446666667,34.50653713333333,,
2024-06-01 23:30:00,45.9825134,33.973942216666664,,
2024-06-02 00:00:00,43.53441566666667,36.81110771666667,,
2024-06-02 00:30:00,45.62147553333333,34.760211649999995,,
2024-06-02 01:00:00,39.33703945,25.957849416666665,,
2024-06-02 01:30:00,33.193744466666665,24.6566694,,
2024-06-02 02:00:00,33.05621785,33.914103266666665,,
2024-06-02 02:30:00,42.61821506666667,36.31071,,
2024-06-02 03:00:00,37.28449605,31.53814403333333,,
2024-06-02 03:30:00,31.985026633333334,28.254934416666668,,
2024-06-02 04:00:00,34.9347871,34.674476066666664,,
2024-06-02 04:30:00,33.0594545,35.9359866,,
2024-06-02 05:00:00,34.14647836666666,34.23180463333333,,
2024-06-02 05:30:00,34.783329433333336,33.14007006666667,,
2024-06-02 06:00:00,32.960112816666665,36.9738374,,
2024-06-02 06:30:00,32.6155778,43.38812673333334,,
2024-06-02 07:00:00,30.291444650000003,40.3149033,,
2024-06-02 07:30:00,28.740117766666668,37.954052366666666,,
2024-06-02 08:00:00,26.94999785,32.36933165,,
2024-06-02 08:30:00,28.880286533333333,28.8650889,,
2024-06-02 09:00:00,21.599706116666667,22.713565,,
2024-06-02 09:30:00,10.116621266666666,28.63093453333333,,
2024-06-02 10:00:00,-7.4193034,29.53649558333333,,
2024-06-02 10:30:00,-23.72433115,12.782233316666668,,
2024-06-02 11:00:00,-24.368260116666665,-7.46039175,,
2024-06-02 11:30:00,-36.848729983333335,-14.664702183333333,,
2024-06-02 12:00:00,-51.66969556666667,-8.266916533333335,,
2024-06-02 12:30:00,-44.29446496666666,-6.435618316666667,,
2024-06-02 13:00:00,-42.264856566666666,-6.881178866666667,,
2024-06-02 13:30:00,-46.10813233333334,3.101453933333332,,
2024-06-02 14:00:00,-40.46455445,-4.938462049999999,,
2024-06-02 14:30:00,-34.762903333333334,9.593869333333332,,
2024-06-02 15:00:00,-32.99229135,9.986814966666667,,
2024-06-02 15:30:00,-23.260169966666663,8.5784816,,
2024-06-02 16:00:00,-3.507590516666667,3.840392133333333,,
2024-06-02 16:30:00,10.69136785,8.829910633333332,,
2024-06-02 17:00:00,22.15002833333333,22.852718866666667,,
2024-06-02 17:30:00,26.069537166666667,27.48016385,,
2024-06-02 18:00:00,40.547005516666665,32.16642171666667,,
2024-06-02 18:30:00,52.66295655,44.545162000000005,,
2024-06-02 19:00:00,52.9735383,43.86109896666667,,
2024-06-02 19:30:00,44.98160166666667,43.83910946666666,,
2024-06-02 20:00:00,46.96745393333333,44.81953125,,
2024-06-02 20:30:00,41.146165,51.143616066666674,,
2024-06-02 21:00:00,37.37333195,47.67754945,,
2024-06-02 21:30:00,37.3153049,50.95392345,,
2024-06-02 22:00:00,41.05679181666667,49.036493283333336,,
2024-06-02 22:30:00,40.002749433333335,46.67771678333333,,
2024-06-02 23:00:00,39.17693963333333,42.09615446666667,,
2024-06-02 23:30:00,40.78361946666667,45.9825134,,
2024-06-03 00:00:00,41.03857158333333,43.53441566666667,,
2024-06-03 00:30:00,41.81196383333333,45.62147553333333,,
2024-06-03 01:00:00,37.41904065,39.33703945,,
2024-06-03 01:30:00,32.38453655,33.193744466666665,,
2024-06-03 02:00:00,27.282301166666667,33.05621785,,
2024-06-03 02:30:00,32.68364948333333,42.61821506666667,,
2024-06-03 03:00:00,27.35354605,37.28449605,,
2024-06-03 03:30:00,25.910453933333333,31.985026633333334,,
2024-06-03 04:00:00,27.6291684,34.9347871,,
2024-06-03 04:30:00,28.85364065,33.0594545,,
2024-06-03 05:00:00,33.83504503333334,34.14647836666666,,
2024-06-03 05:30:00,31.58510718333333,34.783329433333336,,
2024-06-03 06:00:00,39.94098278333333,32.960112816666665,,
2024-06-03 06:30:00,45.99141995,32.6155778,,
2024-06-03 07:00:00,49.747027300000006,30.291444650000003,,
2024-06-03 07:30:00,43.1289817,28.740117766666668,,
2024-06-03 08:00:00,44.2762388,26.94999785,,
2024-06-03 08:30:00,44.07135841666667,28.880286533333333,,
2024-06-03 09:00:00,33.47502555,21.599706116666667,,
2024-06-03 09:30:00,12.8883145,10.116621266666666,,
2024-06-03 10:00:00,6.196822916666666,-7.4193034,,
2024-06-03 10:30:00,4.362450616666667,-23.72433115,,
2024-06-03 11:00:00,-3.072994966666668,-24.368260116666665,,
2024-06-03 11:30:00,-14.514473816666666,-36.848729983333335,,
2024-06-03 12:00:00,-17.058328799999998,-51.66969556666667,,
2024-06-03 12:30:00,-26.302007133333333,-44.29446496666666,,
2024-06-03 13:00:00,-23.69092155,-42.264856566666666,,
2024-06-03 13:30:00,-20.935633366666668,-46.10813233333334,,
2024-06-03 14:00:00,-33.4928278,-40.46455445,,
2024-06-03 14:30:00,-21.77521498333333,-34.762903333333334,,
2024-06-03 15:00:00,-6.911803383333332,-32.99229135,,
2024-06-03 15:30:00,1.9872099,-23.260169966666663,,
2024-06-03 16:00:00,15.139106183333332,-3.507590516666667,,
2024-06-03 16:30:00,19.907441566666662,10.69136785,,
2024-06-03 17:00:00,30.961027533333333,22.15002833333333,,
2024-06-03 17:30:00,50.88549938333333,26.069537166666667,,
2024-06-03 18:00:00,49.67336326666666,40.547005516666665,,
2024-06-03 18:30:00,58.88661326666666,52.66295655,,
2024-06-03 19:00:00,62.22626825,52.9735383,,
2024-06-03 19:30:00,60.70295333333333,44.98160166666667,,
2024-06-03 20:00:00,56.4000339,46.96745393333333,,
2024-06-03 20:30:00,54.99275265,41.146165,,
2024-06-03 21:00:00,55.07164613333333,37.37333195,,
2024-06-03 21:30:00,53.71250771666666,37.3153049,,
2024-06-03 22:00:00,49.87990725,41.05679181666667,,
2024-06-03 22:30:00,37.6114554,40.002749433333335,,
2024-06-03 23:00:00,37.46380271666666,39.17693963333333,,
2024-06-03 23:30:00,38.0960823,40.78361946666667,,
2024-06-04 00:00:00,40.9606783,41.03857158333333,,
2024-06-04 00:30:00,41.66662993333333,41.81196383333333,,
2024-06-04 01:00:00,36.34777046666667,37.41904065,,
2024-06-04 01:30:00,36.1397804,32.38453655,,
2024-06-04 02:00:00,41.27022383333333,27.282301166666667,,
2024-06-04 02:30:00,42.472564033333335,32.68364948333333,,
2024-06-04 03:00:00,30.001729283333333,27.35354605,,
2024-06-04 03:30:00,25.337886066666663,25.910453933333333,,
2024-06-04 04:00:00,26.07590265,27.6291684,,
2024-06-04 04:30:00,30.01874055,28.85364065,,
2024-06-04 05:00:00,36.19146396666667,33.83504503333334,,
2024-06-04 05:30:00,35.754058,31.58510718333333,,
2024-06-04 06:00:00,36.48363158333333,39.94098278333333,,
2024-06-04 06:30:00,37.74827771666667,45.99141995,,
2024-06-04 07:00:00,50.35249208333334,49.747027300000006,,
2024-06-04 07:30:00,57.817172766666665,43.1289817,,
2024-06-04 08:00:00,57.36116883333333,44.2762388,,
2024-06-04 08:30:00,40.09677328333333,44.07135841666667,,
2024-06-04 09:00:00,46.682939483333335,33.47502555,,
2024-06-04 09:30:00,29.166566666666668,12.8883145,,
2024-06-04 10:00:00,17.361044466666666,6.196822916666666,,
2024-06-04 10:30:00,-2.3760570999999997,4.362450616666667,,
2024-06-04 11:00:00,-15.244544383333334,-3.072994966666668,,
2024-06-04 11:30:00,-16.19344896666667,-14.514473816666666,,
2024-06-04 12:00:00,-18.37784508333333,-17.058328799999998,,
2024-06-04 12:30:00,-16.433702866666668,-26.302007133333333,,
2024-06-04 13:00:00,-24.73263611666667,-23.69092155,,
2024-06-04 13:30:00,-22.5580283,-20.935633366666668,,
2024-06-04 14:00:00,-16.6137911,-33.4928278,,
2024-06-04 14:30:00,-8.34628605,-21.77521498333333,,
2024-06-04 15:00:00,-2.4783056,-6.911803383333332,,
2024-06-04 15:30:00,6.0264482,1.9872099,,
2024-06-04 16:00:00,8.81339,15.139106183333332,,
2024-06-04 16:30:00,23.70151615,19.907441566666662,,
2024-06-04 17:00:00,26.916949,30.961027533333333,,
2024-06-04 17:30:00,24.808469533333334,50.88549938333333,,
2024-06-04 18:00:00,27.339282883333336,49.67336326666666,,
2024-06-04 18:30:00,32.935001650000004,58.88661326666666,,
2024-06-04 19:00:00,46.60518453333333,62.22626825,,
2024-06-04 19:30:00,37.90029893333334,60.70295333333333,,
2024-06-04 20:00:00,41.822866266666665,56.4000339,,
2024-06-04 20:30:00,38.660738333333335,54.99275265,,
2024-06-04 21:00:00,45.76083333333333,55.07164613333333,,
2024-06-04 21:30:00,49.12320423333333,53.71250771666666,,
2024-06-04 22:00:00,45.342796666666665,49.87990725,,
2024-06-04 22:30:00,43.565121716666674,37.6114554,,
2024-06-04 23:00:00,48.09561051666666,37.46380271666666,,
2024-06-04 23:30:00,41.37085893333333,38.0960823,,
2024-06-05 00:00:00,39.81432671666666,40.9606783,,
2024-06-05 00:30:00,37.25132060000001,41.66662993333333,,
2024-06-05 01:00:00,37.543592233333335,36.34777046666667,,
2024-06-05 01:30:00,38.62807561666667,36.1397804,,
2024-06-05 02:00:00,37.1796227,41.27022383333333,,
2024-06-05 02:30:00,43.3210288,42.472564033333335,,
2024-06-05 03:00:00,38.63125018333333,30.001729283333333,,
2024-06-05 03:30:00,29.79307215,25.337886066666663,,
2024-06-05 04:00:00,30.0217888,26.07590265,,
2024-06-05 04:30:00,24.596350016666666,30.01874055,,
2024-06-05 05:00:00,29.044931533333337,36.19146396666667,,
2024-06-05 05:30:00,30.485109366666663,35.754058,,
2024-06-05 06:00:00,33.075475716666666,36.48363158333333,,
2024-06-05 06:30:00,31.97550388333333,37.74827771666667,,
2024-06-05 07:00:00,43.522017616666666,50.35249208333334,,
2024-06-05 07:30:00,46.58546561666666,57.817172766666665,,
2024-06-05 08:00:00,49.22734106666667,57.36116883333333,,
2024-06-05 08:30:00,36.47784885,40.09677328333333,,
2024-06-05 09:00:00,42.10194221666666,46.682939483333335,,
2024-06-05 09:30:00,27.84839983333333,29.166566666666668,,
2024-06-05 10:00:00,23.09079005,17.361044466666666,,
2024-06-05 10:30:00,5.095238966666667,-2.3760570999999997,,
2024-06-05 11:00:00,-3.768456616666666,-15.244544383333334,,
2024-06-05 11:30:00,-20.2586927,-16.19344896666667,,
2024-06-05 12:00:00,-32.02195123333333,-18.37784508333333,,
2024-06-05 12:30:00,-39.75758781666666,-16.433702866666668,,
2024-06-05 13:00:00,-31.4449516,-24.73263611666667,,
2024-06-05 13:30:00,-25.461015516666667,-22.5580283,,
2024-06-05 14:00:00,-16.239077733333332,-16.6137911,,
2024-06-05 14:30:00,-14.3351105,-8.34628605,,
2024-06-05 15:00:00,-8.981729433333333,-2.4783056,,
2024-06-05 15:30:00,2.3831079499999994,6.0264482,,
2024-06-05 16:00:00,10.073118316666664,8.81339,,
2024-06-05 16:30:00,12.771471066666663,23.70151615,,
2024-06-05 17:00:00,17.776351116666664,26.916949,,
2024-06-05 17:30:00,23.701137183333334,24.808469533333334,,
2024-06-05 18:00:00,39.044687116666665,27.339282883333336,,
2024-06-05 18:30:00,40.76902618333333,32.935001650000004,,
2024-06-05 19:00:00,45.833965,46.60518453333333,,
2024-06-05 19:30:00,58.46391561666667,37.90029893333334,,
2024-06-05 20:00:00,49.938965450000005,41.822866266666665,,
2024-06-05 20:30:00,50.73453596666667,38.660738333333335,,
2024-06-05 21:00:00,48.10945615,45.76083333333333,,
2024-06-05 21:30:00,41.3631328,49.12320423333333,,
2024-06-05 22:00:00,37.019467266666666,45.342796666666665,,
2024-06-05 22:30:00,35.88421268333333,43.565121716666674,,
2024-06-05 23:00:00,38.89699335,48.09561051666666,,
2024-06-05 23:30:00,38.349585133333335,41.37085893333333,,
2024-06-06 00:00:00,44.93123105,39.81432671666666,,
2024-06-06 00:30:00,37.4969606,37.25132060000001,,
2024-06-06 01:00:00,31.940099383333333,37.543592233333335,,
2024-06-06 01:30:00,27.702080116666668,38.62807561666667,,
2024-06-06 02:00:00,30.78632378333333,37.1796227,,
2024-06-06 02:30:00,36.5861266,43.3210288,,
2024-06-06 03:00:00,37.70177341666667,38.63125018333333,,
2024-06-06 03:30:00,31.1767439,29.79307215,,
2024-06-06 04:00:00,34.31488665,30.0217888,,
2024-06-06 04:30:00,32.56607333333333,24.596350016666666,,
2024-06-06 05:00:00,31.17007993333333,29.044931533333337,,
2024-06-06 05:30:00,31.9971446,30.485109366666663,,
2024-06-06 06:00:00,42.1184349,33.075475716666666,,
2024-06-06 06:30:00,40.4882223,31.97550388333333,,
2024-06-06 07:00:00,47.94113155,43.522017616666666,,
2024-06-06 07:30:00,54.49805610000001,46.58546561666666,,
2024-06-06 08:00:00,48.161784350000005,49.22734106666667,,
2024-06-06 08:30:00,43.21581841666667,36.47784885,,
2024-06-06 09:00:00,20.94024113333333,42.10194221666666,,
2024-06-06 09:30:00,14.818889983333332,27.84839983333333,,
2024-06-06 10:00:00,1.7302988499999994,23.09079005,,
2024-06-06 10:30:00,-7.415352666666666,5.095238966666667,,
2024-06-06 11:00:00,-7.792301566666666,-3.768456616666666,,
2024-06-06 11:30:00,-4.6062501000000005,-20.2586927,,
2024-06-06 12:00:00,-15.022828383333334,-32.02195123333333,,
2024-06-06 12:30:00,-25.596490616666667,-39.75758781666666,,
2024-06-06 13:00:00,-27.0656367,-31.4449516,,
2024-06-06 13:30:00,-18.02133063333333,-25.461015516666667,,
2024-06-06 14:00:00,-11.752106683333333,-16.239077733333332,,
2024-06-06 14:30:00,-3.1753578,-14.3351105,,
2024-06-06 15:00:00,-1.1864333500000006,-8.981729433333333,,
2024-06-06 15:30:00,2.9393833,2.3831079499999994,,
2024-06-06 16:00:00,13.696549266666665,10.073118316666664,,
2024-06-06 16:30:00,20.4012278,12.771471066666663,,
2024-06-06 17:00:00,19.342299983333334,17.776351116666664,,
2024-06-06 17:30:00,25.60581786666667,23.701137183333334,,
2024-06-06 18:00:00,36.3239783,39.044687116666665,,
2024-06-06 18:30:00,41.97972498333333,40.76902618333333,,
2024-06-06 19:00:00,43.938530883333335,45.833965,,
2024-06-06 19:30:00,46.86368051666667,58.46391561666667,,
2024-06-06 20:00:00,49.76706781666667,49.938965450000005,,
2024-06-06 20:30:00,46.70602768333333,50.73453596666667,,
2024-06-06 21:00:00,37.79425546666667,48.10945615,,
2024-06-06 21:30:00,43.34696711666667,41.3631328,,
2024-06-06 22:00:00,40.02047556666667,37.019467266666666,,
2024-06-06 22:30:00,36.441837666666665,35.88421268333333,,
2024-06-06 23:00:00,41.8042223,38.89699335,,
2024-06-06 23:30:00,33.65811431666666,38.349585133333335,,
2024-06-07 00:00:00,38.29262456666667,44.93123105,,
2024-06-07 00:30:00,35.25562836666666,37.4969606,,
2024-06-07 01:00:00,33.0991728,31.940099383333333,,
2024-06-07 01:30:00,28.456676716666667,27.702080116666668,,
2024-06-07 02:00:00,28.174814616666666,30.78632378333333,,
2024-06-07 02:30:00,29.51519155,36.5861266,,
2024-06-07 03:00:00,27.43712333333333,37.70177341666667,,
2024-06-07 03:30:00,30.00754945,31.1767439,,
2024-06-07 04:00:00,31.81743835,34.31488665,,
2024-06-07 04:30:00,31.797762233333334,32.56607333333333,,
2024-06-07 05:00:00,28.66921838333333,31.17007993333333,,
2024-06-07 05:30:00,26.824744433333336,31.9971446,,
2024-06-07 06:00:00,36.3300172,42.1184349,,
2024-06-07 06:30:00,42.41109673333333,40.4882223,,
2024-06-07 07:00:00,47.841449266666665,47.94113155,,
2024-06-07 07:30:00,46.26243713333333,54.49805610000001,,
2024-06-07 08:00:00,38.51494636666666,48.161784350000005,,
2024-06-07 08:30:00,28.1934279,43.21581841666667,,
2024-06-07 09:00:00,15.736584433333334,20.94024113333333,,
2024-06-07 09:30:00,6.078289016666666,14.818889983333332,,
2024-06-07 10:00:00,1.6390861,1.7302988499999994,,
2024-06-07 10:30:00,-7.432249,-7.415352666666666,,
2024-06-07 11:00:00,-14.752284916666666,-7.792301566666666,,
2024-06-07 11:30:00,-16.832128216666668,-4.6062501000000005,,
2024-06-07 12:00:00,-15.210047366666666,-15.022828383333334,,
2024-06-07 12:30:00,-23.570989033333333,-25.596490616666667,,
2024-06-07 13:00:00,-31.034258366666663,-27.0656367,,
2024-06-07 13:30:00,-28.480194316666665,-18.02133063333333,,
2024-06-07 14:00:00,-26.325517783333336,-11.752106683333333,,
2024-06-07 14:30:00,-9.97835105,-3.1753578,,
2024-06-07 15:00:00,-4.741690616666667,-1.1864333500000006,,
2024-06-07 15:30:00,-2.2069805500000004,2.9393833,,
2024-06-07 16:00:00,6.62888285,13.696549266666665,,
2024-06-07 16:30:00,13.256933316666666,20.4012278,,
2024-06-07 17:00:00,19.40804663333333,19.342299983333334,,
2024-06-07 17:30:00,25.4243511,25.60581786666667,,
2024-06-07 18:00:00,25.40830383333333,36.3239783,,
2024-06-07 18:30:00,29.064501133333334,41.97972498333333,,
2024-06-07 19:00:00,33.82703296666667,43.938530883333335,,
2024-06-07 19:30:00,36.79511178333333,46.86368051666667,,
2024-06-07 20:00:00,39.219364383333335,49.76706781666667,,
2024-06-07 20:30:00,37.07736991666667,46.70602768333333,,
2024-06-07 21:00:00,34.4028094,37.79425546666667,,
2024-06-07 21:30:00,32.619947716666665,43.34696711666667,,
2024-06-07 22:00:00,33.28884878333333,40.02047556666667,,
2024-06-07 22:30:00,35.81089451666667,36.441837666666665,,
2024-06-07 23:00:00,38.37860931666666,41.8042223,,
2024-06-07 23:30:00,32.710320483333334,33.65811431666666,,
2024-06-08 00:00:00,36.226593900000005,38.29262456666667,,
2024-06-08 00:30:00,38.72068006666667,35.25562836666666,,
2024-06-08 01:00:00,41.19776995,33.0991728,,
2024-06-08 01:30:00,38.030473916666665,28.456676716666667,,
2024-06-08 02:00:00,37.9545517,28.174814616666666,,
2024-06-08 02:30:00,40.78862273333333,29.51519155,,
2024-06-08 03:00:00,33.611073850000004,27.43712333333333,,
2024-06-08 03:30:00,30.67418615,30.00754945,,
2024-06-08 04:00:00,29.86139796666667,31.81743835,,
2024-06-08 04:30:00,30.81126383333333,31.797762233333334,,
2024-06-08 05:00:00,31.01748375,28.66921838333333,,
2024-06-08 05:30:00,33.60292846666667,26.824744433333336,,
2024-06-08 06:00:00,36.917234416666666,36.3300172,,
2024-06-08 06:30:00,40.06575011666667,42.41109673333333,,
2024-06-08 07:00:00,44.60461443333333,47.841449266666665,,
2024-06-08 07:30:00,49.01541663333333,46.26243713333333,,
2024-06-08 08:00:00,41.25050556666667,38.51494636666666,,
2024-06-08 08:30:00,31.70208273333333,28.1934279,,
2024-06-08 09:00:00,26.40212573333333,15.736584433333334,,
2024-06-08 09:30:00,7.862420666666668,6.078289016666666,,
2024-06-08 10:00:00,-4.740545016666667,1.6390861,,
2024-06-08 10:30:00,-12.686900766666668,-7.432249,,
2024-06-08 11:00:00,-21.57570935,-14.752284916666666,,
2024-06-08 11:30:00,-25.96657783333333,-16.832128216666668,,
2024-06-08 12:00:00,-34.711735600000004,-15.210047366666666,,
2024-06-08 12:30:00,-34.15346435,-23.570989033333333,,
2024-06-08 13:00:00,-45.26833163333333,-31.034258366666663,,
2024-06-08 13:30:00,-34.46695878333333,-28.480194316666665,,
2024-06-08 14:00:00,-36.99992898333333,-26.325517783333336,,
2024-06-08 14:30:00,-22.342647433333337,-9.97835105,,
2024-06-08 15:00:00,-5.918264433333333,-4.741690616666667,,
2024-06-08 15:30:00,-2.102055883333333,-2.2069805500000004,,
2024-06-08 16:00:00,11.162011716666669,6.62888285,,
2024-06-08 16:30:00,16.389366083333332,13.256933316666666,,
2024-06-08 17:00:00,21.485082816666665,19.40804663333333,,
2024-06-08 17:30:00,23.74744395,25.4243511,,
2024-06-08 18:00:00,25.900694400000003,25.40830383333333,,
2024-06-08 18:30:00,27.0274549,29.064501133333334,,
2024-06-08 19:00:00,35.88176955,33.82703296666667,,
2024-06-08 19:30:00,32.3366317,36.79511178333333,,
2024-06-08 20:00:00,32.89577176666667,39.219364383333335,,
2024-06-08 20:30:00,34.61139545,37.07736991666667,,
2024-06-08 21:00:00,36.31638385,34.4028094,,
2024-06-08 21:30:00,32.277752766666666,32.619947716666665,,
2024-06-08 22:00:00,29.66781828333333,33.28884878333333,,
2024-06-08 22:30:00,30.766744466666665,35.81089451666667,,
2024-06-08 23:00:00,36.5445033,38.37860931666666,,
2024-06-08 23:30:00,30.911318266666665,32.710320483333334,,
2024-06-09 00:00:00,32.2831788,36.226593900000005,,
2024-06-09 00:30:00,37.07367551666667,38.72068006666667,,
2024-06-09 01:00:00,30.526150466666667,41.19776995,,
2024-06-09 01:30:00,24.92274103333333,38.030473916666665,,
2024-06-09 02:00:00,23.1495757,37.9545517,,
2024-06-09 02:30:00,28.519738466666663,40.78862273333333,,
2024-06-09 03:00:00,24.59393051666667,33.611073850000004,,
2024-06-09 03:30:00,26.5080227,30.67418615,,
2024-06-09 04:00:00,27.3306378,29.86139796666667,,
2024-06-09 04:30:00,24.201026016666663,30.81126383333333,,
2024-06-09 05:00:00,26.81469543333333,31.01748375,,
2024-06-09 05:30:00,23.703538366666667,33.60292846666667,,
2024-06-09 06:00:00,32.1860156,36.917234416666666,,
2024-06-09 06:30:00,33.86840871666667,40.06575011666667,,
2024-06-09 07:00:00,36.49789651666666,44.60461443333333,,
2024-06-09 07:30:00,39.80363681666667,49.01541663333333,,
2024-06-09 08:00:00,34.78902875,41.25050556666667,,
2024-06-09 08:30:00,26.299413916666666,31.70208273333333,,
2024-06-09 09:00:00,17.026367233333332,26.40212573333333,,
2024-06-09 09:30:00,9.176533333333332,7.862420666666668,,
2024-06-09 10:00:00,-3.069488866666667,-4.740545016666667,,
2024-06-09 10:30:00,-12.2814811,-12.686900766666668,,
2024-06-09 11:00:00,-20.496888266666662,-21.57570935,,
2024-06-09 11:30:00,-34.84255713333334,-25.96657783333333,,
2024-06-09 12:00:00,-41.11687391666666,-34.711735600000004,,
2024-06-09 12:30:00,-50.39614331666667,-34.15346435,,
2024-06-09 13:00:00,-51.431009466666666,-45.26833163333333,,
2024-06-09 13:30:00,-52.45002948333333,-34.46695878333333,,
2024-06-09 14:00:00,-43.07233718333333,-36.99992898333333,,
2024-06-09 14:30:00,-36.45585621666667,-22.342647433333337,,
2024-06-09 15:00:00,-22.92888395,-5.918264433333333,,
2024-06-09 15:30:00,-10.72930725,-2.102055883333333,,
2024-06-09 16:00:00,0.6208783166666667,11.162011716666669,,
2024-06-09 16:30:00,4.65215485,16.389366083333332,,
2024-06-09 17:00:00,9.065918716666667,21.485082816666665,,
2024-06-09 17:30:00,23.3678401,23.74744395,,
2024-06-09 18:00:00,30.52345603333333,25.900694400000003,,
2024-06-09 18:30:00,29.945765583333337,27.0274549,,
2024-06-09 19:00:00,27.51739155,35.88176955,,
2024-06-09 19:30:00,31.43994783333333,32.3366317,,
2024-06-09 20:00:00,32.46527388333333,32.89577176666667,,
2024-06-09 20:30:00,38.10515431666666,34.61139545,,
2024-06-09 21:00:00,32.881192133333336,36.31638385,,
2024-06-09 21:30:00,34.52045998333333,32.277752766666666,,
2024-06-09 22:00:00,33.81267845,29.66781828333333,,
2024-06-09 22:30:00,30.85242335,30.766744466666665,,
2024-06-09 23:00:00,33.4575979,36.5445033,,
2024-06-09 23:30:00,33.583271616666664,30.911318266666665,,
2024-06-10 00:00:00,34.594592866666666,32.2831788,,
2024-06-10 00:30:00,32.447745516666664,37.07367551666667,,
2024-06-10 01:00:00,32.21645281666667,30.526150466666667,,
2024-06-10 01:30:00,28.088815983333333,24.92274103333333,,
2024-06-10 02:00:00,24.676490633333334,23.1495757,,
2024-06-10 02:30:00,28.26989106666667,28.519738466666663,,
2024-06-10 03:00:00,26.9381778,24.59393051666667,,
2024-06-10 03:30:00,24.576409916666663,26.5080227,,
2024-06-10 04:00:00,27.389386233333337,27.3306378,,
2024-06-10 04:30:00,27.836618283333333,24.201026016666663,,
2024-06-10 05:00:00,31.85078895,26.81469543333333,,
2024-06-10 05:30:00,34.000977799999994,23.703538366666667,,
2024-06-10 06:00:00,41.05323785,32.1860156,,
2024-06-10 06:30:00,36.16237161666667,33.86840871666667,,
2024-06-10 07:00:00,53.00726233333333,36.49789651666666,,
2024-06-10 07:30:00,51.155571216666665,39.80363681666667,,
2024-06-10 08:00:00,46.44430736666666,34.78902875,,
2024-06-10 08:30:00,38.12644835,26.299413916666666,,
2024-06-10 09:00:00,22.20147335,17.026367233333332,,
2024-06-10 09:30:00,7.63656945,9.176533333333332,,
2024-06-10 10:00:00,-0.2405641999999999,-3.069488866666667,,
2024-06-10 10:30:00,-15.009500083333334,-12.2814811,,
2024-06-10 11:00:00,-37.15366988333333,-20.496888266666662,,
2024-06-10 11:30:00,-49.60404003333334,-34.84255713333334,,
2024-06-10 12:00:00,-52.50118381666667,-41.11687391666666,,
2024-06-10 12:30:00,-56.95979558333334,-50.39614331666667,,
2024-06-10 13:00:00,-54.60871165,-51.431009466666666,,
2024-06-10 13:30:00,-53.312206116666665,-52.45002948333333,,
2024-06-10 14:00:00,-48.8211388,-43.07233718333333,,
2024-06-10 14:30:00,-33.99299,-36.45585621666667,,
2024-06-10 15:00:00,-21.978720050000003,-22.92888395,,
2024-06-10 15:30:00,-10.864627783333331,-10.72930725,,
2024-06-10 16:00:00,-0.0386582500000002,0.6208783166666667,,
2024-06-10 16:30:00,14.9410801,4.65215485,,
2024-06-10 17:00:00,26.615363833333333,9.065918716666667,,
2024-06-10 17:30:00,34.72926021666667,23.3678401,,
2024-06-10 18:00:00,30.95227593333333,30.52345603333333,,
2024-06-10 18:30:00,33.71859386666667,29.945765583333337,,
2024-06-10 19:00:00,38.138498383333335,27.51739155,,
2024-06-10 19:30:00,44.68677713333333,31.43994783333333,,
2024-06-10 20:00:00,46.67642001666667,32.46527388333333,,
2024-06-10 20:30:00,42.96613666666667,38.10515431666666,,
2024-06-10 21:00:00,50.95440666666667,32.881192133333336,,
2024-06-10 21:30:00,42.57636705,34.52045998333333,,
2024-06-10 22:00:00,38.38438276666667,33.81267845,,
2024-06-10 22:30:00,39.25643956666666,30.85242335,,
2024-06-10 23:00:00,32.876561083333335,33.4575979,,
2024-06-10 23:30:00,31.91503503333333,33.583271616666664,,
2024-06-11 00:00:00,33.57894936666667,34.594592866666666,,
2024-06-11 00:30:00,38.04836005,32.447745516666664,,
2024-06-11 01:00:00,32.537757199999994,32.21645281666667,,
2024-06-11 01:30:00,34.57578433333333,28.088815983333333,,
2024-06-11 02:00:00,33.25425675,24.676490633333334,,
2024-06-11 02:30:00,32.917920466666665,28.26989106666667,,
2024-06-11 03:00:00,30.245165983333333,26.9381778,,
2024-06-11 03:30:00,33.918252716666665,24.576409916666663,,
2024-06-11 04:00:00,35.11052123333334,27.389386233333337,,
2024-06-11 04:30:00,33.3706027,27.836618283333333,,
2024-06-11 05:00:00,35.78611848333333,31.85078895,,
2024-06-11 05:30:00,34.32664271666667,34.000977799999994,,
2024-06-11 06:00:00,30.3674232,41.05323785,,
2024-06-11 06:30:00,36.34257885,36.16237161666667,,
2024-06-11 07:00:00,51.12880785000001,53.00726233333333,,
2024-06-11 07:30:00,55.5542506,51.155571216666665,,
2024-06-11 08:00:00,51.25430333333333,46.44430736666666,,
2024-06-11 08:30:00,33.11525895,38.12644835,,
2024-06-11 09:00:00,34.681493816666666,22.20147335,,
2024-06-11 09:30:00,30.88074055,7.63656945,,
2024-06-11 10:00:00,19.988222216666667,-0.2405641999999999,,
2024-06-11 10:30:00,9.5523389,-15.009500083333334,,
2024-06-11 11:00:00,1.5629587666666656,-37.15366988333333,,
2024-06-11 11:30:00,0.7014659833333345,-49.60404003333334,,
2024-06-11 12:00:00,5.548160049999999,-52.50118381666667,,
2024-06-11 12:30:00,1.3122183333333333,-56.95979558333334,,
2024-06-11 13:00:00,-2.358397783333334,-54.60871165,,
2024-06-11 13:30:00,-0.7284155833333331,-53.312206116666665,,
2024-06-11 14:00:00,-9.875980533333331,-48.8211388,,
2024-06-11 14:30:00,-10.08410225,-33.99299,,
2024-06-11 15:00:00,6.033363866666666,-21.978720050000003,,
2024-06-11 15:30:00,7.1002077,-10.864627783333331,,
2024-06-11 16:00:00,6.35422165,-0.0386582500000002,,
2024-06-11 16:30:00,18.62810533333333,14.9410801,,
2024-06-11 17:00:00,28.5419938,26.615363833333333,,
2024-06-11 17:30:00,47.108504366666665,34.72926021666667,,
2024-06-11 18:00:00,48.49455988333333,30.95227593333333,,
2024-06-11 18:30:00,55.749185,33.71859386666667,,
2024-06-11 19:00:00,56.69537735,38.138498383333335,,
2024-06-11 19:30:00,50.86832275,44.68677713333333,,
2024-06-11 20:00:00,49.07805568333333,46.67642001666667,,
2024-06-11 20:30:00,50.52500495,42.96613666666667,,
2024-06-11 21:00:00,48.09847821666667,50.95440666666667,,
2024-06-11 21:30:00,44.41042706666666,42.57636705,,
2024-06-11 22:00:00,44.6462635,38.38438276666667,,
2024-06-11 22:30:00,31.730968333333333,39.25643956666666,,
2024-06-11 23:00:00,34.63338496666667,32.876561083333335,,
2024-06-11 23:30:00,39.21468278333333,31.91503503333333,,
2024-06-12 00:00:00,39.212625683333336,33.57894936666667,,
2024-06-12 00:30:00,36.527270666666666,38.04836005,,
2024-06-12 01:00:00,35.575900516666664,32.537757199999994,,
2024-06-12 01:30:00,31.39809603333333,34.57578433333333,,
2024-06-12 02:00:00,31.20676818333333,33.25425675,,
2024-06-12 02:30:00,40.2307501,32.917920466666665,,
2024-06-12 03:00:00,32.261058416666664,30.245165983333333,,
2024-06-12 03:30:00,34.96946111666667,33.918252716666665,,
2024-06-12 04:00:00,30.13221058333333,35.11052123333334,,
2024-06-12 04:30:00,33.87308551666667,33.3706027,,
2024-06-12 05:00:00,31.249647616666664,35.78611848333333,,
2024-06-12 05:30:00,34.13757061666667,34.32664271666667,,
2024-06-12 06:00:00,38.26389855,30.3674232,,
2024-06-12 06:30:00,37.84618486666667,36.34257885,,
2024-06-12 07:00:00,46.02631785,51.12880785000001,,
2024-06-12 07:30:00,47.583615,55.5542506,,
2024-06-12 08:00:00,45.14732936666667,51.25430333333333,,
2024-06-12 08:30:00,33.1784898,33.11525895,,
2024-06-12 09:00:00,18.4043696,34.681493816666666,,
2024-06-12 09:30:00,8.684091216666667,30.88074055,,
2024-06-12 10:00:00,-7.1529994666666665,19.988222216666667,,
2024-06-12 10:30:00,-14.765654416666663,9.5523389,,
2024-06-12 11:00:00,-33.827009583333336,1.5629587666666656,,
2024-06-12 11:30:00,-36.12878281666666,0.7014659833333345,,
2024-06-12 12:00:00,-38.8119323,5.548160049999999,,
2024-06-12 12:30:00,-45.27056673333334,1.3122183333333333,,
2024-06-12 13:00:00,-58.00309331666667,-2.358397783333334,,
2024-06-12 13:30:00,-59.926191683333336,-0.7284155833333331,,
2024-06-12 14:00:00,-53.92741986666667,-9.875980533333331,,
2024-06-12 14:30:00,-32.22036943333333,-10.08410225,,
2024-06-12 15:00:00,-23.669907766666668,6.033363866666666,,
2024-06-12 15:30:00,-4.395789983333333,7.1002077,,
2024-06-12 16:00:00,1.357292233333333,6.35422165,,
2024-06-12 16:30:00,10.556047233333333,18.62810533333333,,
2024-06-12 17:00:00,26.96651721666667,28.5419938,,
2024-06-12 17:30:00,24.45689563333333,47.108504366666665,,
2024-06-12 18:00:00,47.76875446666667,48.49455988333333,,
2024-06-12 18:30:00,47.610635,55.749185,,
2024-06-12 19:00:00,54.865705600000005,56.69537735,,
2024-06-12 19:30:00,48.20544841666666,50.86832275,,
2024-06-12 20:00:00,53.6873761,49.07805568333333,,
2024-06-12 20:30:00,45.53962785,50.52500495,,
2024-06-12 21:00:00,42.24747445,48.09847821666667,,
2024-06-12 21:30:00,47.281228783333326,44.41042706666666,,
2024-06-12 22:00:00,37.55303518333333,44.6462635,,
2024-06-12 22:30:00,29.68975945,31.730968333333333,,
2024-06-12 23:00:00,29.68430285,34.63338496666667,,
2024-06-12 23:30:00,35.35631535,39.21468278333333,,
2024-06-13 00:00:00,39.69538563333334,39.212625683333336,,
2024-06-13 00:30:00,35.91871261666667,36.527270666666666,,
2024-06-13 01:00:00,33.031583266666665,35.575900516666664,,
2024-06-13 01:30:00,32.968475516666665,31.39809603333333,,
2024-06-13 02:00:00,35.630841733333334,31.20676818333333,,
2024-06-13 02:30:00,33.9575851,40.2307501,,
2024-06-13 03:00:00,28.39998328333333,32.261058416666664,,
2024-06-13 03:30:00,31.118646066666667,34.96946111666667,,
2024-06-13 04:00:00,35.81542116666667,30.13221058333333,,
2024-06-13 04:30:00,31.933835416666668,33.87308551666667,,
2024-06-13 05:00:00,37.31707993333333,31.249647616666664,,
2024-06-13 05:30:00,35.79627505,34.13757061666667,,
2024-06-13 06:00:00,39.68918705,38.26389855,,
2024-06-13 06:30:00,39.67275826666667,37.84618486666667,,
2024-06-13 07:00:00,42.61808056666666,46.02631785,,
2024-06-13 07:30:00,43.62481111666667,47.583615,,
2024-06-13 08:00:00,42.86612506666666,45.14732936666667,,
2024-06-13 08:30:00,31.30890228333333,33.1784898,,
2024-06-13 09:00:00,30.026880533333337,18.4043696,,
2024-06-13 09:30:00,31.68339201666667,8.684091216666667,,
2024-06-13 10:00:00,15.096823333333331,-7.1529994666666665,,
2024-06-13 10:30:00,3.5697354666666663,-14.765654416666663,,
2024-06-13 11:00:00,-9.5460539,-33.827009583333336,,
2024-06-13 11:30:00,-19.247813933333333,-36.12878281666666,,
2024-06-13 12:00:00,-17.246167716666665,-38.8119323,,
2024-06-13 12:30:00,-25.795452816666668,-45.27056673333334,,
2024-06-13 13:00:00,-10.951655716666666,-58.00309331666667,,
2024-06-13 13:30:00,-3.94715955,-59.926191683333336,,
2024-06-13 14:00:00,-4.311213983333333,-53.92741986666667,,
2024-06-13 14:30:00,-2.3760710999999994,-32.22036943333333,,
2024-06-13 15:00:00,-7.01415725,-23.669907766666668,,
2024-06-13 15:30:00,-3.254939483333333,-4.395789983333333,,
2024-06-13 16:00:00,1.53489,1.357292233333333,,
2024-06-13 16:30:00,21.046670533333334,10.556047233333333,,
2024-06-13 17:00:00,26.153539,26.96651721666667,,
2024-06-13 17:30:00,35.519582783333334,24.45689563333333,,
2024-06-13 18:00:00,47.19220285,47.76875446666667,,
2024-06-13 18:30:00,62.2120512,47.610635,,
2024-06-13 19:00:00,66.17591458333334,54.865705600000005,,
2024-06-13 19:30:00,60.498848116666665,48.20544841666666,,
2024-06-13 20:00:00,55.8531615,53.6873761,,
2024-06-13 20:30:00,48.40169608333333,45.53962785,,
2024-06-13 21:00:00,55.130998883333326,42.24747445,,
2024-06-13 21:30:00,56.53415775,47.281228783333326,,
2024-06-13 22:00:00,45.4216905,37.55303518333333,,
2024-06-13 22:30:00,47.16233378333334,29.68975945,,
2024-06-13 23:00:00,51.51529335,29.68430285,,
2024-06-13 23:30:00,48.52565655,35.35631535,,
2024-06-14 00:00:00,49.49865555,39.69538563333334,,
2024-06-14 00:30:00,51.66639621666667,35.91871261666667,,
2024-06-14 01:00:00,41.899999916666665,33.031583266666665,,
2024-06-14 01:30:00,30.46415718333333,32.968475516666665,,
2024-06-14 02:00:00,32.79640708333333,35.630841733333334,,
2024-06-14 02:30:00,42.16616893333333,33.9575851,,
2024-06-14 03:00:00,36.61909441666666,28.39998328333333,,
2024-06-14 03:30:00,33.112460033333335,31.118646066666667,,
2024-06-14 04:00:00,32.8296982,35.81542116666667,,
2024-06-14 04:30:00,31.177483299999995,31.933835416666668,,
2024-06-14 05:00:00,29.6222061,37.31707993333333,,
2024-06-14 05:30:00,33.918599183333335,35.79627505,,
2024-06-14 06:00:00,35.043947816666666,39.68918705,,
2024-06-14 06:30:00,39.86608218333333,39.67275826666667,,
2024-06-14 07:00:00,45.576916716666666,42.61808056666666,,
2024-06-14 07:30:00,45.29261735,43.62481111666667,,
2024-06-14 08:00:00,45.244776050000006,42.86612506666666,,
2024-06-14 08:30:00,34.132952816666666,31.30890228333333,,
2024-06-14 09:00:00,21.20697505,30.026880533333337,,
2024-06-14 09:30:00,6.4896256,31.68339201666667,,
2024-06-14 10:00:00,6.331083283333332,15.096823333333331,,
2024-06-14 10:30:00,-3.764791299999999,3.5697354666666663,,
2024-06-14 11:00:00,-9.0575899,-9.5460539,,
2024-06-14 11:30:00,-12.186153249999998,-19.247813933333333,,
2024-06-14 12:00:00,-7.315216716666666,-17.246167716666665,,
2024-06-14 12:30:00,-7.197898816666668,-25.795452816666668,,
2024-06-14 13:00:00,-3.870786566666666,-10.951655716666666,,
2024-06-14 13:30:00,-8.484975516666667,-3.94715955,,
2024-06-14 14:00:00,-4.094519450000001,-4.311213983333333,,
2024-06-14 14:30:00,13.013454599999998,-2.3760710999999994,,
2024-06-14 15:00:00,17.245038833333336,-7.01415725,,
2024-06-14 15:30:00,22.02891053333333,-3.254939483333333,,
2024-06-14 16:00:00,26.72654778333333,1.53489,,
2024-06-14 16:30:00,32.8482606,21.046670533333334,,
2024-06-14 17:00:00,35.20213163333333,26.153539,,
2024-06-14 17:30:00,36.60910065,35.519582783333334,,
2024-06-14 18:00:00,32.95416006666667,47.19220285,,
2024-06-14 18:30:00,32.60681063333333,62.2120512,,
2024-06-14 19:00:00,42.37885503333333,66.17591458333334,,
2024-06-14 19:30:00,49.543817716666666,60.498848116666665,,
2024-06-14 20:00:00,57.12987225,55.8531615,,
2024-06-14 20:30:00,48.91174788333333,48.40169608333333,,
2024-06-14 21:00:00,42.0244523,55.130998883333326,,
2024-06-14 21:30:00,44.164069866666665,56.53415775,,
2024-06-14 22:00:00,51.8844605,45.4216905,,
2024-06-14 22:30:00,43.49698548333333,47.16233378333334,,
2024-06-14 23:00:00,34.357790466666664,51.51529335,,
2024-06-14 23:30:00,35.53094013333333,48.52565655,,
2024-06-15 00:00:00,35.51438568333333,49.49865555,,
2024-06-15 00:30:00,46.44944668333333,51.66639621666667,,
2024-06-15 01:00:00,40.91864771666667,41.899999916666665,,
2024-06-15 01:30:00,33.224375583333334,30.46415718333333,,
2024-06-15 02:00:00,37.68711501666667,32.79640708333333,,
2024-06-15 02:30:00,40.612585,42.16616893333333,,
2024-06-15 03:00:00,26.65814958333333,36.61909441666666,,
2024-06-15 03:30:00,27.7208445,33.112460033333335,,
2024-06-15 04:00:00,30.266641566666667,32.8296982,,
2024-06-15 04:30:00,31.02004493333333,31.177483299999995,,
2024-06-15 05:00:00,28.37010718333333,29.6222061,,
2024-06-15 05:30:00,30.71294388333333,33.918599183333335,,
2024-06-15 06:00:00,34.23818236666667,35.043947816666666,,
2024-06-15 06:30:00,37.07987658333334,39.86608218333333,,
2024-06-15 07:00:00,39.44232383333333,45.576916716666666,,
2024-06-15 07:30:00,38.43595501666667,45.29261735,,
2024-06-15 08:00:00,34.278143666666665,45.244776050000006,,
2024-06-15 08:30:00,24.332933466666663,34.132952816666666,,
2024-06-15 09:00:00,22.32776885,21.20697505,,
2024-06-15 09:30:00,15.892016033333334,6.4896256,,
2024-06-15 10:00:00,5.004941666666666,6.331083283333332,,
2024-06-15 10:30:00,1.840995483333333,-3.764791299999999,,
2024-06-15 11:00:00,-16.29252225,-9.0575899,,
2024-06-15 11:30:00,-17.63392,-12.186153249999998,,
2024-06-15 12:00:00,-20.540092166666668,-7.315216716666666,,
2024-06-15 12:30:00,-33.45871793333333,-7.197898816666668,,
2024-06-15 13:00:00,-26.405259966666662,-3.870786566666666,,
2024-06-15 13:30:00,-23.80070111666667,-8.484975516666667,,
2024-06-15 14:00:00,-13.411220583333332,-4.094519450000001,,
2024-06-15 14:30:00,-4.8505037333333325,13.013454599999998,,
2024-06-15 15:00:00,11.475744316666663,17.245038833333336,,
2024-06-15 15:30:00,11.807520733333334,22.02891053333333,,
2024-06-15 16:00:00,24.369426066666666,26.72654778333333,,
2024-06-15 16:30:00,42.43889958333333,32.8482606,,
2024-06-15 17:00:00,47.92893463333333,35.20213163333333,,
2024-06-15 17:30:00,59.262453916666665,36.60910065,,
2024-06-15 18:00:00,68.44644501666666,32.95416006666667,,
2024-06-15 18:30:00,61.15908626666666,32.60681063333333,,
2024-06-15 19:00:00,53.99755298333333,42.37885503333333,,
2024-06-15 19:30:00,52.03402593333333,49.543817716666666,,
2024-06-15 20:00:00,50.88791488333334,57.12987225,,
2024-06-15 20:30:00,48.27857576666667,48.91174788333333,,
2024-06-15 21:00:00,42.87795491666666,42.0244523,,
2024-06-15 21:30:00,48.68808671666667,44.164069866666665,,
2024-06-15 22:00:00,48.71767666666667,51.8844605,,
2024-06-15 22:30:00,48.5009756,43.49698548333333,,
2024-06-15 23:00:00,44.622186150000005,34.357790466666664,,
2024-06-15 23:30:00,43.04255495,35.53094013333333,,
2024-06-16 00:00:00,40.52423391666667,35.51438568333333,,
2024-06-16 00:30:00,39.19847893333333,46.44944668333333,,
2024-06-16 01:00:00,36.09344105,40.91864771666667,,
2024-06-16 01:30:00,35.23704446666667,33.224375583333334,,
2024-06-16 02:00:00,36.20653451666667,37.68711501666667,,
2024-06-16 02:30:00,41.6207432,40.612585,,
2024-06-16 03:00:00,32.47950121666667,26.65814958333333,,
2024-06-16 03:30:00,31.495787133333334,27.7208445,,
2024-06-16 04:00:00,34.2677645,30.266641566666667,,
2024-06-16 04:30:00,33.83076921666667,31.02004493333333,,
2024-06-16 05:00:00,32.63129158333333,28.37010718333333,,
2024-06-16 05:30:00,35.66728681666667,30.71294388333333,,
2024-06-16 06:00:00,47.02130508333334,34.23818236666667,,
2024-06-16 06:30:00,54.86985825,37.07987658333334,,
2024-06-16 07:00:00,51.71209976666668,39.44232383333333,,
2024-06-16 07:30:00,49.44533616666666,38.43595501666667,,
2024-06-16 08:00:00,41.60753888333333,34.278143666666665,,
2024-06-16 08:30:00,37.88659941666667,24.332933466666663,,
2024-06-16 09:00:00,29.23863103333333,22.32776885,,
2024-06-16 09:30:00,10.561427233333331,15.892016033333334,,
2024-06-16 10:00:00,-5.285104366666666,5.004941666666666,,
2024-06-16 10:30:00,-13.511870566666667,1.840995483333333,,
2024-06-16 11:00:00,-18.68765823333333,-16.29252225,,
2024-06-16 11:30:00,-44.61578443333334,-17.63392,,
2024-06-16 12:00:00,-51.7400644,-20.540092166666668,,
2024-06-16 12:30:00,-65.18157216666667,-33.45871793333333,,
2024-06-16 13:00:00,-64.82917605,-26.405259966666662,,
2024-06-16 13:30:00,-63.80217836666666,-23.80070111666667,,
2024-06-16 14:00:00,-51.06819228333333,-13.411220583333332,,
2024-06-16 14:30:00,-45.28695390000001,-4.8505037333333325,,
2024-06-16 15:00:00,-24.656671766666665,11.475744316666663,,
2024-06-16 15:30:00,-12.373949316666666,11.807520733333334,,
2024-06-16 16:00:00,1.9807588666666671,24.369426066666666,,
2024-06-16 16:30:00,8.835952816666667,42.43889958333333,,
2024-06-16 17:00:00,19.9516094,47.92893463333333,,
2024-06-16 17:30:00,25.023147233333333,59.262453916666665,,
2024-06-16 18:00:00,32.01204551666667,68.44644501666666,,
2024-06-16 18:30:00,40.1473585,61.15908626666666,,
2024-06-16 19:00:00,46.8462339,53.99755298333333,,
2024-06-16 19:30:00,43.35137101666667,52.03402593333333,,
2024-06-16 20:00:00,48.49914605,50.88791488333334,,
2024-06-16 20:30:00,53.4959528,48.27857576666667,,
2024-06-16 21:00:00,46.168032833333335,42.87795491666666,,
2024-06-16 21:30:00,43.62842605,48.68808671666667,,
2024-06-16 22:00:00,41.168902800000005,48.71767666666667,,
2024-06-16 22:30:00,39.675749450000005,48.5009756,,
2024-06-16 23:00:00,37.9875878,44.622186150000005,,
2024-06-16 23:30:00,37.456494,43.04255495,,
2024-06-17 00:00:00,40.96339991666667,40.52423391666667,,
2024-06-17 00:30:00,36.95743445,39.19847893333333,,
2024-06-17 01:00:00,36.2584927,36.09344105,,
2024-06-17 01:30:00,31.824994516666663,35.23704446666667,,
2024-06-17 02:00:00,35.865703950000004,36.20653451666667,,
2024-06-17 02:30:00,38.05725718333333,41.6207432,,
2024-06-17 03:00:00,33.888320033333336,32.47950121666667,,
2024-06-17 03:30:00,34.4823729,31.495787133333334,,
2024-06-17 04:00:00,33.21087895,34.2677645,,
2024-06-17 04:30:00,34.439578266666665,33.83076921666667,,
2024-06-17 05:00:00,34.03265891666666,32.63129158333333,,
2024-06-17 05:30:00,37.38389893333333,35.66728681666667,,
2024-06-17 06:00:00,39.827644516666666,47.02130508333334,,
2024-06-17 06:30:00,43.311956683333335,54.86985825,,
2024-06-17 07:00:00,54.88743946666667,51.71209976666668,,
2024-06-17 07:30:00,62.652829483333335,49.44533616666666,,
2024-06-17 08:00:00,52.37750068333333,41.60753888333333,,
2024-06-17 08:30:00,41.9685243,37.88659941666667,,
2024-06-17 09:00:00,27.662988366666667,29.23863103333333,,
2024-06-17 09:30:00,12.183879416666668,10.561427233333331,,
2024-06-17 10:00:00,-4.872272233333334,-5.285104366666666,,
2024-06-17 10:30:00,-17.670071616666668,-13.511870566666667,,
2024-06-17 11:00:00,-22.441033166666667,-18.68765823333333,,
2024-06-17 11:30:00,-25.46710368333333,-44.61578443333334,,
2024-06-17 12:00:00,-42.14705073333334,-51.7400644,,
2024-06-17 12:30:00,-45.75980483333333,-65.18157216666667,,
2024-06-17 13:00:00,-48.98646780000001,-64.82917605,,
2024-06-17 13:30:00,-58.18751066666667,-63.80217836666666,,
2024-06-17 14:00:00,-40.23470215,-51.06819228333333,,
2024-06-17 14:30:00,-18.98728898333333,-45.28695390000001,,
2024-06-17 15:00:00,-10.22033235,-24.656671766666665,,
2024-06-17 15:30:00,0.9386939000000002,-12.373949316666666,,
2024-06-17 16:00:00,16.79955895,1.9807588666666671,,
2024-06-17 16:30:00,25.93588843333333,8.835952816666667,,
2024-06-17 17:00:00,30.80777965,19.9516094,,
2024-06-17 17:30:00,35.46095341666666,25.023147233333333,,
2024-06-17 18:00:00,44.08104613333333,32.01204551666667,,
2024-06-17 18:30:00,56.24201391666667,40.1473585,,
2024-06-17 19:00:00,55.14683601666667,46.8462339,,
2024-06-17 19:30:00,55.650043333333336,43.35137101666667,,
2024-06-17 20:00:00,60.71906611666666,48.49914605,,
2024-06-17 20:30:00,57.59872721666667,53.4959528,,
2024-06-17 21:00:00,38.96590715,46.168032833333335,,
2024-06-17 21:30:00,41.498304,43.62842605,,
2024-06-17 22:00:00,42.71619726666666,41.168902800000005,,
2024-06-17 22:30:00,35.4391483,39.675749450000005,,
2024-06-17 23:00:00,33.63427225,37.9875878,,
2024-06-17 23:30:00,37.28329551666667,37.456494,,
2024-06-18 00:00:00,39.070294350000005,40.96339991666667,,
2024-06-18 00:30:00,39.2850533,36.95743445,,
2024-06-18 01:00:00,38.0724123,36.2584927,,
2024-06-18 01:30:00,37.31627891666667,31.824994516666663,,
2024-06-18 02:00:00,36.456620050000005,35.865703950000004,,
2024-06-18 02:30:00,37.54683935,38.05725718333333,,
2024-06-18 03:00:00,35.443026100000004,33.888320033333336,,
2024-06-18 03:30:00,37.096646066666665,34.4823729,,
2024-06-18 04:00:00,40.67828123333334,33.21087895,,
2024-06-18 04:30:00,42.21540995,34.439578266666665,,
2024-06-18 05:00:00,39.53636111666666,34.03265891666666,,
2024-06-18 05:30:00,41.08685783333333,37.38389893333333,,
2024-06-18 06:00:00,40.83682683333333,39.827644516666666,,
2024-06-18 06:30:00,55.167848850000006,43.311956683333335,,
2024-06-18 07:00:00,56.56901103333333,54.88743946666667,,
2024-06-18 07:30:00,59.58289453333333,62.652829483333335,,
2024-06-18 08:00:00,58.58307775,52.37750068333333,,
2024-06-18 08:30:00,41.74232703333333,41.9685243,,
2024-06-18 09:00:00,32.43327708333333,27.662988366666667,,
2024-06-18 09:30:00,24.08756545,12.183879416666668,,
2024-06-18 10:00:00,2.3311133,-4.872272233333334,,
2024-06-18 10:30:00,-15.334452216666667,-17.670071616666668,,
2024-06-18 11:00:00,-30.33384728333333,-22.441033166666667,,
2024-06-18 11:30:00,-41.00891156666666,-25.46710368333333,,
2024-06-18 12:00:00,-47.80455605,-42.14705073333334,,
2024-06-18 12:30:00,-48.265777066666665,-45.75980483333333,,
2024-06-18 13:00:00,-38.46558438333333,-48.98646780000001,,
2024-06-18 13:30:00,-45.831206083333335,-58.18751066666667,,
2024-06-18 14:00:00,-40.012928683333335,-40.23470215,,
2024-06-18 14:30:00,-33.650259383333335,-18.98728898333333,,
2024-06-18 15:00:00,-19.07482455,-10.22033235,,
2024-06-18 15:30:00,1.9872584166666676,0.9386939000000002,,
2024-06-18 16:00:00,11.655220050000002,16.79955895,,
2024-06-18 16:30:00,16.74424475,25.93588843333333,,
2024-06-18 17:00:00,25.80827263333333,30.80777965,,
2024-06-18 17:30:00,23.972194466666668,35.46095341666666,,
2024-06-18 18:00:00,44.96570115,44.08104613333333,,
2024-06-18 18:30:00,45.2379805,56.24201391666667,,
2024-06-18 19:00:00,47.130467466666666,55.14683601666667,,
2024-06-18 19:30:00,49.94660843333333,55.650043333333336,,
2024-06-18 20:00:00,48.86363158333333,60.71906611666666,,
2024-06-18 20:30:00,43.31027215,57.59872721666667,,
2024-06-18 21:00:00,45.28095445,38.96590715,,
2024-06-18 21:30:00,51.03010724999999,41.498304,,
2024-06-18 22:00:00,60.69068318333333,42.71619726666666,,
2024-06-18 22:30:00,52.79527548333333,35.4391483,,
2024-06-18 23:00:00,43.63762953333333,33.63427225,,
2024-06-18 23:30:00,37.86135656666666,37.28329551666667,,
2024-06-19 00:00:00,44.56589731666667,39.070294350000005,,
2024-06-19 00:30:00,43.17153508333333,39.2850533,,
2024-06-19 01:00:00,38.499401166666665,38.0724123,,
2024-06-19 01:30:00,41.8267561,37.31627891666667,,
2024-06-19 02:00:00,39.05323005,36.456620050000005,,
2024-06-19 02:30:00,43.91570831666667,37.54683935,,
2024-06-19 03:00:00,34.15728828333334,35.443026100000004,,
2024-06-19 03:30:00,33.91262615,37.096646066666665,,
2024-06-19 04:00:00,35.28642115,40.67828123333334,,
2024-06-19 04:30:00,34.95491375,42.21540995,,
2024-06-19 05:00:00,35.96001991666667,39.53636111666666,,
2024-06-19 05:30:00,39.3597293,41.08685783333333,,
2024-06-19 06:00:00,36.71539283333333,40.83682683333333,,
2024-06-19 06:30:00,41.06276833333333,55.167848850000006,,
2024-06-19 07:00:00,52.3041973,56.56901103333333,,
2024-06-19 07:30:00,58.41347993333333,59.58289453333333,,
2024-06-19 08:00:00,59.37913111666666,58.58307775,,
2024-06-19 08:30:00,54.37426155,41.74232703333333,,
2024-06-19 09:00:00,42.18561546666667,32.43327708333333,,
2024-06-19 09:30:00,30.72175556666667,24.08756545,,
2024-06-19 10:00:00,8.419081716666666,2.3311133,,
2024-06-19 10:30:00,-14.407564549999998,-15.334452216666667,,
2024-06-19 11:00:00,-29.83585785,-30.33384728333333,,
2024-06-19 11:30:00,-42.11406723333334,-41.00891156666666,,
2024-06-19 12:00:00,-52.40726171666666,-47.80455605,,
2024-06-19 12:30:00,-57.90322433333333,-48.265777066666665,,
2024-06-19 13:00:00,-66.18641050000001,-38.46558438333333,,
2024-06-19 13:30:00,-63.16350441666666,-45.831206083333335,,
2024-06-19 14:00:00,-55.97782435,-40.012928683333335,,
2024-06-19 14:30:00,-31.498528266666664,-33.650259383333335,,
2024-06-19 15:00:00,-13.179613333333334,-19.07482455,,
2024-06-19 15:30:00,-8.921397233333334,1.9872584166666676,,
2024-06-19 16:00:00,1.7482416166666663,11.655220050000002,,
2024-06-19 16:30:00,14.59409065,16.74424475,,
2024-06-19 17:00:00,28.673857150000003,25.80827263333333,,
2024-06-19 17:30:00,36.73627843333333,23.972194466666668,,
2024-06-19 18:00:00,44.7145872,44.96570115,,
2024-06-19 18:30:00,57.62615541666667,45.2379805,,
2024-06-19 19:00:00,54.18670393333333,47.130467466666666,,
2024-06-19 19:30:00,60.52860665,49.94660843333333,,
2024-06-19 20:00:00,62.52133061666666,48.86363158333333,,
2024-06-19 20:30:00,58.33095326666668,43.31027215,,
2024-06-19 21:00:00,49.34416945,45.28095445,,
2024-06-19 21:30:00,48.20329056666666,51.03010724999999,,
2024-06-19 22:00:00,42.585648283333335,60.69068318333333,,
2024-06-19 22:30:00,43.11491166666667,52.79527548333333,,
2024-06-19 23:00:00,42.55861115,43.63762953333333,,
2024-06-19 23:30:00,44.57441055,37.86135656666666,,
2024-06-20 00:00:00,48.27180895,44.56589731666667,,
2024-06-20 00:30:00,46.06202335,43.17153508333333,,
2024-06-20 01:00:00,49.77337053333333,38.499401166666665,,
2024-06-20 01:30:00,40.807642566666665,41.8267561,,
2024-06-20 02:00:00,39.59068508333333,39.05323005,,
2024-06-20 02:30:00,43.46163901666667,43.91570831666667,,
2024-06-20 03:00:00,39.12309211666667,34.15728828333334,,
2024-06-20 03:30:00,32.911672833333334,33.91262615,,
2024-06-20 04:00:00,37.31707673333333,35.28642115,,
2024-06-20 04:30:00,35.25447931666667,34.95491375,,
2024-06-20 05:00:00,35.702157783333334,35.96001991666667,,
2024-06-20 05:30:00,35.87410333333333,39.3597293,,
2024-06-20 06:00:00,38.865386183333335,36.71539283333333,,
2024-06-20 06:30:00,41.82709606666666,41.06276833333333,,
2024-06-20 07:00:00,52.29356393333333,52.3041973,,
2024-06-20 07:30:00,57.01285333333333,58.41347993333333,,
2024-06-20 08:00:00,55.43267293333333,59.37913111666666,,
2024-06-20 08:30:00,41.4733684,54.37426155,,
2024-06-20 09:00:00,47.95620616666667,42.18561546666667,,
2024-06-20 09:30:00,31.974273933333336,30.72175556666667,,
2024-06-20 10:00:00,14.425156783333334,8.419081716666666,,
2024-06-20 10:30:00,20.486439866666668,-14.407564549999998,,
2024-06-20 11:00:00,-6.896532866666665,-29.83585785,,
2024-06-20 11:30:00,-14.178514400000005,-42.11406723333334,,
2024-06-20 12:00:00,-24.87559548333333,-52.40726171666666,,
2024-06-20 12:30:00,-25.06755948333333,-57.90322433333333,,
2024-06-20 13:00:00,-36.30418275,-66.18641050000001,,
2024-06-20 13:30:00,-28.32596845,-63.16350441666666,,
2024-06-20 14:00:00,-36.9904244,-55.97782435,,
2024-06-20 14:30:00,-25.1867145,-31.498528266666664,,
2024-06-20 15:00:00,-24.003002566666662,-13.179613333333334,,
2024-06-20 15:30:00,-4.173612783333334,-8.921397233333334,,
2024-06-20 16:00:00,7.115447283333332,1.7482416166666663,,
2024-06-20 16:30:00,14.246453883333333,14.59409065,,
2024-06-20 17:00:00,25.918161783333336,28.673857150000003,,
2024-06-20 17:30:00,22.2810084,36.73627843333333,,
2024-06-20 18:00:00,33.60088175,44.7145872,,
2024-06-20 18:30:00,42.22041101666667,57.62615541666667,,
2024-06-20 19:00:00,58.31613013333333,54.18670393333333,,
2024-06-20 19:30:00,53.52422895,60.52860665,,
2024-06-20 20:00:00,53.79285393333333,62.52133061666666,,
2024-06-20 20:30:00,54.80842338333333,58.33095326666668,,
2024-06-20 21:00:00,47.53276553333333,49.34416945,,
2024-06-20 21:30:00,48.20786716666667,48.20329056666666,,
2024-06-20 22:00:00,43.89391115,42.585648283333335,,
2024-06-20 22:30:00,40.995171133333336,43.11491166666667,,
2024-06-20 23:00:00,43.67229401666666,42.55861115,,
2024-06-20 23:30:00,36.71851323333333,44.57441055,,
2024-06-21 00:00:00,41.72781565,48.27180895,,
2024-06-21 00:30:00,41.517581,46.06202335,,
2024-06-21 01:00:00,39.561135416666666,49.77337053333333,,
2024-06-21 01:30:00,41.21685096666667,40.807642566666665,,
2024-06-21 02:00:00,37.15378008333334,39.59068508333333,,
2024-06-21 02:30:00,32.53937925,43.46163901666667,,
2024-06-21 03:00:00,32.200188966666666,39.12309211666667,,
2024-06-21 03:30:00,29.27090158333333,32.911672833333334,,
2024-06-21 04:00:00,29.213906166666664,37.31707673333333,,
2024-06-21 04:30:00,33.908566150000006,35.25447931666667,,
2024-06-21 05:00:00,34.115778166666665,35.702157783333334,,
2024-06-21 05:30:00,30.40074725,35.87410333333333,,
2024-06-21 06:00:00,34.858577233333335,38.865386183333335,,
2024-06-21 06:30:00,51.4525262,41.82709606666666,,
2024-06-21 07:00:00,59.36542545,52.29356393333333,,
2024-06-21 07:30:00,59.12469681666666,57.01285333333333,,
2024-06-21 08:00:00,51.819322150000005,55.43267293333333,,
2024-06-21 08:30:00,44.78573225,41.4733684,,
2024-06-21 09:00:00,33.99962283333333,47.95620616666667,,
2024-06-21 09:30:00,18.491265066666667,31.974273933333336,,
2024-06-21 10:00:00,7.365372316666666,14.425156783333334,,
2024-06-21 10:30:00,-6.562124516666667,20.486439866666668,,
2024-06-21 11:00:00,-14.160460633333336,-6.896532866666665,,
2024-06-21 11:30:00,-30.225133966666665,-14.178514400000005,,
2024-06-21 12:00:00,-51.98101835,-24.87559548333333,,
2024-06-21 12:30:00,-51.793624566666665,-25.06755948333333,,
2024-06-21 13:00:00,-35.2903604,-36.30418275,,
2024-06-21 13:30:00,-21.8137522,-28.32596845,,
2024-06-21 14:00:00,-23.454906033333334,-36.9904244,,
2024-06-21 14:30:00,-22.23353223333333,-25.1867145,,
2024-06-21 15:00:00,-9.437851116666666,-24.003002566666662,,
2024-06-21 15:30:00,3.73587105,-4.173612783333334,,
2024-06-21 16:00:00,12.281116666666668,7.115447283333332,,
2024-06-21 16:30:00,19.297909366666666,14.246453883333333,,
2024-06-21 17:00:00,25.76371783333333,25.918161783333336,,
2024-06-21 17:30:00,30.289532816666668,22.2810084,,
2024-06-21 18:00:00,36.27192158333333,33.60088175,,
2024-06-21 18:30:00,43.493557933333335,42.22041101666667,,
2024-06-21 19:00:00,52.54343213333333,58.31613013333333,,
2024-06-21 19:30:00,44.72226296666667,53.52422895,,
2024-06-21 20:00:00,39.1182877,53.79285393333333,,
2024-06-21 20:30:00,39.860131083333336,54.80842338333333,,
2024-06-21 21:00:00,43.18129376666667,47.53276553333333,,
2024-06-21 21:30:00,40.8878467,48.20786716666667,,
2024-06-21 22:00:00,42.13458893333333,43.89391115,,
2024-06-21 22:30:00,41.86584873333333,40.995171133333336,,
2024-06-21 23:00:00,38.383023433333335,43.67229401666666,,
2024-06-21 23:30:00,36.86833001666667,36.71851323333333,,
2024-06-22 00:00:00,37.51495208333333,41.72781565,,
2024-06-22 00:30:00,40.84811943333333,41.517581,,
2024-06-22 01:00:00,41.569505,39.561135416666666,,
2024-06-22 01:30:00,41.97318548333333,41.21685096666667,,
2024-06-22 02:00:00,35.06370701666666,37.15378008333334,,
2024-06-22 02:30:00,38.93752151666666,32.53937925,,
2024-06-22 03:00:00,37.96152985,32.200188966666666,,
2024-06-22 03:30:00,34.61515108333334,29.27090158333333,,
2024-06-22 04:00:00,29.80886666666667,29.213906166666664,,
2024-06-22 04:30:00,29.771649416666666,33.908566150000006,,
2024-06-22 05:00:00,33.86015163333334,34.115778166666665,,
2024-06-22 05:30:00,35.8087949,30.40074725,,
2024-06-22 06:00:00,34.163659966666664,34.858577233333335,,
2024-06-22 06:30:00,49.557701,51.4525262,,
2024-06-22 07:00:00,45.74174608333333,59.36542545,,
2024-06-22 07:30:00,42.56755895,59.12469681666666,,
2024-06-22 08:00:00,37.75282765,51.819322150000005,,
2024-06-22 08:30:00,48.57324003333333,44.78573225,,
2024-06-22 09:00:00,41.82776555,33.99962283333333,,
2024-06-22 09:30:00,40.71437996666666,18.491265066666667,,
2024-06-22 10:00:00,24.218399883333333,7.365372316666666,,
2024-06-22 10:30:00,5.5988884500000005,-6.562124516666667,,
2024-06-22 11:00:00,-5.607296633333334,-14.160460633333336,,
2024-06-22 11:30:00,-9.240690033333331,-30.225133966666665,,
2024-06-22 12:00:00,-15.619395016666669,-51.98101835,,
2024-06-22 12:30:00,-17.791525516666667,-51.793624566666665,,
2024-06-22 13:00:00,-5.390854933333332,-35.2903604,,
2024-06-22 13:30:00,-6.264313616666667,-21.8137522,,
2024-06-22 14:00:00,-0.5212944833333328,-23.454906033333334,,
2024-06-22 14:30:00,1.8067649499999991,-22.23353223333333,,
2024-06-22 15:00:00,15.687996816666669,-9.437851116666666,,
2024-06-22 15:30:00,19.85803005,3.73587105,,
2024-06-22 16:00:00,21.935649366666667,12.281116666666668,,
2024-06-22 16:30:00,34.66511225,19.297909366666666,,
2024-06-22 17:00:00,41.28587215,25.76371783333333,,
2024-06-22 17:30:00,39.352549933333336,30.289532816666668,,
2024-06-22 18:00:00,40.61347548333333,36.27192158333333,,
2024-06-22 18:30:00,43.640743283333336,43.493557933333335,,
2024-06-22 19:00:00,44.029087800000006,52.54343213333333,,
2024-06-22 19:30:00,50.89665208333333,44.72226296666667,,
2024-06-22 20:00:00,58.53694603333333,39.1182877,,
2024-06-22 20:30:00,63.50242001666667,39.860131083333336,,
2024-06-22 21:00:00,54.38879055,43.18129376666667,,
2024-06-22 21:30:00,49.38877345,40.8878467,,
2024-06-22 22:00:00,49.78519071666667,42.13458893333333,,
2024-06-22 22:30:00,53.33091053333333,41.86584873333333,,
2024-06-22 23:00:00,55.75486106666667,38.383023433333335,,
2024-06-22 23:30:00,55.9044676,36.86833001666667,,
2024-06-23 00:00:00,52.87941105,37.51495208333333,,
2024-06-23 00:30:00,45.78530996666667,40.84811943333333,,
2024-06-23 01:00:00,42.21984325,41.569505,,
2024-06-23 01:30:00,40.529371016666666,41.97318548333333,,
2024-06-23 02:00:00,34.056243200000004,35.06370701666666,,
2024-06-23 02:30:00,39.91099883333333,38.93752151666666,,
2024-06-23 03:00:00,38.3369349,37.96152985,,
2024-06-23 03:30:00,33.41759441666667,34.61515108333334,,
2024-06-23 04:00:00,34.52113491666667,29.80886666666667,,
2024-06-23 04:30:00,40.39868765,29.771649416666666,,
2024-06-23 05:00:00,38.129297183333335,33.86015163333334,,
2024-06-23 05:30:00,37.630179516666665,35.8087949,,
2024-06-23 06:00:00,36.9119962,34.163659966666664,,
2024-06-23 06:30:00,39.68315655,49.557701,,
2024-06-23 07:00:00,41.43000235,45.74174608333333,,
2024-06-23 07:30:00,40.71060066666666,42.56755895,,
2024-06-23 08:00:00,44.08233153333333,37.75282765,,
2024-06-23 08:30:00,34.25847836666667,48.57324003333333,,
2024-06-23 09:00:00,35.34100565,41.82776555,,
2024-06-23 09:30:00,22.336534333333333,40.71437996666666,,
2024-06-23 10:00:00,4.316424416666667,24.218399883333333,,
2024-06-23 10:30:00,-24.00448271666667,5.5988884500000005,,
2024-06-23 11:00:00,-26.13035325,-5.607296633333334,,
2024-06-23 11:30:00,-38.920981133333335,-9.240690033333331,,
2024-06-23 12:00:00,-37.708962750000005,-15.619395016666669,,
2024-06-23 12:30:00,-37.75494286666667,-17.791525516666667,,
2024-06-23 13:00:00,-41.20747065,-5.390854933333332,,
2024-06-23 13:30:00,-45.73972836666667,-6.264313616666667,,
2024-06-23 14:00:00,-35.711178233333335,-0.5212944833333328,,
2024-06-23 14:30:00,-26.308759,1.8067649499999991,,
2024-06-23 15:00:00,-9.960943866666666,15.687996816666669,,
2024-06-23 15:30:00,-6.3386484,19.85803005,,
2024-06-23 16:00:00,18.388114916666662,21.935649366666667,,
2024-06-23 16:30:00,30.26068941666667,34.66511225,,
2024-06-23 17:00:00,35.9357311,41.28587215,,
2024-06-23 17:30:00,42.42383495,39.352549933333336,,
2024-06-23 18:00:00,43.79567443333334,40.61347548333333,,
2024-06-23 18:30:00,44.00747711666667,43.640743283333336,,
2024-06-23 19:00:00,44.056196166666666,44.029087800000006,,
2024-06-23 19:30:00,45.19624721666667,50.89665208333333,,
2024-06-23 20:00:00,60.25268716666667,58.53694603333333,,
2024-06-23 20:30:00,51.16618915,63.50242001666667,,
2024-06-23 21:00:00,52.79051313333334,54.38879055,,
2024-06-23 21:30:00,55.825652733333335,49.38877345,,
2024-06-23 22:00:00,48.04738508333333,49.78519071666667,,
2024-06-23 22:30:00,51.04847613333334,53.33091053333333,,
2024-06-23 23:00:00,53.70248375,55.75486106666667,,
2024-06-23 23:30:00,56.66442653333333,55.9044676,,
2024-06-24 00:00:00,56.11917676666667,52.87941105,,
2024-06-24 00:30:00,51.88110545,45.78530996666667,,
2024-06-24 01:00:00,42.07031316666667,42.21984325,,
2024-06-24 01:30:00,44.91840338333333,40.529371016666666,,
2024-06-24 02:00:00,42.54445213333333,34.056243200000004,,
2024-06-24 02:30:00,44.54948161666667,39.91099883333333,,
2024-06-24 03:00:00,39.46109728333333,38.3369349,,
2024-06-24 03:30:00,42.554440516666666,33.41759441666667,,
2024-06-24 04:00:00,42.2952004,34.52113491666667,,
2024-06-24 04:30:00,55.54067546666667,40.39868765,,
2024-06-24 05:00:00,47.78484323333333,38.129297183333335,,
2024-06-24 05:30:00,45.01734943333333,37.630179516666665,,
2024-06-24 06:00:00,50.52321735,36.9119962,,
2024-06-24 06:30:00,49.98842001666667,39.68315655,,
2024-06-24 07:00:00,63.97885266666666,41.43000235,,
2024-06-24 07:30:00,66.90975716666667,40.71060066666666,,
2024-06-24 08:00:00,66.99280103333332,44.08233153333333,,
2024-06-24 08:30:00,49.34236501666667,34.25847836666667,,
2024-06-24 09:00:00,40.96971441666667,35.34100565,,
2024-06-24 09:30:00,18.67058323333333,22.336534333333333,,
2024-06-24 10:00:00,2.61436035,4.316424416666667,,
2024-06-24 10:30:00,-8.268598766666667,-24.00448271666667,,
2024-06-24 11:00:00,-21.23277728333333,-26.13035325,,
2024-06-24 11:30:00,-27.291997716666668,-38.920981133333335,,
2024-06-24 12:00:00,-40.26958965,-37.708962750000005,,
2024-06-24 12:30:00,-33.204108983333334,-37.75494286666667,,
2024-06-24 13:00:00,-30.508430083333334,-41.20747065,,
2024-06-24 13:30:00,-28.608765583333334,-45.73972836666667,,
2024-06-24 14:00:00,-16.70767555,-35.711178233333335,,
2024-06-24 14:30:00,-11.847403366666668,-26.308759,,
2024-06-24 15:00:00,10.4601729,-9.960943866666666,,
2024-06-24 15:30:00,8.915927850000001,-6.3386484,,
2024-06-24 16:00:00,15.144086733333332,18.388114916666662,,
2024-06-24 16:30:00,22.9988534,30.26068941666667,,
2024-06-24 17:00:00,32.089227783333335,35.9357311,,
2024-06-24 17:30:00,40.29431615,42.42383495,,
2024-06-24 18:00:00,49.42116163333333,43.79567443333334,,
2024-06-24 18:30:00,59.09878385,44.00747711666667,,
2024-06-24 19:00:00,59.96724895,44.056196166666666,,
2024-06-24 19:30:00,53.33221835,45.19624721666667,,
2024-06-24 20:00:00,57.81565896666667,60.25268716666667,,
2024-06-24 20:30:00,49.67891341666667,51.16618915,,
2024-06-24 21:00:00,45.6620655,52.79051313333334,,
2024-06-24 21:30:00,50.154175933333335,55.825652733333335,,
2024-06-24 22:00:00,56.6012989,48.04738508333333,,
2024-06-24 22:30:00,52.9250484,51.04847613333334,,
2024-06-24 23:00:00,58.409142300000006,53.70248375,,
2024-06-24 23:30:00,52.1258443,56.66442653333333,,
2024-06-25 00:00:00,54.96876946666666,56.11917676666667,,
2024-06-25 00:30:00,56.39448563333334,51.88110545,,
2024-06-25 01:00:00,45.45902433333333,42.07031316666667,,
2024-06-25 01:30:00,41.1312295,44.91840338333333,,
2024-06-25 02:00:00,41.232487133333336,42.54445213333333,,
2024-06-25 02:30:00,43.7616978,44.54948161666667,,
2024-06-25 03:00:00,43.829444566666666,39.46109728333333,,
2024-06-25 03:30:00,46.08705013333333,42.554440516666666,,
2024-06-25 04:00:00,41.58902948333333,42.2952004,,
2024-06-25 04:30:00,45.14687221666666,55.54067546666667,,
2024-06-25 05:00:00,42.1255683,47.78484323333333,,
2024-06-25 05:30:00,44.97300718333333,45.01734943333333,,
2024-06-25 06:00:00,48.8029216,50.52321735,,
2024-06-25 06:30:00,59.775633783333326,49.98842001666667,,
2024-06-25 07:00:00,68.72728348333334,63.97885266666666,,
2024-06-25 07:30:00,69.7941017,66.90975716666667,,
2024-06-25 08:00:00,66.10019781666666,66.99280103333332,,
2024-06-25 08:30:00,54.95406211666667,49.34236501666667,,
2024-06-25 09:00:00,49.17114555,40.96971441666667,,
2024-06-25 09:30:00,33.16493283333333,18.67058323333333,,
2024-06-25 10:00:00,10.686975033333333,2.61436035,,
2024-06-25 10:30:00,2.71323735,-8.268598766666667,,
2024-06-25 11:00:00,-3.9507593833333328,-21.23277728333333,,
2024-06-25 11:30:00,-6.590243850000001,-27.291997716666668,,
2024-06-25 12:00:00,-16.363259383333332,-40.26958965,,
2024-06-25 12:30:00,-23.343329316666665,-33.204108983333334,,
2024-06-25 13:00:00,-36.25101071666666,-30.508430083333334,,
2024-06-25 13:30:00,-40.1807351,-28.608765583333334,,
2024-06-25 14:00:00,-20.970167266666667,-16.70767555,,
2024-06-25 14:30:00,-3.0495023333333333,-11.847403366666668,,
2024-06-25 15:00:00,4.920108299999999,10.4601729,,
2024-06-25 15:30:00,7.36846945,8.915927850000001,,
2024-06-25 16:00:00,15.498385633333331,15.144086733333332,,
2024-06-25 16:30:00,30.614510616666667,22.9988534,,
2024-06-25 17:00:00,40.575242216666666,32.089227783333335,,
2024-06-25 17:30:00,48.64166341666667,40.29431615,,
2024-06-25 18:00:00,53.68562778333333,49.42116163333333,,
2024-06-25 18:30:00,55.32203158333333,59.09878385,,
2024-06-25 19:00:00,56.520191116666666,59.96724895,,
2024-06-25 19:30:00,41.47549385,53.33221835,,
2024-06-25 20:00:00,51.659152266666666,57.81565896666667,,
2024-06-25 20:30:00,55.6561112,49.67891341666667,,
2024-06-25 21:00:00,49.2177361,45.6620655,,
2024-06-25 21:30:00,46.48356341666667,50.154175933333335,,
2024-06-25 22:00:00,46.68089233333333,56.6012989,,
2024-06-25 22:30:00,50.9906339,52.9250484,,
2024-06-25 23:00:00,55.73923561666667,58.409142300000006,,
2024-06-25 23:30:00,52.23199613333333,52.1258443,,
2024-06-26 00:00:00,51.06323986666666,54.96876946666666,,
2024-06-26 00:30:00,48.7217474,56.39448563333334,,
2024-06-26 01:00:00,47.00783166666667,45.45902433333333,,
2024-06-26 01:30:00,36.87764263333333,41.1312295,,
2024-06-26 02:00:00,35.03127275,41.232487133333336,,
2024-06-26 02:30:00,40.100289466666666,43.7616978,,
2024-06-26 03:00:00,40.17207663333333,43.829444566666666,,
2024-06-26 03:30:00,40.260287866666665,46.08705013333333,,
2024-06-26 04:00:00,37.0823488,41.58902948333333,,
2024-06-26 04:30:00,39.53248395,45.14687221666666,,
2024-06-26 05:00:00,39.89737018333333,42.1255683,,
2024-06-26 05:30:00,37.45015273333333,44.97300718333333,,
2024-06-26 06:00:00,45.74120611666667,48.8029216,,
2024-06-26 06:30:00,48.46431555,59.775633783333326,,
2024-06-26 07:00:00,55.08661543333333,68.72728348333334,,
2024-06-26 07:30:00,49.697583400000006,69.7941017,,
2024-06-26 08:00:00,46.58326443333333,66.10019781666666,,
2024-06-26 08:30:00,44.73038158333333,54.95406211666667,,
2024-06-26 09:00:00,33.53083886666666,49.17114555,,
2024-06-26 09:30:00,22.385067733333333,33.16493283333333,,
2024-06-26 10:00:00,9.00430555,10.686975033333333,,
2024-06-26 10:30:00,-1.5574293500000005,2.71323735,,
2024-06-26 11:00:00,-9.290347166666663,-3.9507593833333328,,
2024-06-26 11:30:00,-21.471323833333333,-6.590243850000001,,
2024-06-26 12:00:00,-26.218780050000003,-16.363259383333332,,
2024-06-26 12:30:00,-27.019646066666667,-23.343329316666665,,
2024-06-26 13:00:00,-32.2837866,-36.25101071666666,,
2024-06-26 13:30:00,-35.26690498333333,-40.1807351,,
2024-06-26 14:00:00,-22.747789933333333,-20.970167266666667,,
2024-06-26 14:30:00,-10.7150389,-3.0495023333333333,,
2024-06-26 15:00:00,2.7144705,4.920108299999999,,
2024-06-26 15:30:00,-1.5951278666666668,7.36846945,,
2024-06-26 16:00:00,6.37395715,15.498385633333331,,
2024-06-26 16:30:00,14.05406835,30.614510616666667,,
2024-06-26 17:00:00,18.3587216,40.575242216666666,,
2024-06-26 17:30:00,23.8066723,48.64166341666667,,
2024-06-26 18:00:00,32.71850221666667,53.68562778333333,,
2024-06-26 18:30:00,52.39547288333333,55.32203158333333,,
2024-06-26 19:00:00,53.35622998333333,56.520191116666666,,
2024-06-26 19:30:00,48.112931233333335,41.47549385,,
2024-06-26 20:00:00,45.77576943333333,51.659152266666666,,
2024-06-26 20:30:00,53.169779016666666,55.6561112,,
2024-06-26 21:00:00,59.84971216666667,49.2177361,,
2024-06-26 21:30:00,51.84932319999999,46.48356341666667,,
2024-06-26 22:00:00,47.64571943333333,46.68089233333333,,
2024-06-26 22:30:00,40.02533005,50.9906339,,
2024-06-26 23:00:00,42.03562391666667,55.73923561666667,,
2024-06-26 23:30:00,39.08896776666666,52.23199613333333,,
2024-06-27 00:00:00,47.53314276666666,51.06323986666666,,
2024-06-27 00:30:00,52.98486051666666,48.7217474,,
2024-06-27 01:00:00,50.66597663333334,47.00783166666667,,
2024-06-27 01:30:00,46.609983383333336,36.87764263333333,,
2024-06-27 02:00:00,37.32571553333333,35.03127275,,
2024-06-27 02:30:00,45.23893445,40.100289466666666,,
2024-06-27 03:00:00,41.21759493333334,40.17207663333333,,
2024-06-27 03:30:00,36.83255433333333,40.260287866666665,,
2024-06-27 04:00:00,39.035342883333335,37.0823488,,
2024-06-27 04:30:00,36.512607216666666,39.53248395,,
2024-06-27 05:00:00,41.96388065,39.89737018333333,,
2024-06-27 05:30:00,37.987617316666665,37.45015273333333,,
2024-06-27 06:00:00,43.35684495,45.74120611666667,,
2024-06-27 06:30:00,50.51881491666666,48.46431555,,
2024-06-27 07:00:00,56.17881116666666,55.08661543333333,,
2024-06-27 07:30:00,61.86614161666666,49.697583400000006,,
2024-06-27 08:00:00,51.01292155,46.58326443333333,,
2024-06-27 08:30:00,47.408301083333335,44.73038158333333,,
2024-06-27 09:00:00,35.97634828333333,33.53083886666666,,
2024-06-27 09:30:00,25.362464416666665,22.385067733333333,,
2024-06-27 10:00:00,8.736861716666667,9.00430555,,
2024-06-27 10:30:00,2.25013845,-1.5574293500000005,,
2024-06-27 11:00:00,-6.333843316666667,-9.290347166666663,,
2024-06-27 11:30:00,-18.045428216666668,-21.471323833333333,,
2024-06-27 12:00:00,-28.133749133333332,-26.218780050000003,,
2024-06-27 12:30:00,-26.63816278333333,-27.019646066666667,,
2024-06-27 13:00:00,-32.137434983333335,-32.2837866,,
2024-06-27 13:30:00,-23.96078601666667,-35.26690498333333,,
2024-06-27 14:00:00,-20.118636133333336,-22.747789933333333,,
2024-06-27 14:30:00,-5.371735600000001,-10.7150389,,
2024-06-27 15:00:00,10.222005633333334,2.7144705,,
2024-06-27 15:30:00,15.329591016666669,-1.5951278666666668,,
2024-06-27 16:00:00,16.847182749999998,6.37395715,,
2024-06-27 16:30:00,23.33659615,14.05406835,,
2024-06-27 17:00:00,26.834171616666666,18.3587216,,
2024-06-27 17:30:00,28.74118838333333,23.8066723,,
2024-06-27 18:00:00,52.46277335,32.71850221666667,,
2024-06-27 18:30:00,54.5353439,52.39547288333333,,
2024-06-27 19:00:00,50.29109783333333,53.35622998333333,,
2024-06-27 19:30:00,48.79466503333333,48.112931233333335,,
2024-06-27 20:00:00,56.509148333333336,45.77576943333333,,
2024-06-27 20:30:00,59.743115,53.169779016666666,,
2024-06-27 21:00:00,62.94230091666666,59.84971216666667,,
2024-06-27 21:30:00,53.59797161666666,51.84932319999999,,
2024-06-27 22:00:00,49.37620996666666,47.64571943333333,,
2024-06-27 22:30:00,55.33901548333333,40.02533005,,
2024-06-27 23:00:00,55.294861133333335,42.03562391666667,,
2024-06-27 23:30:00,48.41737774999999,39.08896776666666,,
2024-06-28 00:00:00,42.86589175,47.53314276666666,,
2024-06-28 00:30:00,43.9109944,52.98486051666666,,
2024-06-28 01:00:00,39.3912767,50.66597663333334,,
2024-06-28 01:30:00,41.4814729,46.609983383333336,,
2024-06-28 02:00:00,34.44780166666666,37.32571553333333,,
2024-06-28 02:30:00,38.03829541666666,45.23893445,,
2024-06-28 03:00:00,41.9641212,41.21759493333334,,
2024-06-28 03:30:00,41.9332533,36.83255433333333,,
2024-06-28 04:00:00,42.01861875,39.035342883333335,,
2024-06-28 04:30:00,41.29667503333334,36.512607216666666,,
2024-06-28 05:00:00,39.02422445,41.96388065,,
2024-06-28 05:30:00,44.76184716666666,37.987617316666665,,
2024-06-28 06:00:00,45.52287225,43.35684495,,
2024-06-28 06:30:00,48.78850728333333,50.51881491666666,,
2024-06-28 07:00:00,48.733101616666666,56.17881116666666,,
2024-06-28 07:30:00,55.72916451666666,61.86614161666666,,
2024-06-28 08:00:00,48.85597205,51.01292155,,
2024-06-28 08:30:00,36.04759396666667,47.408301083333335,,
2024-06-28 09:00:00,23.027188833333337,35.97634828333333,,
2024-06-28 09:30:00,14.292274,25.362464416666665,,
2024-06-28 10:00:00,-1.6520088333333331,8.736861716666667,,
2024-06-28 10:30:00,-17.835346716666667,2.25013845,,
2024-06-28 11:00:00,-31.8052724,-6.333843316666667,,
2024-06-28 11:30:00,-34.87334561666667,-18.045428216666668,,
2024-06-28 12:00:00,-37.23206335,-28.133749133333332,,
2024-06-28 12:30:00,-41.99717561666667,-26.63816278333333,,
2024-06-28 13:00:00,-49.0662773,-32.137434983333335,,
2024-06-28 13:30:00,-49.0326795,-23.96078601666667,,
2024-06-28 14:00:00,-40.48623725,-20.118636133333336,,
2024-06-28 14:30:00,-24.6923817,-5.371735600000001,,
2024-06-28 15:00:00,-6.682128499999998,10.222005633333334,,
2024-06-28 15:30:00,7.971130066666668,15.329591016666669,,
2024-06-28 16:00:00,21.89671165,16.847182749999998,,
2024-06-28 16:30:00,28.01480825,23.33659615,,
2024-06-28 17:00:00,37.36847216666666,26.834171616666666,,
2024-06-28 17:30:00,35.32628618333333,28.74118838333333,,
2024-06-28 18:00:00,37.007039,52.46277335,,
2024-06-28 18:30:00,41.22247671666667,54.5353439,,
2024-06-28 19:00:00,42.67012661666666,50.29109783333333,,
2024-06-28 19:30:00,48.74908653333333,48.79466503333333,,
2024-06-28 20:00:00,47.42215665,56.509148333333336,,
2024-06-28 20:30:00,48.409477683333336,59.743115,,
2024-06-28 21:00:00,47.94045453333334,62.94230091666666,,
2024-06-28 21:30:00,51.33489068333333,53.59797161666666,,
2024-06-28 22:00:00,49.09769231666667,49.37620996666666,,
2024-06-28 22:30:00,40.50198165,55.33901548333333,,
2024-06-28 23:00:00,49.7470116,55.294861133333335,,
2024-06-28 23:30:00,47.07235938333333,48.41737774999999,,
2024-06-29 00:00:00,43.285272283333335,42.86589175,,
2024-06-29 00:30:00,40.8978001,43.9109944,,
2024-06-29 01:00:00,36.67501595,39.3912767,,
2024-06-29 01:30:00,42.22028876666667,41.4814729,,
2024-06-29 02:00:00,40.85957685,34.44780166666666,,
2024-06-29 02:30:00,41.50690383333333,38.03829541666666,,
2024-06-29 03:00:00,42.39012001666666,41.9641212,,
2024-06-29 03:30:00,36.004114933333334,41.9332533,,
2024-06-29 04:00:00,32.392927766666666,42.01861875,,
2024-06-29 04:30:00,32.174146650000004,41.29667503333334,,
2024-06-29 05:00:00,29.977420116666668,39.02422445,,
2024-06-29 05:30:00,34.2866495,44.76184716666666,,
2024-06-29 06:00:00,34.59678733333333,45.52287225,,
2024-06-29 06:30:00,45.77381051666666,48.78850728333333,,
2024-06-29 07:00:00,51.26200661666667,48.733101616666666,,
2024-06-29 07:30:00,47.24296671666667,55.72916451666666,,
2024-06-29 08:00:00,46.56073951666667,48.85597205,,
2024-06-29 08:30:00,42.64348555,36.04759396666667,,
2024-06-29 09:00:00,41.274054516666666,23.027188833333337,,
2024-06-29 09:30:00,35.0932094,14.292274,,
2024-06-29 10:00:00,30.524314966666665,-1.6520088333333331,,
2024-06-29 10:30:00,12.374219483333334,-17.835346716666667,,
2024-06-29 11:00:00,6.392056583333333,-31.8052724,,
2024-06-29 11:30:00,6.7448167,-34.87334561666667,,
2024-06-29 12:00:00,5.330824783333334,-37.23206335,,
2024-06-29 12:30:00,-13.934348900000002,-41.99717561666667,,
2024-06-29 13:00:00,-16.65835231666667,-49.0662773,,
2024-06-29 13:30:00,10.63611505,-49.0326795,,
2024-06-29 14:00:00,18.07931778333333,-40.48623725,,
2024-06-29 14:30:00,23.112659416666663,-24.6923817,,
2024-06-29 15:00:00,30.26075315,-6.682128499999998,,
2024-06-29 15:30:00,28.405499466666665,7.971130066666668,,
2024-06-29 16:00:00,36.40519998333333,21.89671165,,
2024-06-29 16:30:00,38.80384058333333,28.01480825,,
2024-06-29 17:00:00,40.623534983333336,37.36847216666666,,
2024-06-29 17:30:00,43.51536608333333,35.32628618333333,,
2024-06-29 18:00:00,50.96232605,37.007039,,
2024-06-29 18:30:00,52.392985583333335,41.22247671666667,,
2024-06-29 19:00:00,48.58923378333333,42.67012661666666,,
2024-06-29 19:30:00,49.57373153333333,48.74908653333333,,
2024-06-29 20:00:00,54.4733052,47.42215665,,
2024-06-29 20:30:00,59.071755583333335,48.409477683333336,,
2024-06-29 21:00:00,59.94849403333333,47.94045453333334,,
2024-06-29 21:30:00,65.45883666666667,51.33489068333333,,
2024-06-29 22:00:00,62.8163672,49.09769231666667,,
2024-06-29 22:30:00,44.11246011666666,40.50198165,,
2024-06-29 23:00:00,45.45816985,49.7470116,,
2024-06-29 23:30:00,42.74553513333333,47.07235938333333,,
2024-06-30 00:00:00,43.101973416666674,43.285272283333335,,
2024-06-30 00:30:00,41.07317281666666,40.8978001,,
2024-06-30 01:00:00,40.82520281666667,36.67501595,,
2024-06-30 01:30:00,35.26748275,42.22028876666667,,
2024-06-30 02:00:00,30.4620728,40.85957685,,
2024-06-30 02:30:00,34.63141783333333,41.50690383333333,,
2024-06-30 03:00:00,32.83857166666667,42.39012001666666,,
2024-06-30 03:30:00,28.07490615,36.004114933333334,,
2024-06-30 04:00:00,27.93664096666667,32.392927766666666,,
2024-06-30 04:30:00,23.55702003333333,32.174146650000004,,
2024-06-30 05:00:00,26.91043451666667,29.977420116666668,,
2024-06-30 05:30:00,25.442861616666665,34.2866495,,
2024-06-30 06:00:00,34.86124555,34.59678733333333,,
2024-06-30 06:30:00,43.71782446666666,45.77381051666666,,
2024-06-30 07:00:00,37.18011221666666,51.26200661666667,,
2024-06-30 07:30:00,42.71943715,47.24296671666667,,
2024-06-30 08:00:00,39.76993888333333,46.56073951666667,,
2024-06-30 08:30:00,49.71984845,42.64348555,,
2024-06-30 09:00:00,43.843235516666674,41.274054516666666,,
2024-06-30 09:30:00,38.19351828333333,35.0932094,,
2024-06-30 10:00:00,23.648918433333336,30.524314966666665,,
2024-06-30 10:30:00,20.548681166666668,12.374219483333334,,
2024-06-30 11:00:00,24.08950175,6.392056583333333,,
2024-06-30 11:30:00,9.155000066666666,6.7448167,,
2024-06-30 12:00:00,-10.8792226,5.330824783333334,,
2024-06-30 12:30:00,-13.1597345,-13.934348900000002,,
2024-06-30 13:00:00,-23.79415275,-16.65835231666667,,
2024-06-30 13:30:00,-26.18479128333333,10.63611505,,
2024-06-30 14:00:00,-15.613710566666668,18.07931778333333,,
2024-06-30 14:30:00,-9.60871895,23.112659416666663,,
2024-06-30 15:00:00,-0.8731383499999996,30.26075315,,
2024-06-30 15:30:00,6.077955333333333,28.405499466666665,,
2024-06-30 16:00:00,19.90369955,36.40519998333333,,
2024-06-30 16:30:00,38.113544,38.80384058333333,,
2024-06-30 17:00:00,39.21507776666667,40.623534983333336,,
2024-06-30 17:30:00,41.2445806,43.51536608333333,,
2024-06-30 18:00:00,57.56475331666667,50.96232605,,
2024-06-30 18:30:00,62.60187673333333,52.392985583333335,,
2024-06-30 19:00:00,60.05721888333333,48.58923378333333,,
2024-06-30 19:30:00,54.77854933333333,49.57373153333333,,
2024-06-30 20:00:00,53.36273271666667,54.4733052,,
2024-06-30 20:30:00,71.73407893333334,59.071755583333335,,
2024-06-30 21:00:00,58.95331998333333,59.94849403333333,,
2024-06-30 21:30:00,62.14942546666666,65.45883666666667,,
2024-06-30 22:00:00,55.228960666666666,62.8163672,,
2024-06-30 22:30:00,47.83992286666666,44.11246011666666,,
2024-06-30 23:00:00,44.351009233333336,45.45816985,,
2024-06-30 23:30:00,49.4658291,42.74553513333333,,
2024-07-01 00:00:00,49.18117501666666,43.101973416666674,,
2024-07-01 00:30:00,51.020842666666674,41.07317281666666,,
2024-07-01 01:00:00,51.33538050000001,40.82520281666667,,
2024-07-01 01:30:00,41.34299931666667,35.26748275,,
2024-07-01 02:00:00,33.52866611666666,30.4620728,,
2024-07-01 02:30:00,35.90514818333333,34.63141783333333,,
2024-07-01 03:00:00,37.14578501666667,32.83857166666667,,
2024-07-01 03:30:00,39.70996113333334,28.07490615,,
2024-07-01 04:00:00,41.6938711,27.93664096666667,,
2024-07-01 04:30:00,44.55726884999999,23.55702003333333,,
2024-07-01 05:00:00,43.487469483333335,26.91043451666667,,
2024-07-01 05:30:00,45.75011175,25.442861616666665,,
2024-07-01 06:00:00,50.07028161666667,34.86124555,,
2024-07-01 06:30:00,43.55158221666667,43.71782446666666,,
2024-07-01 07:00:00,44.85881776666667,37.18011221666666,,
2024-07-01 07:30:00,40.612177116666665,42.71943715,,
2024-07-01 08:00:00,43.00808705,39.76993888333333,,
2024-07-01 08:30:00,36.06314823333333,49.71984845,,
2024-07-01 09:00:00,25.1467289,43.843235516666674,,
2024-07-01 09:30:00,15.083833333333333,38.19351828333333,,
2024-07-01 10:00:00,-0.3173438833333337,23.648918433333336,,
2024-07-01 10:30:00,-7.045538283333333,20.548681166666668,,
2024-07-01 11:00:00,-13.6386226,24.08950175,,
2024-07-01 11:30:00,-17.7990226,9.155000066666666,,
2024-07-01 12:00:00,-22.714904516666667,-10.8792226,,
2024-07-01 12:30:00,-22.501761016666663,-13.1597345,,
2024-07-01 13:00:00,-20.241210566666663,-23.79415275,,
2024-07-01 13:30:00,-9.937572166666667,-26.18479128333333,,
2024-07-01 14:00:00,-10.5611878,-15.613710566666668,,
2024-07-01 14:30:00,-13.615440499999998,-9.60871895,,
2024-07-01 15:00:00,3.928810449999999,-0.8731383499999996,,
2024-07-01 15:30:00,6.851545383333334,6.077955333333333,,
2024-07-01 16:00:00,16.211719016666667,19.90369955,,
2024-07-01 16:30:00,20.7109612,38.113544,,
2024-07-01 17:00:00,28.092256733333333,39.21507776666667,,
2024-07-01 17:30:00,34.24125395,41.2445806,,
2024-07-01 18:00:00,50.40876828333333,57.56475331666667,,
2024-07-01 18:30:00,46.78894435,62.60187673333333,,
2024-07-01 19:00:00,45.90710441666667,60.05721888333333,,
2024-07-01 19:30:00,47.31135115,54.77854933333333,,
2024-07-01 20:00:00,46.94296095000001,53.36273271666667,,
2024-07-01 20:30:00,44.3969339,71.73407893333334,,
2024-07-01 21:00:00,46.62832386666667,58.95331998333333,,
2024-07-01 21:30:00,42.472774,62.14942546666666,,
2024-07-01 22:00:00,38.12317571666667,55.228960666666666,,
2024-07-01 22:30:00,39.20878376666667,47.83992286666666,,
2024-07-01 23:00:00,42.554935050000005,44.351009233333336,,
2024-07-01 23:30:00,52.525167566666674,49.4658291,,
2024-07-02 00:00:00,58.305228383333336,49.18117501666666,,
2024-07-02 00:30:00,55.07301603333334,51.020842666666674,,
2024-07-02 01:00:00,48.41726275,51.33538050000001,,
2024-07-02 01:30:00,48.71696605,41.34299931666667,,
2024-07-02 02:00:00,45.51951061666667,33.52866611666666,,
2024-07-02 02:30:00,44.91432493333334,35.90514818333333,,
2024-07-02 03:00:00,43.692217883333335,37.14578501666667,,
2024-07-02 03:30:00,42.900360033333335,39.70996113333334,,
2024-07-02 04:00:00,43.93881615,41.6938711,,
2024-07-02 04:30:00,33.60400846666666,44.55726884999999,,
2024-07-02 05:00:00,37.47344558333334,43.487469483333335,,
2024-07-02 05:30:00,31.491527699999995,45.75011175,,
2024-07-02 06:00:00,41.01444661666667,50.07028161666667,,
2024-07-02 06:30:00,42.54668711666667,43.55158221666667,,
2024-07-02 07:00:00,45.100257766666665,44.85881776666667,,
2024-07-02 07:30:00,46.77504441666667,40.612177116666665,,
2024-07-02 08:00:00,41.544575,43.00808705,,
2024-07-02 08:30:00,39.4103045,36.06314823333333,,
2024-07-02 09:00:00,33.02477291666667,25.1467289,,
2024-07-02 09:30:00,15.702042683333332,15.083833333333333,,
2024-07-02 10:00:00,8.89160725,-0.3173438833333337,,
2024-07-02 10:30:00,-12.83694675,-7.045538283333333,,
2024-07-02 11:00:00,-28.0112355,-13.6386226,,
2024-07-02 11:30:00,-28.21154935,-17.7990226,,
2024-07-02 12:00:00,-42.0350662,-22.714904516666667,,
2024-07-02 12:30:00,-42.899388816666665,-22.501761016666663,,
2024-07-02 13:00:00,-48.60950155,-20.241210566666663,,
2024-07-02 13:30:00,-36.21259668333334,-9.937572166666667,,
2024-07-02 14:00:00,-39.61093928333333,-10.5611878,,
2024-07-02 14:30:00,-22.667301616666663,-13.615440499999998,,
2024-07-02 15:00:00,-17.45184993333333,3.928810449999999,,
2024-07-02 15:30:00,-11.119037166666669,6.851545383333334,,
2024-07-02 16:00:00,-3.874976666666667,16.211719016666667,,
2024-07-02 16:30:00,12.043510383333334,20.7109612,,
2024-07-02 17:00:00,19.7281361,28.092256733333333,,
2024-07-02 17:30:00,27.44358128333333,34.24125395,,
2024-07-02 18:00:00,37.1263516,50.40876828333333,,
2024-07-02 18:30:00,46.942792700000005,46.78894435,,
2024-07-02 19:00:00,46.85051548333333,45.90710441666667,,
2024-07-02 19:30:00,46.55238823333334,47.31135115,,
2024-07-02 20:00:00,52.3211117,46.94296095000001,,
2024-07-02 20:30:00,55.38466043333333,44.3969339,,
2024-07-02 21:00:00,45.883071,46.62832386666667,,
2024-07-02 21:30:00,44.076860583333335,42.472774,,
2024-07-02 22:00:00,51.19297674999999,38.12317571666667,,
2024-07-02 22:30:00,56.26998553333333,39.20878376666667,,
2024-07-02 23:00:00,54.35873208333334,42.554935050000005,,
2024-07-02 23:30:00,50.31303896666666,52.525167566666674,,
2024-07-03 00:00:00,56.34921215,58.305228383333336,,
2024-07-03 00:30:00,49.90511558333333,55.07301603333334,,
2024-07-03 01:00:00,51.55054043333334,48.41726275,,
2024-07-03 01:30:00,51.19839498333334,48.71696605,,
2024-07-03 02:00:00,44.8703861,45.51951061666667,,
2024-07-03 02:30:00,53.65621788333333,44.91432493333334,,
2024-07-03 03:00:00,54.3650567,43.692217883333335,,
2024-07-03 03:30:00,44.40403651666667,42.900360033333335,,
2024-07-03 04:00:00,49.26503664999999,43.93881615,,
2024-07-03 04:30:00,47.710315916666666,33.60400846666666,,
2024-07-03 05:00:00,44.65423181666667,37.47344558333334,,
2024-07-03 05:30:00,43.04299603333333,31.491527699999995,,
2024-07-03 06:00:00,44.46996721666667,41.01444661666667,,
2024-07-03 06:30:00,45.68627898333333,42.54668711666667,,
2024-07-03 07:00:00,45.82958728333333,45.100257766666665,,
2024-07-03 07:30:00,43.50495953333333,46.77504441666667,,
2024-07-03 08:00:00,31.6018305,41.544575,,
2024-07-03 08:30:00,30.74413175,39.4103045,,
2024-07-03 09:00:00,28.22973945,33.02477291666667,,
2024-07-03 09:30:00,9.73873725,15.702042683333332,,
2024-07-03 10:00:00,-11.970817183333333,8.89160725,,
2024-07-03 10:30:00,-21.0430945,-12.83694675,,
2024-07-03 11:00:00,-15.081235983333334,-28.0112355,,
2024-07-03 11:30:00,-30.39669605,-28.21154935,,
2024-07-03 12:00:00,-41.75059,-42.0350662,,
2024-07-03 12:30:00,-51.087608816666666,-42.899388816666665,,
2024-07-03 13:00:00,-39.709852833333336,-48.60950155,,
2024-07-03 13:30:00,-32.73623835,-36.21259668333334,,
2024-07-03 14:00:00,-39.37624503333333,-39.61093928333333,,
2024-07-03 14:30:00,-34.553241750000005,-22.667301616666663,,
2024-07-03 15:00:00,-32.197773866666665,-17.45184993333333,,
2024-07-03 15:30:00,-24.886623966666665,-11.119037166666669,,
2024-07-03 16:00:00,-9.1596854,-3.874976666666667,,
2024-07-03 16:30:00,10.1286445,12.043510383333334,,
2024-07-03 17:00:00,17.939956583333334,19.7281361,,
2024-07-03 17:30:00,31.79808001666667,27.44358128333333,,
2024-07-03 18:00:00,34.93945231666667,37.1263516,,
2024-07-03 18:30:00,40.78079375,46.942792700000005,,
2024-07-03 19:00:00,42.03999781666667,46.85051548333333,,
2024-07-03 19:30:00,49.18594886666667,46.55238823333334,,
2024-07-03 20:00:00,48.80544781666666,52.3211117,,
2024-07-03 20:30:00,52.68008281666667,55.38466043333333,,
2024-07-03 21:00:00,58.39579185,45.883071,,
2024-07-03 21:30:00,51.452744466666665,44.076860583333335,,
2024-07-03 22:00:00,46.903335133333336,51.19297674999999,,
2024-07-03 22:30:00,46.57446996666667,56.26998553333333,,
2024-07-03 23:00:00,47.866589883333326,54.35873208333334,,
2024-07-03 23:30:00,47.357340050000005,50.31303896666666,,
2024-07-04 00:00:00,47.09060661666666,56.34921215,,
2024-07-04 00:30:00,37.30504785,49.90511558333333,,
2024-07-04 01:00:00,38.559995050000005,51.55054043333334,,
2024-07-04 01:30:00,38.79493765,51.19839498333334,,
2024-07-04 02:00:00,31.893052633333337,44.8703861,,
2024-07-04 02:30:00,39.81215495,53.65621788333333,,
2024-07-04 03:00:00,40.3626317,54.3650567,,
2024-07-04 03:30:00,37.63296051666666,44.40403651666667,,
2024-07-04 04:00:00,34.8280806,49.26503664999999,,
2024-07-04 04:30:00,33.72771328333334,47.710315916666666,,
2024-07-04 05:00:00,35.00660828333333,44.65423181666667,,
2024-07-04 05:30:00,35.51974995,43.04299603333333,,
2024-07-04 06:00:00,35.35593545,44.46996721666667,,
2024-07-04 06:30:00,42.64927835,45.68627898333333,,
2024-07-04 07:00:00,40.55691615,45.82958728333333,,
2024-07-04 07:30:00,36.66336985,43.50495953333333,,
2024-07-04 08:00:00,30.03811706666667,31.6018305,,
2024-07-04 08:30:00,33.82348571666667,30.74413175,,
2024-07-04 09:00:00,31.881256716666662,28.22973945,,
2024-07-04 09:30:00,15.0104873,9.73873725,,
2024-07-04 10:00:00,6.263734883333332,-11.970817183333333,,
2024-07-04 10:30:00,-6.800821066666667,-21.0430945,,
2024-07-04 11:00:00,-14.306849583333332,-15.081235983333334,,
2024-07-04 11:30:00,-21.009361116666664,-30.39669605,,
2024-07-04 12:00:00,-35.62156935,-41.75059,,
2024-07-04 12:30:00,-30.95866215,-51.087608816666666,,
2024-07-04 13:00:00,-32.48915685,-39.709852833333336,,
2024-07-04 13:30:00,-39.82746383333333,-32.73623835,,
2024-07-04 14:00:00,-41.4088411,-39.37624503333333,,
2024-07-04 14:30:00,-36.74231326666666,-34.553241750000005,,
2024-07-04 15:00:00,-33.9238139,-32.197773866666665,,
2024-07-04 15:30:00,-22.28028493333333,-24.886623966666665,,
2024-07-04 16:00:00,-5.91982505,-9.1596854,,
2024-07-04 16:30:00,6.868372716666666,10.1286445,,
2024-07-04 17:00:00,18.147089,17.939956583333334,,
2024-07-04 17:30:00,21.93803508333333,31.79808001666667,,
2024-07-04 18:00:00,26.27607658333333,34.93945231666667,,
2024-07-04 18:30:00,29.960675666666663,40.78079375,,
2024-07-04 19:00:00,30.96907836666667,42.03999781666667,,
2024-07-04 19:30:00,37.91786943333333,49.18594886666667,,
2024-07-04 20:00:00,41.20072663333333,48.80544781666666,,
2024-07-04 20:30:00,41.38500045,52.68008281666667,,
2024-07-04 21:00:00,34.89700668333334,58.39579185,,
2024-07-04 21:30:00,37.75258561666666,51.452744466666665,,
2024-07-04 22:00:00,33.36576853333333,46.903335133333336,,
2024-07-04 22:30:00,32.827518766666664,46.57446996666667,,
2024-07-04 23:00:00,36.27789061666667,47.866589883333326,,
2024-07-04 23:30:00,33.77169618333333,47.357340050000005,,
2024-07-05 00:00:00,34.10142508333333,47.09060661666666,,
2024-07-05 00:30:00,29.3024252,37.30504785,,
2024-07-05 01:00:00,29.38500378333333,38.559995050000005,,
2024-07-05 01:30:00,35.17735283333334,38.79493765,,
2024-07-05 02:00:00,33.7675444,31.893052633333337,,
2024-07-05 02:30:00,34.53030668333333,39.81215495,,
2024-07-05 03:00:00,36.98402455,40.3626317,,
2024-07-05 03:30:00,37.3111033,37.63296051666666,,
2024-07-05 04:00:00,33.75983216666666,34.8280806,,
2024-07-05 04:30:00,32.390095716666664,33.72771328333334,,
2024-07-05 05:00:00,32.32213123333333,35.00660828333333,,
2024-07-05 05:30:00,34.173917116666665,35.51974995,,
2024-07-05 06:00:00,34.25526665,35.35593545,,
2024-07-05 06:30:00,32.63598338333333,42.64927835,,
2024-07-05 07:00:00,35.18000718333334,40.55691615,,
2024-07-05 07:30:00,38.9863211,36.66336985,,
2024-07-05 08:00:00,32.693432683333334,30.03811706666667,,
2024-07-05 08:30:00,18.872298233333336,33.82348571666667,,
2024-07-05 09:00:00,18.9353718,31.881256716666662,,
2024-07-05 09:30:00,11.888673283333333,15.0104873,,
2024-07-05 10:00:00,9.72744105,6.263734883333332,,
2024-07-05 10:30:00,3.892054516666667,-6.800821066666667,,
2024-07-05 11:00:00,-8.20139785,-14.306849583333332,,
2024-07-05 11:30:00,-17.175267316666666,-21.009361116666664,,
2024-07-05 12:00:00,-24.00732996666667,-35.62156935,,
2024-07-05 12:30:00,-18.606566766666667,-30.95866215,,
2024-07-05 13:00:00,-35.48541938333333,-32.48915685,,
2024-07-05 13:30:00,-44.0407627,-39.82746383333333,,
2024-07-05 14:00:00,-45.76174878333333,-41.4088411,,
2024-07-05 14:30:00,-47.46289898333333,-36.74231326666666,,
2024-07-05 15:00:00,-34.716415,-33.9238139,,
2024-07-05 15:30:00,-21.03543115,-22.28028493333333,,
2024-07-05 16:00:00,-6.03127055,-5.91982505,,
2024-07-05 16:30:00,3.8344016500000007,6.868372716666666,,
2024-07-05 17:00:00,10.35056325,18.147089,,
2024-07-05 17:30:00,16.324920016666667,21.93803508333333,,
2024-07-05 18:00:00,21.630281666666665,26.27607658333333,,
2024-07-05 18:30:00,27.54781885,29.960675666666663,,
2024-07-05 19:00:00,31.70206943333333,30.96907836666667,,
2024-07-05 19:30:00,32.155986033333335,37.91786943333333,,
2024-07-05 20:00:00,30.60048185,41.20072663333333,,
2024-07-05 20:30:00,29.727073316666665,41.38500045,,
2024-07-05 21:00:00,26.661688216666665,34.89700668333334,,
2024-07-05 21:30:00,25.848823266666667,37.75258561666666,,
2024-07-05 22:00:00,23.22239055,33.36576853333333,,
2024-07-05 22:30:00,24.81991268333333,32.827518766666664,,
2024-07-05 23:00:00,37.83342616666667,36.27789061666667,,
2024-07-05 23:30:00,39.93209658333333,33.77169618333333,,
2024-07-06 00:00:00,46.47615725,34.10142508333333,,
2024-07-06 00:30:00,48.39837501666667,29.3024252,,
2024-07-06 01:00:00,45.40886868333334,29.38500378333333,,
2024-07-06 01:30:00,42.1165022,35.17735283333334,,
2024-07-06 02:00:00,32.82039043333334,33.7675444,,
2024-07-06 02:30:00,40.68049873333333,34.53030668333333,,
2024-07-06 03:00:00,39.2923928,36.98402455,,
2024-07-06 03:30:00,36.36997228333333,37.3111033,,
2024-07-06 04:00:00,33.88787485,33.75983216666666,,
2024-07-06 04:30:00,28.614959433333336,32.390095716666664,,
2024-07-06 05:00:00,27.0908394,32.32213123333333,,
2024-07-06 05:30:00,25.43546215,34.173917116666665,,
2024-07-06 06:00:00,27.219175,34.25526665,,
2024-07-06 06:30:00,32.47076598333334,32.63598338333333,,
2024-07-06 07:00:00,37.56155,35.18000718333334,,
2024-07-06 07:30:00,30.159963200000004,38.9863211,,
2024-07-06 08:00:00,29.58359891666667,32.693432683333334,,
2024-07-06 08:30:00,27.478784216666668,18.872298233333336,,
2024-07-06 09:00:00,18.16443673333333,18.9353718,,
2024-07-06 09:30:00,12.838304383333332,11.888673283333333,,
2024-07-06 10:00:00,6.304878216666666,9.72744105,,
2024-07-06 10:30:00,-9.2715371,3.892054516666667,,
2024-07-06 11:00:00,-18.518738950000003,-8.20139785,,
2024-07-06 11:30:00,-32.35431561666667,-17.175267316666666,,
2024-07-06 12:00:00,-41.65229176666667,-24.00732996666667,,
2024-07-06 12:30:00,-60.52010236666666,-18.606566766666667,,
2024-07-06 13:00:00,-69.39902045000001,-35.48541938333333,,
2024-07-06 13:30:00,-68.54671721666666,-44.0407627,,
2024-07-06 14:00:00,-55.38616833333333,-45.76174878333333,,
2024-07-06 14:30:00,-46.813188233333335,-47.46289898333333,,
2024-07-06 15:00:00,-42.241054983333335,-34.716415,,
2024-07-06 15:30:00,-31.37172735,-21.03543115,,
2024-07-06 16:00:00,-14.35603775,-6.03127055,,
2024-07-06 16:30:00,8.82573275,3.8344016500000007,,
2024-07-06 17:00:00,17.38618385,10.35056325,,
2024-07-06 17:30:00,26.33642118333333,16.324920016666667,,
2024-07-06 18:00:00,23.553211,21.630281666666665,,
2024-07-06 18:30:00,26.34103321666667,27.54781885,,
2024-07-06 19:00:00,28.470059433333333,31.70206943333333,,
2024-07-06 19:30:00,32.33233525,32.155986033333335,,
2024-07-06 20:00:00,40.3847933,30.60048185,,
2024-07-06 20:30:00,45.31933206666667,29.727073316666665,,
2024-07-06 21:00:00,41.29676113333333,26.661688216666665,,
2024-07-06 21:30:00,36.44008605,25.848823266666667,,
2024-07-06 22:00:00,31.95380888333333,23.22239055,,
2024-07-06 22:30:00,31.90468038333333,24.81991268333333,,
2024-07-06 23:00:00,37.34500668333333,37.83342616666667,,
2024-07-06 23:30:00,41.4201549,39.93209658333333,,
2024-07-07 00:00:00,37.0945,46.47615725,,
2024-07-07 00:30:00,34.18103816666667,48.39837501666667,,
2024-07-07 01:00:00,33.24366728333334,45.40886868333334,,
2024-07-07 01:30:00,31.675842733333337,42.1165022,,
2024-07-07 02:00:00,28.71040168333333,32.82039043333334,,
2024-07-07 02:30:00,30.669444483333336,40.68049873333333,,
2024-07-07 03:00:00,34.96049276666667,39.2923928,,
2024-07-07 03:30:00,31.424405566666668,36.36997228333333,,
2024-07-07 04:00:00,35.01258901666667,33.88787485,,
2024-07-07 04:30:00,35.094125483333336,28.614959433333336,,
2024-07-07 05:00:00,35.618936616666666,27.0908394,,
2024-07-07 05:30:00,29.83141665,25.43546215,,
2024-07-07 06:00:00,33.35094826666667,27.219175,,
2024-07-07 06:30:00,33.20151871666667,32.47076598333334,,
2024-07-07 07:00:00,32.466002833333334,37.56155,,
2024-07-07 07:30:00,35.74539106666666,30.159963200000004,,
2024-07-07 08:00:00,37.20482515,29.58359891666667,,
2024-07-07 08:30:00,31.57055726666667,27.478784216666668,,
2024-07-07 09:00:00,22.3486595,18.16443673333333,,
2024-07-07 09:30:00,8.574508916666668,12.838304383333332,,
2024-07-07 10:00:00,-11.2798272,6.304878216666666,,
2024-07-07 10:30:00,-18.104070516666667,-9.2715371,,
2024-07-07 11:00:00,-29.602049583333336,-18.518738950000003,,
2024-07-07 11:30:00,-35.5431049,-32.35431561666667,,
2024-07-07 12:00:00,-36.52786331666667,-41.65229176666667,,
2024-07-07 12:30:00,-49.2323968,-60.52010236666666,,
2024-07-07 13:00:00,-38.36018895,-69.39902045000001,,
2024-07-07 13:30:00,-22.80293946666667,-68.54671721666666,,
2024-07-07 14:00:00,-27.53081665,-55.38616833333333,,
2024-07-07 14:30:00,-22.59748163333333,-46.813188233333335,,
2024-07-07 15:00:00,-14.904638466666666,-42.241054983333335,,
2024-07-07 15:30:00,-4.00427945,-31.37172735,,
2024-07-07 16:00:00,2.3020460666666662,-14.35603775,,
2024-07-07 16:30:00,14.1545722,8.82573275,,
2024-07-07 17:00:00,16.694237183333332,17.38618385,,
2024-07-07 17:30:00,17.850587766666667,26.33642118333333,,
2024-07-07 18:00:00,18.87340615,23.553211,,
2024-07-07 18:30:00,26.78290055,26.34103321666667,,
2024-07-07 19:00:00,31.9238551,28.470059433333333,,
2024-07-07 19:30:00,29.5652106,32.33233525,,
2024-07-07 20:00:00,25.568130083333333,40.3847933,,
2024-07-07 20:30:00,33.38591505,45.31933206666667,,
2024-07-07 21:00:00,33.83126571666667,41.29676113333333,,
2024-07-07 21:30:00,37.34275713333333,36.44008605,,
2024-07-07 22:00:00,35.465634533333336,31.95380888333333,,
2024-07-07 22:30:00,33.706777216666666,31.90468038333333,,
2024-07-07 23:00:00,32.075467933333336,37.34500668333333,,
2024-07-07 23:30:00,32.33327393333333,41.4201549,,
2024-07-08 00:00:00,35.80072448333333,37.0945,,
2024-07-08 00:30:00,34.0178929,34.18103816666667,,
2024-07-08 01:00:00,37.493068916666665,33.24366728333334,,
2024-07-08 01:30:00,28.575436266666667,31.675842733333337,,
2024-07-08 02:00:00,33.469586150000005,28.71040168333333,,
2024-07-08 02:30:00,36.49709551666667,30.669444483333336,,
2024-07-08 03:00:00,39.88186936666667,34.96049276666667,,
2024-07-08 03:30:00,38.55786831666666,31.424405566666668,,
2024-07-08 04:00:00,34.94389733333333,35.01258901666667,,
2024-07-08 04:30:00,34.42773558333334,35.094125483333336,,
2024-07-08 05:00:00,33.246449616666666,35.618936616666666,,
2024-07-08 05:30:00,30.77829175,29.83141665,,
2024-07-08 06:00:00,30.12345775,33.35094826666667,,
2024-07-08 06:30:00,34.66423963333333,33.20151871666667,,
2024-07-08 07:00:00,32.64375225,32.466002833333334,,
2024-07-08 07:30:00,34.02312165,35.74539106666666,,
2024-07-08 08:00:00,30.986449883333336,37.20482515,,
2024-07-08 08:30:00,29.831279783333333,31.57055726666667,,
2024-07-08 09:00:00,30.267970766666664,22.3486595,,
2024-07-08 09:30:00,34.01081323333333,8.574508916666668,,
2024-07-08 10:00:00,25.18827285,-11.2798272,,
2024-07-08 10:30:00,20.815837316666663,-18.104070516666667,,
2024-07-08 11:00:00,11.527081666666668,-29.602049583333336,,
2024-07-08 11:30:00,11.130077733333335,-35.5431049,,
2024-07-08 12:00:00,7.740897283333333,-36.52786331666667,,
2024-07-08 12:30:00,6.384451666666667,-49.2323968,,
2024-07-08 13:00:00,7.150763833333333,-38.36018895,,
2024-07-08 13:30:00,11.173098883333331,-22.80293946666667,,
2024-07-08 14:00:00,16.208653266666666,-27.53081665,,
2024-07-08 14:30:00,11.7589484,-22.59748163333333,,
2024-07-08 15:00:00,15.32118831666667,-14.904638466666666,,
2024-07-08 15:30:00,17.2569695,-4.00427945,,
2024-07-08 16:00:00,25.46051433333333,2.3020460666666662,,
2024-07-08 16:30:00,28.49639003333333,14.1545722,,
2024-07-08 17:00:00,33.55463053333333,16.694237183333332,,
2024-07-08 17:30:00,38.605128283333336,17.850587766666667,,
2024-07-08 18:00:00,38.28346448333333,18.87340615,,
2024-07-08 18:30:00,45.1076189,26.78290055,,
2024-07-08 19:00:00,40.26034611666667,31.9238551,,
2024-07-08 19:30:00,51.35527043333334,29.5652106,,
2024-07-08 20:00:00,43.919317416666665,25.568130083333333,,
2024-07-08 20:30:00,41.928145066666666,33.38591505,,
2024-07-08 21:00:00,35.6442574,33.83126571666667,,
2024-07-08 21:30:00,35.11712945,37.34275713333333,,
2024-07-08 22:00:00,31.661788366666663,35.465634533333336,,
2024-07-08 22:30:00,31.200440566666668,33.706777216666666,,
2024-07-08 23:00:00,34.556638283333335,32.075467933333336,,
2024-07-08 23:30:00,35.34819903333334,32.33327393333333,,
2024-07-09 00:00:00,34.47836121666666,35.80072448333333,,
2024-07-09 00:30:00,34.350307816666664,34.0178929,,
2024-07-09 01:00:00,33.8280828,37.493068916666665,,
2024-07-09 01:30:00,29.67058053333333,28.575436266666667,,
2024-07-09 02:00:00,23.83199438333333,33.469586150000005,,
2024-07-09 02:30:00,28.18349328333333,36.49709551666667,,
2024-07-09 03:00:00,32.98508666666667,39.88186936666667,,
2024-07-09 03:30:00,36.37992823333333,38.55786831666666,,
2024-07-09 04:00:00,34.22854328333333,34.94389733333333,,
2024-07-09 04:30:00,33.8835355,34.42773558333334,,
2024-07-09 05:00:00,32.7466928,33.246449616666666,,
2024-07-09 05:30:00,33.97143273333333,30.77829175,,
2024-07-09 06:00:00,31.4154216,30.12345775,,
2024-07-09 06:30:00,29.50534445,34.66423963333333,,
2024-07-09 07:00:00,30.780901133333334,32.64375225,,
2024-07-09 07:30:00,38.0826605,34.02312165,,
2024-07-09 08:00:00,41.52451055,30.986449883333336,,
2024-07-09 08:30:00,35.61490896666667,29.831279783333333,,
2024-07-09 09:00:00,34.288854449999995,30.267970766666664,,
2024-07-09 09:30:00,36.04518506666667,34.01081323333333,,
2024-07-09 10:00:00,22.493567233333334,25.18827285,,
2024-07-09 10:30:00,6.710106766666667,20.815837316666663,,
2024-07-09 11:00:00,5.659084166666666,11.527081666666668,,
2024-07-09 11:30:00,5.01253435,11.130077733333335,,
2024-07-09 12:00:00,-1.2646383499999996,7.740897283333333,,
2024-07-09 12:30:00,9.825106166666668,6.384451666666667,,
2024-07-09 13:00:00,7.373511216666666,7.150763833333333,,
2024-07-09 13:30:00,0.3010039166666662,11.173098883333331,,
2024-07-09 14:00:00,-7.637871033333334,16.208653266666666,,
2024-07-09 14:30:00,-14.835651666666664,11.7589484,,
2024-07-09 15:00:00,-14.7509755,15.32118831666667,,
2024-07-09 15:30:00,1.642988366666667,17.2569695,,
2024-07-09 16:00:00,5.519602316666667,25.46051433333333,,
2024-07-09 16:30:00,13.160824966666668,28.49639003333333,,
2024-07-09 17:00:00,22.635084950000003,33.55463053333333,,
2024-07-09 17:30:00,28.33965715,38.605128283333336,,
2024-07-09 18:00:00,26.81335885,38.28346448333333,,
2024-07-09 18:30:00,27.25793965,45.1076189,,
2024-07-09 19:00:00,40.16682708333334,40.26034611666667,,
2024-07-09 19:30:00,42.8127387,51.35527043333334,,
2024-07-09 20:00:00,38.05348398333333,43.919317416666665,,
2024-07-09 20:30:00,39.71997386666667,41.928145066666666,,
2024-07-09 21:00:00,32.5573316,35.6442574,,
2024-07-09 21:30:00,30.569228183333333,35.11712945,,
2024-07-09 22:00:00,27.223179016666663,31.661788366666663,,
2024-07-09 22:30:00,28.18845715,31.200440566666668,,
2024-07-09 23:00:00,28.95104286666667,34.556638283333335,,
2024-07-09 23:30:00,32.85805378333333,35.34819903333334,,
2024-07-10 00:00:00,35.63102061666667,34.47836121666666,,
2024-07-10 00:30:00,34.15101898333334,34.350307816666664,,
2024-07-10 01:00:00,34.4363244,33.8280828,,
2024-07-10 01:30:00,28.58162665,29.67058053333333,,
2024-07-10 02:00:00,33.74892381666667,23.83199438333333,,
2024-07-10 02:30:00,33.832869433333336,28.18349328333333,,
2024-07-10 03:00:00,32.998859933333335,32.98508666666667,,
2024-07-10 03:30:00,31.3501055,36.37992823333333,,
2024-07-10 04:00:00,32.03586555,34.22854328333333,,
2024-07-10 04:30:00,35.11621601666667,33.8835355,,
2024-07-10 05:00:00,39.52824553333333,32.7466928,,
2024-07-10 05:30:00,33.415212733333334,33.97143273333333,,
2024-07-10 06:00:00,33.348815583333334,31.4154216,,
2024-07-10 06:30:00,33.83583848333333,29.50534445,,
2024-07-10 07:00:00,33.4411226,30.780901133333334,,
2024-07-10 07:30:00,38.84465335,38.0826605,,
2024-07-10 08:00:00,41.2986028,41.52451055,,
2024-07-10 08:30:00,34.24580398333333,35.61490896666667,,
2024-07-10 09:00:00,28.151024433333333,34.288854449999995,,
2024-07-10 09:30:00,16.35739441666667,36.04518506666667,,
2024-07-10 10:00:00,-0.9694389166666668,22.493567233333334,,
2024-07-10 10:30:00,-9.5363283,6.710106766666667,,
2024-07-10 11:00:00,-23.9748473,5.659084166666666,,
2024-07-10 11:30:00,-37.21042125,5.01253435,,
2024-07-10 12:00:00,-53.61591115,-1.2646383499999996,,
2024-07-10 12:30:00,-60.68016721666667,9.825106166666668,,
2024-07-10 13:00:00,-58.12298391666667,7.373511216666666,,
2024-07-10 13:30:00,-48.84252113333333,0.3010039166666662,,
2024-07-10 14:00:00,-60.59693215,-7.637871033333334,,
2024-07-10 14:30:00,-56.938253333333336,-14.835651666666664,,
2024-07-10 15:00:00,-35.4541034,-14.7509755,,
2024-07-10 15:30:00,-16.77030875,1.642988366666667,,
2024-07-10 16:00:00,-5.8656562,5.519602316666667,,
2024-07-10 16:30:00,6.495757283333333,13.160824966666668,,
2024-07-10 17:00:00,11.3837878,22.635084950000003,,
2024-07-10 17:30:00,10.346009416666666,28.33965715,,
2024-07-10 18:00:00,22.866776216666665,26.81335885,,
2024-07-10 18:30:00,36.51002998333333,27.25793965,,
2024-07-10 19:00:00,31.06861218333333,40.16682708333334,,
2024-07-10 19:30:00,39.69234625,42.8127387,,
2024-07-10 20:00:00,42.00502343333333,38.05348398333333,,
2024-07-10 20:30:00,41.79696505,39.71997386666667,,
2024-07-10 21:00:00,46.76267273333334,32.5573316,,
2024-07-10 21:30:00,41.8436984,30.569228183333333,,
2024-07-10 22:00:00,43.67863488333333,27.223179016666663,,
2024-07-10 22:30:00,39.12624553333333,28.18845715,,
2024-07-10 23:00:00,42.260556783333335,28.95104286666667,,
2024-07-10 23:30:00,39.75053606666666,32.85805378333333,,
2024-07-11 00:00:00,41.03184276666666,35.63102061666667,,
2024-07-11 00:30:00,36.9739599,34.15101898333334,,
2024-07-11 01:00:00,36.94721821666666,34.4363244,,
2024-07-11 01:30:00,29.186582883333333,28.58162665,,
2024-07-11 02:00:00,28.98551833333333,33.74892381666667,,
2024-07-11 02:30:00,34.54140446666667,33.832869433333336,,
2024-07-11 03:00:00,34.90212605,32.998859933333335,,
2024-07-11 03:30:00,35.87227896666667,31.3501055,,
2024-07-11 04:00:00,34.988368566666665,32.03586555,,
2024-07-11 04:30:00,30.78300825,35.11621601666667,,
2024-07-11 05:00:00,34.52521611666666,39.52824553333333,,
2024-07-11 05:30:00,33.3942739,33.415212733333334,,
2024-07-11 06:00:00,35.05543451666667,33.348815583333334,,
2024-07-11 06:30:00,32.81197445,33.83583848333333,,
2024-07-11 07:00:00,34.91181556666667,33.4411226,,
2024-07-11 07:30:00,39.0446183,38.84465335,,
2024-07-11 08:00:00,38.64701155,41.2986028,,
2024-07-11 08:30:00,47.12856273333333,34.24580398333333,,
2024-07-11 09:00:00,40.9061567,28.151024433333333,,
2024-07-11 09:30:00,29.911536183333336,16.35739441666667,,
2024-07-11 10:00:00,20.330556,-0.9694389166666668,,
2024-07-11 10:30:00,15.2971911,-9.5363283,,
2024-07-11 11:00:00,12.55724285,-23.9748473,,
2024-07-11 11:30:00,9.7970789,-37.21042125,,
2024-07-11 12:00:00,-9.552794383333334,-53.61591115,,
2024-07-11 12:30:00,-12.62477005,-60.68016721666667,,
2024-07-11 13:00:00,-6.948502866666668,-58.12298391666667,,
2024-07-11 13:30:00,-2.043841250000001,-48.84252113333333,,
2024-07-11 14:00:00,6.619363316666667,-60.59693215,,
2024-07-11 14:30:00,7.742546116666666,-56.938253333333336,,
2024-07-11 15:00:00,0.4962438166666661,-35.4541034,,
2024-07-11 15:30:00,6.804488849999999,-16.77030875,,
2024-07-11 16:00:00,12.989797316666667,-5.8656562,,
2024-07-11 16:30:00,13.570975066666668,6.495757283333333,,
2024-07-11 17:00:00,20.084595566666668,11.3837878,,
2024-07-11 17:30:00,28.46256663333333,10.346009416666666,,
2024-07-11 18:00:00,22.24028828333333,22.866776216666665,,
2024-07-11 18:30:00,33.46193386666667,36.51002998333333,,
2024-07-11 19:00:00,47.00251721666666,31.06861218333333,,
2024-07-11 19:30:00,48.53165728333334,39.69234625,,
2024-07-11 20:00:00,51.79755158333333,42.00502343333333,,
2024-07-11 20:30:00,45.48859876666666,41.79696505,,
2024-07-11 21:00:00,43.9324134,46.76267273333334,,
2024-07-11 21:30:00,44.64118093333334,41.8436984,,
2024-07-11 22:00:00,44.28556881666666,43.67863488333333,,
2024-07-11 22:30:00,47.414267216666666,39.12624553333333,,
2024-07-11 23:00:00,46.958854,42.260556783333335,,
2024-07-11 23:30:00,43.65520286666666,39.75053606666666,,
2024-07-12 00:00:00,39.65023228333333,41.03184276666666,,
2024-07-12 00:30:00,34.41725901666667,36.9739599,,
2024-07-12 01:00:00,37.89560218333333,36.94721821666666,,
2024-07-12 01:30:00,34.64525,29.186582883333333,,
2024-07-12 02:00:00,30.472737266666662,28.98551833333333,,
2024-07-12 02:30:00,33.5924779,34.54140446666667,,
2024-07-12 03:00:00,39.4273285,34.90212605,,
2024-07-12 03:30:00,41.650638783333335,35.87227896666667,,
2024-07-12 04:00:00,43.79971895,34.988368566666665,,
2024-07-12 04:30:00,41.67589066666667,30.78300825,,
2024-07-12 05:00:00,32.7274379,34.52521611666666,,
2024-07-12 05:30:00,33.44242623333333,33.3942739,,
2024-07-12 06:00:00,30.8866862,35.05543451666667,,
2024-07-12 06:30:00,31.52554333333333,32.81197445,,
2024-07-12 07:00:00,36.71932613333333,34.91181556666667,,
2024-07-12 07:30:00,50.20630616666667,39.0446183,,
2024-07-12 08:00:00,44.4732934,38.64701155,,
2024-07-12 08:30:00,36.0246227,47.12856273333333,,
2024-07-12 09:00:00,18.54994938333333,40.9061567,,
2024-07-12 09:30:00,10.238895033333334,29.911536183333336,,
2024-07-12 10:00:00,0.0487356333333333,20.330556,,
2024-07-12 10:30:00,-9.408121616666667,15.2971911,,
2024-07-12 11:00:00,-20.9985072,12.55724285,,
2024-07-12 11:30:00,-21.722432933333334,9.7970789,,
2024-07-12 12:00:00,-31.64586115,-9.552794383333334,,
2024-07-12 12:30:00,-46.21500901666667,-12.62477005,,
2024-07-12 13:00:00,-49.15635386666667,-6.948502866666668,,
2024-07-12 13:30:00,-62.56569451666667,-2.043841250000001,,
2024-07-12 14:00:00,-67.01807338333333,6.619363316666667,,
2024-07-12 14:30:00,-55.957909666666666,7.742546116666666,,
2024-07-12 15:00:00,-35.15668845,0.4962438166666661,,
2024-07-12 15:30:00,-17.363220916666666,6.804488849999999,,
2024-07-12 16:00:00,-0.9377940333333332,12.989797316666667,,
2024-07-12 16:30:00,9.307504966666668,13.570975066666668,,
2024-07-12 17:00:00,13.137736666666669,20.084595566666668,,
2024-07-12 17:30:00,14.06479675,28.46256663333333,,
2024-07-12 18:00:00,20.788750616666665,22.24028828333333,,
2024-07-12 18:30:00,19.591507583333332,33.46193386666667,,
2024-07-12 19:00:00,21.96019981666667,47.00251721666666,,
2024-07-12 19:30:00,36.462227766666665,48.53165728333334,,
2024-07-12 20:00:00,41.35156501666667,51.79755158333333,,
2024-07-12 20:30:00,43.33671341666667,45.48859876666666,,
2024-07-12 21:00:00,38.79943665,43.9324134,,
2024-07-12 21:30:00,32.498203466666666,44.64118093333334,,
2024-07-12 22:00:00,33.13464308333334,44.28556881666666,,
2024-07-12 22:30:00,30.55906561666667,47.414267216666666,,
2024-07-12 23:00:00,31.739136116666668,46.958854,,
2024-07-12 23:30:00,30.27973165,43.65520286666666,,
2024-07-13 00:00:00,31.76390385,39.65023228333333,,
2024-07-13 00:30:00,35.81140238333334,34.41725901666667,,
2024-07-13 01:00:00,32.61969173333333,37.89560218333333,,
2024-07-13 01:30:00,30.69270105,34.64525,,
2024-07-13 02:00:00,31.287163966666668,30.472737266666662,,
2024-07-13 02:30:00,30.159485516666667,33.5924779,,
2024-07-13 03:00:00,33.570111616666665,39.4273285,,
2024-07-13 03:30:00,31.17223375,41.650638783333335,,
2024-07-13 04:00:00,32.846837783333335,43.79971895,,
2024-07-13 04:30:00,29.61417343333333,41.67589066666667,,
2024-07-13 05:00:00,30.68207986666667,32.7274379,,
2024-07-13 05:30:00,31.598451616666665,33.44242623333333,,
2024-07-13 06:00:00,40.07267668333333,30.8866862,,
2024-07-13 06:30:00,38.66428508333333,31.52554333333333,,
2024-07-13 07:00:00,36.658697116666666,36.71932613333333,,
2024-07-13 07:30:00,48.54698385,50.20630616666667,,
2024-07-13 08:00:00,39.51894776666666,44.4732934,,
2024-07-13 08:30:00,24.96277545,36.0246227,,
2024-07-13 09:00:00,21.16139783333333,18.54994938333333,,
2024-07-13 09:30:00,17.9671162,10.238895033333334,,
2024-07-13 10:00:00,6.224400500000001,0.0487356333333333,,
2024-07-13 10:30:00,-12.317969966666666,-9.408121616666667,,
2024-07-13 11:00:00,-20.24283395,-20.9985072,,
2024-07-13 11:30:00,-34.11463681666667,-21.722432933333334,,
2024-07-13 12:00:00,-40.555239883333336,-31.64586115,,
2024-07-13 12:30:00,-48.70970546666666,-46.21500901666667,,
2024-07-13 13:00:00,-52.91589389999999,-49.15635386666667,,
2024-07-13 13:30:00,-53.13615495,-62.56569451666667,,
2024-07-13 14:00:00,-35.706945483333335,-67.01807338333333,,
2024-07-13 14:30:00,-39.605735683333336,-55.957909666666666,,
2024-07-13 15:00:00,-30.706911566666665,-35.15668845,,
2024-07-13 15:30:00,-17.031696683333333,-17.363220916666666,,
2024-07-13 16:00:00,4.716217666666666,-0.9377940333333332,,
2024-07-13 16:30:00,16.240345433333335,9.307504966666668,,
2024-07-13 17:00:00,15.319567283333331,13.137736666666669,,
2024-07-13 17:30:00,17.93287056666667,14.06479675,,
2024-07-13 18:00:00,30.82071156666667,20.788750616666665,,
2024-07-13 18:30:00,37.283986766666665,19.591507583333332,,
2024-07-13 19:00:00,38.168382783333335,21.96019981666667,,
2024-07-13 19:30:00,45.52544605,36.462227766666665,,
2024-07-13 20:00:00,48.836257233333335,41.35156501666667,,
2024-07-13 20:30:00,48.51314396666667,43.33671341666667,,
2024-07-13 21:00:00,41.048396233333335,38.79943665,,
2024-07-13 21:30:00,33.8688971,32.498203466666666,,
2024-07-13 22:00:00,29.95411113333333,33.13464308333334,,
2024-07-13 22:30:00,28.45407326666667,30.55906561666667,,
2024-07-13 23:00:00,33.1393617,31.739136116666668,,
2024-07-13 23:30:00,31.5134588,30.27973165,,
2024-07-14 00:00:00,33.075897833333336,31.76390385,,
2024-07-14 00:30:00,32.01878715,35.81140238333334,,
2024-07-14 01:00:00,30.71790785,32.61969173333333,,
2024-07-14 01:30:00,30.3838451,30.69270105,,
2024-07-14 02:00:00,27.128609933333333,31.287163966666668,,
2024-07-14 02:30:00,30.68063781666667,30.159485516666667,,
2024-07-14 03:00:00,32.08288771666667,33.570111616666665,,
2024-07-14 03:30:00,33.85251815,31.17223375,,
2024-07-14 04:00:00,32.976633316666664,32.846837783333335,,
2024-07-14 04:30:00,29.3574637,29.61417343333333,,
2024-07-14 05:00:00,32.04764213333333,30.68207986666667,,
2024-07-14 05:30:00,28.17443225,31.598451616666665,,
2024-07-14 06:00:00,34.31641668333333,40.07267668333333,,
2024-07-14 06:30:00,41.31146,38.66428508333333,,
2024-07-14 07:00:00,41.727654433333335,36.658697116666666,,
2024-07-14 07:30:00,41.24183106666667,48.54698385,,
2024-07-14 08:00:00,37.92501098333333,39.51894776666666,,
2024-07-14 08:30:00,29.13635323333333,24.96277545,,
2024-07-14 09:00:00,30.894700516666664,21.16139783333333,,
2024-07-14 09:30:00,21.059184416666668,17.9671162,,
2024-07-14 10:00:00,4.526047116666668,6.224400500000001,,
2024-07-14 10:30:00,-10.7550211,-12.317969966666666,,
2024-07-14 11:00:00,-13.930225016666668,-20.24283395,,
2024-07-14 11:30:00,-25.743587716666667,-34.11463681666667,,
2024-07-14 12:00:00,-39.42899118333333,-40.555239883333336,,
2024-07-14 12:30:00,-53.135958433333336,-48.70970546666666,,
2024-07-14 13:00:00,-66.28316548333333,-52.91589389999999,,
2024-07-14 13:30:00,-58.123522183333336,-53.13615495,,
2024-07-14 14:00:00,-52.08097933333334,-35.706945483333335,,
2024-07-14 14:30:00,-45.33987738333334,-39.605735683333336,,
2024-07-14 15:00:00,-24.2586084,-30.706911566666665,,
2024-07-14 15:30:00,-10.963155533333332,-17.031696683333333,,
2024-07-14 16:00:00,4.155989466666667,4.716217666666666,,
2024-07-14 16:30:00,7.5732155,16.240345433333335,,
2024-07-14 17:00:00,22.29713568333333,15.319567283333331,,
2024-07-14 17:30:00,27.133430583333336,17.93287056666667,,
2024-07-14 18:00:00,32.57193435,30.82071156666667,,
2024-07-14 18:30:00,41.87395326666667,37.283986766666665,,
2024-07-14 19:00:00,36.4140667,38.168382783333335,,
2024-07-14 19:30:00,41.12044171666667,45.52544605,,
2024-07-14 20:00:00,45.99546106666667,48.836257233333335,,
2024-07-14 20:30:00,46.13004383333333,48.51314396666667,,
2024-07-14 21:00:00,43.84605485,41.048396233333335,,
2024-07-14 21:30:00,41.08957295,33.8688971,,
2024-07-14 22:00:00,37.9248783,29.95411113333333,,
2024-07-14 22:30:00,38.901853816666666,28.45407326666667,,
2024-07-14 23:00:00,35.10493721666667,33.1393617,,
2024-07-14 23:30:00,37.26615218333333,31.5134588,,
2024-07-15 00:00:00,39.90306373333333,33.075897833333336,,
2024-07-15 00:30:00,35.53244778333333,32.01878715,,
2024-07-15 01:00:00,33.80344831666667,30.71790785,,
2024-07-15 01:30:00,35.1428501,30.3838451,,
2024-07-15 02:00:00,31.60174815,27.128609933333333,,
2024-07-15 02:30:00,31.554416216666667,30.68063781666667,,
2024-07-15 03:00:00,32.6739772,32.08288771666667,,
2024-07-15 03:30:00,35.78012505,33.85251815,,
2024-07-15 04:00:00,39.59445891666667,32.976633316666664,,
2024-07-15 04:30:00,45.27425545,29.3574637,,
2024-07-15 05:00:00,44.3508328,32.04764213333333,,
2024-07-15 05:30:00,39.26248675,28.17443225,,
2024-07-15 06:00:00,44.695531716666665,34.31641668333333,,
2024-07-15 06:30:00,51.380573266666666,41.31146,,
2024-07-15 07:00:00,50.16590235,41.727654433333335,,
2024-07-15 07:30:00,56.33560785,41.24183106666667,,
2024-07-15 08:00:00,60.16590613333333,37.92501098333333,,
2024-07-15 08:30:00,45.26352608333334,29.13635323333333,,
2024-07-15 09:00:00,31.98783391666667,30.894700516666664,,
2024-07-15 09:30:00,19.894562233333332,21.059184416666668,,
2024-07-15 10:00:00,8.263230966666667,4.526047116666668,,
2024-07-15 10:30:00,-5.044802733333333,-10.7550211,,
2024-07-15 11:00:00,-14.804655066666667,-13.930225016666668,,
2024-07-15 11:30:00,-33.80412328333333,-25.743587716666667,,
2024-07-15 12:00:00,-31.815258916666664,-39.42899118333333,,
2024-07-15 12:30:00,-34.229640100000005,-53.135958433333336,,
2024-07-15 13:00:00,-42.271322233333336,-66.28316548333333,,
2024-07-15 13:30:00,-38.293531,-58.123522183333336,,
2024-07-15 14:00:00,-37.9300083,-52.08097933333334,,
2024-07-15 14:30:00,-34.153188566666664,-45.33987738333334,,
2024-07-15 15:00:00,-12.9201338,-24.2586084,,
2024-07-15 15:30:00,19.840560016666668,-10.963155533333332,,
2024-07-15 16:00:00,34.73277181666666,4.155989466666667,,
2024-07-15 16:30:00,40.43015725,7.5732155,,
2024-07-15 17:00:00,39.9877438,22.29713568333333,,
2024-07-15 17:30:00,41.50051221666666,27.133430583333336,,
2024-07-15 18:00:00,44.33932433333334,32.57193435,,
2024-07-15 18:30:00,51.93199053333333,41.87395326666667,,
2024-07-15 19:00:00,63.5301334,36.4140667,,
2024-07-15 19:30:00,59.67048255,41.12044171666667,,
2024-07-15 20:00:00,60.63271886666666,45.99546106666667,,
2024-07-15 20:30:00,52.68391161666667,46.13004383333333,,
2024-07-15 21:00:00,52.095553816666666,43.84605485,,
2024-07-15 21:30:00,49.08266165,41.08957295,,
2024-07-15 22:00:00,47.11271941666666,37.9248783,,
2024-07-15 22:30:00,39.65736391666667,38.901853816666666,,
2024-07-15 23:00:00,38.69570446666666,35.10493721666667,,
2024-07-15 23:30:00,38.94612228333333,37.26615218333333,,
2024-07-16 00:00:00,32.88171723333333,39.90306373333333,,
2024-07-16 00:30:00,31.09438945,35.53244778333333,,
2024-07-16 01:00:00,30.581483316666667,33.80344831666667,,
2024-07-16 01:30:00,30.5147372,35.1428501,,
2024-07-16 02:00:00,31.05088935,31.60174815,,
2024-07-16 02:30:00,31.882812866666665,31.554416216666667,,
2024-07-16 03:00:00,29.77766173333333,32.6739772,,
2024-07-16 03:30:00,30.08133273333333,35.78012505,,
2024-07-16 04:00:00,26.88266983333333,39.59445891666667,,
2024-07-16 04:30:00,29.683207633333332,45.27425545,,
2024-07-16 05:00:00,29.5880177,44.3508328,,
2024-07-16 05:30:00,29.342682216666663,39.26248675,,
2024-07-16 06:00:00,43.624560566666666,44.695531716666665,,
2024-07-16 06:30:00,47.85422838333333,51.380573266666666,,
2024-07-16 07:00:00,52.43301881666667,50.16590235,,
2024-07-16 07:30:00,49.57971835,56.33560785,,
2024-07-16 08:00:00,50.34376178333334,60.16590613333333,,
2024-07-16 08:30:00,46.64618393333333,45.26352608333334,,
2024-07-16 09:00:00,33.666495516666664,31.98783391666667,,
2024-07-16 09:30:00,26.9137373,19.894562233333332,,
2024-07-16 10:00:00,6.426582233333334,8.263230966666667,,
2024-07-16 10:30:00,9.35851565,-5.044802733333333,,
2024-07-16 11:00:00,-8.419019516666667,-14.804655066666667,,
2024-07-16 11:30:00,-14.77808625,-33.80412328333333,,
2024-07-16 12:00:00,-22.612977816666668,-31.815258916666664,,
2024-07-16 12:30:00,-31.586361616666665,-34.229640100000005,,
2024-07-16 13:00:00,-31.474307733333333,-42.271322233333336,,
2024-07-16 13:30:00,-23.1326095,-38.293531,,
2024-07-16 14:00:00,-12.30163945,-37.9300083,,
2024-07-16 14:30:00,-10.598746716666666,-34.153188566666664,,
2024-07-16 15:00:00,-7.547263466666667,-12.9201338,,
2024-07-16 15:30:00,2.276224533333333,19.840560016666668,,
2024-07-16 16:00:00,18.4044118,34.73277181666666,,
2024-07-16 16:30:00,27.83310111666667,40.43015725,,
2024-07-16 17:00:00,35.90171336666666,39.9877438,,
2024-07-16 17:30:00,36.016227216666664,41.50051221666666,,
2024-07-16 18:00:00,32.44029895,44.33932433333334,,
2024-07-16 18:30:00,39.2799924,51.93199053333333,,
2024-07-16 19:00:00,40.56279056666667,63.5301334,,
2024-07-16 19:30:00,52.92752051666667,59.67048255,,
2024-07-16 20:00:00,53.20946511666667,60.63271886666666,,
2024-07-16 20:30:00,54.97061598333334,52.68391161666667,,
2024-07-16 21:00:00,50.66006646666667,52.095553816666666,,
2024-07-16 21:30:00,48.217068366666666,49.08266165,,
2024-07-16 22:00:00,55.9349622,47.11271941666666,,
2024-07-16 22:30:00,46.3731306,39.65736391666667,,
2024-07-16 23:00:00,44.87600888333333,38.69570446666666,,
2024-07-16 23:30:00,43.30185175,38.94612228333333,,
2024-07-17 00:00:00,43.78245596666667,32.88171723333333,,
2024-07-17 00:30:00,39.95300951666667,31.09438945,,
2024-07-17 01:00:00,34.1862028,30.581483316666667,,
2024-07-17 01:30:00,33.266712266666666,30.5147372,,
2024-07-17 02:00:00,32.16874106666666,31.05088935,,
2024-07-17 02:30:00,33.026159416666665,31.882812866666665,,
2024-07-17 03:00:00,23.16912448333333,29.77766173333333,,
2024-07-17 03:30:00,23.271646216666667,30.08133273333333,,
2024-07-17 04:00:00,28.62220815,26.88266983333333,,
2024-07-17 04:30:00,26.758577216666662,29.683207633333332,,
2024-07-17 05:00:00,28.257121100000003,29.5880177,,
2024-07-17 05:30:00,29.567406216666665,29.342682216666663,,
2024-07-17 06:00:00,42.893214916666665,43.624560566666666,,
2024-07-17 06:30:00,54.56153215,47.85422838333333,,
2024-07-17 07:00:00,50.37895595,52.43301881666667,,
2024-07-17 07:30:00,44.0854472,49.57971835,,
2024-07-17 08:00:00,46.46230501666667,50.34376178333334,,
2024-07-17 08:30:00,37.366057016666666,46.64618393333333,,
2024-07-17 09:00:00,30.14431243333333,33.666495516666664,,
2024-07-17 09:30:00,24.043748816666664,26.9137373,,
2024-07-17 10:00:00,-1.0394004499999996,6.426582233333334,,
2024-07-17 10:30:00,-5.989484433333335,9.35851565,,
2024-07-17 11:00:00,-10.670277816666667,-8.419019516666667,,
2024-07-17 11:30:00,-24.87793445,-14.77808625,,
2024-07-17 12:00:00,-30.989412166666664,-22.612977816666668,,
2024-07-17 12:30:00,-36.1589962,-31.586361616666665,,
2024-07-17 13:00:00,-32.79481723333333,-31.474307733333333,,
2024-07-17 13:30:00,-26.232626083333333,-23.1326095,,
2024-07-17 14:00:00,-18.352318933333333,-12.30163945,,
2024-07-17 14:30:00,-19.188797216666668,-10.598746716666666,,
2024-07-17 15:00:00,-16.54789325,-7.547263466666667,,
2024-07-17 15:30:00,-0.2084256666666662,2.276224533333333,,
2024-07-17 16:00:00,8.386747716666667,18.4044118,,
2024-07-17 16:30:00,20.840121633333336,27.83310111666667,,
2024-07-17 17:00:00,24.734090566666666,35.90171336666666,,
2024-07-17 17:30:00,27.92096845,36.016227216666664,,
2024-07-17 18:00:00,34.04306735,32.44029895,,
2024-07-17 18:30:00,44.53471668333333,39.2799924,,
2024-07-17 19:00:00,47.07424286666666,40.56279056666667,,
2024-07-17 19:30:00,46.54185935,52.92752051666667,,
2024-07-17 20:00:00,45.92996165,53.20946511666667,,
2024-07-17 20:30:00,50.55131615,54.97061598333334,,
2024-07-17 21:00:00,49.33722286666667,50.66006646666667,,
2024-07-17 21:30:00,52.89456345,48.217068366666666,,
2024-07-17 22:00:00,51.39942115,55.9349622,,
2024-07-17 22:30:00,41.764903933333336,46.3731306,,
2024-07-17 23:00:00,42.324398216666665,44.87600888333333,,
2024-07-17 23:30:00,45.34842268333333,43.30185175,,
2024-07-18 00:00:00,44.99970998333333,43.78245596666667,,
2024-07-18 00:30:00,39.00048905,39.95300951666667,,
2024-07-18 01:00:00,40.25509426666667,34.1862028,,
2024-07-18 01:30:00,39.596785116666666,33.266712266666666,,
2024-07-18 02:00:00,36.752161566666665,32.16874106666666,,
2024-07-18 02:30:00,38.94059498333333,33.026159416666665,,
2024-07-18 03:00:00,34.65669206666667,23.16912448333333,,
2024-07-18 03:30:00,30.24172115,23.271646216666667,,
2024-07-18 04:00:00,37.42294705,28.62220815,,
2024-07-18 04:30:00,43.5723749,26.758577216666662,,
2024-07-18 05:00:00,41.8931784,28.257121100000003,,
2024-07-18 05:30:00,32.14719276666667,29.567406216666665,,
2024-07-18 06:00:00,43.037400983333335,42.893214916666665,,
2024-07-18 06:30:00,52.60129935,54.56153215,,
2024-07-18 07:00:00,45.66568891666666,50.37895595,,
2024-07-18 07:30:00,48.92330668333333,44.0854472,,
2024-07-18 08:00:00,49.86015836666667,46.46230501666667,,
2024-07-18 08:30:00,36.7065624,37.366057016666666,,
2024-07-18 09:00:00,24.22984898333333,30.14431243333333,,
2024-07-18 09:30:00,22.0570384,24.043748816666664,,
2024-07-18 10:00:00,-6.12219335,-1.0394004499999996,,
2024-07-18 10:30:00,-13.682222683333334,-5.989484433333335,,
2024-07-18 11:00:00,-33.34157011666667,-10.670277816666667,,
2024-07-18 11:30:00,-37.31082825,-24.87793445,,
2024-07-18 12:00:00,-35.5645807,-30.989412166666664,,
2024-07-18 12:30:00,-41.15038215,-36.1589962,,
2024-07-18 13:00:00,-43.11632273333333,-32.79481723333333,,
2024-07-18 13:30:00,-40.74875493333334,-26.232626083333333,,
2024-07-18 14:00:00,-33.44746276666667,-18.352318933333333,,
2024-07-18 14:30:00,-32.210033466666665,-19.188797216666668,,
2024-07-18 15:00:00,-20.614118366666663,-16.54789325,,
2024-07-18 15:30:00,-2.781896716666667,-0.2084256666666662,,
2024-07-18 16:00:00,5.243690033333333,8.386747716666667,,
2024-07-18 16:30:00,13.549552866666666,20.840121633333336,,
2024-07-18 17:00:00,16.2447523,24.734090566666666,,
2024-07-18 17:30:00,27.21186715,27.92096845,,
2024-07-18 18:00:00,31.12531285,34.04306735,,
2024-07-18 18:30:00,40.121091,44.53471668333333,,
2024-07-18 19:00:00,38.640128833333335,47.07424286666666,,
2024-07-18 19:30:00,50.29736326666667,46.54185935,,
2024-07-18 20:00:00,47.797310583333335,45.92996165,,
2024-07-18 20:30:00,61.81886945,50.55131615,,
2024-07-18 21:00:00,50.1514656,49.33722286666667,,
2024-07-18 21:30:00,45.68925285,52.89456345,,
2024-07-18 22:00:00,47.57460498333333,51.39942115,,
2024-07-18 22:30:00,41.227906716666666,41.764903933333336,,
2024-07-18 23:00:00,38.98107623333333,42.324398216666665,,
2024-07-18 23:30:00,35.58021725,45.34842268333333,,
2024-07-19 00:00:00,40.25414886666667,44.99970998333333,,
2024-07-19 00:30:00,35.13502101666666,39.00048905,,
2024-07-19 01:00:00,34.365887683333334,40.25509426666667,,
2024-07-19 01:30:00,31.08292218333333,39.596785116666666,,
2024-07-19 02:00:00,24.98635853333333,36.752161566666665,,
2024-07-19 02:30:00,29.067000466666663,38.94059498333333,,
2024-07-19 03:00:00,28.390816666666662,34.65669206666667,,
2024-07-19 03:30:00,29.04698875,30.24172115,,
2024-07-19 04:00:00,35.55625653333333,37.42294705,,
2024-07-19 04:30:00,35.835891716666666,43.5723749,,
2024-07-19 05:00:00,32.63029998333334,41.8931784,,
2024-07-19 05:30:00,32.88013165,32.14719276666667,,
2024-07-19 06:00:00,42.84371238333333,43.037400983333335,,
2024-07-19 06:30:00,47.9534589,52.60129935,,
2024-07-19 07:00:00,44.81163626666668,45.66568891666666,,
2024-07-19 07:30:00,42.77489883333333,48.92330668333333,,
2024-07-19 08:00:00,46.869430533333336,49.86015836666667,,
2024-07-19 08:30:00,48.22535883333333,36.7065624,,
2024-07-19 09:00:00,41.12113613333333,24.22984898333333,,
2024-07-19 09:30:00,29.19728673333333,22.0570384,,
2024-07-19 10:00:00,12.407450633333331,-6.12219335,,
2024-07-19 10:30:00,5.599382816666666,-13.682222683333334,,
2024-07-19 11:00:00,-2.4983604333333336,-33.34157011666667,,
2024-07-19 11:30:00,-11.9848115,-37.31082825,,
2024-07-19 12:00:00,-12.690999433333332,-35.5645807,,
2024-07-19 12:30:00,-16.959956666666667,-41.15038215,,
2024-07-19 13:00:00,-34.07910385,-43.11632273333333,,
2024-07-19 13:30:00,-14.896417283333337,-40.74875493333334,,
2024-07-19 14:00:00,7.458743299999999,-33.44746276666667,,
2024-07-19 14:30:00,12.1822721,-32.210033466666665,,
2024-07-19 15:00:00,17.36266445,-20.614118366666663,,
2024-07-19 15:30:00,19.26145998333333,-2.781896716666667,,
2024-07-19 16:00:00,32.2248629,5.243690033333333,,
2024-07-19 16:30:00,36.35531325,13.549552866666666,,
2024-07-19 17:00:00,42.16533343333333,16.2447523,,
2024-07-19 17:30:00,56.78501495,27.21186715,,
2024-07-19 18:00:00,59.08896493333333,31.12531285,,
2024-07-19 18:30:00,69.76032275,40.121091,,
2024-07-19 19:00:00,67.57818775,38.640128833333335,,
2024-07-19 19:30:00,64.06685713333333,50.29736326666667,,
2024-07-19 20:00:00,60.764987366666666,47.797310583333335,,
2024-07-19 20:30:00,52.93434381666666,61.81886945,,
2024-07-19 21:00:00,50.3336728,50.1514656,,
2024-07-19 21:30:00,54.2835,45.68925285,,
2024-07-19 22:00:00,57.48771223333333,47.57460498333333,,
2024-07-19 22:30:00,50.32715941666667,41.227906716666666,,
2024-07-19 23:00:00,51.95359891666666,38.98107623333333,,
2024-07-19 23:30:00,46.40812618333333,35.58021725,,
2024-07-20 00:00:00,37.17907893333334,40.25414886666667,,
2024-07-20 00:30:00,34.598926283333334,35.13502101666666,,
2024-07-20 01:00:00,34.51789168333334,34.365887683333334,,
2024-07-20 01:30:00,31.97076488333333,31.08292218333333,,
2024-07-20 02:00:00,27.10366888333333,24.98635853333333,,
2024-07-20 02:30:00,29.048552266666665,29.067000466666663,,
2024-07-20 03:00:00,32.11444183333333,28.390816666666662,,
2024-07-20 03:30:00,29.913330416666668,29.04698875,,
2024-07-20 04:00:00,35.48794843333334,35.55625653333333,,
2024-07-20 04:30:00,28.2651956,35.835891716666666,,
2024-07-20 05:00:00,28.222852366666668,32.63029998333334,,
2024-07-20 05:30:00,33.325264616666665,32.88013165,,
2024-07-20 06:00:00,42.0428033,42.84371238333333,,
2024-07-20 06:30:00,46.36410453333334,47.9534589,,
2024-07-20 07:00:00,42.67391325,44.81163626666668,,
2024-07-20 07:30:00,38.83183,42.77489883333333,,
2024-07-20 08:00:00,35.30229611666667,46.869430533333336,,
2024-07-20 08:30:00,36.6060284,48.22535883333333,,
2024-07-20 09:00:00,34.315509383333335,41.12113613333333,,
2024-07-20 09:30:00,21.423117766666667,29.19728673333333,,
2024-07-20 10:00:00,19.010792783333333,12.407450633333331,,
2024-07-20 10:30:00,9.793873916666666,5.599382816666666,,
2024-07-20 11:00:00,1.7203222666666669,-2.4983604333333336,,
2024-07-20 11:30:00,-8.541270516666666,-11.9848115,,
2024-07-20 12:00:00,-22.44146453333333,-12.690999433333332,,
2024-07-20 12:30:00,-39.236809,-16.959956666666667,,
2024-07-20 13:00:00,-45.29334841666667,-34.07910385,,
2024-07-20 13:30:00,-40.4265535,-14.896417283333337,,
2024-07-20 14:00:00,-22.71654931666667,7.458743299999999,,
2024-07-20 14:30:00,-22.7395843,12.1822721,,
2024-07-20 15:00:00,-13.746677150000002,17.36266445,,
2024-07-20 15:30:00,-2.890893783333333,19.26145998333333,,
2024-07-20 16:00:00,14.130473216666667,32.2248629,,
2024-07-20 16:30:00,36.65257126666666,36.35531325,,
2024-07-20 17:00:00,43.94291901666667,42.16533343333333,,
2024-07-20 17:30:00,44.57034671666667,56.78501495,,
2024-07-20 18:00:00,53.98805488333333,59.08896493333333,,
2024-07-20 18:30:00,51.41278941666667,69.76032275,,
2024-07-20 19:00:00,52.46059775,67.57818775,,
2024-07-20 19:30:00,55.340873433333336,64.06685713333333,,
2024-07-20 20:00:00,51.80650045000001,60.764987366666666,,
2024-07-20 20:30:00,50.97264956666667,52.93434381666666,,
2024-07-20 21:00:00,62.24955111666667,50.3336728,,
2024-07-20 21:30:00,59.53672493333334,54.2835,,
2024-07-20 22:00:00,51.202979983333336,57.48771223333333,,
2024-07-20 22:30:00,47.10367051666666,50.32715941666667,,
2024-07-20 23:00:00,45.24680113333333,51.95359891666666,,
2024-07-20 23:30:00,40.683728433333336,46.40812618333333,,
2024-07-21 00:00:00,39.48332726666666,37.17907893333334,,
2024-07-21 00:30:00,36.5794345,34.598926283333334,,
2024-07-21 01:00:00,33.072804483333336,34.51789168333334,,
2024-07-21 01:30:00,33.56927551666667,31.97076488333333,,
2024-07-21 02:00:00,30.86498725,27.10366888333333,,
2024-07-21 02:30:00,32.10753231666667,29.048552266666665,,
2024-07-21 03:00:00,27.52711165,32.11444183333333,,
2024-07-21 03:30:00,30.572676666666663,29.913330416666668,,
2024-07-21 04:00:00,28.857968266666663,35.48794843333334,,
2024-07-21 04:30:00,27.92940503333333,28.2651956,,
2024-07-21 05:00:00,31.137954566666664,28.222852366666668,,
2024-07-21 05:30:00,28.60973551666667,33.325264616666665,,
2024-07-21 06:00:00,40.33738456666666,42.0428033,,
2024-07-21 06:30:00,53.1784206,46.36410453333334,,
2024-07-21 07:00:00,49.58463776666667,42.67391325,,
2024-07-21 07:30:00,39.1055944,38.83183,,
2024-07-21 08:00:00,31.360586666666663,35.30229611666667,,
2024-07-21 08:30:00,27.595969916666665,36.6060284,,
2024-07-21 09:00:00,35.50601515,34.315509383333335,,
2024-07-21 09:30:00,16.559511616666665,21.423117766666667,,
2024-07-21 10:00:00,-8.7671656,19.010792783333333,,
2024-07-21 10:30:00,-19.74280735,9.793873916666666,,
2024-07-21 11:00:00,-26.41328328333333,1.7203222666666669,,
2024-07-21 11:30:00,-32.08655948333333,-8.541270516666666,,
2024-07-21 12:00:00,-37.53875116666666,-22.44146453333333,,
2024-07-21 12:30:00,-55.73792445,-39.236809,,
2024-07-21 13:00:00,-63.89354320000001,-45.29334841666667,,
2024-07-21 13:30:00,-58.4216605,-40.4265535,,
2024-07-21 14:00:00,-41.0636916,-22.71654931666667,,
2024-07-21 14:30:00,-25.53078766666667,-22.7395843,,
2024-07-21 15:00:00,-14.580246133333333,-13.746677150000002,,
2024-07-21 15:30:00,10.316138883333332,-2.890893783333333,,
2024-07-21 16:00:00,22.1748832,14.130473216666667,,
2024-07-21 16:30:00,34.278249566666666,36.65257126666666,,
2024-07-21 17:00:00,40.49738846666667,43.94291901666667,,
2024-07-21 17:30:00,44.609557800000005,44.57034671666667,,
2024-07-21 18:00:00,47.88664226666666,53.98805488333333,,
2024-07-21 18:30:00,45.95513281666666,51.41278941666667,,
2024-07-21 19:00:00,51.3385605,52.46059775,,
2024-07-21 19:30:00,47.65075221666666,55.340873433333336,,
2024-07-21 20:00:00,48.48930785,51.80650045000001,,
2024-07-21 20:30:00,43.36138928333333,50.97264956666667,,
2024-07-21 21:00:00,43.31898995,62.24955111666667,,
2024-07-21 21:30:00,41.38392666666667,59.53672493333334,,
2024-07-21 22:00:00,44.99508663333333,51.202979983333336,,
2024-07-21 22:30:00,45.66547315,47.10367051666666,,
2024-07-21 23:00:00,46.149642766666666,45.24680113333333,,
2024-07-21 23:30:00,43.08176601666667,40.683728433333336,,
2024-07-22 00:00:00,38.448723666666666,39.48332726666666,,
2024-07-22 00:30:00,33.676985566666666,36.5794345,,
2024-07-22 01:00:00,33.20311723333333,33.072804483333336,,
2024-07-22 01:30:00,32.956417800000004,33.56927551666667,,
2024-07-22 02:00:00,30.47907566666667,30.86498725,,
2024-07-22 02:30:00,29.698643416666663,32.10753231666667,,
2024-07-22 03:00:00,24.709870566666662,27.52711165,,
2024-07-22 03:30:00,26.084913616666668,30.572676666666663,,
2024-07-22 04:00:00,24.9714917,28.857968266666663,,
2024-07-22 04:30:00,30.905966700000004,27.92940503333333,,
2024-07-22 05:00:00,34.71148288333333,31.137954566666664,,
2024-07-22 05:30:00,29.63794,28.60973551666667,,
2024-07-22 06:00:00,37.89312666666667,40.33738456666666,,
2024-07-22 06:30:00,34.4287099,53.1784206,,
2024-07-22 07:00:00,44.36258161666667,49.58463776666667,,
2024-07-22 07:30:00,48.53346608333334,39.1055944,,
2024-07-22 08:00:00,56.59565268333333,31.360586666666663,,
2024-07-22 08:30:00,54.354556083333335,27.595969916666665,,
2024-07-22 09:00:00,32.51387008333334,35.50601515,,
2024-07-22 09:30:00,14.100277683333331,16.559511616666665,,
2024-07-22 10:00:00,-5.187292266666666,-8.7671656,,
2024-07-22 10:30:00,-18.49396275,-19.74280735,,
2024-07-22 11:00:00,-38.5189345,-26.41328328333333,,
2024-07-22 11:30:00,-40.3195917,-32.08655948333333,,
2024-07-22 12:00:00,-45.8683261,-37.53875116666666,,
2024-07-22 12:30:00,-47.71274945,-55.73792445,,
2024-07-22 13:00:00,-45.489245966666665,-63.89354320000001,,
2024-07-22 13:30:00,-43.79570285,-58.4216605,,
2024-07-22 14:00:00,-35.584713433333334,-41.0636916,,
2024-07-22 14:30:00,-35.09454886666666,-25.53078766666667,,
2024-07-22 15:00:00,-26.4118189,-14.580246133333333,,
2024-07-22 15:30:00,-6.379264366666667,10.316138883333332,,
2024-07-22 16:00:00,15.233360116666669,22.1748832,,
2024-07-22 16:30:00,36.86915236666667,34.278249566666666,,
2024-07-22 17:00:00,35.16520448333333,40.49738846666667,,
2024-07-22 17:30:00,37.66217063333334,44.609557800000005,,
2024-07-22 18:00:00,37.4819894,47.88664226666666,,
2024-07-22 18:30:00,40.92752055,45.95513281666666,,
2024-07-22 19:00:00,41.38275336666666,51.3385605,,
2024-07-22 19:30:00,45.2631049,47.65075221666666,,
2024-07-22 20:00:00,39.141305433333336,48.48930785,,
2024-07-22 20:30:00,40.84839883333333,43.36138928333333,,
2024-07-22 21:00:00,45.33754493333333,43.31898995,,
2024-07-22 21:30:00,40.4068305,41.38392666666667,,
2024-07-22 22:00:00,36.44723005,44.99508663333333,,
2024-07-22 22:30:00,41.53052015,45.66547315,,
2024-07-22 23:00:00,37.552986016666665,46.149642766666666,,
2024-07-22 23:30:00,36.046315533333335,43.08176601666667,,
2024-07-23 00:00:00,34.75611605,38.448723666666666,,
2024-07-23 00:30:00,32.61064278333333,33.676985566666666,,
2024-07-23 01:00:00,29.33887155,33.20311723333333,,
2024-07-23 01:30:00,30.87078491666667,32.956417800000004,,
2024-07-23 02:00:00,33.561866083333335,30.47907566666667,,
2024-07-23 02:30:00,33.55498501666667,29.698643416666663,,
2024-07-23 03:00:00,29.10351,24.709870566666662,,
2024-07-23 03:30:00,24.682785366666668,26.084913616666668,,
2024-07-23 04:00:00,25.6826509,24.9714917,,
2024-07-23 04:30:00,30.234592216666663,30.905966700000004,,
2024-07-23 05:00:00,27.222063916666663,34.71148288333333,,
2024-07-23 05:30:00,23.63726773333333,29.63794,,
2024-07-23 06:00:00,37.15053111666666,37.89312666666667,,
2024-07-23 06:30:00,51.80544211666666,34.4287099,,
2024-07-23 07:00:00,58.15640175000001,44.36258161666667,,
2024-07-23 07:30:00,57.027854483333336,48.53346608333334,,
2024-07-23 08:00:00,60.635842716666666,56.59565268333333,,
2024-07-23 08:30:00,38.9671612,54.354556083333335,,
2024-07-23 09:00:00,25.332821066666668,32.51387008333334,,
2024-07-23 09:30:00,10.14631165,14.100277683333331,,
2024-07-23 10:00:00,-14.762792916666667,-5.187292266666666,,
2024-07-23 10:30:00,-24.43872895,-18.49396275,,
2024-07-23 11:00:00,-39.14368005,-38.5189345,,
2024-07-23 11:30:00,-60.86714451666666,-40.3195917,,
2024-07-23 12:00:00,-66.13069445000001,-45.8683261,,
2024-07-23 12:30:00,-71.28683881666667,-47.71274945,,
2024-07-23 13:00:00,-92.13669054999998,-45.489245966666665,,
2024-07-23 13:30:00,-84.92692726666667,-43.79570285,,
2024-07-23 14:00:00,-79.78227241666667,-35.584713433333334,,
2024-07-23 14:30:00,-71.73929066666666,-35.09454886666666,,
2024-07-23 15:00:00,-49.98164825,-26.4118189,,
2024-07-23 15:30:00,-26.015748316666663,-6.379264366666667,,
2024-07-23 16:00:00,-8.877293333333332,15.233360116666669,,
2024-07-23 16:30:00,5.174131249999999,36.86915236666667,,
2024-07-23 17:00:00,17.769356633333334,35.16520448333333,,
2024-07-23 17:30:00,23.11857895,37.66217063333334,,
2024-07-23 18:00:00,20.45546495,37.4819894,,
2024-07-23 18:30:00,25.29534325,40.92752055,,
2024-07-23 19:00:00,27.74698713333333,41.38275336666666,,
2024-07-23 19:30:00,30.202966766666663,45.2631049,,
2024-07-23 20:00:00,36.59745775,39.141305433333336,,
2024-07-23 20:30:00,42.57709101666666,40.84839883333333,,
2024-07-23 21:00:00,44.9978116,45.33754493333333,,
2024-07-23 21:30:00,39.99320566666666,40.4068305,,
2024-07-23 22:00:00,33.82065156666667,36.44723005,,
2024-07-23 22:30:00,32.30513445,41.53052015,,
2024-07-23 23:00:00,33.1899577,37.552986016666665,,
2024-07-23 23:30:00,36.8893483,36.046315533333335,,
2024-07-24 00:00:00,36.2642451,34.75611605,,
2024-07-24 00:30:00,34.289242183333336,32.61064278333333,,
2024-07-24 01:00:00,33.2029189,29.33887155,,
2024-07-24 01:30:00,34.3589111,30.87078491666667,,
2024-07-24 02:00:00,30.367337916666667,33.561866083333335,,
2024-07-24 02:30:00,33.5175667,33.55498501666667,,
2024-07-24 03:00:00,29.600309383333336,29.10351,,
2024-07-24 03:30:00,33.34528948333333,24.682785366666668,,
2024-07-24 04:00:00,32.150349383333335,25.6826509,,
2024-07-24 04:30:00,33.212452266666666,30.234592216666663,,
2024-07-24 05:00:00,34.27225218333333,27.222063916666663,,
2024-07-24 05:30:00,39.90341555,23.63726773333333,,
2024-07-24 06:00:00,54.39993175,37.15053111666666,,
2024-07-24 06:30:00,63.85994671666666,51.80544211666666,,
2024-07-24 07:00:00,50.2566929,58.15640175000001,,
2024-07-24 07:30:00,55.1083854,57.027854483333336,,
2024-07-24 08:00:00,52.17589666666667,60.635842716666666,,
2024-07-24 08:30:00,36.6975694,38.9671612,,
2024-07-24 09:00:00,21.074715666666663,25.332821066666668,,
2024-07-24 09:30:00,19.16163003333333,10.14631165,,
2024-07-24 10:00:00,-1.8805094500000008,-14.762792916666667,,
2024-07-24 10:30:00,-16.2881162,-24.43872895,,
2024-07-24 11:00:00,-26.8251466,-39.14368005,,
2024-07-24 11:30:00,-51.52315705,-60.86714451666666,,
2024-07-24 12:00:00,-63.12881388333333,-66.13069445000001,,
2024-07-24 12:30:00,-66.20715066666666,-71.28683881666667,,
2024-07-24 13:00:00,-73.50360263333333,-92.13669054999998,,
2024-07-24 13:30:00,-74.79434446666666,-84.92692726666667,,
2024-07-24 14:00:00,-75.12828456666666,-79.78227241666667,,
2024-07-24 14:30:00,-59.08474901666667,-71.73929066666666,,
2024-07-24 15:00:00,-35.213736149999995,-49.98164825,,
2024-07-24 15:30:00,-17.8678944,-26.015748316666663,,
2024-07-24 16:00:00,2.0376544833333337,-8.877293333333332,,
2024-07-24 16:30:00,14.8533295,5.174131249999999,,
2024-07-24 17:00:00,20.707039883333334,17.769356633333334,,
2024-07-24 17:30:00,16.414506666666664,23.11857895,,
2024-07-24 18:00:00,23.18593115,20.45546495,,
2024-07-24 18:30:00,25.149978916666665,25.29534325,,
2024-07-24 19:00:00,29.282083850000003,27.74698713333333,,
2024-07-24 19:30:00,40.391196316666665,30.202966766666663,,
2024-07-24 20:00:00,37.79207493333333,36.59745775,,
2024-07-24 20:30:00,42.55488493333333,42.57709101666666,,
2024-07-24 21:00:00,38.24006708333334,44.9978116,,
2024-07-24 21:30:00,45.75820668333333,39.99320566666666,,
2024-07-24 22:00:00,36.75808728333333,33.82065156666667,,
2024-07-24 22:30:00,36.01700159999999,32.30513445,,
2024-07-24 23:00:00,38.35335178333333,33.1899577,,
2024-07-24 23:30:00,41.32795781666667,36.8893483,,
2024-07-25 00:00:00,37.017220566666666,36.2642451,,
2024-07-25 00:30:00,40.91738235,34.289242183333336,,
2024-07-25 01:00:00,34.7823278,33.2029189,,
2024-07-25 01:30:00,34.778293350000006,34.3589111,,
2024-07-25 02:00:00,29.59426343333333,30.367337916666667,,
2024-07-25 02:30:00,32.2540578,33.5175667,,
2024-07-25 03:00:00,30.959667683333333,29.600309383333336,,
2024-07-25 03:30:00,30.8142984,33.34528948333333,,
2024-07-25 04:00:00,31.19404158333333,32.150349383333335,,
2024-07-25 04:30:00,31.2697372,33.212452266666666,,
2024-07-25 05:00:00,31.506738716666664,34.27225218333333,,
2024-07-25 05:30:00,29.351987750000003,39.90341555,,
2024-07-25 06:00:00,43.05579831666666,54.39993175,,
2024-07-25 06:30:00,49.750532633333336,63.85994671666666,,
2024-07-25 07:00:00,55.22417505000001,50.2566929,,
2024-07-25 07:30:00,51.48232003333334,55.1083854,,
2024-07-25 08:00:00,48.29767095,52.17589666666667,,
2024-07-25 08:30:00,42.51222816666667,36.6975694,,
2024-07-25 09:00:00,28.436778416666662,21.074715666666663,,
2024-07-25 09:30:00,29.952479416666662,19.16163003333333,,
2024-07-25 10:00:00,11.361710083333334,-1.8805094500000008,,
2024-07-25 10:30:00,-1.1232222166666677,-16.2881162,,
2024-07-25 11:00:00,-17.237011016666667,-26.8251466,,
2024-07-25 11:30:00,-33.161174966666664,-51.52315705,,
2024-07-25 12:00:00,-28.167143383333336,-63.12881388333333,,
2024-07-25 12:30:00,-25.058597733333333,-66.20715066666666,,
2024-07-25 13:00:00,-33.99882063333333,-73.50360263333333,,
2024-07-25 13:30:00,-38.322420066666666,-74.79434446666666,,
2024-07-25 14:00:00,-35.86371496666666,-75.12828456666666,,
2024-07-25 14:30:00,-35.46448968333333,-59.08474901666667,,
2024-07-25 15:00:00,-29.93118833333333,-35.213736149999995,,
2024-07-25 15:30:00,-8.603549983333332,-17.8678944,,
2024-07-25 16:00:00,2.6209501000000004,2.0376544833333337,,
2024-07-25 16:30:00,12.577852,14.8533295,,
2024-07-25 17:00:00,18.519905,20.707039883333334,,
2024-07-25 17:30:00,31.56462453333333,16.414506666666664,,
2024-07-25 18:00:00,33.58365325,23.18593115,,
2024-07-25 18:30:00,37.77461938333333,25.149978916666665,,
2024-07-25 19:00:00,39.23620795,29.282083850000003,,
2024-07-25 19:30:00,31.84809675,40.391196316666665,,
2024-07-25 20:00:00,40.74706666666666,37.79207493333333,,
2024-07-25 20:30:00,40.48079623333333,42.55488493333333,,
2024-07-25 21:00:00,38.76874003333333,38.24006708333334,,
2024-07-25 21:30:00,40.99198071666667,45.75820668333333,,
2024-07-25 22:00:00,41.423653816666665,36.75808728333333,,
2024-07-25 22:30:00,33.58978385,36.01700159999999,,
2024-07-25 23:00:00,36.53968505,38.35335178333333,,
2024-07-25 23:30:00,40.58440063333333,41.32795781666667,,
2024-07-26 00:00:00,35.497619433333334,37.017220566666666,,
2024-07-26 00:30:00,35.1364878,40.91738235,,
2024-07-26 01:00:00,24.78775105,34.7823278,,
2024-07-26 01:30:00,22.295785533333333,34.778293350000006,,
2024-07-26 02:00:00,21.229484566666667,29.59426343333333,,
2024-07-26 02:30:00,25.547566483333338,32.2540578,,
2024-07-26 03:00:00,24.3891916,30.959667683333333,,
2024-07-26 03:30:00,26.426310883333333,30.8142984,,
2024-07-26 04:00:00,30.3260988,31.19404158333333,,
2024-07-26 04:30:00,28.4145828,31.2697372,,
2024-07-26 05:00:00,27.966128366666663,31.506738716666664,,
2024-07-26 05:30:00,29.26977218333333,29.351987750000003,,
2024-07-26 06:00:00,44.29314005,43.05579831666666,,
2024-07-26 06:30:00,50.21624893333333,49.750532633333336,,
2024-07-26 07:00:00,54.71933768333333,55.22417505000001,,
2024-07-26 07:30:00,59.05208385,51.48232003333334,,
2024-07-26 08:00:00,45.05952368333333,48.29767095,,
2024-07-26 08:30:00,34.54507833333333,42.51222816666667,,
2024-07-26 09:00:00,14.094010983333334,28.436778416666662,,
2024-07-26 09:30:00,1.8267399333333332,29.952479416666662,,
2024-07-26 10:00:00,-24.3936306,11.361710083333334,,
2024-07-26 10:30:00,-36.95057215,-1.1232222166666677,,
2024-07-26 11:00:00,-57.92180501666667,-17.237011016666667,,
2024-07-26 11:30:00,-72.0976482,-33.161174966666664,,
2024-07-26 12:00:00,-84.95486154999999,-28.167143383333336,,
2024-07-26 12:30:00,-85.93253831666668,-25.058597733333333,,
2024-07-26 13:00:00,-88.63582443333333,-33.99882063333333,,
2024-07-26 13:30:00,-85.58246273333333,-38.322420066666666,,
2024-07-26 14:00:00,-85.29929393333333,-35.86371496666666,,
2024-07-26 14:30:00,-76.70145885,-35.46448968333333,,
2024-07-26 15:00:00,-62.4061965,-29.93118833333333,,
2024-07-26 15:30:00,-35.49329041666667,-8.603549983333332,,
2024-07-26 16:00:00,-14.185339483333332,2.6209501000000004,,
2024-07-26 16:30:00,-0.4471606500000001,12.577852,,
2024-07-26 17:00:00,6.156567150000001,18.519905,,
2024-07-26 17:30:00,13.265638766666669,31.56462453333333,,
2024-07-26 18:00:00,12.041702833333332,33.58365325,,
2024-07-26 18:30:00,17.1738756,37.77461938333333,,
2024-07-26 19:00:00,14.050202183333331,39.23620795,,
2024-07-26 19:30:00,17.3238977,31.84809675,,
2024-07-26 20:00:00,19.62324543333333,40.74706666666666,,
2024-07-26 20:30:00,17.129424366666665,40.48079623333333,,
2024-07-26 21:00:00,16.466093283333333,38.76874003333333,,
2024-07-26 21:30:00,27.45536188333333,40.99198071666667,,
2024-07-26 22:00:00,29.50094491666667,41.423653816666665,,
2024-07-26 22:30:00,32.168022083333334,33.58978385,,
2024-07-26 23:00:00,36.95652951666667,36.53968505,,
2024-07-26 23:30:00,41.363783266666665,40.58440063333333,,
2024-07-27 00:00:00,42.967768983333336,35.497619433333334,,
2024-07-27 00:30:00,37.37816718333333,35.1364878,,
2024-07-27 01:00:00,30.77851071666667,24.78775105,,
2024-07-27 01:30:00,26.1006872,22.295785533333333,,
2024-07-27 02:00:00,27.1955607,21.229484566666667,,
2024-07-27 02:30:00,33.47375493333333,25.547566483333338,,
2024-07-27 03:00:00,27.867274416666664,24.3891916,,
2024-07-27 03:30:00,27.002405633333336,26.426310883333333,,
2024-07-27 04:00:00,27.622387916666668,30.3260988,,
2024-07-27 04:30:00,30.66534503333333,28.4145828,,
2024-07-27 05:00:00,29.399666266666667,27.966128366666663,,
2024-07-27 05:30:00,36.598907950000005,29.26977218333333,,
2024-07-27 06:00:00,47.12941286666666,44.29314005,,
2024-07-27 06:30:00,47.20261611666667,50.21624893333333,,
2024-07-27 07:00:00,45.34568905,54.71933768333333,,
2024-07-27 07:30:00,41.32527771666667,59.05208385,,
2024-07-27 08:00:00,42.88057766666666,45.05952368333333,,
2024-07-27 08:30:00,41.96804383333333,34.54507833333333,,
2024-07-27 09:00:00,47.91580218333333,14.094010983333334,,
2024-07-27 09:30:00,39.697446033333335,1.8267399333333332,,
2024-07-27 10:00:00,23.286265983333333,-24.3936306,,
2024-07-27 10:30:00,10.85726565,-36.95057215,,
2024-07-27 11:00:00,0.6747421000000005,-57.92180501666667,,
2024-07-27 11:30:00,-4.24232105,-72.0976482,,
2024-07-27 12:00:00,-22.69756843333333,-84.95486154999999,,
2024-07-27 12:30:00,-33.626069050000005,-85.93253831666668,,
2024-07-27 13:00:00,-39.772186133333335,-88.63582443333333,,
2024-07-27 13:30:00,-39.50173275,-85.58246273333333,,
2024-07-27 14:00:00,-21.890522833333332,-85.29929393333333,,
2024-07-27 14:30:00,-27.653941816666663,-76.70145885,,
2024-07-27 15:00:00,-24.2851539,-62.4061965,,
2024-07-27 15:30:00,-9.468425716666667,-35.49329041666667,,
2024-07-27 16:00:00,-2.142978316666666,-14.185339483333332,,
2024-07-27 16:30:00,4.547214916666666,-0.4471606500000001,,
2024-07-27 17:00:00,16.223583899999998,6.156567150000001,,
2024-07-27 17:30:00,20.691326016666668,13.265638766666669,,
2024-07-27 18:00:00,28.20757443333333,12.041702833333332,,
2024-07-27 18:30:00,32.38054678333334,17.1738756,,
2024-07-27 19:00:00,38.52159271666667,14.050202183333331,,
2024-07-27 19:30:00,39.00687215,17.3238977,,
2024-07-27 20:00:00,48.66731328333333,19.62324543333333,,
2024-07-27 20:30:00,45.8635972,17.129424366666665,,
2024-07-27 21:00:00,49.75617513333333,16.466093283333333,,
2024-07-27 21:30:00,52.92067768333334,27.45536188333333,,
2024-07-27 22:00:00,53.3790328,29.50094491666667,,
2024-07-27 22:30:00,46.48459726666667,32.168022083333334,,
2024-07-27 23:00:00,45.79074445,36.95652951666667,,
2024-07-27 23:30:00,40.78985395,41.363783266666665,,
2024-07-28 00:00:00,44.51061726666666,42.967768983333336,,
2024-07-28 00:30:00,36.5382171,37.37816718333333,,
2024-07-28 01:00:00,35.49504331666667,30.77851071666667,,
2024-07-28 01:30:00,36.4747151,26.1006872,,
2024-07-28 02:00:00,34.86367555,27.1955607,,
2024-07-28 02:30:00,37.91088766666667,33.47375493333333,,
2024-07-28 03:00:00,30.5974059,27.867274416666664,,
2024-07-28 03:30:00,36.31107613333334,27.002405633333336,,
2024-07-28 04:00:00,29.035370083333333,27.622387916666668,,
2024-07-28 04:30:00,29.07759548333333,30.66534503333333,,
2024-07-28 05:00:00,30.560243166666663,29.399666266666667,,
2024-07-28 05:30:00,35.45701828333333,36.598907950000005,,
2024-07-28 06:00:00,42.72051216666667,47.12941286666666,,
2024-07-28 06:30:00,47.5019355,47.20261611666667,,
2024-07-28 07:00:00,49.014449500000005,45.34568905,,
2024-07-28 07:30:00,50.66899229999999,41.32527771666667,,
2024-07-28 08:00:00,43.0880943,42.88057766666666,,
2024-07-28 08:30:00,42.10372996666667,41.96804383333333,,
2024-07-28 09:00:00,30.522803383333336,47.91580218333333,,
2024-07-28 09:30:00,15.235302283333333,39.697446033333335,,
2024-07-28 10:00:00,4.763849516666666,23.286265983333333,,
2024-07-28 10:30:00,-13.208943916666668,10.85726565,,
2024-07-28 11:00:00,-37.60949345,0.6747421000000005,,
2024-07-28 11:30:00,-40.372995,-4.24232105,,
2024-07-28 12:00:00,-57.584267833333335,-22.69756843333333,,
2024-07-28 12:30:00,-67.2814243,-33.626069050000005,,
2024-07-28 13:00:00,-74.49144841666667,-39.772186133333335,,
2024-07-28 13:30:00,-68.32771773333333,-39.50173275,,
2024-07-28 14:00:00,-66.66016005,-21.890522833333332,,
2024-07-28 14:30:00,-65.75646126666668,-27.653941816666663,,
2024-07-28 15:00:00,-44.79621443333334,-24.2851539,,
2024-07-28 15:30:00,-23.989164966666667,-9.468425716666667,,
2024-07-28 16:00:00,-11.568335,-2.142978316666666,,
2024-07-28 16:30:00,9.92489015,4.547214916666666,,
2024-07-28 17:00:00,28.5479505,16.223583899999998,,
2024-07-28 17:30:00,24.73751443333333,20.691326016666668,,
2024-07-28 18:00:00,30.21603275,28.20757443333333,,
2024-07-28 18:30:00,30.425611133333334,32.38054678333334,,
2024-07-28 19:00:00,42.38370508333333,38.52159271666667,,
2024-07-28 19:30:00,51.27693611666666,39.00687215,,
2024-07-28 20:00:00,56.08044168333333,48.66731328333333,,
2024-07-28 20:30:00,60.57801281666667,45.8635972,,
2024-07-28 21:00:00,50.93875284999999,49.75617513333333,,
2024-07-28 21:30:00,49.030353383333335,52.92067768333334,,
2024-07-28 22:00:00,44.49822511666667,53.3790328,,
2024-07-28 22:30:00,52.40384451666667,46.48459726666667,,
2024-07-28 23:00:00,52.64535891666667,45.79074445,,
2024-07-28 23:30:00,52.98168666666667,40.78985395,,
2024-07-29 00:00:00,46.55119895000001,44.51061726666666,,
2024-07-29 00:30:00,40.634912633333336,36.5382171,,
2024-07-29 01:00:00,39.44188848333334,35.49504331666667,,
2024-07-29 01:30:00,36.32402258333334,36.4747151,,
2024-07-29 02:00:00,34.60647503333333,34.86367555,,
2024-07-29 02:30:00,36.92141178333333,37.91088766666667,,
2024-07-29 03:00:00,31.687127466666663,30.5974059,,
2024-07-29 03:30:00,30.133957566666663,36.31107613333334,,
2024-07-29 04:00:00,37.517683516666665,29.035370083333333,,
2024-07-29 04:30:00,41.3355056,29.07759548333333,,
2024-07-29 05:00:00,40.94441445,30.560243166666663,,
2024-07-29 05:30:00,40.46329773333333,35.45701828333333,,
2024-07-29 06:00:00,56.005796583333336,42.72051216666667,,
2024-07-29 06:30:00,53.83147953333333,47.5019355,,
2024-07-29 07:00:00,59.287591033333335,49.014449500000005,,
2024-07-29 07:30:00,68.11735013333333,50.66899229999999,,
2024-07-29 08:00:00,55.922503983333335,43.0880943,,
2024-07-29 08:30:00,52.2421838,42.10372996666667,,
2024-07-29 09:00:00,42.51034555,30.522803383333336,,
2024-07-29 09:30:00,21.996727066666665,15.235302283333333,,
2024-07-29 10:00:00,-2.44766165,4.763849516666666,,
2024-07-29 10:30:00,-22.88156168333333,-13.208943916666668,,
2024-07-29 11:00:00,-49.36463658333333,-37.60949345,,
2024-07-29 11:30:00,-63.51990610000001,-40.372995,,
2024-07-29 12:00:00,-73.30784043333334,-57.584267833333335,,
2024-07-29 12:30:00,-79.83208166666667,-67.2814243,,
2024-07-29 13:00:00,-71.41986896666667,-74.49144841666667,,
2024-07-29 13:30:00,-65.7837795,-68.32771773333333,,
2024-07-29 14:00:00,-61.03446055,-66.66016005,,
2024-07-29 14:30:00,-55.16158613333334,-65.75646126666668,,
2024-07-29 15:00:00,-34.3012028,-44.79621443333334,,
2024-07-29 15:30:00,0.1857471999999997,-23.989164966666667,,
2024-07-29 16:00:00,12.213134916666666,-11.568335,,
2024-07-29 16:30:00,31.00777821666667,9.92489015,,
2024-07-29 17:00:00,39.6071255,28.5479505,,
2024-07-29 17:30:00,34.19051885,24.73751443333333,,
2024-07-29 18:00:00,37.325485533333335,30.21603275,,
2024-07-29 18:30:00,40.09793491666667,30.425611133333334,,
2024-07-29 19:00:00,42.934802133333335,42.38370508333333,,
2024-07-29 19:30:00,54.47421728333333,51.27693611666666,,
2024-07-29 20:00:00,53.7983023,56.08044168333333,,
2024-07-29 20:30:00,63.62096173333333,60.57801281666667,,
2024-07-29 21:00:00,59.2200739,50.93875284999999,,
2024-07-29 21:30:00,49.5735135,49.030353383333335,,
2024-07-29 22:00:00,48.23660446666667,44.49822511666667,,
2024-07-29 22:30:00,41.1482476,52.40384451666667,,
2024-07-29 23:00:00,39.0426806,52.64535891666667,,
2024-07-29 23:30:00,40.07043053333334,52.98168666666667,,
2024-07-30 00:00:00,40.8064949,46.55119895000001,,
2024-07-30 00:30:00,39.9318961,40.634912633333336,,
2024-07-30 01:00:00,33.72894096666666,39.44188848333334,,
2024-07-30 01:30:00,33.3897778,36.32402258333334,,
2024-07-30 02:00:00,31.913323833333333,34.60647503333333,,
2024-07-30 02:30:00,35.117535016666665,36.92141178333333,,
2024-07-30 03:00:00,32.850528833333335,31.687127466666663,,
2024-07-30 03:30:00,30.524227766666662,30.133957566666663,,
2024-07-30 04:00:00,30.68132385,37.517683516666665,,
2024-07-30 04:30:00,33.41675228333333,41.3355056,,
2024-07-30 05:00:00,35.535673816666666,40.94441445,,
2024-07-30 05:30:00,40.3557264,40.46329773333333,,
2024-07-30 06:00:00,53.41658615,56.005796583333336,,
2024-07-30 06:30:00,57.15874005,53.83147953333333,,
2024-07-30 07:00:00,54.88161495,59.287591033333335,,
2024-07-30 07:30:00,56.59952896666667,68.11735013333333,,
2024-07-30 08:00:00,52.92819266666667,55.922503983333335,,
2024-07-30 08:30:00,61.250694983333325,52.2421838,,
2024-07-30 09:00:00,41.73088331666667,42.51034555,,
2024-07-30 09:30:00,23.83784108333333,21.996727066666665,,
2024-07-30 10:00:00,-7.0658049,-2.44766165,,
2024-07-30 10:30:00,-29.55363663333333,-22.88156168333333,,
2024-07-30 11:00:00,-44.80353888333334,-49.36463658333333,,
2024-07-30 11:30:00,-54.3674983,-63.51990610000001,,
2024-07-30 12:00:00,-77.29541056666666,-73.30784043333334,,
2024-07-30 12:30:00,-76.45343281666668,-79.83208166666667,,
2024-07-30 13:00:00,-93.88028276666668,-71.41986896666667,,
2024-07-30 13:30:00,-99.8153039,-65.7837795,,
2024-07-30 14:00:00,-90.01088668333334,-61.03446055,,
2024-07-30 14:30:00,-80.19230331666667,-55.16158613333334,,
2024-07-30 15:00:00,-62.65822790000001,-34.3012028,,
2024-07-30 15:30:00,-36.66219065,0.1857471999999997,,
2024-07-30 16:00:00,-13.8607743,12.213134916666666,,
2024-07-30 16:30:00,5.250833883333333,31.00777821666667,,
2024-07-30 17:00:00,15.393736266666666,39.6071255,,
2024-07-30 17:30:00,11.72982655,34.19051885,,
2024-07-30 18:00:00,22.034745450000003,37.325485533333335,,
2024-07-30 18:30:00,34.121796833333335,40.09793491666667,,
2024-07-30 19:00:00,39.06718058333333,42.934802133333335,,
2024-07-30 19:30:00,40.731087800000005,54.47421728333333,,
2024-07-30 20:00:00,52.4666173,53.7983023,,
2024-07-30 20:30:00,49.11611046666667,63.62096173333333,,
2024-07-30 21:00:00,54.44286655,59.2200739,,
2024-07-30 21:30:00,48.49326438333333,49.5735135,,
2024-07-30 22:00:00,44.280661,48.23660446666667,,
2024-07-30 22:30:00,41.71182666666667,41.1482476,,
2024-07-30 23:00:00,40.76369116666667,39.0426806,,
2024-07-30 23:30:00,47.921794983333335,40.07043053333334,,
2024-07-31 00:00:00,45.77189225,40.8064949,,
2024-07-31 00:30:00,40.03168801666666,39.9318961,,
2024-07-31 01:00:00,36.23328403333333,33.72894096666666,,
2024-07-31 01:30:00,30.534386100000003,33.3897778,,
2024-07-31 02:00:00,29.952438850000004,31.913323833333333,,
2024-07-31 02:30:00,35.34407503333333,35.117535016666665,,
2024-07-31 03:00:00,32.27037438333333,32.850528833333335,,
2024-07-31 03:30:00,31.125591733333334,30.524227766666662,,
2024-07-31 04:00:00,34.66617711666667,30.68132385,,
2024-07-31 04:30:00,35.19720436666667,33.41675228333333,,
2024-07-31 05:00:00,30.79864926666667,35.535673816666666,,
2024-07-31 05:30:00,38.82391668333333,40.3557264,,
2024-07-31 06:00:00,48.79177896666667,53.41658615,,
2024-07-31 06:30:00,46.74237376666667,57.15874005,,
2024-07-31 07:00:00,48.341501566666665,54.88161495,,
2024-07-31 07:30:00,43.91469766666666,56.59952896666667,,
2024-07-31 08:00:00,41.96857383333333,52.92819266666667,,
2024-07-31 08:30:00,30.2986528,61.250694983333325,,
2024-07-31 09:00:00,14.624113783333334,41.73088331666667,,
2024-07-31 09:30:00,3.2720159333333334,23.83784108333333,,
2024-07-31 10:00:00,-8.2658957,-7.0658049,,
2024-07-31 10:30:00,-19.65873958333333,-29.55363663333333,,
2024-07-31 11:00:00,-39.99706116666667,-44.80353888333334,,
2024-07-31 11:30:00,-55.358971,-54.3674983,,
2024-07-31 12:00:00,-65.01761986666666,-77.29541056666666,,
2024-07-31 12:30:00,-72.51504680000001,-76.45343281666668,,
2024-07-31 13:00:00,-81.67286491666667,-93.88028276666668,,
2024-07-31 13:30:00,-81.34927163333333,-99.8153039,,
2024-07-31 14:00:00,-80.59088181666667,-90.01088668333334,,
2024-07-31 14:30:00,-79.46260548333333,-80.19230331666667,,
2024-07-31 15:00:00,-62.36323386666667,-62.65822790000001,,
2024-07-31 15:30:00,-39.71774776666667,-36.66219065,,
2024-07-31 16:00:00,-21.38180128333333,-13.8607743,,
2024-07-31 16:30:00,2.4717472666666667,5.250833883333333,,
2024-07-31 17:00:00,23.95049175,15.393736266666666,,
2024-07-31 17:30:00,28.856838383333336,11.72982655,,
2024-07-31 18:00:00,31.64272671666667,22.034745450000003,,
2024-07-31 18:30:00,41.64037273333333,34.121796833333335,,
2024-07-31 19:00:00,42.77417836666666,39.06718058333333,,
2024-07-31 19:30:00,51.44787446666667,40.731087800000005,,
2024-07-31 20:00:00,49.92595121666667,52.4666173,,
2024-07-31 20:30:00,58.372444,49.11611046666667,,
2024-07-31 21:00:00,56.7371961,54.44286655,,
2024-07-31 21:30:00,48.36470036666666,48.49326438333333,,
2024-07-31 22:00:00,47.49519236666666,44.280661,,
2024-07-31 22:30:00,46.09693333333333,41.71182666666667,,
2024-07-31 23:00:00,48.12453391666667,40.76369116666667,,
2024-07-31 23:30:00,51.29497723333333,47.921794983333335,,
2024-08-01 00:00:00,48.24451281666666,45.77189225,,
2024-08-01 00:30:00,44.50464058333333,40.03168801666666,,
2024-08-01 01:00:00,51.5951651,36.23328403333333,,
2024-08-01 01:30:00,42.44424765,30.534386100000003,,
2024-08-01 02:00:00,33.23684381666667,29.952438850000004,,
2024-08-01 02:30:00,35.1405556,35.34407503333333,,
2024-08-01 03:00:00,30.193439366666667,32.27037438333333,,
2024-08-01 03:30:00,30.654815683333336,31.125591733333334,,
2024-08-01 04:00:00,34.863956116666664,34.66617711666667,,
2024-08-01 04:30:00,31.715835,35.19720436666667,,
2024-08-01 05:00:00,32.186534916666666,30.79864926666667,,
2024-08-01 05:30:00,34.91321215,38.82391668333333,,
2024-08-01 06:00:00,43.55750046666666,48.79177896666667,,
2024-08-01 06:30:00,54.18513778333334,46.74237376666667,,
2024-08-01 07:00:00,65.30969265,48.341501566666665,,
2024-08-01 07:30:00,55.19265501666667,43.91469766666666,,
2024-08-01 08:00:00,40.86100221666667,41.96857383333333,,
2024-08-01 08:30:00,24.75633613333333,30.2986528,,
2024-08-01 09:00:00,15.48614545,14.624113783333334,,
2024-08-01 09:30:00,12.3308311,3.2720159333333334,,
2024-08-01 10:00:00,-13.06164945,-8.2658957,,
2024-08-01 10:30:00,-36.32259295,-19.65873958333333,,
2024-08-01 11:00:00,-64.303236,-39.99706116666667,,
2024-08-01 11:30:00,-79.30643165,-55.358971,,
2024-08-01 12:00:00,-89.52635665000001,-65.01761986666666,,
2024-08-01 12:30:00,-87.61472739999999,-72.51504680000001,,
2024-08-01 13:00:00,-84.50761178333333,-81.67286491666667,,
2024-08-01 13:30:00,-75.01113676666667,-81.34927163333333,,
2024-08-01 14:00:00,-72.87219336666666,-80.59088181666667,,
2024-08-01 14:30:00,-62.8942661,-79.46260548333333,,
2024-08-01 15:00:00,-54.53083215,-62.36323386666667,,
2024-08-01 15:30:00,-36.5240611,-39.71774776666667,,
2024-08-01 16:00:00,-7.724783883333334,-21.38180128333333,,
2024-08-01 16:30:00,9.6978007,2.4717472666666667,,
2024-08-01 17:00:00,22.238729,23.95049175,,
2024-08-01 17:30:00,25.708002616666665,28.856838383333336,,
2024-08-01 18:00:00,27.1997606,31.64272671666667,,
2024-08-01 18:30:00,31.86020988333333,41.64037273333333,,
2024-08-01 19:00:00,36.90220571666666,42.77417836666666,,
2024-08-01 19:30:00,49.48353665,51.44787446666667,,
2024-08-01 20:00:00,51.4474611,49.92595121666667,,
2024-08-01 20:30:00,41.49602168333333,58.372444,,
2024-08-01 21:00:00,47.3602677,56.7371961,,
2024-08-01 21:30:00,46.94515723333333,48.36470036666666,,
2024-08-01 22:00:00,43.98328716666666,47.49519236666666,,
2024-08-01 22:30:00,38.2811706,46.09693333333333,,
2024-08-01 23:00:00,39.98670503333333,48.12453391666667,,
2024-08-01 23:30:00,45.82760668333333,51.29497723333333,,
2024-08-02 00:00:00,45.826853400000005,48.24451281666666,,
2024-08-02 00:30:00,47.48795095,44.50464058333333,,
2024-08-02 01:00:00,51.79909336666668,51.5951651,,
2024-08-02 01:30:00,47.374291633333335,42.44424765,,
2024-08-02 02:00:00,41.40107928333333,33.23684381666667,,
2024-08-02 02:30:00,46.90300116666666,35.1405556,,
2024-08-02 03:00:00,39.18579605,30.193439366666667,,
2024-08-02 03:30:00,40.85420391666667,30.654815683333336,,
2024-08-02 04:00:00,39.4263118,34.863956116666664,,
2024-08-02 04:30:00,42.835246133333335,31.715835,,
2024-08-02 05:00:00,39.87050606666666,32.186534916666666,,
2024-08-02 05:30:00,37.468387666666665,34.91321215,,
2024-08-02 06:00:00,46.459765633333326,43.55750046666666,,
2024-08-02 06:30:00,50.43813823333334,54.18513778333334,,
2024-08-02 07:00:00,50.75762946666666,65.30969265,,
2024-08-02 07:30:00,47.54864448333333,55.19265501666667,,
2024-08-02 08:00:00,30.53121278333333,40.86100221666667,,
2024-08-02 08:30:00,19.358366083333333,24.75633613333333,,
2024-08-02 09:00:00,9.78610285,15.48614545,,
2024-08-02 09:30:00,-4.759141083333334,12.3308311,,
2024-08-02 10:00:00,-17.774722316666665,-13.06164945,,
2024-08-02 10:30:00,-33.37624121666666,-36.32259295,,
2024-08-02 11:00:00,-46.65156388333333,-64.303236,,
2024-08-02 11:30:00,-65.63234393333333,-79.30643165,,
2024-08-02 12:00:00,-64.93851604999999,-89.52635665000001,,
2024-08-02 12:30:00,-64.27113893333333,-87.61472739999999,,
2024-08-02 13:00:00,-67.91270265,-84.50761178333333,,
2024-08-02 13:30:00,-51.621691166666665,-75.01113676666667,,
2024-08-02 14:00:00,-42.46625393333333,-72.87219336666666,,
2024-08-02 14:30:00,-40.62286015,-62.8942661,,
2024-08-02 15:00:00,-23.57303275,-54.53083215,,
2024-08-02 15:30:00,-9.919437933333333,-36.5240611,,
2024-08-02 16:00:00,4.329038933333334,-7.724783883333334,,
2024-08-02 16:30:00,13.102578483333332,9.6978007,,
2024-08-02 17:00:00,17.33358215,22.238729,,
2024-08-02 17:30:00,20.481926066666663,25.708002616666665,,
2024-08-02 18:00:00,29.933513833333336,27.1997606,,
2024-08-02 18:30:00,32.12138996666667,31.86020988333333,,
2024-08-02 19:00:00,36.37734723333333,36.90220571666666,,
2024-08-02 19:30:00,45.13844606666667,49.48353665,,
2024-08-02 20:00:00,40.4675427,51.4474611,,
2024-08-02 20:30:00,41.83272766666666,41.49602168333333,,
2024-08-02 21:00:00,36.64403173333333,47.3602677,,
2024-08-02 21:30:00,38.22354558333333,46.94515723333333,,
2024-08-02 22:00:00,43.824600583333336,43.98328716666666,,
2024-08-02 22:30:00,36.239112133333336,38.2811706,,
2024-08-02 23:00:00,40.433591150000005,39.98670503333333,,
2024-08-02 23:30:00,39.25154995,45.82760668333333,,
2024-08-03 00:00:00,38.944983416666666,45.826853400000005,,
2024-08-03 00:30:00,33.40798288333334,47.48795095,,
2024-08-03 01:00:00,32.627069866666666,51.79909336666668,,
2024-08-03 01:30:00,33.5116016,47.374291633333335,,
2024-08-03 02:00:00,30.674119266666665,41.40107928333333,,
2024-08-03 02:30:00,30.292641016666668,46.90300116666666,,
2024-08-03 03:00:00,28.365128866666662,39.18579605,,
2024-08-03 03:30:00,26.55642823333333,40.85420391666667,,
2024-08-03 04:00:00,30.73120448333333,39.4263118,,
2024-08-03 04:30:00,28.92369718333333,42.835246133333335,,
2024-08-03 05:00:00,28.33002493333333,39.87050606666666,,
2024-08-03 05:30:00,31.647106216666668,37.468387666666665,,
2024-08-03 06:00:00,42.56460813333333,46.459765633333326,,
2024-08-03 06:30:00,49.11744461666667,50.43813823333334,,
2024-08-03 07:00:00,44.788147316666674,50.75762946666666,,
2024-08-03 07:30:00,43.90268725000001,47.54864448333333,,
2024-08-03 08:00:00,31.16976598333333,30.53121278333333,,
2024-08-03 08:30:00,24.044106666666668,19.358366083333333,,
2024-08-03 09:00:00,21.0253046,9.78610285,,
2024-08-03 09:30:00,16.916188333333334,-4.759141083333334,,
2024-08-03 10:00:00,14.082102833333332,-17.774722316666665,,
2024-08-03 10:30:00,2.2697072500000006,-33.37624121666666,,
2024-08-03 11:00:00,-19.603354,-46.65156388333333,,
2024-08-03 11:30:00,-44.834017683333336,-65.63234393333333,,
2024-08-03 12:00:00,-66.61435505,-64.93851604999999,,
2024-08-03 12:30:00,-82.26741996666667,-64.27113893333333,,
2024-08-03 13:00:00,-92.45161895,-67.91270265,,
2024-08-03 13:30:00,-83.28643936666667,-51.621691166666665,,
2024-08-03 14:00:00,-80.28338271666667,-42.46625393333333,,
2024-08-03 14:30:00,-75.34090880000001,-40.62286015,,
2024-08-03 15:00:00,-56.9555955,-23.57303275,,
2024-08-03 15:30:00,-43.5860183,-9.919437933333333,,
2024-08-03 16:00:00,-16.854152683333332,4.329038933333334,,
2024-08-03 16:30:00,6.250951100000001,13.102578483333332,,
2024-08-03 17:00:00,13.261801133333334,17.33358215,,
2024-08-03 17:30:00,23.2754745,20.481926066666663,,
2024-08-03 18:00:00,22.3063954,29.933513833333336,,
2024-08-03 18:30:00,32.75101561666667,32.12138996666667,,
2024-08-03 19:00:00,45.9751239,36.37734723333333,,
2024-08-03 19:30:00,51.17967,45.13844606666667,,
2024-08-03 20:00:00,48.56091383333333,40.4675427,,
2024-08-03 20:30:00,58.8196724,41.83272766666666,,
2024-08-03 21:00:00,52.93592786666667,36.64403173333333,,
2024-08-03 21:30:00,60.69214785,38.22354558333333,,
2024-08-03 22:00:00,54.55088883333334,43.824600583333336,,
2024-08-03 22:30:00,52.14317043333333,36.239112133333336,,
2024-08-03 23:00:00,47.67918506666666,40.433591150000005,,
2024-08-03 23:30:00,47.324368416666665,39.25154995,,
2024-08-04 00:00:00,45.15150883333334,38.944983416666666,,
2024-08-04 00:30:00,42.58606498333334,33.40798288333334,,
2024-08-04 01:00:00,45.90996211666667,32.627069866666666,,
2024-08-04 01:30:00,48.898395,33.5116016,,
2024-08-04 02:00:00,41.47767285,30.674119266666665,,
2024-08-04 02:30:00,41.311447316666666,30.292641016666668,,
2024-08-04 03:00:00,37.48834615,28.365128866666662,,
2024-08-04 03:30:00,36.92876616666666,26.55642823333333,,
2024-08-04 04:00:00,40.483041066666665,30.73120448333333,,
2024-08-04 04:30:00,37.25557223333333,28.92369718333333,,
2024-08-04 05:00:00,42.703353883333335,28.33002493333333,,
2024-08-04 05:30:00,35.85538725,31.647106216666668,,
2024-08-04 06:00:00,41.82979665,42.56460813333333,,
2024-08-04 06:30:00,42.625150483333336,49.11744461666667,,
2024-08-04 07:00:00,44.707873766666665,44.788147316666674,,
2024-08-04 07:30:00,42.92721326666666,43.90268725000001,,
2024-08-04 08:00:00,48.786037316666665,31.16976598333333,,
2024-08-04 08:30:00,36.797767283333336,24.044106666666668,,
2024-08-04 09:00:00,37.007685566666666,21.0253046,,
2024-08-04 09:30:00,14.515654983333334,16.916188333333334,,
2024-08-04 10:00:00,-8.296446466666666,14.082102833333332,,
2024-08-04 10:30:00,-25.353967816666664,2.2697072500000006,,
2024-08-04 11:00:00,-33.56688891666667,-19.603354,,
2024-08-04 11:30:00,-54.22110628333333,-44.834017683333336,,
2024-08-04 12:00:00,-49.90681783333333,-66.61435505,,
2024-08-04 12:30:00,-44.35950331666667,-82.26741996666667,,
2024-08-04 13:00:00,-46.62536835,-92.45161895,,
2024-08-04 13:30:00,-39.51839995,-83.28643936666667,,
2024-08-04 14:00:00,-31.11071718333333,-80.28338271666667,,
2024-08-04 14:30:00,-26.974881116666666,-75.34090880000001,,
2024-08-04 15:00:00,-24.13498841666667,-56.9555955,,
2024-08-04 15:30:00,-20.57817,-43.5860183,,
2024-08-04 16:00:00,9.01704565,-16.854152683333332,,
2024-08-04 16:30:00,17.7592956,6.250951100000001,,
2024-08-04 17:00:00,22.17586113333333,13.261801133333334,,
2024-08-04 17:30:00,30.3376644,23.2754745,,
2024-08-04 18:00:00,37.27359885,22.3063954,,
2024-08-04 18:30:00,35.74038503333333,32.75101561666667,,
2024-08-04 19:00:00,48.132518366666666,45.9751239,,
2024-08-04 19:30:00,49.39354273333333,51.17967,,
2024-08-04 20:00:00,53.537195016666665,48.56091383333333,,
2024-08-04 20:30:00,57.18571333333333,58.8196724,,
2024-08-04 21:00:00,54.080448233333335,52.93592786666667,,
2024-08-04 21:30:00,52.3508773,60.69214785,,
2024-08-04 22:00:00,46.0869571,54.55088883333334,,
2024-08-04 22:30:00,40.31665215,52.14317043333333,,
2024-08-04 23:00:00,48.05913653333334,47.67918506666666,,
2024-08-04 23:30:00,43.37501004999999,47.324368416666665,,
2024-08-05 00:00:00,42.7416623,45.15150883333334,,
2024-08-05 00:30:00,39.27134945,42.58606498333334,,
2024-08-05 01:00:00,33.74953223333333,45.90996211666667,,
2024-08-05 01:30:00,34.86119996666667,48.898395,,
2024-08-05 02:00:00,31.79689441666667,41.47767285,,
2024-08-05 02:30:00,35.68774096666667,41.311447316666666,,
2024-08-05 03:00:00,25.1265239,37.48834615,,
2024-08-05 03:30:00,26.309677283333333,36.92876616666666,,
2024-08-05 04:00:00,31.42469948333333,40.483041066666665,,
2024-08-05 04:30:00,27.23926008333333,37.25557223333333,,
2024-08-05 05:00:00,28.9962867,42.703353883333335,,
2024-08-05 05:30:00,28.849420533333333,35.85538725,,
2024-08-05 06:00:00,42.7585939,41.82979665,,
2024-08-05 06:30:00,41.55730995,42.625150483333336,,
2024-08-05 07:00:00,42.15770843333333,44.707873766666665,,
2024-08-05 07:30:00,45.748974366666666,42.92721326666666,,
2024-08-05 08:00:00,43.50659735,48.786037316666665,,
2024-08-05 08:30:00,41.16164385,36.797767283333336,,
2024-08-05 09:00:00,35.67828503333333,37.007685566666666,,
2024-08-05 09:30:00,30.01850573333333,14.515654983333334,,
2024-08-05 10:00:00,13.907228266666666,-8.296446466666666,,
2024-08-05 10:30:00,12.944678316666668,-25.353967816666664,,
2024-08-05 11:00:00,3.1555349833333337,-33.56688891666667,,
2024-08-05 11:30:00,-4.6368911,-54.22110628333333,,
2024-08-05 12:00:00,-15.904726183333333,-49.90681783333333,,
2024-08-05 12:30:00,-35.17339105,-44.35950331666667,,
2024-08-05 13:00:00,-41.34944273333333,-46.62536835,,
2024-08-05 13:30:00,-47.01626721666667,-39.51839995,,
2024-08-05 14:00:00,-46.21660895,-31.11071718333333,,
2024-08-05 14:30:00,-44.50625666666667,-26.974881116666666,,
2024-08-05 15:00:00,-44.8287502,-24.13498841666667,,
2024-08-05 15:30:00,-24.741882716666662,-20.57817,,
2024-08-05 16:00:00,-19.450691266666663,9.01704565,,
2024-08-05 16:30:00,12.027198883333332,17.7592956,,
2024-08-05 17:00:00,24.22603886666667,22.17586113333333,,
2024-08-05 17:30:00,34.7934845,30.3376644,,
2024-08-05 18:00:00,35.2414829,37.27359885,,
2024-08-05 18:30:00,41.69840331666666,35.74038503333333,,
2024-08-05 19:00:00,52.12047283333334,48.132518366666666,,
2024-08-05 19:30:00,62.81345775,49.39354273333333,,
2024-08-05 20:00:00,67.46723793333334,53.537195016666665,,
2024-08-05 20:30:00,59.44562463333333,57.18571333333333,,
2024-08-05 21:00:00,55.07828513333334,54.080448233333335,,
2024-08-05 21:30:00,53.43202061666667,52.3508773,,
2024-08-05 22:00:00,49.41209175,46.0869571,,
2024-08-05 22:30:00,44.56318553333333,40.31665215,,
2024-08-05 23:00:00,43.3774478,48.05913653333334,,
2024-08-05 23:30:00,40.23793776666667,43.37501004999999,,
2024-08-06 00:00:00,45.84774723333334,42.7416623,,
2024-08-06 00:30:00,43.3280839,39.27134945,,
2024-08-06 01:00:00,40.75439343333333,33.74953223333333,,
2024-08-06 01:30:00,36.91065995,34.86119996666667,,
2024-08-06 02:00:00,38.32287886666666,31.79689441666667,,
2024-08-06 02:30:00,36.47843003333333,35.68774096666667,,
2024-08-06 03:00:00,34.54351005,25.1265239,,
2024-08-06 03:30:00,35.34868771666667,26.309677283333333,,
2024-08-06 04:00:00,39.11641488333333,31.42469948333333,,
2024-08-06 04:30:00,40.76003721666667,27.23926008333333,,
2024-08-06 05:00:00,36.12722166666666,28.9962867,,
2024-08-06 05:30:00,38.334619966666665,28.849420533333333,,
2024-08-06 06:00:00,45.13305449999999,42.7585939,,
2024-08-06 06:30:00,51.07234956666667,41.55730995,,
2024-08-06 07:00:00,48.82046436666667,42.15770843333333,,
2024-08-06 07:30:00,55.55419388333333,45.748974366666666,,
2024-08-06 08:00:00,53.51063941666666,43.50659735,,
2024-08-06 08:30:00,35.908803516666666,41.16164385,,
2024-08-06 09:00:00,17.34613888333333,35.67828503333333,,
2024-08-06 09:30:00,1.4951822166666673,30.01850573333333,,
2024-08-06 10:00:00,-21.17781625,13.907228266666666,,
2024-08-06 10:30:00,-36.64087115,12.944678316666668,,
2024-08-06 11:00:00,-60.78895245,3.1555349833333337,,
2024-08-06 11:30:00,-81.44436215,-4.6368911,,
2024-08-06 12:00:00,-84.6885634,-15.904726183333333,,
2024-08-06 12:30:00,-91.62738605,-35.17339105,,
2024-08-06 13:00:00,-101.98270835,-41.34944273333333,,
2024-08-06 13:30:00,-93.17466325,-47.01626721666667,,
2024-08-06 14:00:00,-84.39581665,-46.21660895,,
2024-08-06 14:30:00,-81.31535889999999,-44.50625666666667,,
2024-08-06 15:00:00,-60.23181156666666,-44.8287502,,
2024-08-06 15:30:00,-42.77212565,-24.741882716666662,,
2024-08-06 16:00:00,-21.42659165,-19.450691266666663,,
2024-08-06 16:30:00,0.9578819666666664,12.027198883333332,,
2024-08-06 17:00:00,6.2052962,24.22603886666667,,
2024-08-06 17:30:00,18.63172558333333,34.7934845,,
2024-08-06 18:00:00,22.708147683333333,35.2414829,,
2024-08-06 18:30:00,28.226889966666665,41.69840331666666,,
2024-08-06 19:00:00,26.953614266666666,52.12047283333334,,
2024-08-06 19:30:00,41.41855953333334,62.81345775,,
2024-08-06 20:00:00,44.80251613333333,67.46723793333334,,
2024-08-06 20:30:00,46.47324006666667,59.44562463333333,,
2024-08-06 21:00:00,48.538532233333335,55.07828513333334,,
2024-08-06 21:30:00,48.58008661666667,53.43202061666667,,
2024-08-06 22:00:00,46.26073835,49.41209175,,
2024-08-06 22:30:00,43.94648003333333,44.56318553333333,,
2024-08-06 23:00:00,47.22423228333333,43.3774478,,
2024-08-06 23:30:00,34.7633361,40.23793776666667,,
2024-08-07 00:00:00,33.80908555,45.84774723333334,,
2024-08-07 00:30:00,32.21104811666667,43.3280839,,
2024-08-07 01:00:00,31.97948716666667,40.75439343333333,,
2024-08-07 01:30:00,27.28586945,36.91065995,,
2024-08-07 02:00:00,26.03941215,38.32287886666666,,
2024-08-07 02:30:00,29.93356375,36.47843003333333,,
2024-08-07 03:00:00,28.579843316666665,34.54351005,,
2024-08-07 03:30:00,33.049818916666666,35.34868771666667,,
2024-08-07 04:00:00,32.2614766,39.11641488333333,,
2024-08-07 04:30:00,31.26709381666667,40.76003721666667,,
2024-08-07 05:00:00,29.64666993333333,36.12722166666666,,
2024-08-07 05:30:00,33.254674,38.334619966666665,,
2024-08-07 06:00:00,37.4819267,45.13305449999999,,
2024-08-07 06:30:00,45.14800215,51.07234956666667,,
2024-08-07 07:00:00,55.59369948333333,48.82046436666667,,
2024-08-07 07:30:00,53.78235943333333,55.55419388333333,,
2024-08-07 08:00:00,44.926728716666666,53.51063941666666,,
2024-08-07 08:30:00,29.03613335,35.908803516666666,,
2024-08-07 09:00:00,8.038317350000002,17.34613888333333,,
2024-08-07 09:30:00,-9.33303995,1.4951822166666673,,
2024-08-07 10:00:00,-26.66389035,-21.17781625,,
2024-08-07 10:30:00,-42.6913095,-36.64087115,,
2024-08-07 11:00:00,-64.14195943333333,-60.78895245,,
2024-08-07 11:30:00,-84.89634235,-81.44436215,,
2024-08-07 12:00:00,-95.51583115,-84.6885634,,
2024-08-07 12:30:00,-103.40746331666666,-91.62738605,,
2024-08-07 13:00:00,-111.55153448333334,-101.98270835,,
2024-08-07 13:30:00,-109.71292891666668,-93.17466325,,
2024-08-07 14:00:00,-98.99402555,-84.39581665,,
2024-08-07 14:30:00,-91.6443722,-81.31535889999999,,
2024-08-07 15:00:00,-72.81220168333333,-60.23181156666666,,
2024-08-07 15:30:00,-50.23438766666666,-42.77212565,,
2024-08-07 16:00:00,-24.5443556,-21.42659165,,
2024-08-07 16:30:00,-4.865197266666667,0.9578819666666664,,
2024-08-07 17:00:00,4.74265515,6.2052962,,
2024-08-07 17:30:00,8.99408925,18.63172558333333,,
2024-08-07 18:00:00,21.86155335,22.708147683333333,,
2024-08-07 18:30:00,35.938808816666665,28.226889966666665,,
2024-08-07 19:00:00,31.87076216666667,26.953614266666666,,
2024-08-07 19:30:00,38.62726876666667,41.41855953333334,,
2024-08-07 20:00:00,42.95277608333333,44.80251613333333,,
2024-08-07 20:30:00,51.82537553333333,46.47324006666667,,
2024-08-07 21:00:00,51.02991611666667,48.538532233333335,,
2024-08-07 21:30:00,52.46078678333333,48.58008661666667,,
2024-08-07 22:00:00,57.7870335,46.26073835,,
2024-08-07 22:30:00,43.04728608333334,43.94648003333333,,
2024-08-07 23:00:00,42.39447823333333,47.22423228333333,,
2024-08-07 23:30:00,42.10788401666667,34.7633361,,
2024-08-08 00:00:00,40.3860193,33.80908555,,
2024-08-08 00:30:00,39.733088783333336,32.21104811666667,,
2024-08-08 01:00:00,39.25619823333333,31.97948716666667,,
2024-08-08 01:30:00,36.93192071666667,27.28586945,,
2024-08-08 02:00:00,32.938165000000005,26.03941215,,
2024-08-08 02:30:00,34.3318844,29.93356375,,
2024-08-08 03:00:00,32.11931731666667,28.579843316666665,,
2024-08-08 03:30:00,32.417621716666666,33.049818916666666,,
2024-08-08 04:00:00,33.50302501666667,32.2614766,,
2024-08-08 04:30:00,33.99925843333333,31.26709381666667,,
2024-08-08 05:00:00,35.88428818333333,29.64666993333333,,
2024-08-08 05:30:00,32.50773838333333,33.254674,,
2024-08-08 06:00:00,40.77214715,37.4819267,,
2024-08-08 06:30:00,45.32161168333334,45.14800215,,
2024-08-08 07:00:00,55.864669383333336,55.59369948333333,,
2024-08-08 07:30:00,51.95150228333333,53.78235943333333,,
2024-08-08 08:00:00,50.12689893333334,44.926728716666666,,
2024-08-08 08:30:00,24.208041666666663,29.03613335,,
2024-08-08 09:00:00,13.310422266666665,8.038317350000002,,
2024-08-08 09:30:00,-3.468061,-9.33303995,,
2024-08-08 10:00:00,-10.21035825,-26.66389035,,
2024-08-08 10:30:00,-17.58132386666667,-42.6913095,,
2024-08-08 11:00:00,-33.54460556666667,-64.14195943333333,,
2024-08-08 11:30:00,-46.741496266666665,-84.89634235,,
2024-08-08 12:00:00,-54.20875325,-95.51583115,,
2024-08-08 12:30:00,-57.58912171666666,-103.40746331666666,,
2024-08-08 13:00:00,-62.44914215,-111.55153448333334,,
2024-08-08 13:30:00,-50.219059416666674,-109.71292891666668,,
2024-08-08 14:00:00,-41.3451106,-98.99402555,,
2024-08-08 14:30:00,-43.76517328333333,-91.6443722,,
2024-08-08 15:00:00,-31.47571566666667,-72.81220168333333,,
2024-08-08 15:30:00,-15.232145483333332,-50.23438766666666,,
2024-08-08 16:00:00,5.268866699999999,-24.5443556,,
2024-08-08 16:30:00,15.570391583333334,-4.865197266666667,,
2024-08-08 17:00:00,20.654984966666664,4.74265515,,
2024-08-08 17:30:00,21.66299455,8.99408925,,
2024-08-08 18:00:00,25.8265723,21.86155335,,
2024-08-08 18:30:00,35.37956716666667,35.938808816666665,,
2024-08-08 19:00:00,35.7362484,31.87076216666667,,
2024-08-08 19:30:00,37.206028233333335,38.62726876666667,,
2024-08-08 20:00:00,42.56065606666667,42.95277608333333,,
2024-08-08 20:30:00,43.00385121666667,51.82537553333333,,
2024-08-08 21:00:00,42.31182675,51.02991611666667,,
2024-08-08 21:30:00,44.539477866666665,52.46078678333333,,
2024-08-08 22:00:00,49.44046655,57.7870335,,
2024-08-08 22:30:00,44.31466176666667,43.04728608333334,,
2024-08-08 23:00:00,39.807157833333335,42.39447823333333,,
2024-08-08 23:30:00,37.76437656666667,42.10788401666667,,
2024-08-09 00:00:00,38.7325466,40.3860193,,
2024-08-09 00:30:00,30.25905605,39.733088783333336,,
2024-08-09 01:00:00,30.108681633333333,39.25619823333333,,
2024-08-09 01:30:00,24.74507608333333,36.93192071666667,,
2024-08-09 02:00:00,23.35888613333333,32.938165000000005,,
2024-08-09 02:30:00,27.34570323333333,34.3318844,,
2024-08-09 03:00:00,20.362741566666667,32.11931731666667,,
2024-08-09 03:30:00,20.57435343333333,32.417621716666666,,
2024-08-09 04:00:00,21.883472666666663,33.50302501666667,,
2024-08-09 04:30:00,25.396942183333334,33.99925843333333,,
2024-08-09 05:00:00,33.61967175,35.88428818333333,,
2024-08-09 05:30:00,31.8762468,32.50773838333333,,
2024-08-09 06:00:00,43.65059013333333,40.77214715,,
2024-08-09 06:30:00,49.52172008333333,45.32161168333334,,
2024-08-09 07:00:00,43.19487956666666,55.864669383333336,,
2024-08-09 07:30:00,47.52889006666667,51.95150228333333,,
2024-08-09 08:00:00,36.48289385,50.12689893333334,,
2024-08-09 08:30:00,16.460654466666664,24.208041666666663,,
2024-08-09 09:00:00,6.313163899999999,13.310422266666665,,
2024-08-09 09:30:00,-4.8176911,-3.468061,,
2024-08-09 10:00:00,-24.8554551,-10.21035825,,
2024-08-09 10:30:00,-33.61556893333333,-17.58132386666667,,
2024-08-09 11:00:00,-44.279244616666666,-33.54460556666667,,
2024-08-09 11:30:00,-65.42002431666667,-46.741496266666665,,
2024-08-09 12:00:00,-73.9875955,-54.20875325,,
2024-08-09 12:30:00,-79.26242013333332,-57.58912171666666,,
2024-08-09 13:00:00,-91.97137388333334,-62.44914215,,
2024-08-09 13:30:00,-100.1666517,-50.219059416666674,,
2024-08-09 14:00:00,-85.80038106666666,-41.3451106,,
2024-08-09 14:30:00,-83.50779338333334,-43.76517328333333,,
2024-08-09 15:00:00,-67.68800145,-31.47571566666667,,
2024-08-09 15:30:00,-50.91931508333334,-15.232145483333332,,
2024-08-09 16:00:00,-33.31741996666667,5.268866699999999,,
2024-08-09 16:30:00,-15.705374483333337,15.570391583333334,,
2024-08-09 17:00:00,-3.0869948833333325,20.654984966666664,,
2024-08-09 17:30:00,0.8048550500000001,21.66299455,,
2024-08-09 18:00:00,13.6387839,25.8265723,,
2024-08-09 18:30:00,21.6227128,35.37956716666667,,
2024-08-09 19:00:00,20.4533664,35.7362484,,
2024-08-09 19:30:00,17.50665725,37.206028233333335,,
2024-08-09 20:00:00,21.82710213333333,42.56065606666667,,
2024-08-09 20:30:00,35.24874236666667,43.00385121666667,,
2024-08-09 21:00:00,42.36163243333333,42.31182675,,
2024-08-09 21:30:00,43.78209905,44.539477866666665,,
2024-08-09 22:00:00,47.156334416666674,49.44046655,,
2024-08-09 22:30:00,39.7408618,44.31466176666667,,
2024-08-09 23:00:00,41.33684613333333,39.807157833333335,,
2024-08-09 23:30:00,41.93764491666666,37.76437656666667,,
2024-08-10 00:00:00,36.72876898333333,38.7325466,,
2024-08-10 00:30:00,35.751113350000004,30.25905605,,
2024-08-10 01:00:00,29.40639788333333,30.108681633333333,,
2024-08-10 01:30:00,26.264576066666667,24.74507608333333,,
2024-08-10 02:00:00,23.88913456666667,23.35888613333333,,
2024-08-10 02:30:00,28.19424211666667,27.34570323333333,,
2024-08-10 03:00:00,24.765057016666663,20.362741566666667,,
2024-08-10 03:30:00,29.762171333333335,20.57435343333333,,
2024-08-10 04:00:00,27.36464943333333,21.883472666666663,,
2024-08-10 04:30:00,30.4842843,25.396942183333334,,
2024-08-10 05:00:00,29.85850071666667,33.61967175,,
2024-08-10 05:30:00,29.86362838333333,31.8762468,,
2024-08-10 06:00:00,35.2618067,43.65059013333333,,
2024-08-10 06:30:00,39.97721105,49.52172008333333,,
2024-08-10 07:00:00,39.31213616666667,43.19487956666666,,
2024-08-10 07:30:00,45.48176835,47.52889006666667,,
2024-08-10 08:00:00,35.17782158333333,36.48289385,,
2024-08-10 08:30:00,24.336041066666667,16.460654466666664,,
2024-08-10 09:00:00,15.497627533333334,6.313163899999999,,
2024-08-10 09:30:00,-5.0415845,-4.8176911,,
2024-08-10 10:00:00,-29.29717035,-24.8554551,,
2024-08-10 10:30:00,-53.89479838333333,-33.61556893333333,,
2024-08-10 11:00:00,-75.18968108333333,-44.279244616666666,,
2024-08-10 11:30:00,-91.70432999999998,-65.42002431666667,,
2024-08-10 12:00:00,-97.676615,-73.9875955,,
2024-08-10 12:30:00,-102.27105281666668,-79.26242013333332,,
2024-08-10 13:00:00,-102.97695993333332,-91.97137388333334,,
2024-08-10 13:30:00,-115.6452628,-100.1666517,,
2024-08-10 14:00:00,-101.9749366,-85.80038106666666,,
2024-08-10 14:30:00,-92.36265228333332,-83.50779338333334,,
2024-08-10 15:00:00,-80.73476208333334,-67.68800145,,
2024-08-10 15:30:00,-61.28646938333333,-50.91931508333334,,
2024-08-10 16:00:00,-41.5209606,-33.31741996666667,,
2024-08-10 16:30:00,-23.28488218333333,-15.705374483333337,,
2024-08-10 17:00:00,-6.837619933333333,-3.0869948833333325,,
2024-08-10 17:30:00,2.2127928166666666,0.8048550500000001,,
2024-08-10 18:00:00,6.419264366666667,13.6387839,,
2024-08-10 18:30:00,11.91288115,21.6227128,,
2024-08-10 19:00:00,23.093201583333336,20.4533664,,
2024-08-10 19:30:00,26.3023111,17.50665725,,
2024-08-10 20:00:00,25.1825661,21.82710213333333,,
2024-08-10 20:30:00,31.202091616666667,35.24874236666667,,
2024-08-10 21:00:00,36.50370955,42.36163243333333,,
2024-08-10 21:30:00,37.01245896666666,43.78209905,,
2024-08-10 22:00:00,42.4399434,47.156334416666674,,
2024-08-10 22:30:00,35.499066066666664,39.7408618,,
2024-08-10 23:00:00,35.24995788333333,41.33684613333333,,
2024-08-10 23:30:00,34.0377818,41.93764491666666,,
2024-08-11 00:00:00,31.597895616666666,36.72876898333333,,
2024-08-11 00:30:00,31.2475805,35.751113350000004,,
2024-08-11 01:00:00,28.1255072,29.40639788333333,,
2024-08-11 01:30:00,27.830874466666668,26.264576066666667,,
2024-08-11 02:00:00,30.64638388333333,23.88913456666667,,
2024-08-11 02:30:00,30.58208233333333,28.19424211666667,,
2024-08-11 03:00:00,25.97551011666667,24.765057016666663,,
2024-08-11 03:30:00,21.61438126666667,29.762171333333335,,
2024-08-11 04:00:00,23.034648166666667,27.36464943333333,,
2024-08-11 04:30:00,22.791395,30.4842843,,
2024-08-11 05:00:00,21.760073916666663,29.85850071666667,,
2024-08-11 05:30:00,23.935212383333337,29.86362838333333,,
2024-08-11 06:00:00,28.537651133333338,35.2618067,,
2024-08-11 06:30:00,36.90198828333333,39.97721105,,
2024-08-11 07:00:00,32.72561553333333,39.31213616666667,,
2024-08-11 07:30:00,33.03692285,45.48176835,,
2024-08-11 08:00:00,28.168888383333336,35.17782158333333,,
2024-08-11 08:30:00,18.92722781666667,24.336041066666667,,
2024-08-11 09:00:00,10.14031235,15.497627533333334,,
2024-08-11 09:30:00,-14.270241483333336,-5.0415845,,
2024-08-11 10:00:00,-32.29813445,-29.29717035,,
2024-08-11 10:30:00,-52.45362458333333,-53.89479838333333,,
2024-08-11 11:00:00,-76.63996111666667,-75.18968108333333,,
2024-08-11 11:30:00,-86.72300333333334,-91.70432999999998,,
2024-08-11 12:00:00,-89.34084945,-97.676615,,
2024-08-11 12:30:00,-101.41887838333332,-102.27105281666668,,
2024-08-11 13:00:00,-110.0391445,-102.97695993333332,,
2024-08-11 13:30:00,-104.61992001666664,-115.6452628,,
2024-08-11 14:00:00,-93.0248849,-101.9749366,,
2024-08-11 14:30:00,-94.8541051,-92.36265228333332,,
2024-08-11 15:00:00,-79.25438824999999,-80.73476208333334,,
2024-08-11 15:30:00,-54.18069556666666,-61.28646938333333,,
2024-08-11 16:00:00,-39.46773955,-41.5209606,,
2024-08-11 16:30:00,-18.155153483333333,-23.28488218333333,,
2024-08-11 17:00:00,-9.102262683333333,-6.837619933333333,,
2024-08-11 17:30:00,8.780346233333335,2.2127928166666666,,
2024-08-11 18:00:00,15.831992183333332,6.419264366666667,,
2024-08-11 18:30:00,19.609399,11.91288115,,
2024-08-11 19:00:00,15.51584515,23.093201583333336,,
2024-08-11 19:30:00,20.48117938333333,26.3023111,,
2024-08-11 20:00:00,21.273301666666665,25.1825661,,
2024-08-11 20:30:00,25.927317183333333,31.202091616666667,,
2024-08-11 21:00:00,33.76064713333333,36.50370955,,
2024-08-11 21:30:00,37.443389833333335,37.01245896666666,,
2024-08-11 22:00:00,36.17301605,42.4399434,,
2024-08-11 22:30:00,30.644469533333336,35.499066066666664,,
2024-08-11 23:00:00,28.152933283333336,35.24995788333333,,
2024-08-11 23:30:00,32.29770778333333,34.0377818,,
2024-08-12 00:00:00,33.72298838333333,31.597895616666666,,
2024-08-12 00:30:00,29.75299716666667,31.2475805,,
2024-08-12 01:00:00,34.1572255,28.1255072,,
2024-08-12 01:30:00,28.87520553333333,27.830874466666668,,
2024-08-12 02:00:00,28.773228366666668,30.64638388333333,,
2024-08-12 02:30:00,29.45240228333333,30.58208233333333,,
2024-08-12 03:00:00,24.163133483333336,25.97551011666667,,
2024-08-12 03:30:00,21.000542866666667,21.61438126666667,,
2024-08-12 04:00:00,24.06833041666667,23.034648166666667,,
2024-08-12 04:30:00,26.076482166666665,22.791395,,
2024-08-12 05:00:00,25.122443383333334,21.760073916666663,,
2024-08-12 05:30:00,28.429669633333333,23.935212383333337,,
2024-08-12 06:00:00,38.15041505,28.537651133333338,,
2024-08-12 06:30:00,42.0031489,36.90198828333333,,
2024-08-12 07:00:00,39.56103823333333,32.72561553333333,,
2024-08-12 07:30:00,39.10804293333333,33.03692285,,
2024-08-12 08:00:00,26.33712603333333,28.168888383333336,,
2024-08-12 08:30:00,17.060364433333334,18.92722781666667,,
2024-08-12 09:00:00,5.870534849999999,10.14031235,,
2024-08-12 09:30:00,-4.3825632500000005,-14.270241483333336,,
2024-08-12 10:00:00,-28.01212986666667,-32.29813445,,
2024-08-12 10:30:00,-37.06628055,-52.45362458333333,,
2024-08-12 11:00:00,-43.57466836666666,-76.63996111666667,,
2024-08-12 11:30:00,-47.81798228333333,-86.72300333333334,,
2024-08-12 12:00:00,-53.13636495,-89.34084945,,
2024-08-12 12:30:00,-58.065704933333336,-101.41887838333332,,
2024-08-12 13:00:00,-60.51837231666667,-110.0391445,,
2024-08-12 13:30:00,-60.7875339,-104.61992001666664,,
2024-08-12 14:00:00,-48.7346779,-93.0248849,,
2024-08-12 14:30:00,-36.42368653333333,-94.8541051,,
2024-08-12 15:00:00,-25.35756955,-79.25438824999999,,
2024-08-12 15:30:00,-18.235287316666668,-54.18069556666666,,
2024-08-12 16:00:00,-12.25845265,-39.46773955,,
2024-08-12 16:30:00,-5.683938766666667,-18.155153483333333,,
2024-08-12 17:00:00,7.92089155,-9.102262683333333,,
2024-08-12 17:30:00,16.773208366666665,8.780346233333335,,
2024-08-12 18:00:00,26.85822385,15.831992183333332,,
2024-08-12 18:30:00,36.22265105,19.609399,,
2024-08-12 19:00:00,33.737044399999995,15.51584515,,
2024-08-12 19:30:00,34.11378778333333,20.48117938333333,,
2024-08-12 20:00:00,33.62979788333333,21.273301666666665,,
2024-08-12 20:30:00,32.26800346666666,25.927317183333333,,
2024-08-12 21:00:00,35.86023386666667,33.76064713333333,,
2024-08-12 21:30:00,35.517563816666666,37.443389833333335,,
2024-08-12 22:00:00,30.76342501666667,36.17301605,,
2024-08-12 22:30:00,25.761836516666666,30.644469533333336,,
2024-08-12 23:00:00,26.59025,28.152933283333336,,
2024-08-12 23:30:00,26.94081398333333,32.29770778333333,,
2024-08-13 00:00:00,32.79907723333333,33.72298838333333,,
2024-08-13 00:30:00,30.78032775,29.75299716666667,,
2024-08-13 01:00:00,27.14751103333333,34.1572255,,
2024-08-13 01:30:00,24.84514005,28.87520553333333,,
2024-08-13 02:00:00,24.48581945,28.773228366666668,,
2024-08-13 02:30:00,30.326334016666667,29.45240228333333,,
2024-08-13 03:00:00,24.517721716666667,24.163133483333336,,
2024-08-13 03:30:00,25.81953601666667,21.000542866666667,,
2024-08-13 04:00:00,29.61392406666667,24.06833041666667,,
2024-08-13 04:30:00,26.423366233333336,26.076482166666665,,
2024-08-13 05:00:00,27.0593076,25.122443383333334,,
2024-08-13 05:30:00,24.1579595,28.429669633333333,,
2024-08-13 06:00:00,32.88386883333333,38.15041505,,
2024-08-13 06:30:00,36.43874506666666,42.0031489,,
2024-08-13 07:00:00,39.16016723333333,39.56103823333333,,
2024-08-13 07:30:00,38.25163711666666,39.10804293333333,,
2024-08-13 08:00:00,34.21716706666667,26.33712603333333,,
2024-08-13 08:30:00,23.50046055,17.060364433333334,,
2024-08-13 09:00:00,13.798085983333332,5.870534849999999,,
2024-08-13 09:30:00,-2.3061822333333333,-4.3825632500000005,,
2024-08-13 10:00:00,-13.696689916666664,-28.01212986666667,,
2024-08-13 10:30:00,-29.9907894,-37.06628055,,
2024-08-13 11:00:00,-47.17769831666666,-43.57466836666666,,
2024-08-13 11:30:00,-51.66682676666667,-47.81798228333333,,
2024-08-13 12:00:00,-60.49422093333334,-53.13636495,,
2024-08-13 12:30:00,-54.1407327,-58.065704933333336,,
2024-08-13 13:00:00,-55.13262948333334,-60.51837231666667,,
2024-08-13 13:30:00,-44.550762850000005,-60.7875339,,
2024-08-13 14:00:00,-41.79247208333333,-48.7346779,,
2024-08-13 14:30:00,-36.98455496666667,-36.42368653333333,,
2024-08-13 15:00:00,-33.986770416666666,-25.35756955,,
2024-08-13 15:30:00,-24.775576166666667,-18.235287316666668,,
2024-08-13 16:00:00,-16.661883333333332,-12.25845265,,
2024-08-13 16:30:00,2.7640755333333336,-5.683938766666667,,
2024-08-13 17:00:00,18.903841733333334,7.92089155,,
2024-08-13 17:30:00,22.659674433333333,16.773208366666665,,
2024-08-13 18:00:00,25.562404366666662,26.85822385,,
2024-08-13 18:30:00,28.39216725,36.22265105,,
2024-08-13 19:00:00,28.75386388333333,33.737044399999995,,
2024-08-13 19:30:00,26.290797916666666,34.11378778333333,,
2024-08-13 20:00:00,27.383161016666666,33.62979788333333,,
2024-08-13 20:30:00,24.957675566666666,32.26800346666666,,
2024-08-13 21:00:00,31.74700898333333,35.86023386666667,,
2024-08-13 21:30:00,30.48030385,35.517563816666666,,
2024-08-13 22:00:00,34.99751006666667,30.76342501666667,,
2024-08-13 22:30:00,27.51012168333333,25.761836516666666,,
2024-08-13 23:00:00,28.45791068333333,26.59025,,
2024-08-13 23:30:00,32.68870128333334,26.94081398333333,,
2024-08-14 00:00:00,31.440112216666662,32.79907723333333,,
2024-08-14 00:30:00,29.779564466666667,30.78032775,,
2024-08-14 01:00:00,27.75999428333333,27.14751103333333,,
2024-08-14 01:30:00,25.815645033333336,24.84514005,,
2024-08-14 02:00:00,24.62494343333333,24.48581945,,
2024-08-14 02:30:00,27.37218556666667,30.326334016666667,,
2024-08-14 03:00:00,24.92297496666667,24.517721716666667,,
2024-08-14 03:30:00,24.42460168333333,25.81953601666667,,
2024-08-14 04:00:00,24.20982426666667,29.61392406666667,,
2024-08-14 04:30:00,24.697885566666667,26.423366233333336,,
2024-08-14 05:00:00,26.8060183,27.0593076,,
2024-08-14 05:30:00,32.03217225,24.1579595,,
2024-08-14 06:00:00,38.144088716666666,32.88386883333333,,
2024-08-14 06:30:00,40.83592548333333,36.43874506666666,,
2024-08-14 07:00:00,37.00780048333333,39.16016723333333,,
2024-08-14 07:30:00,36.30023951666666,38.25163711666666,,
2024-08-14 08:00:00,29.11417285,34.21716706666667,,
2024-08-14 08:30:00,18.3090527,23.50046055,,
2024-08-14 09:00:00,9.108493350000002,13.798085983333332,,
2024-08-14 09:30:00,6.0138072,-2.3061822333333333,,
2024-08-14 10:00:00,-2.941169,-13.696689916666664,,
2024-08-14 10:30:00,-17.379088983333332,-29.9907894,,
2024-08-14 11:00:00,-25.72976118333333,-47.17769831666666,,
2024-08-14 11:30:00,-37.068050416666665,-51.66682676666667,,
2024-08-14 12:00:00,-38.81938941666667,-60.49422093333334,,
2024-08-14 12:30:00,-47.443253950000006,-54.1407327,,
2024-08-14 13:00:00,-56.26857376666666,-55.13262948333334,,
2024-08-14 13:30:00,-63.80327003333333,-44.550762850000005,,
2024-08-14 14:00:00,-55.724875450000006,-41.79247208333333,,
2024-08-14 14:30:00,-49.08946558333333,-36.98455496666667,,
2024-08-14 15:00:00,-43.7476539,-33.986770416666666,,
2024-08-14 15:30:00,-28.30309163333333,-24.775576166666667,,
2024-08-14 16:00:00,-7.322443333333333,-16.661883333333332,,
2024-08-14 16:30:00,0.2689449333333336,2.7640755333333336,,
2024-08-14 17:00:00,15.090650599999998,18.903841733333334,,
2024-08-14 17:30:00,22.742458983333336,22.659674433333333,,
2024-08-14 18:00:00,23.57789388333333,25.562404366666662,,
2024-08-14 18:30:00,31.07910113333333,28.39216725,,
2024-08-14 19:00:00,30.251118766666668,28.75386388333333,,
2024-08-14 19:30:00,28.565605,26.290797916666666,,
2024-08-14 20:00:00,28.32025398333333,27.383161016666666,,
2024-08-14 20:30:00,28.769632716666667,24.957675566666666,,
2024-08-14 21:00:00,29.94534778333333,31.74700898333333,,
2024-08-14 21:30:00,29.37024115,30.48030385,,
2024-08-14 22:00:00,24.66155283333333,34.99751006666667,,
2024-08-14 22:30:00,25.052008433333334,27.51012168333333,,
2024-08-14 23:00:00,32.226204016666664,28.45791068333333,,
2024-08-14 23:30:00,31.8057235,32.68870128333334,,
2024-08-15 00:00:00,39.39265281666667,31.440112216666662,,
2024-08-15 00:30:00,37.5148067,29.779564466666667,,
2024-08-15 01:00:00,36.819790000000005,27.75999428333333,,
2024-08-15 01:30:00,31.73896275,25.815645033333336,,
2024-08-15 02:00:00,31.43349055,24.62494343333333,,
2024-08-15 02:30:00,36.48261561666667,27.37218556666667,,
2024-08-15 03:00:00,30.65959493333333,24.92297496666667,,
2024-08-15 03:30:00,29.57330598333333,24.42460168333333,,
2024-08-15 04:00:00,33.90030993333334,24.20982426666667,,
2024-08-15 04:30:00,38.747993316666665,24.697885566666667,,
2024-08-15 05:00:00,30.3336901,26.8060183,,
2024-08-15 05:30:00,27.663387,32.03217225,,
2024-08-15 06:00:00,31.37177,38.144088716666666,,
2024-08-15 06:30:00,38.97595661666667,40.83592548333333,,
2024-08-15 07:00:00,26.9935649,37.00780048333333,,
2024-08-15 07:30:00,24.464754966666664,36.30023951666666,,
2024-08-15 08:00:00,27.62494338333333,29.11417285,,
2024-08-15 08:30:00,21.6788099,18.3090527,,
2024-08-15 09:00:00,10.818881183333334,9.108493350000002,,
2024-08-15 09:30:00,-2.088532816666667,6.0138072,,
2024-08-15 10:00:00,-11.512889933333332,-2.941169,,
2024-08-15 10:30:00,-30.157763950000003,-17.379088983333332,,
2024-08-15 11:00:00,-35.493533383333336,-25.72976118333333,,
2024-08-15 11:30:00,-36.4849283,-37.068050416666665,,
2024-08-15 12:00:00,-31.32367008333333,-38.81938941666667,,
2024-08-15 12:30:00,-37.85118106666667,-47.443253950000006,,
2024-08-15 13:00:00,-47.9924734,-56.26857376666666,,
2024-08-15 13:30:00,-43.5910668,-63.80327003333333,,
2024-08-15 14:00:00,-35.551691133333335,-55.724875450000006,,
2024-08-15 14:30:00,-29.99809603333333,-49.08946558333333,,
2024-08-15 15:00:00,-27.52890993333333,-43.7476539,,
2024-08-15 15:30:00,-18.897399983333333,-28.30309163333333,,
2024-08-15 16:00:00,-15.0477212,-7.322443333333333,,
2024-08-15 16:30:00,0.7876944333333332,0.2689449333333336,,
2024-08-15 17:00:00,9.72155095,15.090650599999998,,
2024-08-15 17:30:00,15.103985083333331,22.742458983333336,,
2024-08-15 18:00:00,22.61961001666667,23.57789388333333,,
2024-08-15 18:30:00,26.5738349,31.07910113333333,,
2024-08-15 19:00:00,30.70488493333333,30.251118766666668,,
2024-08-15 19:30:00,26.534512333333332,28.565605,,
2024-08-15 20:00:00,31.002863966666663,28.32025398333333,,
2024-08-15 20:30:00,30.6264255,28.769632716666667,,
2024-08-15 21:00:00,28.780842766666662,29.94534778333333,,
2024-08-15 21:30:00,29.939529000000004,29.37024115,,
2024-08-15 22:00:00,32.912273883333334,24.66155283333333,,
2024-08-15 22:30:00,24.045535716666667,25.052008433333334,,
2024-08-15 23:00:00,24.36558493333333,32.226204016666664,,
2024-08-15 23:30:00,31.57999948333333,31.8057235,,
2024-08-16 00:00:00,27.661462666666665,39.39265281666667,,
2024-08-16 00:30:00,26.86850845,37.5148067,,
2024-08-16 01:00:00,23.46729283333333,36.819790000000005,,
2024-08-16 01:30:00,23.914086666666662,31.73896275,,
2024-08-16 02:00:00,23.411976683333336,31.43349055,,
2024-08-16 02:30:00,29.204113700000004,36.48261561666667,,
2024-08-16 03:00:00,26.7520938,30.65959493333333,,
2024-08-16 03:30:00,30.825859883333333,29.57330598333333,,
2024-08-16 04:00:00,30.158235716666667,33.90030993333334,,
2024-08-16 04:30:00,34.4015693,38.747993316666665,,
2024-08-16 05:00:00,32.60294158333333,30.3336901,,
2024-08-16 05:30:00,33.416435150000005,27.663387,,
2024-08-16 06:00:00,32.834952683333334,31.37177,,
2024-08-16 06:30:00,35.9194928,38.97595661666667,,
2024-08-16 07:00:00,32.17018325,26.9935649,,
2024-08-16 07:30:00,29.24161063333333,24.464754966666664,,
2024-08-16 08:00:00,29.047728333333332,27.62494338333333,,
2024-08-16 08:30:00,23.68467895,21.6788099,,
2024-08-16 09:00:00,16.185818833333332,10.818881183333334,,
2024-08-16 09:30:00,5.984657166666668,-2.088532816666667,,
2024-08-16 10:00:00,-2.1370388499999997,-11.512889933333332,,
2024-08-16 10:30:00,-5.560754416666666,-30.157763950000003,,
2024-08-16 11:00:00,-12.183973833333331,-35.493533383333336,,
2024-08-16 11:30:00,-31.990222183333334,-36.4849283,,
2024-08-16 12:00:00,-33.81815613333333,-31.32367008333333,,
2024-08-16 12:30:00,-50.48032716666666,-37.85118106666667,,
2024-08-16 13:00:00,-48.30440721666667,-47.9924734,,
2024-08-16 13:30:00,-52.32249288333333,-43.5910668,,
2024-08-16 14:00:00,-42.26416773333333,-35.551691133333335,,
2024-08-16 14:30:00,-37.555550466666666,-29.99809603333333,,
2024-08-16 15:00:00,-31.8371162,-27.52890993333333,,
2024-08-16 15:30:00,-27.220748383333333,-18.897399983333333,,
2024-08-16 16:00:00,-16.458090483333333,-15.0477212,,
2024-08-16 16:30:00,-11.77890945,0.7876944333333332,,
2024-08-16 17:00:00,-0.2607677833333334,9.72155095,,
2024-08-16 17:30:00,5.507756283333333,15.103985083333331,,
2024-08-16 18:00:00,12.615635466666667,22.61961001666667,,
2024-08-16 18:30:00,14.416415033333337,26.5738349,,
2024-08-16 19:00:00,18.961915566666665,30.70488493333333,,
2024-08-16 19:30:00,21.727792316666665,26.534512333333332,,
2024-08-16 20:00:00,30.56857403333333,31.002863966666663,,
2024-08-16 20:30:00,35.48873115,30.6264255,,
2024-08-16 21:00:00,39.29156505,28.780842766666662,,
2024-08-16 21:30:00,40.2135678,29.939529000000004,,
2024-08-16 22:00:00,39.801991,32.912273883333334,,
2024-08-16 22:30:00,37.85185065,24.045535716666667,,
2024-08-16 23:00:00,37.134785533333336,24.36558493333333,,
2024-08-16 23:30:00,41.858932333333335,31.57999948333333,,
2024-08-17 00:00:00,44.33854273333333,27.661462666666665,,
2024-08-17 00:30:00,32.86151383333333,26.86850845,,
2024-08-17 01:00:00,24.78375103333333,23.46729283333333,,
2024-08-17 01:30:00,23.296139516666667,23.914086666666662,,
2024-08-17 02:00:00,27.48516111666667,23.411976683333336,,
2024-08-17 02:30:00,27.715601083333336,29.204113700000004,,
2024-08-17 03:00:00,23.255765033333333,26.7520938,,
2024-08-17 03:30:00,25.4610824,30.825859883333333,,
2024-08-17 04:00:00,28.232301016666668,30.158235716666667,,
2024-08-17 04:30:00,27.84552878333333,34.4015693,,
2024-08-17 05:00:00,29.47768105,32.60294158333333,,
2024-08-17 05:30:00,28.694235733333333,33.416435150000005,,
2024-08-17 06:00:00,25.09559593333333,32.834952683333334,,
2024-08-17 06:30:00,23.83493658333333,35.9194928,,
2024-08-17 07:00:00,19.616469416666664,32.17018325,,
2024-08-17 07:30:00,20.34198395,29.24161063333333,,
2024-08-17 08:00:00,14.906250583333334,29.047728333333332,,
2024-08-17 08:30:00,12.035153416666668,23.68467895,,
2024-08-17 09:00:00,8.403807783333333,16.185818833333332,,
2024-08-17 09:30:00,-5.459736066666667,5.984657166666668,,
2024-08-17 10:00:00,-8.585220049999998,-2.1370388499999997,,
2024-08-17 10:30:00,-13.600034983333336,-5.560754416666666,,
2024-08-17 11:00:00,-33.41262456666667,-12.183973833333331,,
2024-08-17 11:30:00,-39.95300003333333,-31.990222183333334,,
2024-08-17 12:00:00,-57.39921038333333,-33.81815613333333,,
2024-08-17 12:30:00,-69.87117553333333,-50.48032716666666,,
2024-08-17 13:00:00,-66.55081216666666,-48.30440721666667,,
2024-08-17 13:30:00,-69.35432793333334,-52.32249288333333,,
2024-08-17 14:00:00,-60.20795393333333,-42.26416773333333,,
2024-08-17 14:30:00,-58.07450278333334,-37.555550466666666,,
2024-08-17 15:00:00,-48.34372296666667,-31.8371162,,
2024-08-17 15:30:00,-34.05893771666667,-27.220748383333333,,
2024-08-17 16:00:00,-15.718511683333332,-16.458090483333333,,
2024-08-17 16:30:00,0.8603978000000002,-11.77890945,,
2024-08-17 17:00:00,11.604078916666667,-0.2607677833333334,,
2024-08-17 17:30:00,15.491508383333333,5.507756283333333,,
2024-08-17 18:00:00,22.57990936666667,12.615635466666667,,
2024-08-17 18:30:00,31.005435066666667,14.416415033333337,,
2024-08-17 19:00:00,36.53598015,18.961915566666665,,
2024-08-17 19:30:00,34.20928385,21.727792316666665,,
2024-08-17 20:00:00,42.26942271666667,30.56857403333333,,
2024-08-17 20:30:00,54.52582221666668,35.48873115,,
2024-08-17 21:00:00,51.97808161666666,39.29156505,,
2024-08-17 21:30:00,51.72422735,40.2135678,,
2024-08-17 22:00:00,47.50011511666667,39.801991,,
2024-08-17 22:30:00,42.56758341666667,37.85185065,,
2024-08-17 23:00:00,48.36217881666666,37.134785533333336,,
2024-08-17 23:30:00,45.416698333333336,41.858932333333335,,
2024-08-18 00:00:00,41.20434058333333,44.33854273333333,,
2024-08-18 00:30:00,37.31593915,32.86151383333333,,
2024-08-18 01:00:00,35.834786083333334,24.78375103333333,,
2024-08-18 01:30:00,31.5888768,23.296139516666667,,
2024-08-18 02:00:00,27.89080995,27.48516111666667,,
2024-08-18 02:30:00,33.241229016666665,27.715601083333336,,
2024-08-18 03:00:00,33.00723118333333,23.255765033333333,,
2024-08-18 03:30:00,29.382242266666665,25.4610824,,
2024-08-18 04:00:00,31.816289333333334,28.232301016666668,,
2024-08-18 04:30:00,29.73685123333333,27.84552878333333,,
2024-08-18 05:00:00,27.87441825,29.47768105,,
2024-08-18 05:30:00,29.20646995,28.694235733333333,,
2024-08-18 06:00:00,28.353758783333333,25.09559593333333,,
2024-08-18 06:30:00,27.63495226666667,23.83493658333333,,
2024-08-18 07:00:00,21.83036841666667,19.616469416666664,,
2024-08-18 07:30:00,27.448423316666663,20.34198395,,
2024-08-18 08:00:00,26.9660601,14.906250583333334,,
2024-08-18 08:30:00,20.138649066666662,12.035153416666668,,
2024-08-18 09:00:00,-0.3555522499999999,8.403807783333333,,
2024-08-18 09:30:00,-27.006885083333334,-5.459736066666667,,
2024-08-18 10:00:00,-42.820362816666666,-8.585220049999998,,
2024-08-18 10:30:00,-50.05434266666666,-13.600034983333336,,
2024-08-18 11:00:00,-53.3462773,-33.41262456666667,,
2024-08-18 11:30:00,-70.732918,-39.95300003333333,,
2024-08-18 12:00:00,-66.64672221666666,-57.39921038333333,,
2024-08-18 12:30:00,-60.757092766666666,-69.87117553333333,,
2024-08-18 13:00:00,-54.2756512,-66.55081216666666,,
2024-08-18 13:30:00,-57.89141006666667,-69.35432793333334,,
2024-08-18 14:00:00,-48.07035773333333,-60.20795393333333,,
2024-08-18 14:30:00,-45.36037828333334,-58.07450278333334,,
2024-08-18 15:00:00,-35.200592283333336,-48.34372296666667,,
2024-08-18 15:30:00,-16.10958225,-34.05893771666667,,
2024-08-18 16:00:00,-8.713042783333334,-15.718511683333332,,
2024-08-18 16:30:00,5.421960233333333,0.8603978000000002,,
2024-08-18 17:00:00,16.719659916666668,11.604078916666667,,
2024-08-18 17:30:00,23.2110538,15.491508383333333,,
2024-08-18 18:00:00,34.22322556666666,22.57990936666667,,
2024-08-18 18:30:00,40.549836133333336,31.005435066666667,,
2024-08-18 19:00:00,42.06640225,36.53598015,,
2024-08-18 19:30:00,41.76995883333333,34.20928385,,
2024-08-18 20:00:00,45.67006221666667,42.26942271666667,,
2024-08-18 20:30:00,43.42682403333333,54.52582221666668,,
2024-08-18 21:00:00,39.0992944,51.97808161666666,,
2024-08-18 21:30:00,43.440044883333336,51.72422735,,
2024-08-18 22:00:00,37.948380166666674,47.50011511666667,,
2024-08-18 22:30:00,39.14536565,42.56758341666667,,
2024-08-18 23:00:00,44.62401535,48.36217881666666,,
2024-08-18 23:30:00,44.93976056666667,45.416698333333336,,
2024-08-19 00:00:00,40.61651561666667,41.20434058333333,,
2024-08-19 00:30:00,35.12203673333333,37.31593915,,
2024-08-19 01:00:00,28.971741666666663,35.834786083333334,,
2024-08-19 01:30:00,29.27793443333333,31.5888768,,
2024-08-19 02:00:00,27.76511443333333,27.89080995,,
2024-08-19 02:30:00,36.202461516666666,33.241229016666665,,
2024-08-19 03:00:00,31.671506083333338,33.00723118333333,,
2024-08-19 03:30:00,30.104118083333333,29.382242266666665,,
2024-08-19 04:00:00,29.00118615,31.816289333333334,,
2024-08-19 04:30:00,26.974656133333337,29.73685123333333,,
2024-08-19 05:00:00,32.39210825,27.87441825,,
2024-08-19 05:30:00,38.56479323333333,29.20646995,,
2024-08-19 06:00:00,38.04304165,28.353758783333333,,
2024-08-19 06:30:00,44.52982065,27.63495226666667,,
2024-08-19 07:00:00,41.007756750000006,21.83036841666667,,
2024-08-19 07:30:00,38.44476898333333,27.448423316666663,,
2024-08-19 08:00:00,30.04181498333333,26.9660601,,
2024-08-19 08:30:00,17.920666716666666,20.138649066666662,,
2024-08-19 09:00:00,11.810517133333336,-0.3555522499999999,,
2024-08-19 09:30:00,-11.889499433333334,-27.006885083333334,,
2024-08-19 10:00:00,-26.826241516666663,-42.820362816666666,,
2024-08-19 10:30:00,-32.389066750000005,-50.05434266666666,,
2024-08-19 11:00:00,-35.78780963333333,-53.3462773,,
2024-08-19 11:30:00,-56.4241328,-70.732918,,
2024-08-19 12:00:00,-71.42847318333334,-66.64672221666666,,
2024-08-19 12:30:00,-65.01944103333334,-60.757092766666666,,
2024-08-19 13:00:00,-76.36423765,-54.2756512,,
2024-08-19 13:30:00,-57.00057505,-57.89141006666667,,
2024-08-19 14:00:00,-49.3468178,-48.07035773333333,,
2024-08-19 14:30:00,-48.12932998333334,-45.36037828333334,,
2024-08-19 15:00:00,-42.50008938333333,-35.200592283333336,,
2024-08-19 15:30:00,-21.2644977,-16.10958225,,
2024-08-19 16:00:00,-14.72727605,-8.713042783333334,,
2024-08-19 16:30:00,-3.4932939,5.421960233333333,,
2024-08-19 17:00:00,5.3687251,16.719659916666668,,
2024-08-19 17:30:00,11.266736316666666,23.2110538,,
2024-08-19 18:00:00,20.32854293333333,34.22322556666666,,
2024-08-19 18:30:00,31.201784433333334,40.549836133333336,,
2024-08-19 19:00:00,32.320762816666665,42.06640225,,
2024-08-19 19:30:00,28.871211866666663,41.76995883333333,,
2024-08-19 20:00:00,33.44982795,45.67006221666667,,
2024-08-19 20:30:00,36.92778885,43.42682403333333,,
2024-08-19 21:00:00,39.31285663333333,39.0992944,,
2024-08-19 21:30:00,36.82617726666667,43.440044883333336,,
2024-08-19 22:00:00,32.1798667,37.948380166666674,,
2024-08-19 22:30:00,25.66222433333333,39.14536565,,
2024-08-19 23:00:00,26.12402893333333,44.62401535,,
2024-08-19 23:30:00,27.5900138,44.93976056666667,,
2024-08-20 00:00:00,26.465767266666663,40.61651561666667,,
2024-08-20 00:30:00,29.19639736666667,35.12203673333333,,
2024-08-20 01:00:00,29.3592173,28.971741666666663,,
2024-08-20 01:30:00,30.23632775,29.27793443333333,,
2024-08-20 02:00:00,26.23660465,27.76511443333333,,
2024-08-20 02:30:00,27.83464825,36.202461516666666,,
2024-08-20 03:00:00,21.700876166666664,31.671506083333338,,
2024-08-20 03:30:00,22.872560583333332,30.104118083333333,,
2024-08-20 04:00:00,26.2043611,29.00118615,,
2024-08-20 04:30:00,28.994900483333332,26.974656133333337,,
2024-08-20 05:00:00,33.54572285,32.39210825,,
2024-08-20 05:30:00,37.21142008333334,38.56479323333333,,
2024-08-20 06:00:00,40.19472558333333,38.04304165,,
2024-08-20 06:30:00,37.325436116666665,44.52982065,,
2024-08-20 07:00:00,27.76767991666667,41.007756750000006,,
2024-08-20 07:30:00,31.56119895,38.44476898333333,,
2024-08-20 08:00:00,37.42560996666666,30.04181498333333,,
2024-08-20 08:30:00,16.0159499,17.920666716666666,,
2024-08-20 09:00:00,3.8531154833333336,11.810517133333336,,
2024-08-20 09:30:00,-4.729110566666667,-11.889499433333334,,
2024-08-20 10:00:00,-14.341190583333336,-26.826241516666663,,
2024-08-20 10:30:00,-20.61842658333333,-32.389066750000005,,
2024-08-20 11:00:00,-32.63689661666667,-35.78780963333333,,
2024-08-20 11:30:00,-46.13450956666666,-56.4241328,,
2024-08-20 12:00:00,-52.8263279,-71.42847318333334,,
2024-08-20 12:30:00,-57.21597226666668,-65.01944103333334,,
2024-08-20 13:00:00,-63.699791733333335,-76.36423765,,
2024-08-20 13:30:00,-65.35607503333334,-57.00057505,,
2024-08-20 14:00:00,-54.0505805,-49.3468178,,
2024-08-20 14:30:00,-47.067028316666665,-48.12932998333334,,
2024-08-20 15:00:00,-53.44623236666666,-42.50008938333333,,
2024-08-20 15:30:00,-35.84434825,-21.2644977,,
2024-08-20 16:00:00,-25.73822618333333,-14.72727605,,
2024-08-20 16:30:00,-13.896045583333333,-3.4932939,,
2024-08-20 17:00:00,-2.2895600833333334,5.3687251,,
2024-08-20 17:30:00,0.9795655833333335,11.266736316666666,,
2024-08-20 18:00:00,9.347617933333334,20.32854293333333,,
2024-08-20 18:30:00,14.844668983333332,31.201784433333334,,
2024-08-20 19:00:00,21.706066616666664,32.320762816666665,,
2024-08-20 19:30:00,20.524237266666667,28.871211866666663,,
2024-08-20 20:00:00,26.298471133333333,33.44982795,,
2024-08-20 20:30:00,28.38622395,36.92778885,,
2024-08-20 21:00:00,32.91918998333333,39.31285663333333,,
2024-08-20 21:30:00,36.75912595,36.82617726666667,,
2024-08-20 22:00:00,31.37091331666667,32.1798667,,
2024-08-20 22:30:00,27.49365205,25.66222433333333,,
2024-08-20 23:00:00,30.577378316666668,26.12402893333333,,
2024-08-20 23:30:00,31.1061794,27.5900138,,
2024-08-21 00:00:00,31.784550483333334,26.465767266666663,,
2024-08-21 00:30:00,30.341749550000003,29.19639736666667,,
2024-08-21 01:00:00,29.1864817,29.3592173,,
2024-08-21 01:30:00,28.638185016666664,30.23632775,,
2024-08-21 02:00:00,25.8655239,26.23660465,,
2024-08-21 02:30:00,30.06433275,27.83464825,,
2024-08-21 03:00:00,24.439689366666663,21.700876166666664,,
2024-08-21 03:30:00,22.62501268333333,22.872560583333332,,
2024-08-21 04:00:00,21.740274900000003,26.2043611,,
2024-08-21 04:30:00,21.721258316666667,28.994900483333332,,
2024-08-21 05:00:00,24.1610161,33.54572285,,
2024-08-21 05:30:00,26.432575683333337,37.21142008333334,,
2024-08-21 06:00:00,26.12844945,40.19472558333333,,
2024-08-21 06:30:00,28.4335506,37.325436116666665,,
2024-08-21 07:00:00,29.46778125,27.76767991666667,,
2024-08-21 07:30:00,26.585780166666662,31.56119895,,
2024-08-21 08:00:00,26.11123665,37.42560996666666,,
2024-08-21 08:30:00,6.132002866666666,16.0159499,,
2024-08-21 09:00:00,-8.434995950000001,3.8531154833333336,,
2024-08-21 09:30:00,-20.582264483333333,-4.729110566666667,,
2024-08-21 10:00:00,-32.21019998333333,-14.341190583333336,,
2024-08-21 10:30:00,-55.60813061666667,-20.61842658333333,,
2024-08-21 11:00:00,-63.76286785,-32.63689661666667,,
2024-08-21 11:30:00,-84.28700719999999,-46.13450956666666,,
2024-08-21 12:00:00,-106.32709768333332,-52.8263279,,
2024-08-21 12:30:00,-94.34127831666666,-57.21597226666668,,
2024-08-21 13:00:00,-88.02025943333335,-63.699791733333335,,
2024-08-21 13:30:00,-88.09036766666667,-65.35607503333334,,
2024-08-21 14:00:00,-82.9346434,-54.0505805,,
2024-08-21 14:30:00,-88.87864931666667,-47.067028316666665,,
2024-08-21 15:00:00,-71.49999213333332,-53.44623236666666,,
2024-08-21 15:30:00,-54.0233594,-35.84434825,,
2024-08-21 16:00:00,-35.204952866666666,-25.73822618333333,,
2024-08-21 16:30:00,-12.445391066666666,-13.896045583333333,,
2024-08-21 17:00:00,-0.6651044833333334,-2.2895600833333334,,
2024-08-21 17:30:00,5.813925633333334,0.9795655833333335,,
2024-08-21 18:00:00,13.555581633333334,9.347617933333334,,
2024-08-21 18:30:00,18.4232491,14.844668983333332,,
2024-08-21 19:00:00,22.251823916666662,21.706066616666664,,
2024-08-21 19:30:00,27.2882895,20.524237266666667,,
2024-08-21 20:00:00,25.765977816666663,26.298471133333333,,
2024-08-21 20:30:00,26.984586083333337,28.38622395,,
2024-08-21 21:00:00,34.05282881666667,32.91918998333333,,
2024-08-21 21:30:00,34.78973381666667,36.75912595,,
2024-08-21 22:00:00,32.01850098333333,31.37091331666667,,
2024-08-21 22:30:00,27.74777213333333,27.49365205,,
2024-08-21 23:00:00,32.9670061,30.577378316666668,,
2024-08-21 23:30:00,31.993006066666663,31.1061794,,
2024-08-22 00:00:00,30.1267587,31.784550483333334,,
2024-08-22 00:30:00,22.33825218333333,30.341749550000003,,
2024-08-22 01:00:00,21.387921700000003,29.1864817,,
2024-08-22 01:30:00,22.527234983333333,28.638185016666664,,
2024-08-22 02:00:00,23.363567866666667,25.8655239,,
2024-08-22 02:30:00,27.28522285,30.06433275,,
2024-08-22 03:00:00,20.229072183333333,24.439689366666663,,
2024-08-22 03:30:00,20.883602266666667,22.62501268333333,,
2024-08-22 04:00:00,20.56469445,21.740274900000003,,
2024-08-22 04:30:00,25.3570244,21.721258316666667,,
2024-08-22 05:00:00,21.29365003333333,24.1610161,,
2024-08-22 05:30:00,24.149271066666667,26.432575683333337,,
2024-08-22 06:00:00,21.060144416666667,26.12844945,,
2024-08-22 06:30:00,23.88727396666667,28.4335506,,
2024-08-22 07:00:00,29.153185500000003,29.46778125,,
2024-08-22 07:30:00,30.13076453333333,26.585780166666662,,
2024-08-22 08:00:00,20.23779498333333,26.11123665,,
2024-08-22 08:30:00,12.82639345,6.132002866666666,,
2024-08-22 09:00:00,-5.73789575,-8.434995950000001,,
2024-08-22 09:30:00,-20.509097816666667,-20.582264483333333,,
2024-08-22 10:00:00,-31.61092608333333,-32.21019998333333,,
2024-08-22 10:30:00,-39.66438386666667,-55.60813061666667,,
2024-08-22 11:00:00,-61.16252175,-63.76286785,,
2024-08-22 11:30:00,-69.94316008333332,-84.28700719999999,,
2024-08-22 12:00:00,-78.97272941666667,-106.32709768333332,,
2024-08-22 12:30:00,-76.4982951,-94.34127831666666,,
2024-08-22 13:00:00,-98.72373961666666,-88.02025943333335,,
2024-08-22 13:30:00,-94.03582175,-88.09036766666667,,
2024-08-22 14:00:00,-101.63559495,-82.9346434,,
2024-08-22 14:30:00,-101.75825436666666,-88.87864931666667,,
2024-08-22 15:00:00,-91.76183953333332,-71.49999213333332,,
2024-08-22 15:30:00,-65.20185588333334,-54.0233594,,
2024-08-22 16:00:00,-40.39976946666666,-35.204952866666666,,
2024-08-22 16:30:00,-21.043815533333333,-12.445391066666666,,
2024-08-22 17:00:00,-6.54432285,-0.6651044833333334,,
2024-08-22 17:30:00,5.1829915,5.813925633333334,,
2024-08-22 18:00:00,14.17935215,13.555581633333334,,
2024-08-22 18:30:00,20.68035,18.4232491,,
2024-08-22 19:00:00,18.59980321666667,22.251823916666662,,
2024-08-22 19:30:00,22.770447266666668,27.2882895,,
2024-08-22 20:00:00,23.13397065,25.765977816666663,,
2024-08-22 20:30:00,26.5388984,26.984586083333337,,
2024-08-22 21:00:00,30.985317133333336,34.05282881666667,,
2024-08-22 21:30:00,34.601907266666664,34.78973381666667,,
2024-08-22 22:00:00,34.83311285,32.01850098333333,,
2024-08-22 22:30:00,31.25107285,27.74777213333333,,
2024-08-22 23:00:00,29.33503445,32.9670061,,
2024-08-22 23:30:00,29.0327511,31.993006066666663,,
2024-08-23 00:00:00,28.23175206666667,30.1267587,,
2024-08-23 00:30:00,25.857218433333333,22.33825218333333,,
2024-08-23 01:00:00,22.551041166666664,21.387921700000003,,
2024-08-23 01:30:00,22.58412983333333,22.527234983333333,,
2024-08-23 02:00:00,23.84997225,23.363567866666667,,
2024-08-23 02:30:00,25.9765555,27.28522285,,
2024-08-23 03:00:00,23.38679396666667,20.229072183333333,,
2024-08-23 03:30:00,23.951111766666667,20.883602266666667,,
2024-08-23 04:00:00,24.6829605,20.56469445,,
2024-08-23 04:30:00,23.442055550000003,25.3570244,,
2024-08-23 05:00:00,29.472310633333333,21.29365003333333,,
2024-08-23 05:30:00,38.00033676666666,24.149271066666667,,
2024-08-23 06:00:00,36.50464396666667,21.060144416666667,,
2024-08-23 06:30:00,41.8992618,23.88727396666667,,
2024-08-23 07:00:00,36.25752,29.153185500000003,,
2024-08-23 07:30:00,28.11338453333333,30.13076453333333,,
2024-08-23 08:00:00,20.90254493333333,20.23779498333333,,
2024-08-23 08:30:00,10.187409416666666,12.82639345,,
2024-08-23 09:00:00,-0.6474917666666667,-5.73789575,,
2024-08-23 09:30:00,-14.166985616666668,-20.509097816666667,,
2024-08-23 10:00:00,-23.425921833333334,-31.61092608333333,,
2024-08-23 10:30:00,-39.36659386666667,-39.66438386666667,,
2024-08-23 11:00:00,-48.51146438333333,-61.16252175,,
2024-08-23 11:30:00,-63.8289972,-69.94316008333332,,
2024-08-23 12:00:00,-72.47253490000001,-78.97272941666667,,
2024-08-23 12:30:00,-77.87840678333333,-76.4982951,,
2024-08-23 13:00:00,-84.58023116666666,-98.72373961666666,,
2024-08-23 13:30:00,-79.81182611666667,-94.03582175,,
2024-08-23 14:00:00,-60.08442936666666,-101.63559495,,
2024-08-23 14:30:00,-60.79384001666667,-101.75825436666666,,
2024-08-23 15:00:00,-53.56465168333333,-91.76183953333332,,
2024-08-23 15:30:00,-37.815409816666666,-65.20185588333334,,
2024-08-23 16:00:00,-17.763400999999998,-40.39976946666666,,
2024-08-23 16:30:00,-1.7480173166666662,-21.043815533333333,,
2024-08-23 17:00:00,3.8953466,-6.54432285,,
2024-08-23 17:30:00,9.488446683333336,5.1829915,,
2024-08-23 18:00:00,13.49911225,14.17935215,,
2024-08-23 18:30:00,17.4911413,20.68035,,
2024-08-23 19:00:00,18.57412066666667,18.59980321666667,,
2024-08-23 19:30:00,15.720742716666663,22.770447266666668,,
2024-08-23 20:00:00,20.61742513333333,23.13397065,,
2024-08-23 20:30:00,27.846801133333333,26.5388984,,
2024-08-23 21:00:00,22.233442416666666,30.985317133333336,,
2024-08-23 21:30:00,29.125659966666664,34.601907266666664,,
2024-08-23 22:00:00,29.424521650000003,34.83311285,,
2024-08-23 22:30:00,27.7252255,31.25107285,,
2024-08-23 23:00:00,30.52195055,29.33503445,,
2024-08-23 23:30:00,29.61315343333333,29.0327511,,
2024-08-24 00:00:00,29.806949916666667,28.23175206666667,,
2024-08-24 00:30:00,26.463664866666665,25.857218433333333,,
2024-08-24 01:00:00,27.358443966666663,22.551041166666664,,
2024-08-24 01:30:00,24.425924966666667,22.58412983333333,,
2024-08-24 02:00:00,25.297602866666665,23.84997225,,
2024-08-24 02:30:00,27.663174416666667,25.9765555,,
2024-08-24 03:00:00,24.126788816666664,23.38679396666667,,
2024-08-24 03:30:00,21.790701016666663,23.951111766666667,,
2024-08-24 04:00:00,21.053658466666665,24.6829605,,
2024-08-24 04:30:00,21.92205391666667,23.442055550000003,,
2024-08-24 05:00:00,25.06921045,29.472310633333333,,
2024-08-24 05:30:00,31.1918566,38.00033676666666,,
2024-08-24 06:00:00,26.49912888333333,36.50464396666667,,
2024-08-24 06:30:00,26.204767566666664,41.8992618,,
2024-08-24 07:00:00,20.92019443333333,36.25752,,
2024-08-24 07:30:00,16.590249466666666,28.11338453333333,,
2024-08-24 08:00:00,22.18132053333333,20.90254493333333,,
2024-08-24 08:30:00,12.80739665,10.187409416666666,,
2024-08-24 09:00:00,-4.3459712,-0.6474917666666667,,
2024-08-24 09:30:00,-17.05754885,-14.166985616666668,,
2024-08-24 10:00:00,-44.797396166666665,-23.425921833333334,,
2024-08-24 10:30:00,-60.09717491666667,-39.36659386666667,,
2024-08-24 11:00:00,-82.96111988333332,-48.51146438333333,,
2024-08-24 11:30:00,-99.6944817,-63.8289972,,
2024-08-24 12:00:00,-104.24154226666668,-72.47253490000001,,
2024-08-24 12:30:00,-104.4657251,-77.87840678333333,,
2024-08-24 13:00:00,-121.71574228333331,-84.58023116666666,,
2024-08-24 13:30:00,-128.33744935,-79.81182611666667,,
2024-08-24 14:00:00,-116.7536422,-60.08442936666666,,
2024-08-24 14:30:00,-95.41664671666666,-60.79384001666667,,
2024-08-24 15:00:00,-77.87421991666666,-53.56465168333333,,
2024-08-24 15:30:00,-53.80938446666667,-37.815409816666666,,
2024-08-24 16:00:00,-30.023931566666665,-17.763400999999998,,
2024-08-24 16:30:00,-9.708918183333331,-1.7480173166666662,,
2024-08-24 17:00:00,1.9977121,3.8953466,,
2024-08-24 17:30:00,7.954381783333333,9.488446683333336,,
2024-08-24 18:00:00,6.5978795,13.49911225,,
2024-08-24 18:30:00,9.886819833333334,17.4911413,,
2024-08-24 19:00:00,17.14203996666667,18.57412066666667,,
2024-08-24 19:30:00,20.244962766666667,15.720742716666663,,
2024-08-24 20:00:00,16.673290066666667,20.61742513333333,,
2024-08-24 20:30:00,14.81563835,27.846801133333333,,
2024-08-24 21:00:00,18.08395115,22.233442416666666,,
2024-08-24 21:30:00,18.9247844,29.125659966666664,,
2024-08-24 22:00:00,22.001769966666668,29.424521650000003,,
2024-08-24 22:30:00,21.82339668333333,27.7252255,,
2024-08-24 23:00:00,24.80286513333333,30.52195055,,
2024-08-24 23:30:00,27.9646473,29.61315343333333,,
2024-08-25 00:00:00,26.659898416666664,29.806949916666667,,
2024-08-25 00:30:00,19.037515466666665,26.463664866666665,,
2024-08-25 01:00:00,18.54493048333333,27.358443966666663,,
2024-08-25 01:30:00,18.219478766666665,24.425924966666667,,
2024-08-25 02:00:00,19.98914448333333,25.297602866666665,,
2024-08-25 02:30:00,22.11109713333333,27.663174416666667,,
2024-08-25 03:00:00,18.251572133333333,24.126788816666664,,
2024-08-25 03:30:00,20.0999739,21.790701016666663,,
2024-08-25 04:00:00,20.41340783333333,21.053658466666665,,
2024-08-25 04:30:00,20.19296878333333,21.92205391666667,,
2024-08-25 05:00:00,26.447426,25.06921045,,
2024-08-25 05:30:00,32.9537616,31.1918566,,
2024-08-25 06:00:00,26.034228316666667,26.49912888333333,,
2024-08-25 06:30:00,23.31806843333333,26.204767566666664,,
2024-08-25 07:00:00,13.566611783333334,20.92019443333333,,
2024-08-25 07:30:00,9.58434225,16.590249466666666,,
2024-08-25 08:00:00,9.823884483333332,22.18132053333333,,
2024-08-25 08:30:00,6.71467615,12.80739665,,
2024-08-25 09:00:00,3.25756125,-4.3459712,,
2024-08-25 09:30:00,-0.4632286333333331,-17.05754885,,
2024-08-25 10:00:00,-6.833398833333334,-44.797396166666665,,
2024-08-25 10:30:00,-8.759876716666666,-60.09717491666667,,
2024-08-25 11:00:00,-17.311439500000002,-82.96111988333332,,
2024-08-25 11:30:00,-32.168599916666665,-99.6944817,,
2024-08-25 12:00:00,-42.0736465,-104.24154226666668,,
2024-08-25 12:30:00,-44.26904725,-104.4657251,,
2024-08-25 13:00:00,-41.2794244,-121.71574228333331,,
2024-08-25 13:30:00,-60.66518316666666,-128.33744935,,
2024-08-25 14:00:00,-51.14757235,-116.7536422,,
2024-08-25 14:30:00,-33.39903983333333,-95.41664671666666,,
2024-08-25 15:00:00,-14.555530416666668,-77.87421991666666,,
2024-08-25 15:30:00,-4.634229,-53.80938446666667,,
2024-08-25 16:00:00,-8.238308333333334,-30.023931566666665,,
2024-08-25 16:30:00,-0.670800516666667,-9.708918183333331,,
2024-08-25 17:00:00,7.462297899999999,1.9977121,,
2024-08-25 17:30:00,18.5596928,7.954381783333333,,
2024-08-25 18:00:00,23.30818548333333,6.5978795,,
2024-08-25 18:30:00,31.379112666666668,9.886819833333334,,
2024-08-25 19:00:00,28.55311565,17.14203996666667,,
2024-08-25 19:30:00,26.906926666666664,20.244962766666667,,
2024-08-25 20:00:00,27.319380966666667,16.673290066666667,,
2024-08-25 20:30:00,21.949365033333333,14.81563835,,
2024-08-25 21:00:00,25.564702083333334,18.08395115,,
2024-08-25 21:30:00,20.612970033333333,18.9247844,,
2024-08-25 22:00:00,20.022123366666666,22.001769966666668,,
2024-08-25 22:30:00,20.025493316666665,21.82339668333333,,
2024-08-25 23:00:00,24.60140668333333,24.80286513333333,,
2024-08-25 23:30:00,27.648408683333333,27.9646473,,
2024-08-26 00:00:00,27.58554833333333,26.659898416666664,,
2024-08-26 00:30:00,22.4081068,19.037515466666665,,
2024-08-26 01:00:00,23.20198328333333,18.54493048333333,,
2024-08-26 01:30:00,25.6334738,18.219478766666665,,
2024-08-26 02:00:00,23.80741283333333,19.98914448333333,,
2024-08-26 02:30:00,28.6944277,22.11109713333333,,
2024-08-26 03:00:00,23.46012118333333,18.251572133333333,,
2024-08-26 03:30:00,21.741013366666664,20.0999739,,
2024-08-26 04:00:00,25.430176733333337,20.41340783333333,,
2024-08-26 04:30:00,29.6045807,20.19296878333333,,
2024-08-26 05:00:00,28.300827216666665,26.447426,,
2024-08-26 05:30:00,27.260788316666662,32.9537616,,
2024-08-26 06:00:00,25.5238167,26.034228316666667,,
2024-08-26 06:30:00,19.182737133333333,23.31806843333333,,
2024-08-26 07:00:00,20.90695833333333,13.566611783333334,,
2024-08-26 07:30:00,22.255581000000003,9.58434225,,
2024-08-26 08:00:00,18.96584665,9.823884483333332,,
2024-08-26 08:30:00,9.901607816666669,6.71467615,,
2024-08-26 09:00:00,-2.5838327500000005,3.25756125,,
2024-08-26 09:30:00,-25.57472338333333,-0.4632286333333331,,
2024-08-26 10:00:00,-40.2084911,-6.833398833333334,,
2024-08-26 10:30:00,-50.22642326666666,-8.759876716666666,,
2024-08-26 11:00:00,-66.69145491666667,-17.311439500000002,,
2024-08-26 11:30:00,-89.89311953333333,-32.168599916666665,,
2024-08-26 12:00:00,-95.06253555,-42.0736465,,
2024-08-26 12:30:00,-84.0058294,-44.26904725,,
2024-08-26 13:00:00,-91.71832878333332,-41.2794244,,
2024-08-26 13:30:00,-102.24378786666666,-60.66518316666666,,
2024-08-26 14:00:00,-102.53996383333332,-51.14757235,,
2024-08-26 14:30:00,-90.70913163333334,-33.39903983333333,,
2024-08-26 15:00:00,-85.56518781666666,-14.555530416666668,,
2024-08-26 15:30:00,-60.3305483,-4.634229,,
2024-08-26 16:00:00,-40.38564711666667,-8.238308333333334,,
2024-08-26 16:30:00,-17.61146375,-0.670800516666667,,
2024-08-26 17:00:00,0.4768478166666667,7.462297899999999,,
2024-08-26 17:30:00,4.9169444,18.5596928,,
2024-08-26 18:00:00,10.8770167,23.30818548333333,,
2024-08-26 18:30:00,11.02777885,31.379112666666668,,
2024-08-26 19:00:00,15.872754433333334,28.55311565,,
2024-08-26 19:30:00,17.12448505,26.906926666666664,,
2024-08-26 20:00:00,17.723771233333334,27.319380966666667,,
2024-08-26 20:30:00,20.84954433333333,21.949365033333333,,
2024-08-26 21:00:00,20.479532666666667,25.564702083333334,,
2024-08-26 21:30:00,20.34784781666667,20.612970033333333,,
2024-08-26 22:00:00,24.447379966666663,20.022123366666666,,
2024-08-26 22:30:00,26.14714785,20.025493316666665,,
2024-08-26 23:00:00,22.648811816666665,24.60140668333333,,
2024-08-26 23:30:00,23.96958315,27.648408683333333,,
2024-08-27 00:00:00,26.948035533333336,27.58554833333333,,
2024-08-27 00:30:00,23.6253227,22.4081068,,
2024-08-27 01:00:00,25.451142166666667,23.20198328333333,,
2024-08-27 01:30:00,26.280654866666666,25.6334738,,
2024-08-27 02:00:00,28.18730115,23.80741283333333,,
2024-08-27 02:30:00,30.00830396666667,28.6944277,,
2024-08-27 03:00:00,26.860548966666663,23.46012118333333,,
2024-08-27 03:30:00,27.380243766666663,21.741013366666664,,
2024-08-27 04:00:00,29.44495756666667,25.430176733333337,,
2024-08-27 04:30:00,29.050834966666667,29.6045807,,
2024-08-27 05:00:00,28.32531445,28.300827216666665,,
2024-08-27 05:30:00,27.958051116666667,27.260788316666662,,
2024-08-27 06:00:00,29.333674966666667,25.5238167,,
2024-08-27 06:30:00,28.0271782,19.182737133333333,,
2024-08-27 07:00:00,28.564272366666668,20.90695833333333,,
2024-08-27 07:30:00,25.665503366666663,22.255581000000003,,
2024-08-27 08:00:00,29.237119433333334,18.96584665,,
2024-08-27 08:30:00,11.396792183333334,9.901607816666669,,
2024-08-27 09:00:00,-5.260672266666667,-2.5838327500000005,,
2024-08-27 09:30:00,-25.2436662,-25.57472338333333,,
2024-08-27 10:00:00,-43.19203843333333,-40.2084911,,
2024-08-27 10:30:00,-58.679367283333335,-50.22642326666666,,
2024-08-27 11:00:00,-76.49888448333333,-66.69145491666667,,
2024-08-27 11:30:00,-97.80616651666666,-89.89311953333333,,
2024-08-27 12:00:00,-110.8480362,-95.06253555,,
2024-08-27 12:30:00,-119.87872211666668,-84.0058294,,
2024-08-27 13:00:00,-114.8093106,-91.71832878333332,,
2024-08-27 13:30:00,-118.0712527,-102.24378786666666,,
2024-08-27 14:00:00,-118.6385933,-102.53996383333332,,
2024-08-27 14:30:00,-107.8495067,-90.70913163333334,,
2024-08-27 15:00:00,-87.58408485000001,-85.56518781666666,,
2024-08-27 15:30:00,-63.29941781666667,-60.3305483,,
2024-08-27 16:00:00,-34.82802268333333,-40.38564711666667,,
2024-08-27 16:30:00,-14.966616516666669,-17.61146375,,
2024-08-27 17:00:00,-3.97232715,0.4768478166666667,,
2024-08-27 17:30:00,-0.470792,4.9169444,,
2024-08-27 18:00:00,6.906782150000001,10.8770167,,
2024-08-27 18:30:00,19.00507105,11.02777885,,
2024-08-27 19:00:00,19.710303516666663,15.872754433333334,,
2024-08-27 19:30:00,18.37262385,17.12448505,,
2024-08-27 20:00:00,17.114346816666668,17.723771233333334,,
2024-08-27 20:30:00,25.812402783333336,20.84954433333333,,
2024-08-27 21:00:00,24.338125533333336,20.479532666666667,,
2024-08-27 21:30:00,23.437046,20.34784781666667,,
2024-08-27 22:00:00,24.358459016666668,24.447379966666663,,
2024-08-27 22:30:00,20.2517094,26.14714785,,
2024-08-27 23:00:00,25.890638300000003,22.648811816666665,,
2024-08-27 23:30:00,28.460438816666667,23.96958315,,
2024-08-28 00:00:00,25.825604466666665,26.948035533333336,,
2024-08-28 00:30:00,20.435725566666665,23.6253227,,
2024-08-28 01:00:00,21.18257158333333,25.451142166666667,,
2024-08-28 01:30:00,19.72455998333333,26.280654866666666,,
2024-08-28 02:00:00,23.08855375,28.18730115,,
2024-08-28 02:30:00,26.52626168333333,30.00830396666667,,
2024-08-28 03:00:00,22.4524939,26.860548966666663,,
2024-08-28 03:30:00,21.29555626666667,27.380243766666663,,
2024-08-28 04:00:00,20.00946235,29.44495756666667,,
2024-08-28 04:30:00,21.945183316666668,29.050834966666667,,
2024-08-28 05:00:00,29.24117178333333,28.32531445,,
2024-08-28 05:30:00,32.952925,27.958051116666667,,
2024-08-28 06:00:00,25.6599834,29.333674966666667,,
2024-08-28 06:30:00,24.74845996666667,28.0271782,,
2024-08-28 07:00:00,23.086891066666663,28.564272366666668,,
2024-08-28 07:30:00,24.728226666666668,25.665503366666663,,
2024-08-28 08:00:00,20.690711633333333,29.237119433333334,,
2024-08-28 08:30:00,-0.1358994,11.396792183333334,,
2024-08-28 09:00:00,-12.508291133333332,-5.260672266666667,,
2024-08-28 09:30:00,-20.545420066666665,-25.2436662,,
2024-08-28 10:00:00,-46.50548328333333,-43.19203843333333,,
2024-08-28 10:30:00,-59.95385096666666,-58.679367283333335,,
2024-08-28 11:00:00,-81.79674723333333,-76.49888448333333,,
2024-08-28 11:30:00,-103.32250128333334,-97.80616651666666,,
2024-08-28 12:00:00,-116.65499326666666,-110.8480362,,
2024-08-28 12:30:00,-122.02271815,-119.87872211666668,,
2024-08-28 13:00:00,-123.80798616666668,-114.8093106,,
2024-08-28 13:30:00,-119.69769045,-118.0712527,,
2024-08-28 14:00:00,-96.50428785,-118.6385933,,
2024-08-28 14:30:00,-83.98729216666668,-107.8495067,,
2024-08-28 15:00:00,-84.2128695,-87.58408485000001,,
2024-08-28 15:30:00,-53.24368615,-63.29941781666667,,
2024-08-28 16:00:00,-35.360421233333334,-34.82802268333333,,
2024-08-28 16:30:00,-15.696602233333332,-14.966616516666669,,
2024-08-28 17:00:00,3.2130971833333333,-3.97232715,,
2024-08-28 17:30:00,10.445467766666669,-0.470792,,
2024-08-28 18:00:00,17.404371616666666,6.906782150000001,,
2024-08-28 18:30:00,19.87087148333333,19.00507105,,
2024-08-28 19:00:00,15.489045016666669,19.710303516666663,,
2024-08-28 19:30:00,20.5159066,18.37262385,,
2024-08-28 20:00:00,19.043967716666668,17.114346816666668,,
2024-08-28 20:30:00,25.013247766666662,25.812402783333336,,
2024-08-28 21:00:00,31.71339675,24.338125533333336,,
2024-08-28 21:30:00,30.064612216666664,23.437046,,
2024-08-28 22:00:00,26.93330883333333,24.358459016666668,,
2024-08-28 22:30:00,24.319645016666662,20.2517094,,
2024-08-28 23:00:00,22.906232783333333,25.890638300000003,,
2024-08-28 23:30:00,26.1210154,28.460438816666667,,
2024-08-29 00:00:00,25.331097133333333,25.825604466666665,,
2024-08-29 00:30:00,26.615629533333333,20.435725566666665,,
2024-08-29 01:00:00,24.6769339,21.18257158333333,,
2024-08-29 01:30:00,23.994326633333333,19.72455998333333,,
2024-08-29 02:00:00,20.91988113333333,23.08855375,,
2024-08-29 02:30:00,24.43885498333333,26.52626168333333,,
2024-08-29 03:00:00,22.8435945,22.4524939,,
2024-08-29 03:30:00,19.81654215,21.29555626666667,,
2024-08-29 04:00:00,22.81086493333333,20.00946235,,
2024-08-29 04:30:00,23.249530016666668,21.945183316666668,,
2024-08-29 05:00:00,31.90406395,29.24117178333333,,
2024-08-29 05:30:00,34.455636633333334,32.952925,,
2024-08-29 06:00:00,25.34076225,25.6599834,,
2024-08-29 06:30:00,21.333331150000003,24.74845996666667,,
2024-08-29 07:00:00,20.43114165,23.086891066666663,,
2024-08-29 07:30:00,20.271226666666667,24.728226666666668,,
2024-08-29 08:00:00,17.330190116666667,20.690711633333333,,
2024-08-29 08:30:00,13.52886565,-0.1358994,,
2024-08-29 09:00:00,-11.381767133333332,-12.508291133333332,,
2024-08-29 09:30:00,-25.33724948333333,-20.545420066666665,,
2024-08-29 10:00:00,-44.184767416666666,-46.50548328333333,,
2024-08-29 10:30:00,-66.02137438333334,-59.95385096666666,,
2024-08-29 11:00:00,-85.3525345,-81.79674723333333,,
2024-08-29 11:30:00,-103.91687823333332,-103.32250128333334,,
2024-08-29 12:00:00,-120.33115385,-116.65499326666666,,
2024-08-29 12:30:00,-126.3574061,-122.02271815,,
2024-08-29 13:00:00,-137.3775077,-123.80798616666668,,
2024-08-29 13:30:00,-130.85343783333334,-119.69769045,,
2024-08-29 14:00:00,-124.4174189,-96.50428785,,
2024-08-29 14:30:00,-112.47228775,-83.98729216666668,,
2024-08-29 15:00:00,-97.92720956666666,-84.2128695,,
2024-08-29 15:30:00,-57.93657933333333,-53.24368615,,
2024-08-29 16:00:00,-34.103022333333335,-35.360421233333334,,
2024-08-29 16:30:00,-15.119630766666669,-15.696602233333332,,
2024-08-29 17:00:00,-4.6541466,3.2130971833333333,,
2024-08-29 17:30:00,1.4810422333333335,10.445467766666669,,
2024-08-29 18:00:00,3.984542766666666,17.404371616666666,,
2024-08-29 18:30:00,9.74303235,19.87087148333333,,
2024-08-29 19:00:00,12.171718183333333,15.489045016666669,,
2024-08-29 19:30:00,12.040113433333334,20.5159066,,
2024-08-29 20:00:00,14.03007995,19.043967716666668,,
2024-08-29 20:30:00,17.889105533333332,25.013247766666662,,
2024-08-29 21:00:00,12.939922266666663,31.71339675,,
2024-08-29 21:30:00,14.5379229,30.064612216666664,,
2024-08-29 22:00:00,17.9940062,26.93330883333333,,
2024-08-29 22:30:00,16.31370855,24.319645016666662,,
2024-08-29 23:00:00,19.779129916666665,22.906232783333333,,
2024-08-29 23:30:00,21.071901116666663,26.1210154,,
2024-08-30 00:00:00,22.980052266666664,25.331097133333333,,
2024-08-30 00:30:00,21.00912105,26.615629533333333,,
2024-08-30 01:00:00,21.84874071666667,24.6769339,,
2024-08-30 01:30:00,21.0225004,23.994326633333333,,
2024-08-30 02:00:00,19.3487756,20.91988113333333,,
2024-08-30 02:30:00,22.590653816666663,24.43885498333333,,
2024-08-30 03:00:00,23.52549338333333,22.8435945,,
2024-08-30 03:30:00,24.436740016666665,19.81654215,,
2024-08-30 04:00:00,24.937828416666665,22.81086493333333,,
2024-08-30 04:30:00,22.5280756,23.249530016666668,,
2024-08-30 05:00:00,28.41044055,31.90406395,,
2024-08-30 05:30:00,34.53096555,34.455636633333334,,
2024-08-30 06:00:00,25.4371677,25.34076225,,
2024-08-30 06:30:00,17.84521825,21.333331150000003,,
2024-08-30 07:00:00,16.45195886666667,20.43114165,,
2024-08-30 07:30:00,14.076791716666667,20.271226666666667,,
2024-08-30 08:00:00,9.412227833333334,17.330190116666667,,
2024-08-30 08:30:00,2.2699704,13.52886565,,
2024-08-30 09:00:00,-10.31384835,-11.381767133333332,,
2024-08-30 09:30:00,-25.947441183333336,-25.33724948333333,,
2024-08-30 10:00:00,-49.25337875,-44.184767416666666,,
2024-08-30 10:30:00,-65.33917941666667,-66.02137438333334,,
2024-08-30 11:00:00,-89.80884791666666,-85.3525345,,
2024-08-30 11:30:00,-114.38170551666668,-103.91687823333332,,
2024-08-30 12:00:00,-122.90283716666666,-120.33115385,,
2024-08-30 12:30:00,-124.091183,-126.3574061,,
2024-08-30 13:00:00,-136.00465271666667,-137.3775077,,
2024-08-30 13:30:00,-131.1641595,-130.85343783333334,,
2024-08-30 14:00:00,-114.37562388333332,-124.4174189,,
2024-08-30 14:30:00,-103.38826546666668,-112.47228775,,
2024-08-30 15:00:00,-76.95528835,-97.92720956666666,,
2024-08-30 15:30:00,-58.63486405,-57.93657933333333,,
2024-08-30 16:00:00,-42.25513266666667,-34.103022333333335,,
2024-08-30 16:30:00,-21.50600723333333,-15.119630766666669,,
2024-08-30 17:00:00,-9.223383433333334,-4.6541466,,
2024-08-30 17:30:00,-2.590989933333334,1.4810422333333335,,
2024-08-30 18:00:00,0.3650062000000001,3.984542766666666,,
2024-08-30 18:30:00,5.879172149999999,9.74303235,,
2024-08-30 19:00:00,11.695469966666666,12.171718183333333,,
2024-08-30 19:30:00,10.6352511,12.040113433333334,,
2024-08-30 20:00:00,16.019247683333333,14.03007995,,
2024-08-30 20:30:00,12.695366233333331,17.889105533333332,,
2024-08-30 21:00:00,14.208869466666664,12.939922266666663,,
2024-08-30 21:30:00,18.380837316666668,14.5379229,,
2024-08-30 22:00:00,29.52891836666667,17.9940062,,
2024-08-30 22:30:00,22.035589866666665,16.31370855,,
2024-08-30 23:00:00,21.608808416666665,19.779129916666665,,
2024-08-30 23:30:00,19.77389065,21.071901116666663,,
2024-08-31 00:00:00,19.338665466666665,22.980052266666664,,
2024-08-31 00:30:00,18.47404885,21.00912105,,
2024-08-31 01:00:00,17.596806016666665,21.84874071666667,,
2024-08-31 01:30:00,17.942489483333333,21.0225004,,
2024-08-31 02:00:00,17.96166381666667,19.3487756,,
2024-08-31 02:30:00,22.65970498333333,22.590653816666663,,
2024-08-31 03:00:00,16.934513266666666,23.52549338333333,,
2024-08-31 03:30:00,15.0009716,24.436740016666665,,
2024-08-31 04:00:00,15.295598433333334,24.937828416666665,,
2024-08-31 04:30:00,14.93578945,22.5280756,,
2024-08-31 05:00:00,23.16710206666667,28.41044055,,
2024-08-31 05:30:00,30.1747706,34.53096555,,
2024-08-31 06:00:00,22.4290734,25.4371677,,
2024-08-31 06:30:00,18.52725775,17.84521825,,
2024-08-31 07:00:00,14.297160533333331,16.45195886666667,,
2024-08-31 07:30:00,9.418726633333334,14.076791716666667,,
2024-08-31 08:00:00,7.386420033333334,9.412227833333334,,
2024-08-31 08:30:00,1.327790533333333,2.2699704,,
2024-08-31 09:00:00,-11.60995165,-10.31384835,,
2024-08-31 09:30:00,-29.26929645,-25.947441183333336,,
2024-08-31 10:00:00,-38.80013491666667,-49.25337875,,
2024-08-31 10:30:00,-59.314662266666666,-65.33917941666667,,
2024-08-31 11:00:00,-86.2436515,-89.80884791666666,,
2024-08-31 11:30:00,-99.82930393333334,-114.38170551666668,,
2024-08-31 12:00:00,-117.11700283333334,-122.90283716666666,,
2024-08-31 12:30:00,-121.79498268333332,-124.091183,,
2024-08-31 13:00:00,-108.00816513333332,-136.00465271666667,,
2024-08-31 13:30:00,-88.24854608333334,-131.1641595,,
2024-08-31 14:00:00,-96.22371098333332,-114.37562388333332,,
2024-08-31 14:30:00,-105.97951341666668,-103.38826546666668,,
2024-08-31 15:00:00,-86.33982553333334,-76.95528835,,
2024-08-31 15:30:00,-59.80318385,-58.63486405,,
2024-08-31 16:00:00,-46.20219896666666,-42.25513266666667,,
2024-08-31 16:30:00,-25.83268393333333,-21.50600723333333,,
2024-08-31 17:00:00,-8.30519285,-9.223383433333334,,
2024-08-31 17:30:00,0.3825161999999997,-2.590989933333334,,
2024-08-31 18:00:00,12.311770433333336,0.3650062000000001,,
2024-08-31 18:30:00,14.180635083333334,5.879172149999999,,
2024-08-31 19:00:00,10.884241616666666,11.695469966666666,,
2024-08-31 19:30:00,7.855175516666667,10.6352511,,
2024-08-31 20:00:00,11.261248416666668,16.019247683333333,,
2024-08-31 20:30:00,14.515433666666668,12.695366233333331,,
2024-08-31 21:00:00,18.85676893333333,14.208869466666664,,
2024-08-31 21:30:00,16.668352083333335,18.380837316666668,,
2024-08-31 22:00:00,11.220119333333336,29.52891836666667,,
2024-08-31 22:30:00,13.225399983333332,22.035589866666665,,
2024-08-31 23:00:00,20.29731823333333,21.608808416666665,,
2024-08-31 23:30:00,22.479928216666668,19.77389065,,
2024-09-01 00:00:00,22.223174350000004,19.338665466666665,,
2024-09-01 00:30:00,17.206427666666666,18.47404885,,
2024-09-01 01:00:00,16.3307516,17.596806016666665,,
2024-09-01 01:30:00,14.694593133333331,17.942489483333333,,
2024-09-01 02:00:00,14.517346616666666,17.96166381666667,,
2024-09-01 02:30:00,20.788081,22.65970498333333,,
2024-09-01 03:00:00,20.4322484,16.934513266666666,,
2024-09-01 03:30:00,18.500324316666667,15.0009716,,
2024-09-01 04:00:00,17.112412850000002,15.295598433333334,,
2024-09-01 04:30:00,16.758011116666665,14.93578945,,
2024-09-01 05:00:00,22.448362566666663,23.16710206666667,,
2024-09-01 05:30:00,27.612487916666662,30.1747706,,
2024-09-01 06:00:00,24.40717351666667,22.4290734,,
2024-09-01 06:30:00,17.349596666666667,18.52725775,,
2024-09-01 07:00:00,13.230821583333332,14.297160533333331,,
2024-09-01 07:30:00,7.532871716666666,9.418726633333334,,
2024-09-01 08:00:00,3.617294433333333,7.386420033333334,,
2024-09-01 08:30:00,-1.3345887833333328,1.327790533333333,,
2024-09-01 09:00:00,-16.0850629,-11.60995165,,
2024-09-01 09:30:00,-28.438386633333334,-29.26929645,,
2024-09-01 10:00:00,-41.86865773333333,-38.80013491666667,,
2024-09-01 10:30:00,-57.578383433333336,-59.314662266666666,,
2024-09-01 11:00:00,-78.70758121666667,-86.2436515,,
2024-09-01 11:30:00,-91.81126848333334,-99.82930393333334,,
2024-09-01 12:00:00,-103.6962318,-117.11700283333334,,
2024-09-01 12:30:00,-108.70174958333332,-121.79498268333332,,
2024-09-01 13:00:00,-101.67627601666668,-108.00816513333332,,
2024-09-01 13:30:00,-90.98258998333334,-88.24854608333334,,
2024-09-01 14:00:00,-88.92341286666665,-96.22371098333332,,
2024-09-01 14:30:00,-85.74258111666666,-105.97951341666668,,
2024-09-01 15:00:00,-77.56877956666666,-86.33982553333334,,
2024-09-01 15:30:00,-65.01120605,-59.80318385,,
2024-09-01 16:00:00,-39.26544943333334,-46.20219896666666,,
2024-09-01 16:30:00,-22.29329128333333,-25.83268393333333,,
2024-09-01 17:00:00,-9.13495335,-8.30519285,,
2024-09-01 17:30:00,3.060988866666667,0.3825161999999997,,
2024-09-01 18:00:00,5.856707316666667,12.311770433333336,,
2024-09-01 18:30:00,12.161394883333337,14.180635083333334,,
2024-09-01 19:00:00,11.33164665,10.884241616666666,,
2024-09-01 19:30:00,9.576727883333334,7.855175516666667,,
2024-09-01 20:00:00,11.89864275,11.261248416666668,,
2024-09-01 20:30:00,16.05722395,14.515433666666668,,
2024-09-01 21:00:00,20.054970033333333,18.85676893333333,,
2024-09-01 21:30:00,15.3924734,16.668352083333335,,
2024-09-01 22:00:00,16.252253433333333,11.220119333333336,,
2024-09-01 22:30:00,16.282728833333334,13.225399983333332,,
2024-09-01 23:00:00,21.018119966666667,20.29731823333333,,
2024-09-01 23:30:00,27.693864450000003,22.479928216666668,,
2024-09-02 00:00:00,24.22815298333333,22.223174350000004,,
2024-09-02 00:30:00,22.268496683333336,17.206427666666666,,
2024-09-02 01:00:00,19.442997216666665,16.3307516,,
2024-09-02 01:30:00,19.0520985,14.694593133333331,,
2024-09-02 02:00:00,19.869330066666667,14.517346616666666,,
2024-09-02 02:30:00,26.718711183333337,20.788081,,
2024-09-02 03:00:00,23.2411834,20.4322484,,
2024-09-02 03:30:00,21.713636283333333,18.500324316666667,,
2024-09-02 04:00:00,21.118994333333333,17.112412850000002,,
2024-09-02 04:30:00,19.95031493333333,16.758011116666665,,
2024-09-02 05:00:00,21.9829154,22.448362566666663,,
2024-09-02 05:30:00,20.808454933333334,27.612487916666662,,
2024-09-02 06:00:00,22.08452,24.40717351666667,,
2024-09-02 06:30:00,21.24582505,17.349596666666667,,
2024-09-02 07:00:00,17.4811412,13.230821583333332,,
2024-09-02 07:30:00,20.85283395,7.532871716666666,,
2024-09-02 08:00:00,13.394507833333334,3.617294433333333,,
2024-09-02 08:30:00,7.254198916666667,-1.3345887833333328,,
2024-09-02 09:00:00,-9.055641133333332,-16.0850629,,
2024-09-02 09:30:00,-35.75489053333333,-28.438386633333334,,
2024-09-02 10:00:00,-34.9226705,-41.86865773333333,,
2024-09-02 10:30:00,-55.66341163333334,-57.578383433333336,,
2024-09-02 11:00:00,-90.33831045,-78.70758121666667,,
2024-09-02 11:30:00,-99.86691566666669,-91.81126848333334,,
2024-09-02 12:00:00,-105.16414388333334,-103.6962318,,
2024-09-02 12:30:00,-128.63879225,-108.70174958333332,,
2024-09-02 13:00:00,-134.68802391666665,-101.67627601666668,,
2024-09-02 13:30:00,-135.52868886666667,-90.98258998333334,,
2024-09-02 14:00:00,-126.43533005,-88.92341286666665,,
2024-09-02 14:30:00,-108.1926721,-85.74258111666666,,
2024-09-02 15:00:00,-84.85028371666667,-77.56877956666666,,
2024-09-02 15:30:00,-62.34753826666667,-65.01120605,,
2024-09-02 16:00:00,-32.868156150000004,-39.26544943333334,,
2024-09-02 16:30:00,-7.175252016666668,-22.29329128333333,,
2024-09-02 17:00:00,8.20961395,-9.13495335,,
2024-09-02 17:30:00,24.0498288,3.060988866666667,,
2024-09-02 18:00:00,19.2818384,5.856707316666667,,
2024-09-02 18:30:00,16.822961633333332,12.161394883333337,,
2024-09-02 19:00:00,20.4097405,11.33164665,,
2024-09-02 19:30:00,24.65336605,9.576727883333334,,
2024-09-02 20:00:00,28.91852611666667,11.89864275,,
2024-09-02 20:30:00,27.40422845,16.05722395,,
2024-09-02 21:00:00,32.310637183333334,20.054970033333333,,
2024-09-02 21:30:00,29.648407416666668,15.3924734,,
2024-09-02 22:00:00,34.80902121666667,16.252253433333333,,
2024-09-02 22:30:00,28.84255328333333,16.282728833333334,,
2024-09-02 23:00:00,36.89445315,21.018119966666667,,
2024-09-02 23:30:00,41.87019166666667,27.693864450000003,,
2024-09-03 00:00:00,31.205507300000004,24.22815298333333,,
2024-09-03 00:30:00,26.708763316666666,22.268496683333336,,
2024-09-03 01:00:00,22.63615833333333,19.442997216666665,,
2024-09-03 01:30:00,23.91724323333333,19.0520985,,
2024-09-03 02:00:00,21.94313273333333,19.869330066666667,,
2024-09-03 02:30:00,24.84188225,26.718711183333337,,
2024-09-03 03:00:00,19.85267005,23.2411834,,
2024-09-03 03:30:00,24.144367366666668,21.713636283333333,,
2024-09-03 04:00:00,21.6601151,21.118994333333333,,
2024-09-03 04:30:00,23.366591216666663,19.95031493333333,,
2024-09-03 05:00:00,24.472043416666665,21.9829154,,
2024-09-03 05:30:00,29.9047094,20.808454933333334,,
2024-09-03 06:00:00,24.992175016666664,22.08452,,
2024-09-03 06:30:00,23.244049516666667,21.24582505,,
2024-09-03 07:00:00,19.0089004,17.4811412,,
2024-09-03 07:30:00,19.331053366666666,20.85283395,,
2024-09-03 08:00:00,14.498121716666668,13.394507833333334,,
2024-09-03 08:30:00,4.6194173166666666,7.254198916666667,,
2024-09-03 09:00:00,-15.570151083333334,-9.055641133333332,,
2024-09-03 09:30:00,-30.18748761666667,-35.75489053333333,,
2024-09-03 10:00:00,-45.4187634,-34.9226705,,
2024-09-03 10:30:00,-76.72194334999999,-55.66341163333334,,
2024-09-03 11:00:00,-95.43612013333332,-90.33831045,,
2024-09-03 11:30:00,-117.65285498333331,-99.86691566666669,,
2024-09-03 12:00:00,-126.0764612,-105.16414388333334,,
2024-09-03 12:30:00,-138.88335603333334,-128.63879225,,
2024-09-03 13:00:00,-156.10131881666666,-134.68802391666665,,
2024-09-03 13:30:00,-155.66663276666665,-135.52868886666667,,
2024-09-03 14:00:00,-141.46893115,-126.43533005,,
2024-09-03 14:30:00,-131.61315951666668,-108.1926721,,
2024-09-03 15:00:00,-104.000076,-84.85028371666667,,
2024-09-03 15:30:00,-83.70619005,-62.34753826666667,,
2024-09-03 16:00:00,-54.16714043333334,-32.868156150000004,,
2024-09-03 16:30:00,-34.13438433333334,-7.175252016666668,,
2024-09-03 17:00:00,-7.549337149999999,8.20961395,,
2024-09-03 17:30:00,3.2430572333333334,24.0498288,,
2024-09-03 18:00:00,11.4203695,19.2818384,,
2024-09-03 18:30:00,14.4069546,16.822961633333332,,
2024-09-03 19:00:00,19.15951843333333,20.4097405,,
2024-09-03 19:30:00,22.563115566666667,24.65336605,,
2024-09-03 20:00:00,27.86798938333333,28.91852611666667,,
2024-09-03 20:30:00,33.523127233333334,27.40422845,,
2024-09-03 21:00:00,31.9871261,32.310637183333334,,
2024-09-03 21:30:00,31.1682411,29.648407416666668,,
2024-09-03 22:00:00,25.043378933333333,34.80902121666667,,
2024-09-03 22:30:00,20.35579825,28.84255328333333,,
2024-09-03 23:00:00,23.19186433333333,36.89445315,,
2024-09-03 23:30:00,25.48679783333333,41.87019166666667,,
2024-09-04 00:00:00,28.222312783333333,31.205507300000004,,
2024-09-04 00:30:00,27.83565055,26.708763316666666,,
2024-09-04 01:00:00,27.04461716666667,22.63615833333333,,
2024-09-04 01:30:00,22.357153366666665,23.91724323333333,,
2024-09-04 02:00:00,24.79116498333333,21.94313273333333,,
2024-09-04 02:30:00,29.17958673333333,24.84188225,,
2024-09-04 03:00:00,26.727501066666665,19.85267005,,
2024-09-04 03:30:00,26.199888266666665,24.144367366666668,,
2024-09-04 04:00:00,24.251193983333334,21.6601151,,
2024-09-04 04:30:00,27.191244516666668,23.366591216666663,,
2024-09-04 05:00:00,27.89700495,24.472043416666665,,
2024-09-04 05:30:00,37.56927343333333,29.9047094,,
2024-09-04 06:00:00,29.63760493333333,24.992175016666664,,
2024-09-04 06:30:00,26.230544516666665,23.244049516666667,,
2024-09-04 07:00:00,25.71123683333333,19.0089004,,
2024-09-04 07:30:00,22.74446605,19.331053366666666,,
2024-09-04 08:00:00,16.218144016666667,14.498121716666668,,
2024-09-04 08:30:00,-1.49012095,4.6194173166666666,,
2024-09-04 09:00:00,-25.63676613333333,-15.570151083333334,,
2024-09-04 09:30:00,-36.406230533333336,-30.18748761666667,,
2024-09-04 10:00:00,-63.97149658333333,-45.4187634,,
2024-09-04 10:30:00,-78.95777831666668,-76.72194334999999,,
2024-09-04 11:00:00,-94.05617936666664,-95.43612013333332,,
2024-09-04 11:30:00,-122.00978498333332,-117.65285498333331,,
2024-09-04 12:00:00,-131.92051846666666,-126.0764612,,
2024-09-04 12:30:00,-126.59221403333332,-138.88335603333334,,
2024-09-04 13:00:00,-135.22176729999998,-156.10131881666666,,
2024-09-04 13:30:00,-113.7607406,-155.66663276666665,,
2024-09-04 14:00:00,-113.44430333333332,-141.46893115,,
2024-09-04 14:30:00,-92.698926,-131.61315951666668,,
2024-09-04 15:00:00,-70.08454238333333,-104.000076,,
2024-09-04 15:30:00,-40.52870166666667,-83.70619005,,
2024-09-04 16:00:00,-24.115169966666667,-54.16714043333334,,
2024-09-04 16:30:00,-6.808360016666668,-34.13438433333334,,
2024-09-04 17:00:00,5.993170033333334,-7.549337149999999,,
2024-09-04 17:30:00,2.5098882833333334,3.2430572333333334,,
2024-09-04 18:00:00,8.884160016666668,11.4203695,,
2024-09-04 18:30:00,14.054605983333332,14.4069546,,
2024-09-04 19:00:00,15.785100066666669,19.15951843333333,,
2024-09-04 19:30:00,12.795735583333334,22.563115566666667,,
2024-09-04 20:00:00,16.705236199999998,27.86798938333333,,
2024-09-04 20:30:00,21.018764883333333,33.523127233333334,,
2024-09-04 21:00:00,25.190635083333333,31.9871261,,
2024-09-04 21:30:00,25.554181716666665,31.1682411,,
2024-09-04 22:00:00,22.049853916666667,25.043378933333333,,
2024-09-04 22:30:00,15.628268316666668,20.35579825,,
2024-09-04 23:00:00,19.90968615,23.19186433333333,,
2024-09-04 23:30:00,22.701755,25.48679783333333,,
2024-09-05 00:00:00,26.39919605,28.222312783333333,,
2024-09-05 00:30:00,25.54177573333333,27.83565055,,
2024-09-05 01:00:00,22.90400945,27.04461716666667,,
2024-09-05 01:30:00,20.27352385,22.357153366666665,,
2024-09-05 02:00:00,22.839525483333333,24.79116498333333,,
2024-09-05 02:30:00,26.223178866666668,29.17958673333333,,
2024-09-05 03:00:00,26.404900116666667,26.727501066666665,,
2024-09-05 03:30:00,22.304289933333333,26.199888266666665,,
2024-09-05 04:00:00,22.685376,24.251193983333334,,
2024-09-05 04:30:00,23.138834066666664,27.191244516666668,,
2024-09-05 05:00:00,22.434036716666668,27.89700495,,
2024-09-05 05:30:00,21.619813516666667,37.56927343333333,,
2024-09-05 06:00:00,21.866916616666668,29.63760493333333,,
2024-09-05 06:30:00,16.95246005,26.230544516666665,,
2024-09-05 07:00:00,19.8516594,25.71123683333333,,
2024-09-05 07:30:00,19.672785533333336,22.74446605,,
2024-09-05 08:00:00,13.928133616666663,16.218144016666667,,
2024-09-05 08:30:00,8.99684895,-1.49012095,,
2024-09-05 09:00:00,-3.800167366666667,-25.63676613333333,,
2024-09-05 09:30:00,-12.950620433333334,-36.406230533333336,,
2024-09-05 10:00:00,-22.032820033333333,-63.97149658333333,,
2024-09-05 10:30:00,-30.4739654,-78.95777831666668,,
2024-09-05 11:00:00,-35.678421166666666,-94.05617936666664,,
2024-09-05 11:30:00,-33.92789381666667,-122.00978498333332,,
2024-09-05 12:00:00,-42.40196505,-131.92051846666666,,
2024-09-05 12:30:00,-55.28956883333333,-126.59221403333332,,
2024-09-05 13:00:00,-59.5498234,-135.22176729999998,,
2024-09-05 13:30:00,-68.04437763333333,-113.7607406,,
2024-09-05 14:00:00,-59.8941051,-113.44430333333332,,
2024-09-05 14:30:00,-48.64908441666668,-92.698926,,
2024-09-05 15:00:00,-38.93976008333333,-70.08454238333333,,
2024-09-05 15:30:00,-23.986651116666668,-40.52870166666667,,
2024-09-05 16:00:00,-14.404548316666668,-24.115169966666667,,
2024-09-05 16:30:00,-0.0140926666666665,-6.808360016666668,,
2024-09-05 17:00:00,8.653125533333334,5.993170033333334,,
2024-09-05 17:30:00,8.688393833333334,2.5098882833333334,,
2024-09-05 18:00:00,19.2782889,8.884160016666668,,
2024-09-05 18:30:00,19.06806106666667,14.054605983333332,,
2024-09-05 19:00:00,13.421566033333336,15.785100066666669,,
2024-09-05 19:30:00,10.2961489,12.795735583333334,,
2024-09-05 20:00:00,20.310055466666665,16.705236199999998,,
2024-09-05 20:30:00,27.698053366666667,21.018764883333333,,
2024-09-05 21:00:00,27.678013383333333,25.190635083333333,,
2024-09-05 21:30:00,30.80447381666667,25.554181716666665,,
2024-09-05 22:00:00,25.6011939,22.049853916666667,,
2024-09-05 22:30:00,22.30925213333333,15.628268316666668,,
2024-09-05 23:00:00,25.97480996666667,19.90968615,,
2024-09-05 23:30:00,25.33517785,22.701755,,
2024-09-06 00:00:00,25.6641706,26.39919605,,
2024-09-06 00:30:00,23.2983517,25.54177573333333,,
2024-09-06 01:00:00,23.18920495,22.90400945,,
2024-09-06 01:30:00,25.43975663333333,20.27352385,,
2024-09-06 02:00:00,22.032367766666667,22.839525483333333,,
2024-09-06 02:30:00,26.333689566666663,26.223178866666668,,
2024-09-06 03:00:00,25.76334613333333,26.404900116666667,,
2024-09-06 03:30:00,24.73628616666667,22.304289933333333,,
2024-09-06 04:00:00,23.533914316666667,22.685376,,
2024-09-06 04:30:00,27.58736401666667,23.138834066666664,,
2024-09-06 05:00:00,27.44986888333333,22.434036716666668,,
2024-09-06 05:30:00,29.4720272,21.619813516666667,,
2024-09-06 06:00:00,26.63820408333333,21.866916616666668,,
2024-09-06 06:30:00,20.434961116666667,16.95246005,,
2024-09-06 07:00:00,18.112832766666667,19.8516594,,
2024-09-06 07:30:00,20.51669055,19.672785533333336,,
2024-09-06 08:00:00,15.620443983333333,13.928133616666663,,
2024-09-06 08:30:00,4.978371083333333,8.99684895,,
2024-09-06 09:00:00,-9.222649983333334,-3.800167366666667,,
2024-09-06 09:30:00,-23.589657083333336,-12.950620433333334,,
2024-09-06 10:00:00,-50.38841383333334,-22.032820033333333,,
2024-09-06 10:30:00,-65.11241716666667,-30.4739654,,
2024-09-06 11:00:00,-81.79091048333333,-35.678421166666666,,
2024-09-06 11:30:00,-88.60728213333334,-33.92789381666667,,
2024-09-06 12:00:00,-84.84005708333333,-42.40196505,,
2024-09-06 12:30:00,-77.66417626666667,-55.28956883333333,,
2024-09-06 13:00:00,-76.93206941666666,-59.5498234,,
2024-09-06 13:30:00,-67.29870668333334,-68.04437763333333,,
2024-09-06 14:00:00,-57.63090003333334,-59.8941051,,
2024-09-06 14:30:00,-49.36727435,-48.64908441666668,,
2024-09-06 15:00:00,-41.486600583333335,-38.93976008333333,,
2024-09-06 15:30:00,-26.90301235,-23.986651116666668,,
2024-09-06 16:00:00,-14.092732150000002,-14.404548316666668,,
2024-09-06 16:30:00,-5.9324227333333335,-0.0140926666666665,,
2024-09-06 17:00:00,5.672478983333334,8.653125533333334,,
2024-09-06 17:30:00,4.881826083333333,8.688393833333334,,
2024-09-06 18:00:00,8.77331285,19.2782889,,
2024-09-06 18:30:00,14.780446633333334,19.06806106666667,,
2024-09-06 19:00:00,15.4169194,13.421566033333336,,
2024-09-06 19:30:00,16.141446066666667,10.2961489,,
2024-09-06 20:00:00,21.30955176666667,20.310055466666665,,
2024-09-06 20:30:00,21.837198366666662,27.698053366666667,,
2024-09-06 21:00:00,20.498340666666667,27.678013383333333,,
2024-09-06 21:30:00,18.29818885,30.80447381666667,,
2024-09-06 22:00:00,19.32890665,25.6011939,,
2024-09-06 22:30:00,21.930261233333336,22.30925213333333,,
2024-09-06 23:00:00,25.831519116666662,25.97480996666667,,
2024-09-06 23:30:00,23.121758850000003,25.33517785,,
2024-09-07 00:00:00,22.90648675,25.6641706,,
2024-09-07 00:30:00,21.980568466666668,23.2983517,,
2024-09-07 01:00:00,20.29592613333333,23.18920495,,
2024-09-07 01:30:00,19.378012283333334,25.43975663333333,,
2024-09-07 02:00:00,17.97158495,22.032367766666667,,
2024-09-07 02:30:00,22.19100068333333,26.333689566666663,,
2024-09-07 03:00:00,19.09369493333333,25.76334613333333,,
2024-09-07 03:30:00,18.0986212,24.73628616666667,,
2024-09-07 04:00:00,18.085164516666666,23.533914316666667,,
2024-09-07 04:30:00,19.170148366666663,27.58736401666667,,
2024-09-07 05:00:00,23.773933866666667,27.44986888333333,,
2024-09-07 05:30:00,27.741827216666668,29.4720272,,
2024-09-07 06:00:00,21.730487333333333,26.63820408333333,,
2024-09-07 06:30:00,14.89204385,20.434961116666667,,
2024-09-07 07:00:00,12.982429616666666,18.112832766666667,,
2024-09-07 07:30:00,11.216133366666668,20.51669055,,
2024-09-07 08:00:00,6.4283771,15.620443983333333,,
2024-09-07 08:30:00,-3.718596533333333,4.978371083333333,,
2024-09-07 09:00:00,-9.321004516666669,-9.222649983333334,,
2024-09-07 09:30:00,-26.385523966666668,-23.589657083333336,,
2024-09-07 10:00:00,-52.62866941666667,-50.38841383333334,,
2024-09-07 10:30:00,-66.88181381666666,-65.11241716666667,,
2024-09-07 11:00:00,-67.71733763333333,-81.79091048333333,,
2024-09-07 11:30:00,-76.12526936666667,-88.60728213333334,,
2024-09-07 12:00:00,-94.62939333333333,-84.84005708333333,,
2024-09-07 12:30:00,-106.59121011666667,-77.66417626666667,,
2024-09-07 13:00:00,-105.08129783333334,-76.93206941666666,,
2024-09-07 13:30:00,-106.12856828333334,-67.29870668333334,,
2024-09-07 14:00:00,-110.54914456666668,-57.63090003333334,,
2024-09-07 14:30:00,-106.93472771666669,-49.36727435,,
2024-09-07 15:00:00,-90.04478993333333,-41.486600583333335,,
2024-09-07 15:30:00,-67.82540155,-26.90301235,,
2024-09-07 16:00:00,-48.87187058333333,-14.092732150000002,,
2024-09-07 16:30:00,-32.64081841666667,-5.9324227333333335,,
2024-09-07 17:00:00,-13.6802389,5.672478983333334,,
2024-09-07 17:30:00,2.245018433333333,4.881826083333333,,
2024-09-07 18:00:00,9.809693866666668,8.77331285,,
2024-09-07 18:30:00,14.158993383333334,14.780446633333334,,
2024-09-07 19:00:00,15.202741216666666,15.4169194,,
2024-09-07 19:30:00,16.837224983333332,16.141446066666667,,
2024-09-07 20:00:00,18.341632216666667,21.30955176666667,,
2024-09-07 20:30:00,14.86201825,21.837198366666662,,
2024-09-07 21:00:00,14.389283333333331,20.498340666666667,,
2024-09-07 21:30:00,16.18232396666667,18.29818885,,
2024-09-07 22:00:00,20.8652344,19.32890665,,
2024-09-07 22:30:00,24.258580050000003,21.930261233333336,,
2024-09-07 23:00:00,25.349147233333337,25.831519116666662,,
2024-09-07 23:30:00,28.6735,23.121758850000003,,
2024-09-08 00:00:00,25.129554466666665,22.90648675,,
2024-09-08 00:30:00,24.448067316666663,21.980568466666668,,
2024-09-08 01:00:00,24.12146565,20.29592613333333,,
2024-09-08 01:30:00,25.16519793333333,19.378012283333334,,
2024-09-08 02:00:00,22.580867883333337,17.97158495,,
2024-09-08 02:30:00,28.125749966666664,22.19100068333333,,
2024-09-08 03:00:00,25.22254716666667,19.09369493333333,,
2024-09-08 03:30:00,20.353376533333336,18.0986212,,
2024-09-08 04:00:00,22.832418266666664,18.085164516666666,,
2024-09-08 04:30:00,22.24673598333333,19.170148366666663,,
2024-09-08 05:00:00,29.86072073333333,23.773933866666667,,
2024-09-08 05:30:00,33.2826868,27.741827216666668,,
2024-09-08 06:00:00,25.543004866666667,21.730487333333333,,
2024-09-08 06:30:00,22.8118778,14.89204385,,
2024-09-08 07:00:00,20.71285935,12.982429616666666,,
2024-09-08 07:30:00,16.128131166666666,11.216133366666668,,
2024-09-08 08:00:00,11.218748333333332,6.4283771,,
2024-09-08 08:30:00,4.972896749999999,-3.718596533333333,,
2024-09-08 09:00:00,0.73048575,-9.321004516666669,,
2024-09-08 09:30:00,-13.7793445,-26.385523966666668,,
2024-09-08 10:00:00,-30.13817603333333,-52.62866941666667,,
2024-09-08 10:30:00,-38.1215573,-66.88181381666666,,
2024-09-08 11:00:00,-47.05262995,-67.71733763333333,,
2024-09-08 11:30:00,-45.93844278333333,-76.12526936666667,,
2024-09-08 12:00:00,-49.3829079,-94.62939333333333,,
2024-09-08 12:30:00,-60.85594335,-106.59121011666667,,
2024-09-08 13:00:00,-54.72414113333334,-105.08129783333334,,
2024-09-08 13:30:00,-59.131090050000005,-106.12856828333334,,
2024-09-08 14:00:00,-62.4934732,-110.54914456666668,,
2024-09-08 14:30:00,-42.18012803333333,-106.93472771666669,,
2024-09-08 15:00:00,-40.69807841666667,-90.04478993333333,,
2024-09-08 15:30:00,-29.401413266666665,-67.82540155,,
2024-09-08 16:00:00,-22.474070616666666,-48.87187058333333,,
2024-09-08 16:30:00,-11.72021785,-32.64081841666667,,
2024-09-08 17:00:00,2.1880155166666664,-13.6802389,,
2024-09-08 17:30:00,8.231988216666666,2.245018433333333,,
2024-09-08 18:00:00,15.651010499999998,9.809693866666668,,
2024-09-08 18:30:00,23.050303316666668,14.158993383333334,,
2024-09-08 19:00:00,16.743559483333332,15.202741216666666,,
2024-09-08 19:30:00,16.48507775,16.837224983333332,,
2024-09-08 20:00:00,21.66900013333333,18.341632216666667,,
2024-09-08 20:30:00,19.48839388333333,14.86201825,,
2024-09-08 21:00:00,23.39792543333333,14.389283333333331,,
2024-09-08 21:30:00,26.46163435,16.18232396666667,,
2024-09-08 22:00:00,29.16172998333333,20.8652344,,
2024-09-08 22:30:00,25.190192266666667,24.258580050000003,,
2024-09-08 23:00:00,27.811188916666666,25.349147233333337,,
2024-09-08 23:30:00,32.30073385,28.6735,,
2024-09-09 00:00:00,31.2471378,25.129554466666665,,
2024-09-09 00:30:00,29.2988682,24.448067316666663,,
2024-09-09 01:00:00,26.761922733333336,24.12146565,,
2024-09-09 01:30:00,21.75934775,25.16519793333333,,
2024-09-09 02:00:00,23.904466066666668,22.580867883333337,,
2024-09-09 02:30:00,28.807451083333333,28.125749966666664,,
2024-09-09 03:00:00,22.0539911,25.22254716666667,,
2024-09-09 03:30:00,24.70469721666667,20.353376533333336,,
2024-09-09 04:00:00,22.616472866666665,22.832418266666664,,
2024-09-09 04:30:00,24.696247133333333,22.24673598333333,,
2024-09-09 05:00:00,30.78271278333333,29.86072073333333,,
2024-09-09 05:30:00,32.33340198333334,33.2826868,,
2024-09-09 06:00:00,26.596214466666662,25.543004866666667,,
2024-09-09 06:30:00,21.25427171666667,22.8118778,,
2024-09-09 07:00:00,20.9688566,20.71285935,,
2024-09-09 07:30:00,12.96421005,16.128131166666666,,
2024-09-09 08:00:00,7.858931683333334,11.218748333333332,,
2024-09-09 08:30:00,5.747387133333333,4.972896749999999,,
2024-09-09 09:00:00,-12.271555049999998,0.73048575,,
2024-09-09 09:30:00,-29.132378366666668,-13.7793445,,
2024-09-09 10:00:00,-41.40509275,-30.13817603333333,,
2024-09-09 10:30:00,-61.18425113333333,-38.1215573,,
2024-09-09 11:00:00,-84.18909773333333,-47.05262995,,
2024-09-09 11:30:00,-99.44110271666666,-45.93844278333333,,
2024-09-09 12:00:00,-112.05563181666668,-49.3829079,,
2024-09-09 12:30:00,-111.27418656666669,-60.85594335,,
2024-09-09 13:00:00,-122.286271,-54.72414113333334,,
2024-09-09 13:30:00,-115.8964155,-59.131090050000005,,
2024-09-09 14:00:00,-107.2428539,-62.4934732,,
2024-09-09 14:30:00,-89.92388701666668,-42.18012803333333,,
2024-09-09 15:00:00,-87.3153578,-40.69807841666667,,
2024-09-09 15:30:00,-66.91252448333334,-29.401413266666665,,
2024-09-09 16:00:00,-43.956323483333335,-22.474070616666666,,
2024-09-09 16:30:00,-27.29287783333333,-11.72021785,,
2024-09-09 17:00:00,-10.7184277,2.1880155166666664,,
2024-09-09 17:30:00,-5.488101749999999,8.231988216666666,,
2024-09-09 18:00:00,1.4164710833333334,15.651010499999998,,
2024-09-09 18:30:00,8.155770583333334,23.050303316666668,,
2024-09-09 19:00:00,11.416065683333334,16.743559483333332,,
2024-09-09 19:30:00,11.386115583333334,16.48507775,,
2024-09-09 20:00:00,15.6418366,21.66900013333333,,
2024-09-09 20:30:00,17.619563816666666,19.48839388333333,,
2024-09-09 21:00:00,17.204825116666665,23.39792543333333,,
2024-09-09 21:30:00,22.11937208333333,26.46163435,,
2024-09-09 22:00:00,24.427908266666662,29.16172998333333,,
2024-09-09 22:30:00,22.104929966666663,25.190192266666667,,
2024-09-09 23:00:00,21.433204266666667,27.811188916666666,,
2024-09-09 23:30:00,24.942382133333336,32.30073385,,
2024-09-10 00:00:00,31.56978608333333,31.2471378,,
2024-09-10 00:30:00,21.518095,29.2988682,,
2024-09-10 01:00:00,22.67306376666667,26.761922733333336,,
2024-09-10 01:30:00,19.99859168333333,21.75934775,,
2024-09-10 02:00:00,21.7638117,23.904466066666668,,
2024-09-10 02:30:00,26.104673833333333,28.807451083333333,,
2024-09-10 03:00:00,25.258742183333336,22.0539911,,
2024-09-10 03:30:00,24.63710833333333,24.70469721666667,,
2024-09-10 04:00:00,25.671487133333333,22.616472866666665,,
2024-09-10 04:30:00,29.623844,24.696247133333333,,
2024-09-10 05:00:00,34.677977166666665,30.78271278333333,,
2024-09-10 05:30:00,37.12806823333333,32.33340198333334,,
2024-09-10 06:00:00,24.617037633333336,26.596214466666662,,
2024-09-10 06:30:00,20.62618888333333,21.25427171666667,,
2024-09-10 07:00:00,27.46486398333333,20.9688566,,
2024-09-10 07:30:00,17.496480483333333,12.96421005,,
2024-09-10 08:00:00,13.491004383333332,7.858931683333334,,
2024-09-10 08:30:00,3.424127783333333,5.747387133333333,,
2024-09-10 09:00:00,-17.198633333333333,-12.271555049999998,,
2024-09-10 09:30:00,-37.925145,-29.132378366666668,,
2024-09-10 10:00:00,-60.71032783333334,-41.40509275,,
2024-09-10 10:30:00,-79.72510943333333,-61.18425113333333,,
2024-09-10 11:00:00,-103.59443213333331,-84.18909773333333,,
2024-09-10 11:30:00,-127.92480205,-99.44110271666666,,
2024-09-10 12:00:00,-134.14981279999998,-112.05563181666668,,
2024-09-10 12:30:00,-133.45057498333333,-111.27418656666669,,
2024-09-10 13:00:00,-141.91783108333334,-122.286271,,
2024-09-10 13:30:00,-131.01274049999998,-115.8964155,,
2024-09-10 14:00:00,-116.08148895,-107.2428539,,
2024-09-10 14:30:00,-110.54938991666666,-89.92388701666668,,
2024-09-10 15:00:00,-104.14515543333334,-87.3153578,,
2024-09-10 15:30:00,-69.95192329999999,-66.91252448333334,,
2024-09-10 16:00:00,-46.21371941666666,-43.956323483333335,,
2024-09-10 16:30:00,-25.631674933333333,-27.29287783333333,,
2024-09-10 17:00:00,-13.49434675,-10.7184277,,
2024-09-10 17:30:00,-1.274869983333334,-5.488101749999999,,
2024-09-10 18:00:00,4.939502200000001,1.4164710833333334,,
2024-09-10 18:30:00,7.418491716666668,8.155770583333334,,
2024-09-10 19:00:00,12.708362766666667,11.416065683333334,,
2024-09-10 19:30:00,16.37774945,11.386115583333334,,
2024-09-10 20:00:00,20.184703366666668,15.6418366,,
2024-09-10 20:30:00,22.17775275,17.619563816666666,,
2024-09-10 21:00:00,23.223641466666667,17.204825116666665,,
2024-09-10 21:30:00,21.81879775,22.11937208333333,,
2024-09-10 22:00:00,24.39550273333333,24.427908266666662,,
2024-09-10 22:30:00,24.3962622,22.104929966666663,,
2024-09-10 23:00:00,24.23032788333333,21.433204266666667,,
2024-09-10 23:30:00,29.114643883333333,24.942382133333336,,
2024-09-11 00:00:00,34.12934323333334,31.56978608333333,,
2024-09-11 00:30:00,28.54390378333333,21.518095,,
2024-09-11 01:00:00,28.86133165,22.67306376666667,,
2024-09-11 01:30:00,25.4409654,19.99859168333333,,
2024-09-11 02:00:00,22.24326161666667,21.7638117,,
2024-09-11 02:30:00,30.4637827,26.104673833333333,,
2024-09-11 03:00:00,26.06382603333333,25.258742183333336,,
2024-09-11 03:30:00,27.36856395,24.63710833333333,,
2024-09-11 04:00:00,29.41246715,25.671487133333333,,
2024-09-11 04:30:00,29.495980366666668,29.623844,,
2024-09-11 05:00:00,29.4703205,34.677977166666665,,
2024-09-11 05:30:00,32.210366566666664,37.12806823333333,,
2024-09-11 06:00:00,26.167294966666663,24.617037633333336,,
2024-09-11 06:30:00,22.38250275,20.62618888333333,,
2024-09-11 07:00:00,21.0217811,27.46486398333333,,
2024-09-11 07:30:00,17.109963699999998,17.496480483333333,,
2024-09-11 08:00:00,11.07495985,13.491004383333332,,
2024-09-11 08:30:00,4.367121116666668,3.424127783333333,,
2024-09-11 09:00:00,-17.077852233333335,-17.198633333333333,,
2024-09-11 09:30:00,-24.79588105,-37.925145,,
2024-09-11 10:00:00,-33.2408151,-60.71032783333334,,
2024-09-11 10:30:00,-49.02625051666666,-79.72510943333333,,
2024-09-11 11:00:00,-61.360091833333335,-103.59443213333331,,
2024-09-11 11:30:00,-80.3535949,-127.92480205,,
2024-09-11 12:00:00,-88.98581068333334,-134.14981279999998,,
2024-09-11 12:30:00,-99.87860168333332,-133.45057498333333,,
2024-09-11 13:00:00,-117.68180491666668,-141.91783108333334,,
2024-09-11 13:30:00,-113.59792831666668,-131.01274049999998,,
2024-09-11 14:00:00,-98.71970665,-116.08148895,,
2024-09-11 14:30:00,-92.3301206,-110.54938991666666,,
2024-09-11 15:00:00,-80.87435356666667,-104.14515543333334,,
2024-09-11 15:30:00,-66.18515275,-69.95192329999999,,
2024-09-11 16:00:00,-43.98149433333333,-46.21371941666666,,
2024-09-11 16:30:00,-18.309424916666668,-25.631674933333333,,
2024-09-11 17:00:00,-8.609412016666665,-13.49434675,,
2024-09-11 17:30:00,0.4554627333333332,-1.274869983333334,,
2024-09-11 18:00:00,11.137891666666668,4.939502200000001,,
2024-09-11 18:30:00,19.55336995,7.418491716666668,,
2024-09-11 19:00:00,23.9717522,12.708362766666667,,
2024-09-11 19:30:00,28.88001998333333,16.37774945,,
2024-09-11 20:00:00,24.646679483333333,20.184703366666668,,
2024-09-11 20:30:00,18.338538966666665,22.17775275,,
2024-09-11 21:00:00,22.297027216666667,23.223641466666667,,
2024-09-11 21:30:00,26.772338966666663,21.81879775,,
2024-09-11 22:00:00,24.25676723333333,24.39550273333333,,
2024-09-11 22:30:00,28.066267766666662,24.3962622,,
2024-09-11 23:00:00,33.72934778333333,24.23032788333333,,
2024-09-11 23:30:00,35.15123065,29.114643883333333,,
2024-09-12 00:00:00,27.98563558333333,34.12934323333334,,
2024-09-12 00:30:00,23.908321683333337,28.54390378333333,,
2024-09-12 01:00:00,24.10666498333333,28.86133165,,
2024-09-12 01:30:00,21.07255848333333,25.4409654,,
2024-09-12 02:00:00,22.146072216666667,22.24326161666667,,
2024-09-12 02:30:00,26.834527233333333,30.4637827,,
2024-09-12 03:00:00,24.43834388333333,26.06382603333333,,
2024-09-12 03:30:00,23.619805483333334,27.36856395,,
2024-09-12 04:00:00,23.30855565,29.41246715,,
2024-09-12 04:30:00,23.73329718333333,29.495980366666668,,
2024-09-12 05:00:00,28.53861333333333,29.4703205,,
2024-09-12 05:30:00,35.12111715,32.210366566666664,,
2024-09-12 06:00:00,27.89997225,26.167294966666663,,
2024-09-12 06:30:00,20.145927666666665,22.38250275,,
2024-09-12 07:00:00,19.367865516666665,21.0217811,,
2024-09-12 07:30:00,15.80167,17.109963699999998,,
2024-09-12 08:00:00,10.6797689,11.07495985,,
2024-09-12 08:30:00,-0.4978433166666665,4.367121116666668,,
2024-09-12 09:00:00,-28.98136425,-17.077852233333335,,
2024-09-12 09:30:00,-43.04351935,-24.79588105,,
2024-09-12 10:00:00,-52.521235966666666,-33.2408151,,
2024-09-12 10:30:00,-70.26901781666668,-49.02625051666666,,
2024-09-12 11:00:00,-78.23644343333333,-61.360091833333335,,
2024-09-12 11:30:00,-89.67596818333334,-80.3535949,,
2024-09-12 12:00:00,-94.71455496666664,-88.98581068333334,,
2024-09-12 12:30:00,-100.05122066666668,-99.87860168333332,,
2024-09-12 13:00:00,-119.22405108333334,-117.68180491666668,,
2024-09-12 13:30:00,-107.45286008333332,-113.59792831666668,,
2024-09-12 14:00:00,-111.15001001666668,-98.71970665,,
2024-09-12 14:30:00,-114.07634765,-92.3301206,,
2024-09-12 15:00:00,-96.93340838333334,-80.87435356666667,,
2024-09-12 15:30:00,-72.39733055,-66.18515275,,
2024-09-12 16:00:00,-51.2483894,-43.98149433333333,,
2024-09-12 16:30:00,-32.030838933333335,-18.309424916666668,,
2024-09-12 17:00:00,-13.267131566666665,-8.609412016666665,,
2024-09-12 17:30:00,1.715986516666667,0.4554627333333332,,
2024-09-12 18:00:00,9.523995566666663,11.137891666666668,,
2024-09-12 18:30:00,16.90069325,19.55336995,,
2024-09-12 19:00:00,16.878482233333333,23.9717522,,
2024-09-12 19:30:00,17.252671583333335,28.88001998333333,,
2024-09-12 20:00:00,21.291211116666663,24.646679483333333,,
2024-09-12 20:30:00,23.98052738333333,18.338538966666665,,
2024-09-12 21:00:00,29.157316466666668,22.297027216666667,,
2024-09-12 21:30:00,28.42038841666667,26.772338966666663,,
2024-09-12 22:00:00,28.5398223,24.25676723333333,,
2024-09-12 22:30:00,30.2102473,28.066267766666662,,
2024-09-12 23:00:00,33.624490566666665,33.72934778333333,,
2024-09-12 23:30:00,35.85563331666666,35.15123065,,
2024-09-13 00:00:00,32.89141158333333,27.98563558333333,,
2024-09-13 00:30:00,35.47866621666667,23.908321683333337,,
2024-09-13 01:00:00,29.587497216666662,24.10666498333333,,
2024-09-13 01:30:00,27.166764933333337,21.07255848333333,,
2024-09-13 02:00:00,21.772896000000003,22.146072216666667,,
2024-09-13 02:30:00,28.343092183333336,26.834527233333333,,
2024-09-13 03:00:00,27.325793866666668,24.43834388333333,,
2024-09-13 03:30:00,27.549037233333333,23.619805483333334,,
2024-09-13 04:00:00,27.96972273333333,23.30855565,,
2024-09-13 04:30:00,29.4081388,23.73329718333333,,
2024-09-13 05:00:00,36.67984775,28.53861333333333,,
2024-09-13 05:30:00,41.66653888333334,35.12111715,,
2024-09-13 06:00:00,29.5606901,27.89997225,,
2024-09-13 06:30:00,28.0813388,20.145927666666665,,
2024-09-13 07:00:00,23.010110333333333,19.367865516666665,,
2024-09-13 07:30:00,16.65047278333333,15.80167,,
2024-09-13 08:00:00,10.4690473,10.6797689,,
2024-09-13 08:30:00,-5.510980616666667,-0.4978433166666665,,
2024-09-13 09:00:00,-21.5609134,-28.98136425,,
2024-09-13 09:30:00,-40.78799555,-43.04351935,,
2024-09-13 10:00:00,-53.91421838333333,-52.521235966666666,,
2024-09-13 10:30:00,-76.05460833333333,-70.26901781666668,,
2024-09-13 11:00:00,-93.2132504,-78.23644343333333,,
2024-09-13 11:30:00,-113.85898261666668,-89.67596818333334,,
2024-09-13 12:00:00,-124.19234555,-94.71455496666664,,
2024-09-13 12:30:00,-136.09613781666667,-100.05122066666668,,
2024-09-13 13:00:00,-137.1192566,-119.22405108333334,,
2024-09-13 13:30:00,-131.78888233333333,-107.45286008333332,,
2024-09-13 14:00:00,-123.96213336666666,-111.15001001666668,,
2024-09-13 14:30:00,-112.21409388333332,-114.07634765,,
2024-09-13 15:00:00,-93.75761006666666,-96.93340838333334,,
2024-09-13 15:30:00,-76.44869718333332,-72.39733055,,
2024-09-13 16:00:00,-51.6314362,-51.2483894,,
2024-09-13 16:30:00,-29.128206066666667,-32.030838933333335,,
2024-09-13 17:00:00,-9.979237416666669,-13.267131566666665,,
2024-09-13 17:30:00,4.329618833333334,1.715986516666667,,
2024-09-13 18:00:00,10.615681133333334,9.523995566666663,,
2024-09-13 18:30:00,20.6871995,16.90069325,,
2024-09-13 19:00:00,20.34820433333333,16.878482233333333,,
2024-09-13 19:30:00,23.64722335,17.252671583333335,,
2024-09-13 20:00:00,15.839079366666668,21.291211116666663,,
2024-09-13 20:30:00,25.31585108333333,23.98052738333333,,
2024-09-13 21:00:00,29.46905218333333,29.157316466666668,,
2024-09-13 21:30:00,31.9271777,28.42038841666667,,
2024-09-13 22:00:00,32.92727285,28.5398223,,
2024-09-13 22:30:00,26.751741166666665,30.2102473,,
2024-09-13 23:00:00,27.56578728333333,33.624490566666665,,
2024-09-13 23:30:00,24.32180333333333,35.85563331666666,,
2024-09-14 00:00:00,29.2794573,32.89141158333333,,
2024-09-14 00:30:00,27.85255495,35.47866621666667,,
2024-09-14 01:00:00,27.6440329,29.587497216666662,,
2024-09-14 01:30:00,27.72721383333333,27.166764933333337,,
2024-09-14 02:00:00,26.1778767,21.772896000000003,,
2024-09-14 02:30:00,30.838188866666663,28.343092183333336,,
2024-09-14 03:00:00,27.08334725,27.325793866666668,,
2024-09-14 03:30:00,25.44295935,27.549037233333333,,
2024-09-14 04:00:00,24.00743266666667,27.96972273333333,,
2024-09-14 04:30:00,25.954564450000003,29.4081388,,
2024-09-14 05:00:00,29.29217095,36.67984775,,
2024-09-14 05:30:00,35.27031015,41.66653888333334,,
2024-09-14 06:00:00,29.240593333333333,29.5606901,,
2024-09-14 06:30:00,23.57139331666667,28.0813388,,
2024-09-14 07:00:00,21.72005435,23.010110333333333,,
2024-09-14 07:30:00,21.78976053333333,16.65047278333333,,
2024-09-14 08:00:00,12.55431945,10.4690473,,
2024-09-14 08:30:00,3.32153325,-5.510980616666667,,
2024-09-14 09:00:00,-7.453851616666667,-21.5609134,,
2024-09-14 09:30:00,-15.74473876666667,-40.78799555,,
2024-09-14 10:00:00,-26.01706175,-53.91421838333333,,
2024-09-14 10:30:00,-56.05796871666666,-76.05460833333333,,
2024-09-14 11:00:00,-85.67787941666667,-93.2132504,,
2024-09-14 11:30:00,-100.39498875,-113.85898261666668,,
2024-09-14 12:00:00,-110.0373429,-124.19234555,,
2024-09-14 12:30:00,-107.2267283,-136.09613781666667,,
2024-09-14 13:00:00,-102.69133835,-137.1192566,,
2024-09-14 13:30:00,-112.17472726666666,-131.78888233333333,,
2024-09-14 14:00:00,-119.55775336666666,-123.96213336666666,,
2024-09-14 14:30:00,-105.75864333333334,-112.21409388333332,,
2024-09-14 15:00:00,-91.38902105,-93.75761006666666,,
2024-09-14 15:30:00,-63.13965065,-76.44869718333332,,
2024-09-14 16:00:00,-49.47474105,-51.6314362,,
2024-09-14 16:30:00,-25.73751925,-29.128206066666667,,
2024-09-14 17:00:00,-6.66284495,-9.979237416666669,,
2024-09-14 17:30:00,1.5917223166666667,4.329618833333334,,
2024-09-14 18:00:00,15.217980166666663,10.615681133333334,,
2024-09-14 18:30:00,18.66142225,20.6871995,,
2024-09-14 19:00:00,20.102644883333333,20.34820433333333,,
2024-09-14 19:30:00,22.031199,23.64722335,,
2024-09-14 20:00:00,25.60586658333333,15.839079366666668,,
2024-09-14 20:30:00,23.23619153333333,25.31585108333333,,
2024-09-14 21:00:00,27.771627350000003,29.46905218333333,,
2024-09-14 21:30:00,30.65898388333333,31.9271777,,
2024-09-14 22:00:00,39.22452725,32.92727285,,
2024-09-14 22:30:00,44.237525516666665,26.751741166666665,,
2024-09-14 23:00:00,37.19790226666667,27.56578728333333,,
2024-09-14 23:30:00,36.21519666666666,24.32180333333333,,
2024-09-15 00:00:00,40.71273598333333,29.2794573,,
2024-09-15 00:30:00,37.03421886666666,27.85255495,,
2024-09-15 01:00:00,31.975517300000003,27.6440329,,
2024-09-15 01:30:00,26.82299838333333,27.72721383333333,,
2024-09-15 02:00:00,28.75872956666667,26.1778767,,
2024-09-15 02:30:00,34.0596244,30.838188866666663,,
2024-09-15 03:00:00,33.77831123333333,27.08334725,,
2024-09-15 03:30:00,33.351236633333336,25.44295935,,
2024-09-15 04:00:00,30.35568058333333,24.00743266666667,,
2024-09-15 04:30:00,33.32648761666667,25.954564450000003,,
2024-09-15 05:00:00,33.233593500000005,29.29217095,,
2024-09-15 05:30:00,38.48575005,35.27031015,,
2024-09-15 06:00:00,31.655552666666665,29.240593333333333,,
2024-09-15 06:30:00,21.732275466666668,23.57139331666667,,
2024-09-15 07:00:00,23.338143833333334,21.72005435,,
2024-09-15 07:30:00,22.42317333333333,21.78976053333333,,
2024-09-15 08:00:00,9.082215383333333,12.55431945,,
2024-09-15 08:30:00,-9.8190944,3.32153325,,
2024-09-15 09:00:00,-30.64168281666667,-7.453851616666667,,
2024-09-15 09:30:00,-49.78081451666667,-15.74473876666667,,
2024-09-15 10:00:00,-66.82127838333334,-26.01706175,,
2024-09-15 10:30:00,-91.50390613333332,-56.05796871666666,,
2024-09-15 11:00:00,-107.21622235,-85.67787941666667,,
2024-09-15 11:30:00,-121.38923386666666,-100.39498875,,
2024-09-15 12:00:00,-142.58523618333334,-110.0373429,,
2024-09-15 12:30:00,-153.98288386666667,-107.2267283,,
2024-09-15 13:00:00,-161.98757896666666,-102.69133835,,
2024-09-15 13:30:00,-162.95692226666668,-112.17472726666666,,
2024-09-15 14:00:00,-141.2965692666667,-119.55775336666666,,
2024-09-15 14:30:00,-141.35954668333332,-105.75864333333334,,
2024-09-15 15:00:00,-122.2089488,-91.38902105,,
2024-09-15 15:30:00,-94.09908663333331,-63.13965065,,
2024-09-15 16:00:00,-67.50798398333333,-49.47474105,,
2024-09-15 16:30:00,-36.23436323333333,-25.73751925,,
2024-09-15 17:00:00,-7.676390616666667,-6.66284495,,
2024-09-15 17:30:00,0.1353483833333335,1.5917223166666667,,
2024-09-15 18:00:00,10.4629506,15.217980166666663,,
2024-09-15 18:30:00,19.696525516666668,18.66142225,,
2024-09-15 19:00:00,29.487355633333333,20.102644883333333,,
2024-09-15 19:30:00,32.64054488333333,22.031199,,
2024-09-15 20:00:00,35.25635381666667,25.60586658333333,,
2024-09-15 20:30:00,36.28363831666667,23.23619153333333,,
2024-09-15 21:00:00,26.0645656,27.771627350000003,,
2024-09-15 21:30:00,22.645559483333333,30.65898388333333,,
2024-09-15 22:00:00,22.75694938333333,39.22452725,,
2024-09-15 22:30:00,19.949923866666666,44.237525516666665,,
2024-09-15 23:00:00,28.613072216666662,37.19790226666667,,
2024-09-15 23:30:00,35.50558675,36.21519666666666,,
2024-09-16 00:00:00,34.87902995,40.71273598333333,,
2024-09-16 00:30:00,32.86401873333333,37.03421886666666,,
2024-09-16 01:00:00,27.770762116666663,31.975517300000003,,
2024-09-16 01:30:00,30.507485066666664,26.82299838333333,,
2024-09-16 02:00:00,26.69759498333333,28.75872956666667,,
2024-09-16 02:30:00,31.514952750000003,34.0596244,,
2024-09-16 03:00:00,26.961954016666667,33.77831123333333,,
2024-09-16 03:30:00,30.043892733333333,33.351236633333336,,
2024-09-16 04:00:00,27.9771295,30.35568058333333,,
2024-09-16 04:30:00,30.97242671666667,33.32648761666667,,
2024-09-16 05:00:00,33.71734155,33.233593500000005,,
2024-09-16 05:30:00,40.2464718,38.48575005,,
2024-09-16 06:00:00,34.237932783333335,31.655552666666665,,
2024-09-16 06:30:00,29.02780841666667,21.732275466666668,,
2024-09-16 07:00:00,26.04551281666667,23.338143833333334,,
2024-09-16 07:30:00,20.963583383333333,22.42317333333333,,
2024-09-16 08:00:00,8.067840683333333,9.082215383333333,,
2024-09-16 08:30:00,3.803467716666667,-9.8190944,,
2024-09-16 09:00:00,-17.4311616,-30.64168281666667,,
2024-09-16 09:30:00,-34.0007434,-49.78081451666667,,
2024-09-16 10:00:00,-63.95361990000001,-66.82127838333334,,
2024-09-16 10:30:00,-93.12941516666666,-91.50390613333332,,
2024-09-16 11:00:00,-115.52534788333332,-107.21622235,,
2024-09-16 11:30:00,-129.95053456666668,-121.38923386666666,,
2024-09-16 12:00:00,-143.4383143833333,-142.58523618333334,,
2024-09-16 12:30:00,-155.57379768333334,-153.98288386666667,,
2024-09-16 13:00:00,-154.22001438333334,-161.98757896666666,,
2024-09-16 13:30:00,-149.03937336666667,-162.95692226666668,,
2024-09-16 14:00:00,-132.68200336666666,-141.2965692666667,,
2024-09-16 14:30:00,-120.54625391666669,-141.35954668333332,,
2024-09-16 15:00:00,-104.9267295,-122.2089488,,
2024-09-16 15:30:00,-78.8348548,-94.09908663333331,,
2024-09-16 16:00:00,-55.22429395,-67.50798398333333,,
2024-09-16 16:30:00,-33.11064615,-36.23436323333333,,
2024-09-16 17:00:00,-15.886405516666663,-7.676390616666667,,
2024-09-16 17:30:00,-3.458408916666667,0.1353483833333335,,
2024-09-16 18:00:00,4.7431205,10.4629506,,
2024-09-16 18:30:00,12.125781133333334,19.696525516666668,,
2024-09-16 19:00:00,17.296734466666667,29.487355633333333,,
2024-09-16 19:30:00,19.536781666666663,32.64054488333333,,
2024-09-16 20:00:00,17.414269833333332,35.25635381666667,,
2024-09-16 20:30:00,20.572301566666667,36.28363831666667,,
2024-09-16 21:00:00,21.305963966666667,26.0645656,,
2024-09-16 21:30:00,25.68679111666667,22.645559483333333,,
2024-09-16 22:00:00,26.10060385,22.75694938333333,,
2024-09-16 22:30:00,22.91226988333333,19.949923866666666,,
2024-09-16 23:00:00,24.293657316666668,28.613072216666662,,
2024-09-16 23:30:00,27.525613816666667,35.50558675,,
2024-09-17 00:00:00,33.085562616666664,34.87902995,,
2024-09-17 00:30:00,32.3688993,32.86401873333333,,
2024-09-17 01:00:00,29.10286655,27.770762116666663,,
2024-09-17 01:30:00,28.389165,30.507485066666664,,
2024-09-17 02:00:00,29.89717605,26.69759498333333,,
2024-09-17 02:30:00,32.93731925,31.514952750000003,,
2024-09-17 03:00:00,31.177485033333337,26.961954016666667,,
2024-09-17 03:30:00,26.19090321666667,30.043892733333333,,
2024-09-17 04:00:00,29.21186935,27.9771295,,
2024-09-17 04:30:00,28.30130995,30.97242671666667,,
2024-09-17 05:00:00,32.252790616666665,33.71734155,,
2024-09-17 05:30:00,35.433802199999995,40.2464718,,
2024-09-17 06:00:00,26.78992153333333,34.237932783333335,,
2024-09-17 06:30:00,26.539926750000003,29.02780841666667,,
2024-09-17 07:00:00,22.242509316666663,26.04551281666667,,
2024-09-17 07:30:00,18.0019161,20.963583383333333,,
2024-09-17 08:00:00,17.4030332,8.067840683333333,,
2024-09-17 08:30:00,7.291324533333333,3.803467716666667,,
2024-09-17 09:00:00,-21.53473178333333,-17.4311616,,
2024-09-17 09:30:00,-39.59375283333333,-34.0007434,,
2024-09-17 10:00:00,-59.495808366666665,-63.95361990000001,,
2024-09-17 10:30:00,-92.64633538333334,-93.12941516666666,,
2024-09-17 11:00:00,-117.54511483333332,-115.52534788333332,,
2024-09-17 11:30:00,-142.65347288333334,-129.95053456666668,,
2024-09-17 12:00:00,-159.73891003333333,-143.4383143833333,,
2024-09-17 12:30:00,-172.2717416333333,-155.57379768333334,,
2024-09-17 13:00:00,-177.40869951666664,-154.22001438333334,,
2024-09-17 13:30:00,-176.84271049999998,-149.03937336666667,,
2024-09-17 14:00:00,-163.52462,-132.68200336666666,,
2024-09-17 14:30:00,-145.5175128333333,-120.54625391666669,,
2024-09-17 15:00:00,-122.07968778333333,-104.9267295,,
2024-09-17 15:30:00,-94.33204151666666,-78.8348548,,
2024-09-17 16:00:00,-73.95854055,-55.22429395,,
2024-09-17 16:30:00,-44.46955946666666,-33.11064615,,
2024-09-17 17:00:00,-19.48799663333333,-15.886405516666663,,
2024-09-17 17:30:00,-6.570947933333333,-3.458408916666667,,
2024-09-17 18:00:00,3.2136299666666663,4.7431205,,
2024-09-17 18:30:00,10.37638155,12.125781133333334,,
2024-09-17 19:00:00,14.3481339,17.296734466666667,,
2024-09-17 19:30:00,24.622874316666667,19.536781666666663,,
2024-09-17 20:00:00,24.03837955,17.414269833333332,,
2024-09-17 20:30:00,24.31034178333333,20.572301566666667,,
2024-09-17 21:00:00,30.598127266666665,21.305963966666667,,
2024-09-17 21:30:00,24.955435116666667,25.68679111666667,,
2024-09-17 22:00:00,24.0445769,26.10060385,,
2024-09-17 22:30:00,31.86760875,22.91226988333333,,
2024-09-17 23:00:00,28.828814583333337,24.293657316666668,,
2024-09-17 23:30:00,32.796481666666665,27.525613816666667,,
2024-09-18 00:00:00,28.1150509,33.085562616666664,,
2024-09-18 00:30:00,33.67168976666667,32.3688993,,
2024-09-18 01:00:00,29.2383062,29.10286655,,
2024-09-18 01:30:00,32.107198366666665,28.389165,,
2024-09-18 02:00:00,28.169488416666667,29.89717605,,
2024-09-18 02:30:00,33.20975775,32.93731925,,
2024-09-18 03:00:00,27.43100495,31.177485033333337,,
2024-09-18 03:30:00,28.819737133333334,26.19090321666667,,
2024-09-18 04:00:00,27.877207916666663,29.21186935,,
2024-09-18 04:30:00,31.27471863333333,28.30130995,,
2024-09-18 05:00:00,31.8769707,32.252790616666665,,
2024-09-18 05:30:00,40.47336883333333,35.433802199999995,,
2024-09-18 06:00:00,24.82114048333333,26.78992153333333,,
2024-09-18 06:30:00,19.219442166666667,26.539926750000003,,
2024-09-18 07:00:00,22.3866084,22.242509316666663,,
2024-09-18 07:30:00,13.996827283333332,18.0019161,,
2024-09-18 08:00:00,1.4565287833333336,17.4030332,,
2024-09-18 08:30:00,-17.270860716666665,7.291324533333333,,
2024-09-18 09:00:00,-46.51589165000001,-21.53473178333333,,
2024-09-18 09:30:00,-71.2962251,-39.59375283333333,,
2024-09-18 10:00:00,-97.67481013333334,-59.495808366666665,,
2024-09-18 10:30:00,-116.03471063333332,-92.64633538333334,,
2024-09-18 11:00:00,-139.03070108333335,-117.54511483333332,,
2024-09-18 11:30:00,-160.51021491666668,-142.65347288333334,,
2024-09-18 12:00:00,-174.69721736666668,-159.73891003333333,,
2024-09-18 12:30:00,-184.4258977333333,-172.2717416333333,,
2024-09-18 13:00:00,-178.27871458333334,-177.40869951666664,,
2024-09-18 13:30:00,-177.88033781666664,-176.84271049999998,,
2024-09-18 14:00:00,-166.10887838333335,-163.52462,,
2024-09-18 14:30:00,-147.0502484,-145.5175128333333,,
2024-09-18 15:00:00,-116.3485984,-122.07968778333333,,
2024-09-18 15:30:00,-97.33866555,-94.33204151666666,,
2024-09-18 16:00:00,-69.97667878333333,-73.95854055,,
2024-09-18 16:30:00,-42.62373323333333,-44.46955946666666,,
2024-09-18 17:00:00,-16.666766183333333,-19.48799663333333,,
2024-09-18 17:30:00,-7.732764033333333,-6.570947933333333,,
2024-09-18 18:00:00,2.31256615,3.2136299666666663,,
2024-09-18 18:30:00,7.5609766,10.37638155,,
2024-09-18 19:00:00,10.08836005,14.3481339,,
2024-09-18 19:30:00,11.816594983333331,24.622874316666667,,
2024-09-18 20:00:00,9.46275605,24.03837955,,
2024-09-18 20:30:00,14.3678078,24.31034178333333,,
2024-09-18 21:00:00,16.683925483333333,30.598127266666665,,
2024-09-18 21:30:00,20.03649455,24.955435116666667,,
2024-09-18 22:00:00,22.977494,24.0445769,,
2024-09-18 22:30:00,16.986124450000002,31.86760875,,
2024-09-18 23:00:00,20.14237218333333,28.828814583333337,,
2024-09-18 23:30:00,26.820082816666662,32.796481666666665,,
2024-09-19 00:00:00,27.7220122,28.1150509,,
2024-09-19 00:30:00,22.77873903333333,33.67168976666667,,
2024-09-19 01:00:00,23.59753393333333,29.2383062,,
2024-09-19 01:30:00,23.33801675,32.107198366666665,,
2024-09-19 02:00:00,25.7841445,28.169488416666667,,
2024-09-19 02:30:00,28.09129545,33.20975775,,
2024-09-19 03:00:00,24.39467983333333,27.43100495,,
2024-09-19 03:30:00,26.727702066666662,28.819737133333334,,
2024-09-19 04:00:00,24.494291066666666,27.877207916666663,,
2024-09-19 04:30:00,21.52383843333333,31.27471863333333,,
2024-09-19 05:00:00,27.57472213333333,31.8769707,,
2024-09-19 05:30:00,34.87137778333334,40.47336883333333,,
2024-09-19 06:00:00,20.37302163333333,24.82114048333333,,
2024-09-19 06:30:00,18.54535213333333,19.219442166666667,,
2024-09-19 07:00:00,22.08001655,22.3866084,,
2024-09-19 07:30:00,12.650295583333332,13.996827283333332,,
2024-09-19 08:00:00,0.7813515666666667,1.4565287833333336,,
2024-09-19 08:30:00,-13.47276885,-17.270860716666665,,
2024-09-19 09:00:00,-33.47915833333334,-46.51589165000001,,
2024-09-19 09:30:00,-51.332496166666665,-71.2962251,,
2024-09-19 10:00:00,-66.81608831666667,-97.67481013333334,,
2024-09-19 10:30:00,-80.30625878333333,-116.03471063333332,,
2024-09-19 11:00:00,-98.45468455,-139.03070108333335,,
2024-09-19 11:30:00,-115.06818378333332,-160.51021491666668,,
2024-09-19 12:00:00,-119.5356615,-174.69721736666668,,
2024-09-19 12:30:00,-121.96619496666666,-184.4258977333333,,
2024-09-19 13:00:00,-124.17717893333334,-178.27871458333334,,
2024-09-19 13:30:00,-131.68632885,-177.88033781666664,,
2024-09-19 14:00:00,-110.50344331666666,-166.10887838333335,,
2024-09-19 14:30:00,-98.71134675,-147.0502484,,
2024-09-19 15:00:00,-86.72267995,-116.3485984,,
2024-09-19 15:30:00,-75.13441886666666,-97.33866555,,
2024-09-19 16:00:00,-49.749451066666666,-69.97667878333333,,
2024-09-19 16:30:00,-32.515735033333335,-42.62373323333333,,
2024-09-19 17:00:00,-13.410905433333332,-16.666766183333333,,
2024-09-19 17:30:00,-6.480481166666666,-7.732764033333333,,
2024-09-19 18:00:00,1.4070518000000003,2.31256615,,
2024-09-19 18:30:00,14.0205459,7.5609766,,
2024-09-19 19:00:00,17.14718493333333,10.08836005,,
2024-09-19 19:30:00,15.1765111,11.816594983333331,,
2024-09-19 20:00:00,12.665612283333331,9.46275605,,
2024-09-19 20:30:00,18.51974493333333,14.3678078,,
2024-09-19 21:00:00,17.426164466666666,16.683925483333333,,
2024-09-19 21:30:00,18.78795278333333,20.03649455,,
2024-09-19 22:00:00,16.514466066666667,22.977494,,
2024-09-19 22:30:00,19.81293223333333,16.986124450000002,,
2024-09-19 23:00:00,25.0802893,20.14237218333333,,
2024-09-19 23:30:00,28.580902666666663,26.820082816666662,,
2024-09-20 00:00:00,27.107032766666663,27.7220122,,
2024-09-20 00:30:00,25.00368115,22.77873903333333,,
2024-09-20 01:00:00,28.259795516666667,23.59753393333333,,
2024-09-20 01:30:00,27.856518366666663,23.33801675,,
2024-09-20 02:00:00,27.431127816666663,25.7841445,,
2024-09-20 02:30:00,30.336561199999995,28.09129545,,
2024-09-20 03:00:00,28.251945000000003,24.39467983333333,,
2024-09-20 03:30:00,27.5274392,26.727702066666662,,
2024-09-20 04:00:00,25.45226356666667,24.494291066666666,,
2024-09-20 04:30:00,26.914695516666665,21.52383843333333,,
2024-09-20 05:00:00,26.57295705,27.57472213333333,,
2024-09-20 05:30:00,29.32105628333333,34.87137778333334,,
2024-09-20 06:00:00,26.68809966666667,20.37302163333333,,
2024-09-20 06:30:00,19.9078078,18.54535213333333,,
2024-09-20 07:00:00,20.01469833333333,22.08001655,,
2024-09-20 07:30:00,11.155766733333335,12.650295583333332,,
2024-09-20 08:00:00,2.0547295,0.7813515666666667,,
2024-09-20 08:30:00,-4.670266633333334,-13.47276885,,
2024-09-20 09:00:00,-27.350487766666664,-33.47915833333334,,
2024-09-20 09:30:00,-41.33862763333333,-51.332496166666665,,
2024-09-20 10:00:00,-60.511447116666666,-66.81608831666667,,
2024-09-20 10:30:00,-80.45286270000001,-80.30625878333333,,
2024-09-20 11:00:00,-92.0184239,-98.45468455,,
2024-09-20 11:30:00,-113.03314606666667,-115.06818378333332,,
2024-09-20 12:00:00,-119.76678948333334,-119.5356615,,
2024-09-20 12:30:00,-121.3085477,-121.96619496666666,,
2024-09-20 13:00:00,-137.4201672833333,-124.17717893333334,,
2024-09-20 13:30:00,-125.07308725,-131.68632885,,
2024-09-20 14:00:00,-119.79762,-110.50344331666666,,
2024-09-20 14:30:00,-104.6335441,-98.71134675,,
2024-09-20 15:00:00,-86.56014213333333,-86.72267995,,
2024-09-20 15:30:00,-66.7671667,-75.13441886666666,,
2024-09-20 16:00:00,-41.61753448333334,-49.749451066666666,,
2024-09-20 16:30:00,-30.78711605,-32.515735033333335,,
2024-09-20 17:00:00,-6.894632766666668,-13.410905433333332,,
2024-09-20 17:30:00,-5.2040044,-6.480481166666666,,
2024-09-20 18:00:00,5.712441433333333,1.4070518000000003,,
2024-09-20 18:30:00,12.108765416666666,14.0205459,,
2024-09-20 19:00:00,11.4299951,17.14718493333333,,
2024-09-20 19:30:00,14.397565133333332,15.1765111,,
2024-09-20 20:00:00,7.9163021,12.665612283333331,,
2024-09-20 20:30:00,13.1284579,18.51974493333333,,
2024-09-20 21:00:00,29.77815955,17.426164466666666,,
2024-09-20 21:30:00,33.424916583333335,18.78795278333333,,
2024-09-20 22:00:00,33.59409735,16.514466066666667,,
2024-09-20 22:30:00,34.13912998333333,19.81293223333333,,
2024-09-20 23:00:00,37.9547684,25.0802893,,
2024-09-20 23:30:00,35.3957794,28.580902666666663,,
2024-09-21 00:00:00,27.164086116666667,27.107032766666663,,
2024-09-21 00:30:00,27.309724466666665,25.00368115,,
2024-09-21 01:00:00,23.901202416666667,28.259795516666667,,
2024-09-21 01:30:00,24.60114678333333,27.856518366666663,,
2024-09-21 02:00:00,23.971122766666667,27.431127816666663,,
2024-09-21 02:30:00,28.839742933333337,30.336561199999995,,
2024-09-21 03:00:00,27.609192633333333,28.251945000000003,,
2024-09-21 03:30:00,26.4041477,27.5274392,,
2024-09-21 04:00:00,27.922911566666667,25.45226356666667,,
2024-09-21 04:30:00,25.21979011666667,26.914695516666665,,
2024-09-21 05:00:00,26.761859966666663,26.57295705,,
2024-09-21 05:30:00,25.46034715,29.32105628333333,,
2024-09-21 06:00:00,21.671416566666664,26.68809966666667,,
2024-09-21 06:30:00,15.748963366666668,19.9078078,,
2024-09-21 07:00:00,9.306483783333332,20.01469833333333,,
2024-09-21 07:30:00,6.84857165,11.155766733333335,,
2024-09-21 08:00:00,-1.9358327833333335,2.0547295,,
2024-09-21 08:30:00,-10.215338766666669,-4.670266633333334,,
2024-09-21 09:00:00,-26.1425291,-27.350487766666664,,
2024-09-21 09:30:00,-41.53212223333333,-41.33862763333333,,
2024-09-21 10:00:00,-68.64215316666667,-60.511447116666666,,
2024-09-21 10:30:00,-90.00864226666666,-80.45286270000001,,
2024-09-21 11:00:00,-95.24391615,-92.0184239,,
2024-09-21 11:30:00,-111.19765876666668,-113.03314606666667,,
2024-09-21 12:00:00,-124.08987283333332,-119.76678948333334,,
2024-09-21 12:30:00,-129.4775633,-121.3085477,,
2024-09-21 13:00:00,-130.36368068333334,-137.4201672833333,,
2024-09-21 13:30:00,-122.03609721666668,-125.07308725,,
2024-09-21 14:00:00,-112.47953391666664,-119.79762,,
2024-09-21 14:30:00,-103.590285,-104.6335441,,
2024-09-21 15:00:00,-84.40238123333334,-86.56014213333333,,
2024-09-21 15:30:00,-65.97467998333333,-66.7671667,,
2024-09-21 16:00:00,-41.17658946666666,-41.61753448333334,,
2024-09-21 16:30:00,-22.811367716666663,-30.78711605,,
2024-09-21 17:00:00,-6.64995275,-6.894632766666668,,
2024-09-21 17:30:00,2.7898406333333328,-5.2040044,,
2024-09-21 18:00:00,9.6027629,5.712441433333333,,
2024-09-21 18:30:00,11.45099225,12.108765416666666,,
2024-09-21 19:00:00,13.175167116666666,11.4299951,,
2024-09-21 19:30:00,9.109993883333331,14.397565133333332,,
2024-09-21 20:00:00,13.510854516666669,7.9163021,,
2024-09-21 20:30:00,19.168167383333333,13.1284579,,
2024-09-21 21:00:00,21.703476716666668,29.77815955,,
2024-09-21 21:30:00,21.308962750000003,33.424916583333335,,
2024-09-21 22:00:00,21.77263995,33.59409735,,
2024-09-21 22:30:00,21.90568118333333,34.13912998333333,,
2024-09-21 23:00:00,24.228432916666662,37.9547684,,
2024-09-21 23:30:00,26.228387216666665,35.3957794,,
2024-09-22 00:00:00,22.75151673333333,27.164086116666667,,
2024-09-22 00:30:00,21.54033825,27.309724466666665,,
2024-09-22 01:00:00,25.397225566666663,23.901202416666667,,
2024-09-22 01:30:00,21.346578750000003,24.60114678333333,,
2024-09-22 02:00:00,21.40233605,23.971122766666667,,
2024-09-22 02:30:00,27.47247556666667,28.839742933333337,,
2024-09-22 03:00:00,23.19076545,27.609192633333333,,
2024-09-22 03:30:00,22.56092395,26.4041477,,
2024-09-22 04:00:00,22.54116385,27.922911566666667,,
2024-09-22 04:30:00,22.2549449,25.21979011666667,,
2024-09-22 05:00:00,23.23060783333333,26.761859966666663,,
2024-09-22 05:30:00,23.838326716666668,25.46034715,,
2024-09-22 06:00:00,15.590535566666668,21.671416566666664,,
2024-09-22 06:30:00,13.8242684,15.748963366666668,,
2024-09-22 07:00:00,9.191528966666668,9.306483783333332,,
2024-09-22 07:30:00,4.859270550000001,6.84857165,,
2024-09-22 08:00:00,-3.609736733333333,-1.9358327833333335,,
2024-09-22 08:30:00,-7.366686783333333,-10.215338766666669,,
2024-09-22 09:00:00,-21.868320983333334,-26.1425291,,
2024-09-22 09:30:00,-37.6428978,-41.53212223333333,,
2024-09-22 10:00:00,-61.1370389,-68.64215316666667,,
2024-09-22 10:30:00,-72.29091515,-90.00864226666666,,
2024-09-22 11:00:00,-82.82007561666667,-95.24391615,,
2024-09-22 11:30:00,-85.13080661666667,-111.19765876666668,,
2024-09-22 12:00:00,-107.44520153333332,-124.08987283333332,,
2024-09-22 12:30:00,-127.9069338,-129.4775633,,
2024-09-22 13:00:00,-130.89731706666666,-130.36368068333334,,
2024-09-22 13:30:00,-142.8708071,-122.03609721666668,,
2024-09-22 14:00:00,-132.70452550000002,-112.47953391666664,,
2024-09-22 14:30:00,-137.65385446666667,-103.590285,,
2024-09-22 15:00:00,-113.93002053333332,-84.40238123333334,,
2024-09-22 15:30:00,-86.94038230000001,-65.97467998333333,,
2024-09-22 16:00:00,-54.59136225,-41.17658946666666,,
2024-09-22 16:30:00,-27.620773266666664,-22.811367716666663,,
2024-09-22 17:00:00,-7.014208783333333,-6.64995275,,
2024-09-22 17:30:00,-2.5935366666666666,2.7898406333333328,,
2024-09-22 18:00:00,7.280948849999999,9.6027629,,
2024-09-22 18:30:00,4.705019466666667,11.45099225,,
2024-09-22 19:00:00,4.2744944333333335,13.175167116666666,,
2024-09-22 19:30:00,10.88064555,9.109993883333331,,
2024-09-22 20:00:00,13.14996565,13.510854516666669,,
2024-09-22 20:30:00,16.026777283333335,19.168167383333333,,
2024-09-22 21:00:00,16.9529244,21.703476716666668,,
2024-09-22 21:30:00,18.11873016666667,21.308962750000003,,
2024-09-22 22:00:00,18.16539148333333,21.77263995,,
2024-09-22 22:30:00,18.328958316666668,21.90568118333333,,
2024-09-22 23:00:00,18.87738268333333,24.228432916666662,,
2024-09-22 23:30:00,23.3800433,26.228387216666665,,
2024-09-23 00:00:00,22.6180261,22.75151673333333,,
2024-09-23 00:30:00,22.20169343333333,21.54033825,,
2024-09-23 01:00:00,25.4181988,25.397225566666663,,
2024-09-23 01:30:00,23.5680079,21.346578750000003,,
2024-09-23 02:00:00,22.34095845,21.40233605,,
2024-09-23 02:30:00,26.94557055,27.47247556666667,,
2024-09-23 03:00:00,23.0918106,23.19076545,,
2024-09-23 03:30:00,24.671487716666665,22.56092395,,
2024-09-23 04:00:00,21.0883754,22.54116385,,
2024-09-23 04:30:00,16.6966501,22.2549449,,
2024-09-23 05:00:00,19.37894268333333,23.23060783333333,,
2024-09-23 05:30:00,23.149282916666667,23.838326716666668,,
2024-09-23 06:00:00,19.129119416666665,15.590535566666668,,
2024-09-23 06:30:00,13.932754966666666,13.8242684,,
2024-09-23 07:00:00,11.998683333333332,9.191528966666668,,
2024-09-23 07:30:00,9.7494706,4.859270550000001,,
2024-09-23 08:00:00,-2.678705516666667,-3.609736733333333,,
2024-09-23 08:30:00,-23.372880616666663,-7.366686783333333,,
2024-09-23 09:00:00,-44.96423388333333,-21.868320983333334,,
2024-09-23 09:30:00,-62.92281391666666,-37.6428978,,
2024-09-23 10:00:00,-77.80993716666667,-61.1370389,,
2024-09-23 10:30:00,-93.91539333333333,-72.29091515,,
2024-09-23 11:00:00,-116.93381878333334,-82.82007561666667,,
2024-09-23 11:30:00,-136.04241113333333,-85.13080661666667,,
2024-09-23 12:00:00,-138.87681001666667,-107.44520153333332,,
2024-09-23 12:30:00,-138.11266553333334,-127.9069338,,
2024-09-23 13:00:00,-142.09797998333332,-130.89731706666666,,
2024-09-23 13:30:00,-135.6062615333333,-142.8708071,,
2024-09-23 14:00:00,-126.01305046666666,-132.70452550000002,,
2024-09-23 14:30:00,-113.51033613333334,-137.65385446666667,,
2024-09-23 15:00:00,-96.72311111666666,-113.93002053333332,,
2024-09-23 15:30:00,-74.6452818,-86.94038230000001,,
2024-09-23 16:00:00,-55.93509228333334,-54.59136225,,
2024-09-23 16:30:00,-30.674721016666663,-27.620773266666664,,
2024-09-23 17:00:00,-11.509529983333332,-7.014208783333333,,
2024-09-23 17:30:00,-3.774266666666667,-2.5935366666666666,,
2024-09-23 18:00:00,-6.651670499999999,7.280948849999999,,
2024-09-23 18:30:00,-2.044209383333333,4.705019466666667,,
2024-09-23 19:00:00,4.586525600000001,4.2744944333333335,,
2024-09-23 19:30:00,10.4065445,10.88064555,,
2024-09-23 20:00:00,14.442057816666669,13.14996565,,
2024-09-23 20:30:00,14.670927233333332,16.026777283333335,,
2024-09-23 21:00:00,17.13403875,16.9529244,,
2024-09-23 21:30:00,15.732522783333332,18.11873016666667,,
2024-09-23 22:00:00,16.042427916666664,18.16539148333333,,
2024-09-23 22:30:00,18.9822505,18.328958316666668,,
2024-09-23 23:00:00,20.135261566666667,18.87738268333333,,
2024-09-23 23:30:00,23.458717116666666,23.3800433,,
2024-09-24 00:00:00,23.85964575,22.6180261,,
2024-09-24 00:30:00,21.11740885,22.20169343333333,,
2024-09-24 01:00:00,18.792208966666667,25.4181988,,
2024-09-24 01:30:00,16.919071716666668,23.5680079,,
2024-09-24 02:00:00,17.5351987,22.34095845,,
2024-09-24 02:30:00,21.80258275,26.94557055,,
2024-09-24 03:00:00,21.689711216666662,23.0918106,,
2024-09-24 03:30:00,21.37385553333333,24.671487716666665,,
2024-09-24 04:00:00,21.90324728333333,21.0883754,,
2024-09-24 04:30:00,24.43084778333333,16.6966501,,
2024-09-24 05:00:00,25.4456553,19.37894268333333,,
2024-09-24 05:30:00,28.501813366666667,23.149282916666667,,
2024-09-24 06:00:00,20.28854278333333,19.129119416666665,,
2024-09-24 06:30:00,16.789271533333334,13.932754966666666,,
2024-09-24 07:00:00,9.523581716666667,11.998683333333332,,
2024-09-24 07:30:00,4.86417285,9.7494706,,
2024-09-24 08:00:00,4.423146099999999,-2.678705516666667,,
2024-09-24 08:30:00,-17.196223816666667,-23.372880616666663,,
2024-09-24 09:00:00,-32.16257731666667,-44.96423388333333,,
2024-09-24 09:30:00,-36.11598096666666,-62.92281391666666,,
2024-09-24 10:00:00,-45.93584048333333,-77.80993716666667,,
2024-09-24 10:30:00,-50.25144220000001,-93.91539333333333,,
2024-09-24 11:00:00,-64.07819571666667,-116.93381878333334,,
2024-09-24 11:30:00,-80.77680445,-136.04241113333333,,
2024-09-24 12:00:00,-106.31980221666667,-138.87681001666667,,
2024-09-24 12:30:00,-110.02356985,-138.11266553333334,,
2024-09-24 13:00:00,-120.70637413333333,-142.09797998333332,,
2024-09-24 13:30:00,-119.91872293333334,-135.6062615333333,,
2024-09-24 14:00:00,-110.63126106666664,-126.01305046666666,,
2024-09-24 14:30:00,-79.6226605,-113.51033613333334,,
2024-09-24 15:00:00,-56.60189941666667,-96.72311111666666,,
2024-09-24 15:30:00,-45.55851221666666,-74.6452818,,
2024-09-24 16:00:00,-31.58983615,-55.93509228333334,,
2024-09-24 16:30:00,-8.478616566666666,-30.674721016666663,,
2024-09-24 17:00:00,-5.283671183333333,-11.509529983333332,,
2024-09-24 17:30:00,-3.2032296499999995,-3.774266666666667,,
2024-09-24 18:00:00,-2.320724016666667,-6.651670499999999,,
2024-09-24 18:30:00,-0.220318966666667,-2.044209383333333,,
2024-09-24 19:00:00,9.526923383333331,4.586525600000001,,
2024-09-24 19:30:00,12.342399933333333,10.4065445,,
2024-09-24 20:00:00,13.1354101,14.442057816666669,,
2024-09-24 20:30:00,12.371542616666668,14.670927233333332,,
2024-09-24 21:00:00,15.592862166666668,17.13403875,,
2024-09-24 21:30:00,17.401299416666667,15.732522783333332,,
2024-09-24 22:00:00,14.372582216666666,16.042427916666664,,
2024-09-24 22:30:00,14.833728966666667,18.9822505,,
2024-09-24 23:00:00,14.040249866666665,20.135261566666667,,
2024-09-24 23:30:00,15.516295466666667,23.458717116666666,,
2024-09-25 00:00:00,17.461369533333333,23.85964575,,
2024-09-25 00:30:00,18.019926016666663,21.11740885,,
2024-09-25 01:00:00,19.7122022,18.792208966666667,,
2024-09-25 01:30:00,15.572495600000002,16.919071716666668,,
2024-09-25 02:00:00,16.701073933333333,17.5351987,,
2024-09-25 02:30:00,20.352014916666665,21.80258275,,
2024-09-25 03:00:00,16.691484400000004,21.689711216666662,,
2024-09-25 03:30:00,16.92627105,21.37385553333333,,
2024-09-25 04:00:00,17.0431426,21.90324728333333,,
2024-09-25 04:30:00,17.926659516666668,24.43084778333333,,
2024-09-25 05:00:00,18.566557716666665,25.4456553,,
2024-09-25 05:30:00,19.705918933333333,28.501813366666667,,
2024-09-25 06:00:00,16.696767133333335,20.28854278333333,,
2024-09-25 06:30:00,13.989609433333332,16.789271533333334,,
2024-09-25 07:00:00,15.46897385,9.523581716666667,,
2024-09-25 07:30:00,15.241363966666666,4.86417285,,
2024-09-25 08:00:00,8.872082333333333,4.423146099999999,,
2024-09-25 08:30:00,7.188913333333333,-17.196223816666667,,
2024-09-25 09:00:00,-13.3457944,-32.16257731666667,,
2024-09-25 09:30:00,-11.354830116666667,-36.11598096666666,,
2024-09-25 10:00:00,-20.38845818333333,-45.93584048333333,,
2024-09-25 10:30:00,-31.789575016666664,-50.25144220000001,,
2024-09-25 11:00:00,-46.18361725,-64.07819571666667,,
2024-09-25 11:30:00,-57.920479916666665,-80.77680445,,
2024-09-25 12:00:00,-66.2724968,-106.31980221666667,,
2024-09-25 12:30:00,-74.898416,-110.02356985,,
2024-09-25 13:00:00,-58.0199545,-120.70637413333333,,
2024-09-25 13:30:00,-49.8318966,-119.91872293333334,,
2024-09-25 14:00:00,-54.86393723333333,-110.63126106666664,,
2024-09-25 14:30:00,-42.97120435,-79.6226605,,
2024-09-25 15:00:00,-32.2950423,-56.60189941666667,,
2024-09-25 15:30:00,-29.32165755,-45.55851221666666,,
2024-09-25 16:00:00,-26.15278616666667,-31.58983615,,
2024-09-25 16:30:00,-12.543371066666666,-8.478616566666666,,
2024-09-25 17:00:00,-6.431442816666667,-5.283671183333333,,
2024-09-25 17:30:00,0.0608839166666664,-3.2032296499999995,,
2024-09-25 18:00:00,18.111670616666668,-2.320724016666667,,
2024-09-25 18:30:00,21.311072816666663,-0.220318966666667,,
2024-09-25 19:00:00,27.971252866666664,9.526923383333331,,
2024-09-25 19:30:00,31.4750217,12.342399933333333,,
2024-09-25 20:00:00,29.878231016666664,13.1354101,,
2024-09-25 20:30:00,43.48805113333333,12.371542616666668,,
2024-09-25 21:00:00,36.40356833333333,15.592862166666668,,
2024-09-25 21:30:00,37.19898341666666,17.401299416666667,,
2024-09-25 22:00:00,37.91175223333333,14.372582216666666,,
2024-09-25 22:30:00,28.23301555,14.833728966666667,,
2024-09-25 23:00:00,20.8611478,14.040249866666665,,
2024-09-25 23:30:00,20.15534505,15.516295466666667,,
2024-09-26 00:00:00,24.2876607,17.461369533333333,,
2024-09-26 00:30:00,23.146921000000003,18.019926016666663,,
2024-09-26 01:00:00,23.531307366666667,19.7122022,,
2024-09-26 01:30:00,21.09239506666667,15.572495600000002,,
2024-09-26 02:00:00,18.005592833333335,16.701073933333333,,
2024-09-26 02:30:00,23.041682716666667,20.352014916666665,,
2024-09-26 03:00:00,23.163062883333332,16.691484400000004,,
2024-09-26 03:30:00,25.15276773333333,16.92627105,,
2024-09-26 04:00:00,24.5012834,17.0431426,,
2024-09-26 04:30:00,22.081866816666665,17.926659516666668,,
2024-09-26 05:00:00,21.45556675,18.566557716666665,,
2024-09-26 05:30:00,25.7761321,19.705918933333333,,
2024-09-26 06:00:00,24.32901501666667,16.696767133333335,,
2024-09-26 06:30:00,22.63678726666667,13.989609433333332,,
2024-09-26 07:00:00,19.33926285,15.46897385,,
2024-09-26 07:30:00,19.808128983333333,15.241363966666666,,
2024-09-26 08:00:00,8.677237116666667,8.872082333333333,,
2024-09-26 08:30:00,-5.78393545,7.188913333333333,,
2024-09-26 09:00:00,-19.36735563333333,-13.3457944,,
2024-09-26 09:30:00,-27.67317506666667,-11.354830116666667,,
2024-09-26 10:00:00,-40.292291166666665,-20.38845818333333,,
2024-09-26 10:30:00,-56.0073712,-31.789575016666664,,
2024-09-26 11:00:00,-70.15801384999999,-46.18361725,,
2024-09-26 11:30:00,-79.06579945,-57.920479916666665,,
2024-09-26 12:00:00,-90.0215394,-66.2724968,,
2024-09-26 12:30:00,-95.99443556666668,-74.898416,,
2024-09-26 13:00:00,-100.22875348333334,-58.0199545,,
2024-09-26 13:30:00,-93.40050003333334,-49.8318966,,
2024-09-26 14:00:00,-88.02893216666666,-54.86393723333333,,
2024-09-26 14:30:00,-73.72951891666666,-42.97120435,,
2024-09-26 15:00:00,-69.9121943,-32.2950423,,
2024-09-26 15:30:00,-60.9366542,-29.32165755,,
2024-09-26 16:00:00,-47.33840766666666,-26.15278616666667,,
2024-09-26 16:30:00,-19.95325118333333,-12.543371066666666,,
2024-09-26 17:00:00,-3.029288283333333,-6.431442816666667,,
2024-09-26 17:30:00,6.423950516666667,0.0608839166666664,,
2024-09-26 18:00:00,18.34817823333333,18.111670616666668,,
2024-09-26 18:30:00,26.20460728333333,21.311072816666663,,
2024-09-26 19:00:00,26.83476168333333,27.971252866666664,,
2024-09-26 19:30:00,22.653396566666668,31.4750217,,
2024-09-26 20:00:00,23.13758673333333,29.878231016666664,,
2024-09-26 20:30:00,22.40062268333333,43.48805113333333,,
2024-09-26 21:00:00,30.091879966666667,36.40356833333333,,
2024-09-26 21:30:00,31.059240016666667,37.19898341666666,,
2024-09-26 22:00:00,27.9732527,37.91175223333333,,
2024-09-26 22:30:00,31.79560668333333,28.23301555,,
2024-09-26 23:00:00,29.170446166666665,20.8611478,,
2024-09-26 23:30:00,28.620465,20.15534505,,
2024-09-27 00:00:00,28.13105338333333,24.2876607,,
2024-09-27 00:30:00,28.17108041666667,23.146921000000003,,
2024-09-27 01:00:00,25.920747266666663,23.531307366666667,,
2024-09-27 01:30:00,25.50607655,21.09239506666667,,
2024-09-27 02:00:00,21.3350977,18.005592833333335,,
2024-09-27 02:30:00,24.791946166666666,23.041682716666667,,
2024-09-27 03:00:00,23.75917391666667,23.163062883333332,,
2024-09-27 03:30:00,23.2353489,25.15276773333333,,
2024-09-27 04:00:00,26.5498418,24.5012834,,
2024-09-27 04:30:00,25.18359495,22.081866816666665,,
2024-09-27 05:00:00,21.173163866666663,21.45556675,,
2024-09-27 05:30:00,24.82050335,25.7761321,,
2024-09-27 06:00:00,26.698325666666666,24.32901501666667,,
2024-09-27 06:30:00,20.29709565,22.63678726666667,,
2024-09-27 07:00:00,15.423921733333335,19.33926285,,
2024-09-27 07:30:00,6.437976683333333,19.808128983333333,,
2024-09-27 08:00:00,-2.374591516666667,8.677237116666667,,
2024-09-27 08:30:00,-17.576402783333332,-5.78393545,,
2024-09-27 09:00:00,-34.88206885,-19.36735563333333,,
2024-09-27 09:30:00,-55.22566178333333,-27.67317506666667,,
2024-09-27 10:00:00,-81.08324121666668,-40.292291166666665,,
2024-09-27 10:30:00,-91.37822726666668,-56.0073712,,
2024-09-27 11:00:00,-98.1232354,-70.15801384999999,,
2024-09-27 11:30:00,-105.2340761,-79.06579945,,
2024-09-27 12:00:00,-125.93186051666667,-90.0215394,,
2024-09-27 12:30:00,-133.55203228333332,-95.99443556666668,,
2024-09-27 13:00:00,-140.88384766666667,-100.22875348333334,,
2024-09-27 13:30:00,-143.8537033,-93.40050003333334,,
2024-09-27 14:00:00,-137.86585125,-88.02893216666666,,
2024-09-27 14:30:00,-123.52904888333336,-73.72951891666666,,
2024-09-27 15:00:00,-102.78640495,-69.9121943,,
2024-09-27 15:30:00,-85.10130163333334,-60.9366542,,
2024-09-27 16:00:00,-60.24886598333333,-47.33840766666666,,
2024-09-27 16:30:00,-34.21547775,-19.95325118333333,,
2024-09-27 17:00:00,-12.826179416666667,-3.029288283333333,,
2024-09-27 17:30:00,-1.2602105666666668,6.423950516666667,,
2024-09-27 18:00:00,5.368913383333333,18.34817823333333,,
2024-09-27 18:30:00,12.986984483333336,26.20460728333333,,
2024-09-27 19:00:00,13.651250666666668,26.83476168333333,,
2024-09-27 19:30:00,16.0517,22.653396566666668,,
2024-09-27 20:00:00,20.168431716666667,23.13758673333333,,
2024-09-27 20:30:00,20.97737945,22.40062268333333,,
2024-09-27 21:00:00,22.393258366666668,30.091879966666667,,
2024-09-27 21:30:00,20.96510333333333,31.059240016666667,,
2024-09-27 22:00:00,25.58255671666667,27.9732527,,
2024-09-27 22:30:00,26.187985466666664,31.79560668333333,,
2024-09-27 23:00:00,24.31540735,29.170446166666665,,
2024-09-27 23:30:00,28.6308134,28.620465,,
2024-09-28 00:00:00,27.19041663333333,28.13105338333333,,
2024-09-28 00:30:00,29.977262683333333,28.17108041666667,,
2024-09-28 01:00:00,27.228187183333333,25.920747266666663,,
2024-09-28 01:30:00,21.987432233333333,25.50607655,,
2024-09-28 02:00:00,21.82471,21.3350977,,
2024-09-28 02:30:00,22.04629771666667,24.791946166666666,,
2024-09-28 03:00:00,24.00308775,23.75917391666667,,
2024-09-28 03:30:00,20.76130385,23.2353489,,
2024-09-28 04:00:00,22.12212668333333,26.5498418,,
2024-09-28 04:30:00,23.814660466666663,25.18359495,,
2024-09-28 05:00:00,27.006767766666663,21.173163866666663,,
2024-09-28 05:30:00,27.06897715,24.82050335,,
2024-09-28 06:00:00,19.062461,26.698325666666666,,
2024-09-28 06:30:00,13.829333183333333,20.29709565,,
2024-09-28 07:00:00,12.191908833333336,15.423921733333335,,
2024-09-28 07:30:00,12.853452683333332,6.437976683333333,,
2024-09-28 08:00:00,-3.2411072000000005,-2.374591516666667,,
2024-09-28 08:30:00,-12.79104335,-17.576402783333332,,
2024-09-28 09:00:00,-26.662928816666668,-34.88206885,,
2024-09-28 09:30:00,-46.0683249,-55.22566178333333,,
2024-09-28 10:00:00,-61.50828149999999,-81.08324121666668,,
2024-09-28 10:30:00,-66.66796448333334,-91.37822726666668,,
2024-09-28 11:00:00,-77.73014386666667,-98.1232354,,
2024-09-28 11:30:00,-98.10890778333334,-105.2340761,,
2024-09-28 12:00:00,-105.34030108333332,-125.93186051666667,,
2024-09-28 12:30:00,-125.11573371666668,-133.55203228333332,,
2024-09-28 13:00:00,-129.90698331666667,-140.88384766666667,,
2024-09-28 13:30:00,-132.34521008333334,-143.8537033,,
2024-09-28 14:00:00,-129.19983996666667,-137.86585125,,
2024-09-28 14:30:00,-104.06181953333332,-123.52904888333336,,
2024-09-28 15:00:00,-84.20081333333333,-102.78640495,,
2024-09-28 15:30:00,-63.64787341666667,-85.10130163333334,,
2024-09-28 16:00:00,-35.36320558333333,-60.24886598333333,,
2024-09-28 16:30:00,-16.8340356,-34.21547775,,
2024-09-28 17:00:00,-3.077331683333333,-12.826179416666667,,
2024-09-28 17:30:00,-0.1913300999999996,-1.2602105666666668,,
2024-09-28 18:00:00,3.682950533333333,5.368913383333333,,
2024-09-28 18:30:00,9.165820733333334,12.986984483333336,,
2024-09-28 19:00:00,12.422658283333334,13.651250666666668,,
2024-09-28 19:30:00,15.782940966666668,16.0517,,
2024-09-28 20:00:00,18.15446438333333,20.168431716666667,,
2024-09-28 20:30:00,17.103048266666665,20.97737945,,
2024-09-28 21:00:00,14.575155616666668,22.393258366666668,,
2024-09-28 21:30:00,17.2106722,20.96510333333333,,
2024-09-28 22:00:00,14.398961133333332,25.58255671666667,,
2024-09-28 22:30:00,13.4110589,26.187985466666664,,
2024-09-28 23:00:00,14.541045466666668,24.31540735,,
2024-09-28 23:30:00,16.172789466666668,28.6308134,,
2024-09-29 00:00:00,20.6574807,27.19041663333333,,
2024-09-29 00:30:00,20.521023983333333,29.977262683333333,,
2024-09-29 01:00:00,19.52137783333333,27.228187183333333,,
2024-09-29 01:30:00,20.619106516666665,21.987432233333333,,
2024-09-29 02:00:00,17.598566066666667,21.82471,,
2024-09-29 02:30:00,17.23049058333333,22.04629771666667,,
2024-09-29 03:00:00,17.532207833333334,24.00308775,,
2024-09-29 03:30:00,19.25827485,20.76130385,,
2024-09-29 04:00:00,20.990069916666663,22.12212668333333,,
2024-09-29 04:30:00,20.566923966666668,23.814660466666663,,
2024-09-29 05:00:00,18.217893433333334,27.006767766666663,,
2024-09-29 05:30:00,17.42406276666667,27.06897715,,
2024-09-29 06:00:00,11.154723333333337,19.062461,,
2024-09-29 06:30:00,11.1954227,13.829333183333333,,
2024-09-29 07:00:00,13.590712683333336,12.191908833333336,,
2024-09-29 07:30:00,13.19123375,12.853452683333332,,
2024-09-29 08:00:00,9.425974466666666,-3.2411072000000005,,
2024-09-29 08:30:00,11.466002833333334,-12.79104335,,
2024-09-29 09:00:00,-8.488340083333334,-26.662928816666668,,
2024-09-29 09:30:00,-30.975645616666668,-46.0683249,,
2024-09-29 10:00:00,-46.85773501666667,-61.50828149999999,,
2024-09-29 10:30:00,-53.47245955,-66.66796448333334,,
2024-09-29 11:00:00,-54.20981553333333,-77.73014386666667,,
2024-09-29 11:30:00,-64.14348545,-98.10890778333334,,
2024-09-29 12:00:00,-71.94227223333333,-105.34030108333332,,
2024-09-29 12:30:00,-97.16971343333334,-125.11573371666668,,
2024-09-29 13:00:00,-100.51808551666666,-129.90698331666667,,
2024-09-29 13:30:00,-87.63521288333334,-132.34521008333334,,
2024-09-29 14:00:00,-82.32098171666667,-129.19983996666667,,
2024-09-29 14:30:00,-82.91694673333333,-104.06181953333332,,
2024-09-29 15:00:00,-85.81034713333334,-84.20081333333333,,
2024-09-29 15:30:00,-71.58483378333334,-63.64787341666667,,
2024-09-29 16:00:00,-51.87116225,-35.36320558333333,,
2024-09-29 16:30:00,-32.91541275,-16.8340356,,
2024-09-29 17:00:00,-19.173940116666667,-3.077331683333333,,
2024-09-29 17:30:00,-9.0357737,-0.1913300999999996,,
2024-09-29 18:00:00,0.7380972666666662,3.682950533333333,,
2024-09-29 18:30:00,9.8997522,9.165820733333334,,
2024-09-29 19:00:00,12.55345175,12.422658283333334,,
2024-09-29 19:30:00,12.967671833333334,15.782940966666668,,
2024-09-29 20:00:00,18.847569566666667,18.15446438333333,,
2024-09-29 20:30:00,22.1929993,17.103048266666665,,
2024-09-29 21:00:00,19.23861438333333,14.575155616666668,,
2024-09-29 21:30:00,19.09245885,17.2106722,,
2024-09-29 22:00:00,19.70754955,14.398961133333332,,
2024-09-29 22:30:00,20.79441051666667,13.4110589,,
2024-09-29 23:00:00,22.75105333333333,14.541045466666668,,
2024-09-29 23:30:00,21.031541116666663,16.172789466666668,,
2024-09-30 00:00:00,24.56106063333333,20.6574807,,
2024-09-30 00:30:00,26.270618866666663,20.521023983333333,,
2024-09-30 01:00:00,27.2094846,19.52137783333333,,
2024-09-30 01:30:00,21.292583116666663,20.619106516666665,,
2024-09-30 02:00:00,21.559881633333333,17.598566066666667,,
2024-09-30 02:30:00,21.19046165,17.23049058333333,,
2024-09-30 03:00:00,19.630290533333334,17.532207833333334,,
2024-09-30 03:30:00,20.60837606666667,19.25827485,,
2024-09-30 04:00:00,22.132038833333336,20.990069916666663,,
2024-09-30 04:30:00,25.26516158333333,20.566923966666668,,
2024-09-30 05:00:00,27.93882825,18.217893433333334,,
2024-09-30 05:30:00,31.718361266666665,17.42406276666667,,
2024-09-30 06:00:00,24.917504933333333,11.154723333333337,,
2024-09-30 06:30:00,18.70349635,11.1954227,,
2024-09-30 07:00:00,16.890023966666664,13.590712683333336,,
2024-09-30 07:30:00,9.415324383333331,13.19123375,,
2024-09-30 08:00:00,-6.2779961166666665,9.425974466666666,,
2024-09-30 08:30:00,-22.3816944,11.466002833333334,,
2024-09-30 09:00:00,-49.84953938333334,-8.488340083333334,,
2024-09-30 09:30:00,-56.62716326666666,-30.975645616666668,,
2024-09-30 10:00:00,-65.5967556,-46.85773501666667,,
2024-09-30 10:30:00,-86.2047584,-53.47245955,,
2024-09-30 11:00:00,-90.4558685,-54.20981553333333,,
2024-09-30 11:30:00,-100.67310055,-64.14348545,,
2024-09-30 12:00:00,-111.48534563333334,-71.94227223333333,,
2024-09-30 12:30:00,-118.385403,-97.16971343333334,,
2024-09-30 13:00:00,-131.79983328333333,-100.51808551666666,,
2024-09-30 13:30:00,-120.70893495,-87.63521288333334,,
2024-09-30 14:00:00,-120.01970745,-82.32098171666667,,
2024-09-30 14:30:00,-115.21052558333334,-82.91694673333333,,
2024-09-30 15:00:00,-116.52215543333334,-85.81034713333334,,
2024-09-30 15:30:00,-93.89548483333331,-71.58483378333334,,
2024-09-30 16:00:00,-63.73053993333334,-51.87116225,,
2024-09-30 16:30:00,-44.05043716666666,-32.91541275,,
2024-09-30 17:00:00,-20.820861633333333,-19.173940116666667,,
2024-09-30 17:30:00,-8.714545516666666,-9.0357737,,
2024-09-30 18:00:00,-0.9309642499999998,0.7380972666666662,,
2024-09-30 18:30:00,6.93861995,9.8997522,,
2024-09-30 19:00:00,10.957831516666667,12.55345175,,
2024-09-30 19:30:00,7.314049499999999,12.967671833333334,,
2024-09-30 20:00:00,11.754123883333332,18.847569566666667,,
2024-09-30 20:30:00,16.0528156,22.1929993,,
2024-09-30 21:00:00,17.651758349999998,19.23861438333333,,
2024-09-30 21:30:00,15.397947733333334,19.09245885,,
2024-09-30 22:00:00,18.771261733333333,19.70754955,,
2024-09-30 22:30:00,14.3463849,20.79441051666667,,
2024-09-30 23:00:00,15.0412412,22.75105333333333,,
2024-09-30 23:30:00,14.074404016666668,21.031541116666663,,
2024-10-01 00:00:00,18.75106943333333,24.56106063333333,,
2024-10-01 00:30:00,19.43874333333333,26.270618866666663,,
2024-10-01 01:00:00,21.415310516666665,27.2094846,,
2024-10-01 01:30:00,21.42873821666667,21.292583116666663,,
2024-10-01 02:00:00,22.90273875,21.559881633333333,,
2024-10-01 02:30:00,20.115962866666667,21.19046165,,
2024-10-01 03:00:00,20.736539966666665,19.630290533333334,,
2024-10-01 03:30:00,21.46110655,20.60837606666667,,
2024-10-01 04:00:00,20.942004516666668,22.132038833333336,,
2024-10-01 04:30:00,22.131600016666667,25.26516158333333,,
2024-10-01 05:00:00,24.86880228333333,27.93882825,,
2024-10-01 05:30:00,26.94046548333333,31.718361266666665,,
2024-10-01 06:00:00,13.448163933333332,24.917504933333333,,
2024-10-01 06:30:00,10.136811516666668,18.70349635,,
2024-10-01 07:00:00,6.9760311,16.890023966666664,,
2024-10-01 07:30:00,7.837317016666667,9.415324383333331,,
2024-10-01 08:00:00,-5.101646483333333,-6.2779961166666665,,
2024-10-01 08:30:00,-20.48472561666667,-22.3816944,,
2024-10-01 09:00:00,-39.8696428,-49.84953938333334,,
2024-10-01 09:30:00,-57.82726386666667,-56.62716326666666,,
2024-10-01 10:00:00,-69.52442825,-65.5967556,,
2024-10-01 10:30:00,-77.85750605,-86.2047584,,
2024-10-01 11:00:00,-105.84705668333334,-90.4558685,,
2024-10-01 11:30:00,-127.52011548333331,-100.67310055,,
2024-10-01 12:00:00,-135.72840938333334,-111.48534563333334,,
2024-10-01 12:30:00,-144.80522061666667,-118.385403,,
2024-10-01 13:00:00,-153.81504066666668,-131.79983328333333,,
2024-10-01 13:30:00,-158.57137773333332,-120.70893495,,
2024-10-01 14:00:00,-152.97658176666667,-120.01970745,,
2024-10-01 14:30:00,-147.84160168333332,-115.21052558333334,,
2024-10-01 15:00:00,-129.12465938333332,-116.52215543333334,,
2024-10-01 15:30:00,-101.19931008333332,-93.89548483333331,,
2024-10-01 16:00:00,-76.63150835,-63.73053993333334,,
2024-10-01 16:30:00,-45.94682775,-44.05043716666666,,
2024-10-01 17:00:00,-20.145849416666668,-20.820861633333333,,
2024-10-01 17:30:00,-9.892187166666666,-8.714545516666666,,
2024-10-01 18:00:00,-2.326300416666667,-0.9309642499999998,,
2024-10-01 18:30:00,7.0996749333333335,6.93861995,,
2024-10-01 19:00:00,9.8390234,10.957831516666667,,
2024-10-01 19:30:00,12.973675533333331,7.314049499999999,,
2024-10-01 20:00:00,12.841301133333332,11.754123883333332,,
2024-10-01 20:30:00,15.548791183333334,16.0528156,,
2024-10-01 21:00:00,17.532028366666665,17.651758349999998,,
2024-10-01 21:30:00,19.21970665,15.397947733333334,,
2024-10-01 22:00:00,19.736631216666662,18.771261733333333,,
2024-10-01 22:30:00,24.1798722,14.3463849,,
2024-10-01 23:00:00,22.11235345,15.0412412,,
2024-10-01 23:30:00,20.82557223333333,14.074404016666668,,
2024-10-02 00:00:00,23.05333783333333,18.75106943333333,,
2024-10-02 00:30:00,21.11894285,19.43874333333333,,
2024-10-02 01:00:00,20.748389366666668,21.415310516666665,,
2024-10-02 01:30:00,19.854343733333334,21.42873821666667,,
2024-10-02 02:00:00,20.192525983333336,22.90273875,,
2024-10-02 02:30:00,19.79569508333333,20.115962866666667,,
2024-10-02 03:00:00,19.8388289,20.736539966666665,,
2024-10-02 03:30:00,20.85975553333333,21.46110655,,
2024-10-02 04:00:00,21.75121341666667,20.942004516666668,,
2024-10-02 04:30:00,22.901864916666668,22.131600016666667,,
2024-10-02 05:00:00,27.300869866666662,24.86880228333333,,
2024-10-02 05:30:00,30.838621683333333,26.94046548333333,,
2024-10-02 06:00:00,16.9055582,13.448163933333332,,
2024-10-02 06:30:00,14.388061550000002,10.136811516666668,,
2024-10-02 07:00:00,14.965351583333332,6.9760311,,
2024-10-02 07:30:00,8.173779016666666,7.837317016666667,,
2024-10-02 08:00:00,-4.4680661666666674,-5.101646483333333,,
2024-10-02 08:30:00,-9.9800039,-20.48472561666667,,
2024-10-02 09:00:00,-32.621534966666665,-39.8696428,,
2024-10-02 09:30:00,-49.64615228333333,-57.82726386666667,,
2024-10-02 10:00:00,-74.49587563333333,-69.52442825,,
2024-10-02 10:30:00,-91.7990394,-77.85750605,,
2024-10-02 11:00:00,-95.66289005,-105.84705668333334,,
2024-10-02 11:30:00,-107.95236498333334,-127.52011548333331,,
2024-10-02 12:00:00,-117.40857386666666,-135.72840938333334,,
2024-10-02 12:30:00,-131.0689206333333,-144.80522061666667,,
2024-10-02 13:00:00,-144.9698943666667,-153.81504066666668,,
2024-10-02 13:30:00,-152.18703761666666,-158.57137773333332,,
2024-10-02 14:00:00,-150.18127393333336,-152.97658176666667,,
2024-10-02 14:30:00,-123.37522,-147.84160168333332,,
2024-10-02 15:00:00,-114.89916011666666,-129.12465938333332,,
2024-10-02 15:30:00,-98.98095223333333,-101.19931008333332,,
2024-10-02 16:00:00,-71.63431816666666,-76.63150835,,
2024-10-02 16:30:00,-44.35891266666667,-45.94682775,,
2024-10-02 17:00:00,-17.25681505,-20.145849416666668,,
2024-10-02 17:30:00,-0.8811706000000002,-9.892187166666666,,
2024-10-02 18:00:00,8.58281555,-2.326300416666667,,
2024-10-02 18:30:00,14.80379485,7.0996749333333335,,
2024-10-02 19:00:00,17.176304516666665,9.8390234,,
2024-10-02 19:30:00,20.2491617,12.973675533333331,,
2024-10-02 20:00:00,21.42947655,12.841301133333332,,
2024-10-02 20:30:00,22.614861716666667,15.548791183333334,,
2024-10-02 21:00:00,24.90795613333333,17.532028366666665,,
2024-10-02 21:30:00,26.860864433333333,19.21970665,,
2024-10-02 22:00:00,24.73254345,19.736631216666662,,
2024-10-02 22:30:00,19.73994103333333,24.1798722,,
2024-10-02 23:00:00,16.460481016666666,22.11235345,,
2024-10-02 23:30:00,14.9474121,20.82557223333333,,
2024-10-03 00:00:00,16.7054988,23.05333783333333,,
2024-10-03 00:30:00,17.288138900000003,21.11894285,,
2024-10-03 01:00:00,16.593106616666667,20.748389366666668,,
2024-10-03 01:30:00,16.97465551666667,19.854343733333334,,
2024-10-03 02:00:00,18.180669366666667,20.192525983333336,,
2024-10-03 02:30:00,17.285095533333333,19.79569508333333,,
2024-10-03 03:00:00,18.50509125,19.8388289,,
2024-10-03 03:30:00,18.90231695,20.85975553333333,,
2024-10-03 04:00:00,18.836568333333336,21.75121341666667,,
2024-10-03 04:30:00,21.596220966666667,22.901864916666668,,
2024-10-03 05:00:00,25.48680398333333,27.300869866666662,,
2024-10-03 05:30:00,27.09692893333333,30.838621683333333,,
2024-10-03 06:00:00,14.806549016666668,16.9055582,,
2024-10-03 06:30:00,8.813430016666667,14.388061550000002,,
2024-10-03 07:00:00,12.42646395,14.965351583333332,,
2024-10-03 07:30:00,5.033619966666667,8.173779016666666,,
2024-10-03 08:00:00,-12.858941083333336,-4.4680661666666674,,
2024-10-03 08:30:00,-28.018756766666662,-9.9800039,,
2024-10-03 09:00:00,-55.01190551666667,-32.621534966666665,,
2024-10-03 09:30:00,-76.0474572,-49.64615228333333,,
2024-10-03 10:00:00,-98.1828789,-74.49587563333333,,
2024-10-03 10:30:00,-107.47571613333334,-91.7990394,,
2024-10-03 11:00:00,-108.83876721666668,-95.66289005,,
2024-10-03 11:30:00,-123.7525628,-107.95236498333334,,
2024-10-03 12:00:00,-131.64996714999998,-117.40857386666666,,
2024-10-03 12:30:00,-148.10896111666668,-131.0689206333333,,
2024-10-03 13:00:00,-154.05233843333335,-144.9698943666667,,
2024-10-03 13:30:00,-147.9965543666667,-152.18703761666666,,
2024-10-03 14:00:00,-126.28557281666669,-150.18127393333336,,
2024-10-03 14:30:00,-117.48281613333334,-123.37522,,
2024-10-03 15:00:00,-93.94479053333332,-114.89916011666666,,
2024-10-03 15:30:00,-76.90680161666667,-98.98095223333333,,
2024-10-03 16:00:00,-55.67239441666666,-71.63431816666666,,
2024-10-03 16:30:00,-21.38281555,-44.35891266666667,,
2024-10-03 17:00:00,-5.940905566666667,-17.25681505,,
2024-10-03 17:30:00,4.878742766666667,-0.8811706000000002,,
2024-10-03 18:00:00,4.453818216666666,8.58281555,,
2024-10-03 18:30:00,4.8316437500000005,14.80379485,,
2024-10-03 19:00:00,8.147603233333333,17.176304516666665,,
2024-10-03 19:30:00,10.000461266666669,20.2491617,,
2024-10-03 20:00:00,11.834935583333332,21.42947655,,
2024-10-03 20:30:00,10.623003283333333,22.614861716666667,,
2024-10-03 21:00:00,9.740243433333331,24.90795613333333,,
2024-10-03 21:30:00,12.193190983333333,26.860864433333333,,
2024-10-03 22:00:00,12.530440516666667,24.73254345,,
2024-10-03 22:30:00,14.7222274,19.73994103333333,,
2024-10-03 23:00:00,13.56589615,16.460481016666666,,
2024-10-03 23:30:00,14.2204121,14.9474121,,
2024-10-04 00:00:00,19.80749845,16.7054988,,
2024-10-04 00:30:00,18.43502038333333,17.288138900000003,,
2024-10-04 01:00:00,17.316077283333332,16.593106616666667,,
2024-10-04 01:30:00,16.668431616666666,16.97465551666667,,
2024-10-04 02:00:00,16.408441749999998,18.180669366666667,,
2024-10-04 02:30:00,18.72678888333333,17.285095533333333,,
2024-10-04 03:00:00,19.69060035,18.50509125,,
2024-10-04 03:30:00,18.85217773333333,18.90231695,,
2024-10-04 04:00:00,18.432056966666668,18.836568333333336,,
2024-10-04 04:30:00,19.48594338333333,21.596220966666667,,
2024-10-04 05:00:00,19.9528916,25.48680398333333,,
2024-10-04 05:30:00,18.37663385,27.09692893333333,,
2024-10-04 06:00:00,11.182184283333331,14.806549016666668,,
2024-10-04 06:30:00,8.6938817,8.813430016666667,,
2024-10-04 07:00:00,10.378240533333337,12.42646395,,
2024-10-04 07:30:00,8.037295583333332,5.033619966666667,,
2024-10-04 08:00:00,-7.713396083333333,-12.858941083333336,,
2024-10-04 08:30:00,-25.33078895,-28.018756766666662,,
2024-10-04 09:00:00,-50.551051050000005,-55.01190551666667,,
2024-10-04 09:30:00,-71.98968888333333,-76.0474572,,
2024-10-04 10:00:00,-84.91889606666666,-98.1828789,,
2024-10-04 10:30:00,-93.75191998333332,-107.47571613333334,,
2024-10-04 11:00:00,-100.9111949,-108.83876721666668,,
2024-10-04 11:30:00,-98.54569885,-123.7525628,,
2024-10-04 12:00:00,-106.04443043333332,-131.64996714999998,,
2024-10-04 12:30:00,-123.59302608333331,-148.10896111666668,,
2024-10-04 13:00:00,-127.28558443333334,-154.05233843333335,,
2024-10-04 13:30:00,-106.54953895,-147.9965543666667,,
2024-10-04 14:00:00,-100.62986616666666,-126.28557281666669,,
2024-10-04 14:30:00,-85.36653896666667,-117.48281613333334,,
2024-10-04 15:00:00,-88.82703613333332,-93.94479053333332,,
2024-10-04 15:30:00,-56.510831083333336,-76.90680161666667,,
2024-10-04 16:00:00,-41.85157388333334,-55.67239441666666,,
2024-10-04 16:30:00,-23.916411083333333,-21.38281555,,
2024-10-04 17:00:00,-15.11549265,-5.940905566666667,,
2024-10-04 17:30:00,-5.100720983333333,4.878742766666667,,
2024-10-04 18:00:00,4.605043733333333,4.453818216666666,,
2024-10-04 18:30:00,5.868344033333333,4.8316437500000005,,
2024-10-04 19:00:00,4.819500633333334,8.147603233333333,,
2024-10-04 19:30:00,7.251937049999999,10.000461266666669,,
2024-10-04 20:00:00,8.704661483333332,11.834935583333332,,
2024-10-04 20:30:00,12.0638006,10.623003283333333,,
2024-10-04 21:00:00,12.35318605,9.740243433333331,,
2024-10-04 21:30:00,11.230397833333331,12.193190983333333,,
2024-10-04 22:00:00,9.640078266666666,12.530440516666667,,
2024-10-04 22:30:00,8.01216515,14.7222274,,
2024-10-04 23:00:00,8.966550616666668,13.56589615,,
2024-10-04 23:30:00,11.327031066666663,14.2204121,,
2024-10-05 00:00:00,12.8864095,19.80749845,,
2024-10-05 00:30:00,15.42266645,18.43502038333333,,
2024-10-05 01:00:00,13.9205917,17.316077283333332,,
2024-10-05 01:30:00,14.67896885,16.668431616666666,,
2024-10-05 02:00:00,15.603629416666664,16.408441749999998,,
2024-10-05 02:30:00,17.864673983333333,18.72678888333333,,
2024-10-05 03:00:00,16.411532266666665,19.69060035,,
2024-10-05 03:30:00,16.616683966666667,18.85217773333333,,
2024-10-05 04:00:00,16.810107183333333,18.432056966666668,,
2024-10-05 04:30:00,16.834238833333334,19.48594338333333,,
2024-10-05 05:00:00,17.327213833333335,19.9528916,,
2024-10-05 05:30:00,16.59023231666667,18.37663385,,
2024-10-05 06:00:00,8.708895616666666,11.182184283333331,,
2024-10-05 06:30:00,4.412496066666667,8.6938817,,
2024-10-05 07:00:00,3.154718316666667,10.378240533333337,,
2024-10-05 07:30:00,0.1130799333333332,8.037295583333332,,
2024-10-05 08:00:00,-19.48726545,-7.713396083333333,,
2024-10-05 08:30:00,-37.28161893333333,-25.33078895,,
2024-10-05 09:00:00,-48.27826781666667,-50.551051050000005,,
2024-10-05 09:30:00,-58.31207171666667,-71.98968888333333,,
2024-10-05 10:00:00,-71.52946166666666,-84.91889606666666,,
2024-10-05 10:30:00,-80.08179168333334,-93.75191998333332,,
2024-10-05 11:00:00,-93.01145286666669,-100.9111949,,
2024-10-05 11:30:00,-106.90842623333332,-98.54569885,,
2024-10-05 12:00:00,-107.6013694,-106.04443043333332,,
2024-10-05 12:30:00,-112.69313718333336,-123.59302608333331,,
2024-10-05 13:00:00,-109.35300396666668,-127.28558443333334,,
2024-10-05 13:30:00,-111.049568,-106.54953895,,
2024-10-05 14:00:00,-85.11777838333333,-100.62986616666666,,
2024-10-05 14:30:00,-94.65542845,-85.36653896666667,,
2024-10-05 15:00:00,-90.95642373333334,-88.82703613333332,,
2024-10-05 15:30:00,-78.13857396666667,-56.510831083333336,,
2024-10-05 16:00:00,-54.90376878333333,-41.85157388333334,,
2024-10-05 16:30:00,-33.97978485,-23.916411083333333,,
2024-10-05 17:00:00,-17.408527233333334,-15.11549265,,
2024-10-05 17:30:00,-5.626345699999999,-5.100720983333333,,
2024-10-05 18:00:00,1.657511116666667,4.605043733333333,,
2024-10-05 18:30:00,4.524074883333333,5.868344033333333,,
2024-10-05 19:00:00,6.148075550000001,4.819500633333334,,
2024-10-05 19:30:00,7.518396016666666,7.251937049999999,,
2024-10-05 20:00:00,6.939738283333334,8.704661483333332,,
2024-10-05 20:30:00,8.767588883333334,12.0638006,,
2024-10-05 21:00:00,12.268133266666666,12.35318605,,
2024-10-05 21:30:00,17.967306683333334,11.230397833333331,,
2024-10-05 22:00:00,17.8012871,9.640078266666666,,
2024-10-05 22:30:00,21.875889933333337,8.01216515,,
2024-10-05 23:00:00,20.618871716666664,8.966550616666668,,
2024-10-05 23:30:00,17.218307883333335,11.327031066666663,,
2024-10-06 00:00:00,15.451744,12.8864095,,
2024-10-06 00:30:00,14.22510105,15.42266645,,
2024-10-06 01:00:00,16.167397133333335,13.9205917,,
2024-10-06 01:30:00,15.8193117,14.67896885,,
2024-10-06 02:00:00,18.135701166666667,15.603629416666664,,
2024-10-06 02:30:00,17.5067556,17.864673983333333,,
2024-10-06 03:00:00,20.6773244,16.411532266666665,,
2024-10-06 03:30:00,22.101186566666662,16.616683966666667,,
2024-10-06 04:00:00,18.054154383333334,16.810107183333333,,
2024-10-06 04:30:00,17.898569916666666,16.834238833333334,,
2024-10-06 05:00:00,19.06022988333333,17.327213833333335,,
2024-10-06 05:30:00,15.135221616666668,16.59023231666667,,
2024-10-06 06:00:00,11.039027116666666,8.708895616666666,,
2024-10-06 06:30:00,7.0529671333333335,4.412496066666667,,
2024-10-06 07:00:00,5.7759145,3.154718316666667,,
2024-10-06 07:30:00,-2.76988755,0.1130799333333332,,
2024-10-06 08:00:00,-13.033371699999998,-19.48726545,,
2024-10-06 08:30:00,-34.540986016666665,-37.28161893333333,,
2024-10-06 09:00:00,-39.94159888333333,-48.27826781666667,,
2024-10-06 09:30:00,-43.4546611,-58.31207171666667,,
2024-10-06 10:00:00,-55.57145545,-71.52946166666666,,
2024-10-06 10:30:00,-77.2458107,-80.08179168333334,,
2024-10-06 11:00:00,-103.9768961,-93.01145286666669,,
2024-10-06 11:30:00,-121.75461168333334,-106.90842623333332,,
2024-10-06 12:00:00,-128.2747337333333,-107.6013694,,
2024-10-06 12:30:00,-142.32586475000002,-112.69313718333336,,
2024-10-06 13:00:00,-134.60058331666667,-109.35300396666668,,
2024-10-06 13:30:00,-122.30571158333332,-111.049568,,
2024-10-06 14:00:00,-116.25740883333332,-85.11777838333333,,
2024-10-06 14:30:00,-115.4791412,-94.65542845,,
2024-10-06 15:00:00,-103.28666615,-90.95642373333334,,
2024-10-06 15:30:00,-81.26350331666667,-78.13857396666667,,
2024-10-06 16:00:00,-55.72599995,-54.90376878333333,,
2024-10-06 16:30:00,-38.99323205,-33.97978485,,
2024-10-06 17:00:00,-22.15005335,-17.408527233333334,,
2024-10-06 17:30:00,-6.777176099999999,-5.626345699999999,,
2024-10-06 18:00:00,-2.9552455166666665,1.657511116666667,,
2024-10-06 18:30:00,1.6919539833333337,4.524074883333333,,
2024-10-06 19:00:00,9.482800066666668,6.148075550000001,,
2024-10-06 19:30:00,11.425156566666669,7.518396016666666,,
2024-10-06 20:00:00,11.020141266666664,6.939738283333334,,
2024-10-06 20:30:00,10.227474483333332,8.767588883333334,,
2024-10-06 21:00:00,13.094378866666666,12.268133266666666,,
2024-10-06 21:30:00,11.204488500000002,17.967306683333334,,
2024-10-06 22:00:00,10.173732683333332,17.8012871,,
2024-10-06 22:30:00,8.931334916666666,21.875889933333337,,
2024-10-06 23:00:00,12.951503866666664,20.618871716666664,,
2024-10-06 23:30:00,20.481377916666663,17.218307883333335,,
2024-10-07 00:00:00,21.6683473,15.451744,,
2024-10-07 00:30:00,20.870828766666666,14.22510105,,
2024-10-07 01:00:00,20.3057333,16.167397133333335,,
2024-10-07 01:30:00,20.86974995,15.8193117,,
2024-10-07 02:00:00,15.7850595,18.135701166666667,,
2024-10-07 02:30:00,17.719839516666667,17.5067556,,
2024-10-07 03:00:00,14.7108078,20.6773244,,
2024-10-07 03:30:00,16.0544516,22.101186566666662,,
2024-10-07 04:00:00,14.698369483333332,18.054154383333334,,
2024-10-07 04:30:00,16.3069312,17.898569916666666,,
2024-10-07 05:00:00,18.80651441666667,19.06022988333333,,
2024-10-07 05:30:00,16.837917133333335,15.135221616666668,,
2024-10-07 06:00:00,14.211226116666666,11.039027116666666,,
2024-10-07 06:30:00,10.272372233333334,7.0529671333333335,,
2024-10-07 07:00:00,8.058697616666667,5.7759145,,
2024-10-07 07:30:00,3.634259983333333,-2.76988755,,
2024-10-07 08:00:00,-5.9858956,-13.033371699999998,,
2024-10-07 08:30:00,-21.71632405,-34.540986016666665,,
2024-10-07 09:00:00,-30.89034788333333,-39.94159888333333,,
2024-10-07 09:30:00,-45.18877606666666,-43.4546611,,
2024-10-07 10:00:00,-65.6982799,-55.57145545,,
2024-10-07 10:30:00,-84.08183618333334,-77.2458107,,
2024-10-07 11:00:00,-90.36901116666668,-103.9768961,,
2024-10-07 11:30:00,-107.00779941666669,-121.75461168333334,,
2024-10-07 12:00:00,-124.13534491666668,-128.2747337333333,,
2024-10-07 12:30:00,-139.12245556666667,-142.32586475000002,,
2024-10-07 13:00:00,-127.2036706,-134.60058331666667,,
2024-10-07 13:30:00,-121.84716623333333,-122.30571158333332,,
2024-10-07 14:00:00,-105.7709583,-116.25740883333332,,
2024-10-07 14:30:00,-87.9582506,-115.4791412,,
2024-10-07 15:00:00,-84.73635783333334,-103.28666615,,
2024-10-07 15:30:00,-70.87494663333332,-81.26350331666667,,
2024-10-07 16:00:00,-53.80671668333333,-55.72599995,,
2024-10-07 16:30:00,-32.046943899999995,-38.99323205,,
2024-10-07 17:00:00,-12.299811583333332,-22.15005335,,
2024-10-07 17:30:00,2.6672872999999995,-6.777176099999999,,
2024-10-07 18:00:00,5.907666066666667,-2.9552455166666665,,
2024-10-07 18:30:00,10.568883866666669,1.6919539833333337,,
2024-10-07 19:00:00,11.349276083333333,9.482800066666668,,
2024-10-07 19:30:00,12.43984495,11.425156566666669,,
2024-10-07 20:00:00,17.015446166666667,11.020141266666664,,
2024-10-07 20:30:00,18.644764966666667,10.227474483333332,,
2024-10-07 21:00:00,22.29771103333333,13.094378866666666,,
2024-10-07 21:30:00,18.5024556,11.204488500000002,,
2024-10-07 22:00:00,17.9947693,10.173732683333332,,
2024-10-07 22:30:00,20.189291066666662,8.931334916666666,,
2024-10-07 23:00:00,18.53520455,12.951503866666664,,
2024-10-07 23:30:00,21.76348108333333,20.481377916666663,,
2024-10-08 00:00:00,18.889335016666667,21.6683473,,
2024-10-08 00:30:00,20.43648853333333,20.870828766666666,,
2024-10-08 01:00:00,18.766947216666665,20.3057333,,
2024-10-08 01:30:00,21.126252216666668,20.86974995,,
2024-10-08 02:00:00,19.833158916666665,15.7850595,,
2024-10-08 02:30:00,22.99623395,17.719839516666667,,
2024-10-08 03:00:00,23.115236,14.7108078,,
2024-10-08 03:30:00,25.98802055,16.0544516,,
2024-10-08 04:00:00,27.3787371,14.698369483333332,,
2024-10-08 04:30:00,29.936507266666663,16.3069312,,
2024-10-08 05:00:00,26.30676893333333,18.80651441666667,,
2024-10-08 05:30:00,25.83751553333333,16.837917133333335,,
2024-10-08 06:00:00,20.282477166666663,14.211226116666666,,
2024-10-08 06:30:00,19.012542733333333,10.272372233333334,,
2024-10-08 07:00:00,18.87794621666667,8.058697616666667,,
2024-10-08 07:30:00,20.106120033333333,3.634259983333333,,
2024-10-08 08:00:00,5.287447183333334,-5.9858956,,
2024-10-08 08:30:00,-3.9246506,-21.71632405,,
2024-10-08 09:00:00,-30.77399995,-30.89034788333333,,
2024-10-08 09:30:00,-38.56472561666666,-45.18877606666666,,
2024-10-08 10:00:00,-46.11720209999999,-65.6982799,,
2024-10-08 10:30:00,-62.17509435,-84.08183618333334,,
2024-10-08 11:00:00,-63.66545181666667,-90.36901116666668,,
2024-10-08 11:30:00,-85.17063431666666,-107.00779941666669,,
2024-10-08 12:00:00,-95.39084906666666,-124.13534491666668,,
2024-10-08 12:30:00,-110.03732048333332,-139.12245556666667,,
2024-10-08 13:00:00,-115.99838953333334,-127.2036706,,
2024-10-08 13:30:00,-114.7385911,-121.84716623333333,,
2024-10-08 14:00:00,-121.54072943333334,-105.7709583,,
2024-10-08 14:30:00,-102.65170065,-87.9582506,,
2024-10-08 15:00:00,-89.09151286666668,-84.73635783333334,,
2024-10-08 15:30:00,-77.73779941666668,-70.87494663333332,,
2024-10-08 16:00:00,-54.035545516666666,-53.80671668333333,,
2024-10-08 16:30:00,-33.78020165,-32.046943899999995,,
2024-10-08 17:00:00,-15.085129983333331,-12.299811583333332,,
2024-10-08 17:30:00,-5.1549417166666665,2.6672872999999995,,
2024-10-08 18:00:00,7.731641116666666,5.907666066666667,,
2024-10-08 18:30:00,13.61018945,10.568883866666669,,
2024-10-08 19:00:00,18.82721828333333,11.349276083333333,,
2024-10-08 19:30:00,22.58526446666667,12.43984495,,
2024-10-08 20:00:00,22.09522443333333,17.015446166666667,,
2024-10-08 20:30:00,26.2085505,18.644764966666667,,
2024-10-08 21:00:00,21.93319175,22.29771103333333,,
2024-10-08 21:30:00,19.8000978,18.5024556,,
2024-10-08 22:00:00,24.10910386666667,17.9947693,,
2024-10-08 22:30:00,19.699483933333333,20.189291066666662,,
2024-10-08 23:00:00,25.177910516666667,18.53520455,,
2024-10-08 23:30:00,23.90240341666667,21.76348108333333,,
2024-10-09 00:00:00,25.104934316666668,18.889335016666667,,
2024-10-09 00:30:00,27.990480700000003,20.43648853333333,,
2024-10-09 01:00:00,25.916131216666667,18.766947216666665,,
2024-10-09 01:30:00,25.698761216666668,21.126252216666668,,
2024-10-09 02:00:00,24.310324933333334,19.833158916666665,,
2024-10-09 02:30:00,21.90157273333333,22.99623395,,
2024-10-09 03:00:00,20.97249045,23.115236,,
2024-10-09 03:30:00,23.821669033333333,25.98802055,,
2024-10-09 04:00:00,31.008485566666668,27.3787371,,
2024-10-09 04:30:00,34.879184433333336,29.936507266666663,,
2024-10-09 05:00:00,29.16959828333333,26.30676893333333,,
2024-10-09 05:30:00,25.72161385,25.83751553333333,,
2024-10-09 06:00:00,23.01238503333333,20.282477166666663,,
2024-10-09 06:30:00,25.1350577,19.012542733333333,,
2024-10-09 07:00:00,16.364252066666666,18.87794621666667,,
2024-10-09 07:30:00,13.991116633333334,20.106120033333333,,
2024-10-09 08:00:00,-2.06440935,5.287447183333334,,
2024-10-09 08:30:00,-20.4793884,-3.9246506,,
2024-10-09 09:00:00,-50.62139561666667,-30.77399995,,
2024-10-09 09:30:00,-61.61224768333333,-38.56472561666666,,
2024-10-09 10:00:00,-89.92940231666667,-46.11720209999999,,
2024-10-09 10:30:00,-97.47941618333331,-62.17509435,,
2024-10-09 11:00:00,-115.34192578333334,-63.66545181666667,,
2024-10-09 11:30:00,-124.71307208333332,-85.17063431666666,,
2024-10-09 12:00:00,-125.60999266666666,-95.39084906666666,,
2024-10-09 12:30:00,-119.5053295,-110.03732048333332,,
2024-10-09 13:00:00,-125.39791556666668,-115.99838953333334,,
2024-10-09 13:30:00,-137.33824055,-114.7385911,,
2024-10-09 14:00:00,-136.93960891666666,-121.54072943333334,,
2024-10-09 14:30:00,-128.42770041666668,-102.65170065,,
2024-10-09 15:00:00,-106.18873773333333,-89.09151286666668,,
2024-10-09 15:30:00,-89.1110672,-77.73779941666668,,
2024-10-09 16:00:00,-67.36871343333333,-54.035545516666666,,
2024-10-09 16:30:00,-40.029217816666666,-33.78020165,,
2024-10-09 17:00:00,-17.994931533333332,-15.085129983333331,,
2024-10-09 17:30:00,-3.3029327333333334,-5.1549417166666665,,
2024-10-09 18:00:00,4.205779916666667,7.731641116666666,,
2024-10-09 18:30:00,12.42836675,13.61018945,,
2024-10-09 19:00:00,16.33977043333333,18.82721828333333,,
2024-10-09 19:30:00,15.937665,22.58526446666667,,
2024-10-09 20:00:00,18.88185053333333,22.09522443333333,,
2024-10-09 20:30:00,20.935107166666665,26.2085505,,
2024-10-09 21:00:00,19.60280453333333,21.93319175,,
2024-10-09 21:30:00,18.6795039,19.8000978,,
2024-10-09 22:00:00,14.813148333333332,24.10910386666667,,
2024-10-09 22:30:00,13.343975416666666,19.699483933333333,,
2024-10-09 23:00:00,15.713276833333332,25.177910516666667,,
2024-10-09 23:30:00,20.217961666666667,23.90240341666667,,
2024-10-10 00:00:00,22.8130178,25.104934316666668,,
2024-10-10 00:30:00,22.079745716666665,27.990480700000003,,
2024-10-10 01:00:00,21.349201833333336,25.916131216666667,,
2024-10-10 01:30:00,23.845738366666662,25.698761216666668,,
2024-10-10 02:00:00,22.14633273333333,24.310324933333334,,
2024-10-10 02:30:00,19.154819516666667,21.90157273333333,,
2024-10-10 03:00:00,18.01386773333333,20.97249045,,
2024-10-10 03:30:00,18.696257216666663,23.821669033333333,,
2024-10-10 04:00:00,24.45637285,31.008485566666668,,
2024-10-10 04:30:00,29.5520944,34.879184433333336,,
2024-10-10 05:00:00,25.57345785,29.16959828333333,,
2024-10-10 05:30:00,25.35160448333333,25.72161385,,
2024-10-10 06:00:00,19.25525513333333,23.01238503333333,,
2024-10-10 06:30:00,17.306339883333333,25.1350577,,
2024-10-10 07:00:00,8.272687283333333,16.364252066666666,,
2024-10-10 07:30:00,3.345491666666666,13.991116633333334,,
2024-10-10 08:00:00,-12.067363516666669,-2.06440935,,
2024-10-10 08:30:00,-35.10454898333333,-20.4793884,,
2024-10-10 09:00:00,-61.03597951666666,-50.62139561666667,,
2024-10-10 09:30:00,-88.30581273333333,-61.61224768333333,,
2024-10-10 10:00:00,-124.30884508333334,-89.92940231666667,,
2024-10-10 10:30:00,-142.64437351666666,-97.47941618333331,,
2024-10-10 11:00:00,-157.04001051666668,-115.34192578333334,,
2024-10-10 11:30:00,-164.91644171666667,-124.71307208333332,,
2024-10-10 12:00:00,-173.27609841666666,-125.60999266666666,,
2024-10-10 12:30:00,-181.53707555,-119.5053295,,
2024-10-10 13:00:00,-183.93847285,-125.39791556666668,,
2024-10-10 13:30:00,-182.1885973333333,-137.33824055,,
2024-10-10 14:00:00,-181.53579671666668,-136.93960891666666,,
2024-10-10 14:30:00,-157.7885517,-128.42770041666668,,
2024-10-10 15:00:00,-139.53215386666668,-106.18873773333333,,
2024-10-10 15:30:00,-115.21007846666669,-89.1110672,,
2024-10-10 16:00:00,-86.39403543333333,-67.36871343333333,,
2024-10-10 16:30:00,-59.1843883,-40.029217816666666,,
2024-10-10 17:00:00,-30.8771379,-17.994931533333332,,
2024-10-10 17:30:00,-11.1071533,-3.3029327333333334,,
2024-10-10 18:00:00,-1.3838026833333334,4.205779916666667,,
2024-10-10 18:30:00,-0.0948748999999998,12.42836675,,
2024-10-10 19:00:00,5.778323966666668,16.33977043333333,,
2024-10-10 19:30:00,7.212119366666667,15.937665,,
2024-10-10 20:00:00,12.793927083333337,18.88185053333333,,
2024-10-10 20:30:00,10.2669722,20.935107166666665,,
2024-10-10 21:00:00,11.79095725,19.60280453333333,,
2024-10-10 21:30:00,13.066883266666666,18.6795039,,
2024-10-10 22:00:00,13.752689866666666,14.813148333333332,,
2024-10-10 22:30:00,15.59115445,13.343975416666666,,
2024-10-10 23:00:00,16.035386133333333,15.713276833333332,,
2024-10-10 23:30:00,16.894762216666667,20.217961666666667,,
2024-10-11 00:00:00,18.33429055,22.8130178,,
2024-10-11 00:30:00,19.1448099,22.079745716666665,,
2024-10-11 01:00:00,19.543294383333333,21.349201833333336,,
2024-10-11 01:30:00,18.76401373333333,23.845738366666662,,
2024-10-11 02:00:00,17.46417101666667,22.14633273333333,,
2024-10-11 02:30:00,17.222415066666667,19.154819516666667,,
2024-10-11 03:00:00,17.959565100000003,18.01386773333333,,
2024-10-11 03:30:00,17.287796033333333,18.696257216666663,,
2024-10-11 04:00:00,24.80604975,24.45637285,,
2024-10-11 04:30:00,30.30723225,29.5520944,,
2024-10-11 05:00:00,24.219059516666665,25.57345785,,
2024-10-11 05:30:00,19.4034617,25.35160448333333,,
2024-10-11 06:00:00,15.53562215,19.25525513333333,,
2024-10-11 06:30:00,9.4012073,17.306339883333333,,
2024-10-11 07:00:00,9.90699015,8.272687283333333,,
2024-10-11 07:30:00,1.1816505333333334,3.345491666666666,,
2024-10-11 08:00:00,-22.846474916666665,-12.067363516666669,,
2024-10-11 08:30:00,-43.36372011666666,-35.10454898333333,,
2024-10-11 09:00:00,-68.00819106666667,-61.03597951666666,,
2024-10-11 09:30:00,-91.85773816666666,-88.30581273333333,,
2024-10-11 10:00:00,-118.2472279,-124.30884508333334,,
2024-10-11 10:30:00,-131.69682103333332,-142.64437351666666,,
2024-10-11 11:00:00,-151.26527373333334,-157.04001051666668,,
2024-10-11 11:30:00,-162.56039886666667,-164.91644171666667,,
2024-10-11 12:00:00,-165.72024715,-173.27609841666666,,
2024-10-11 12:30:00,-178.93522125,-181.53707555,,
2024-10-11 13:00:00,-174.42524946666666,-183.93847285,,
2024-10-11 13:30:00,-154.30656098333333,-182.1885973333333,,
2024-10-11 14:00:00,-142.15971746666665,-181.53579671666668,,
2024-10-11 14:30:00,-125.50807496666668,-157.7885517,,
2024-10-11 15:00:00,-105.23048048333334,-139.53215386666668,,
2024-10-11 15:30:00,-87.10843440000001,-115.21007846666669,,
2024-10-11 16:00:00,-71.62410448333333,-86.39403543333333,,
2024-10-11 16:30:00,-49.02761066666667,-59.1843883,,
2024-10-11 17:00:00,-24.86498011666667,-30.8771379,,
2024-10-11 17:30:00,-7.477408233333333,-11.1071533,,
2024-10-11 18:00:00,-2.6452750000000003,-1.3838026833333334,,
2024-10-11 18:30:00,-0.8248038833333334,-0.0948748999999998,,
2024-10-11 19:00:00,5.676699416666668,5.778323966666668,,
2024-10-11 19:30:00,6.490766083333334,7.212119366666667,,
2024-10-11 20:00:00,9.348448266666669,12.793927083333337,,
2024-10-11 20:30:00,9.29373795,10.2669722,,
2024-10-11 21:00:00,9.801433433333331,11.79095725,,
2024-10-11 21:30:00,11.529264516666666,13.066883266666666,,
2024-10-11 22:00:00,12.719826083333333,13.752689866666666,,
2024-10-11 22:30:00,17.682506066666665,15.59115445,,
2024-10-11 23:00:00,18.09551725,16.035386133333333,,
2024-10-11 23:30:00,21.18642275,16.894762216666667,,
2024-10-12 00:00:00,21.63155005,18.33429055,,
2024-10-12 00:30:00,19.70227171666667,19.1448099,,
2024-10-12 01:00:00,17.49009176666667,19.543294383333333,,
2024-10-12 01:30:00,19.15822938333333,18.76401373333333,,
2024-10-12 02:00:00,18.48614295,17.46417101666667,,
2024-10-12 02:30:00,18.203489533333336,17.222415066666667,,
2024-10-12 03:00:00,18.747824466666668,17.959565100000003,,
2024-10-12 03:30:00,19.04593905,17.287796033333333,,
2024-10-12 04:00:00,25.621082166666667,24.80604975,,
2024-10-12 04:30:00,25.6820027,30.30723225,,
2024-10-12 05:00:00,18.633580566666662,24.219059516666665,,
2024-10-12 05:30:00,16.954480583333332,19.4034617,,
2024-10-12 06:00:00,11.816006733333332,15.53562215,,
2024-10-12 06:30:00,7.492995016666666,9.4012073,,
2024-10-12 07:00:00,5.773489966666666,9.90699015,,
2024-10-12 07:30:00,0.3983860666666666,1.1816505333333334,,
2024-10-12 08:00:00,-14.1087762,-22.846474916666665,,
2024-10-12 08:30:00,-25.2518324,-43.36372011666666,,
2024-10-12 09:00:00,-45.24420628333333,-68.00819106666667,,
2024-10-12 09:30:00,-65.73965103333333,-91.85773816666666,,
2024-10-12 10:00:00,-79.59189606666666,-118.2472279,,
2024-10-12 10:30:00,-93.16392661666669,-131.69682103333332,,
2024-10-12 11:00:00,-113.7892833,-151.26527373333334,,
2024-10-12 11:30:00,-130.75039616666666,-162.56039886666667,,
2024-10-12 12:00:00,-135.17950261666667,-165.72024715,,
2024-10-12 12:30:00,-147.67238488333334,-178.93522125,,
2024-10-12 13:00:00,-153.92682823333334,-174.42524946666666,,
2024-10-12 13:30:00,-147.2221683,-154.30656098333333,,
2024-10-12 14:00:00,-145.07937766666666,-142.15971746666665,,
2024-10-12 14:30:00,-128.82951434999998,-125.50807496666668,,
2024-10-12 15:00:00,-115.66947888333334,-105.23048048333334,,
2024-10-12 15:30:00,-93.98995728333334,-87.10843440000001,,
2024-10-12 16:00:00,-66.56919438333334,-71.62410448333333,,
2024-10-12 16:30:00,-38.64976263333333,-49.02761066666667,,
2024-10-12 17:00:00,-15.233977816666666,-24.86498011666667,,
2024-10-12 17:30:00,-5.0049627333333335,-7.477408233333333,,
2024-10-12 18:00:00,0.5914210166666668,-2.6452750000000003,,
2024-10-12 18:30:00,2.917249516666667,-0.8248038833333334,,
2024-10-12 19:00:00,10.5520874,5.676699416666668,,
2024-10-12 19:30:00,10.315471133333334,6.490766083333334,,
2024-10-12 20:00:00,18.0195465,9.348448266666669,,
2024-10-12 20:30:00,21.96031263333333,9.29373795,,
2024-10-12 21:00:00,18.218619916666665,9.801433433333331,,
2024-10-12 21:30:00,17.852026633333335,11.529264516666666,,
2024-10-12 22:00:00,13.459695599999998,12.719826083333333,,
2024-10-12 22:30:00,14.202470516666668,17.682506066666665,,
2024-10-12 23:00:00,20.51780218333333,18.09551725,,
2024-10-12 23:30:00,20.458902866666666,21.18642275,,
2024-10-13 00:00:00,20.141059866666662,21.63155005,,
2024-10-13 00:30:00,18.699256716666667,19.70227171666667,,
2024-10-13 01:00:00,18.110241233333333,17.49009176666667,,
2024-10-13 01:30:00,16.96992165,19.15822938333333,,
2024-10-13 02:00:00,15.742001683333331,18.48614295,,
2024-10-13 02:30:00,16.664643916666666,18.203489533333336,,
2024-10-13 03:00:00,18.67367846666667,18.747824466666668,,
2024-10-13 03:30:00,18.49092335,19.04593905,,
2024-10-13 04:00:00,23.74239663333333,25.621082166666667,,
2024-10-13 04:30:00,33.322703366666666,25.6820027,,
2024-10-13 05:00:00,21.305392333333334,18.633580566666662,,
2024-10-13 05:30:00,22.01287268333333,16.954480583333332,,
2024-10-13 06:00:00,18.00011055,11.816006733333332,,
2024-10-13 06:30:00,13.816066083333332,7.492995016666666,,
2024-10-13 07:00:00,12.1180978,5.773489966666666,,
2024-10-13 07:30:00,-2.1237918,0.3983860666666666,,
2024-10-13 08:00:00,-19.76485836666667,-14.1087762,,
2024-10-13 08:30:00,-41.635336083333335,-25.2518324,,
2024-10-13 09:00:00,-53.94781831666666,-45.24420628333333,,
2024-10-13 09:30:00,-68.96555115,-65.73965103333333,,
2024-10-13 10:00:00,-80.7555827,-79.59189606666666,,
2024-10-13 10:30:00,-97.05534341666667,-93.16392661666669,,
2024-10-13 11:00:00,-111.4682161,-113.7892833,,
2024-10-13 11:30:00,-124.59446561666664,-130.75039616666666,,
2024-10-13 12:00:00,-137.63482321666666,-135.17950261666667,,
2024-10-13 12:30:00,-134.46667456666668,-147.67238488333334,,
2024-10-13 13:00:00,-140.52230393333335,-153.92682823333334,,
2024-10-13 13:30:00,-132.38429441666668,-147.2221683,,
2024-10-13 14:00:00,-120.93678105,-145.07937766666666,,
2024-10-13 14:30:00,-109.43657773333332,-128.82951434999998,,
2024-10-13 15:00:00,-96.76147505,-115.66947888333334,,
2024-10-13 15:30:00,-70.77657936666667,-93.98995728333334,,
2024-10-13 16:00:00,-48.13307426666668,-66.56919438333334,,
2024-10-13 16:30:00,-27.8876851,-38.64976263333333,,
2024-10-13 17:00:00,-11.437171816666668,-15.233977816666666,,
2024-10-13 17:30:00,-3.602707633333333,-5.0049627333333335,,
2024-10-13 18:00:00,5.910716666666667,0.5914210166666668,,
2024-10-13 18:30:00,7.375966699999999,2.917249516666667,,
2024-10-13 19:00:00,10.63122725,10.5520874,,
2024-10-13 19:30:00,11.18257895,10.315471133333334,,
2024-10-13 20:00:00,12.206495066666667,18.0195465,,
2024-10-13 20:30:00,14.969458316666667,21.96031263333333,,
2024-10-13 21:00:00,15.368468433333334,18.218619916666665,,
2024-10-13 21:30:00,15.3085942,17.852026633333335,,
2024-10-13 22:00:00,12.944469366666668,13.459695599999998,,
2024-10-13 22:30:00,13.83084055,14.202470516666668,,
2024-10-13 23:00:00,18.64225738333333,20.51780218333333,,
2024-10-13 23:30:00,17.3877688,20.458902866666666,,
2024-10-14 00:00:00,17.648423266666665,20.141059866666662,,
2024-10-14 00:30:00,16.25831666666667,18.699256716666667,,
2024-10-14 01:00:00,16.74550835,18.110241233333333,,
2024-10-14 01:30:00,17.95982893333333,16.96992165,,
2024-10-14 02:00:00,17.7141162,15.742001683333331,,
2024-10-14 02:30:00,18.81395725,16.664643916666666,,
2024-10-14 03:00:00,17.212951733333334,18.67367846666667,,
2024-10-14 03:30:00,21.56822325,18.49092335,,
2024-10-14 04:00:00,22.620702366666663,23.74239663333333,,
2024-10-14 04:30:00,28.51203723333333,33.322703366666666,,
2024-10-14 05:00:00,19.351481116666665,21.305392333333334,,
2024-10-14 05:30:00,16.183325999999997,22.01287268333333,,
2024-10-14 06:00:00,12.981169066666666,18.00011055,,
2024-10-14 06:30:00,8.34333565,13.816066083333332,,
2024-10-14 07:00:00,9.328952783333332,12.1180978,,
2024-10-14 07:30:00,4.40589845,-2.1237918,,
2024-10-14 08:00:00,-11.899609233333337,-19.76485836666667,,
2024-10-14 08:30:00,-32.347280500000004,-41.635336083333335,,
2024-10-14 09:00:00,-50.02149115,-53.94781831666666,,
2024-10-14 09:30:00,-67.15292178333333,-68.96555115,,
2024-10-14 10:00:00,-78.82200325000001,-80.7555827,,
2024-10-14 10:30:00,-91.93309391666666,-97.05534341666667,,
2024-10-14 11:00:00,-96.91118675,-111.4682161,,
2024-10-14 11:30:00,-128.50455166666666,-124.59446561666664,,
2024-10-14 12:00:00,-134.62122616666667,-137.63482321666666,,
2024-10-14 12:30:00,-137.72997678333334,-134.46667456666668,,
2024-10-14 13:00:00,-127.94395845,-140.52230393333335,,
2024-10-14 13:30:00,-124.3408794,-132.38429441666668,,
2024-10-14 14:00:00,-108.8279074,-120.93678105,,
2024-10-14 14:30:00,-101.50535038333334,-109.43657773333332,,
2024-10-14 15:00:00,-79.36754328333333,-96.76147505,,
2024-10-14 15:30:00,-71.00508323333334,-70.77657936666667,,
2024-10-14 16:00:00,-53.293388883333336,-48.13307426666668,,
2024-10-14 16:30:00,-29.63364615,-27.8876851,,
2024-10-14 17:00:00,-9.135579966666668,-11.437171816666668,,
2024-10-14 17:30:00,5.100680083333334,-3.602707633333333,,
2024-10-14 18:00:00,6.9085567333333335,5.910716666666667,,
2024-10-14 18:30:00,8.807781166666667,7.375966699999999,,
2024-10-14 19:00:00,10.612701683333333,10.63122725,,
2024-10-14 19:30:00,11.740194966666666,11.18257895,,
2024-10-14 20:00:00,12.59283285,12.206495066666667,,
2024-10-14 20:30:00,12.031299883333332,14.969458316666667,,
2024-10-14 21:00:00,13.015258916666667,15.368468433333334,,
2024-10-14 21:30:00,11.760130133333334,15.3085942,,
2024-10-14 22:00:00,12.9820272,12.944469366666668,,
2024-10-14 22:30:00,11.793515483333332,13.83084055,,
2024-10-14 23:00:00,15.018937683333334,18.64225738333333,,
2024-10-14 23:30:00,16.670409933333335,17.3877688,,
2024-10-15 00:00:00,17.123209516666666,17.648423266666665,,
2024-10-15 00:30:00,19.036295016666667,16.25831666666667,,
2024-10-15 01:00:00,16.96223955,16.74550835,,
2024-10-15 01:30:00,17.54529546666667,17.95982893333333,,
2024-10-15 02:00:00,19.085196616666668,17.7141162,,
2024-10-15 02:30:00,22.319855066666666,18.81395725,,
2024-10-15 03:00:00,22.88649893333333,17.212951733333334,,
2024-10-15 03:30:00,18.8740416,21.56822325,,
2024-10-15 04:00:00,23.07200675,22.620702366666663,,
2024-10-15 04:30:00,26.26923108333333,28.51203723333333,,
2024-10-15 05:00:00,19.67152828333333,19.351481116666665,,
2024-10-15 05:30:00,17.952768833333334,16.183325999999997,,
2024-10-15 06:00:00,15.207785516666666,12.981169066666666,,
2024-10-15 06:30:00,12.78316735,8.34333565,,
2024-10-15 07:00:00,14.072578383333337,9.328952783333332,,
2024-10-15 07:30:00,12.681854283333337,4.40589845,,
2024-10-15 08:00:00,-6.8060667,-11.899609233333337,,
2024-10-15 08:30:00,-16.516193833333332,-32.347280500000004,,
2024-10-15 09:00:00,-36.06507725,-50.02149115,,
2024-10-15 09:30:00,-57.02158108333333,-67.15292178333333,,
2024-10-15 10:00:00,-59.48581545,-78.82200325000001,,
2024-10-15 10:30:00,-65.91144955,-91.93309391666666,,
2024-10-15 11:00:00,-83.35558366666667,-96.91118675,,
2024-10-15 11:30:00,-98.9502662,-128.50455166666666,,
2024-10-15 12:00:00,-106.25007608333334,-134.62122616666667,,
2024-10-15 12:30:00,-110.04548396666668,-137.72997678333334,,
2024-10-15 13:00:00,-106.07246441666666,-127.94395845,,
2024-10-15 13:30:00,-104.6082044,-124.3408794,,
2024-10-15 14:00:00,-91.2047351,-108.8279074,,
2024-10-15 14:30:00,-81.04881886666666,-101.50535038333334,,
2024-10-15 15:00:00,-57.52203566666666,-79.36754328333333,,
2024-10-15 15:30:00,-56.50206065,-71.00508323333334,,
2024-10-15 16:00:00,-31.0926234,-53.293388883333336,,
2024-10-15 16:30:00,-17.411640533333333,-29.63364615,,
2024-10-15 17:00:00,-14.00607555,-9.135579966666668,,
2024-10-15 17:30:00,-1.5593988499999998,5.100680083333334,,
2024-10-15 18:00:00,5.515297916666666,6.9085567333333335,,
2024-10-15 18:30:00,8.445806233333334,8.807781166666667,,
2024-10-15 19:00:00,16.79472235,10.612701683333333,,
2024-10-15 19:30:00,16.558336566666664,11.740194966666666,,
2024-10-15 20:00:00,20.093410466666665,12.59283285,,
2024-10-15 20:30:00,16.720357216666667,12.031299883333332,,
2024-10-15 21:00:00,13.864852783333331,13.015258916666667,,
2024-10-15 21:30:00,13.9711156,11.760130133333334,,
2024-10-15 22:00:00,18.58174555,12.9820272,,
2024-10-15 22:30:00,19.59103063333333,11.793515483333332,,
2024-10-15 23:00:00,21.3490837,15.018937683333334,,
2024-10-15 23:30:00,24.6773738,16.670409933333335,,
2024-10-16 00:00:00,23.81428278333333,17.123209516666666,,
2024-10-16 00:30:00,22.836182283333333,19.036295016666667,,
2024-10-16 01:00:00,21.35847168333333,16.96223955,,
2024-10-16 01:30:00,19.41781835,17.54529546666667,,
2024-10-16 02:00:00,19.69202165,19.085196616666668,,
2024-10-16 02:30:00,20.390075066666665,22.319855066666666,,
2024-10-16 03:00:00,23.438710016666665,22.88649893333333,,
2024-10-16 03:30:00,23.138902116666667,18.8740416,,
2024-10-16 04:00:00,24.91638608333333,23.07200675,,
2024-10-16 04:30:00,21.32740053333333,26.26923108333333,,
2024-10-16 05:00:00,20.672068866666667,19.67152828333333,,
2024-10-16 05:30:00,16.691028266666667,17.952768833333334,,
2024-10-16 06:00:00,14.911022316666669,15.207785516666666,,
2024-10-16 06:30:00,10.379932216666669,12.78316735,,
2024-10-16 07:00:00,8.953872016666667,14.072578383333337,,
2024-10-16 07:30:00,1.155962733333333,12.681854283333337,,
2024-10-16 08:00:00,-6.260848266666667,-6.8060667,,
2024-10-16 08:30:00,-24.237586066666665,-16.516193833333332,,
2024-10-16 09:00:00,-37.44154506666666,-36.06507725,,
2024-10-16 09:30:00,-51.72080771666666,-57.02158108333333,,
2024-10-16 10:00:00,-57.911108266666666,-59.48581545,,
2024-10-16 10:30:00,-71.09105331666667,-65.91144955,,
2024-10-16 11:00:00,-82.08242078333333,-83.35558366666667,,
2024-10-16 11:30:00,-88.50829998333334,-98.9502662,,
2024-10-16 12:00:00,-90.3705217,-106.25007608333334,,
2024-10-16 12:30:00,-88.34878971666667,-110.04548396666668,,
2024-10-16 13:00:00,-108.02690105,-106.07246441666666,,
2024-10-16 13:30:00,-119.59206661666668,-104.6082044,,
2024-10-16 14:00:00,-109.04215273333334,-91.2047351,,
2024-10-16 14:30:00,-81.25424926666666,-81.04881886666666,,
2024-10-16 15:00:00,-67.05953606666667,-57.52203566666666,,
2024-10-16 15:30:00,-53.97368003333333,-56.50206065,,
2024-10-16 16:00:00,-34.84306276666667,-31.0926234,,
2024-10-16 16:30:00,-20.15280235,-17.411640533333333,,
2024-10-16 17:00:00,-5.087728783333334,-14.00607555,,
2024-10-16 17:30:00,2.09808305,-1.5593988499999998,,
2024-10-16 18:00:00,4.637488283333333,5.515297916666666,,
2024-10-16 18:30:00,11.278584533333335,8.445806233333334,,
2024-10-16 19:00:00,10.770453833333336,16.79472235,,
2024-10-16 19:30:00,16.8380794,16.558336566666664,,
2024-10-16 20:00:00,15.369288483333332,20.093410466666665,,
2024-10-16 20:30:00,17.059572283333335,16.720357216666667,,
2024-10-16 21:00:00,17.336370483333333,13.864852783333331,,
2024-10-16 21:30:00,15.376381133333334,13.9711156,,
2024-10-16 22:00:00,12.714369483333334,18.58174555,,
2024-10-16 22:30:00,13.057408316666669,19.59103063333333,,
2024-10-16 23:00:00,18.66442385,21.3490837,,
2024-10-16 23:30:00,17.649138266666665,24.6773738,,
2024-10-17 00:00:00,17.735278916666665,23.81428278333333,,
2024-10-17 00:30:00,17.430450616666665,22.836182283333333,,
2024-10-17 01:00:00,18.306349866666668,21.35847168333333,,
2024-10-17 01:30:00,18.08307903333333,19.41781835,,
2024-10-17 02:00:00,18.149563816666667,19.69202165,,
2024-10-17 02:30:00,19.539672266666667,20.390075066666665,,
2024-10-17 03:00:00,20.972318766666667,23.438710016666665,,
2024-10-17 03:30:00,23.18952283333333,23.138902116666667,,
2024-10-17 04:00:00,21.023834016666665,24.91638608333333,,
2024-10-17 04:30:00,21.0593329,21.32740053333333,,
2024-10-17 05:00:00,19.89600833333333,20.672068866666667,,
2024-10-17 05:30:00,18.9322538,16.691028266666667,,
2024-10-17 06:00:00,14.4915943,14.911022316666669,,
2024-10-17 06:30:00,15.29161565,10.379932216666669,,
2024-10-17 07:00:00,6.6940087833333335,8.953872016666667,,
2024-10-17 07:30:00,0.6988270833333332,1.155962733333333,,
2024-10-17 08:00:00,-19.90160228333333,-6.260848266666667,,
2024-10-17 08:30:00,-46.25544393333333,-24.237586066666665,,
2024-10-17 09:00:00,-66.59383444999999,-37.44154506666666,,
2024-10-17 09:30:00,-79.55905735,-51.72080771666666,,
2024-10-17 10:00:00,-91.58424946666666,-57.911108266666666,,
2024-10-17 10:30:00,-104.56506625,-71.09105331666667,,
2024-10-17 11:00:00,-110.80587658333332,-82.08242078333333,,
2024-10-17 11:30:00,-117.9619929,-88.50829998333334,,
2024-10-17 12:00:00,-124.71507105,-90.3705217,,
2024-10-17 12:30:00,-111.02374461666666,-88.34878971666667,,
2024-10-17 13:00:00,-107.42161995,-108.02690105,,
2024-10-17 13:30:00,-115.91936791666669,-119.59206661666668,,
2024-10-17 14:00:00,-114.045036,-109.04215273333334,,
2024-10-17 14:30:00,-81.55716843333333,-81.25424926666666,,
2024-10-17 15:00:00,-63.2177428,-67.05953606666667,,
2024-10-17 15:30:00,-40.64299938333333,-53.97368003333333,,
2024-10-17 16:00:00,-29.995042833333333,-34.84306276666667,,
2024-10-17 16:30:00,-14.306840116666663,-20.15280235,,
2024-10-17 17:00:00,-6.314641016666666,-5.087728783333334,,
2024-10-17 17:30:00,1.0913383166666666,2.09808305,,
2024-10-17 18:00:00,-0.1809854666666667,4.637488283333333,,
2024-10-17 18:30:00,3.5406087166666667,11.278584533333335,,
2024-10-17 19:00:00,4.07733995,10.770453833333336,,
2024-10-17 19:30:00,6.3104215,16.8380794,,
2024-10-17 20:00:00,9.66459765,15.369288483333332,,
2024-10-17 20:30:00,11.721206,17.059572283333335,,
2024-10-17 21:00:00,15.125361166666666,17.336370483333333,,
2024-10-17 21:30:00,16.907642283333335,15.376381133333334,,
2024-10-17 22:00:00,18.893223733333333,12.714369483333334,,
2024-10-17 22:30:00,13.710261683333334,13.057408316666669,,
2024-10-17 23:00:00,18.4506783,18.66442385,,
2024-10-17 23:30:00,19.6240355,17.649138266666665,,
2024-10-18 00:00:00,21.463012133333336,17.735278916666665,,
2024-10-18 00:30:00,20.452706166666665,17.430450616666665,,
2024-10-18 01:00:00,21.171165616666663,18.306349866666668,,
2024-10-18 01:30:00,22.46956158333333,18.08307903333333,,
2024-10-18 02:00:00,21.26504663333333,18.149563816666667,,
2024-10-18 02:30:00,22.26375775,19.539672266666667,,
2024-10-18 03:00:00,21.531920666666668,20.972318766666667,,
2024-10-18 03:30:00,23.259958616666665,23.18952283333333,,
2024-10-18 04:00:00,23.515860033333336,21.023834016666665,,
2024-10-18 04:30:00,24.6082778,21.0593329,,
2024-10-18 05:00:00,20.332104,19.89600833333333,,
2024-10-18 05:30:00,20.028093366666667,18.9322538,,
2024-10-18 06:00:00,18.406099316666666,14.4915943,,
2024-10-18 06:30:00,16.978635633333333,15.29161565,,
2024-10-18 07:00:00,18.613070366666665,6.6940087833333335,,
2024-10-18 07:30:00,18.919087183333332,0.6988270833333332,,
2024-10-18 08:00:00,19.34831266666667,-19.90160228333333,,
2024-10-18 08:30:00,13.53198385,-46.25544393333333,,
2024-10-18 09:00:00,8.843567816666667,-66.59383444999999,,
2024-10-18 09:30:00,-4.786266583333333,-79.55905735,,
2024-10-18 10:00:00,-11.402872266666668,-91.58424946666666,,
2024-10-18 10:30:00,-10.495941616666666,-104.56506625,,
2024-10-18 11:00:00,-25.08213813333333,-110.80587658333332,,
2024-10-18 11:30:00,-41.596762250000005,-117.9619929,,
2024-10-18 12:00:00,-44.574277216666665,-124.71507105,,
2024-10-18 12:30:00,-52.00547993333333,-111.02374461666666,,
2024-10-18 13:00:00,-46.89358786666667,-107.42161995,,
2024-10-18 13:30:00,-36.391548416666666,-115.91936791666669,,
2024-10-18 14:00:00,-38.77057056666667,-114.045036,,
2024-10-18 14:30:00,-35.2945561,-81.55716843333333,,
2024-10-18 15:00:00,-33.18476225,-63.2177428,,
2024-10-18 15:30:00,-21.974354466666668,-40.64299938333333,,
2024-10-18 16:00:00,-22.598415016666667,-29.995042833333333,,
2024-10-18 16:30:00,-17.225622816666668,-14.306840116666663,,
2024-10-18 17:00:00,-13.66287485,-6.314641016666666,,
2024-10-18 17:30:00,-0.6951167166666669,1.0913383166666666,,
2024-10-18 18:00:00,9.15452885,-0.1809854666666667,,
2024-10-18 18:30:00,11.911151616666666,3.5406087166666667,,
2024-10-18 19:00:00,12.36188465,4.07733995,,
2024-10-18 19:30:00,18.0794734,6.3104215,,
2024-10-18 20:00:00,19.80617275,9.66459765,,
2024-10-18 20:30:00,23.43586105,11.721206,,
2024-10-18 21:00:00,22.88462228333333,15.125361166666666,,
2024-10-18 21:30:00,19.332822166666663,16.907642283333335,,
2024-10-18 22:00:00,20.77970108333333,18.893223733333333,,
2024-10-18 22:30:00,19.426510516666667,13.710261683333334,,
2024-10-18 23:00:00,20.178864416666663,18.4506783,,
2024-10-18 23:30:00,21.13389173333333,19.6240355,,
2024-10-19 00:00:00,18.18438888333333,21.463012133333336,,
2024-10-19 00:30:00,18.611519333333334,20.452706166666665,,
2024-10-19 01:00:00,17.833671683333332,21.171165616666663,,
2024-10-19 01:30:00,18.112878766666668,22.46956158333333,,
2024-10-19 02:00:00,17.494845166666668,21.26504663333333,,
2024-10-19 02:30:00,21.400793216666667,22.26375775,,
2024-10-19 03:00:00,21.87481891666667,21.531920666666668,,
2024-10-19 03:30:00,20.99768945,23.259958616666665,,
2024-10-19 04:00:00,16.666228383333333,23.515860033333336,,
2024-10-19 04:30:00,15.55797165,24.6082778,,
2024-10-19 05:00:00,17.466174300000002,20.332104,,
2024-10-19 05:30:00,12.3337433,20.028093366666667,,
2024-10-19 06:00:00,11.73158505,18.406099316666666,,
2024-10-19 06:30:00,12.50162055,16.978635633333333,,
2024-10-19 07:00:00,8.99635505,18.613070366666665,,
2024-10-19 07:30:00,1.9935654833333332,18.919087183333332,,
2024-10-19 08:00:00,-5.483843316666667,19.34831266666667,,
2024-10-19 08:30:00,-22.874984933333334,13.53198385,,
2024-10-19 09:00:00,-42.257110583333336,8.843567816666667,,
2024-10-19 09:30:00,-71.31895391666667,-4.786266583333333,,
2024-10-19 10:00:00,-88.46643843333334,-11.402872266666668,,
2024-10-19 10:30:00,-90.26433388333334,-10.495941616666666,,
2024-10-19 11:00:00,-101.75927558333332,-25.08213813333333,,
2024-10-19 11:30:00,-131.124379,-41.596762250000005,,
2024-10-19 12:00:00,-137.12965886666666,-44.574277216666665,,
2024-10-19 12:30:00,-150.86922228333333,-52.00547993333333,,
2024-10-19 13:00:00,-156.0589555,-46.89358786666667,,
2024-10-19 13:30:00,-145.77308268333334,-36.391548416666666,,
2024-10-19 14:00:00,-126.35751241666668,-38.77057056666667,,
2024-10-19 14:30:00,-123.3298706,-35.2945561,,
2024-10-19 15:00:00,-97.33897213333334,-33.18476225,,
2024-10-19 15:30:00,-85.24998673333333,-21.974354466666668,,
2024-10-19 16:00:00,-67.5845311,-22.598415016666667,,
2024-10-19 16:30:00,-51.99070961666666,-17.225622816666668,,
2024-10-19 17:00:00,-26.462945016666666,-13.66287485,,
2024-10-19 17:30:00,-11.09703055,-0.6951167166666669,,
2024-10-19 18:00:00,-4.388166666666667,9.15452885,,
2024-10-19 18:30:00,1.1527105333333336,11.911151616666666,,
2024-10-19 19:00:00,6.7092293666666665,12.36188465,,
2024-10-19 19:30:00,10.1805632,18.0794734,,
2024-10-19 20:00:00,9.83756285,19.80617275,,
2024-10-19 20:30:00,8.707475183333335,23.43586105,,
2024-10-19 21:00:00,14.259178816666669,22.88462228333333,,
2024-10-19 21:30:00,13.4860511,19.332822166666663,,
2024-10-19 22:00:00,13.782840983333331,20.77970108333333,,
2024-10-19 22:30:00,13.379891,19.426510516666667,,
2024-10-19 23:00:00,14.886271116666668,20.178864416666663,,
2024-10-19 23:30:00,16.669524883333334,21.13389173333333,,
2024-10-20 00:00:00,17.173412166666665,18.18438888333333,,
2024-10-20 00:30:00,17.599844366666666,18.611519333333334,,
2024-10-20 01:00:00,18.204536216666668,17.833671683333332,,
2024-10-20 01:30:00,21.261437766666667,18.112878766666668,,
2024-10-20 02:00:00,21.0725266,17.494845166666668,,
2024-10-20 02:30:00,20.85370668333333,21.400793216666667,,
2024-10-20 03:00:00,20.67906395,21.87481891666667,,
2024-10-20 03:30:00,22.49049678333333,20.99768945,,
2024-10-20 04:00:00,28.424225566666667,16.666228383333333,,
2024-10-20 04:30:00,30.852051666666664,15.55797165,,
2024-10-20 05:00:00,25.05962236666667,17.466174300000002,,
2024-10-20 05:30:00,19.784142766666665,12.3337433,,
2024-10-20 06:00:00,15.514180433333337,11.73158505,,
2024-10-20 06:30:00,7.426831633333333,12.50162055,,
2024-10-20 07:00:00,2.792882233333333,8.99635505,,
2024-10-20 07:30:00,-9.12334455,1.9935654833333332,,
2024-10-20 08:00:00,-24.002528916666662,-5.483843316666667,,
2024-10-20 08:30:00,-51.40856283333333,-22.874984933333334,,
2024-10-20 09:00:00,-72.66195233333333,-42.257110583333336,,
2024-10-20 09:30:00,-96.90660825,-71.31895391666667,,
2024-10-20 10:00:00,-106.79607006666669,-88.46643843333334,,
2024-10-20 10:30:00,-114.03423293333331,-90.26433388333334,,
2024-10-20 11:00:00,-139.09722101666668,-101.75927558333332,,
2024-10-20 11:30:00,-170.31322111666665,-131.124379,,
2024-10-20 12:00:00,-176.68283658333334,-137.12965886666666,,
2024-10-20 12:30:00,-176.94824655000002,-150.86922228333333,,
2024-10-20 13:00:00,-175.4615201,-156.0589555,,
2024-10-20 13:30:00,-161.15872998333333,-145.77308268333334,,
2024-10-20 14:00:00,-152.31554623333332,-126.35751241666668,,
2024-10-20 14:30:00,-139.26740605,-123.3298706,,
2024-10-20 15:00:00,-115.26486175,-97.33897213333334,,
2024-10-20 15:30:00,-93.11038386666668,-85.24998673333333,,
2024-10-20 16:00:00,-65.7708728,-67.5845311,,
2024-10-20 16:30:00,-46.95443889999999,-51.99070961666666,,
2024-10-20 17:00:00,-23.921207866666663,-26.462945016666666,,
2024-10-20 17:30:00,-8.429330633333334,-11.09703055,,
2024-10-20 18:00:00,0.3941010999999998,-4.388166666666667,,
2024-10-20 18:30:00,3.028905483333333,1.1527105333333336,,
2024-10-20 19:00:00,5.662355516666668,6.7092293666666665,,
2024-10-20 19:30:00,8.792049533333333,10.1805632,,
2024-10-20 20:00:00,8.8246701,9.83756285,,
2024-10-20 20:30:00,9.1153439,8.707475183333335,,
2024-10-20 21:00:00,8.494606766666665,14.259178816666669,,
2024-10-20 21:30:00,8.416607633333333,13.4860511,,
2024-10-20 22:00:00,8.41825835,13.782840983333331,,
2024-10-20 22:30:00,10.098030583333331,13.379891,,
2024-10-20 23:00:00,13.091885566666669,14.886271116666668,,
2024-10-20 23:30:00,14.092003466666668,16.669524883333334,,
2024-10-21 00:00:00,13.687350533333335,17.173412166666665,,
2024-10-21 00:30:00,15.0421627,17.599844366666666,,
2024-10-21 01:00:00,16.752373933333335,18.204536216666668,,
2024-10-21 01:30:00,16.849411083333333,21.261437766666667,,
2024-10-21 02:00:00,17.881203316666667,21.0725266,,
2024-10-21 02:30:00,19.26506563333333,20.85370668333333,,
2024-10-21 03:00:00,22.82369388333333,20.67906395,,
2024-10-21 03:30:00,20.148070633333333,22.49049678333333,,
2024-10-21 04:00:00,24.9071127,28.424225566666667,,
2024-10-21 04:30:00,29.11372985,30.852051666666664,,
2024-10-21 05:00:00,21.291774033333333,25.05962236666667,,
2024-10-21 05:30:00,20.04929845,19.784142766666665,,
2024-10-21 06:00:00,19.22793765,15.514180433333337,,
2024-10-21 06:30:00,12.461766250000002,7.426831633333333,,
2024-10-21 07:00:00,6.193165566666667,2.792882233333333,,
2024-10-21 07:30:00,-5.010626183333334,-9.12334455,,
2024-10-21 08:00:00,-21.72265493333333,-24.002528916666662,,
2024-10-21 08:30:00,-42.9658107,-51.40856283333333,,
2024-10-21 09:00:00,-65.91238778333333,-72.66195233333333,,
2024-10-21 09:30:00,-84.50835905000001,-96.90660825,,
2024-10-21 10:00:00,-92.86214836666666,-106.79607006666669,,
2024-10-21 10:30:00,-107.3815372,-114.03423293333331,,
2024-10-21 11:00:00,-127.11653883333334,-139.09722101666668,,
2024-10-21 11:30:00,-147.05559261666664,-170.31322111666665,,
2024-10-21 12:00:00,-152.90483091666667,-176.68283658333334,,
2024-10-21 12:30:00,-158.16763896666666,-176.94824655000002,,
2024-10-21 13:00:00,-166.44142895000002,-175.4615201,,
2024-10-21 13:30:00,-181.5059243,-161.15872998333333,,
2024-10-21 14:00:00,-164.61346385,-152.31554623333332,,
2024-10-21 14:30:00,-146.21286218333333,-139.26740605,,
2024-10-21 15:00:00,-126.87744495,-115.26486175,,
2024-10-21 15:30:00,-95.16676326666668,-93.11038386666668,,
2024-10-21 16:00:00,-72.30000826666667,-65.7708728,,
2024-10-21 16:30:00,-45.86455051666667,-46.95443889999999,,
2024-10-21 17:00:00,-25.73187031666667,-23.921207866666663,,
2024-10-21 17:30:00,-12.3344995,-8.429330633333334,,
2024-10-21 18:00:00,0.3622173000000002,0.3941010999999998,,
2024-10-21 18:30:00,1.2823978500000004,3.028905483333333,,
2024-10-21 19:00:00,7.1072537166666665,5.662355516666668,,
2024-10-21 19:30:00,6.5180249,8.792049533333333,,
2024-10-21 20:00:00,11.674024483333334,8.8246701,,
2024-10-21 20:30:00,14.308309533333334,9.1153439,,
2024-10-21 21:00:00,10.657277833333334,8.494606766666665,,
2024-10-21 21:30:00,9.791479416666666,8.416607633333333,,
2024-10-21 22:00:00,10.13814495,8.41825835,,
2024-10-21 22:30:00,11.596961066666664,10.098030583333331,,
2024-10-21 23:00:00,14.4475006,13.091885566666669,,
2024-10-21 23:30:00,17.7606918,14.092003466666668,,
2024-10-22 00:00:00,18.226543966666664,13.687350533333335,,
2024-10-22 00:30:00,17.692367683333334,15.0421627,,
2024-10-22 01:00:00,17.414666633333336,16.752373933333335,,
2024-10-22 01:30:00,18.13367013333333,16.849411083333333,,
2024-10-22 02:00:00,19.831205516666667,17.881203316666667,,
2024-10-22 02:30:00,21.356462316666665,19.26506563333333,,
2024-10-22 03:00:00,20.5516695,22.82369388333333,,
2024-10-22 03:30:00,23.1809578,20.148070633333333,,
2024-10-22 04:00:00,22.014647116666666,24.9071127,,
2024-10-22 04:30:00,22.21006823333333,29.11372985,,
2024-10-22 05:00:00,21.601319466666663,21.291774033333333,,
2024-10-22 05:30:00,19.21735778333333,20.04929845,,
2024-10-22 06:00:00,17.019468916666668,19.22793765,,
2024-10-22 06:30:00,13.734235616666666,12.461766250000002,,
2024-10-22 07:00:00,12.9628416,6.193165566666667,,
2024-10-22 07:30:00,-1.9377865833333336,-5.010626183333334,,
2024-10-22 08:00:00,-12.450946800000002,-21.72265493333333,,
2024-10-22 08:30:00,-33.58325096666667,-42.9658107,,
2024-10-22 09:00:00,-54.981921633333336,-65.91238778333333,,
2024-10-22 09:30:00,-77.71865716666666,-84.50835905000001,,
2024-10-22 10:00:00,-94.7719174,-92.86214836666666,,
2024-10-22 10:30:00,-112.73728651666666,-107.3815372,,
2024-10-22 11:00:00,-116.25852503333331,-127.11653883333334,,
2024-10-22 11:30:00,-132.41045886666666,-147.05559261666664,,
2024-10-22 12:00:00,-139.17115775,-152.90483091666667,,
2024-10-22 12:30:00,-152.16277658333334,-158.16763896666666,,
2024-10-22 13:00:00,-153.36172121666667,-166.44142895000002,,
2024-10-22 13:30:00,-140.87895228333335,-181.5059243,,
2024-10-22 14:00:00,-133.14928548333333,-164.61346385,,
2024-10-22 14:30:00,-124.87917236666668,-146.21286218333333,,
2024-10-22 15:00:00,-107.90629443333334,-126.87744495,,
2024-10-22 15:30:00,-77.29367168333333,-95.16676326666668,,
2024-10-22 16:00:00,-61.44324873333333,-72.30000826666667,,
2024-10-22 16:30:00,-39.06262118333333,-45.86455051666667,,
2024-10-22 17:00:00,-25.877414400000003,-25.73187031666667,,
2024-10-22 17:30:00,-6.389516,-12.3344995,,
2024-10-22 18:00:00,3.9566761,0.3622173000000002,,
2024-10-22 18:30:00,3.114171766666667,1.2823978500000004,,
2024-10-22 19:00:00,6.299507616666666,7.1072537166666665,,
2024-10-22 19:30:00,9.116069566666669,6.5180249,,
2024-10-22 20:00:00,8.426839316666667,11.674024483333334,,
2024-10-22 20:30:00,10.873742733333332,14.308309533333334,,
2024-10-22 21:00:00,12.201857283333332,10.657277833333334,,
2024-10-22 21:30:00,9.31023775,9.791479416666666,,
2024-10-22 22:00:00,10.19792,10.13814495,,
2024-10-22 22:30:00,11.697633533333333,11.596961066666664,,
2024-10-22 23:00:00,15.60950175,14.4475006,,
2024-10-22 23:30:00,19.7263368,17.7606918,,
2024-10-23 00:00:00,19.687766116666666,18.226543966666664,,
2024-10-23 00:30:00,18.66081498333333,17.692367683333334,,
2024-10-23 01:00:00,20.064024516666667,17.414666633333336,,
2024-10-23 01:30:00,18.710292133333333,18.13367013333333,,
2024-10-23 02:00:00,18.643659016666664,19.831205516666667,,
2024-10-23 02:30:00,17.586729950000002,21.356462316666665,,
2024-10-23 03:00:00,18.132612766666668,20.5516695,,
2024-10-23 03:30:00,18.51888828333333,23.1809578,,
2024-10-23 04:00:00,17.378299816666665,22.014647116666666,,
2024-10-23 04:30:00,19.29112728333333,22.21006823333333,,
2024-10-23 05:00:00,17.147736033333334,21.601319466666663,,
2024-10-23 05:30:00,12.896197383333332,19.21735778333333,,
2024-10-23 06:00:00,9.479753866666668,17.019468916666668,,
2024-10-23 06:30:00,4.0345607,13.734235616666666,,
2024-10-23 07:00:00,3.4222778333333337,12.9628416,,
2024-10-23 07:30:00,3.73183785,-1.9377865833333336,,
2024-10-23 08:00:00,-3.839973483333333,-12.450946800000002,,
2024-10-23 08:30:00,-21.32647718333333,-33.58325096666667,,
2024-10-23 09:00:00,-49.07200065,-54.981921633333336,,
2024-10-23 09:30:00,-63.09679501666667,-77.71865716666666,,
2024-10-23 10:00:00,-85.46448273333333,-94.7719174,,
2024-10-23 10:30:00,-111.93461493333332,-112.73728651666666,,
2024-10-23 11:00:00,-131.59721398333332,-116.25852503333331,,
2024-10-23 11:30:00,-147.46019561666665,-132.41045886666666,,
2024-10-23 12:00:00,-149.21577833333333,-139.17115775,,
2024-10-23 12:30:00,-146.51147498333333,-152.16277658333334,,
2024-10-23 13:00:00,-144.36133551666666,-153.36172121666667,,
2024-10-23 13:30:00,-138.27565723333333,-140.87895228333335,,
2024-10-23 14:00:00,-137.37927545,-133.14928548333333,,
2024-10-23 14:30:00,-116.19434613333333,-124.87917236666668,,
2024-10-23 15:00:00,-96.89682728333332,-107.90629443333334,,
2024-10-23 15:30:00,-85.94951729999998,-77.29367168333333,,
2024-10-23 16:00:00,-72.41525281666667,-61.44324873333333,,
2024-10-23 16:30:00,-44.91755995,-39.06262118333333,,
2024-10-23 17:00:00,-24.2486155,-25.877414400000003,,
2024-10-23 17:30:00,-7.832282933333334,-6.389516,,
2024-10-23 18:00:00,-2.632149983333333,3.9566761,,
2024-10-23 18:30:00,5.800191633333334,3.114171766666667,,
2024-10-23 19:00:00,14.119559366666666,6.299507616666666,,
2024-10-23 19:30:00,15.1697878,9.116069566666669,,
2024-10-23 20:00:00,14.709159466666668,8.426839316666667,,
2024-10-23 20:30:00,13.198472133333333,10.873742733333332,,
2024-10-23 21:00:00,13.248438333333333,12.201857283333332,,
2024-10-23 21:30:00,14.761090349999998,9.31023775,,
2024-10-23 22:00:00,15.13639335,10.19792,,
2024-10-23 22:30:00,13.3701362,11.697633533333333,,
2024-10-23 23:00:00,16.79864111666667,15.60950175,,
2024-10-23 23:30:00,18.9471112,19.7263368,,
2024-10-24 00:00:00,18.24022885,19.687766116666666,,
2024-10-24 00:30:00,17.774214349999998,18.66081498333333,,
2024-10-24 01:00:00,17.768227333333332,20.064024516666667,,
2024-10-24 01:30:00,19.128454416666667,18.710292133333333,,
2024-10-24 02:00:00,15.51052605,18.643659016666664,,
2024-10-24 02:30:00,15.73921105,17.586729950000002,,
2024-10-24 03:00:00,15.1643699,18.132612766666668,,
2024-10-24 03:30:00,15.820197933333333,18.51888828333333,,
2024-10-24 04:00:00,17.47089,17.378299816666665,,
2024-10-24 04:30:00,19.240327766666667,19.29112728333333,,
2024-10-24 05:00:00,20.03409878333333,17.147736033333334,,
2024-10-24 05:30:00,18.311715366666665,12.896197383333332,,
2024-10-24 06:00:00,14.634842283333334,9.479753866666668,,
2024-10-24 06:30:00,7.995267166666667,4.0345607,,
2024-10-24 07:00:00,6.043537233333335,3.4222778333333337,,
2024-10-24 07:30:00,0.6233995333333331,3.73183785,,
2024-10-24 08:00:00,-19.428463933333333,-3.839973483333333,,
2024-10-24 08:30:00,-38.810149333333335,-21.32647718333333,,
2024-10-24 09:00:00,-72.89157386666666,-49.07200065,,
2024-10-24 09:30:00,-89.15338071666667,-63.09679501666667,,
2024-10-24 10:00:00,-107.8465316,-85.46448273333333,,
2024-10-24 10:30:00,-136.7816851,-111.93461493333332,,
2024-10-24 11:00:00,-140.94201325,-131.59721398333332,,
2024-10-24 11:30:00,-160.30008666666666,-147.46019561666665,,
2024-10-24 12:00:00,-167.27370506666668,-149.21577833333333,,
2024-10-24 12:30:00,-176.12915613333334,-146.51147498333333,,
2024-10-24 13:00:00,-172.48074596666666,-144.36133551666666,,
2024-10-24 13:30:00,-164.50533835,-138.27565723333333,,
2024-10-24 14:00:00,-146.6334939,-137.37927545,,
2024-10-24 14:30:00,-116.94952176666668,-116.19434613333333,,
2024-10-24 15:00:00,-110.05827713333332,-96.89682728333332,,
2024-10-24 15:30:00,-92.9752963,-85.94951729999998,,
2024-10-24 16:00:00,-75.50029554999999,-72.41525281666667,,
2024-10-24 16:30:00,-49.87790161666667,-44.91755995,,
2024-10-24 17:00:00,-28.1123794,-24.2486155,,
2024-10-24 17:30:00,-9.8252806,-7.832282933333334,,
2024-10-24 18:00:00,-1.04674885,-2.632149983333333,,
2024-10-24 18:30:00,8.041339883333334,5.800191633333334,,
2024-10-24 19:00:00,11.6063367,14.119559366666666,,
2024-10-24 19:30:00,13.4524617,15.1697878,,
2024-10-24 20:00:00,12.802198916666669,14.709159466666668,,
2024-10-24 20:30:00,17.272046583333335,13.198472133333333,,
2024-10-24 21:00:00,18.82116955,13.248438333333333,,
2024-10-24 21:30:00,12.677127216666667,14.761090349999998,,
2024-10-24 22:00:00,9.573094933333334,15.13639335,,
2024-10-24 22:30:00,10.591152216666666,13.3701362,,
2024-10-24 23:00:00,15.110327266666667,16.79864111666667,,
2024-10-24 23:30:00,16.34900131666667,18.9471112,,
2024-10-25 00:00:00,16.98111325,18.24022885,,
2024-10-25 00:30:00,16.590799983333334,17.774214349999998,,
2024-10-25 01:00:00,16.22811546666667,17.768227333333332,,
2024-10-25 01:30:00,17.395144900000002,19.128454416666667,,
2024-10-25 02:00:00,18.00648775,15.51052605,,
2024-10-25 02:30:00,17.748057833333334,15.73921105,,
2024-10-25 03:00:00,19.800605,15.1643699,,
2024-10-25 03:30:00,20.70543398333333,15.820197933333333,,
2024-10-25 04:00:00,26.491384333333333,17.47089,,
2024-10-25 04:30:00,30.507286,19.240327766666667,,
2024-10-25 05:00:00,25.9425887,20.03409878333333,,
2024-10-25 05:30:00,20.97749925,18.311715366666665,,
2024-10-25 06:00:00,17.001213933333332,14.634842283333334,,
2024-10-25 06:30:00,19.02496495,7.995267166666667,,
2024-10-25 07:00:00,7.982588866666667,6.043537233333335,,
2024-10-25 07:30:00,-0.8555851,0.6233995333333331,,
2024-10-25 08:00:00,-19.863129983333334,-19.428463933333333,,
2024-10-25 08:30:00,-48.78749615,-38.810149333333335,,
2024-10-25 09:00:00,-75.39672355,-72.89157386666666,,
2024-10-25 09:30:00,-99.00978783333332,-89.15338071666667,,
2024-10-25 10:00:00,-128.56227698333333,-107.8465316,,
2024-10-25 10:30:00,-139.65267106666667,-136.7816851,,
2024-10-25 11:00:00,-150.03803776666666,-140.94201325,,
2024-10-25 11:30:00,-158.81974618333334,-160.30008666666666,,
2024-10-25 12:00:00,-174.30437561666668,-167.27370506666668,,
2024-10-25 12:30:00,-166.0266581666667,-176.12915613333334,,
2024-10-25 13:00:00,-168.09036943333334,-172.48074596666666,,
2024-10-25 13:30:00,-179.78613059999998,-164.50533835,,
2024-10-25 14:00:00,-162.21067453333333,-146.6334939,,
2024-10-25 14:30:00,-151.34452573333334,-116.94952176666668,,
2024-10-25 15:00:00,-130.71548948333333,-110.05827713333332,,
2024-10-25 15:30:00,-118.0195093,-92.9752963,,
2024-10-25 16:00:00,-86.68950626666667,-75.50029554999999,,
2024-10-25 16:30:00,-54.56207386666667,-49.87790161666667,,
2024-10-25 17:00:00,-35.59074378333333,-28.1123794,,
2024-10-25 17:30:00,-13.99569775,-9.8252806,,
2024-10-25 18:00:00,-1.6607989666666667,-1.04674885,,
2024-10-25 18:30:00,2.245204433333333,8.041339883333334,,
2024-10-25 19:00:00,7.239347866666667,11.6063367,,
2024-10-25 19:30:00,8.939555566666668,13.4524617,,
2024-10-25 20:00:00,13.12385095,12.802198916666669,,
2024-10-25 20:30:00,15.634728916666669,17.272046583333335,,
2024-10-25 21:00:00,13.2972895,18.82116955,,
2024-10-25 21:30:00,16.929728333333333,12.677127216666667,,
2024-10-25 22:00:00,14.10436285,9.573094933333334,,
2024-10-25 22:30:00,12.120816016666666,10.591152216666666,,
2024-10-25 23:00:00,11.977309416666666,15.110327266666667,,
2024-10-25 23:30:00,14.2829634,16.34900131666667,,
2024-10-26 00:00:00,18.8456111,16.98111325,,
2024-10-26 00:30:00,16.435571683333333,16.590799983333334,,
2024-10-26 01:00:00,18.800562816666663,16.22811546666667,,
2024-10-26 01:30:00,19.05791445,17.395144900000002,,
2024-10-26 02:00:00,20.02522738333333,18.00648775,,
2024-10-26 02:30:00,21.85530045,17.748057833333334,,
2024-10-26 03:00:00,20.7781422,19.800605,,
2024-10-26 03:30:00,20.994298383333334,20.70543398333333,,
2024-10-26 04:00:00,27.567685,26.491384333333333,,
2024-10-26 04:30:00,25.517854933333336,30.507286,,
2024-10-26 05:00:00,15.153033933333331,25.9425887,,
2024-10-26 05:30:00,11.783726133333332,20.97749925,,
2024-10-26 06:00:00,15.083469,17.001213933333332,,
2024-10-26 06:30:00,8.3112732,19.02496495,,
2024-10-26 07:00:00,0.6993384999999998,7.982588866666667,,
2024-10-26 07:30:00,-13.391756666666666,-0.8555851,,
2024-10-26 08:00:00,-22.0384884,-19.863129983333334,,
2024-10-26 08:30:00,-55.826847166666674,-48.78749615,,
2024-10-26 09:00:00,-83.75214435,-75.39672355,,
2024-10-26 09:30:00,-103.20796783333331,-99.00978783333332,,
2024-10-26 10:00:00,-127.91905996666668,-128.56227698333333,,
2024-10-26 10:30:00,-143.39871381666669,-139.65267106666667,,
2024-10-26 11:00:00,-160.84308713333334,-150.03803776666666,,
2024-10-26 11:30:00,-180.31908051666667,-158.81974618333334,,
2024-10-26 12:00:00,-183.35088225,-174.30437561666668,,
2024-10-26 12:30:00,-188.21887198333332,-166.0266581666667,,
2024-10-26 13:00:00,-197.42260728333332,-168.09036943333334,,
2024-10-26 13:30:00,-193.12835831666663,-179.78613059999998,,
2024-10-26 14:00:00,-181.10903355,-162.21067453333333,,
2024-10-26 14:30:00,-171.2446239,-151.34452573333334,,
2024-10-26 15:00:00,-145.98447783333333,-130.71548948333333,,
2024-10-26 15:30:00,-109.21586335,-118.0195093,,
2024-10-26 16:00:00,-75.37140615,-86.68950626666667,,
2024-10-26 16:30:00,-43.723007216666666,-54.56207386666667,,
2024-10-26 17:00:00,-20.694669933333333,-35.59074378333333,,
2024-10-26 17:30:00,-9.699268233333331,-13.99569775,,
2024-10-26 18:00:00,-2.0121622333333327,-1.6607989666666667,,
2024-10-26 18:30:00,0.6873515833333331,2.245204433333333,,
2024-10-26 19:00:00,3.678943383333333,7.239347866666667,,
2024-10-26 19:30:00,6.0027584166666665,8.939555566666668,,
2024-10-26 20:00:00,9.529348833333334,13.12385095,,
2024-10-26 20:30:00,9.0756312,15.634728916666669,,
2024-10-26 21:00:00,10.0755589,13.2972895,,
2024-10-26 21:30:00,10.0755816,16.929728333333333,,
2024-10-26 22:00:00,9.528703316666666,14.10436285,,
2024-10-26 22:30:00,9.209186733333334,12.120816016666666,,
2024-10-26 23:00:00,12.791098916666668,11.977309416666666,,
2024-10-26 23:30:00,11.866578333333337,14.2829634,,
2024-10-27 00:00:00,14.195239983333332,18.8456111,,
2024-10-27 00:30:00,14.288547583333331,16.435571683333333,,
2024-10-27 01:00:00,15.438649966666668,18.800562816666663,,
2024-10-27 01:30:00,18.005884516666665,19.05791445,,
2024-10-27 02:00:00,17.513881033333334,20.02522738333333,,
2024-10-27 02:30:00,18.622707816666665,21.85530045,,
2024-10-27 03:00:00,15.821250066666666,20.7781422,,
2024-10-27 03:30:00,15.16571945,20.994298383333334,,
2024-10-27 04:00:00,14.910517716666666,27.567685,,
2024-10-27 04:30:00,15.061909483333332,25.517854933333336,,
2024-10-27 05:00:00,12.979283383333334,15.153033933333331,,
2024-10-27 05:30:00,11.479901483333334,11.783726133333332,,
2024-10-27 06:00:00,7.379010033333333,15.083469,,
2024-10-27 06:30:00,6.589391766666666,8.3112732,,
2024-10-27 07:00:00,-0.3170844500000001,0.6993384999999998,,
2024-10-27 07:30:00,-4.251654433333333,-13.391756666666666,,
2024-10-27 08:00:00,-15.29849825,-22.0384884,,
2024-10-27 08:30:00,-49.36795345,-55.826847166666674,,
2024-10-27 09:00:00,-68.55005993333333,-83.75214435,,
2024-10-27 09:30:00,-108.1311083,-103.20796783333331,,
2024-10-27 10:00:00,-122.08049338333332,-127.91905996666668,,
2024-10-27 10:30:00,-139.06036828333333,-143.39871381666669,,
2024-10-27 11:00:00,-158.5466672,-160.84308713333334,,
2024-10-27 11:30:00,-176.98774939999998,-180.31908051666667,,
2024-10-27 12:00:00,-186.02025383333333,-183.35088225,,
2024-10-27 12:30:00,-184.64085275,-188.21887198333332,,
2024-10-27 13:00:00,-177.77085624999998,-197.42260728333332,,
2024-10-27 13:30:00,-169.9577805333333,-193.12835831666663,,
2024-10-27 14:00:00,-155.63958611666666,-181.10903355,,
2024-10-27 14:30:00,-146.27344785,-171.2446239,,
2024-10-27 15:00:00,-126.5394405,-145.98447783333333,,
2024-10-27 15:30:00,-114.69273066666666,-109.21586335,,
2024-10-27 16:00:00,-88.7568933,-75.37140615,,
2024-10-27 16:30:00,-65.27869338333333,-43.723007216666666,,
2024-10-27 17:00:00,-38.73141606666667,-20.694669933333333,,
2024-10-27 17:30:00,-16.701549966666665,-9.699268233333331,,
2024-10-27 18:00:00,-5.055324383333333,-2.0121622333333327,,
2024-10-27 18:30:00,-1.6352772000000002,0.6873515833333331,,
2024-10-27 19:00:00,8.52032115,3.678943383333333,,
2024-10-27 19:30:00,8.46735835,6.0027584166666665,,
2024-10-27 20:00:00,8.432077283333333,9.529348833333334,,
2024-10-27 20:30:00,10.002861766666667,9.0756312,,
2024-10-27 21:00:00,10.308538283333334,10.0755589,,
2024-10-27 21:30:00,10.007131883333336,10.0755816,,
2024-10-27 22:00:00,12.891481716666666,9.528703316666666,,
2024-10-27 22:30:00,13.094884416666666,9.209186733333334,,
2024-10-27 23:00:00,16.8122096,12.791098916666668,,
2024-10-27 23:30:00,15.140602716666669,11.866578333333337,,
2024-10-28 00:00:00,15.713098216666666,14.195239983333332,,
2024-10-28 00:30:00,15.823984016666666,14.288547583333331,,
2024-10-28 01:00:00,15.593574866666666,15.438649966666668,,
2024-10-28 01:30:00,15.799681,18.005884516666665,,
2024-10-28 02:00:00,16.72401616666667,17.513881033333334,,
2024-10-28 02:30:00,17.75486605,18.622707816666665,,
2024-10-28 03:00:00,17.647450000000003,15.821250066666666,,
2024-10-28 03:30:00,20.041099016666667,15.16571945,,
2024-10-28 04:00:00,25.7662078,14.910517716666666,,
2024-10-28 04:30:00,29.047739000000004,15.061909483333332,,
2024-10-28 05:00:00,21.73241443333333,12.979283383333334,,
2024-10-28 05:30:00,22.31187776666667,11.479901483333334,,
2024-10-28 06:00:00,22.99483225,7.379010033333333,,
2024-10-28 06:30:00,17.6756571,6.589391766666666,,
2024-10-28 07:00:00,8.830766583333334,-0.3170844500000001,,
2024-10-28 07:30:00,-0.038794983333333,-4.251654433333333,,
2024-10-28 08:00:00,-13.1141283,-15.29849825,,
2024-10-28 08:30:00,-35.4638423,-49.36795345,,
2024-10-28 09:00:00,-61.08091096666666,-68.55005993333333,,
2024-10-28 09:30:00,-80.48077174999999,-108.1311083,,
2024-10-28 10:00:00,-107.75044511666664,-122.08049338333332,,
2024-10-28 10:30:00,-131.0405423,-139.06036828333333,,
2024-10-28 11:00:00,-134.04074011666663,-158.5466672,,
2024-10-28 11:30:00,-151.1801161,-176.98774939999998,,
2024-10-28 12:00:00,-166.94328606666667,-186.02025383333333,,
2024-10-28 12:30:00,-167.7766162,-184.64085275,,
2024-10-28 13:00:00,-157.56091946666666,-177.77085624999998,,
2024-10-28 13:30:00,-160.2205656,-169.9577805333333,,
2024-10-28 14:00:00,-151.93461994999998,-155.63958611666666,,
2024-10-28 14:30:00,-139.52218495,-146.27344785,,
2024-10-28 15:00:00,-124.68112723333331,-126.5394405,,
2024-10-28 15:30:00,-105.5142273,-114.69273066666666,,
2024-10-28 16:00:00,-82.32236938333334,-88.7568933,,
2024-10-28 16:30:00,-62.41662276666667,-65.27869338333333,,
2024-10-28 17:00:00,-38.254472766666666,-38.73141606666667,,
2024-10-28 17:30:00,-16.67087435,-16.701549966666665,,
2024-10-28 18:00:00,-3.712082816666667,-5.055324383333333,,
2024-10-28 18:30:00,0.2656629666666665,-1.6352772000000002,,
2024-10-28 19:00:00,7.182484,8.52032115,,
2024-10-28 19:30:00,9.0256422,8.46735835,,
2024-10-28 20:00:00,13.1837671,8.432077283333333,,
2024-10-28 20:30:00,18.487603366666665,10.002861766666667,,
2024-10-28 21:00:00,17.397320083333334,10.308538283333334,,
2024-10-28 21:30:00,12.7206506,10.007131883333336,,
2024-10-28 22:00:00,13.262858933333334,12.891481716666666,,
2024-10-28 22:30:00,10.588020033333336,13.094884416666666,,
2024-10-28 23:00:00,17.66568395,16.8122096,,
2024-10-28 23:30:00,18.73942565,15.140602716666669,,
2024-10-29 00:00:00,15.394886,15.713098216666666,,
2024-10-29 00:30:00,16.618330516666667,15.823984016666666,,
2024-10-29 01:00:00,14.519749883333333,15.593574866666666,,
2024-10-29 01:30:00,16.80967456666667,15.799681,,
2024-10-29 02:00:00,18.37803715,16.72401616666667,,
2024-10-29 02:30:00,18.047052366666662,17.75486605,,
2024-10-29 03:00:00,18.32730438333333,17.647450000000003,,
2024-10-29 03:30:00,18.12258448333333,20.041099016666667,,
2024-10-29 04:00:00,22.851953433333332,25.7662078,,
2024-10-29 04:30:00,26.5766695,29.047739000000004,,
2024-10-29 05:00:00,20.0048795,21.73241443333333,,
2024-10-29 05:30:00,15.107568966666667,22.31187776666667,,
2024-10-29 06:00:00,10.466764016666668,22.99483225,,
2024-10-29 06:30:00,7.777545033333333,17.6756571,,
2024-10-29 07:00:00,7.282078866666667,8.830766583333334,,
2024-10-29 07:30:00,-2.667584516666667,-0.038794983333333,,
2024-10-29 08:00:00,-22.228882316666667,-13.1141283,,
2024-10-29 08:30:00,-45.74796658333333,-35.4638423,,
2024-10-29 09:00:00,-72.86497446666667,-61.08091096666666,,
2024-10-29 09:30:00,-93.15453715,-80.48077174999999,,
2024-10-29 10:00:00,-109.48818768333332,-107.75044511666664,,
2024-10-29 10:30:00,-133.31399116666668,-131.0405423,,
2024-10-29 11:00:00,-160.35654498333335,-134.04074011666663,,
2024-10-29 11:30:00,-182.22168381666663,-151.1801161,,
2024-10-29 12:00:00,-190.0407155833333,-166.94328606666667,,
2024-10-29 12:30:00,-199.60552558333333,-167.7766162,,
2024-10-29 13:00:00,-194.29272673333327,-157.56091946666666,,
2024-10-29 13:30:00,-188.0938193833333,-160.2205656,,
2024-10-29 14:00:00,-179.89895321666663,-151.93461994999998,,
2024-10-29 14:30:00,-167.84904836666666,-139.52218495,,
2024-10-29 15:00:00,-149.92021328333334,-124.68112723333331,,
2024-10-29 15:30:00,-123.86250111666668,-105.5142273,,
2024-10-29 16:00:00,-92.59719718333334,-82.32236938333334,,
2024-10-29 16:30:00,-63.888227066666666,-62.41662276666667,,
2024-10-29 17:00:00,-42.58132495,-38.254472766666666,,
2024-10-29 17:30:00,-20.30411605,-16.67087435,,
2024-10-29 18:00:00,-4.054472250000001,-3.712082816666667,,
2024-10-29 18:30:00,0.2129405999999999,0.2656629666666665,,
2024-10-29 19:00:00,2.672428366666667,7.182484,,
2024-10-29 19:30:00,8.148364916666667,9.0256422,,
2024-10-29 20:00:00,9.256754916666669,13.1837671,,
2024-10-29 20:30:00,8.076721516666668,18.487603366666665,,
2024-10-29 21:00:00,11.354784366666667,17.397320083333334,,
2024-10-29 21:30:00,10.6763744,12.7206506,,
2024-10-29 22:00:00,10.577323283333332,13.262858933333334,,
2024-10-29 22:30:00,10.582494466666668,10.588020033333336,,
2024-10-29 23:00:00,18.5500073,17.66568395,,
2024-10-29 23:30:00,18.39021508333333,18.73942565,,
2024-10-30 00:00:00,17.600403833333335,15.394886,,
2024-10-30 00:30:00,19.963096166666663,16.618330516666667,,
2024-10-30 01:00:00,18.882418233333333,14.519749883333333,,
2024-10-30 01:30:00,21.504836066666662,16.80967456666667,,
2024-10-30 02:00:00,22.224141183333334,18.37803715,,
2024-10-30 02:30:00,23.20301381666667,18.047052366666662,,
2024-10-30 03:00:00,21.681198416666664,18.32730438333333,,
2024-10-30 03:30:00,22.324967816666668,18.12258448333333,,
2024-10-30 04:00:00,25.272602733333333,22.851953433333332,,
2024-10-30 04:30:00,27.75988,26.5766695,,
2024-10-30 05:00:00,20.58248055,20.0048795,,
2024-10-30 05:30:00,15.725281116666666,15.107568966666667,,
2024-10-30 06:00:00,13.810533800000002,10.466764016666668,,
2024-10-30 06:30:00,12.236175,7.777545033333333,,
2024-10-30 07:00:00,9.851529883333331,7.282078866666667,,
2024-10-30 07:30:00,-0.6035905666666666,-2.667584516666667,,
2024-10-30 08:00:00,-17.554851166666666,-22.228882316666667,,
2024-10-30 08:30:00,-52.644360983333335,-45.74796658333333,,
2024-10-30 09:00:00,-77.34276846666667,-72.86497446666667,,
2024-10-30 09:30:00,-108.5474578,-93.15453715,,
2024-10-30 10:00:00,-129.98727841666667,-109.48818768333332,,
2024-10-30 10:30:00,-158.23928451666666,-133.31399116666668,,
2024-10-30 11:00:00,-181.9313011333333,-160.35654498333335,,
2024-10-30 11:30:00,-192.31640205,-182.22168381666663,,
2024-10-30 12:00:00,-199.75735346666667,-190.0407155833333,,
2024-10-30 12:30:00,-198.78790561666665,-199.60552558333333,,
2024-10-30 13:00:00,-195.36581505,-194.29272673333327,,
2024-10-30 13:30:00,-193.97350285,-188.0938193833333,,
2024-10-30 14:00:00,-173.35181939999998,-179.89895321666663,,
2024-10-30 14:30:00,-146.53840663333332,-167.84904836666666,,
2024-10-30 15:00:00,-113.30718223333334,-149.92021328333334,,
2024-10-30 15:30:00,-101.31869495,-123.86250111666668,,
2024-10-30 16:00:00,-90.52025006666668,-92.59719718333334,,
2024-10-30 16:30:00,-61.01400648333333,-63.888227066666666,,
2024-10-30 17:00:00,-35.752628333333334,-42.58132495,,
2024-10-30 17:30:00,-15.786712783333334,-20.30411605,,
2024-10-30 18:00:00,-5.31363005,-4.054472250000001,,
2024-10-30 18:30:00,3.131363366666667,0.2129405999999999,,
2024-10-30 19:00:00,3.4677810000000004,2.672428366666667,,
2024-10-30 19:30:00,8.520858333333333,8.148364916666667,,
2024-10-30 20:00:00,10.481450683333334,9.256754916666669,,
2024-10-30 20:30:00,13.732442833333332,8.076721516666668,,
2024-10-30 21:00:00,12.905761,11.354784366666667,,
2024-10-30 21:30:00,12.453735666666669,10.6763744,,
2024-10-30 22:00:00,11.534692766666666,10.577323283333332,,
2024-10-30 22:30:00,13.071199833333331,10.582494466666668,,
2024-10-30 23:00:00,16.0456833,18.5500073,,
2024-10-30 23:30:00,17.250647700000002,18.39021508333333,,
2024-10-31 00:00:00,17.886284883333335,17.600403833333335,,
2024-10-31 00:30:00,20.34712593333333,19.963096166666663,,
2024-10-31 01:00:00,18.420978316666663,18.882418233333333,,
2024-10-31 01:30:00,17.812826666666666,21.504836066666662,,
2024-10-31 02:00:00,16.434904916666667,22.224141183333334,,
2024-10-31 02:30:00,17.72519055,23.20301381666667,,
2024-10-31 03:00:00,16.549551233333332,21.681198416666664,,
2024-10-31 03:30:00,15.889675116666666,22.324967816666668,,
2024-10-31 04:00:00,20.537269416666664,25.272602733333333,,
2024-10-31 04:30:00,26.85314788333333,27.75988,,
2024-10-31 05:00:00,18.1869599,20.58248055,,
2024-10-31 05:30:00,13.397158266666668,15.725281116666666,,
2024-10-31 06:00:00,12.16268225,13.810533800000002,,
2024-10-31 06:30:00,8.940043316666667,12.236175,,
2024-10-31 07:00:00,5.190656616666666,9.851529883333331,,
2024-10-31 07:30:00,-1.7438933666666674,-0.6035905666666666,,
2024-10-31 08:00:00,-14.574974933333335,-17.554851166666666,,
2024-10-31 08:30:00,-46.55559765,-52.644360983333335,,
2024-10-31 09:00:00,-74.74883058333334,-77.34276846666667,,
2024-10-31 09:30:00,-99.99425933333332,-108.5474578,,
2024-10-31 10:00:00,-113.17044701666669,-129.98727841666667,,
2024-10-31 10:30:00,-133.72645093333333,-158.23928451666666,,
2024-10-31 11:00:00,-152.81454948333334,-181.9313011333333,,
2024-10-31 11:30:00,-164.03995051666666,-192.31640205,,
2024-10-31 12:00:00,-158.86640278333334,-199.75735346666667,,
2024-10-31 12:30:00,-163.3394099666667,-198.78790561666665,,
2024-10-31 13:00:00,-153.59515006666666,-195.36581505,,
2024-10-31 13:30:00,-134.27402496666667,-193.97350285,,
2024-10-31 14:00:00,-121.55712665,-173.35181939999998,,
2024-10-31 14:30:00,-120.86497326666664,-146.53840663333332,,
2024-10-31 15:00:00,-116.72927778333332,-113.30718223333334,,
2024-10-31 15:30:00,-98.82596103333331,-101.31869495,,
2024-10-31 16:00:00,-77.40561058333333,-90.52025006666668,,
2024-10-31 16:30:00,-50.85694828333334,-61.01400648333333,,
2024-10-31 17:00:00,-33.970926766666665,-35.752628333333334,,
2024-10-31 17:30:00,-15.07726505,-15.786712783333334,,
2024-10-31 18:00:00,-8.1221435,-5.31363005,,
2024-10-31 18:30:00,-2.6221723500000005,3.131363366666667,,
2024-10-31 19:00:00,2.416155516666667,3.4677810000000004,,
2024-10-31 19:30:00,7.032626733333333,8.520858333333333,,
2024-10-31 20:00:00,11.116814833333336,10.481450683333334,,
2024-10-31 20:30:00,9.115696183333334,13.732442833333332,,
2024-10-31 21:00:00,9.17909005,12.905761,,
2024-10-31 21:30:00,9.344645883333332,12.453735666666669,,
2024-10-31 22:00:00,10.568963333333333,11.534692766666666,,
2024-10-31 22:30:00,9.982377166666666,13.071199833333331,,
2024-10-31 23:00:00,16.942084499999996,16.0456833,,
2024-10-31 23:30:00,21.3480811,17.250647700000002,,
2024-11-01 00:00:00,19.977565433333336,17.886284883333335,,
2024-11-01 00:30:00,20.00797215,20.34712593333333,,
2024-11-01 01:00:00,20.69041555,18.420978316666663,,
2024-11-01 01:30:00,22.550286683333336,17.812826666666666,,
2024-11-01 02:00:00,22.305636683333333,16.434904916666667,,
2024-11-01 02:30:00,23.2912788,17.72519055,,
2024-11-01 03:00:00,20.62151778333333,16.549551233333332,,
2024-11-01 03:30:00,22.076422216666668,15.889675116666666,,
2024-11-01 04:00:00,29.86365463333333,20.537269416666664,,
2024-11-01 04:30:00,31.73741105,26.85314788333333,,
2024-11-01 05:00:00,28.040732816666665,18.1869599,,
2024-11-01 05:30:00,17.627561116666666,13.397158266666668,,
2024-11-01 06:00:00,14.450367116666667,12.16268225,,
2024-11-01 06:30:00,11.521661683333337,8.940043316666667,,
2024-11-01 07:00:00,6.387434333333334,5.190656616666666,,
2024-11-01 07:30:00,-4.302017783333333,-1.7438933666666674,,
2024-11-01 08:00:00,-13.07093895,-14.574974933333335,,
2024-11-01 08:30:00,-46.03100436666667,-46.55559765,,
2024-11-01 09:00:00,-61.07846231666667,-74.74883058333334,,
2024-11-01 09:30:00,-87.38700661666667,-99.99425933333332,,
2024-11-01 10:00:00,-107.30134163333332,-113.17044701666669,,
2024-11-01 10:30:00,-112.57614943333334,-133.72645093333333,,
2024-11-01 11:00:00,-135.3022504,-152.81454948333334,,
2024-11-01 11:30:00,-155.41221665,-164.03995051666666,,
2024-11-01 12:00:00,-167.69972656666667,-158.86640278333334,,
2024-11-01 12:30:00,-174.83933996666667,-163.3394099666667,,
2024-11-01 13:00:00,-176.83763940000003,-153.59515006666666,,
2024-11-01 13:30:00,-180.54774171666668,-134.27402496666667,,
2024-11-01 14:00:00,-177.88973213333335,-121.55712665,,
2024-11-01 14:30:00,-158.80869561666665,-120.86497326666664,,
2024-11-01 15:00:00,-137.25452886666667,-116.72927778333332,,
2024-11-01 15:30:00,-110.86469988333332,-98.82596103333331,,
2024-11-01 16:00:00,-89.89389056666666,-77.40561058333333,,
2024-11-01 16:30:00,-60.41976405,-50.85694828333334,,
2024-11-01 17:00:00,-39.104893233333335,-33.970926766666665,,
2024-11-01 17:30:00,-19.595146133333333,-15.07726505,,
2024-11-01 18:00:00,-8.578780133333334,-8.1221435,,
2024-11-01 18:30:00,-0.6075367666666666,-2.6221723500000005,,
2024-11-01 19:00:00,3.932166333333333,2.416155516666667,,
2024-11-01 19:30:00,4.8816228,7.032626733333333,,
2024-11-01 20:00:00,8.274445,11.116814833333336,,
2024-11-01 20:30:00,10.710370666666668,9.115696183333334,,
2024-11-01 21:00:00,10.70309455,9.17909005,,
2024-11-01 21:30:00,8.689828983333333,9.344645883333332,,
2024-11-01 22:00:00,7.736239333333333,10.568963333333333,,
2024-11-01 22:30:00,9.933009566666668,9.982377166666666,,
2024-11-01 23:00:00,14.6941834,16.942084499999996,,
2024-11-01 23:30:00,14.340267216666666,21.3480811,,
2024-11-02 00:00:00,14.444436683333334,19.977565433333336,,
2024-11-02 00:30:00,18.050454466666668,20.00797215,,
2024-11-02 01:00:00,17.64253993333333,20.69041555,,
2024-11-02 01:30:00,15.372419933333331,22.550286683333336,,
2024-11-02 02:00:00,17.146056766666664,22.305636683333333,,
2024-11-02 02:30:00,16.31651391666667,23.2912788,,
2024-11-02 03:00:00,16.226738933333333,20.62151778333333,,
2024-11-02 03:30:00,16.45266385,22.076422216666668,,
2024-11-02 04:00:00,22.78669168333333,29.86365463333333,,
2024-11-02 04:30:00,25.8703012,31.73741105,,
2024-11-02 05:00:00,17.880693866666665,28.040732816666665,,
2024-11-02 05:30:00,15.87096668333333,17.627561116666666,,
2024-11-02 06:00:00,13.484002166666665,14.450367116666667,,
2024-11-02 06:30:00,8.314974516666666,11.521661683333337,,
2024-11-02 07:00:00,0.9072861166666664,6.387434333333334,,
2024-11-02 07:30:00,-8.864464983333333,-4.302017783333333,,
2024-11-02 08:00:00,-21.11464823333333,-13.07093895,,
2024-11-02 08:30:00,-32.541768850000004,-46.03100436666667,,
2024-11-02 09:00:00,-54.852260066666666,-61.07846231666667,,
2024-11-02 09:30:00,-74.14324993333334,-87.38700661666667,,
2024-11-02 10:00:00,-85.63331001666667,-107.30134163333332,,
2024-11-02 10:30:00,-97.54761891666668,-112.57614943333334,,
2024-11-02 11:00:00,-117.0965861,-135.3022504,,
2024-11-02 11:30:00,-131.9119866,-155.41221665,,
2024-11-02 12:00:00,-128.49141876666667,-167.69972656666667,,
2024-11-02 12:30:00,-132.6800483,-174.83933996666667,,
2024-11-02 13:00:00,-139.84973496666666,-176.83763940000003,,
2024-11-02 13:30:00,-132.02107049999998,-180.54774171666668,,
2024-11-02 14:00:00,-120.40000215,-177.88973213333335,,
2024-11-02 14:30:00,-108.65843398333334,-158.80869561666665,,
2024-11-02 15:00:00,-90.99349648333332,-137.25452886666667,,
2024-11-02 15:30:00,-71.86734226666667,-110.86469988333332,,
2024-11-02 16:00:00,-56.75528393333334,-89.89389056666666,,
2024-11-02 16:30:00,-35.36300228333334,-60.41976405,,
2024-11-02 17:00:00,-17.336113299999997,-39.104893233333335,,
2024-11-02 17:30:00,-6.916536116666666,-19.595146133333333,,
2024-11-02 18:00:00,7.479105099999999,-8.578780133333334,,
2024-11-02 18:30:00,7.068997066666667,-0.6075367666666666,,
2024-11-02 19:00:00,8.715457916666667,3.932166333333333,,
2024-11-02 19:30:00,10.323343433333331,4.8816228,,
2024-11-02 20:00:00,13.790206033333334,8.274445,,
2024-11-02 20:30:00,14.984025699999998,10.710370666666668,,
2024-11-02 21:00:00,20.64192665,10.70309455,,
2024-11-02 21:30:00,18.04123998333333,8.689828983333333,,
2024-11-02 22:00:00,17.35207266666667,7.736239333333333,,
2024-11-02 22:30:00,16.807413333333333,9.933009566666668,,
2024-11-02 23:00:00,17.411459483333335,14.6941834,,
2024-11-02 23:30:00,18.53767231666667,14.340267216666666,,
2024-11-03 00:00:00,17.686181566666665,14.444436683333334,,
2024-11-03 00:30:00,19.48463425,18.050454466666668,,
2024-11-03 01:00:00,20.457167833333333,17.64253993333333,,
2024-11-03 01:30:00,19.44416835,15.372419933333331,,
2024-11-03 02:00:00,23.65105065,17.146056766666664,,
2024-11-03 02:30:00,24.3654283,16.31651391666667,,
2024-11-03 03:00:00,23.909127866666665,16.226738933333333,,
2024-11-03 03:30:00,22.74091815,16.45266385,,
2024-11-03 04:00:00,22.990868833333334,22.78669168333333,,
2024-11-03 04:30:00,22.914018416666668,25.8703012,,
2024-11-03 05:00:00,22.940892233333333,17.880693866666665,,
2024-11-03 05:30:00,17.006638283333334,15.87096668333333,,
2024-11-03 06:00:00,12.974953233333332,13.484002166666665,,
2024-11-03 06:30:00,6.381117633333333,8.314974516666666,,
2024-11-03 07:00:00,1.5027811000000002,0.9072861166666664,,
2024-11-03 07:30:00,-5.192110516666667,-8.864464983333333,,
2024-11-03 08:00:00,-13.883384416666669,-21.11464823333333,,
2024-11-03 08:30:00,-27.227824216666665,-32.541768850000004,,
2024-11-03 09:00:00,-53.92127946666667,-54.852260066666666,,
2024-11-03 09:30:00,-87.16614385000001,-74.14324993333334,,
2024-11-03 10:00:00,-110.07974625,-85.63331001666667,,
2024-11-03 10:30:00,-132.924449,-97.54761891666668,,
2024-11-03 11:00:00,-137.57475946666668,-117.0965861,,
2024-11-03 11:30:00,-175.1184183,-131.9119866,,
2024-11-03 12:00:00,-172.9425561666667,-128.49141876666667,,
2024-11-03 12:30:00,-165.03035941666667,-132.6800483,,
2024-11-03 13:00:00,-172.98855061666666,-139.84973496666666,,
2024-11-03 13:30:00,-170.33681105000002,-132.02107049999998,,
2024-11-03 14:00:00,-160.86525099999997,-120.40000215,,
2024-11-03 14:30:00,-143.13522333333333,-108.65843398333334,,
2024-11-03 15:00:00,-126.59101603333332,-90.99349648333332,,
2024-11-03 15:30:00,-104.22656935,-71.86734226666667,,
2024-11-03 16:00:00,-78.78032491666667,-56.75528393333334,,
2024-11-03 16:30:00,-49.30480616666667,-35.36300228333334,,
2024-11-03 17:00:00,-33.704971783333335,-17.336113299999997,,
2024-11-03 17:30:00,-5.619393383333333,-6.916536116666666,,
2024-11-03 18:00:00,-1.927598966666667,7.479105099999999,,
2024-11-03 18:30:00,4.44259,7.068997066666667,,
2024-11-03 19:00:00,5.442738866666667,8.715457916666667,,
2024-11-03 19:30:00,7.463799416666666,10.323343433333331,,
2024-11-03 20:00:00,10.676142633333336,13.790206033333334,,
2024-11-03 20:30:00,11.553404966666667,14.984025699999998,,
2024-11-03 21:00:00,11.0953989,20.64192665,,
2024-11-03 21:30:00,11.890455500000002,18.04123998333333,,
2024-11-03 22:00:00,12.769353833333334,17.35207266666667,,
2024-11-03 22:30:00,11.4358379,16.807413333333333,,
2024-11-03 23:00:00,14.9839084,17.411459483333335,,
2024-11-03 23:30:00,19.011661033333333,18.53767231666667,,
2024-11-04 00:00:00,18.496592716666665,17.686181566666665,,
2024-11-04 00:30:00,20.89470335,19.48463425,,
2024-11-04 01:00:00,22.432197116666668,20.457167833333333,,
2024-11-04 01:30:00,20.11073443333333,19.44416835,,
2024-11-04 02:00:00,18.9439187,23.65105065,,
2024-11-04 02:30:00,22.388162233333333,24.3654283,,
2024-11-04 03:00:00,22.249561616666668,23.909127866666665,,
2024-11-04 03:30:00,20.62412763333333,22.74091815,,
2024-11-04 04:00:00,24.639411266666663,22.990868833333334,,
2024-11-04 04:30:00,30.46180126666667,22.914018416666668,,
2024-11-04 05:00:00,23.488456716666672,22.940892233333333,,
2024-11-04 05:30:00,19.4889377,17.006638283333334,,
2024-11-04 06:00:00,14.090078883333334,12.974953233333332,,
2024-11-04 06:30:00,11.799240500000002,6.381117633333333,,
2024-11-04 07:00:00,8.681431666666667,1.5027811000000002,,
2024-11-04 07:30:00,-1.4498993666666664,-5.192110516666667,,
2024-11-04 08:00:00,-8.2038233,-13.883384416666669,,
2024-11-04 08:30:00,-25.596853933333332,-27.227824216666665,,
2024-11-04 09:00:00,-47.889314866666666,-53.92127946666667,,
2024-11-04 09:30:00,-58.16921226666667,-87.16614385000001,,
2024-11-04 10:00:00,-64.57500271666667,-110.07974625,,
2024-11-04 10:30:00,-78.88472663333333,-132.924449,,
2024-11-04 11:00:00,-88.98672776666666,-137.57475946666668,,
2024-11-04 11:30:00,-96.70025508333332,-175.1184183,,
2024-11-04 12:00:00,-105.03714395000002,-172.9425561666667,,
2024-11-04 12:30:00,-126.69441796666666,-165.03035941666667,,
2024-11-04 13:00:00,-130.040676,-172.98855061666666,,
2024-11-04 13:30:00,-131.79745291666666,-170.33681105000002,,
2024-11-04 14:00:00,-146.35896273333333,-160.86525099999997,,
2024-11-04 14:30:00,-134.58694996666665,-143.13522333333333,,
2024-11-04 15:00:00,-117.91611105,-126.59101603333332,,
2024-11-04 15:30:00,-105.53735411666666,-104.22656935,,
2024-11-04 16:00:00,-78.70797283333333,-78.78032491666667,,
2024-11-04 16:30:00,-53.10065526666667,-49.30480616666667,,
2024-11-04 17:00:00,-30.471402633333337,-33.704971783333335,,
2024-11-04 17:30:00,-19.612201616666667,-5.619393383333333,,
2024-11-04 18:00:00,-5.7886360833333335,-1.927598966666667,,
2024-11-04 18:30:00,-0.1641011666666666,4.44259,,
2024-11-04 19:00:00,8.9037571,5.442738866666667,,
2024-11-04 19:30:00,12.8261961,7.463799416666666,,
2024-11-04 20:00:00,12.499164533333332,10.676142633333336,,
2024-11-04 20:30:00,14.683859366666669,11.553404966666667,,
2024-11-04 21:00:00,13.91166435,11.0953989,,
2024-11-04 21:30:00,12.708569566666666,11.890455500000002,,
2024-11-04 22:00:00,14.761592149999998,12.769353833333334,,
2024-11-04 22:30:00,13.558698866666669,11.4358379,,
2024-11-04 23:00:00,15.600131016666666,14.9839084,,
2024-11-04 23:30:00,15.909565533333334,19.011661033333333,,
2024-11-05 00:00:00,15.518568183333334,18.496592716666665,,
2024-11-05 00:30:00,14.053675983333331,20.89470335,,
2024-11-05 01:00:00,13.787169666666664,22.432197116666668,,
2024-11-05 01:30:00,16.116248866666666,20.11073443333333,,
2024-11-05 02:00:00,15.9949177,18.9439187,,
2024-11-05 02:30:00,16.817992083333333,22.388162233333333,,
2024-11-05 03:00:00,17.587983983333334,22.249561616666668,,
2024-11-05 03:30:00,16.735898916666667,20.62412763333333,,
2024-11-05 04:00:00,21.452371566666667,24.639411266666663,,
2024-11-05 04:30:00,25.43333653333333,30.46180126666667,,
2024-11-05 05:00:00,18.34497625,23.488456716666672,,
2024-11-05 05:30:00,19.25172943333333,19.4889377,,
2024-11-05 06:00:00,14.8798257,14.090078883333334,,
2024-11-05 06:30:00,7.458330533333334,11.799240500000002,,
2024-11-05 07:00:00,1.04211935,8.681431666666667,,
2024-11-05 07:30:00,-9.235795583333331,-1.4498993666666664,,
2024-11-05 08:00:00,-21.513001083333336,-8.2038233,,
2024-11-05 08:30:00,-40.20959215,-25.596853933333332,,
2024-11-05 09:00:00,-51.589551,-47.889314866666666,,
2024-11-05 09:30:00,-66.08240726666666,-58.16921226666667,,
2024-11-05 10:00:00,-73.23444558333334,-64.57500271666667,,
2024-11-05 10:30:00,-82.83369661666667,-78.88472663333333,,
2024-11-05 11:00:00,-84.29071505,-88.98672776666666,,
2024-11-05 11:30:00,-105.93855438333333,-96.70025508333332,,
2024-11-05 12:00:00,-103.5282911,-105.03714395000002,,
2024-11-05 12:30:00,-116.40270995,-126.69441796666666,,
2024-11-05 13:00:00,-115.18834933333332,-130.040676,,
2024-11-05 13:30:00,-115.74016908333334,-131.79745291666666,,
2024-11-05 14:00:00,-112.21892896666668,-146.35896273333333,,
2024-11-05 14:30:00,-95.05411335,-134.58694996666665,,
2024-11-05 15:00:00,-81.62783051666666,-117.91611105,,
2024-11-05 15:30:00,-78.15248509999999,-105.53735411666666,,
2024-11-05 16:00:00,-62.84602061666666,-78.70797283333333,,
2024-11-05 16:30:00,-42.74507656666666,-53.10065526666667,,
2024-11-05 17:00:00,-25.84078213333333,-30.471402633333337,,
2024-11-05 17:30:00,-16.18167675,-19.612201616666667,,
2024-11-05 18:00:00,-4.8002767,-5.7886360833333335,,
2024-11-05 18:30:00,-1.82521395,-0.1641011666666666,,
2024-11-05 19:00:00,3.5370983,8.9037571,,
2024-11-05 19:30:00,5.034582716666667,12.8261961,,
2024-11-05 20:00:00,12.6930643,12.499164533333332,,
2024-11-05 20:30:00,17.205451733333334,14.683859366666669,,
2024-11-05 21:00:00,15.111590733333331,13.91166435,,
2024-11-05 21:30:00,13.564718783333332,12.708569566666666,,
2024-11-05 22:00:00,12.34251275,14.761592149999998,,
2024-11-05 22:30:00,12.538740666666667,13.558698866666669,,
2024-11-05 23:00:00,14.581134366666667,15.600131016666666,,
2024-11-05 23:30:00,16.462927333333333,15.909565533333334,,
2024-11-06 00:00:00,14.904737833333334,15.518568183333334,,
2024-11-06 00:30:00,15.147219366666668,14.053675983333331,,
2024-11-06 01:00:00,19.111273333333333,13.787169666666664,,
2024-11-06 01:30:00,17.209819466666666,16.116248866666666,,
2024-11-06 02:00:00,17.1848593,15.9949177,,
2024-11-06 02:30:00,16.992959933333335,16.817992083333333,,
2024-11-06 03:00:00,15.641333816666666,17.587983983333334,,
2024-11-06 03:30:00,15.319869466666669,16.735898916666667,,
2024-11-06 04:00:00,17.386267583333332,21.452371566666667,,
2024-11-06 04:30:00,19.011748216666664,25.43333653333333,,
2024-11-06 05:00:00,15.551966633333334,18.34497625,,
2024-11-06 05:30:00,9.5901079,19.25172943333333,,
2024-11-06 06:00:00,10.25054005,14.8798257,,
2024-11-06 06:30:00,6.60018555,7.458330533333334,,
2024-11-06 07:00:00,2.7989411,1.04211935,,
2024-11-06 07:30:00,-9.823608466666668,-9.235795583333331,,
2024-11-06 08:00:00,-31.73825995,-21.513001083333336,,
2024-11-06 08:30:00,-48.84426731666667,-40.20959215,,
2024-11-06 09:00:00,-67.14624328333333,-51.589551,,
2024-11-06 09:30:00,-78.50012991666667,-66.08240726666666,,
2024-11-06 10:00:00,-96.51626936666666,-73.23444558333334,,
2024-11-06 10:30:00,-104.7501837,-82.83369661666667,,
2024-11-06 11:00:00,-113.69273311666667,-84.29071505,,
2024-11-06 11:30:00,-131.3208555666667,-105.93855438333333,,
2024-11-06 12:00:00,-144.4462461,-103.5282911,,
2024-11-06 12:30:00,-165.23768049999998,-116.40270995,,
2024-11-06 13:00:00,-162.70694386666665,-115.18834933333332,,
2024-11-06 13:30:00,-129.4181423,-115.74016908333334,,
2024-11-06 14:00:00,-109.1347101,-112.21892896666668,,
2024-11-06 14:30:00,-103.36263648333332,-95.05411335,,
2024-11-06 15:00:00,-86.07860053333333,-81.62783051666666,,
2024-11-06 15:30:00,-78.27843221666666,-78.15248509999999,,
2024-11-06 16:00:00,-68.0045885,-62.84602061666666,,
2024-11-06 16:30:00,-46.49137506666667,-42.74507656666666,,
2024-11-06 17:00:00,-28.09744335,-25.84078213333333,,
2024-11-06 17:30:00,-13.9937623,-16.18167675,,
2024-11-06 18:00:00,-5.346752216666666,-4.8002767,,
2024-11-06 18:30:00,-0.3998877833333334,-1.82521395,,
2024-11-06 19:00:00,5.726006033333333,3.5370983,,
2024-11-06 19:30:00,14.231366216666666,5.034582716666667,,
2024-11-06 20:00:00,17.47449995,12.6930643,,
2024-11-06 20:30:00,19.876156166666668,17.205451733333334,,
2024-11-06 21:00:00,17.67374325,15.111590733333331,,
2024-11-06 21:30:00,15.56649,13.564718783333332,,
2024-11-06 22:00:00,11.546034366666667,12.34251275,,
2024-11-06 22:30:00,11.2751276,12.538740666666667,,
2024-11-06 23:00:00,16.774787183333334,14.581134366666667,,
2024-11-06 23:30:00,19.468893233333333,16.462927333333333,,
2024-11-07 00:00:00,19.59068375,14.904737833333334,,
2024-11-07 00:30:00,20.25480345,15.147219366666668,,
2024-11-07 01:00:00,20.71320683333333,19.111273333333333,,
2024-11-07 01:30:00,18.261889,17.209819466666666,,
2024-11-07 02:00:00,19.68494395,17.1848593,,
2024-11-07 02:30:00,19.79106833333333,16.992959933333335,,
2024-11-07 03:00:00,21.6019062,15.641333816666666,,
2024-11-07 03:30:00,21.359215566666663,15.319869466666669,,
2024-11-07 04:00:00,20.37764395,17.386267583333332,,
2024-11-07 04:30:00,21.056142016666666,19.011748216666664,,
2024-11-07 05:00:00,20.5292989,15.551966633333334,,
2024-11-07 05:30:00,15.219703166666667,9.5901079,,
2024-11-07 06:00:00,10.829059283333336,10.25054005,,
2024-11-07 06:30:00,6.5507451,6.60018555,,
2024-11-07 07:00:00,0.8432393666666669,2.7989411,,
2024-11-07 07:30:00,1.7527749499999998,-9.823608466666668,,
2024-11-07 08:00:00,-10.868732683333334,-31.73825995,,
2024-11-07 08:30:00,-18.97322945,-48.84426731666667,,
2024-11-07 09:00:00,-42.04742281666667,-67.14624328333333,,
2024-11-07 09:30:00,-56.43452445,-78.50012991666667,,
2024-11-07 10:00:00,-76.08205496666666,-96.51626936666666,,
2024-11-07 10:30:00,-83.41730658333333,-104.7501837,,
2024-11-07 11:00:00,-88.6162174,-113.69273311666667,,
2024-11-07 11:30:00,-94.74382605,-131.3208555666667,,
2024-11-07 12:00:00,-108.20195648333332,-144.4462461,,
2024-11-07 12:30:00,-107.54589391666669,-165.23768049999998,,
2024-11-07 13:00:00,-118.63971501666668,-162.70694386666665,,
2024-11-07 13:30:00,-106.7223095,-129.4181423,,
2024-11-07 14:00:00,-91.5168073,-109.1347101,,
2024-11-07 14:30:00,-85.36421816666666,-103.36263648333332,,
2024-11-07 15:00:00,-77.44201565,-86.07860053333333,,
2024-11-07 15:30:00,-65.6751854,-78.27843221666666,,
2024-11-07 16:00:00,-57.42994231666666,-68.0045885,,
2024-11-07 16:30:00,-34.811161,-46.49137506666667,,
2024-11-07 17:00:00,-21.24291435,-28.09744335,,
2024-11-07 17:30:00,-3.0894632166666667,-13.9937623,,
2024-11-07 18:00:00,3.14568345,-5.346752216666666,,
2024-11-07 18:30:00,10.841620616666669,-0.3998877833333334,,
2024-11-07 19:00:00,14.090063833333334,5.726006033333333,,
2024-11-07 19:30:00,17.5200811,14.231366216666666,,
2024-11-07 20:00:00,19.616175616666663,17.47449995,,
2024-11-07 20:30:00,22.33777005,19.876156166666668,,
2024-11-07 21:00:00,24.66131775,17.67374325,,
2024-11-07 21:30:00,22.03878215,15.56649,,
2024-11-07 22:00:00,19.486826716666663,11.546034366666667,,
2024-11-07 22:30:00,16.6541055,11.2751276,,
2024-11-07 23:00:00,20.095632366666667,16.774787183333334,,
2024-11-07 23:30:00,19.690395016666667,19.468893233333333,,
2024-11-08 00:00:00,19.624594966666667,19.59068375,,
2024-11-08 00:30:00,19.84354715,20.25480345,,
2024-11-08 01:00:00,19.224058866666667,20.71320683333333,,
2024-11-08 01:30:00,18.08587595,18.261889,,
2024-11-08 02:00:00,17.456795616666668,19.68494395,,
2024-11-08 02:30:00,16.405277316666666,19.79106833333333,,
2024-11-08 03:00:00,17.5762027,21.6019062,,
2024-11-08 03:30:00,19.938496633333333,21.359215566666663,,
2024-11-08 04:00:00,24.006931100000003,20.37764395,,
2024-11-08 04:30:00,28.407230066666667,21.056142016666666,,
2024-11-08 05:00:00,19.830979616666667,20.5292989,,
2024-11-08 05:30:00,17.906776616666665,15.219703166666667,,
2024-11-08 06:00:00,12.6543361,10.829059283333336,,
2024-11-08 06:30:00,13.581968316666666,6.5507451,,
2024-11-08 07:00:00,3.5408189,0.8432393666666669,,
2024-11-08 07:30:00,-12.690991733333334,1.7527749499999998,,
2024-11-08 08:00:00,-24.3889734,-10.868732683333334,,
2024-11-08 08:30:00,-36.32144156666667,-18.97322945,,
2024-11-08 09:00:00,-53.05873776666667,-42.04742281666667,,
2024-11-08 09:30:00,-64.67011566666666,-56.43452445,,
2024-11-08 10:00:00,-81.64049501666666,-76.08205496666666,,
2024-11-08 10:30:00,-83.23811061666667,-83.41730658333333,,
2024-11-08 11:00:00,-111.31020373333332,-88.6162174,,
2024-11-08 11:30:00,-135.59745841666668,-94.74382605,,
2024-11-08 12:00:00,-162.78863996666666,-108.20195648333332,,
2024-11-08 12:30:00,-146.28939825,-107.54589391666669,,
2024-11-08 13:00:00,-161.63379998333332,-118.63971501666668,,
2024-11-08 13:30:00,-168.18604668333333,-106.7223095,,
2024-11-08 14:00:00,-149.7166938833333,-91.5168073,,
2024-11-08 14:30:00,-137.42818221666667,-85.36421816666666,,
2024-11-08 15:00:00,-114.33104825,-77.44201565,,
2024-11-08 15:30:00,-95.64691448333332,-65.6751854,,
2024-11-08 16:00:00,-82.42983158333332,-57.42994231666666,,
2024-11-08 16:30:00,-57.39808718333333,-34.811161,,
2024-11-08 17:00:00,-43.71396051666667,-21.24291435,,
2024-11-08 17:30:00,-23.236476666666665,-3.0894632166666667,,
2024-11-08 18:00:00,-11.544736616666668,3.14568345,,
2024-11-08 18:30:00,-4.008436633333333,10.841620616666669,,
2024-11-08 19:00:00,1.617551833333333,14.090063833333334,,
2024-11-08 19:30:00,9.487034483333334,17.5200811,,
2024-11-08 20:00:00,13.982228400000002,19.616175616666663,,
2024-11-08 20:30:00,15.563964933333333,22.33777005,,
2024-11-08 21:00:00,16.519897716666666,24.66131775,,
2024-11-08 21:30:00,14.58561175,22.03878215,,
2024-11-08 22:00:00,14.882519316666666,19.486826716666663,,
2024-11-08 22:30:00,15.045706133333333,16.6541055,,
2024-11-08 23:00:00,15.859889383333334,20.095632366666667,,
2024-11-08 23:30:00,18.23008663333333,19.690395016666667,,
2024-11-09 00:00:00,16.253058433333333,19.624594966666667,,
2024-11-09 00:30:00,15.533482116666669,19.84354715,,
2024-11-09 01:00:00,16.148997783333332,19.224058866666667,,
2024-11-09 01:30:00,18.296223883333333,18.08587595,,
2024-11-09 02:00:00,18.527043466666665,17.456795616666668,,
2024-11-09 02:30:00,20.18392115,16.405277316666666,,
2024-11-09 03:00:00,20.030268916666667,17.5762027,,
2024-11-09 03:30:00,18.6123817,19.938496633333333,,
2024-11-09 04:00:00,18.946336616666667,24.006931100000003,,
2024-11-09 04:30:00,23.124526783333334,28.407230066666667,,
2024-11-09 05:00:00,22.397447666666665,19.830979616666667,,
2024-11-09 05:30:00,15.3483337,17.906776616666665,,
2024-11-09 06:00:00,8.733816116666667,12.6543361,,
2024-11-09 06:30:00,8.927933283333333,13.581968316666666,,
2024-11-09 07:00:00,-5.32559935,3.5408189,,
2024-11-09 07:30:00,-14.790326633333336,-12.690991733333334,,
2024-11-09 08:00:00,-24.834322683333337,-24.3889734,,
2024-11-09 08:30:00,-40.90798938333334,-36.32144156666667,,
2024-11-09 09:00:00,-60.43723873333334,-53.05873776666667,,
2024-11-09 09:30:00,-74.41423396666666,-64.67011566666666,,
2024-11-09 10:00:00,-69.20151109999999,-81.64049501666666,,
2024-11-09 10:30:00,-72.57329374999999,-83.23811061666667,,
2024-11-09 11:00:00,-86.15885828333334,-111.31020373333332,,
2024-11-09 11:30:00,-104.80123106666667,-135.59745841666668,,
2024-11-09 12:00:00,-121.68228553333334,-162.78863996666666,,
2024-11-09 12:30:00,-139.26461775,-146.28939825,,
2024-11-09 13:00:00,-133.5480318,-161.63379998333332,,
2024-11-09 13:30:00,-121.15987106666668,-168.18604668333333,,
2024-11-09 14:00:00,-109.29146285,-149.7166938833333,,
2024-11-09 14:30:00,-98.02302041666668,-137.42818221666667,,
2024-11-09 15:00:00,-90.35022786666669,-114.33104825,,
2024-11-09 15:30:00,-79.7018112,-95.64691448333332,,
2024-11-09 16:00:00,-63.93497166666666,-82.42983158333332,,
2024-11-09 16:30:00,-43.04028455,-57.39808718333333,,
2024-11-09 17:00:00,-28.538411666666665,-43.71396051666667,,
2024-11-09 17:30:00,-22.98573453333333,-23.236476666666665,,
2024-11-09 18:00:00,-11.991415616666666,-11.544736616666668,,
2024-11-09 18:30:00,6.939865016666666,-4.008436633333333,,
2024-11-09 19:00:00,8.08085795,1.617551833333333,,
2024-11-09 19:30:00,16.904245016666668,9.487034483333334,,
2024-11-09 20:00:00,20.8350221,13.982228400000002,,
2024-11-09 20:30:00,24.47964435,15.563964933333333,,
2024-11-09 21:00:00,23.251046733333336,16.519897716666666,,
2024-11-09 21:30:00,20.819499383333333,14.58561175,,
2024-11-09 22:00:00,22.1939133,14.882519316666666,,
2024-11-09 22:30:00,18.107288866666668,15.045706133333333,,
2024-11-09 23:00:00,16.712903866666668,15.859889383333334,,
2024-11-09 23:30:00,17.94050335,18.23008663333333,,
2024-11-10 00:00:00,14.391780083333336,16.253058433333333,,
2024-11-10 00:30:00,18.66094383333333,15.533482116666669,,
2024-11-10 01:00:00,16.84198325,16.148997783333332,,
2024-11-10 01:30:00,18.838964533333336,18.296223883333333,,
2024-11-10 02:00:00,17.042671116666668,18.527043466666665,,
2024-11-10 02:30:00,18.977557066666662,20.18392115,,
2024-11-10 03:00:00,19.567979366666663,20.030268916666667,,
2024-11-10 03:30:00,18.399280216666668,18.6123817,,
2024-11-10 04:00:00,23.624342783333333,18.946336616666667,,
2024-11-10 04:30:00,26.6086895,23.124526783333334,,
2024-11-10 05:00:00,18.54755828333333,22.397447666666665,,
2024-11-10 05:30:00,14.6456544,15.3483337,,
2024-11-10 06:00:00,8.830717083333333,8.733816116666667,,
2024-11-10 06:30:00,2.0814561833333336,8.927933283333333,,
2024-11-10 07:00:00,-2.4013651,-5.32559935,,
2024-11-10 07:30:00,-18.21755835,-14.790326633333336,,
2024-11-10 08:00:00,-31.721907216666665,-24.834322683333337,,
2024-11-10 08:30:00,-56.969696166666665,-40.90798938333334,,
2024-11-10 09:00:00,-76.1029506,-60.43723873333334,,
2024-11-10 09:30:00,-86.31702266666666,-74.41423396666666,,
2024-11-10 10:00:00,-109.40035396666669,-69.20151109999999,,
2024-11-10 10:30:00,-132.9898684,-72.57329374999999,,
2024-11-10 11:00:00,-151.2053978,-86.15885828333334,,
2024-11-10 11:30:00,-165.55003725,-104.80123106666667,,
2024-11-10 12:00:00,-170.60818830000002,-121.68228553333334,,
2024-11-10 12:30:00,-171.37630336666666,-139.26461775,,
2024-11-10 13:00:00,-172.61600768333332,-133.5480318,,
2024-11-10 13:30:00,-165.67120653333333,-121.15987106666668,,
2024-11-10 14:00:00,-157.09842275000003,-109.29146285,,
2024-11-10 14:30:00,-136.31361841666669,-98.02302041666668,,
2024-11-10 15:00:00,-120.59012885,-90.35022786666669,,
2024-11-10 15:30:00,-95.13929885,-79.7018112,,
2024-11-10 16:00:00,-78.80458293333334,-63.93497166666666,,
2024-11-10 16:30:00,-57.99184708333333,-43.04028455,,
2024-11-10 17:00:00,-37.94079331666666,-28.538411666666665,,
2024-11-10 17:30:00,-22.65699345,-22.98573453333333,,
2024-11-10 18:00:00,-13.96468495,-11.991415616666666,,
2024-11-10 18:30:00,-4.460099416666666,6.939865016666666,,
2024-11-10 19:00:00,1.1039061333333338,8.08085795,,
2024-11-10 19:30:00,5.872158416666667,16.904245016666668,,
2024-11-10 20:00:00,10.882834866666668,20.8350221,,
2024-11-10 20:30:00,13.474043366666663,24.47964435,,
2024-11-10 21:00:00,17.823422116666666,23.251046733333336,,
2024-11-10 21:30:00,20.43795245,20.819499383333333,,
2024-11-10 22:00:00,17.370705216666668,22.1939133,,
2024-11-10 22:30:00,16.013061683333333,18.107288866666668,,
2024-11-10 23:00:00,16.698664516666664,16.712903866666668,,
2024-11-10 23:30:00,19.77993725,17.94050335,,
2024-11-11 00:00:00,19.580732183333332,14.391780083333336,,
2024-11-11 00:30:00,19.216753883333336,18.66094383333333,,
2024-11-11 01:00:00,18.79732338333333,16.84198325,,
2024-11-11 01:30:00,21.710323766666665,18.838964533333336,,
2024-11-11 02:00:00,22.81626345,17.042671116666668,,
2024-11-11 02:30:00,23.47902051666667,18.977557066666662,,
2024-11-11 03:00:00,21.213383983333333,19.567979366666663,,
2024-11-11 03:30:00,21.185754466666666,18.399280216666668,,
2024-11-11 04:00:00,26.08603438333333,23.624342783333333,,
2024-11-11 04:30:00,30.721163983333337,26.6086895,,
2024-11-11 05:00:00,20.577035533333333,18.54755828333333,,
2024-11-11 05:30:00,15.300586733333333,14.6456544,,
2024-11-11 06:00:00,10.32629735,8.830717083333333,,
2024-11-11 06:30:00,9.020197883333331,2.0814561833333336,,
2024-11-11 07:00:00,7.817327266666667,-2.4013651,,
2024-11-11 07:30:00,-1.081673133333333,-18.21755835,,
2024-11-11 08:00:00,-11.801473783333334,-31.721907216666665,,
2024-11-11 08:30:00,-27.4220401,-56.969696166666665,,
2024-11-11 09:00:00,-47.6432633,-76.1029506,,
2024-11-11 09:30:00,-66.71155278333333,-86.31702266666666,,
2024-11-11 10:00:00,-80.86303458333333,-109.40035396666669,,
2024-11-11 10:30:00,-89.11553378333333,-132.9898684,,
2024-11-11 11:00:00,-100.92734885,-151.2053978,,
2024-11-11 11:30:00,-100.57766386666668,-165.55003725,,
2024-11-11 12:00:00,-102.61760275,-170.60818830000002,,
2024-11-11 12:30:00,-106.41808166666668,-171.37630336666666,,
2024-11-11 13:00:00,-110.5036472,-172.61600768333332,,
2024-11-11 13:30:00,-105.3398905,-165.67120653333333,,
2024-11-11 14:00:00,-100.91736448333334,-157.09842275000003,,
2024-11-11 14:30:00,-84.64907596666667,-136.31361841666669,,
2024-11-11 15:00:00,-73.87338226666667,-120.59012885,,
2024-11-11 15:30:00,-53.78405398333334,-95.13929885,,
2024-11-11 16:00:00,-38.67667623333333,-78.80458293333334,,
2024-11-11 16:30:00,-23.1157813,-57.99184708333333,,
2024-11-11 17:00:00,-13.438957783333334,-37.94079331666666,,
2024-11-11 17:30:00,-2.09639495,-22.65699345,,
2024-11-11 18:00:00,2.662525516666667,-13.96468495,,
2024-11-11 18:30:00,6.91494055,-4.460099416666666,,
2024-11-11 19:00:00,17.773393416666668,1.1039061333333338,,
2024-11-11 19:30:00,17.400678850000002,5.872158416666667,,
2024-11-11 20:00:00,15.13934055,10.882834866666668,,
2024-11-11 20:30:00,17.897585566666667,13.474043366666663,,
2024-11-11 21:00:00,14.543465633333334,17.823422116666666,,
2024-11-11 21:30:00,15.427511583333334,20.43795245,,
2024-11-11 22:00:00,19.3748101,17.370705216666668,,
2024-11-11 22:30:00,20.116806083333334,16.013061683333333,,
2024-11-11 23:00:00,22.238484033333336,16.698664516666664,,
2024-11-11 23:30:00,24.54314055,19.77993725,,
2024-11-12 00:00:00,21.75446893333333,19.580732183333332,,
2024-11-12 00:30:00,21.166381116666667,19.216753883333336,,
2024-11-12 01:00:00,19.60451073333333,18.79732338333333,,
2024-11-12 01:30:00,20.065815500000003,21.710323766666665,,
2024-11-12 02:00:00,19.936581683333333,22.81626345,,
2024-11-12 02:30:00,19.75571835,23.47902051666667,,
2024-11-12 03:00:00,20.57225325,21.213383983333333,,
2024-11-12 03:30:00,23.28326325,21.185754466666666,,
2024-11-12 04:00:00,20.69352665,26.08603438333333,,
2024-11-12 04:30:00,21.70142445,30.721163983333337,,
2024-11-12 05:00:00,20.47292155,20.577035533333333,,
2024-11-12 05:30:00,20.237746583333333,15.300586733333333,,
2024-11-12 06:00:00,17.672821850000002,10.32629735,,
2024-11-12 06:30:00,10.596648916666666,9.020197883333331,,
2024-11-12 07:00:00,9.317787866666666,7.817327266666667,,
2024-11-12 07:30:00,0.197825533333333,-1.081673133333333,,
2024-11-12 08:00:00,-12.822504,-11.801473783333334,,
2024-11-12 08:30:00,-30.823807483333336,-27.4220401,,
2024-11-12 09:00:00,-39.59460943333334,-47.6432633,,
2024-11-12 09:30:00,-60.9427278,-66.71155278333333,,
2024-11-12 10:00:00,-78.70183945000001,-80.86303458333333,,
2024-11-12 10:30:00,-88.22573998333333,-89.11553378333333,,
2024-11-12 11:00:00,-95.61894838333336,-100.92734885,,
2024-11-12 11:30:00,-107.86026275,-100.57766386666668,,
2024-11-12 12:00:00,-115.77770383333336,-102.61760275,,
2024-11-12 12:30:00,-124.56296225,-106.41808166666668,,
2024-11-12 13:00:00,-118.24743495,-110.5036472,,
2024-11-12 13:30:00,-114.24899838333332,-105.3398905,,
2024-11-12 14:00:00,-101.00028501666668,-100.91736448333334,,
2024-11-12 14:30:00,-91.35786541666666,-84.64907596666667,,
2024-11-12 15:00:00,-77.3044237,-73.87338226666667,,
2024-11-12 15:30:00,-61.73592168333334,-53.78405398333334,,
2024-11-12 16:00:00,-49.156167116666666,-38.67667623333333,,
2024-11-12 16:30:00,-32.11101061666667,-23.1157813,,
2024-11-12 17:00:00,-22.18374843333333,-13.438957783333334,,
2024-11-12 17:30:00,-10.1057305,-2.09639495,,
2024-11-12 18:00:00,-2.484462933333333,2.662525516666667,,
2024-11-12 18:30:00,3.8777388,6.91494055,,
2024-11-12 19:00:00,9.923260216666668,17.773393416666668,,
2024-11-12 19:30:00,13.645507733333334,17.400678850000002,,
2024-11-12 20:00:00,13.09163395,15.13934055,,
2024-11-12 20:30:00,18.63247601666667,17.897585566666667,,
2024-11-12 21:00:00,18.910980516666665,14.543465633333334,,
2024-11-12 21:30:00,20.32616296666667,15.427511583333334,,
2024-11-12 22:00:00,25.24685115,19.3748101,,
2024-11-12 22:30:00,19.394937183333337,20.116806083333334,,
2024-11-12 23:00:00,22.7615316,22.238484033333336,,
2024-11-12 23:30:00,27.0467955,24.54314055,,
2024-11-13 00:00:00,23.258043366666666,21.75446893333333,,
2024-11-13 00:30:00,22.546971016666664,21.166381116666667,,
2024-11-13 01:00:00,24.42511325,19.60451073333333,,
2024-11-13 01:30:00,23.179785483333333,20.065815500000003,,
2024-11-13 02:00:00,23.05028833333333,19.936581683333333,,
2024-11-13 02:30:00,23.383446083333336,19.75571835,,
2024-11-13 03:00:00,23.877638216666668,20.57225325,,
2024-11-13 03:30:00,24.348892816666662,23.28326325,,
2024-11-13 04:00:00,25.035850666666665,20.69352665,,
2024-11-13 04:30:00,25.450091083333334,21.70142445,,
2024-11-13 05:00:00,19.5414567,20.47292155,,
2024-11-13 05:30:00,15.97631105,20.237746583333333,,
2024-11-13 06:00:00,19.88263333333333,17.672821850000002,,
2024-11-13 06:30:00,14.530397233333334,10.596648916666666,,
2024-11-13 07:00:00,10.491500066666667,9.317787866666666,,
2024-11-13 07:30:00,8.966438483333333,0.197825533333333,,
2024-11-13 08:00:00,3.079101783333334,-12.822504,,
2024-11-13 08:30:00,-4.893800016666667,-30.823807483333336,,
2024-11-13 09:00:00,-11.79850955,-39.59460943333334,,
2024-11-13 09:30:00,-30.549203950000003,-60.9427278,,
2024-11-13 10:00:00,-39.0012712,-78.70183945000001,,
2024-11-13 10:30:00,-64.93001,-88.22573998333333,,
2024-11-13 11:00:00,-79.96502265,-95.61894838333336,,
2024-11-13 11:30:00,-92.77319381666666,-107.86026275,,
2024-11-13 12:00:00,-132.7161883,-115.77770383333336,,
2024-11-13 12:30:00,-110.24099288333332,-124.56296225,,
2024-11-13 13:00:00,-115.79818953333334,-118.24743495,,
2024-11-13 13:30:00,-117.1012855,-114.24899838333332,,
2024-11-13 14:00:00,-132.5893022333333,-101.00028501666668,,
2024-11-13 14:30:00,-111.4662923,-91.35786541666666,,
2024-11-13 15:00:00,-101.5238111,-77.3044237,,
2024-11-13 15:30:00,-88.13522426666667,-61.73592168333334,,
2024-11-13 16:00:00,-75.72717571666666,-49.156167116666666,,
2024-11-13 16:30:00,-59.156471683333336,-32.11101061666667,,
2024-11-13 17:00:00,-37.01977948333333,-22.18374843333333,,
2024-11-13 17:30:00,-12.001072766666669,-10.1057305,,
2024-11-13 18:00:00,-2.3235789,-2.484462933333333,,
2024-11-13 18:30:00,7.92279015,3.8777388,,
2024-11-13 19:00:00,7.2775977,9.923260216666668,,
2024-11-13 19:30:00,8.9069,13.645507733333334,,
2024-11-13 20:00:00,12.967803350000002,13.09163395,,
2024-11-13 20:30:00,19.9704463,18.63247601666667,,
2024-11-13 21:00:00,17.108019933333335,18.910980516666665,,
2024-11-13 21:30:00,17.9674867,20.32616296666667,,
2024-11-13 22:00:00,19.219997783333334,25.24685115,,
2024-11-13 22:30:00,15.459975483333332,19.394937183333337,,
2024-11-13 23:00:00,20.104277616666664,22.7615316,,
2024-11-13 23:30:00,24.19457608333333,27.0467955,,
2024-11-14 00:00:00,22.20047325,23.258043366666666,,
2024-11-14 00:30:00,20.73033338333333,22.546971016666664,,
2024-11-14 01:00:00,22.24535985,24.42511325,,
2024-11-14 01:30:00,18.3875017,23.179785483333333,,
2024-11-14 02:00:00,18.800137733333333,23.05028833333333,,
2024-11-14 02:30:00,19.04234965,23.383446083333336,,
2024-11-14 03:00:00,19.035835483333333,23.877638216666668,,
2024-11-14 03:30:00,21.36025623333333,24.348892816666662,,
2024-11-14 04:00:00,20.15371345,25.035850666666665,,
2024-11-14 04:30:00,21.650212816666667,25.450091083333334,,
2024-11-14 05:00:00,20.30577663333333,19.5414567,,
2024-11-14 05:30:00,12.780647783333334,15.97631105,,
2024-11-14 06:00:00,13.134416133333334,19.88263333333333,,
2024-11-14 06:30:00,6.3482026000000005,14.530397233333334,,
2024-11-14 07:00:00,-1.5762654166666668,10.491500066666667,,
2024-11-14 07:30:00,-4.234362266666666,8.966438483333333,,
2024-11-14 08:00:00,-15.982128966666666,3.079101783333334,,
2024-11-14 08:30:00,-24.106611200000003,-4.893800016666667,,
2024-11-14 09:00:00,-42.432847216666666,-11.79850955,,
2024-11-14 09:30:00,-52.916369333333336,-30.549203950000003,,
2024-11-14 10:00:00,-71.42862618333334,-39.0012712,,
2024-11-14 10:30:00,-84.7617899,-64.93001,,
2024-11-14 11:00:00,-101.61882935,-79.96502265,,
2024-11-14 11:30:00,-134.6798718,-92.77319381666666,,
2024-11-14 12:00:00,-152.32083179999998,-132.7161883,,
2024-11-14 12:30:00,-157.31282951666665,-110.24099288333332,,
2024-11-14 13:00:00,-149.39677548333336,-115.79818953333334,,
2024-11-14 13:30:00,-153.49140951666666,-117.1012855,,
2024-11-14 14:00:00,-160.5519366166667,-132.5893022333333,,
2024-11-14 14:30:00,-139.88275151666667,-111.4662923,,
2024-11-14 15:00:00,-118.44501546666667,-101.5238111,,
2024-11-14 15:30:00,-95.84930838333334,-88.13522426666667,,
2024-11-14 16:00:00,-77.31825941666666,-75.72717571666666,,
2024-11-14 16:30:00,-57.588809950000005,-59.156471683333336,,
2024-11-14 17:00:00,-34.614758849999994,-37.01977948333333,,
2024-11-14 17:30:00,-17.7146296,-12.001072766666669,,
2024-11-14 18:00:00,-2.5974233166666667,-2.3235789,,
2024-11-14 18:30:00,1.045879583333333,7.92279015,,
2024-11-14 19:00:00,5.43308175,7.2775977,,
2024-11-14 19:30:00,12.985533983333331,8.9069,,
2024-11-14 20:00:00,16.28739775,12.967803350000002,,
2024-11-14 20:30:00,14.712935166666668,19.9704463,,
2024-11-14 21:00:00,15.87675735,17.108019933333335,,
2024-11-14 21:30:00,19.1895473,17.9674867,,
2024-11-14 22:00:00,16.215630633333333,19.219997783333334,,
2024-11-14 22:30:00,15.734719566666667,15.459975483333332,,
2024-11-14 23:00:00,22.179050516666667,20.104277616666664,,
2024-11-14 23:30:00,21.578668266666668,24.19457608333333,,
2024-11-15 00:00:00,16.464218733333333,22.20047325,,
2024-11-15 00:30:00,17.69532395,20.73033338333333,,
2024-11-15 01:00:00,19.68568055,22.24535985,,
2024-11-15 01:30:00,18.38951173333333,18.3875017,,
2024-11-15 02:00:00,18.869223816666665,18.800137733333333,,
2024-11-15 02:30:00,20.51786215,19.04234965,,
2024-11-15 03:00:00,18.491760433333333,19.035835483333333,,
2024-11-15 03:30:00,17.861029316666666,21.36025623333333,,
2024-11-15 04:00:00,19.277510016666668,20.15371345,,
2024-11-15 04:30:00,19.40327665,21.650212816666667,,
2024-11-15 05:00:00,20.461934483333334,20.30577663333333,,
2024-11-15 05:30:00,15.0096866,12.780647783333334,,
2024-11-15 06:00:00,11.411201616666666,13.134416133333334,,
2024-11-15 06:30:00,10.23695065,6.3482026000000005,,
2024-11-15 07:00:00,-2.9356883833333334,-1.5762654166666668,,
2024-11-15 07:30:00,-9.548539433333334,-4.234362266666666,,
2024-11-15 08:00:00,-15.95712555,-15.982128966666666,,
2024-11-15 08:30:00,-40.21744938333334,-24.106611200000003,,
2024-11-15 09:00:00,-53.75793653333333,-42.432847216666666,,
2024-11-15 09:30:00,-71.35576335,-52.916369333333336,,
2024-11-15 10:00:00,-91.58910778333336,-71.42862618333334,,
2024-11-15 10:30:00,-105.59419941666664,-84.7617899,,
2024-11-15 11:00:00,-115.34524391666667,-101.61882935,,
2024-11-15 11:30:00,-135.01476441666668,-134.6798718,,
2024-11-15 12:00:00,-136.04313671666668,-152.32083179999998,,
2024-11-15 12:30:00,-137.78686105,-157.31282951666665,,
2024-11-15 13:00:00,-137.6094162,-149.39677548333336,,
2024-11-15 13:30:00,-129.04722886666667,-153.49140951666666,,
2024-11-15 14:00:00,-120.56447388333332,-160.5519366166667,,
2024-11-15 14:30:00,-112.00666166666667,-139.88275151666667,,
2024-11-15 15:00:00,-96.45666841666667,-118.44501546666667,,
2024-11-15 15:30:00,-91.85720613333332,-95.84930838333334,,
2024-11-15 16:00:00,-76.1239411,-77.31825941666666,,
2024-11-15 16:30:00,-49.27688333333333,-57.588809950000005,,
2024-11-15 17:00:00,-27.24599783333333,-34.614758849999994,,
2024-11-15 17:30:00,-15.067733400000002,-17.7146296,,
2024-11-15 18:00:00,-9.043241166666666,-2.5974233166666667,,
2024-11-15 18:30:00,1.8599465333333336,1.045879583333333,,
2024-11-15 19:00:00,8.334917166666667,5.43308175,,
2024-11-15 19:30:00,15.257601666666666,12.985533983333331,,
2024-11-15 20:00:00,20.44640105,16.28739775,,
2024-11-15 20:30:00,16.8514395,14.712935166666668,,
2024-11-15 21:00:00,19.083919966666667,15.87675735,,
2024-11-15 21:30:00,17.341790066666665,19.1895473,,
2024-11-15 22:00:00,14.90179955,16.215630633333333,,
2024-11-15 22:30:00,15.966681683333334,15.734719566666667,,
2024-11-15 23:00:00,24.64414955,22.179050516666667,,
2024-11-15 23:30:00,32.16401285,21.578668266666668,,
2024-11-16 00:00:00,28.99233275,16.464218733333333,,
2024-11-16 00:30:00,26.9720328,17.69532395,,
2024-11-16 01:00:00,25.576639933333336,19.68568055,,
2024-11-16 01:30:00,27.38950558333333,18.38951173333333,,
2024-11-16 02:00:00,25.5860432,18.869223816666665,,
2024-11-16 02:30:00,26.8692377,20.51786215,,
2024-11-16 03:00:00,28.81560775,18.491760433333333,,
2024-11-16 03:30:00,25.859805466666668,17.861029316666666,,
2024-11-16 04:00:00,23.4462627,19.277510016666668,,
2024-11-16 04:30:00,24.554682083333333,19.40327665,,
2024-11-16 05:00:00,18.144248,20.461934483333334,,
2024-11-16 05:30:00,12.207305533333331,15.0096866,,
2024-11-16 06:00:00,8.546841666666667,11.411201616666666,,
2024-11-16 06:30:00,2.1298161666666666,10.23695065,,
2024-11-16 07:00:00,-7.8134951,-2.9356883833333334,,
2024-11-16 07:30:00,-17.19294378333333,-9.548539433333334,,
2024-11-16 08:00:00,-31.76618495,-15.95712555,,
2024-11-16 08:30:00,-50.71366553333333,-40.21744938333334,,
2024-11-16 09:00:00,-72.0541472,-53.75793653333333,,
2024-11-16 09:30:00,-87.47026003333333,-71.35576335,,
2024-11-16 10:00:00,-97.9208539,-91.58910778333336,,
2024-11-16 10:30:00,-106.28344775,-105.59419941666664,,
2024-11-16 11:00:00,-108.5495727,-115.34524391666667,,
2024-11-16 11:30:00,-126.19007828333334,-135.01476441666668,,
2024-11-16 12:00:00,-133.717699,-136.04313671666668,,
2024-11-16 12:30:00,-143.93377608333333,-137.78686105,,
2024-11-16 13:00:00,-147.23728783333334,-137.6094162,,
2024-11-16 13:30:00,-133.66667675,-129.04722886666667,,
2024-11-16 14:00:00,-122.4051678,-120.56447388333332,,
2024-11-16 14:30:00,-97.58448226666668,-112.00666166666667,,
2024-11-16 15:00:00,-83.35982656666667,-96.45666841666667,,
2024-11-16 15:30:00,-68.97471326666665,-91.85720613333332,,
2024-11-16 16:00:00,-61.319651633333336,-76.1239411,,
2024-11-16 16:30:00,-36.90179041666666,-49.27688333333333,,
2024-11-16 17:00:00,-16.939519483333335,-27.24599783333333,,
2024-11-16 17:30:00,-0.9938855999999996,-15.067733400000002,,
2024-11-16 18:00:00,0.93950875,-9.043241166666666,,
2024-11-16 18:30:00,11.5502094,1.8599465333333336,,
2024-11-16 19:00:00,14.15399105,8.334917166666667,,
2024-11-16 19:30:00,16.046655633333334,15.257601666666666,,
2024-11-16 20:00:00,11.172294866666666,20.44640105,,
2024-11-16 20:30:00,15.830057783333332,16.8514395,,
2024-11-16 21:00:00,11.450551,19.083919966666667,,
2024-11-16 21:30:00,10.49884205,17.341790066666665,,
2024-11-16 22:00:00,16.9188406,14.90179955,,
2024-11-16 22:30:00,21.154282366666667,15.966681683333334,,
2024-11-16 23:00:00,21.673358816666667,24.64414955,,
2024-11-16 23:30:00,21.036066766666668,32.16401285,,
2024-11-17 00:00:00,24.39111498333333,28.99233275,,
2024-11-17 00:30:00,20.38095721666667,26.9720328,,
2024-11-17 01:00:00,17.157225983333333,25.576639933333336,,
2024-11-17 01:30:00,17.75897003333333,27.38950558333333,,
2024-11-17 02:00:00,18.089628883333333,25.5860432,,
2024-11-17 02:30:00,18.0497527,26.8692377,,
2024-11-17 03:00:00,21.104554383333333,28.81560775,,
2024-11-17 03:30:00,19.930913,25.859805466666668,,
2024-11-17 04:00:00,20.474923283333336,23.4462627,,
2024-11-17 04:30:00,21.59848733333333,24.554682083333333,,
2024-11-17 05:00:00,15.310733316666663,18.144248,,
2024-11-17 05:30:00,10.032122833333334,12.207305533333331,,
2024-11-17 06:00:00,4.90396665,8.546841666666667,,
2024-11-17 06:30:00,4.052836116666667,2.1298161666666666,,
2024-11-17 07:00:00,-1.71318165,-7.8134951,,
2024-11-17 07:30:00,-5.036785533333333,-17.19294378333333,,
2024-11-17 08:00:00,-10.179650033333331,-31.76618495,,
2024-11-17 08:30:00,-20.53464878333333,-50.71366553333333,,
2024-11-17 09:00:00,-39.93196336666667,-72.0541472,,
2024-11-17 09:30:00,-60.271576083333336,-87.47026003333333,,
2024-11-17 10:00:00,-75.23163943333333,-97.9208539,,
2024-11-17 10:30:00,-78.89273966666666,-106.28344775,,
2024-11-17 11:00:00,-77.32293063333333,-108.5495727,,
2024-11-17 11:30:00,-96.21268438333334,-126.19007828333334,,
2024-11-17 12:00:00,-101.08120773333331,-133.717699,,
2024-11-17 12:30:00,-101.7345816,-143.93377608333333,,
2024-11-17 13:00:00,-115.35922891666668,-147.23728783333334,,
2024-11-17 13:30:00,-128.81861675000002,-133.66667675,,
2024-11-17 14:00:00,-136.33769651666668,-122.4051678,,
2024-11-17 14:30:00,-112.62660878333332,-97.58448226666668,,
2024-11-17 15:00:00,-96.96638178333332,-83.35982656666667,,
2024-11-17 15:30:00,-82.88301451666666,-68.97471326666665,,
2024-11-17 16:00:00,-66.49832441666666,-61.319651633333336,,
2024-11-17 16:30:00,-49.195614,-36.90179041666666,,
2024-11-17 17:00:00,-26.68684228333333,-16.939519483333335,,
2024-11-17 17:30:00,-18.20718825,-0.9938855999999996,,
2024-11-17 18:00:00,-2.519930466666666,0.93950875,,
2024-11-17 18:30:00,8.085193416666668,11.5502094,,
2024-11-17 19:00:00,11.209748316666667,14.15399105,,
2024-11-17 19:30:00,13.556709866666669,16.046655633333334,,
2024-11-17 20:00:00,14.104425,11.172294866666666,,
2024-11-17 20:30:00,16.41381165,15.830057783333332,,
2024-11-17 21:00:00,18.99854885,11.450551,,
2024-11-17 21:30:00,16.48502915,10.49884205,,
2024-11-17 22:00:00,16.769582733333333,16.9188406,,
2024-11-17 22:30:00,15.330797833333332,21.154282366666667,,
2024-11-17 23:00:00,17.645463233333334,21.673358816666667,,
2024-11-17 23:30:00,19.89642603333333,21.036066766666668,,
2024-11-18 00:00:00,17.219161116666665,24.39111498333333,,
2024-11-18 00:30:00,19.6054341,20.38095721666667,,
2024-11-18 01:00:00,19.9318906,17.157225983333333,,
2024-11-18 01:30:00,19.159923716666665,17.75897003333333,,
2024-11-18 02:00:00,19.23799385,18.089628883333333,,
2024-11-18 02:30:00,19.447558866666668,18.0497527,,
2024-11-18 03:00:00,18.99173778333333,21.104554383333333,,
2024-11-18 03:30:00,18.88227705,19.930913,,
2024-11-18 04:00:00,19.581466016666667,20.474923283333336,,
2024-11-18 04:30:00,22.09626715,21.59848733333333,,
2024-11-18 05:00:00,20.21705235,15.310733316666663,,
2024-11-18 05:30:00,14.875888283333332,10.032122833333334,,
2024-11-18 06:00:00,17.10501723333333,4.90396665,,
2024-11-18 06:30:00,11.6833255,4.052836116666667,,
2024-11-18 07:00:00,4.119535483333333,-1.71318165,,
2024-11-18 07:30:00,-2.0223610833333336,-5.036785533333333,,
2024-11-18 08:00:00,-19.808662266666666,-10.179650033333331,,
2024-11-18 08:30:00,-37.537993316666665,-20.53464878333333,,
2024-11-18 09:00:00,-63.690709966666674,-39.93196336666667,,
2024-11-18 09:30:00,-85.01013768333333,-60.271576083333336,,
2024-11-18 10:00:00,-106.79313101666666,-75.23163943333333,,
2024-11-18 10:30:00,-116.2408422,-78.89273966666666,,
2024-11-18 11:00:00,-131.81783546666665,-77.32293063333333,,
2024-11-18 11:30:00,-150.31144941666665,-96.21268438333334,,
2024-11-18 12:00:00,-164.27012455,-101.08120773333331,,
2024-11-18 12:30:00,-159.65019833333335,-101.7345816,,
2024-11-18 13:00:00,-164.41787016666666,-115.35922891666668,,
2024-11-18 13:30:00,-175.6892313,-128.81861675000002,,
2024-11-18 14:00:00,-164.48923668333333,-136.33769651666668,,
2024-11-18 14:30:00,-154.06872611666668,-112.62660878333332,,
2024-11-18 15:00:00,-141.33329561666667,-96.96638178333332,,
2024-11-18 15:30:00,-118.76404041666667,-82.88301451666666,,
2024-11-18 16:00:00,-92.05228771666668,-66.49832441666666,,
2024-11-18 16:30:00,-64.29978786666666,-49.195614,,
2024-11-18 17:00:00,-41.62014286666667,-26.68684228333333,,
2024-11-18 17:30:00,-24.08427395,-18.20718825,,
2024-11-18 18:00:00,-9.8725855,-2.519930466666666,,
2024-11-18 18:30:00,0.80665675,8.085193416666668,,
2024-11-18 19:00:00,11.62215105,11.209748316666667,,
2024-11-18 19:30:00,17.098074383333334,13.556709866666669,,
2024-11-18 20:00:00,16.442043833333333,14.104425,,
2024-11-18 20:30:00,15.3362139,16.41381165,,
2024-11-18 21:00:00,17.349197683333333,18.99854885,,
2024-11-18 21:30:00,15.864291733333332,16.48502915,,
2024-11-18 22:00:00,13.971713333333334,16.769582733333333,,
2024-11-18 22:30:00,14.240994983333332,15.330797833333332,,
2024-11-18 23:00:00,18.4251972,17.645463233333334,,
2024-11-18 23:30:00,16.884098883333333,19.89642603333333,,
2024-11-19 00:00:00,17.471460566666668,17.219161116666665,,
2024-11-19 00:30:00,18.0301517,19.6054341,,
2024-11-19 01:00:00,18.35256515,19.9318906,,
2024-11-19 01:30:00,17.379935566666667,19.159923716666665,,
2024-11-19 02:00:00,16.538565516666665,19.23799385,,
2024-11-19 02:30:00,17.37683446666667,19.447558866666668,,
2024-11-19 03:00:00,16.837501816666666,18.99173778333333,,
2024-11-19 03:30:00,16.266987099999998,18.88227705,,
2024-11-19 04:00:00,21.797151,19.581466016666667,,
2024-11-19 04:30:00,26.0547621,22.09626715,,
2024-11-19 05:00:00,17.359377683333335,20.21705235,,
2024-11-19 05:30:00,12.574266083333333,14.875888283333332,,
2024-11-19 06:00:00,11.8628529,17.10501723333333,,
2024-11-19 06:30:00,11.266541716666667,11.6833255,,
2024-11-19 07:00:00,1.4616839666666663,4.119535483333333,,
2024-11-19 07:30:00,-6.221255433333334,-2.0223610833333336,,
2024-11-19 08:00:00,-24.0762672,-19.808662266666666,,
2024-11-19 08:30:00,-46.61141495,-37.537993316666665,,
2024-11-19 09:00:00,-69.26991105,-63.690709966666674,,
2024-11-19 09:30:00,-90.2803313,-85.01013768333333,,
2024-11-19 10:00:00,-108.45905391666668,-106.79313101666666,,
2024-11-19 10:30:00,-124.2435034,-116.2408422,,
2024-11-19 11:00:00,-125.55802225,-131.81783546666665,,
2024-11-19 11:30:00,-135.8306450166667,-150.31144941666665,,
2024-11-19 12:00:00,-149.02289885000002,-164.27012455,,
2024-11-19 12:30:00,-157.00032018333334,-159.65019833333335,,
2024-11-19 13:00:00,-165.13676103333333,-164.41787016666666,,
2024-11-19 13:30:00,-163.1712301,-175.6892313,,
2024-11-19 14:00:00,-155.64222683333332,-164.48923668333333,,
2024-11-19 14:30:00,-147.69202825,-154.06872611666668,,
2024-11-19 15:00:00,-127.4412412,-141.33329561666667,,
2024-11-19 15:30:00,-115.03725896666668,-118.76404041666667,,
2024-11-19 16:00:00,-85.48763325,-92.05228771666668,,
2024-11-19 16:30:00,-58.7956273,-64.29978786666666,,
2024-11-19 17:00:00,-37.58542653333333,-41.62014286666667,,
2024-11-19 17:30:00,-19.254661183333333,-24.08427395,,
2024-11-19 18:00:00,-5.603637583333334,-9.8725855,,
2024-11-19 18:30:00,4.8738339,0.80665675,,
2024-11-19 19:00:00,6.849906683333333,11.62215105,,
2024-11-19 19:30:00,11.5086911,17.098074383333334,,
2024-11-19 20:00:00,13.0796111,16.442043833333333,,
2024-11-19 20:30:00,11.12511885,15.3362139,,
2024-11-19 21:00:00,14.887462266666668,17.349197683333333,,
2024-11-19 21:30:00,13.558265483333336,15.864291733333332,,
2024-11-19 22:00:00,12.756356166666668,13.971713333333334,,
2024-11-19 22:30:00,11.156208833333332,14.240994983333332,,
2024-11-19 23:00:00,12.894199416666666,18.4251972,,
2024-11-19 23:30:00,13.540567783333332,16.884098883333333,,
2024-11-20 00:00:00,15.85682005,17.471460566666668,,
2024-11-20 00:30:00,17.6164628,18.0301517,,
2024-11-20 01:00:00,17.236695,18.35256515,,
2024-11-20 01:30:00,15.413158816666666,17.379935566666667,,
2024-11-20 02:00:00,15.203628333333334,16.538565516666665,,
2024-11-20 02:30:00,15.949090033333334,17.37683446666667,,
2024-11-20 03:00:00,15.694926833333334,16.837501816666666,,
2024-11-20 03:30:00,15.7843484,16.266987099999998,,
2024-11-20 04:00:00,20.64859345,21.797151,,
2024-11-20 04:30:00,24.226053333333336,26.0547621,,
2024-11-20 05:00:00,14.181138383333334,17.359377683333335,,
2024-11-20 05:30:00,9.98049885,12.574266083333333,,
2024-11-20 06:00:00,10.765903316666666,11.8628529,,
2024-11-20 06:30:00,8.537193833333333,11.266541716666667,,
2024-11-20 07:00:00,-0.1240143500000001,1.4616839666666663,,
2024-11-20 07:30:00,-11.498952233333334,-6.221255433333334,,
2024-11-20 08:00:00,-28.27695608333333,-24.0762672,,
2024-11-20 08:30:00,-57.28487003333333,-46.61141495,,
2024-11-20 09:00:00,-77.42179825,-69.26991105,,
2024-11-20 09:30:00,-92.05216838333332,-90.2803313,,
2024-11-20 10:00:00,-101.85614776666668,-108.45905391666668,,
2024-11-20 10:30:00,-125.41719265,-124.2435034,,
2024-11-20 11:00:00,-131.32241155,-125.55802225,,
2024-11-20 11:30:00,-150.9720667,-135.8306450166667,,
2024-11-20 12:00:00,-166.5618105,-149.02289885000002,,
2024-11-20 12:30:00,-165.21772046666666,-157.00032018333334,,
2024-11-20 13:00:00,-174.28688499999998,-165.13676103333333,,
2024-11-20 13:30:00,-170.66578338333332,-163.1712301,,
2024-11-20 14:00:00,-155.880271,-155.64222683333332,,
2024-11-20 14:30:00,-160.43283833333334,-147.69202825,,
2024-11-20 15:00:00,-135.50439723333332,-127.4412412,,
2024-11-20 15:30:00,-115.78167988333333,-115.03725896666668,,
2024-11-20 16:00:00,-92.50624623333331,-85.48763325,,
2024-11-20 16:30:00,-61.350567016666666,-58.7956273,,
2024-11-20 17:00:00,-35.28297045,-37.58542653333333,,
2024-11-20 17:30:00,-25.275303816666664,-19.254661183333333,,
2024-11-20 18:00:00,-10.4303844,-5.603637583333334,,
2024-11-20 18:30:00,0.3644995000000002,4.8738339,,
2024-11-20 19:00:00,9.262851033333334,6.849906683333333,,
2024-11-20 19:30:00,12.648092066666663,11.5086911,,
2024-11-20 20:00:00,14.35321435,13.0796111,,
2024-11-20 20:30:00,12.780560583333331,11.12511885,,
2024-11-20 21:00:00,14.029122166666664,14.887462266666668,,
2024-11-20 21:30:00,11.179442783333334,13.558265483333336,,
2024-11-20 22:00:00,9.5922983,12.756356166666668,,
2024-11-20 22:30:00,9.854822766666668,11.156208833333332,,
2024-11-20 23:00:00,13.274539383333334,12.894199416666666,,
2024-11-20 23:30:00,15.014270016666666,13.540567783333332,,
2024-11-21 00:00:00,14.371057733333336,15.85682005,,
2024-11-21 00:30:00,14.983744833333333,17.6164628,,
2024-11-21 01:00:00,15.203254333333334,17.236695,,
2024-11-21 01:30:00,14.5356322,15.413158816666666,,
2024-11-21 02:00:00,14.4245751,15.203628333333334,,
2024-11-21 02:30:00,15.430507783333333,15.949090033333334,,
2024-11-21 03:00:00,15.275074983333331,15.694926833333334,,
2024-11-21 03:30:00,16.460108316666666,15.7843484,,
2024-11-21 04:00:00,21.45424626666667,20.64859345,,
2024-11-21 04:30:00,22.853958416666668,24.226053333333336,,
2024-11-21 05:00:00,14.82417855,14.181138383333334,,
2024-11-21 05:30:00,7.6700972,9.98049885,,
2024-11-21 06:00:00,3.185647883333333,10.765903316666666,,
2024-11-21 06:30:00,2.056255466666667,8.537193833333333,,
2024-11-21 07:00:00,-7.97210505,-0.1240143500000001,,
2024-11-21 07:30:00,-13.964054416666668,-11.498952233333334,,
2024-11-21 08:00:00,-32.64571946666666,-28.27695608333333,,
2024-11-21 08:30:00,-57.38625648333333,-57.28487003333333,,
2024-11-21 09:00:00,-76.06679106666667,-77.42179825,,
2024-11-21 09:30:00,-86.03266663333333,-92.05216838333332,,
2024-11-21 10:00:00,-99.77356163333332,-101.85614776666668,,
2024-11-21 10:30:00,-105.55884503333333,-125.41719265,,
2024-11-21 11:00:00,-130.24251216666667,-131.32241155,,
2024-11-21 11:30:00,-140.54323391666665,-150.9720667,,
2024-11-21 12:00:00,-152.18430791666665,-166.5618105,,
2024-11-21 12:30:00,-151.4652072,-165.21772046666666,,
2024-11-21 13:00:00,-146.53051341666665,-174.28688499999998,,
2024-11-21 13:30:00,-149.30604676666667,-170.66578338333332,,
2024-11-21 14:00:00,-137.73203226666666,-155.880271,,
2024-11-21 14:30:00,-124.529916,-160.43283833333334,,
2024-11-21 15:00:00,-103.20749845,-135.50439723333332,,
2024-11-21 15:30:00,-75.58554671666667,-115.78167988333333,,
2024-11-21 16:00:00,-61.22084663333334,-92.50624623333331,,
2024-11-21 16:30:00,-50.54969833333333,-61.350567016666666,,
2024-11-21 17:00:00,-28.5651783,-35.28297045,,
2024-11-21 17:30:00,-14.356636133333334,-25.275303816666664,,
2024-11-21 18:00:00,-8.091099916666666,-10.4303844,,
2024-11-21 18:30:00,0.0046877333333332,0.3644995000000002,,
2024-11-21 19:00:00,8.7116957,9.262851033333334,,
2024-11-21 19:30:00,10.2400018,12.648092066666663,,
2024-11-21 20:00:00,13.556114549999998,14.35321435,,
2024-11-21 20:30:00,13.523298883333332,12.780560583333331,,
2024-11-21 21:00:00,15.361912783333333,14.029122166666664,,
2024-11-21 21:30:00,14.01688335,11.179442783333334,,
2024-11-21 22:00:00,11.92955045,9.5922983,,
2024-11-21 22:30:00,11.464830433333333,9.854822766666668,,
2024-11-21 23:00:00,16.057140566666664,13.274539383333334,,
2024-11-21 23:30:00,17.565473883333333,15.014270016666666,,
2024-11-22 00:00:00,16.33173,14.371057733333336,,
2024-11-22 00:30:00,17.021067733333332,14.983744833333333,,
2024-11-22 01:00:00,16.9285365,15.203254333333334,,
2024-11-22 01:30:00,17.050015066666663,14.5356322,,
2024-11-22 02:00:00,17.577346950000003,14.4245751,,
2024-11-22 02:30:00,17.756528833333334,15.430507783333333,,
2024-11-22 03:00:00,18.96939925,15.275074983333331,,
2024-11-22 03:30:00,18.504568366666668,16.460108316666666,,
2024-11-22 04:00:00,22.09738395,21.45424626666667,,
2024-11-22 04:30:00,25.384114516666667,22.853958416666668,,
2024-11-22 05:00:00,16.892767383333332,14.82417855,,
2024-11-22 05:30:00,12.615327716666668,7.6700972,,
2024-11-22 06:00:00,7.0934277,3.185647883333333,,
2024-11-22 06:30:00,3.759927783333333,2.056255466666667,,
2024-11-22 07:00:00,-6.080849933333334,-7.97210505,,
2024-11-22 07:30:00,-16.0703538,-13.964054416666668,,
2024-11-22 08:00:00,-36.02446165,-32.64571946666666,,
2024-11-22 08:30:00,-52.95101513333333,-57.38625648333333,,
2024-11-22 09:00:00,-72.72994893333333,-76.06679106666667,,
2024-11-22 09:30:00,-97.1215283,-86.03266663333333,,
2024-11-22 10:00:00,-107.04108511666668,-99.77356163333332,,
2024-11-22 10:30:00,-122.67502278333336,-105.55884503333333,,
2024-11-22 11:00:00,-134.70252673333334,-130.24251216666667,,
2024-11-22 11:30:00,-150.17487731666668,-140.54323391666665,,
2024-11-22 12:00:00,-134.32934271666667,-152.18430791666665,,
2024-11-22 12:30:00,-121.59524445,-151.4652072,,
2024-11-22 13:00:00,-109.69721221666668,-146.53051341666665,,
2024-11-22 13:30:00,-106.40393563333332,-149.30604676666667,,
2024-11-22 14:00:00,-99.7921712,-137.73203226666666,,
2024-11-22 14:30:00,-88.47461893333333,-124.529916,,
2024-11-22 15:00:00,-70.03593951666666,-103.20749845,,
2024-11-22 15:30:00,-57.55582851666667,-75.58554671666667,,
2024-11-22 16:00:00,-43.943660566666665,-61.22084663333334,,
2024-11-22 16:30:00,-27.33411275,-50.54969833333333,,
2024-11-22 17:00:00,-8.809536716666667,-28.5651783,,
2024-11-22 17:30:00,-3.0436584999999994,-14.356636133333334,,
2024-11-22 18:00:00,3.568223966666667,-8.091099916666666,,
2024-11-22 18:30:00,13.687985483333334,0.0046877333333332,,
2024-11-22 19:00:00,19.31463438333333,8.7116957,,
2024-11-22 19:30:00,21.764535533333333,10.2400018,,
2024-11-22 20:00:00,27.757468316666664,13.556114549999998,,
2024-11-22 20:30:00,27.6673435,13.523298883333332,,
2024-11-22 21:00:00,31.360381716666662,15.361912783333333,,
2024-11-22 21:30:00,20.16277218333333,14.01688335,,
2024-11-22 22:00:00,19.64281068333333,11.92955045,,
2024-11-22 22:30:00,21.40478823333333,11.464830433333333,,
2024-11-22 23:00:00,24.304148916666666,16.057140566666664,,
2024-11-22 23:30:00,22.394015733333333,17.565473883333333,,
2024-11-23 00:00:00,22.75149383333333,16.33173,,
2024-11-23 00:30:00,22.622287850000003,17.021067733333332,,
2024-11-23 01:00:00,24.09090061666667,16.9285365,,
2024-11-23 01:30:00,26.87633458333333,17.050015066666663,,
2024-11-23 02:00:00,29.2987051,17.577346950000003,,
2024-11-23 02:30:00,30.111504516666667,17.756528833333334,,
2024-11-23 03:00:00,24.4883951,18.96939925,,
2024-11-23 03:30:00,22.885104433333336,18.504568366666668,,
2024-11-23 04:00:00,25.40506716666667,22.09738395,,
2024-11-23 04:30:00,26.1855016,25.384114516666667,,
2024-11-23 05:00:00,22.87523768333333,16.892767383333332,,
2024-11-23 05:30:00,17.44384488333333,12.615327716666668,,
2024-11-23 06:00:00,12.672130933333332,7.0934277,,
2024-11-23 06:30:00,8.618289383333334,3.759927783333333,,
2024-11-23 07:00:00,-0.2548017666666668,-6.080849933333334,,
2024-11-23 07:30:00,-10.2822639,-16.0703538,,
2024-11-23 08:00:00,-21.608105,-36.02446165,,
2024-11-23 08:30:00,-25.766586866666668,-52.95101513333333,,
2024-11-23 09:00:00,-33.7726184,-72.72994893333333,,
2024-11-23 09:30:00,-57.50262776666667,-97.1215283,,
2024-11-23 10:00:00,-58.37788835,-107.04108511666668,,
2024-11-23 10:30:00,-84.08449505,-122.67502278333336,,
2024-11-23 11:00:00,-97.14776791666668,-134.70252673333334,,
2024-11-23 11:30:00,-116.88620225,-150.17487731666668,,
2024-11-23 12:00:00,-121.7640745,-134.32934271666667,,
2024-11-23 12:30:00,-110.97903106666666,-121.59524445,,
2024-11-23 13:00:00,-113.90077333333332,-109.69721221666668,,
2024-11-23 13:30:00,-110.823107,-106.40393563333332,,
2024-11-23 14:00:00,-94.39216166666668,-99.7921712,,
2024-11-23 14:30:00,-74.3620749,-88.47461893333333,,
2024-11-23 15:00:00,-55.89082953333334,-70.03593951666666,,
2024-11-23 15:30:00,-35.12836888333333,-57.55582851666667,,
2024-11-23 16:00:00,-30.25721065,-43.943660566666665,,
2024-11-23 16:30:00,-18.379835933333336,-27.33411275,,
2024-11-23 17:00:00,-6.3545928,-8.809536716666667,,
2024-11-23 17:30:00,1.0427284499999996,-3.0436584999999994,,
2024-11-23 18:00:00,6.18798,3.568223966666667,,
2024-11-23 18:30:00,9.81958215,13.687985483333334,,
2024-11-23 19:00:00,10.632259,19.31463438333333,,
2024-11-23 19:30:00,14.1054388,21.764535533333333,,
2024-11-23 20:00:00,15.137718316666666,27.757468316666664,,
2024-11-23 20:30:00,17.07186885,27.6673435,,
2024-11-23 21:00:00,19.829937266666665,31.360381716666662,,
2024-11-23 21:30:00,17.088341116666665,20.16277218333333,,
2024-11-23 22:00:00,14.850331533333334,19.64281068333333,,
2024-11-23 22:30:00,14.996445566666663,21.40478823333333,,
2024-11-23 23:00:00,15.701633966666668,24.304148916666666,,
2024-11-23 23:30:00,16.506056666666666,22.394015733333333,,
2024-11-24 00:00:00,16.657679383333335,22.75149383333333,,
2024-11-24 00:30:00,16.845947083333332,22.622287850000003,,
2024-11-24 01:00:00,18.762093333333336,24.09090061666667,,
2024-11-24 01:30:00,19.4742483,26.87633458333333,,
2024-11-24 02:00:00,21.51105605,29.2987051,,
2024-11-24 02:30:00,21.0540077,30.111504516666667,,
2024-11-24 03:00:00,21.226263433333333,24.4883951,,
2024-11-24 03:30:00,19.7961477,22.885104433333336,,
2024-11-24 04:00:00,19.403558983333333,25.40506716666667,,
2024-11-24 04:30:00,19.63672655,26.1855016,,
2024-11-24 05:00:00,16.8754739,22.87523768333333,,
2024-11-24 05:30:00,16.301619316666667,17.44384488333333,,
2024-11-24 06:00:00,10.3938278,12.672130933333332,,
2024-11-24 06:30:00,6.741947183333333,8.618289383333334,,
2024-11-24 07:00:00,2.7546360833333328,-0.2548017666666668,,
2024-11-24 07:30:00,-1.1922571500000003,-10.2822639,,
2024-11-24 08:00:00,-0.9719449,-21.608105,,
2024-11-24 08:30:00,-10.0674264,-25.766586866666668,,
2024-11-24 09:00:00,-23.2069329,-33.7726184,,
2024-11-24 09:30:00,-39.51843333333333,-57.50262776666667,,
2024-11-24 10:00:00,-51.5135572,-58.37788835,,
2024-11-24 10:30:00,-77.02984951666666,-84.08449505,,
2024-11-24 11:00:00,-84.08845903333334,-97.14776791666668,,
2024-11-24 11:30:00,-108.29563881666668,-116.88620225,,
2024-11-24 12:00:00,-119.08522405,-121.7640745,,
2024-11-24 12:30:00,-108.2173405,-110.97903106666666,,
2024-11-24 13:00:00,-110.49358275,-113.90077333333332,,
2024-11-24 13:30:00,-114.99500386666666,-110.823107,,
2024-11-24 14:00:00,-97.2938773,-94.39216166666668,,
2024-11-24 14:30:00,-81.79022433333333,-74.3620749,,
2024-11-24 15:00:00,-54.07609051666666,-55.89082953333334,,
2024-11-24 15:30:00,-46.59822995,-35.12836888333333,,
2024-11-24 16:00:00,-37.1128227,-30.25721065,,
2024-11-24 16:30:00,-14.196202183333332,-18.379835933333336,,
2024-11-24 17:00:00,-7.414003783333334,-6.3545928,,
2024-11-24 17:30:00,-2.505100066666666,1.0427284499999996,,
2024-11-24 18:00:00,5.8757656,6.18798,,
2024-11-24 18:30:00,12.77209935,9.81958215,,
2024-11-24 19:00:00,10.7680684,10.632259,,
2024-11-24 19:30:00,14.300431949999998,14.1054388,,
2024-11-24 20:00:00,17.07219436666667,15.137718316666666,,
2024-11-24 20:30:00,18.9965766,17.07186885,,
2024-11-24 21:00:00,22.861717666666667,19.829937266666665,,
2024-11-24 21:30:00,17.207174483333333,17.088341116666665,,
2024-11-24 22:00:00,14.087095033333334,14.850331533333334,,
2024-11-24 22:30:00,15.813688283333336,14.996445566666663,,
2024-11-24 23:00:00,14.832963283333331,15.701633966666668,,
2024-11-24 23:30:00,15.337557333333336,16.506056666666666,,
2024-11-25 00:00:00,16.834854466666666,16.657679383333335,,
2024-11-25 00:30:00,17.691479283333333,16.845947083333332,,
2024-11-25 01:00:00,19.765026083333336,18.762093333333336,,
2024-11-25 01:30:00,18.81243663333333,19.4742483,,
2024-11-25 02:00:00,19.1399045,21.51105605,,
2024-11-25 02:30:00,19.4104962,21.0540077,,
2024-11-25 03:00:00,18.797835516666662,21.226263433333333,,
2024-11-25 03:30:00,18.9781735,19.7961477,,
2024-11-25 04:00:00,19.0425516,19.403558983333333,,
2024-11-25 04:30:00,21.1122312,19.63672655,,
2024-11-25 05:00:00,16.923167583333335,16.8754739,,
2024-11-25 05:30:00,14.7626667,16.301619316666667,,
2024-11-25 06:00:00,10.321467333333333,10.3938278,,
2024-11-25 06:30:00,13.191682133333332,6.741947183333333,,
2024-11-25 07:00:00,10.61373895,2.7546360833333328,,
2024-11-25 07:30:00,8.863965016666667,-1.1922571500000003,,
2024-11-25 08:00:00,-0.2259116666666667,-0.9719449,,
2024-11-25 08:30:00,-18.12268776666667,-10.0674264,,
2024-11-25 09:00:00,-32.48005095,-23.2069329,,
2024-11-25 09:30:00,-61.22565121666667,-39.51843333333333,,
2024-11-25 10:00:00,-76.10706438333334,-51.5135572,,
2024-11-25 10:30:00,-82.76378405,-77.02984951666666,,
2024-11-25 11:00:00,-87.44956295000001,-84.08845903333334,,
2024-11-25 11:30:00,-92.5131906,-108.29563881666668,,
2024-11-25 12:00:00,-100.93213873333332,-119.08522405,,
2024-11-25 12:30:00,-98.26261325,-108.2173405,,
2024-11-25 13:00:00,-91.20454175,-110.49358275,,
2024-11-25 13:30:00,-92.28621895,-114.99500386666666,,
2024-11-25 14:00:00,-74.00483001666667,-97.2938773,,
2024-11-25 14:30:00,-58.370239383333335,-81.79022433333333,,
2024-11-25 15:00:00,-52.51008221666667,-54.07609051666666,,
2024-11-25 15:30:00,-51.25892278333333,-46.59822995,,
2024-11-25 16:00:00,-43.687959983333336,-37.1128227,,
2024-11-25 16:30:00,-34.25777393333333,-14.196202183333332,,
2024-11-25 17:00:00,-16.698959483333333,-7.414003783333334,,
2024-11-25 17:30:00,-6.841992716666666,-2.505100066666666,,
2024-11-25 18:00:00,4.873866716666666,5.8757656,,
2024-11-25 18:30:00,7.740794383333333,12.77209935,,
2024-11-25 19:00:00,11.4192977,10.7680684,,
2024-11-25 19:30:00,19.08112828333333,14.300431949999998,,
2024-11-25 20:00:00,13.751257883333333,17.07219436666667,,
2024-11-25 20:30:00,17.2031,18.9965766,,
2024-11-25 21:00:00,16.264911066666667,22.861717666666667,,
2024-11-25 21:30:00,17.212477633333332,17.207174483333333,,
2024-11-25 22:00:00,18.668264416666663,14.087095033333334,,
2024-11-25 22:30:00,16.53801335,15.813688283333336,,
2024-11-25 23:00:00,19.537851083333333,14.832963283333331,,
2024-11-25 23:30:00,21.71920448333333,15.337557333333336,,
2024-11-26 00:00:00,22.211946633333337,16.834854466666666,,
2024-11-26 00:30:00,21.630377266666667,17.691479283333333,,
2024-11-26 01:00:00,20.631706583333337,19.765026083333336,,
2024-11-26 01:30:00,18.19162728333333,18.81243663333333,,
2024-11-26 02:00:00,18.3816523,19.1399045,,
2024-11-26 02:30:00,19.35753325,19.4104962,,
2024-11-26 03:00:00,19.02735326666667,18.797835516666662,,
2024-11-26 03:30:00,17.507445399999998,18.9781735,,
2024-11-26 04:00:00,18.68018843333333,19.0425516,,
2024-11-26 04:30:00,18.0078317,21.1122312,,
2024-11-26 05:00:00,16.35152495,16.923167583333335,,
2024-11-26 05:30:00,12.48523555,14.7626667,,
2024-11-26 06:00:00,7.215382183333333,10.321467333333333,,
2024-11-26 06:30:00,9.643093983333332,13.191682133333332,,
2024-11-26 07:00:00,6.0387445,10.61373895,,
2024-11-26 07:30:00,5.182437733333333,8.863965016666667,,
2024-11-26 08:00:00,-11.32784435,-0.2259116666666667,,
2024-11-26 08:30:00,-32.9314962,-18.12268776666667,,
2024-11-26 09:00:00,-55.628412133333335,-32.48005095,,
2024-11-26 09:30:00,-75.51328341666667,-61.22565121666667,,
2024-11-26 10:00:00,-99.74392281666668,-76.10706438333334,,
2024-11-26 10:30:00,-119.0530151,-82.76378405,,
2024-11-26 11:00:00,-131.42802388333334,-87.44956295000001,,
2024-11-26 11:30:00,-146.17907048333333,-92.5131906,,
2024-11-26 12:00:00,-152.08519511666665,-100.93213873333332,,
2024-11-26 12:30:00,-150.50591881666665,-98.26261325,,
2024-11-26 13:00:00,-145.85976848333334,-91.20454175,,
2024-11-26 13:30:00,-140.36380713333332,-92.28621895,,
2024-11-26 14:00:00,-111.8005844,-74.00483001666667,,
2024-11-26 14:30:00,-112.10186991666669,-58.370239383333335,,
2024-11-26 15:00:00,-86.07635831666666,-52.51008221666667,,
2024-11-26 15:30:00,-70.92313436666667,-51.25892278333333,,
2024-11-26 16:00:00,-38.183881066666665,-43.687959983333336,,
2024-11-26 16:30:00,-22.790490516666665,-34.25777393333333,,
2024-11-26 17:00:00,-13.3013723,-16.698959483333333,,
2024-11-26 17:30:00,-0.246833333333333,-6.841992716666666,,
2024-11-26 18:00:00,10.917144383333332,4.873866716666666,,
2024-11-26 18:30:00,16.8761523,7.740794383333333,,
2024-11-26 19:00:00,38.5035005,11.4192977,,
2024-11-26 19:30:00,47.17244555,19.08112828333333,,
2024-11-26 20:00:00,34.65422788333333,13.751257883333333,,
2024-11-26 20:30:00,26.09384058333333,17.2031,,
2024-11-26 21:00:00,25.82007045,16.264911066666667,,
2024-11-26 21:30:00,27.33078395,17.212477633333332,,
2024-11-26 22:00:00,18.97983135,18.668264416666663,,
2024-11-26 22:30:00,20.265621766666666,16.53801335,,
2024-11-26 23:00:00,22.933984866666663,19.537851083333333,,
2024-11-26 23:30:00,22.04116666666667,21.71920448333333,,
2024-11-27 00:00:00,20.95237895,22.211946633333337,,
2024-11-27 00:30:00,21.759927766666664,21.630377266666667,,
2024-11-27 01:00:00,25.0036435,20.631706583333337,,
2024-11-27 01:30:00,24.166403266666663,18.19162728333333,,
2024-11-27 02:00:00,22.7640389,18.3816523,,
2024-11-27 02:30:00,23.316102150000003,19.35753325,,
2024-11-27 03:00:00,22.69791783333333,19.02735326666667,,
2024-11-27 03:30:00,22.43830798333333,17.507445399999998,,
2024-11-27 04:00:00,21.66568445,18.68018843333333,,
2024-11-27 04:30:00,22.879729616666665,18.0078317,,
2024-11-27 05:00:00,20.66750558333333,16.35152495,,
2024-11-27 05:30:00,17.254908883333332,12.48523555,,
2024-11-27 06:00:00,19.538294566666668,7.215382183333333,,
2024-11-27 06:30:00,14.362581583333332,9.643093983333332,,
2024-11-27 07:00:00,13.062968933333332,6.0387445,,
2024-11-27 07:30:00,11.627457783333334,5.182437733333333,,
2024-11-27 08:00:00,3.673629866666667,-11.32784435,,
2024-11-27 08:30:00,-1.1245476666666672,-32.9314962,,
2024-11-27 09:00:00,-18.5672628,-55.628412133333335,,
2024-11-27 09:30:00,-21.961594416666667,-75.51328341666667,,
2024-11-27 10:00:00,-43.76893558333333,-99.74392281666668,,
2024-11-27 10:30:00,-62.559553783333335,-119.0530151,,
2024-11-27 11:00:00,-69.17316943333333,-131.42802388333334,,
2024-11-27 11:30:00,-83.54721283333333,-146.17907048333333,,
2024-11-27 12:00:00,-103.04759425,-152.08519511666665,,
2024-11-27 12:30:00,-101.12290501666666,-150.50591881666665,,
2024-11-27 13:00:00,-96.45732005,-145.85976848333334,,
2024-11-27 13:30:00,-105.18592161666668,-140.36380713333332,,
2024-11-27 14:00:00,-89.02130786666667,-111.8005844,,
2024-11-27 14:30:00,-70.50136893333332,-112.10186991666669,,
2024-11-27 15:00:00,-68.1590343,-86.07635831666666,,
2024-11-27 15:30:00,-60.25168826666667,-70.92313436666667,,
2024-11-27 16:00:00,-40.19231336666667,-38.183881066666665,,
2024-11-27 16:30:00,-37.030579583333335,-22.790490516666665,,
2024-11-27 17:00:00,-17.39060063333333,-13.3013723,,
2024-11-27 17:30:00,13.161659300000002,-0.246833333333333,,
2024-11-27 18:00:00,17.64774545,10.917144383333332,,
2024-11-27 18:30:00,22.904654333333337,16.8761523,,
2024-11-27 19:00:00,21.57039658333333,38.5035005,,
2024-11-27 19:30:00,25.4167628,47.17244555,,
2024-11-27 20:00:00,27.047199000000003,34.65422788333333,,
2024-11-27 20:30:00,23.844567183333336,26.09384058333333,,
2024-11-27 21:00:00,18.60809285,25.82007045,,
2024-11-27 21:30:00,17.244401016666668,27.33078395,,
2024-11-27 22:00:00,14.834871116666667,18.97983135,,
2024-11-27 22:30:00,17.131284466666667,20.265621766666666,,
2024-11-27 23:00:00,20.349842166666665,22.933984866666663,,
2024-11-27 23:30:00,20.35813723333333,22.04116666666667,,
2024-11-28 00:00:00,18.84307503333333,20.95237895,,
2024-11-28 00:30:00,17.822033916666665,21.759927766666664,,
2024-11-28 01:00:00,18.66346725,25.0036435,,
2024-11-28 01:30:00,18.13860165,24.166403266666663,,
2024-11-28 02:00:00,18.844771066666667,22.7640389,,
2024-11-28 02:30:00,19.20675885,23.316102150000003,,
2024-11-28 03:00:00,19.26150613333333,22.69791783333333,,
2024-11-28 03:30:00,21.716242766666667,22.43830798333333,,
2024-11-28 04:00:00,19.13643546666667,21.66568445,,
2024-11-28 04:30:00,20.1728066,22.879729616666665,,
2024-11-28 05:00:00,16.938204433333333,20.66750558333333,,
2024-11-28 05:30:00,16.25180668333333,17.254908883333332,,
2024-11-28 06:00:00,8.633160566666666,19.538294566666668,,
2024-11-28 06:30:00,7.694234000000001,14.362581583333332,,
2024-11-28 07:00:00,1.402286733333333,13.062968933333332,,
2024-11-28 07:30:00,-4.901788366666668,11.627457783333334,,
2024-11-28 08:00:00,-16.901217566666666,3.673629866666667,,
2024-11-28 08:30:00,-17.733342283333332,-1.1245476666666672,,
2024-11-28 09:00:00,-35.76023023333334,-18.5672628,,
2024-11-28 09:30:00,-63.86548788333334,-21.961594416666667,,
2024-11-28 10:00:00,-57.59570051666666,-43.76893558333333,,
2024-11-28 10:30:00,-68.73731108333334,-62.559553783333335,,
2024-11-28 11:00:00,-79.14591618333334,-69.17316943333333,,
2024-11-28 11:30:00,-92.71615315,-83.54721283333333,,
2024-11-28 12:00:00,-94.5364202,-103.04759425,,
2024-11-28 12:30:00,-94.60974505,-101.12290501666666,,
2024-11-28 13:00:00,-82.12747891666666,-96.45732005,,
2024-11-28 13:30:00,-76.29335336666666,-105.18592161666668,,
2024-11-28 14:00:00,-75.80811608333333,-89.02130786666667,,
2024-11-28 14:30:00,-63.20559285,-70.50136893333332,,
2024-11-28 15:00:00,-54.90054106666667,-68.1590343,,
2024-11-28 15:30:00,-43.20536273333334,-60.25168826666667,,
2024-11-28 16:00:00,-28.70232873333333,-40.19231336666667,,
2024-11-28 16:30:00,-16.830023699999998,-37.030579583333335,,
2024-11-28 17:00:00,-17.2148772,-17.39060063333333,,
2024-11-28 17:30:00,-10.045618333333332,13.161659300000002,,
2024-11-28 18:00:00,5.461091716666666,17.64774545,,
2024-11-28 18:30:00,12.40449995,22.904654333333337,,
2024-11-28 19:00:00,18.4014799,21.57039658333333,,
2024-11-28 19:30:00,25.25516898333333,25.4167628,,
2024-11-28 20:00:00,28.432718283333333,27.047199000000003,,
2024-11-28 20:30:00,18.53925663333333,23.844567183333336,,
2024-11-28 21:00:00,21.559558866666663,18.60809285,,
2024-11-28 21:30:00,19.072227283333334,17.244401016666668,,
2024-11-28 22:00:00,19.56518215,14.834871116666667,,
2024-11-28 22:30:00,19.629725416666663,17.131284466666667,,
2024-11-28 23:00:00,21.81245768333333,20.349842166666665,,
2024-11-28 23:30:00,23.34725063333333,20.35813723333333,,
2024-11-29 00:00:00,21.546649483333336,18.84307503333333,,
2024-11-29 00:30:00,19.98762855,17.822033916666665,,
2024-11-29 01:00:00,18.89495833333333,18.66346725,,
2024-11-29 01:30:00,16.937392300000003,18.13860165,,
2024-11-29 02:00:00,17.168255516666665,18.844771066666667,,
2024-11-29 02:30:00,16.669328966666665,19.20675885,,
2024-11-29 03:00:00,17.41437111666667,19.26150613333333,,
2024-11-29 03:30:00,17.901419316666665,21.716242766666667,,
2024-11-29 04:00:00,21.186626683333333,19.13643546666667,,
2024-11-29 04:30:00,20.594134466666667,20.1728066,,
2024-11-29 05:00:00,18.04938615,16.938204433333333,,
2024-11-29 05:30:00,16.227114866666668,16.25180668333333,,
2024-11-29 06:00:00,10.38103185,8.633160566666666,,
2024-11-29 06:30:00,6.7236732833333335,7.694234000000001,,
2024-11-29 07:00:00,-2.7866167,1.402286733333333,,
2024-11-29 07:30:00,-6.723687850000001,-4.901788366666668,,
2024-11-29 08:00:00,-18.57599723333333,-16.901217566666666,,
2024-11-29 08:30:00,-28.4596672,-17.733342283333332,,
2024-11-29 09:00:00,-42.18415001666667,-35.76023023333334,,
2024-11-29 09:30:00,-60.7776299,-63.86548788333334,,
2024-11-29 10:00:00,-73.12138768333334,-57.59570051666666,,
2024-11-29 10:30:00,-79.28271445,-68.73731108333334,,
2024-11-29 11:00:00,-86.75399888333334,-79.14591618333334,,
2024-11-29 11:30:00,-100.69288496666668,-92.71615315,,
2024-11-29 12:00:00,-105.30838506666667,-94.5364202,,
2024-11-29 12:30:00,-98.03226395,-94.60974505,,
2024-11-29 13:00:00,-92.99930888333334,-82.12747891666666,,
2024-11-29 13:30:00,-95.30494765,-76.29335336666666,,
2024-11-29 14:00:00,-79.8154007,-75.80811608333333,,
2024-11-29 14:30:00,-77.87826386666667,-63.20559285,,
2024-11-29 15:00:00,-68.57472221666667,-54.90054106666667,,
2024-11-29 15:30:00,-52.15365885,-43.20536273333334,,
2024-11-29 16:00:00,-39.86694503333334,-28.70232873333333,,
2024-11-29 16:30:00,-29.23782975,-16.830023699999998,,
2024-11-29 17:00:00,-15.1811655,-17.2148772,,
2024-11-29 17:30:00,4.915024466666666,-10.045618333333332,,
2024-11-29 18:00:00,16.277307833333335,5.461091716666666,,
2024-11-29 18:30:00,25.5793266,12.40449995,,
2024-11-29 19:00:00,27.61698885,18.4014799,,
2024-11-29 19:30:00,22.96564953333333,25.25516898333333,,
2024-11-29 20:00:00,18.3991632,28.432718283333333,,
2024-11-29 20:30:00,23.231400583333336,18.53925663333333,,
2024-11-29 21:00:00,23.06823771666667,21.559558866666663,,
2024-11-29 21:30:00,22.769086216666665,19.072227283333334,,
2024-11-29 22:00:00,21.989056066666667,19.56518215,,
2024-11-29 22:30:00,19.76446508333333,19.629725416666663,,
2024-11-29 23:00:00,21.24294945,21.81245768333333,,
2024-11-29 23:30:00,21.409610033333333,23.34725063333333,,
2024-11-30 00:00:00,23.41436183333333,21.546649483333336,,
2024-11-30 00:30:00,21.3467478,19.98762855,,
2024-11-30 01:00:00,25.62214155,18.89495833333333,,
2024-11-30 01:30:00,21.85898208333333,16.937392300000003,,
2024-11-30 02:00:00,21.788336,17.168255516666665,,
2024-11-30 02:30:00,21.34715053333333,16.669328966666665,,
2024-11-30 03:00:00,22.865218916666667,17.41437111666667,,
2024-11-30 03:30:00,22.530906150000003,17.901419316666665,,
2024-11-30 04:00:00,21.7189917,21.186626683333333,,
2024-11-30 04:30:00,21.76556878333333,20.594134466666667,,
2024-11-30 05:00:00,19.97079618333333,18.04938615,,
2024-11-30 05:30:00,19.475399383333333,16.227114866666668,,
2024-11-30 06:00:00,18.9405674,10.38103185,,
2024-11-30 06:30:00,13.050420583333334,6.7236732833333335,,
2024-11-30 07:00:00,10.441037266666669,-2.7866167,,
2024-11-30 07:30:00,13.522689933333334,-6.723687850000001,,
2024-11-30 08:00:00,13.941370016666667,-18.57599723333333,,
2024-11-30 08:30:00,9.878716183333331,-28.4596672,,
2024-11-30 09:00:00,2.6784628333333327,-42.18415001666667,,
2024-11-30 09:30:00,0.6305172833333333,-60.7776299,,
2024-11-30 10:00:00,-9.448567183333331,-73.12138768333334,,
2024-11-30 10:30:00,-29.8193007,-79.28271445,,
2024-11-30 11:00:00,-36.63330506666667,-86.75399888333334,,
2024-11-30 11:30:00,-48.61417263333333,-100.69288496666668,,
2024-11-30 12:00:00,-48.178042866666665,-105.30838506666667,,
2024-11-30 12:30:00,-52.880598866666666,-98.03226395,,
2024-11-30 13:00:00,-44.30058556666666,-92.99930888333334,,
2024-11-30 13:30:00,-46.1595683,-95.30494765,,
2024-11-30 14:00:00,-48.39539101666667,-79.8154007,,
2024-11-30 14:30:00,-48.91509115,-77.87826386666667,,
2024-11-30 15:00:00,-50.31391835,-68.57472221666667,,
2024-11-30 15:30:00,-45.669599966666674,-52.15365885,,
2024-11-30 16:00:00,-41.60737891666667,-39.86694503333334,,
2024-11-30 16:30:00,-32.62157106666667,-29.23782975,,
2024-11-30 17:00:00,-19.225177233333334,-15.1811655,,
2024-11-30 17:30:00,-14.323852283333332,4.915024466666666,,
2024-11-30 18:00:00,-8.82413665,16.277307833333335,,
2024-11-30 18:30:00,3.545136683333333,25.5793266,,
2024-11-30 19:00:00,10.942513233333331,27.61698885,,
2024-11-30 19:30:00,15.55270605,22.96564953333333,,
2024-11-30 20:00:00,23.61006495,18.3991632,,
2024-11-30 20:30:00,20.7924761,23.231400583333336,,
2024-11-30 21:00:00,27.573486733333336,23.06823771666667,,
2024-11-30 21:30:00,25.5243517,22.769086216666665,,
2024-11-30 22:00:00,23.75600843333333,21.989056066666667,,
2024-11-30 22:30:00,18.99777113333333,19.76446508333333,,
2024-11-30 23:00:00,21.300918183333334,21.24294945,,
2024-11-30 23:30:00,24.8521955,21.409610033333333,,
2024-12-01 00:00:00,23.051962866666667,23.41436183333333,,
2024-12-01 00:30:00,20.434451266666667,21.3467478,,
2024-12-01 01:00:00,20.92526115,25.62214155,,
2024-12-01 01:30:00,20.4841088,21.85898208333333,,
2024-12-01 02:00:00,20.159716666666665,21.788336,,
2024-12-01 02:30:00,21.7254011,21.34715053333333,,
2024-12-01 03:00:00,21.567946666666668,22.865218916666667,,
2024-12-01 03:30:00,22.472235633333337,22.530906150000003,,
2024-12-01 04:00:00,21.2224072,21.7189917,,
2024-12-01 04:30:00,20.5246028,21.76556878333333,,
2024-12-01 05:00:00,14.847358166666666,19.97079618333333,,
2024-12-01 05:30:00,11.872675566666668,19.475399383333333,,
2024-12-01 06:00:00,11.231090666666669,18.9405674,,
2024-12-01 06:30:00,3.296478833333333,13.050420583333334,,
2024-12-01 07:00:00,-5.827853999999999,10.441037266666669,,
2024-12-01 07:30:00,-8.502578216666667,13.522689933333334,,
2024-12-01 08:00:00,-17.44998995,13.941370016666667,,
2024-12-01 08:30:00,-34.481697716666666,9.878716183333331,,
2024-12-01 09:00:00,-49.40146825,2.6784628333333327,,
2024-12-01 09:30:00,-71.85632220000001,0.6305172833333333,,
2024-12-01 10:00:00,-70.83923115,-9.448567183333331,,
2024-12-01 10:30:00,-81.52881671666667,-29.8193007,,
2024-12-01 11:00:00,-87.5894779,-36.63330506666667,,
2024-12-01 11:30:00,-100.79494,-48.61417263333333,,
2024-12-01 12:00:00,-89.87234153333333,-48.178042866666665,,
2024-12-01 12:30:00,-104.35149058333332,-52.880598866666666,,
2024-12-01 13:00:00,-117.128961,-44.30058556666666,,
2024-12-01 13:30:00,-92.88167281666666,-46.1595683,,
2024-12-01 14:00:00,-77.5248132,-48.39539101666667,,
2024-12-01 14:30:00,-67.0317423,-48.91509115,,
2024-12-01 15:00:00,-63.074813266666666,-50.31391835,,
2024-12-01 15:30:00,-61.2950611,-45.669599966666674,,
2024-12-01 16:00:00,-47.0665262,-41.60737891666667,,
2024-12-01 16:30:00,-39.0975296,-32.62157106666667,,
2024-12-01 17:00:00,-16.23146063333333,-19.225177233333334,,
2024-12-01 17:30:00,-7.951066099999999,-14.323852283333332,,
2024-12-01 18:00:00,3.1965916,-8.82413665,,
2024-12-01 18:30:00,10.524156716666669,3.545136683333333,,
2024-12-01 19:00:00,12.5201161,10.942513233333331,,
2024-12-01 19:30:00,18.144909,15.55270605,,
2024-12-01 20:00:00,18.63115718333333,23.61006495,,
2024-12-01 20:30:00,18.82692005,20.7924761,,
2024-12-01 21:00:00,17.4283644,27.573486733333336,,
2024-12-01 21:30:00,17.740115433333333,25.5243517,,
2024-12-01 22:00:00,15.575073349999998,23.75600843333333,,
2024-12-01 22:30:00,14.554556216666668,18.99777113333333,,
2024-12-01 23:00:00,20.183361716666667,21.300918183333334,,
2024-12-01 23:30:00,19.04303338333333,24.8521955,,
2024-12-02 00:00:00,20.65046105,23.051962866666667,,
2024-12-02 00:30:00,21.097824666666664,20.434451266666667,,
2024-12-02 01:00:00,19.758618466666665,20.92526115,,
2024-12-02 01:30:00,20.1548517,20.4841088,,
2024-12-02 02:00:00,20.225241566666668,20.159716666666665,,
2024-12-02 02:30:00,22.30906618333333,21.7254011,,
2024-12-02 03:00:00,22.62732945,21.567946666666668,,
2024-12-02 03:30:00,24.30959895,22.472235633333337,,
2024-12-02 04:00:00,28.72417555,21.2224072,,
2024-12-02 04:30:00,28.5982583,20.5246028,,
2024-12-02 05:00:00,18.95138833333333,14.847358166666666,,
2024-12-02 05:30:00,13.610688383333333,11.872675566666668,,
2024-12-02 06:00:00,6.544858416666667,11.231090666666669,,
2024-12-02 06:30:00,10.42716735,3.296478833333333,,
2024-12-02 07:00:00,-5.587418866666667,-5.827853999999999,,
2024-12-02 07:30:00,-22.31371628333333,-8.502578216666667,,
2024-12-02 08:00:00,-40.0401033,-17.44998995,,
2024-12-02 08:30:00,-57.94843671666666,-34.481697716666666,,
2024-12-02 09:00:00,-73.98143841666666,-49.40146825,,
2024-12-02 09:30:00,-90.9348828,-71.85632220000001,,
2024-12-02 10:00:00,-108.77237238333332,-70.83923115,,
2024-12-02 10:30:00,-131.22314105,-81.52881671666667,,
2024-12-02 11:00:00,-145.7814466,-87.5894779,,
2024-12-02 11:30:00,-158.46102403333333,-100.79494,,
2024-12-02 12:00:00,-142.99471935,-89.87234153333333,,
2024-12-02 12:30:00,-142.89894998333332,-104.35149058333332,,
2024-12-02 13:00:00,-144.71002124999998,-117.128961,,
2024-12-02 13:30:00,-133.49764613333335,-92.88167281666666,,
2024-12-02 14:00:00,-98.18866066666668,-77.5248132,,
2024-12-02 14:30:00,-71.06587061666666,-67.0317423,,
2024-12-02 15:00:00,-57.9878556,-63.074813266666666,,
2024-12-02 15:30:00,-42.99649003333334,-61.2950611,,
2024-12-02 16:00:00,-30.229060633333333,-47.0665262,,
2024-12-02 16:30:00,-21.820090566666668,-39.0975296,,
2024-12-02 17:00:00,-2.94188315,-16.23146063333333,,
2024-12-02 17:30:00,4.5602561,-7.951066099999999,,
2024-12-02 18:00:00,18.553908333333336,3.1965916,,
2024-12-02 18:30:00,21.02126383333333,10.524156716666669,,
2024-12-02 19:00:00,22.976056716666665,12.5201161,,
2024-12-02 19:30:00,20.487504916666666,18.144909,,
2024-12-02 20:00:00,31.27110511666667,18.63115718333333,,
2024-12-02 20:30:00,28.893427300000003,18.82692005,,
2024-12-02 21:00:00,30.927745583333333,17.4283644,,
2024-12-02 21:30:00,26.468507133333333,17.740115433333333,,
2024-12-02 22:00:00,26.8218033,15.575073349999998,,
2024-12-02 22:30:00,24.618680033333334,14.554556216666668,,
2024-12-02 23:00:00,25.17585995,20.183361716666667,,
2024-12-02 23:30:00,22.4031289,19.04303338333333,,
2024-12-03 00:00:00,20.6745506,20.65046105,,
2024-12-03 00:30:00,23.223398983333336,21.097824666666664,,
2024-12-03 01:00:00,22.92724383333333,19.758618466666665,,
2024-12-03 01:30:00,22.762704466666666,20.1548517,,
2024-12-03 02:00:00,23.5977817,20.225241566666668,,
2024-12-03 02:30:00,23.50990225,22.30906618333333,,
2024-12-03 03:00:00,23.11961343333333,22.62732945,,
2024-12-03 03:30:00,23.23853843333333,24.30959895,,
2024-12-03 04:00:00,23.31950116666667,28.72417555,,
2024-12-03 04:30:00,24.442280850000003,28.5982583,,
2024-12-03 05:00:00,19.98450895,18.95138833333333,,
2024-12-03 05:30:00,19.0079489,13.610688383333333,,
2024-12-03 06:00:00,23.999574483333333,6.544858416666667,,
2024-12-03 06:30:00,18.263411216666665,10.42716735,,
2024-12-03 07:00:00,9.210473766666668,-5.587418866666667,,
2024-12-03 07:30:00,5.759035516666667,-22.31371628333333,,
2024-12-03 08:00:00,-0.2589254333333338,-40.0401033,,
2024-12-03 08:30:00,-4.869920616666668,-57.94843671666666,,
2024-12-03 09:00:00,-8.769489966666667,-73.98143841666666,,
2024-12-03 09:30:00,-21.00306165,-90.9348828,,
2024-12-03 10:00:00,-45.2285121,-108.77237238333332,,
2024-12-03 10:30:00,-59.89041165,-131.22314105,,
2024-12-03 11:00:00,-66.2543029,-145.7814466,,
2024-12-03 11:30:00,-78.81031098333334,-158.46102403333333,,
2024-12-03 12:00:00,-72.59077611666666,-142.99471935,,
2024-12-03 12:30:00,-82.67055491666667,-142.89894998333332,,
2024-12-03 13:00:00,-83.53207225,-144.71002124999998,,
2024-12-03 13:30:00,-79.38297443333333,-133.49764613333335,,
2024-12-03 14:00:00,-80.85455161666667,-98.18866066666668,,
2024-12-03 14:30:00,-81.04534548333334,-71.06587061666666,,
2024-12-03 15:00:00,-74.02546451666666,-57.9878556,,
2024-12-03 15:30:00,-72.61398715,-42.99649003333334,,
2024-12-03 16:00:00,-52.53505619999999,-30.229060633333333,,
2024-12-03 16:30:00,-40.88694216666666,-21.820090566666668,,
2024-12-03 17:00:00,-24.78845348333333,-2.94188315,,
2024-12-03 17:30:00,-3.688374500000001,4.5602561,,
2024-12-03 18:00:00,5.991340149999999,18.553908333333336,,
2024-12-03 18:30:00,13.46658675,21.02126383333333,,
2024-12-03 19:00:00,10.487336183333332,22.976056716666665,,
2024-12-03 19:30:00,13.278115066666668,20.487504916666666,,
2024-12-03 20:00:00,18.04913853333333,31.27110511666667,,
2024-12-03 20:30:00,21.570812766666663,28.893427300000003,,
2024-12-03 21:00:00,23.13061933333333,30.927745583333333,,
2024-12-03 21:30:00,20.291369466666666,26.468507133333333,,
2024-12-03 22:00:00,16.172307683333333,26.8218033,,
2024-12-03 22:30:00,19.4790027,24.618680033333334,,
2024-12-03 23:00:00,16.08495123333333,25.17585995,,
2024-12-03 23:30:00,16.669327016666667,22.4031289,,
2024-12-04 00:00:00,15.639848883333334,20.6745506,,
2024-12-04 00:30:00,16.78453905,23.223398983333336,,
2024-12-04 01:00:00,18.17808115,22.92724383333333,,
2024-12-04 01:30:00,17.238822783333333,22.762704466666666,,
2024-12-04 02:00:00,17.358186666666665,23.5977817,,
2024-12-04 02:30:00,19.293570516666662,23.50990225,,
2024-12-04 03:00:00,21.50430778333333,23.11961343333333,,
2024-12-04 03:30:00,21.581958933333336,23.23853843333333,,
2024-12-04 04:00:00,28.2539372,23.31950116666667,,
2024-12-04 04:30:00,26.833814933333333,24.442280850000003,,
2024-12-04 05:00:00,17.3737722,19.98450895,,
2024-12-04 05:30:00,4.8779796,19.0079489,,
2024-12-04 06:00:00,6.465251599999999,23.999574483333333,,
2024-12-04 06:30:00,10.102392083333331,18.263411216666665,,
2024-12-04 07:00:00,10.804266016666666,9.210473766666668,,
2024-12-04 07:30:00,-0.3202167499999995,5.759035516666667,,
2024-12-04 08:00:00,-22.603553816666665,-0.2589254333333338,,
2024-12-04 08:30:00,-59.42726441666667,-4.869920616666668,,
2024-12-04 09:00:00,-80.13977208333334,-8.769489966666667,,
2024-12-04 09:30:00,-92.85184613333332,-21.00306165,,
2024-12-04 10:00:00,-94.52743986666668,-45.2285121,,
2024-12-04 10:30:00,-122.6534865,-59.89041165,,
2024-12-04 11:00:00,-144.93831225,-66.2543029,,
2024-12-04 11:30:00,-155.36285325,-78.81031098333334,,
2024-12-04 12:00:00,-167.4189433,-72.59077611666666,,
2024-12-04 12:30:00,-166.72726671666666,-82.67055491666667,,
2024-12-04 13:00:00,-153.75229105,-83.53207225,,
2024-12-04 13:30:00,-142.0266622166667,-79.38297443333333,,
2024-12-04 14:00:00,-123.10084895,-80.85455161666667,,
2024-12-04 14:30:00,-107.15047095,-81.04534548333334,,
2024-12-04 15:00:00,-88.08749618333333,-74.02546451666666,,
2024-12-04 15:30:00,-77.42568441666667,-72.61398715,,
2024-12-04 16:00:00,-70.95503383333333,-52.53505619999999,,
2024-12-04 16:30:00,-57.117625616666665,-40.88694216666666,,
2024-12-04 17:00:00,-38.516502716666665,-24.78845348333333,,
2024-12-04 17:30:00,-12.794345416666667,-3.688374500000001,,
2024-12-04 18:00:00,2.0751790500000005,5.991340149999999,,
2024-12-04 18:30:00,11.925100566666666,13.46658675,,
2024-12-04 19:00:00,5.212876083333334,10.487336183333332,,
2024-12-04 19:30:00,8.890755583333334,13.278115066666668,,
2024-12-04 20:00:00,18.633534583333333,18.04913853333333,,
2024-12-04 20:30:00,25.320079566666667,21.570812766666663,,
2024-12-04 21:00:00,24.41141508333333,23.13061933333333,,
2024-12-04 21:30:00,24.7110189,20.291369466666666,,
2024-12-04 22:00:00,22.811758183333332,16.172307683333333,,
2024-12-04 22:30:00,21.273946783333333,19.4790027,,
2024-12-04 23:00:00,23.60860603333333,16.08495123333333,,
2024-12-04 23:30:00,26.233006016666668,16.669327016666667,,
2024-12-05 00:00:00,26.030859000000003,15.639848883333334,,
2024-12-05 00:30:00,27.87484783333333,16.78453905,,
2024-12-05 01:00:00,24.90708658333333,18.17808115,,
2024-12-05 01:30:00,23.69533278333333,17.238822783333333,,
2024-12-05 02:00:00,26.23239613333333,17.358186666666665,,
2024-12-05 02:30:00,26.653344816666664,19.293570516666662,,
2024-12-05 03:00:00,25.53927888333333,21.50430778333333,,
2024-12-05 03:30:00,24.86687566666667,21.581958933333336,,
2024-12-05 04:00:00,29.707500016666668,28.2539372,,
2024-12-05 04:30:00,30.75257608333333,26.833814933333333,,
2024-12-05 05:00:00,21.780778283333333,17.3737722,,
2024-12-05 05:30:00,17.15439655,4.8779796,,
2024-12-05 06:00:00,7.458995000000001,6.465251599999999,,
2024-12-05 06:30:00,4.537503383333333,10.102392083333331,,
2024-12-05 07:00:00,4.126580966666666,10.804266016666666,,
2024-12-05 07:30:00,-7.881079566666666,-0.3202167499999995,,
2024-12-05 08:00:00,-29.225460466666664,-22.603553816666665,,
2024-12-05 08:30:00,-52.01166003333333,-59.42726441666667,,
2024-12-05 09:00:00,-61.21158558333334,-80.13977208333334,,
2024-12-05 09:30:00,-75.39129121666667,-92.85184613333332,,
2024-12-05 10:00:00,-78.58437781666667,-94.52743986666668,,
2024-12-05 10:30:00,-102.34790881666667,-122.6534865,,
2024-12-05 11:00:00,-128.35943438333334,-144.93831225,,
2024-12-05 11:30:00,-139.43321838333335,-155.36285325,,
2024-12-05 12:00:00,-143.05613449999998,-167.4189433,,
2024-12-05 12:30:00,-148.81262496666668,-166.72726671666666,,
2024-12-05 13:00:00,-145.89845165,-153.75229105,,
2024-12-05 13:30:00,-147.26630628333334,-142.0266622166667,,
2024-12-05 14:00:00,-125.10892601666669,-123.10084895,,
2024-12-05 14:30:00,-109.10162946666668,-107.15047095,,
2024-12-05 15:00:00,-82.95846568333333,-88.08749618333333,,
2024-12-05 15:30:00,-78.72942103333334,-77.42568441666667,,
2024-12-05 16:00:00,-59.29082508333334,-70.95503383333333,,
2024-12-05 16:30:00,-46.304747683333325,-57.117625616666665,,
2024-12-05 17:00:00,-22.514099366666667,-38.516502716666665,,
2024-12-05 17:30:00,-0.4723349666666664,-12.794345416666667,,
2024-12-05 18:00:00,13.44734325,2.0751790500000005,,
2024-12-05 18:30:00,20.992333866666662,11.925100566666666,,
2024-12-05 19:00:00,31.09778225,5.212876083333334,,
2024-12-05 19:30:00,34.157503283333334,8.890755583333334,,
2024-12-05 20:00:00,28.454707816666662,18.633534583333333,,
2024-12-05 20:30:00,29.2305065,25.320079566666667,,
2024-12-05 21:00:00,25.657890533333333,24.41141508333333,,
2024-12-05 21:30:00,27.790327783333336,24.7110189,,
2024-12-05 22:00:00,26.153548366666666,22.811758183333332,,
2024-12-05 22:30:00,24.819033816666664,21.273946783333333,,
2024-12-05 23:00:00,26.800802333333333,23.60860603333333,,
2024-12-05 23:30:00,23.4497066,26.233006016666668,,
2024-12-06 00:00:00,23.837101033333337,26.030859000000003,,
2024-12-06 00:30:00,22.7948001,27.87484783333333,,
2024-12-06 01:00:00,22.94421785,24.90708658333333,,
2024-12-06 01:30:00,23.452368366666665,23.69533278333333,,
2024-12-06 02:00:00,23.27546985,26.23239613333333,,
2024-12-06 02:30:00,24.297769666666667,26.653344816666664,,
2024-12-06 03:00:00,25.502632166666668,25.53927888333333,,
2024-12-06 03:30:00,26.351212683333333,24.86687566666667,,
2024-12-06 04:00:00,24.2066766,29.707500016666668,,
2024-12-06 04:30:00,24.96600173333333,30.75257608333333,,
2024-12-06 05:00:00,19.482184983333333,21.780778283333333,,
2024-12-06 05:30:00,13.1229823,17.15439655,,
2024-12-06 06:00:00,10.072481583333332,7.458995000000001,,
2024-12-06 06:30:00,6.118621133333334,4.537503383333333,,
2024-12-06 07:00:00,8.049017883333333,4.126580966666666,,
2024-12-06 07:30:00,-3.1070137333333334,-7.881079566666666,,
2024-12-06 08:00:00,-10.036959433333337,-29.225460466666664,,
2024-12-06 08:30:00,-19.72045333333333,-52.01166003333333,,
2024-12-06 09:00:00,-24.3425467,-61.21158558333334,,
2024-12-06 09:30:00,-30.86180273333333,-75.39129121666667,,
2024-12-06 10:00:00,-43.37661226666666,-78.58437781666667,,
2024-12-06 10:30:00,-51.26752393333334,-102.34790881666667,,
2024-12-06 11:00:00,-69.29729768333333,-128.35943438333334,,
2024-12-06 11:30:00,-83.17885338333333,-139.43321838333335,,
2024-12-06 12:00:00,-88.20394326666667,-143.05613449999998,,
2024-12-06 12:30:00,-79.73476841666667,-148.81262496666668,,
2024-12-06 13:00:00,-80.5573111,-145.89845165,,
2024-12-06 13:30:00,-70.23956553333333,-147.26630628333334,,
2024-12-06 14:00:00,-67.73558443333333,-125.10892601666669,,
2024-12-06 14:30:00,-59.80765498333334,-109.10162946666668,,
2024-12-06 15:00:00,-32.24959773333333,-82.95846568333333,,
2024-12-06 15:30:00,-15.00941435,-78.72942103333334,,
2024-12-06 16:00:00,-9.078533416666666,-59.29082508333334,,
2024-12-06 16:30:00,-5.081970083333333,-46.304747683333325,,
2024-12-06 17:00:00,1.811236533333333,-22.514099366666667,,
2024-12-06 17:30:00,7.82499725,-0.4723349666666664,,
2024-12-06 18:00:00,13.887322816666668,13.44734325,,
2024-12-06 18:30:00,16.515157716666668,20.992333866666662,,
2024-12-06 19:00:00,20.605413816666665,31.09778225,,
2024-12-06 19:30:00,23.86439896666667,34.157503283333334,,
2024-12-06 20:00:00,28.22459888333333,28.454707816666662,,
2024-12-06 20:30:00,29.61458883333333,29.2305065,,
2024-12-06 21:00:00,30.6601612,25.657890533333333,,
2024-12-06 21:30:00,26.36942003333333,27.790327783333336,,
2024-12-06 22:00:00,24.37063605,26.153548366666666,,
2024-12-06 22:30:00,23.67292158333333,24.819033816666664,,
2024-12-06 23:00:00,22.17557503333333,26.800802333333333,,
2024-12-06 23:30:00,23.3326823,23.4497066,,
2024-12-07 00:00:00,27.07403938333333,23.837101033333337,,
2024-12-07 00:30:00,25.35253828333333,22.7948001,,
2024-12-07 01:00:00,27.393219416666668,22.94421785,,
2024-12-07 01:30:00,26.195774933333336,23.452368366666665,,
2024-12-07 02:00:00,26.59824555,23.27546985,,
2024-12-07 02:30:00,27.964716733333333,24.297769666666667,,
2024-12-07 03:00:00,23.13507943333333,25.502632166666668,,
2024-12-07 03:30:00,23.84311938333333,26.351212683333333,,
2024-12-07 04:00:00,24.699002383333333,24.2066766,,
2024-12-07 04:30:00,23.5726773,24.96600173333333,,
2024-12-07 05:00:00,20.524588233333333,19.482184983333333,,
2024-12-07 05:30:00,17.496730583333335,13.1229823,,
2024-12-07 06:00:00,12.714961100000002,10.072481583333332,,
2024-12-07 06:30:00,6.4921817,6.118621133333334,,
2024-12-07 07:00:00,6.4414865500000005,8.049017883333333,,
2024-12-07 07:30:00,10.503715516666666,-3.1070137333333334,,
2024-12-07 08:00:00,-2.4367179166666664,-10.036959433333337,,
2024-12-07 08:30:00,-19.509231866666667,-19.72045333333333,,
2024-12-07 09:00:00,-30.561514566666663,-24.3425467,,
2024-12-07 09:30:00,-51.76116055,-30.86180273333333,,
2024-12-07 10:00:00,-63.94998820000001,-43.37661226666666,,
2024-12-07 10:30:00,-67.13837168333333,-51.26752393333334,,
2024-12-07 11:00:00,-63.6756955,-69.29729768333333,,
2024-12-07 11:30:00,-96.14798833333332,-83.17885338333333,,
2024-12-07 12:00:00,-94.51463478333334,-88.20394326666667,,
2024-12-07 12:30:00,-96.39762101666668,-79.73476841666667,,
2024-12-07 13:00:00,-96.2159834,-80.5573111,,
2024-12-07 13:30:00,-104.20562461666668,-70.23956553333333,,
2024-12-07 14:00:00,-94.53833001666668,-67.73558443333333,,
2024-12-07 14:30:00,-97.46442396666669,-59.80765498333334,,
2024-12-07 15:00:00,-86.16267868333334,-32.24959773333333,,
2024-12-07 15:30:00,-74.741261,-15.00941435,,
2024-12-07 16:00:00,-60.38101503333333,-9.078533416666666,,
2024-12-07 16:30:00,-38.10366561666667,-5.081970083333333,,
2024-12-07 17:00:00,-14.260469550000002,1.811236533333333,,
2024-12-07 17:30:00,4.471505466666668,7.82499725,,
2024-12-07 18:00:00,29.011660566666663,13.887322816666668,,
2024-12-07 18:30:00,36.20299548333333,16.515157716666668,,
2024-12-07 19:00:00,37.5466767,20.605413816666665,,
2024-12-07 19:30:00,37.4044479,23.86439896666667,,
2024-12-07 20:00:00,29.32663838333333,28.22459888333333,,
2024-12-07 20:30:00,30.2297811,29.61458883333333,,
2024-12-07 21:00:00,31.58354885,30.6601612,,
2024-12-07 21:30:00,28.03766165,26.36942003333333,,
2024-12-07 22:00:00,25.7504789,24.37063605,,
2024-12-07 22:30:00,23.06964285,23.67292158333333,,
2024-12-07 23:00:00,26.99333088333333,22.17557503333333,,
2024-12-07 23:30:00,26.339962866666667,23.3326823,,
2024-12-08 00:00:00,22.30896388333333,27.07403938333333,,
2024-12-08 00:30:00,21.692037316666667,25.35253828333333,,
2024-12-08 01:00:00,21.76654235,27.393219416666668,,
2024-12-08 01:30:00,20.60992565,26.195774933333336,,
2024-12-08 02:00:00,21.37389453333333,26.59824555,,
2024-12-08 02:30:00,23.865549016666662,27.964716733333333,,
2024-12-08 03:00:00,20.956375116666667,23.13507943333333,,
2024-12-08 03:30:00,21.068079566666665,23.84311938333333,,
2024-12-08 04:00:00,27.27159213333333,24.699002383333333,,
2024-12-08 04:30:00,26.346366166666662,23.5726773,,
2024-12-08 05:00:00,16.6417817,20.524588233333333,,
2024-12-08 05:30:00,13.074929466666669,17.496730583333335,,
2024-12-08 06:00:00,9.112915,12.714961100000002,,
2024-12-08 06:30:00,2.4342899166666663,6.4921817,,
2024-12-08 07:00:00,-7.764587266666666,6.4414865500000005,,
2024-12-08 07:30:00,-22.877549466666665,10.503715516666666,,
2024-12-08 08:00:00,-45.667965,-2.4367179166666664,,
2024-12-08 08:30:00,-68.43298231666667,-19.509231866666667,,
2024-12-08 09:00:00,-79.55051265,-30.561514566666663,,
2024-12-08 09:30:00,-94.23236885,-51.76116055,,
2024-12-08 10:00:00,-100.84254566666668,-63.94998820000001,,
2024-12-08 10:30:00,-126.98322958333334,-67.13837168333333,,
2024-12-08 11:00:00,-146.53763335,-63.6756955,,
2024-12-08 11:30:00,-157.85783606666666,-96.14798833333332,,
2024-12-08 12:00:00,-159.87802875,-94.51463478333334,,
2024-12-08 12:30:00,-166.40079786666666,-96.39762101666668,,
2024-12-08 13:00:00,-144.86038775,-96.2159834,,
2024-12-08 13:30:00,-137.39328451666668,-104.20562461666668,,
2024-12-08 14:00:00,-136.37810393333334,-94.53833001666668,,
2024-12-08 14:30:00,-127.52385673333332,-97.46442396666669,,
2024-12-08 15:00:00,-114.54929725,-86.16267868333334,,
2024-12-08 15:30:00,-89.1910411,-74.741261,,
2024-12-08 16:00:00,-79.07445396666667,-60.38101503333333,,
2024-12-08 16:30:00,-59.78113616666667,-38.10366561666667,,
2024-12-08 17:00:00,-36.575250016666665,-14.260469550000002,,
2024-12-08 17:30:00,-16.39572885,4.471505466666668,,
2024-12-08 18:00:00,-7.457957783333334,29.011660566666663,,
2024-12-08 18:30:00,0.9347862166666668,36.20299548333333,,
2024-12-08 19:00:00,7.1290227166666655,37.5466767,,
2024-12-08 19:30:00,7.001075933333333,37.4044479,,
2024-12-08 20:00:00,8.640706133333333,29.32663838333333,,
2024-12-08 20:30:00,14.459594633333332,30.2297811,,
2024-12-08 21:00:00,21.97880338333333,31.58354885,,
2024-12-08 21:30:00,18.93153445,28.03766165,,
2024-12-08 22:00:00,18.38233,25.7504789,,
2024-12-08 22:30:00,14.563132766666667,23.06964285,,
2024-12-08 23:00:00,17.93568276666667,26.99333088333333,,
2024-12-08 23:30:00,21.260749383333334,26.339962866666667,,
2024-12-09 00:00:00,21.964783333333333,22.30896388333333,,
2024-12-09 00:30:00,21.610581633333336,21.692037316666667,,
2024-12-09 01:00:00,21.735324416666668,21.76654235,,
2024-12-09 01:30:00,22.24824108333333,20.60992565,,
2024-12-09 02:00:00,21.97586503333333,21.37389453333333,,
2024-12-09 02:30:00,22.76130825,23.865549016666662,,
2024-12-09 03:00:00,21.26010933333333,20.956375116666667,,
2024-12-09 03:30:00,20.057436016666667,21.068079566666665,,
2024-12-09 04:00:00,24.134100416666666,27.27159213333333,,
2024-12-09 04:30:00,27.659841666666665,26.346366166666662,,
2024-12-09 05:00:00,19.653678466666666,16.6417817,,
2024-12-09 05:30:00,14.385092066666669,13.074929466666669,,
2024-12-09 06:00:00,10.019814383333332,9.112915,,
2024-12-09 06:30:00,11.83994825,2.4342899166666663,,
2024-12-09 07:00:00,7.4328666,-7.764587266666666,,
2024-12-09 07:30:00,8.631126666666667,-22.877549466666665,,
2024-12-09 08:00:00,0.6094216500000004,-45.667965,,
2024-12-09 08:30:00,-13.189979533333334,-68.43298231666667,,
2024-12-09 09:00:00,-27.49472383333333,-79.55051265,,
2024-12-09 09:30:00,-38.42829161666667,-94.23236885,,
2024-12-09 10:00:00,-50.01521614999999,-100.84254566666668,,
2024-12-09 10:30:00,-40.5390561,-126.98322958333334,,
2024-12-09 11:00:00,-51.27117616666666,-146.53763335,,
2024-12-09 11:30:00,-78.98899448333333,-157.85783606666666,,
2024-12-09 12:00:00,-110.04720006666666,-159.87802875,,
2024-12-09 12:30:00,-120.7867532,-166.40079786666666,,
2024-12-09 13:00:00,-112.83853275,-144.86038775,,
2024-12-09 13:30:00,-113.17738676666666,-137.39328451666668,,
2024-12-09 14:00:00,-118.441149,-136.37810393333334,,
2024-12-09 14:30:00,-113.0215645,-127.52385673333332,,
2024-12-09 15:00:00,-95.62495345,-114.54929725,,
2024-12-09 15:30:00,-88.5608694,-89.1910411,,
2024-12-09 16:00:00,-80.87738555,-79.07445396666667,,
2024-12-09 16:30:00,-63.2133589,-59.78113616666667,,
2024-12-09 17:00:00,-42.97722145,-36.575250016666665,,
2024-12-09 17:30:00,-23.28637541666667,-16.39572885,,
2024-12-09 18:00:00,-8.120980516666666,-7.457957783333334,,
2024-12-09 18:30:00,0.0100667666666664,0.9347862166666668,,
2024-12-09 19:00:00,5.449767166666667,7.1290227166666655,,
2024-12-09 19:30:00,7.086935533333334,7.001075933333333,,
2024-12-09 20:00:00,11.59998885,8.640706133333333,,
2024-12-09 20:30:00,13.177150633333332,14.459594633333332,,
2024-12-09 21:00:00,16.74424551666667,21.97880338333333,,
2024-12-09 21:30:00,18.623251566666667,18.93153445,,
2024-12-09 22:00:00,17.779443916666665,18.38233,,
2024-12-09 22:30:00,18.27449925,14.563132766666667,,
2024-12-09 23:00:00,17.787118216666666,17.93568276666667,,
