datetime,observation,naive,forecast,residual
2024-03-04 23:30:00,20.94657733333333,23.705898883333333,23.421616,2.4750382672526072
2024-03-05 00:00:00,18.311048916666667,23.176433900000003,22.75563,4.444581576497395
2024-03-05 00:30:00,21.2508873,40.26005798333333,23.451141,2.2002540574218763
2024-03-05 01:00:00,20.12560818333333,41.62701418333334,23.146103,3.020494721940107
2024-03-05 01:30:00,23.58433605,23.99043108333333,22.98494,-0.5993964748046885
2024-03-05 02:00:00,18.081790533333333,23.224384533333332,22.671402,4.58961144420573
2024-03-05 02:30:00,19.973121266666663,22.47280665,22.52127,2.548149485286462
2024-03-05 03:00:00,19.637579966666667,23.75960508333333,22.609192,2.9716119278645827
2024-03-05 03:30:00,22.95034058333333,23.698352083333333,23.151932,0.20159117936198356
2024-03-05 04:00:00,20.15831658333333,24.546201550000003,21.207794,1.049477606119794
2024-03-05 04:30:00,21.523290033333332,23.07904333333333,21.037552,-0.4857381534505194
2024-03-05 05:00:00,23.27339098333333,27.99930895,20.098267,-3.1751243817708286
2024-03-05 05:30:00,24.56966555,32.33528231666667,22.370163,-2.1995025861328124
2024-03-05 06:00:00,22.75077663333333,26.729373783333333,25.370117,2.619340554166669
2024-03-05 06:30:00,25.382399433333333,28.782057316666663,24.703644,-0.6787556345052081
2024-03-05 07:00:00,28.7671945,26.02752555,21.021072,-7.746122112304686
2024-03-05 07:30:00,18.69906896666667,18.751247166666666,14.87851,-3.8205584915079775
2024-03-05 08:00:00,-2.0632506,2.939902350000001,7.137269,9.200519620080566
2024-03-05 08:30:00,-19.2661789,-11.2099573,-4.231017,15.035161787268066
2024-03-05 09:00:00,-28.89566345,-33.71860161666667,-19.430176,9.46548766875
2024-03-05 09:30:00,-48.54592933333333,-56.32735681666667,-37.130203,11.415726086263021
2024-03-05 10:00:00,-73.61749331666667,-76.74319665,-53.86354,19.753952667252605
2024-03-05 10:30:00,-91.0568855,-98.26117013333334,-74.38493,16.67195202832032
2024-03-05 11:00:00,-123.86936836666666,-105.1408595,-93.387695,30.481673054166663
2024-03-05 11:30:00,-147.97962775,-106.78015926666669,-108.55594,39.42368902929687
2024-03-05 12:00:00,-153.03452226666667,-119.2924772,-120.566284,32.46823808697917
2024-03-05 12:30:00,-174.75135335000002,-140.91846938333333,-130.74562,44.005732622460954
2024-03-05 13:00:00,-175.15461926666669,-146.91807721666666,-134.0045,41.15011792389325
2024-03-05 13:30:00,-184.38300873333333,-139.08783883333334,-134.11098,50.272031560481764
2024-03-05 14:00:00,-161.00803658333334,-130.40576431666668,-128.67226,32.33578011360677
2024-03-05 14:30:00,-151.48778278333333,-115.02714231666666,-117.37524,34.11254627210286
2024-03-05 15:00:00,-126.13039076666666,-99.18208221666669,-101.3079,24.82249129156901
2024-03-05 15:30:00,-104.4457556,-83.08935986666667,-83.496284,20.949471115136717
2024-03-05 16:00:00,-81.94160448333334,-68.1385822,-63.529037,18.4125670077474
2024-03-05 16:30:00,-46.10456556666667,-42.8772827,-42.759903,3.3446626125651093
2024-03-05 17:00:00,-14.254176533333334,-24.479327766666668,-25.428543,-11.174366557486978
2024-03-05 17:30:00,-7.1692309,-15.995305,-9.471023,-2.3017917058959965
2024-03-05 18:00:00,3.5602428000000006,-3.598364383333333,3.7814643,0.2212215383026117
2024-03-05 18:30:00,7.529836166666667,4.279096816666667,13.022019,5.492183219624837
2024-03-05 19:00:00,9.1913994,15.685355016666668,18.81105,9.619651015039063
2024-03-05 19:30:00,14.152105416666666,16.082578950000002,22.644012,8.491907034505209
2024-03-05 20:00:00,12.314060016666668,15.18449615,24.188568,11.874508098567707
2024-03-05 20:30:00,15.642663333333331,18.84711768333333,26.04181,10.399145748697919
2024-03-05 21:00:00,22.38427825,21.48528728333333,24.406097,2.0218191621093737
2024-03-05 21:30:00,22.141018866666663,20.72149723333333,22.96341,0.8223905571614623
2024-03-05 22:00:00,21.846619416666663,18.0120111,23.524307,1.6776878343099
2024-03-05 22:30:00,21.517602766666663,18.776097733333334,24.334259,2.8166562665364623
2024-03-05 23:00:00,22.10626388333333,22.75595785,25.37828,3.2720167563151072
2024-03-05 23:30:00,20.507874366666663,20.94657733333333,25.187347,4.6794730454427125
2024-03-06 00:00:00,18.88405615,18.311048916666667,25.44336,6.559303225000001
2024-03-06 00:30:00,21.32299108333333,21.2508873,25.019058,3.696067144205731
2024-03-06 01:00:00,20.097691066666663,20.12560818333333,24.61557,4.517879001692712
2024-03-06 01:30:00,19.86606275,23.58433605,25.046936,5.180873285156249
2024-03-06 02:00:00,22.39894828333333,18.081790533333333,24.616913,2.217964558463546
2024-03-06 02:30:00,22.18156225,19.973121266666663,23.123917,0.9423543759765636
2024-03-06 03:00:00,21.42551885,19.637579966666667,24.075943,2.650424143164063
2024-03-06 03:30:00,23.3154033,22.95034058333333,24.061127,0.7457234089843752
2024-03-06 04:00:00,21.448393183333334,20.15831658333333,23.259537,1.8111435598307288
2024-03-06 04:30:00,21.8442851,21.523290033333332,22.379639,0.5353535718749995
2024-03-06 05:00:00,22.948441733333336,23.27339098333333,19.767761,-3.180680502864586
2024-03-06 05:30:00,21.551385066666665,24.56966555,19.059464,-2.4919215656901024
2024-03-06 06:00:00,28.590320116666664,22.75077663333333,22.307922,-6.282397753385414
2024-03-06 06:30:00,29.10583173333333,25.382399433333333,19.466415,-9.639416328059891
2024-03-06 07:00:00,25.66988836666667,28.7671945,18.219284,-7.450604309049481
2024-03-06 07:30:00,24.000732133333333,18.69906896666667,12.770738,-11.229994485323079
2024-03-06 08:00:00,16.48736835,-2.0632506,5.4285746,-11.058793787927247
2024-03-06 08:30:00,-2.0875848666666665,-19.2661789,-6.8126974,-4.725112543916829
2024-03-06 09:00:00,-20.67240835,-28.89566345,-21.110672,-0.4382636470703112
2024-03-06 09:30:00,-41.10764761666667,-48.54592933333333,-38.209213,2.8984343598307305
2024-03-06 10:00:00,-57.01768235,-73.61749331666667,-55.871353,1.1463292005859387
2024-03-06 10:30:00,-78.92406678333333,-91.0568855,-75.25816,3.665903331184893
2024-03-06 11:00:00,-97.27979383333331,-123.86936836666666,-95.50009,1.77970228059894
2024-03-06 11:30:00,-122.14974558333334,-147.97962775,-113.05608,9.093661904134123
2024-03-06 12:00:00,-132.6369166,-153.03452226666667,-127.01185,5.625068150292975
2024-03-06 12:30:00,-136.26957945,-174.75135335000002,-138.01804,-1.748456438671866
2024-03-06 13:00:00,-142.30215271666663,-175.15461926666669,-146.0674,-3.7652453546224365
2024-03-06 13:30:00,-142.06204573333332,-184.38300873333333,-147.39656,-5.334514935611992
2024-03-06 14:00:00,-125.96123618333333,-161.00803658333334,-142.03467,-16.073431785416673
2024-03-06 14:30:00,-104.34083061666666,-151.48778278333333,-130.01474,-25.67390937356771
2024-03-06 15:00:00,-94.16178511666668,-126.13039076666666,-111.3618,-17.20001603079426
2024-03-06 15:30:00,-73.86781215,-104.4457556,-93.919266,-20.051453597070307
2024-03-06 16:00:00,-45.97676205,-81.94160448333334,-71.47597,-25.499205357226565
2024-03-06 16:30:00,-28.221770016666667,-46.10456556666667,-49.241287,-21.019517214778645
2024-03-06 17:00:00,-11.98891265,-14.254176533333334,-30.02742,-18.038507393945313
2024-03-06 17:30:00,-0.4426584999999997,-7.1692309,-13.180617,-12.737958832458496
2024-03-06 18:00:00,11.356883866666664,3.5602428000000006,-0.1642448,-11.52112866747271
2024-03-06 18:30:00,16.51078778333333,7.529836166666667,12.472184,-4.038603602119952
2024-03-06 19:00:00,20.660798916666668,9.1913994,18.166367,-2.49443233951823
2024-03-06 19:30:00,28.57747713333333,14.152105416666666,22.81128,-5.766197836458328
2024-03-06 20:00:00,24.451692166666664,12.314060016666668,24.033844,-0.417848172526039
2024-03-06 20:30:00,19.783624983333336,15.642663333333331,23.458359,3.6747337813151013
2024-03-06 21:00:00,19.690499983333336,22.38427825,23.466293,3.775793351627602
2024-03-06 21:30:00,21.3669171,22.141018866666663,23.275482,1.9085650777343766
2024-03-06 22:00:00,27.986096083333333,21.846619416666663,21.745132,-6.2409636370442705
2024-03-06 22:30:00,20.88750615,21.517602766666663,22.074417,1.1869109642578124
2024-03-06 23:00:00,28.136228366666668,22.10626388333333,23.105682,-5.030545993619793
2024-03-06 23:30:00,31.13276396666667,20.507874366666663,22.294983,-8.83778105651042
2024-03-07 00:00:00,32.70785845,18.88405615,23.030777,-9.67708147246094
2024-03-07 00:30:00,25.26614758333333,21.32299108333333,22.910355,-2.355792969075516
2024-03-07 01:00:00,17.605628383333336,20.097691066666663,23.33316,5.727532017057289
2024-03-07 01:30:00,16.02921775,19.86606275,24.431625,8.402407616210937
2024-03-07 02:00:00,15.98391095,22.39894828333333,24.041733,8.057821838085937
2024-03-07 02:30:00,16.082341166666666,22.18156225,23.3591,7.276759175130209
2024-03-07 03:00:00,17.192705566666667,21.42551885,23.809174,6.6164680173177075
2024-03-07 03:30:00,17.778219500000002,23.3154033,23.453247,5.675027570312498
2024-03-07 04:00:00,19.5258094,21.448393183333334,24.590378,5.0645684076171875
2024-03-07 04:30:00,18.746838866666668,21.8442851,24.81746,6.070620239778645
2024-03-07 05:00:00,21.93987333333333,22.948441733333336,24.70494,2.7650674625651064
2024-03-07 05:30:00,36.116649466666665,21.551385066666665,22.400375,-13.716274100455728
2024-03-07 06:00:00,32.9527889,28.590320116666664,22.039307,-10.913482259375002
2024-03-07 06:30:00,22.2626251,29.10583173333333,22.28363,0.021005271093748945
2024-03-07 07:00:00,21.929073833333334,25.66988836666667,20.134537,-1.7945370901692712
2024-03-07 07:30:00,14.076291250000002,24.000732133333333,13.156083,-0.9202081430053735
2024-03-07 08:00:00,5.428147783333333,16.48736835,4.3096933,-1.118454446846517
2024-03-07 08:30:00,-6.099343416666667,-2.0875848666666665,-5.765792,0.3335515236612956
2024-03-07 09:00:00,-28.763564366666667,-20.67240835,-20.28833,8.475234288541667
2024-03-07 09:30:00,-49.55889991666667,-41.10764761666667,-38.152985,11.405915297526043
2024-03-07 10:00:00,-67.80983341666666,-57.01768235,-57.297928,10.51190556022135
2024-03-07 10:30:00,-87.39249235,-78.92406678333333,-75.25479,12.137701090234373
2024-03-07 11:00:00,-106.37403335,-97.27979383333331,-94.08363,12.290399927148442
2024-03-07 11:30:00,-124.55674608333334,-122.14974558333334,-112.76877,11.787977772786462
2024-03-07 12:00:00,-129.27165395,-132.6369166,-129.29391,-0.022260844921873968
2024-03-07 12:30:00,-146.97921165,-136.26957945,-139.01006,7.969156108007809
2024-03-07 13:00:00,-153.7273716,-142.30215271666663,-143.98601,9.74136390957031
2024-03-07 13:30:00,-161.3200193333333,-142.06204573333332,-144.55647,16.763546555012994
2024-03-07 14:00:00,-152.24239106666667,-125.96123618333333,-138.30373,13.938664870377607
2024-03-07 14:30:00,-134.77670666666666,-104.34083061666666,-123.57308,11.203624696451811
2024-03-07 15:00:00,-120.82602943333332,-94.16178511666668,-106.89773,13.928301467024724
2024-03-07 15:30:00,-96.43677123333332,-73.86781215,-84.70407,11.732700188411442
2024-03-07 16:00:00,-66.63655776666667,-45.97676205,-61.67816,4.9583961455729195
2024-03-07 16:30:00,-37.2286229,-28.221770016666667,-40.164047,-2.9354243412109398
2024-03-07 17:00:00,-23.412038216666662,-11.98891265,-20.046326,3.3657125330729123
2024-03-07 17:30:00,-8.02041775,-0.4426584999999997,-4.358672,3.6617456079711914
2024-03-07 18:00:00,2.64468,11.356883866666664,8.142091,5.497410797424316
2024-03-07 18:30:00,7.697544016666666,16.51078778333333,17.677734,9.980190358333335
2024-03-07 19:00:00,18.12674735,20.660798916666668,24.705643,6.578895350195314
2024-03-07 19:30:00,18.89133045,28.57747713333333,26.943085,8.051754266796873
2024-03-07 20:00:00,21.089517283333333,24.451692166666664,26.571533,5.482015919791667
2024-03-07 20:30:00,20.90088045,19.783624983333336,25.981354,5.080473309765626
2024-03-07 21:00:00,20.70356285,19.690499983333336,24.298004,3.594441300390624
2024-03-07 21:30:00,24.88041545,21.3669171,22.394913,-2.4855027302734385
2024-03-07 22:00:00,19.839320416666663,27.986096083333333,22.78862,2.9492995784505247
2024-03-07 22:30:00,17.872871616666668,20.88750615,22.33142,4.458549281770832
2024-03-07 23:00:00,18.706701016666667,28.136228366666668,22.929977,4.2232764003255205
2024-03-07 23:30:00,22.192491166666667,31.13276396666667,24.1156,1.9231094192708333
2024-03-08 00:00:00,23.003112116666667,32.70785845,24.065323,1.0622107593098953
2024-03-08 00:30:00,25.187142766666668,25.26614758333333,25.554688,0.3675447333333324
2024-03-08 01:00:00,22.974131100000005,17.605628383333336,24.889664,1.915532596289058
2024-03-08 01:30:00,28.049768333333333,16.02921775,24.198654,-3.8511141585286452
2024-03-08 02:00:00,33.54440935,15.98391095,24.39302,-9.15138872011719
2024-03-08 02:30:00,27.269217416666667,16.082341166666666,25.153229,-2.1159886569010418
2024-03-08 03:00:00,24.478249533333337,17.192705566666667,24.879105,0.40085508092447597
2024-03-08 03:30:00,25.615288000000003,17.778219500000002,24.102005,-1.5132829951171907
2024-03-08 04:00:00,28.233023866666667,19.5258094,23.39853,-4.834494813932292
2024-03-08 04:30:00,26.588559416666666,18.746838866666668,23.476807,-3.1117527760416657
2024-03-08 05:00:00,27.94344346666667,21.93987333333333,22.630646,-5.312797714713543
2024-03-08 05:30:00,41.034706633333336,36.116649466666665,23.696472,-17.338234465364586
2024-03-08 06:00:00,54.50134665,32.9527889,23.744598,-30.756748261328127
2024-03-08 06:30:00,31.55570821666667,22.2626251,24.400482,-7.155226038932295
2024-03-08 07:00:00,29.907452816666662,21.929073833333334,22.144974,-7.76247906178385
2024-03-08 07:30:00,22.47630055,14.076291250000002,16.62091,-5.855389905468751
2024-03-08 08:00:00,9.6407988,5.428147783333333,7.780488,-1.8603107857788093
2024-03-08 08:30:00,-1.8469260166666668,-6.099343416666667,-4.0475454,-2.2006194163777666
2024-03-08 09:00:00,-18.504638266666664,-28.763564366666667,-21.853958,-3.3493198632161487
2024-03-08 09:30:00,-44.03988343333333,-49.55889991666667,-41.926895,2.1129882917317673
2024-03-08 10:00:00,-60.37909685,-67.80983341666666,-61.49568,-1.1165849126953091
2024-03-08 10:30:00,-81.17445993333332,-87.39249235,-80.717606,0.4568543425130116
2024-03-08 11:00:00,-105.13375006666666,-106.37403335,-100.05577,5.077979192643227
2024-03-08 11:30:00,-123.66766053333332,-124.55674608333334,-117.77719,5.8904693712239435
2024-03-08 12:00:00,-130.13321126666668,-129.27165395,-129.69371,0.4395009395182399
2024-03-08 12:30:00,-135.40034008333333,-146.97921165,-139.79108,-4.390736576822917
2024-03-08 13:00:00,-140.36659258333333,-153.7273716,-143.54391,-3.177322211588546
2024-03-08 13:30:00,-170.48350371666666,-161.3200193333333,-142.64488,27.838621514518223
2024-03-08 14:00:00,-185.2808242,-152.24239106666667,-135.37743,49.903398052539075
2024-03-08 14:30:00,-115.99912666666668,-134.77670666666666,-121.244484,-5.245357281087223
2024-03-08 15:00:00,-98.9690643,-120.82602943333332,-105.437256,-6.468191559375001
2024-03-08 15:30:00,-77.81372416666666,-96.43677123333332,-86.19392,-8.380192154134122
2024-03-08 16:00:00,-56.039059400000006,-66.63655776666667,-64.81802,-8.778964281640619
2024-03-08 16:30:00,-42.4433573,-37.2286229,-44.5932,-2.1498433835937476
2024-03-08 17:00:00,-20.013567816666665,-23.412038216666662,-25.477295,-5.463727105208335
2024-03-08 17:30:00,-4.427912633333333,-8.02041775,-8.697463,-4.269550402250163
2024-03-08 18:00:00,5.4917869,2.64468,3.7906349,-1.7011520294708253
2024-03-08 18:30:00,0.6309055666666669,7.697544016666666,12.143052,11.512146534468586
2024-03-08 19:00:00,6.666251533333334,18.12674735,17.987549,11.321297294791666
2024-03-08 19:30:00,11.399913933333332,18.89133045,22.838928,11.439014289322918
2024-03-08 20:00:00,14.975063383333334,21.089517283333333,24.261505,9.286441743619791
2024-03-08 20:30:00,20.512323366666667,20.90088045,24.20961,3.6972866186848954
2024-03-08 21:00:00,22.29782368333333,20.70356285,21.602097,-0.695727125716143
2024-03-08 21:30:00,19.313792316666667,24.88041545,21.862488,2.5486954763020826
2024-03-08 22:00:00,18.278073433333333,19.839320416666663,23.09346,4.81538664967448
2024-03-08 22:30:00,19.4510789,17.872871616666668,22.143768,2.692689410546876
2024-03-08 23:00:00,18.167556183333332,18.706701016666667,21.47409,3.306534392838543
2024-03-08 23:30:00,15.521832333333334,22.192491166666667,22.654007,7.132174624674478
2024-03-09 00:00:00,15.22367485,23.003112116666667,22.982285,7.758609695898437
2024-03-09 00:30:00,16.080564266666666,25.187142766666668,23.733673,7.653108829036459
2024-03-09 01:00:00,17.06379445,22.974131100000005,24.642578,7.578783675
2024-03-09 01:30:00,16.32524165,28.049768333333333,24.57985,8.254607593164064
2024-03-09 02:00:00,16.3168966,33.54440935,24.21666,7.899762945898438
2024-03-09 02:30:00,16.82791735,27.269217416666667,24.805695,7.977777230078125
2024-03-09 03:00:00,18.861893316666663,24.478249533333337,23.36586,4.5039666686849
2024-03-09 03:30:00,18.427810016666665,25.615288000000003,23.77272,5.344910320247397
2024-03-09 04:00:00,18.295158333333333,28.233023866666667,25.102417,6.807258658854167
2024-03-09 04:30:00,18.31004165,26.588559416666666,26.180481,7.870439307031251
2024-03-09 05:00:00,20.17286328333333,27.94344346666667,25.006088,4.833224973502606
2024-03-09 05:30:00,20.78943058333333,41.034706633333336,28.20488,7.415449177408856
2024-03-09 06:00:00,18.81883275,54.50134665,31.043106,12.224273329101564
2024-03-09 06:30:00,13.860302733333333,31.55570821666667,29.309174,15.448870850651042
2024-03-09 07:00:00,12.991580583333333,29.907452816666662,26.561462,13.569881819010417
2024-03-09 07:30:00,6.232000033333333,22.47630055,18.418991,12.186991055533856
2024-03-09 08:00:00,1.75817155,9.6407988,9.508851,7.750679501330566
2024-03-09 08:30:00,-9.373424483333332,-1.8469260166666668,-4.6133413,4.760083151851399
2024-03-09 09:00:00,-28.476403333333334,-18.504638266666664,-20.838303,7.638100721028646
2024-03-09 09:30:00,-46.36787265,-44.03988343333333,-40.60527,5.762602264257815
2024-03-09 10:00:00,-68.4281957,-60.37909685,-60.335876,8.092319235156253
2024-03-09 10:30:00,-82.98317886666666,-81.17445993333332,-80.1893,2.7938783295572875
2024-03-09 11:00:00,-104.67158565,-105.13375006666666,-99.24946,5.422127337011716
2024-03-09 11:30:00,-117.86747395,-123.66766053333332,-115.77367,2.093807568164067
2024-03-09 12:00:00,-119.64507606666666,-130.13321126666668,-129.69301,-10.047932356184901
2024-03-09 12:30:00,-132.83751821666667,-135.40034008333333,-139.10612,-6.268606661263021
2024-03-09 13:00:00,-141.1476405,-140.36659258333333,-143.97919,-2.8315465117187557
2024-03-09 13:30:00,-129.47755501666666,-170.48350371666666,-142.58351,-13.105956335872406
2024-03-09 14:00:00,-126.83423276666667,-185.2808242,-138.61841,-11.784175436458327
2024-03-09 14:30:00,-112.67259225,-115.99912666666668,-124.46371,-11.79111472021485
2024-03-09 15:00:00,-103.19236321666666,-98.9690643,-106.094154,-2.9017911412434927
2024-03-09 15:30:00,-75.79388383333334,-77.81372416666666,-86.05264,-10.258758988932286
2024-03-09 16:00:00,-49.77463058333333,-56.039059400000006,-66.04465,-16.27001663346355
2024-03-09 16:30:00,-27.77110321666667,-42.4433573,-46.34143,-18.57032744739583
2024-03-09 17:00:00,-12.888557333333331,-20.013567816666665,-26.12761,-13.239051919596356
2024-03-09 17:30:00,1.254823816666666,-4.427912633333333,-6.6602316,-7.915055406937662
2024-03-09 18:00:00,7.79841845,5.4917869,6.404191,-1.3942274328491209
2024-03-09 18:30:00,17.883785066666665,0.6309055666666669,15.027497,-2.8562877751017233
2024-03-09 19:00:00,25.1249421,6.666251533333334,20.178009,-4.946933066796873
2024-03-09 19:30:00,30.260965533333334,11.399913933333332,21.992065,-8.268900103645834
2024-03-09 20:00:00,28.36985055,14.975063383333334,23.127243,-5.242607508007811
2024-03-09 20:30:00,31.116375583333333,20.512323366666667,23.949677,-7.166699069661458
2024-03-09 21:00:00,28.9170106,22.29782368333333,23.324371,-5.592639262109376
2024-03-09 21:30:00,26.41049725,19.313792316666667,21.917114,-4.493382992187499
2024-03-09 22:00:00,28.582711166666662,18.278073433333333,23.093613,-5.489098495768225
2024-03-09 22:30:00,34.99753843333333,19.4510789,20.33133,-14.666209087630207
2024-03-09 23:00:00,37.2163608,18.167556183333332,21.721893,-15.494467489453122
2024-03-09 23:30:00,41.02645725,15.521832333333334,23.686111,-17.340345799804687
2024-03-10 00:00:00,31.8266667,15.22367485,23.698624,-8.128043042773438
2024-03-10 00:30:00,29.076241933333336,16.080564266666666,22.624268,-6.4519743552083355
2024-03-10 01:00:00,22.397965666666664,17.06379445,21.817963,-0.5800030201822892
2024-03-10 01:30:00,21.631862666666667,16.32524165,22.603394,0.9715308880208333
2024-03-10 02:00:00,21.9003539,16.3168966,22.592316,0.6919617738281261
2024-03-10 02:30:00,20.547517183333333,16.82791735,23.894775,3.3472582072916666
2024-03-10 03:00:00,22.60764896666667,18.861893316666663,23.49649,0.8888415118489554
2024-03-10 03:30:00,23.173163166666665,18.427810016666665,25.073883,1.90071988997396
2024-03-10 04:00:00,24.3912773,18.295158333333333,26.256805,1.8655281199218763
2024-03-10 04:30:00,24.30256655,18.31004165,26.159988,1.8574218533203108
2024-03-10 05:00:00,32.23179056666667,20.17286328333333,24.36734,-7.8644504787760425
2024-03-10 05:30:00,32.465809433333334,20.78943058333333,26.068787,-6.397022812239584
2024-03-10 06:00:00,22.3087373,18.81883275,26.251999,3.943261601367187
2024-03-10 06:30:00,20.441305433333333,13.860302733333333,24.67398,4.2326752795572915
2024-03-10 07:00:00,13.026161516666669,12.991580583333333,21.894135,8.867973004817706
2024-03-10 07:30:00,9.5441684,6.232000033333333,16.016586,6.472417903710937
2024-03-10 08:00:00,0.1322966833333329,1.75817155,6.597062,6.464765427567546
2024-03-10 08:30:00,-10.077097216666669,-9.373424483333332,-6.6245565,3.4525406752237977
2024-03-10 09:00:00,-20.26129275,-28.476403333333334,-22.520447,-2.259154027343751
2024-03-10 09:30:00,-47.0340848,-46.36787265,-39.647476,7.38660860371094
2024-03-10 10:00:00,-54.78151838333333,-68.4281957,-61.437836,-6.656317310026047
2024-03-10 10:30:00,-86.78546295,-82.98317886666666,-82.79385,3.991609190234371
2024-03-10 11:00:00,-110.09889611666668,-104.67158565,-101.51795,8.580944151334648
2024-03-10 11:30:00,-127.01746215,-117.86747395,-119.655045,7.362417594335938
2024-03-10 12:00:00,-133.59536161666668,-119.64507606666666,-133.85799,-0.2626248335286334
2024-03-10 12:30:00,-154.76690115,-132.83751821666667,-142.22755,12.539346828710933
2024-03-10 13:00:00,-155.8058824,-141.1476405,-144.45073,11.355153029882814
2024-03-10 13:30:00,-153.30261565,-129.47755501666666,-140.58784,12.714770801367195
2024-03-10 14:00:00,-140.27368551666666,-126.83423276666667,-133.92453,6.349155487369785
2024-03-10 14:30:00,-127.34247131666666,-112.67259225,-119.90839,7.434085086197911
2024-03-10 15:00:00,-113.91092775,-103.19236321666666,-100.59187,13.319054581054687
2024-03-10 15:30:00,-98.31454825,-75.79388383333334,-79.982414,18.332134004394533
2024-03-10 16:00:00,-60.13360106666666,-49.77463058333333,-59.08127,1.0523327561197817
2024-03-10 16:30:00,-29.909381516666667,-27.77110321666667,-39.399277,-9.489895216731771
2024-03-10 17:00:00,-12.412867366666667,-12.888557333333331,-20.736252,-8.32338446438802
2024-03-10 17:30:00,-4.229524950000001,1.254823816666666,-4.490081,-0.26055588343505764
2024-03-10 18:00:00,18.014131083333336,7.79841845,8.998445,-9.015686526143394
2024-03-10 18:30:00,29.86916168333333,17.883785066666665,15.565827,-14.30333431364339
2024-03-10 19:00:00,20.50736505,25.1249421,17.484665,-3.022700133007813
2024-03-10 19:30:00,22.04710486666667,30.260965533333334,21.023865,-1.0232401205729182
2024-03-10 20:00:00,22.822985650000003,28.36985055,24.938065,2.1150789251953093
2024-03-10 20:30:00,28.519414916666666,31.116375583333333,24.205048,-4.3143673092447905
2024-03-10 21:00:00,30.286790616666668,28.9170106,23.829163,-6.457628019010418
2024-03-10 21:30:00,23.4840983,26.41049725,22.997223,-0.4868753996093744
2024-03-10 22:00:00,17.1819393,28.582711166666662,22.043259,4.861319366992188
2024-03-10 22:30:00,23.17172566666667,34.99753843333333,22.566101,-0.6056245924479207
2024-03-10 23:00:00,28.2629444,37.2163608,23.677078,-4.585866152929686
2024-03-10 23:30:00,36.29395546666667,41.02645725,24.04747,-12.246485373893229
2024-03-11 00:00:00,28.41405435,31.8266667,25.537552,-2.876502470117188
2024-03-11 00:30:00,25.513818233333332,29.076241933333336,27.820663,2.3068452188151056
2024-03-11 01:00:00,25.604468683333334,22.397965666666664,26.821014,1.2165457209635413
2024-03-11 01:30:00,24.953148433333336,21.631862666666667,25.83319,0.880042484635414
2024-03-11 02:00:00,20.702946166666667,21.9003539,24.511597,3.808650513020833
2024-03-11 02:30:00,22.92776705,20.547517183333333,24.61876,1.6909921052734376
2024-03-11 03:00:00,21.79183546666667,22.60764896666667,22.882568,1.0907328927083313
2024-03-11 03:30:00,22.1775344,23.173163166666665,22.910645,0.733110131250001
2024-03-11 04:00:00,23.3087855,24.3912773,22.759949,-0.548836769531249
2024-03-11 04:30:00,25.15610613333333,24.30256655,24.773361,-0.38274492727864384
2024-03-11 05:00:00,30.821116716666666,32.23179056666667,26.545013,-4.2761032889322905
2024-03-11 05:30:00,30.412566183333336,32.465809433333334,26.280243,-4.132323263411461
2024-03-11 06:00:00,28.570668800000004,22.3087373,29.146301,0.5756324695312465
2024-03-11 06:30:00,32.046878400000004,20.441305433333333,27.40686,-4.640018048437504
2024-03-11 07:00:00,27.567674416666662,13.026161516666669,23.418747,-4.148927468424475
2024-03-11 07:30:00,29.013839583333333,9.5441684,18.664124,-10.349716048177083
2024-03-11 08:00:00,10.936610566666666,0.1322966833333329,8.493501,-2.443109857132974
2024-03-11 08:30:00,-3.2376816333333327,-10.077097216666669,-7.1654196,-3.9277379452189134
2024-03-11 09:00:00,-24.7235158,-20.26129275,-24.427063,0.29645281171875126
2024-03-11 09:30:00,-27.90922218333333,-47.0340848,-42.36647,-14.457248153580732
2024-03-11 10:00:00,-44.33376056666666,-54.78151838333333,-62.223602,-17.889841728255213
2024-03-11 10:30:00,-70.0369272,-86.78546295,-81.52641,-11.489485763867194
2024-03-11 11:00:00,-82.36980293333333,-110.09889611666668,-100.34799,-17.978189010026043
2024-03-11 11:30:00,-108.99414278333334,-127.01746215,-119.54521,-10.551069008658843
2024-03-11 12:00:00,-121.19849295,-133.59536161666668,-133.38567,-12.187172943554685
2024-03-11 12:30:00,-130.79635493333333,-154.76690115,-143.64572,-12.849366502213542
2024-03-11 13:00:00,-123.43379223333334,-155.8058824,-146.90916,-23.475372195377602
2024-03-11 13:30:00,-116.82665728333332,-153.30261565,-144.5937,-27.767046940299494
2024-03-11 14:00:00,-107.7377383,-140.27368551666666,-134.86852,-27.130776714648434
2024-03-11 14:30:00,-113.25740228333332,-127.34247131666666,-122.72368,-9.466276305533867
2024-03-11 15:00:00,-104.03437968333331,-113.91092775,-104.38963,-0.3552534953776245
2024-03-11 15:30:00,-60.448152683333326,-98.31454825,-84.4099,-23.96174416725261
2024-03-11 16:00:00,-40.73325155,-60.13360106666666,-61.819275,-21.08602335234375
2024-03-11 16:30:00,-16.213624433333333,-29.909381516666667,-42.632523,-26.41889814967448
2024-03-11 17:00:00,0.2025173166666672,-12.412867366666667,-23.101807,-23.30432395729167
2024-03-11 17:30:00,12.026974433333333,-4.229524950000001,-6.5448446,-18.571819060713704
2024-03-11 18:00:00,17.753513366666667,18.014131083333336,5.695649,-12.057864219632975
2024-03-11 18:30:00,11.791976749999998,29.86916168333333,16.102829,4.310852229492189
2024-03-11 19:00:00,27.41191825,20.50736505,21.863586,-5.548331824218749
2024-03-11 19:30:00,34.9579778,22.04710486666667,24.96556,-9.992416886914064
2024-03-11 20:00:00,27.4502811,22.822985650000003,27.4861,0.035818143164060956
2024-03-11 20:30:00,27.867561183333333,28.519414916666666,26.733887,-1.1336744645833328
2024-03-11 21:00:00,25.53427931666667,30.286790616666668,24.83931,-0.694969624283857
2024-03-11 21:30:00,30.717736400000003,23.4840983,24.293991,-6.423745311132816
2024-03-11 22:00:00,42.02400166666666,17.1819393,24.63144,-17.39256245768229
2024-03-11 22:30:00,32.385876116666665,23.17172566666667,26.02066,-6.36521571627604
2024-03-11 23:00:00,24.76793375,28.2629444,24.475922,-0.29201211914062597
2024-03-11 23:30:00,24.8986884,36.29395546666667,25.48851,0.5898217318359364
2024-03-12 00:00:00,26.63394998333333,28.41405435,24.749466,-1.8844840409505181
2024-03-12 00:30:00,24.2973646,25.513818233333332,25.211472,0.9141069576171859
2024-03-12 01:00:00,22.703368800000003,25.604468683333334,24.057327,1.3539584705078092
2024-03-12 01:30:00,21.5648355,24.953148433333336,23.10019,1.535353708984374
2024-03-12 02:00:00,21.273631116666667,20.702946166666667,23.996399,2.7227678091145826
2024-03-12 02:30:00,21.064777666666668,22.92776705,22.744583,1.6798054632161445
2024-03-12 03:00:00,21.905967816666664,21.79183546666667,21.579575,-0.3263932317057261
2024-03-12 03:30:00,21.70017335,22.1775344,20.447708,-1.2524652201171875
2024-03-12 04:00:00,23.9823411,23.3087855,23.386063,-0.5962784779296868
2024-03-12 04:30:00,23.42155688333333,25.15610613333333,23.383392,-0.038164549348955745
2024-03-12 05:00:00,27.1012967,30.821116716666666,25.769104,-1.332192696093749
2024-03-12 05:30:00,26.0819578,30.412566183333336,25.836243,-0.2457151242187514
2024-03-12 06:00:00,31.93100715,28.570668800000004,28.024261,-3.9067456753906242
2024-03-12 06:30:00,38.338944966666666,32.046878400000004,27.600845,-10.738099629752604
2024-03-12 07:00:00,30.86629938333333,27.567674416666662,25.722397,-5.1439025327473935
2024-03-12 07:30:00,17.729633866666667,29.013839583333333,18.92981,1.200175703645833
2024-03-12 08:00:00,9.453599016666669,10.936610566666666,8.911637,-0.5419617104532897
2024-03-12 08:30:00,-4.4827489,-3.2376816333333327,-4.184722,0.2980269532836912
2024-03-12 09:00:00,-21.796532716666665,-24.7235158,-21.25769,0.5388422869791647
2024-03-12 09:30:00,-44.85341825,-27.90922218333333,-40.43741,4.416009802734372
2024-03-12 10:00:00,-63.70869326666667,-44.33376056666666,-60.038956,3.6697375781901087
2024-03-12 10:30:00,-68.55203831666667,-70.0369272,-80.38434,-11.832300062239582
2024-03-12 11:00:00,-82.24512091666666,-82.36980293333333,-97.01166,-14.766536798177086
2024-03-12 11:30:00,-97.71623888333332,-108.99414278333334,-114.15909,-16.442849251432307
2024-03-12 12:00:00,-112.53311006666668,-121.19849295,-128.37532,-15.842210367903633
2024-03-12 12:30:00,-117.1054261,-130.79635493333333,-135.60797,-18.502545091406247
2024-03-12 13:00:00,-117.94794535,-123.43379223333334,-139.31291,-21.36496663730469
2024-03-12 13:30:00,-116.46916221666667,-116.82665728333332,-134.74814,-18.2789762110677
2024-03-12 14:00:00,-109.7650234,-107.7377383,-126.01571,-16.25068552333984
2024-03-12 14:30:00,-88.02940283333334,-113.25740228333332,-114.99909,-26.969689268717445
2024-03-12 15:00:00,-67.30425776666667,-104.03437968333331,-97.569336,-30.265078170833334
2024-03-12 15:30:00,-47.73411778333334,-60.448152683333326,-76.11126,-28.37714167711588
2024-03-12 16:00:00,-34.180809466666666,-40.73325155,-53.573273,-19.39246323841146
2024-03-12 16:30:00,-24.57407173333333,-16.213624433333333,-31.872726,-7.298654707096357
2024-03-12 17:00:00,-6.32660975,0.2025173166666672,-13.292632,-6.966022352966308
2024-03-12 17:30:00,1.7312300500000006,12.026974433333333,2.7281196,0.9968895617401117
2024-03-12 18:00:00,15.5159107,17.753513366666667,14.75229,-0.7636209279663078
2024-03-12 18:30:00,26.4153951,11.791976749999998,22.992996,-3.422398884179689
2024-03-12 19:00:00,31.60162995,27.41191825,27.170776,-4.4308535828124995
2024-03-12 19:30:00,30.44406943333333,34.9579778,31.00299,0.558921289322921
2024-03-12 20:00:00,24.85784665,27.4502811,29.34523,4.4873834525390635
2024-03-12 20:30:00,27.340464666666666,27.867561183333333,26.719833,-0.6206312926432282
2024-03-12 21:00:00,25.94894108333333,25.53427931666667,25.475815,-0.47312626399739344
2024-03-12 21:30:00,20.84216155,30.717736400000003,26.099075,5.256913767382812
2024-03-12 22:00:00,27.53144778333333,42.02400166666666,27.529907,-0.0015405567708306478
2024-03-12 22:30:00,26.500135083333333,32.385876116666665,27.027039,0.5269034908854167
2024-03-12 23:00:00,18.4945102,24.76793375,27.914963,9.420452568554687
2024-03-12 23:30:00,18.80118893333333,24.8986884,27.254272,8.453083527604171
2024-03-13 00:00:00,18.0646644,26.63394998333333,25.836975,7.772310697656248
2024-03-13 00:30:00,17.43946993333333,24.2973646,25.657196,8.217726111588544
2024-03-13 01:00:00,19.253946083333336,22.703368800000003,25.363953,6.110006553385414
2024-03-13 01:30:00,19.3241839,21.5648355,24.064682,4.740498106835936
2024-03-13 02:00:00,19.58531388333333,21.273631116666667,25.332428,5.747114095182294
2024-03-13 02:30:00,20.18575548333333,21.064777666666668,25.634033,5.448277719791669
2024-03-13 03:00:00,21.715867166666666,21.905967816666664,23.667862,1.951994771809897
2024-03-13 03:30:00,21.28203888333333,21.70017335,22.00589,0.7238510092447967
2024-03-13 04:00:00,21.0742778,23.9823411,24.818604,3.744325715624999
2024-03-13 04:30:00,20.7858223,23.42155688333333,25.706512,4.9206901511718755
2024-03-13 05:00:00,24.9396149,27.1012967,25.03981,0.1001952806640638
2024-03-13 05:30:00,26.739470616666665,26.0819578,26.03093,-0.7085410512369776
2024-03-13 06:00:00,26.3898652,31.93100715,28.59903,2.209164341015626
2024-03-13 06:30:00,27.58595275,38.338944966666666,29.934769,2.348815926757812
2024-03-13 07:00:00,33.75831973333333,30.86629938333333,26.929337,-6.828983185481768
2024-03-13 07:30:00,23.959063566666668,17.729633866666667,21.097107,-2.861956633072918
2024-03-13 08:00:00,13.212777166666667,9.453599016666669,12.166169,-1.0466080001017257
2024-03-13 08:30:00,10.831019583333331,-4.4827489,-0.25372234,-11.084741923201877
2024-03-13 09:00:00,4.410258916666668,-21.796532716666665,-18.979263,-23.38952222233073
2024-03-13 09:30:00,-20.615152733333336,-44.85341825,-37.39879,-16.783635718815102
2024-03-13 10:00:00,-31.444587883333337,-63.70869326666667,-58.460922,-27.0163343578776
2024-03-13 10:30:00,-40.29077711666667,-68.55203831666667,-79.84573,-39.55495652591146
2024-03-13 11:00:00,-46.616573916666674,-82.24512091666666,-97.50852,-50.89194811702473
2024-03-13 11:30:00,-59.616792233333335,-97.71623888333332,-114.21847,-54.60167547906901
2024-03-13 12:00:00,-69.6106709,-112.53311006666668,-128.26048,-58.649811888085935
2024-03-13 12:30:00,-88.44755085000001,-117.1054261,-134.49765,-46.05009929648436
2024-03-13 13:00:00,-119.0637961,-117.94794535,-135.13326,-16.069458904882808
2024-03-13 13:30:00,-87.59360601666667,-116.46916221666667,-133.23741,-45.64380548235677
2024-03-13 14:00:00,-86.53748888333332,-109.7650234,-124.72074,-38.18325238863933
2024-03-13 14:30:00,-75.77868216666667,-88.02940283333334,-109.4032,-33.62451607552083
2024-03-13 15:00:00,-65.32649728333332,-67.30425776666667,-87.991356,-22.66485861266277
2024-03-13 15:30:00,-46.545392166666666,-47.73411778333334,-66.1644,-19.61900602669271
2024-03-13 16:00:00,-31.702781666666667,-34.180809466666666,-45.643448,-13.940666209309896
2024-03-13 16:30:00,-20.283079416666663,-24.57407173333333,-26.678635,-6.395555226888025
2024-03-13 17:00:00,-13.08973165,-6.32660975,-12.376922,0.7128099962524406
2024-03-13 17:30:00,-1.8054717166666672,1.7312300500000006,1.0638283,2.8693000657801315
2024-03-13 18:00:00,11.6418155,15.5159107,13.56894,1.9271246626586915
2024-03-13 18:30:00,4.892635566666667,26.4153951,21.76271,16.870075004622397
2024-03-13 19:00:00,11.524306666666666,31.60162995,26.80899,15.284683811848959
2024-03-13 19:30:00,16.703675583333332,30.44406943333333,29.308472,12.604796096354168
2024-03-13 20:00:00,17.878995683333333,24.85784665,29.379272,11.500276777604167
2024-03-13 20:30:00,19.082272716666665,27.340464666666666,25.831573,6.74930076966146
2024-03-13 21:00:00,18.474511083333336,25.94894108333333,26.667267,8.192755762369789
2024-03-13 21:30:00,22.474031566666667,20.84216155,26.421967,3.9479349860677075
2024-03-13 22:00:00,23.29478943333333,27.53144778333333,25.115463,1.8206738235026059
2024-03-13 22:30:00,18.39217958333333,26.500135083333333,26.660736,8.268556500651044
2024-03-13 23:00:00,23.59796946666667,18.4945102,25.53511,1.9371410069661437
2024-03-13 23:30:00,21.49177265,18.80118893333333,25.042831,3.551058770898436
2024-03-14 00:00:00,16.494964333333332,18.0646644,25.926483,9.431518820963543
2024-03-14 00:30:00,18.810475933333333,17.43946993333333,23.89215,5.081674945572917
2024-03-14 01:00:00,21.26767105,19.253946083333336,22.707123,1.4394517527343744
2024-03-14 01:30:00,24.600432166666668,19.3241839,23.898468,-0.7019641490885427
2024-03-14 02:00:00,26.140721483333333,19.58531388333333,22.081543,-4.0591785145833335
2024-03-14 02:30:00,22.7781711,20.18575548333333,22.351227,-0.42694429335937656
2024-03-14 03:00:00,21.796878266666667,21.715867166666666,23.359268,1.5623899218098956
2024-03-14 03:30:00,21.431197216666664,21.28203888333333,23.984161,2.552964160286461
2024-03-14 04:00:00,23.992116116666665,21.0742778,24.73825,0.74613461575521
2024-03-14 04:30:00,29.211712316666667,20.7858223,25.397034,-3.8146786252604166
2024-03-14 05:00:00,27.266419600000003,24.9396149,25.21045,-2.0559703812500025
2024-03-14 05:30:00,26.88384728333333,26.739470616666665,29.935684,3.051836920768231
2024-03-14 06:00:00,28.590272783333333,26.3898652,30.960983,2.3707104930338545
2024-03-14 06:30:00,28.9686498,27.58595275,31.573257,2.604607646289061
2024-03-14 07:00:00,29.2309711,33.75831973333333,30.42746,1.1964886167968736
2024-03-14 07:30:00,18.80198995,23.959063566666668,23.628357,4.826366983593751
2024-03-14 08:00:00,11.35124615,13.212777166666667,13.03711,1.6858641786743167
2024-03-14 08:30:00,2.304704466666667,10.831019583333331,0.46131977,-1.8433846922774002
2024-03-14 09:00:00,1.6345889499999997,4.410258916666668,-10.989181,-12.62376951488037
2024-03-14 09:30:00,-21.64447008333333,-20.615152733333336,-28.938293,-7.2938233736979186
2024-03-14 10:00:00,-45.795717833333335,-31.444587883333337,-48.428116,-2.632398011393228
2024-03-14 10:30:00,-52.79285386666666,-40.29077711666667,-68.02992,-15.237068618684901
2024-03-14 11:00:00,-56.66826898333333,-46.616573916666674,-84.18957,-27.52129858258464
2024-03-14 11:30:00,-75.33923793333334,-59.616792233333335,-98.07276,-22.733523602311195
2024-03-14 12:00:00,-91.44430716666666,-69.6106709,-106.68177,-15.23746315804037
2024-03-14 12:30:00,-91.86105558333333,-88.44755085000001,-115.335686,-23.474630146647144
2024-03-14 13:00:00,-85.81143496666665,-119.0637961,-118.97452,-33.16308285559897
2024-03-14 13:30:00,-79.67060895,-87.59360601666667,-116.21034,-36.53973345722656
2024-03-14 14:00:00,-75.3506811,-86.53748888333332,-107.82999,-32.47930547226562
2024-03-14 14:30:00,-64.07277711666667,-75.77868216666667,-92.88483,-28.81204954348958
2024-03-14 15:00:00,-57.44345211666666,-65.32649728333332,-75.80155,-18.358099702180994
2024-03-14 15:30:00,-47.19249546666666,-46.545392166666666,-57.18141,-9.988916276497406
2024-03-14 16:00:00,-28.769910050000004,-31.702781666666667,-41.29254,-12.522631453906246
2024-03-14 16:30:00,-17.57902215,-20.283079416666663,-21.918777,-4.339755315820312
2024-03-14 17:00:00,-6.862881116666666,-13.08973165,-5.0348806,1.8280004785441077
2024-03-14 17:30:00,1.4164698666666669,-1.8054717166666672,8.2062845,6.789814656343587
2024-03-14 18:00:00,11.51113715,11.6418155,13.945008,2.4338711278930667
2024-03-14 18:30:00,19.875290516666663,4.892635566666667,20.721008,0.8457177841145871
2024-03-14 19:00:00,19.277283883333336,11.524306666666666,24.04985,4.7725665805338515
2024-03-14 19:30:00,21.20351275,16.703675583333332,26.719452,5.515939154296873
2024-03-14 20:00:00,20.4472812,17.878995683333333,28.08963,7.642348926953126
2024-03-14 20:30:00,22.43190055,19.082272716666665,25.353592,2.921691368945311
2024-03-14 21:00:00,23.05607553333333,18.474511083333336,24.451141,1.3950658240885438
2024-03-14 21:30:00,21.311194366666665,22.474031566666667,24.013153,2.7019587095052096
2024-03-14 22:00:00,21.27946173333333,23.29478943333333,24.059937,2.7804747901041686
2024-03-14 22:30:00,21.975418450000003,18.39217958333333,22.940674,0.9652553781249971
2024-03-14 23:00:00,30.98910443333333,23.59796946666667,24.959473,-6.029631777083331
2024-03-14 23:30:00,26.78603408333333,21.49177265,24.325119,-2.460915064778643
2024-03-15 00:00:00,27.389108933333333,16.494964333333332,23.704468,-3.6846411598958326
2024-03-15 00:30:00,25.377826166666665,18.810475933333333,23.012375,-2.3654512887369776
2024-03-15 01:00:00,18.75033895,21.26767105,20.852707,2.1023679591796878
2024-03-15 01:30:00,19.1129266,24.600432166666668,20.670593,1.5576666617187485
2024-03-15 02:00:00,19.0798927,26.140721483333333,20.572662,1.4927696535156265
2024-03-15 02:30:00,20.551921166666663,22.7781711,22.145645,1.5937239749348997
2024-03-15 03:00:00,21.69869218333333,21.796878266666667,22.661606,0.9629136516276091
2024-03-15 03:30:00,21.23985946666667,21.431197216666664,23.525269,2.285409088020831
2024-03-15 04:00:00,20.752644316666665,23.992116116666665,23.829865,3.0772201852864605
2024-03-15 04:30:00,23.44722498333333,29.211712316666667,26.378937,2.9317117842447935
2024-03-15 05:00:00,25.16478875,27.266419600000003,27.64151,2.4767212597656254
2024-03-15 05:30:00,22.3634867,26.88384728333333,28.373245,6.009758539257813
2024-03-15 06:00:00,29.313697716666667,28.590272783333333,30.113235,0.7995377569661457
2024-03-15 06:30:00,35.48589938333333,28.9686498,30.244797,-5.241102630403645
2024-03-15 07:00:00,27.46339543333333,29.2309711,27.053024,-0.41037114134114105
2024-03-15 07:30:00,18.610247283333333,18.80198995,22.029205,3.418958038932292
2024-03-15 08:00:00,-0.5241800166666667,11.35124615,14.841538,15.365718445926921
2024-03-15 08:30:00,-28.181473716666662,2.304704466666667,3.3399055,31.52137921707865
2024-03-15 09:00:00,-28.55407811666667,1.6345889499999997,-10.425399,18.12867929006755
2024-03-15 09:30:00,-44.9156078,-21.64447008333333,-26.300919,18.614689220898434
2024-03-15 10:00:00,-51.83722513333333,-45.795717833333335,-45.318863,6.518362218294264
2024-03-15 10:30:00,-54.93709561666666,-52.79285386666666,-61.994263,-7.05716707864584
2024-03-15 11:00:00,-69.18229718333333,-56.66826898333333,-78.33403,-9.151732968033855
2024-03-15 11:30:00,-69.94982885,-75.33923793333334,-93.39331,-23.443481696874997
2024-03-15 12:00:00,-102.07021288333333,-91.44430716666666,-103.797066,-1.726852851529955
2024-03-15 12:30:00,-125.11566884999998,-91.86105558333333,-110.944336,14.171332912499977
2024-03-15 13:00:00,-123.89926891666668,-85.81143496666665,-112.61091,11.288360408365904
2024-03-15 13:30:00,-114.36403018333334,-79.67060895,-110.44601,3.9180234084309973
2024-03-15 14:00:00,-117.9581295,-75.3506811,-101.90317,16.054961775390623
2024-03-15 14:30:00,-100.08177278333334,-64.07277711666667,-88.16577,11.916001298958335
2024-03-15 15:00:00,-94.14334326666666,-57.44345211666666,-72.67331,21.470033940494787
2024-03-15 15:30:00,-79.65005778333334,-47.19249546666666,-56.003525,23.6465330030599
2024-03-15 16:00:00,-63.89733675,-28.769910050000004,-36.830536,27.066800861328126
2024-03-15 16:30:00,-49.873703866666666,-17.57902215,-19.396729,30.476975351041666
2024-03-15 17:00:00,-23.28585165,-6.862881116666666,-4.3619223,18.92392938590088
2024-03-15 17:30:00,-1.6289244333333333,1.4164698666666669,7.5901957,9.219120089156087
2024-03-15 18:00:00,5.191283783333333,11.51113715,14.517945,9.326661506278484
2024-03-15 18:30:00,4.558772766666666,19.875290516666663,21.467636,16.90886334173177
2024-03-15 19:00:00,10.955303366666667,19.277283883333336,23.507736,12.55243283938802
2024-03-15 19:30:00,13.422857816666664,21.20351275,24.960678,11.537820283919274
2024-03-15 20:00:00,14.842870116666669,20.4472812,26.965057,12.122187256380206
2024-03-15 20:30:00,12.254542816666666,22.43190055,23.652039,11.397495757552084
2024-03-15 21:00:00,12.489276633333333,23.05607553333333,24.362381,11.87310434811198
2024-03-15 21:30:00,15.920927216666668,21.311194366666665,23.947754,8.026826689583332
2024-03-15 22:00:00,14.229188466666663,21.27946173333333,22.68834,8.459150766731774
2024-03-15 22:30:00,14.314415599999998,21.975418450000003,22.41603,8.101615283789064
2024-03-15 23:00:00,15.72354835,30.98910443333333,24.03746,8.313911977148438
2024-03-15 23:30:00,16.7266078,26.78603408333333,25.610504,8.883896350390625
2024-03-16 00:00:00,15.707881116666668,27.389108933333333,26.175735,10.467854356966145
2024-03-16 00:30:00,17.3584256,25.377826166666665,26.69345,9.335025327734375
2024-03-16 01:00:00,19.35135165,18.75033895,24.987228,5.635876743554686
2024-03-16 01:30:00,25.333445883333336,19.1129266,22.47322,-2.860225058138024
2024-03-16 02:00:00,25.302745416666667,19.0798927,21.435013,-3.8677325992838547
2024-03-16 02:30:00,18.976582816666667,20.551921166666663,22.584686,3.6081034626302078
2024-03-16 03:00:00,20.410360916666665,21.69869218333333,21.629013,1.2186521448567724
2024-03-16 03:30:00,19.49337605,21.23985946666667,23.557236,4.063859667773439
2024-03-16 04:00:00,19.6145507,20.752644316666665,23.249786,3.635235676953126
2024-03-16 04:30:00,19.510903366666668,23.44722498333333,23.579971,4.069067946809895
2024-03-16 05:00:00,19.8543072,25.16478875,27.055756,7.201448415234374
2024-03-16 05:30:00,23.25653228333333,22.3634867,28.251999,4.995466618033859
2024-03-16 06:00:00,19.0478138,29.313697716666667,29.939682,10.891868206835937
2024-03-16 06:30:00,13.890769866666666,35.48589938333333,30.438904,16.548133941927084
2024-03-16 07:00:00,10.5211454,27.46339543333333,26.96312,16.441974106835936
2024-03-16 07:30:00,9.449711016666669,18.610247283333333,26.136444,16.686733075130206
2024-03-16 08:00:00,-2.1040056166666665,-0.5241800166666667,18.106506,20.210511964322915
2024-03-16 08:30:00,-20.67496668333333,-28.181473716666662,2.3100288,22.984995474760943
2024-03-16 09:00:00,-38.45464275,-28.55407811666667,-12.961959,25.492683864807127
2024-03-16 09:30:00,-48.31690653333334,-44.9156078,-28.712708,19.604199013802088
2024-03-16 10:00:00,-65.01095061666666,-51.83722513333333,-44.539383,20.47156768209635
2024-03-16 10:30:00,-83.24368493333334,-54.93709561666666,-61.25798,21.985704586653654
2024-03-16 11:00:00,-91.46006341666669,-69.18229718333333,-76.92586,14.534205872721373
2024-03-16 11:30:00,-111.06381831666666,-69.94982885,-90.11321,20.950605731217436
2024-03-16 12:00:00,-111.11168873333334,-102.07021288333333,-101.735016,9.376672864192713
2024-03-16 12:30:00,-129.75645996666665,-125.11566884999998,-108.51894,21.23751618004556
2024-03-16 13:00:00,-135.8854189,-123.89926891666668,-111.71554,24.169880875097647
2024-03-16 13:30:00,-135.41044996666668,-114.36403018333334,-109.44653,25.963916763541675
2024-03-16 14:00:00,-120.14776546666668,-117.9581295,-103.401825,16.74594051549481
2024-03-16 14:30:00,-96.70958148333334,-100.08177278333334,-90.16754,6.542039979427088
2024-03-16 15:00:00,-81.53830221666666,-94.14334326666666,-76.437744,5.100558076041665
2024-03-16 15:30:00,-71.42995055,-79.65005778333334,-62.065918,9.364032581250001
2024-03-16 16:00:00,-56.8645534,-63.89733675,-44.905075,11.95947832675781
2024-03-16 16:30:00,-33.13236053333333,-49.873703866666666,-28.903961,4.228399351692708
2024-03-16 17:00:00,-5.627327833333332,-23.28585165,-14.837951,-9.210622873148601
2024-03-16 17:30:00,4.529580666666667,-1.6289244333333333,-2.763244,-7.29282458031718
2024-03-16 18:00:00,21.79663431666667,5.191283783333333,6.7561045,-15.040529847367353
2024-03-16 18:30:00,22.09113495,4.558772766666666,12.293748,-9.797387048083497
2024-03-16 19:00:00,22.702925583333336,10.955303366666667,19.21341,-3.489516159505211
2024-03-16 19:30:00,19.419686066666667,13.422857816666664,22.493103,3.0734169606770827
2024-03-16 20:00:00,22.064839483333333,14.842870116666669,22.166779,0.10193908111979155
2024-03-16 20:30:00,25.68444875,12.254542816666666,21.197998,-4.486450703125001
2024-03-16 21:00:00,27.30883335,12.489276633333333,21.261856,-6.046977270898438
2024-03-16 21:30:00,24.080048200000004,15.920927216666668,19.764313,-4.315735455859379
2024-03-16 22:00:00,20.195115466666667,14.229188466666663,19.264221,-0.9308942752604175
2024-03-16 22:30:00,17.052799916666668,14.314415599999998,20.705505,3.652705454427082
2024-03-16 23:00:00,15.928302916666668,15.72354835,21.157196,5.228893128255207
2024-03-16 23:30:00,27.550970633333336,16.7266078,21.625366,-5.9256044223958355
2024-03-17 00:00:00,24.0687177,15.707881116666668,18.58252,-5.4861981687500005
2024-03-17 00:30:00,27.138466016666666,17.3584256,18.74025,-8.398216382877603
2024-03-17 01:00:00,21.930484066666665,19.35135165,19.22638,-2.704104672135415
2024-03-17 01:30:00,16.1751983,25.333445883333336,19.516205,3.3410065339843733
2024-03-17 02:00:00,15.6546545,25.302745416666667,19.234085,3.579430583007813
2024-03-17 02:30:00,15.231651616666667,18.976582816666667,18.147629,2.91597716751302
2024-03-17 03:00:00,14.9936822,20.410360916666665,18.412933,3.4192511496093747
2024-03-17 03:30:00,17.299422833333335,19.49337605,20.902374,3.6029514342447904
2024-03-17 04:00:00,18.10398556666667,19.6145507,21.657684,3.553698759505206
2024-03-17 04:30:00,21.153768333333336,19.510903366666668,21.10823,-0.045537742513023005
2024-03-17 05:00:00,20.17156933333333,19.8543072,22.685745,2.514175905924482
2024-03-17 05:30:00,20.562174,23.25653228333333,23.679,3.1168268544921887
2024-03-17 06:00:00,22.05485713333333,19.0478138,27.005234,4.950376631315109
2024-03-17 06:30:00,19.9516272,13.890769866666666,27.35234,7.400713498242187
2024-03-17 07:00:00,13.621424383333334,10.5211454,23.367859,9.746434503385416
2024-03-17 07:30:00,11.04943665,9.449711016666669,17.750183,6.7007464554687495
2024-03-17 08:00:00,4.998768283333334,-2.1040056166666665,8.924928,3.9261594281534826
2024-03-17 08:30:00,2.7308566,-20.67496668333333,-3.622802,-6.353658619119263
2024-03-17 09:00:00,-14.697382866666668,-38.45464275,-19.146347,-4.448964179231769
2024-03-17 09:30:00,-34.32462163333333,-48.31690653333334,-33.998505,0.3261169946614544
2024-03-17 10:00:00,-43.2770396,-65.01095061666666,-48.92238,-5.645338940039061
2024-03-17 10:30:00,-49.32838784999999,-83.24368493333334,-66.26338,-16.93499410800782
2024-03-17 11:00:00,-54.88100553333333,-91.46006341666669,-82.787445,-27.906439535026045
2024-03-17 11:30:00,-66.17444825,-111.06381831666666,-96.116234,-29.941785575683596
2024-03-17 12:00:00,-90.16378061666668,-111.11168873333334,-105.83877,-15.674987388704409
2024-03-17 12:30:00,-97.58152383333334,-129.75645996666665,-112.09886,-14.517337861002602
2024-03-17 13:00:00,-99.4579117,-135.8854189,-115.32384,-15.86592558027344
2024-03-17 13:30:00,-107.7386615,-135.41044996666668,-115.72789,-7.989228514648431
2024-03-17 14:00:00,-92.31496085,-120.14776546666668,-107.57683,-15.261867152929682
2024-03-17 14:30:00,-67.76072941666666,-96.70958148333334,-95.26794,-27.507207289876305
2024-03-17 15:00:00,-65.76002175,-81.53830221666666,-81.97682,-16.216800149414055
2024-03-17 15:30:00,-47.48437955,-71.42995055,-64.57008,-17.085704068164063
2024-03-17 16:00:00,-34.902775,-56.8645534,-47.32242,-12.419643212890627
2024-03-17 16:30:00,-27.72679383333333,-33.13236053333333,-29.97322,-2.246426991861984
2024-03-17 17:00:00,-18.774152666666662,-5.627327833333332,-14.403747,4.370406061747229
2024-03-17 17:30:00,0.1965487999999999,4.529580666666667,-3.149871,-3.3464199109161377
2024-03-17 18:00:00,9.89001335,21.79663431666667,6.904359,-2.985654486169434
2024-03-17 18:30:00,9.6885073,22.09113495,17.469513,7.7810056394531255
2024-03-17 19:00:00,12.611303216666665,22.702925583333336,23.160126,10.54882251575521
2024-03-17 19:30:00,18.6194835,19.419686066666667,23.05481,4.435326070312499
2024-03-17 20:00:00,20.989366566666664,22.064839483333333,24.74408,3.7547130231770858
2024-03-17 20:30:00,18.82916935,25.68444875,26.941635,8.112465781835937
2024-03-17 21:00:00,19.66251898333333,27.30883335,25.190628,5.528109068424481
2024-03-17 21:30:00,21.39201508333333,24.080048200000004,22.881561,1.4895461959635448
2024-03-17 22:00:00,22.36773905,20.195115466666667,22.726868,0.35912862578124916
2024-03-17 22:30:00,22.45285335,17.052799916666668,23.015228,0.5623749214843734
2024-03-17 23:00:00,21.815695,15.928302916666668,21.268661,-0.5470335009765641
2024-03-17 23:30:00,20.67647398333333,27.550970633333336,21.246841,0.5703674473307316
2024-03-18 00:00:00,23.77295948333333,24.0687177,20.55191,-3.221049082942706
2024-03-18 00:30:00,28.9942806,27.138466016666666,19.656311,-9.33796956484375
2024-03-18 01:00:00,25.6480449,21.930484066666665,19.652908,-5.995136574804686
2024-03-18 01:30:00,20.2383122,16.1751983,20.004288,-0.2340244802734368
2024-03-18 02:00:00,20.230927333333334,15.6546545,21.458801,1.2278739361979163
2024-03-18 02:30:00,19.81697833333333,15.231651616666667,20.476929,0.6599503776041686
2024-03-18 03:00:00,20.05358838333333,14.9936822,21.660782,1.6071934770182317
2024-03-18 03:30:00,21.4466521,17.299422833333335,20.52678,-0.9198729251953139
2024-03-18 04:00:00,21.83044955,18.10398556666667,20.346527,-1.4839224503906259
2024-03-18 04:30:00,24.115551066666665,21.153768333333336,19.95018,-4.1653710129557275
2024-03-18 05:00:00,23.068519483333333,20.17156933333333,20.070404,-2.9981154305989577
2024-03-18 05:30:00,26.376774466666664,20.562174,20.837769,-5.539005911979164
2024-03-18 06:00:00,27.63434786666667,22.05485713333333,21.055695,-6.578653286588544
2024-03-18 06:30:00,35.638971633333334,19.9516272,18.832,-16.80697090091146
2024-03-18 07:00:00,33.409955116666666,13.621424383333334,16.612488,-16.797467323697916
2024-03-18 07:30:00,29.77117948333333,11.04943665,10.939988,-18.831191347041827
2024-03-18 08:00:00,6.135074516666666,4.998768283333334,2.6990364,-3.436038156879679
2024-03-18 08:30:00,-6.794801783333334,2.7308566,-6.9836874,-0.18888561748453725
2024-03-18 09:00:00,-18.43633888333333,-14.697382866666668,-17.36412,1.0722183999348935
2024-03-18 09:30:00,-34.49107396666667,-34.32462163333333,-32.597794,1.893280387565106
2024-03-18 10:00:00,-45.52472773333333,-43.2770396,-51.30945,-5.784720508854171
2024-03-18 10:30:00,-60.0153817,-49.32838784999999,-67.9292,-7.913817518750001
2024-03-18 11:00:00,-70.96515765,-54.88100553333333,-82.94705,-11.98189435195313
2024-03-18 11:30:00,-87.22424110000001,-66.17444825,-93.40463,-6.18039146835936
2024-03-18 12:00:00,-91.28794826666666,-90.16378061666668,-103.93053,-12.642578466731777
2024-03-18 12:30:00,-110.42940833333334,-97.58152383333334,-110.00668,0.42272498372396683
2024-03-18 13:00:00,-119.48794648333336,-99.4579117,-112.50089,6.987053844173204
2024-03-18 13:30:00,-119.79817775,-107.7386615,-110.42234,9.375837356933587
2024-03-18 14:00:00,-106.12110436666669,-92.31496085,-103.07203,3.049075252897154
2024-03-18 14:30:00,-94.26733406666666,-67.76072941666666,-90.01101,4.2563248503580695
2024-03-18 15:00:00,-119.98612705,-65.76002175,-74.28384,45.7022906852539
2024-03-18 15:30:00,-52.896557900000005,-47.48437955,-56.9151,-4.018542197656245
2024-03-18 16:00:00,-37.85342888333333,-34.902775,-40.23529,-2.3818616440104208
2024-03-18 16:30:00,-23.242653333333333,-27.72679383333333,-24.99179,-1.7491374381510418
2024-03-18 17:00:00,-6.5515641,-18.774152666666662,-11.077407,-4.525842783239746
2024-03-18 17:30:00,8.641654950000001,0.1965487999999999,1.0643624,-7.577292543269349
2024-03-18 18:00:00,23.47524828333333,9.89001335,7.85608,-15.619168228096513
2024-03-18 18:30:00,28.05586666666667,9.6885073,13.762803,-14.293063588968916
2024-03-18 19:00:00,21.722565433333333,12.611303216666665,18.22969,-3.4928748815755206
2024-03-18 19:30:00,23.312178416666665,18.6194835,21.964233,-1.347945018229165
2024-03-18 20:00:00,19.919883916666667,20.989366566666664,22.39235,2.472465326497396
2024-03-18 20:30:00,20.51734826666667,18.82916935,22.280579,1.7632303466145807
2024-03-18 21:00:00,23.57818268333333,19.66251898333333,21.462555,-2.1156277516927062
2024-03-18 21:30:00,18.95120225,21.39201508333333,20.391464,1.440261983398436
2024-03-18 22:00:00,28.44995053333333,22.36773905,19.0587,-9.391249971809891
2024-03-18 22:30:00,28.783139516666665,22.45285335,18.568558,-10.214581777408853
2024-03-18 23:00:00,29.26615178333333,21.815695,20.582962,-8.683189747200519
2024-03-18 23:30:00,25.82427948333333,20.67647398333333,20.921967,-4.902312930598956
2024-03-19 00:00:00,27.0611067,23.77295948333333,19.723663,-7.337443369921875
2024-03-19 00:30:00,24.0609923,28.9942806,20.560608,-3.500384389843749
2024-03-19 01:00:00,19.484023266666668,25.6480449,20.048187,0.564163989192707
2024-03-19 01:30:00,18.256959316666663,20.2383122,18.880936,0.6239763522786497
2024-03-19 02:00:00,17.43211833333333,20.230927333333334,20.210709,2.778590284830731
2024-03-19 02:30:00,17.35238108333333,19.81697833333333,20.81932,3.4669395953776068
2024-03-19 03:00:00,17.920473933333334,20.05358838333333,21.44992,3.5294467209635414
2024-03-19 03:30:00,19.2829493,21.4466521,20.713608,1.430658488085939
2024-03-19 04:00:00,18.85845903333333,21.83044955,20.758728,1.9002689940104212
2024-03-19 04:30:00,22.850421166666667,24.115551066666665,22.547577,-0.302844262369792
2024-03-19 05:00:00,24.809400683333333,23.068519483333333,21.359253,-3.450147753645833
2024-03-19 05:30:00,24.95642408333333,26.376774466666664,21.59607,-3.3603547473958315
2024-03-19 06:00:00,22.9145206,27.63434786666667,23.706192,0.791671416601563
2024-03-19 06:30:00,23.4476955,35.638971633333334,23.074387,-0.37330890332031075
2024-03-19 07:00:00,20.16120211666667,33.409955116666666,21.555801,1.3945992749348939
2024-03-19 07:30:00,14.122824533333334,29.77117948333333,16.581024,2.4581996365885406
2024-03-19 08:00:00,4.805942816666667,6.135074516666666,6.8039865,1.9980437327107747
2024-03-19 08:30:00,0.8646411833333335,-6.794801783333334,-1.869567,-2.7342082199620568
2024-03-19 09:00:00,-11.998886566666664,-18.43633888333333,-15.15013,-3.1512437052449567
2024-03-19 09:30:00,-19.59018285,-34.49107396666667,-29.683441,-10.093258312109374
2024-03-19 10:00:00,-38.54723955,-45.52472773333333,-46.26448,-7.717241040820312
2024-03-19 10:30:00,-51.803731133333336,-60.0153817,-62.175156,-10.371424506315101
2024-03-19 11:00:00,-73.48691105,-70.96515765,-75.20299,-1.7160766208984342
2024-03-19 11:30:00,-84.16268778333334,-87.22424110000001,-90.244064,-6.081376547721348
2024-03-19 12:00:00,-93.8404072,-91.28794826666666,-98.744095,-4.903687648632811
2024-03-19 12:30:00,-95.12146986666666,-110.42940833333334,-103.269516,-8.14804612454428
2024-03-19 13:00:00,-111.84133181666664,-119.48794648333336,-106.44221,5.399124480240857
2024-03-19 13:30:00,-108.49302715,-119.79817775,-106.10862,2.384407460058597
2024-03-19 14:00:00,-91.22353838333332,-106.12110436666669,-99.0958,-7.872263923795586
2024-03-19 14:30:00,-86.38440345,-94.26733406666666,-88.69043,-2.3060262375000065
2024-03-19 15:00:00,-76.76917058333333,-119.98612705,-77.41152,-0.6423513282877593
2024-03-19 15:30:00,-54.90728888333334,-52.896557900000005,-62.4041,-7.496809627408851
2024-03-19 16:00:00,-32.90354163333333,-37.85342888333333,-46.642395,-13.738853386197917
2024-03-19 16:30:00,-19.376063833333333,-23.242653333333333,-27.493118,-8.11705445279948
2024-03-19 17:00:00,-12.4948482,-6.5515641,-14.518401,-2.0235529459350587
2024-03-19 17:30:00,4.531548983333334,8.641654950000001,-1.8389274,-6.370476371524557
2024-03-19 18:00:00,2.5242039166666665,23.47524828333333,8.817079,6.2928746737264
2024-03-19 18:30:00,8.562279433333334,28.05586666666667,16.565964,8.003684311783854
2024-03-19 19:00:00,10.577351266666666,21.722565433333333,19.64241,9.065059011653647
2024-03-19 19:30:00,14.604400416666666,23.312178416666665,23.28511,8.680710056966147
2024-03-19 20:00:00,19.377803916666668,19.919883916666667,24.603409,5.2256048968098945
2024-03-19 20:30:00,18.933629416666665,20.51734826666667,22.272888,3.3392587669270846
2024-03-19 21:00:00,18.67398731666667,23.57818268333333,23.578384,4.904397082747394
2024-03-19 21:30:00,16.172107183333335,18.95120225,22.00998,5.83787206471354
2024-03-19 22:00:00,14.812842766666668,28.44995053333333,21.983597,7.170754035091145
2024-03-19 22:30:00,17.412631016666666,28.783139516666665,21.757935,4.345303553645834
2024-03-19 23:00:00,16.878447716666667,29.26615178333333,23.181763,6.303314978645833
2024-03-19 23:30:00,16.388051216666664,25.82427948333333,21.363571,4.975519950325523
2024-03-20 00:00:00,16.723320583333333,27.0611067,21.841766,5.118445774088542
2024-03-20 00:30:00,17.165442133333332,24.0609923,23.207626,6.042184209440105
2024-03-20 01:00:00,15.530031566666668,19.484023266666668,23.450104,7.920072193098957
2024-03-20 01:30:00,15.669443316666667,18.256959316666663,21.450409,5.780965618880208
2024-03-20 02:00:00,17.5103412,17.43211833333333,20.19429,2.6839489611328133
2024-03-20 02:30:00,16.658918316666668,17.35238108333333,20.851776,4.192857806380207
2024-03-20 03:00:00,17.434931016666667,17.920473933333334,19.95337,2.518438123958333
2024-03-20 03:30:00,17.718390483333334,19.2829493,20.872787,3.154396992252604
2024-03-20 04:00:00,20.06179623333333,18.85845903333333,22.309265,2.247468903385421
2024-03-20 04:30:00,19.4926771,22.850421166666667,21.687332,2.194655053320311
2024-03-20 05:00:00,19.79210601666667,24.809400683333333,21.467102,1.6749960341145815
2024-03-20 05:30:00,20.592295,24.95642408333333,23.105316,2.513021162109375
2024-03-20 06:00:00,33.29196111666666,22.9145206,23.938187,-9.35377447115885
2024-03-20 06:30:00,30.7990751,23.4476955,23.615005,-7.184069606835937
2024-03-20 07:00:00,21.85213176666667,20.16120211666667,20.508759,-1.3433732217447947
2024-03-20 07:30:00,22.564825599999995,14.122824533333334,15.497697,-7.0671287234741165
2024-03-20 08:00:00,15.5814245,4.805942816666667,7.6779337,-7.903490807067872
2024-03-20 08:30:00,-0.7006798499999999,0.8646411833333335,-4.0449057,-3.3442258125366213
2024-03-20 09:00:00,-12.1109021,-11.998886566666664,-18.784454,-6.673552245703124
2024-03-20 09:30:00,-30.617200033333333,-19.59018285,-28.985794,1.6314059659505205
2024-03-20 10:00:00,-32.879478283333334,-38.54723955,-43.420197,-10.54071824986979
2024-03-20 10:30:00,-48.90942715,-51.803731133333336,-58.679657,-9.770229832421876
2024-03-20 11:00:00,-52.318636700000006,-73.48691105,-73.5116,-21.192959979687494
2024-03-20 11:30:00,-60.7714028,-84.16268778333334,-88.00049,-27.229085481250003
2024-03-20 12:00:00,-84.1808305,-93.8404072,-96.261,-12.080171086914063
2024-03-20 12:30:00,-87.11425728333334,-95.12146986666666,-102.27566,-15.16140037047525
2024-03-20 13:00:00,-117.00274945,-111.84133181666664,-103.60177,13.400980956347652
2024-03-20 13:30:00,-128.03630266666667,-108.49302715,-103.09712,24.93918047428386
2024-03-20 14:00:00,-122.01060498333334,-91.22353838333332,-95.021736,26.988868838313806
2024-03-20 14:30:00,-118.69230208333332,-86.38440345,-85.847435,32.84486708577472
2024-03-20 15:00:00,-105.33991768333334,-76.76917058333333,-73.72642,31.613500141829434
2024-03-20 15:30:00,-80.37121893333334,-54.90728888333334,-57.770218,22.601001037825526
2024-03-20 16:00:00,-66.6533077,-32.90354163333333,-40.137756,26.51555135234375
2024-03-20 16:30:00,-48.98827055,-19.376063833333333,-24.462418,24.52585294746094
2024-03-20 17:00:00,-28.45605835,-12.4948482,-10.278747,18.177311745080566
2024-03-20 17:30:00,-7.738791033333332,4.531548983333334,3.8400276,11.578818604057819
2024-03-20 18:00:00,7.466943333333334,2.5242039166666665,12.840333,5.3733896515909825
2024-03-20 18:30:00,9.91932455,8.562279433333334,17.597961,7.678636875781249
2024-03-20 19:00:00,15.2959295,10.577351266666666,20.478317,5.182387760742188
2024-03-20 19:30:00,21.155942816666663,14.604400416666666,21.808716,0.6527730036458372
2024-03-20 20:00:00,19.8179505,19.377803916666668,23.221573,3.403622375976564
2024-03-20 20:30:00,18.314612116666662,18.933629416666665,21.392105,3.0774929858724
2024-03-20 21:00:00,19.930590616666667,18.67398731666667,22.28624,2.355649007356771
2024-03-20 21:30:00,20.39652275,16.172107183333335,20.727325,0.33080268945312596
2024-03-20 22:00:00,19.4676995,14.812842766666668,18.173218,-1.2944817265624984
2024-03-20 22:30:00,18.448900533333333,17.412631016666666,18.14682,-0.30208046497395813
2024-03-20 23:00:00,22.21478563333333,16.878447716666667,19.075638,-3.139147815950519
2024-03-20 23:30:00,20.250688883333336,16.388051216666664,18.915787,-1.334902140169273
2024-03-21 00:00:00,26.925898866666667,16.723320583333333,19.836533,-7.08936627389323
2024-03-21 00:30:00,20.074317166666667,17.165442133333332,20.606888,0.5325706507161456
2024-03-21 01:00:00,15.889664783333332,15.530031566666668,20.267471,4.37780653014323
2024-03-21 01:30:00,15.525493533333334,15.669443316666667,23.499924,7.974430172721354
2024-03-21 02:00:00,15.784268850000002,17.5103412,21.049011,5.264742380468748
2024-03-21 02:30:00,15.612312916666667,16.658918316666668,20.619354,5.007041331380208
2024-03-21 03:00:00,16.556110583333332,17.434931016666667,20.005875,3.4497640504557303
2024-03-21 03:30:00,18.254515516666668,17.718390483333334,20.50853,2.2540141464192693
2024-03-21 04:00:00,19.421537233333336,20.06179623333333,24.1333,4.711763547916664
2024-03-21 04:30:00,18.614338733333334,19.4926771,23.722504,5.108164928776041
2024-03-21 05:00:00,25.83336033333333,19.79210601666667,22.975983,-2.8573776673177065
2024-03-21 05:30:00,23.28390231666667,20.592295,22.32071,-0.9631930881510442
2024-03-21 06:00:00,26.484798366666663,33.29196111666666,24.136032,-2.3487662621744754
2024-03-21 06:30:00,27.27224445,30.7990751,22.662216,-4.610028263476561
2024-03-21 07:00:00,19.230795616666665,21.85213176666667,21.236923,2.0061276011067726
2024-03-21 07:30:00,16.654912816666666,22.564825599999995,16.550415,-0.10449777760416623
2024-03-21 08:00:00,7.378910033333334,15.5814245,10.922135,3.543225319755045
2024-03-21 08:30:00,-7.2162924,-0.7006798499999999,-0.38848796,6.827804435131455
2024-03-21 09:00:00,-28.268194500000003,-12.1109021,-13.091903,15.176291767150882
2024-03-21 09:30:00,-58.00119383333333,-30.617200033333333,-27.984467,30.016727280598957
2024-03-21 10:00:00,-83.99999824999999,-32.879478283333334,-42.302597,41.69740120410155
2024-03-21 10:30:00,-162.38326581666666,-48.90942715,-57.37068,105.01258405397135
2024-03-21 11:00:00,-121.83327831666666,-52.318636700000006,-70.046036,51.7872425500651
2024-03-21 11:30:00,-124.42629626666668,-60.7714028,-83.287476,41.13882068072918
2024-03-21 12:00:00,-144.52047391666667,-84.1808305,-92.54314,51.97733731998699
2024-03-21 12:30:00,-160.77864166666666,-87.11425728333334,-101.3137,59.46494385172525
2024-03-21 13:00:00,-162.41530666666665,-117.00274945,-103.471436,58.94387111979165
2024-03-21 13:30:00,-156.37605211666667,-128.03630266666667,-102.34209,54.03396532467448
2024-03-21 14:00:00,-139.56338953333332,-122.01060498333334,-99.86153,39.70186304407551
2024-03-21 14:30:00,-129.57245278333332,-118.69230208333332,-88.23352,41.33893227552082
2024-03-21 15:00:00,-105.91911783333336,-105.33991768333334,-77.70302,28.216099644856797
2024-03-21 15:30:00,-85.61139613333334,-80.37121893333334,-63.999115,21.61228114309897
2024-03-21 16:00:00,-63.86046721666667,-66.6533077,-49.21341,14.647057792838545
2024-03-21 16:30:00,-48.23336601666667,-48.98827055,-33.561935,14.671430591861984
2024-03-21 17:00:00,-20.278246766666665,-28.45605835,-21.00943,-0.7311831649739595
2024-03-21 17:30:00,-10.024969933333336,-7.738791033333332,-8.339217,1.6857527473592153
2024-03-21 18:00:00,4.259109366666667,7.466943333333334,1.4283456,-2.8307638056391404
2024-03-21 18:30:00,7.604140466666666,9.91932455,10.55185,2.947709852242025
2024-03-21 19:00:00,13.7194406,15.2959295,14.312394,0.5929535421508785
2024-03-21 19:30:00,13.727440466666666,21.155942816666663,17.354752,3.6273111202473967
2024-03-21 20:00:00,16.14842385,19.8179505,22.134888,5.9864638453125
2024-03-21 20:30:00,15.428948316666665,18.314612116666662,19.53891,4.1099615954427104
2024-03-21 21:00:00,15.200116799999998,19.930590616666667,21.71576,6.515642477343752
2024-03-21 21:30:00,16.944886183333335,20.39652275,19.748611,2.803725266861978
2024-03-21 22:00:00,14.452642316666669,19.4676995,19.43393,4.981287126692706
2024-03-21 22:30:00,14.2129941,18.448900533333333,18.908691,4.6956973062500005
2024-03-21 23:00:00,13.664322666666664,22.21478563333333,20.428467,6.7641441302083365
2024-03-21 23:30:00,13.992861183333332,20.250688883333336,21.641861,7.64899977858073
2024-03-22 00:00:00,14.160613516666666,26.925898866666667,21.004349,6.843735238216146
2024-03-22 00:30:00,14.75852285,20.074317166666667,20.615295,5.85677256015625
2024-03-22 01:00:00,15.947377533333333,15.889664783333332,20.447739,4.500361114127605
2024-03-22 01:30:00,15.022686466666668,15.525493533333334,20.06903,5.046344295052082
2024-03-22 02:00:00,13.781696833333331,15.784268850000002,20.98413,7.202434026041669
2024-03-22 02:30:00,15.463131183333331,15.612312916666667,21.457123,5.993991619401044
2024-03-22 03:00:00,14.10150835,16.556110583333332,19.56755,5.466042309179688
2024-03-22 03:30:00,14.341659616666668,18.254515516666668,21.185104,6.84344475345052
2024-03-22 04:00:00,16.344682116666668,19.421537233333336,22.089539,5.744856457552082
2024-03-22 04:30:00,18.125028416666662,18.614338733333334,21.634445,3.509416773763025
2024-03-22 05:00:00,18.60053113333333,25.83336033333333,22.382004,3.781472650846357
2024-03-22 05:30:00,28.414240566666667,23.28390231666667,22.146545,-6.267695156510417
2024-03-22 06:00:00,31.024173883333333,26.484798366666663,26.362717,-4.661457208528645
2024-03-22 06:30:00,32.571482800000005,27.27224445,26.883453,-5.68802943085938
2024-03-22 07:00:00,25.08380956666667,19.230795616666665,21.452606,-3.6312033654947946
2024-03-22 07:30:00,21.49433773333333,16.654912816666666,18.205154,-3.289183314388019
2024-03-22 08:00:00,11.147806116666668,7.378910033333334,10.541551,-0.6062554803751645
2024-03-22 08:30:00,-1.734071083333334,-7.2162924,-0.65080184,1.0832692458890285
2024-03-22 09:00:00,-25.29387328333333,-28.268194500000003,-14.5195,10.774373504585771
2024-03-22 09:30:00,-51.87086166666666,-58.00119383333333,-31.440292,20.430569308268225
2024-03-22 10:00:00,-78.96566448333333,-83.99999824999999,-49.994278,28.971386529231765
2024-03-22 10:30:00,-87.10695161666666,-162.38326581666666,-70.74338,16.363573931119788
2024-03-22 11:00:00,-94.73583231666667,-121.83327831666666,-85.926186,8.809646708756517
2024-03-22 11:30:00,-113.27583768333334,-124.42629626666668,-98.52218,14.753659033430992
2024-03-22 12:00:00,-130.00104443333333,-144.52047391666667,-110.461136,19.53990856907552
2024-03-22 12:30:00,-139.78842283333333,-160.77864166666666,-120.55687,19.23155332649739
2024-03-22 13:00:00,-148.6028401,-162.41530666666665,-123.46159,25.14124647207032
2024-03-22 13:30:00,-136.49819893333333,-156.37605211666667,-124.093796,12.40440315696614
2024-03-22 14:00:00,-130.88131485,-139.56338953333332,-116.27763,14.603681183007808
2024-03-22 14:30:00,-128.06355778333332,-129.57245278333332,-104.150314,23.913243452278635
2024-03-22 15:00:00,-119.81782285,-105.91911783333336,-90.700455,29.117368138085936
2024-03-22 15:30:00,-99.92743445,-85.61139613333334,-76.47722,23.45021582207032
2024-03-22 16:00:00,-70.78640511666667,-63.86046721666667,-60.321503,10.464902431119796
2024-03-22 16:30:00,-58.24415486666666,-48.23336601666667,-40.455994,17.788161214322912
2024-03-22 17:00:00,-34.3669049,-20.278246766666665,-24.54242,9.824485466406252
2024-03-22 17:30:00,-16.19407501666667,-10.024969933333336,-6.6000967,9.593978314090986
2024-03-22 18:00:00,-0.1280127166666666,4.259109366666667,4.914811,5.042823851005045
2024-03-22 18:30:00,8.3486273,7.604140466666666,11.94864,3.600012569689941
2024-03-22 19:00:00,14.2737971,13.7194406,15.90677,1.632972652502442
2024-03-22 19:30:00,13.892574383333336,13.727440466666666,20.135193,6.242618487760414
2024-03-22 20:00:00,15.658994866666667,16.14842385,21.886108,6.227113531770833
2024-03-22 20:30:00,18.076282366666668,15.428948316666665,20.92131,2.84502805813802
2024-03-22 21:00:00,13.605550116666665,15.200116799999998,21.071564,7.46601360403646
2024-03-22 21:30:00,13.09596,16.944886183333335,19.087128,5.991167685546875
2024-03-22 22:00:00,18.844900566666663,14.452642316666669,17.283234,-1.561666924088538
2024-03-22 22:30:00,17.025621116666667,14.2129941,16.009415,-1.0162064438151042
2024-03-22 23:00:00,25.56170885,13.664322666666664,14.981751,-10.579957408044432
2024-03-22 23:30:00,25.171379866666665,13.992861183333332,16.651993,-8.519387068815103
2024-03-23 00:00:00,23.116797266666666,14.160613516666666,17.276443,-5.840353785221353
2024-03-23 00:30:00,14.024466683333335,14.75852285,16.033539,2.00907213502604
2024-03-23 01:00:00,12.064962233333333,15.947377533333333,16.225037,4.160074387760417
2024-03-23 01:30:00,13.488903366666667,15.022686466666668,17.755722,4.26681867923177
2024-03-23 02:00:00,13.791611666666666,13.781696833333331,17.8647,4.073088650716146
2024-03-23 02:30:00,14.341272283333334,15.463131183333331,18.040268,3.698995661002604
2024-03-23 03:00:00,16.092707233333332,14.10150835,16.384186,0.2914785576822929
2024-03-23 03:30:00,15.649132933333334,14.341659616666668,17.833267,2.1841342785807285
2024-03-23 04:00:00,15.381101533333334,16.344682116666668,19.005753,3.6246510301432284
2024-03-23 04:30:00,15.478446666666668,18.125028416666662,17.292175,1.8137286263020815
2024-03-23 05:00:00,15.536559966666667,18.60053113333333,20.055893,4.51933297766927
2024-03-23 05:30:00,16.3692011,28.414240566666667,21.07869,4.709488475195311
2024-03-23 06:00:00,18.05860925,31.024173883333333,22.03151,3.9729001494140626
2024-03-23 06:30:00,12.800777266666666,32.571482800000005,21.04573,8.244953324153647
2024-03-23 07:00:00,10.954660483333331,25.08380956666667,16.202866,5.248205117252606
2024-03-23 07:30:00,12.455183483333334,21.49433773333333,12.616349,0.16116573694254477
2024-03-23 08:00:00,10.332286666666668,11.147806116666668,5.3986673,-4.9336193311564145
2024-03-23 08:30:00,-0.5775322166666664,-1.734071083333334,-5.702178,-5.124645784737142
2024-03-23 09:00:00,-14.773630083333332,-25.29387328333333,-18.092316,-3.318685590494793
2024-03-23 09:30:00,-42.9005033,-51.87086166666666,-35.263107,7.637396000195309
2024-03-23 10:00:00,-56.868931233333335,-78.96566448333333,-54.60797,2.2609600419270848
2024-03-23 10:30:00,-66.71286715000001,-87.10695161666666,-71.500626,-4.787758460351554
2024-03-23 11:00:00,-87.38553233333334,-94.73583231666667,-91.64172,-4.2561912994791555
2024-03-23 11:30:00,-90.0911401,-113.27583768333334,-105.1634,-15.072258642675777
2024-03-23 12:00:00,-106.38343103333334,-130.00104443333333,-118.82717,-12.443740292350256
2024-03-23 12:30:00,-113.16373326666668,-139.78842283333333,-127.288124,-14.124390817805974
2024-03-23 13:00:00,-126.43644163333332,-148.6028401,-130.03635,-3.5999048022135582
2024-03-23 13:30:00,-116.7093732,-136.49819893333333,-126.82339,-10.114013945996092
2024-03-23 14:00:00,-119.78934786666666,-130.88131485,-120.006836,-0.21748807083334043
2024-03-23 14:30:00,-116.48124501666666,-128.06355778333332,-108.50658,7.974668478580725
2024-03-23 15:00:00,-100.24684096666664,-119.81782285,-93.25203,6.994811547721326
2024-03-23 15:30:00,-87.7323138,-99.92743445,-77.92285,9.8094622375
2024-03-23 16:00:00,-70.01520123333333,-70.78640511666667,-60.073975,9.941226623958329
2024-03-23 16:30:00,-51.42561955,-58.24415486666666,-39.52681,11.898809857617188
2024-03-23 17:00:00,-29.340680000000003,-34.3669049,-22.732193,6.60848700683594
2024-03-23 17:30:00,-14.677486616666664,-16.19407501666667,-9.665954,5.011532980497231
2024-03-23 18:00:00,-2.3795089,-0.1280127166666666,-1.8905784,0.48893051083221417
2024-03-23 18:30:00,6.054806733333334,8.3486273,5.670472,-0.38433458825276734
2024-03-23 19:00:00,9.47415375,14.2737971,10.431397,0.9572436880493171
2024-03-23 19:30:00,11.881484266666668,13.892574383333336,15.402284,3.5207994018513986
2024-03-23 20:00:00,12.036262233333334,15.658994866666667,14.79802,2.76175812952067
2024-03-23 20:30:00,11.581875966666669,18.076282366666668,15.50081,3.9189337028279603
2024-03-23 21:00:00,12.42289385,13.605550116666665,16.582367,4.1594730933593755
2024-03-23 21:30:00,14.32661385,13.09596,15.549394,1.2227798038696296
2024-03-23 22:00:00,15.878749316666664,18.844900566666663,14.363374,-1.5153755602579722
2024-03-23 22:30:00,14.368700633333331,17.025621116666667,16.06987,1.7011693617838564
2024-03-23 23:00:00,14.2193633,25.56170885,15.1146555,0.8952921946899419
2024-03-23 23:30:00,16.8093112,25.171379866666665,19.097778,2.2884671203125
2024-03-24 00:00:00,17.835997783333337,23.116797266666666,19.621582,1.7855842479166633
2024-03-24 00:30:00,15.764896683333331,14.024466683333335,17.478912,1.7140156701822935
2024-03-24 01:00:00,15.094312666666667,12.064962233333333,18.077911,2.983598710286458
2024-03-24 01:30:00,15.938362283333332,13.488903366666667,19.19629,3.2579267791666684
2024-03-24 02:00:00,16.5168267,13.791611666666666,17.148773,0.6319464933593757
2024-03-24 02:30:00,14.833827166666666,14.341272283333334,18.812637,3.978810162434897
2024-03-24 03:00:00,17.57899385,16.092707233333332,18.14627,0.5672769019531252
2024-03-24 03:30:00,14.986022383333331,15.649132933333334,18.884323,3.898300736783856
2024-03-24 04:00:00,16.478616650000003,15.381101533333334,17.942871,1.4642544437499971
2024-03-24 04:30:00,16.4432835,15.478446666666668,19.697662,3.2543788535156253
2024-03-24 05:00:00,19.077335416666667,15.536559966666667,20.905945,1.828609407552083
2024-03-24 05:30:00,25.23171041666667,16.3692011,19.128128,-6.103582364908856
2024-03-24 06:00:00,26.42282095,18.05860925,19.917877,-6.504943752734373
2024-03-24 06:30:00,24.76132218333333,12.800777266666666,20.092285,-4.669037027083331
2024-03-24 07:00:00,16.246618333333334,10.954660483333331,15.98433,-0.26228815602620514
2024-03-24 07:30:00,10.143872316666666,12.455183483333334,11.295838,1.1519660393514002
2024-03-24 08:00:00,1.7026387833333334,10.332286666666668,0.9897316,-0.7129071735120138
2024-03-24 08:30:00,-10.934251083333336,-0.5775322166666664,-12.007827,-1.0735757217814097
2024-03-24 09:00:00,-17.311496666666667,-14.773630083333332,-25.528732,-8.21723563313802
2024-03-24 09:30:00,-34.33252,-42.9005033,-44.190887,-9.858367451171873
2024-03-24 10:00:00,-58.06973441666667,-56.868931233333335,-59.742264,-1.672529377278643
2024-03-24 10:30:00,-71.4733122,-66.71286715000001,-75.844086,-4.37077349335938
2024-03-24 11:00:00,-88.00993723333333,-87.38553233333334,-92.26362,-4.253681235904949
2024-03-24 11:30:00,-102.76347,-90.0911401,-106.40793,-3.644458466796877
2024-03-24 12:00:00,-126.65140553333332,-106.38343103333334,-118.95914,7.6922685704426925
2024-03-24 12:30:00,-152.54389048333334,-113.16373326666668,-125.06444,27.479452617122405
2024-03-24 13:00:00,-158.90090998333332,-126.43644163333332,-128.08809,30.81282099407551
2024-03-24 13:30:00,-160.59382935,-116.7093732,-127.76979,32.82403870058593
2024-03-24 14:00:00,-155.7328244,-119.78934786666666,-120.163445,35.56937988095703
2024-03-24 14:30:00,-130.90339989999998,-116.48124501666666,-108.59703,22.306369260351545
2024-03-24 15:00:00,-107.21023616666668,-100.24684096666664,-95.896454,11.3137823092448
2024-03-24 15:30:00,-90.66382676666666,-87.7323138,-78.999886,11.663941207584628
2024-03-24 16:00:00,-73.35382295000001,-70.01520123333333,-61.985245,11.368578199023446
2024-03-24 16:30:00,-48.728319,-51.42561955,-41.93399,6.794328521484374
2024-03-24 17:00:00,-23.853460483333333,-29.340680000000003,-25.999222,-2.14576131842448
2024-03-24 17:30:00,-9.827961716666666,-14.677486616666664,-13.00888,-3.180917944893393
2024-03-24 18:00:00,4.628936166666667,-2.3795089,-2.624511,-7.253447170160929
2024-03-24 18:30:00,14.9727878,6.054806733333334,5.0608377,-9.911950054333497
2024-03-24 19:00:00,19.390813866666665,9.47415375,11.519761,-7.871052781156411
2024-03-24 19:30:00,15.6239711,11.881484266666668,15.388642,-0.23532878890380893
2024-03-24 20:00:00,16.532231133333333,12.036262233333334,16.508545,-0.023686211458333162
2024-03-24 20:30:00,12.2070188,11.581875966666669,16.883987,4.676968626757812
2024-03-24 21:00:00,16.132237200000002,12.42289385,18.06726,1.9350235421874977
2024-03-24 21:30:00,15.913871533333335,14.32661385,16.293854,0.37998222643228985
2024-03-24 22:00:00,14.661049416666666,15.878749316666664,15.62172,0.9606708973592131
2024-03-24 22:30:00,17.517381333333333,14.368700633333331,17.476013,-0.041368149739582805
2024-03-24 23:00:00,14.483330616666668,14.2193633,18.622574,4.139243235872394
2024-03-24 23:30:00,13.930106016666665,16.8093112,17.76506,3.8349544081380227
2024-03-25 00:00:00,16.707564833333333,17.835997783333337,15.3121805,-1.3953843142293287
2024-03-25 00:30:00,16.43928275,15.764896683333331,15.932237,-0.5070460785522464
2024-03-25 01:00:00,14.925833916666669,15.094312666666667,16.727875,1.8020408391927063
2024-03-25 01:30:00,16.7082656,15.938362283333332,15.559388,-1.1488774392944343
2024-03-25 02:00:00,19.27135613333333,16.5168267,16.027786,-3.2435698784505185
2024-03-25 02:30:00,17.7042322,14.833827166666666,16.537949,-1.1662835916015624
2024-03-25 03:00:00,17.661332666666667,17.57899385,17.834991,0.17365878841145843
2024-03-25 03:30:00,16.6158502,14.986022383333331,19.20372,2.587869892773437
2024-03-25 04:00:00,18.9444173,16.478616650000003,19.668503,0.7240855076171862
2024-03-25 04:30:00,19.20956298333333,16.4432835,20.802078,1.5925152637369813
2024-03-25 05:00:00,19.04126563333333,19.077335416666667,20.057388,1.0161226723307308
2024-03-25 05:30:00,18.15602443333333,25.23171041666667,19.874725,1.7187009084635463
2024-03-25 06:00:00,34.537330516666664,26.42282095,22.684372,-11.852958568424476
2024-03-25 06:30:00,38.027855466666665,24.76132218333333,21.051392,-16.976463865104165
2024-03-25 07:00:00,24.754417633333333,16.246618333333334,17.331665,-7.422752594270833
2024-03-25 07:30:00,23.16645835,10.143872316666666,14.195512,-8.97094653206787
2024-03-25 08:00:00,12.135172283333333,1.7026387833333334,5.0194407,-7.115731632393391
2024-03-25 08:30:00,3.2189318666666664,-10.934251083333336,-6.8513174,-10.07024927236735
2024-03-25 09:00:00,-12.717217333333332,-17.311496666666667,-21.225845,-8.50862800358073
2024-03-25 09:30:00,-32.183034400000004,-34.33252,-37.254333,-5.071299096093746
2024-03-25 10:00:00,-45.74371105,-58.06973441666667,-52.883636,-7.139925424609373
2024-03-25 10:30:00,-69.4234733,-71.4733122,-69.917145,-0.4936714753906273
2024-03-25 11:00:00,-50.83850135,-88.00993723333333,-87.21671,-36.378211601660155
2024-03-25 11:30:00,-94.20386188333332,-102.76347,-102.18051,-7.9766495912760575
2024-03-25 12:00:00,-138.72755593333332,-126.65140553333332,-115.08331,23.64424294505207
2024-03-25 12:30:00,-145.26109278333334,-152.54389048333334,-126.19449,19.066604257942714
2024-03-25 13:00:00,-151.44376111666665,-158.90090998333332,-129.788,21.655766731901025
2024-03-25 13:30:00,-149.68519976666667,-160.59382935,-131.04863,18.636570005924483
2024-03-25 14:00:00,-139.00868331666666,-155.7328244,-125.11911,13.889573209244787
2024-03-25 14:30:00,-126.50641713333334,-130.90339989999998,-114.96484,11.541573383333343
2024-03-25 15:00:00,-109.6376016,-107.21023616666668,-99.83383,9.803769812890621
2024-03-25 15:30:00,-85.67821268333334,-90.66382676666666,-85.35933,0.31888345970052967
2024-03-25 16:00:00,-59.77767165,-73.35382295000001,-66.95648,-7.178810283593748
2024-03-25 16:30:00,-43.313548266666665,-48.728319,-47.292145,-3.9785965087239603
2024-03-25 17:00:00,-21.3828229,-23.853460483333333,-30.863358,-9.480534643945312
2024-03-25 17:30:00,-7.532391133333333,-9.827961716666666,-14.562621,-7.03022998330485
2024-03-25 18:00:00,-0.8638628166666668,4.628936166666667,-1.08731,-0.2234471398839314
2024-03-25 18:30:00,7.838152533333333,14.9727878,8.252885,0.41473233147379585
2024-03-25 19:00:00,13.185520783333333,19.390813866666665,13.532289,0.34676776799723363
2024-03-25 19:30:00,12.527128916666667,15.6239711,19.37996,6.852830189778645
2024-03-25 20:00:00,16.819941099999998,16.532231133333333,18.974335,2.1543936167968774
2024-03-25 20:30:00,57.9860748,12.2070188,16.910843,-41.075231904492185
2024-03-25 21:00:00,51.4845346,16.132237200000002,18.333466,-33.15106902382813
2024-03-25 21:30:00,22.10956065,15.913871533333335,16.83702,-5.272539775976561
2024-03-25 22:00:00,29.20974096666667,14.661049416666666,16.221909,-12.987832397330731
2024-03-25 22:30:00,31.83200053333333,17.517381333333333,15.433213,-16.398787299385575
2024-03-25 23:00:00,16.945102833333333,14.483330616666668,16.781448,-0.16365446907552084
2024-03-25 23:30:00,17.794959000000002,13.930106016666665,18.681396,0.8864374843749978
2024-03-26 00:00:00,16.62194285,16.707564833333333,14.850389,-1.771554323083496
2024-03-26 00:30:00,19.130792683333336,16.43928275,15.169724,-3.9610682189168323
2024-03-26 01:00:00,17.621877766666667,14.925833916666669,14.668885,-2.952992535648601
2024-03-26 01:30:00,16.572280616666664,16.7082656,13.543611,-3.0286700438517222
2024-03-26 02:00:00,17.196509483333333,19.27135613333333,15.97252,-1.2239896087605793
2024-03-26 02:30:00,16.6413157,17.7042322,15.706941,-0.9343750490600584
2024-03-26 03:00:00,16.888481583333334,17.661332666666667,17.49292,0.6044383385416658
2024-03-26 03:30:00,16.9200795,16.6158502,19.677536,2.7574565107421876
2024-03-26 04:00:00,21.0268955,18.9444173,19.701294,-1.3256015546874984
2024-03-26 04:30:00,22.05531273333333,19.20956298333333,21.66858,-0.38673363177083075
2024-03-26 05:00:00,20.499711216666668,19.04126563333333,22.977905,2.478194056770832
2024-03-26 05:30:00,24.777976,18.15602443333333,21.32457,-3.4534062978515614
2024-03-26 06:00:00,31.241766066666667,34.537330516666664,24.443115,-6.798650832291667
2024-03-26 06:30:00,36.5217682,38.027855466666665,25.726257,-10.795510875781247
2024-03-26 07:00:00,30.2976656,24.754417633333333,21.688675,-8.608990673242186
2024-03-26 07:30:00,25.9180935,23.16645835,17.633743,-8.284350213867189
2024-03-26 08:00:00,12.635611783333331,12.135172283333333,7.8227243,-4.81288744098714
2024-03-26 08:30:00,2.7096768,3.2189318666666664,-3.7998192,-6.509496031033326
2024-03-26 09:00:00,-3.6845383,-12.717217333333332,-17.307587,-13.623048369921875
2024-03-26 09:30:00,-28.79972833333333,-32.183034400000004,-34.00128,-5.201553404947919
2024-03-26 10:00:00,-52.31960230000001,-45.74371105,-52.455017,-0.13541478984374322
2024-03-26 10:30:00,-70.5181927,-69.4234733,-73.10121,-2.5830188478515623
2024-03-26 11:00:00,-87.54295991666667,-50.83850135,-87.025604,0.5173556686197998
2024-03-26 11:30:00,-112.9559294,-94.20386188333332,-100.68065,12.275280596289065
2024-03-26 12:00:00,-137.74201501666667,-138.72755593333332,-114.70965,23.03236688434245
2024-03-26 12:30:00,-154.84391723333331,-145.26109278333334,-126.08473,28.759185177669252
2024-03-26 13:00:00,-160.65894503333334,-151.44376111666665,-129.82439,30.83455843665365
2024-03-26 13:30:00,-152.67712385000002,-149.68519976666667,-132.32558,20.351547067773453
2024-03-26 14:00:00,-143.5396184,-139.00868331666666,-128.552,14.987616446874995
2024-03-26 14:30:00,-126.15718678333332,-126.50641713333334,-115.6323,10.52488545276691
2024-03-26 15:00:00,-111.84954658333334,-109.6376016,-99.872154,11.977392347493492
2024-03-26 15:30:00,-80.3938512,-85.67821268333334,-84.8178,-4.4239512291992185
2024-03-26 16:00:00,-60.13681211666667,-59.77767165,-66.118286,-5.981474016145832
2024-03-26 16:30:00,-46.89942956666667,-43.313548266666665,-45.603897,1.2955324719401062
2024-03-26 17:00:00,-30.906056133333333,-21.3828229,-27.290802,3.6152541313802082
2024-03-26 17:30:00,-14.180108383333334,-7.532391133333333,-12.577895,1.6022132188435876
2024-03-26 18:00:00,-2.386344966666667,-0.8638628166666668,-0.04749981,2.3388451572525186
2024-03-26 18:30:00,2.79546785,7.838152533333333,7.600648,4.805180076330567
2024-03-26 19:00:00,9.5235179,13.185520783333333,15.478059,5.9545409150024415
2024-03-26 19:30:00,17.413178866666666,12.527128916666667,19.743134,2.329954678255209
2024-03-26 20:00:00,14.399283283333332,16.819941099999998,19.120255,4.72097123326823
2024-03-26 20:30:00,15.032009833333332,57.9860748,21.734375,6.702365166666668
2024-03-26 21:00:00,14.163303133333336,51.4845346,22.096085,7.932781461393226
2024-03-26 21:30:00,15.024465066666666,22.10956065,20.613281,5.588816183333334
2024-03-26 22:00:00,14.54715375,29.20974096666667,20.95607,6.408916196289063
2024-03-26 22:30:00,14.941797016666667,31.83200053333333,20.807281,5.865484477473958
2024-03-26 23:00:00,14.355748749999998,16.945102833333333,20.922333,6.566584013671877
2024-03-26 23:30:00,15.9113439,17.794959000000002,21.447952,5.536608370507812
2024-03-27 00:00:00,15.625476066666666,16.62194285,19.536194,3.910717780989584
2024-03-27 00:30:00,13.9068894,19.130792683333336,17.97998,4.073091068749999
2024-03-27 01:00:00,16.351731333333333,17.621877766666667,18.07985,1.728117909830729
2024-03-27 01:30:00,14.187313266666663,16.572280616666664,17.375076,3.187763027278649
2024-03-27 02:00:00,14.8453594,17.196509483333333,20.088898,5.2435383050781255
2024-03-27 02:30:00,13.826137283333331,16.6413157,19.751099,5.924961349479169
2024-03-27 03:00:00,15.442337333333333,16.888481583333334,19.824417,4.38207978092448
2024-03-27 03:30:00,15.13005715,16.9200795,19.574554,4.444497293359374
2024-03-27 04:00:00,16.065931583333334,21.0268955,20.751907,4.685975765299478
2024-03-27 04:30:00,16.200270983333336,22.05531273333333,22.7238,6.523529675846351
2024-03-27 05:00:00,22.93750771666667,20.499711216666668,23.424103,0.4865950665364558
2024-03-27 05:30:00,24.91719786666667,24.777976,24.106293,-0.8109051420572939
2024-03-27 06:00:00,33.022942816666664,31.241766066666667,25.201385,-7.821557318619789
2024-03-27 06:30:00,26.818298350000003,36.5217682,24.095886,-2.7224121195312527
2024-03-27 07:00:00,24.64261498333333,30.2976656,23.656738,-0.9858767020833312
2024-03-27 07:30:00,16.187866116666665,25.9180935,19.830902,3.6430359829427097
2024-03-27 08:00:00,11.185333366666669,12.635611783333331,11.375611,0.19027793857014785
2024-03-27 08:30:00,0.0290765499999998,2.7096768,1.6325692,1.603492643840027
2024-03-27 09:00:00,-7.703249316666667,-3.6845383,-14.551375,-6.848126072432454
2024-03-27 09:30:00,-25.63138885,-28.79972833333333,-31.695816,-6.064427190039062
2024-03-27 10:00:00,-33.47685848333334,-52.31960230000001,-52.30403,-18.827172888736975
2024-03-27 10:30:00,-42.2132768,-70.5181927,-72.94566,-30.732386652148435
2024-03-27 11:00:00,-78.72520841666666,-87.54295991666667,-91.33431,-12.609104022298183
2024-03-27 11:30:00,-98.25414238333332,-112.9559294,-108.2374,-9.983253856901058
2024-03-27 12:00:00,-112.38931660000002,-137.74201501666667,-124.10117,-11.711856800878891
2024-03-27 12:30:00,-135.66521446666667,-154.84391723333331,-135.88492,-0.2197037462239564
2024-03-27 13:00:00,-130.92991956666663,-160.65894503333334,-140.37851,-9.448589954817749
2024-03-27 13:30:00,-130.71731393333332,-152.67712385000002,-140.9478,-10.230485749283872
2024-03-27 14:00:00,-133.07520946666668,-143.5396184,-132.8817,0.19351085826824033
2024-03-27 14:30:00,-118.96184448333334,-126.15718678333332,-120.14042,-1.1785745230143192
2024-03-27 15:00:00,-109.83514993333334,-111.84954658333334,-105.79533,4.0398237004231845
2024-03-27 15:30:00,-80.79407263333333,-80.3938512,-87.93976,-7.145685667447921
2024-03-27 16:00:00,-61.45485988333333,-60.13681211666667,-67.10008,-5.64522251412761
2024-03-27 16:30:00,-46.06082833333334,-46.89942956666667,-46.26947,-0.20864188151040963
2024-03-27 17:00:00,-20.50659058333333,-30.906056133333333,-28.594864,-8.088273308268231
2024-03-27 17:30:00,-12.3768904,-14.180108383333334,-13.83969,-1.462799808435058
2024-03-27 18:00:00,-3.018792733333333,-2.386344966666667,0.27757344,3.296366169831975
2024-03-27 18:30:00,2.7205180166666665,2.79546785,10.41855,7.698031520992025
2024-03-27 19:00:00,9.292020066666666,9.5235179,17.991669,8.699648634505209
2024-03-27 19:30:00,13.230795533333334,17.413178866666666,20.41211,7.181313841666666
2024-03-27 20:00:00,13.798371183333332,14.399283283333332,21.768402,7.970030916276043
2024-03-27 20:30:00,14.619809616666666,15.032009833333332,22.021667,7.401857863802084
2024-03-27 21:00:00,14.966844883333332,14.163303133333336,19.248184,4.281339320768231
2024-03-27 21:30:00,13.306130016666666,15.024465066666666,15.592607,2.286476527827963
2024-03-27 22:00:00,13.1915922,14.54715375,15.675523,2.4839306042602534
2024-03-27 22:30:00,12.417514483333337,14.941797016666667,16.123383,3.7058680850260384
2024-03-27 23:00:00,13.305103333333332,14.355748749999998,16.49292,3.1878165885416685
2024-03-27 23:30:00,14.018354933333336,15.9113439,15.466538,1.4481834959269175
2024-03-28 00:00:00,13.925403916666667,15.625476066666666,17.153687,3.228282606770833
2024-03-28 00:30:00,12.948962733333332,13.9068894,16.941925,3.9929623154947933
2024-03-28 01:00:00,14.481243433333333,16.351731333333333,16.746948,2.265704808854167
2024-03-28 01:30:00,16.346045216666667,14.187313266666663,17.806763,1.460717478645833
2024-03-28 02:00:00,15.863275483333334,14.8453594,17.335327,1.472051665104166
2024-03-28 02:30:00,14.198099399999998,13.826137283333331,17.012009,2.813909266992189
2024-03-28 03:00:00,15.49642015,15.442337333333333,19.11914,3.6227204749999995
2024-03-28 03:30:00,15.799542683333334,15.13005715,18.556229,2.756685954361979
2024-03-28 04:00:00,15.8632767,16.065931583333334,20.782547,4.919270297070312
2024-03-28 04:30:00,16.429402866666667,16.200270983333336,23.524307,7.094904384309896
2024-03-28 05:00:00,17.75676328333333,22.93750771666667,25.09085,7.334087546744794
2024-03-28 05:30:00,19.21268345,24.91719786666667,26.609604,7.396920431835937
2024-03-28 06:00:00,23.344166066666663,33.022942816666664,28.924332,5.5801655983724
2024-03-28 06:30:00,22.1124965,26.818298350000003,27.107483,4.994986410156251
2024-03-28 07:00:00,21.40427778333333,24.64261498333333,27.561157,6.156879443229169
2024-03-28 07:30:00,23.57711738333333,16.187866116666665,22.225143,-1.3519739507161432
2024-03-28 08:00:00,16.0882809,11.185333366666669,12.920365,-3.167915566442872
2024-03-28 08:30:00,5.167487266666667,0.0290765499999998,1.1612862,-4.006201031811015
2024-03-28 09:00:00,-7.712478366666666,-7.703249316666667,-14.801467,-7.08898857516683
2024-03-28 09:30:00,-25.331994366666667,-25.63138885,-32.465866,-7.133871722200521
2024-03-28 10:00:00,-46.75621446666667,-33.47685848333334,-49.494995,-2.7387806505208303
2024-03-28 10:30:00,-63.330840466666665,-42.2132768,-66.46208,-3.131241442513023
2024-03-28 11:00:00,-81.39981221666666,-78.72520841666666,-86.79712,-5.3973069239583396
2024-03-28 11:30:00,-95.30689778333334,-98.25414238333332,-105.73217,-10.425272321647128
2024-03-28 12:00:00,-112.35830741666666,-112.38931660000002,-118.8837,-6.525390093098963
2024-03-28 12:30:00,-127.95476448333334,-135.66521446666667,-130.69022,-2.73545158111979
2024-03-28 13:00:00,-137.97433503333335,-130.92991956666663,-136.61519,1.3591464347005342
2024-03-28 13:30:00,-136.8058588,-130.71731393333332,-136.2676,0.5382654162109475
2024-03-28 14:00:00,-135.28169668333334,-133.07520946666668,-128.55745,6.724247342513024
2024-03-28 14:30:00,-120.73567711666668,-118.96184448333334,-120.396,0.33967339352214765
2024-03-28 15:00:00,-108.21814118333332,-109.83514993333334,-104.73967,3.4784713835286283
2024-03-28 15:30:00,-86.45135941666666,-80.79407263333333,-84.37942,2.0719419972330684
2024-03-28 16:00:00,-60.21017383333333,-61.45485988333333,-66.08179,-5.871613276041671
2024-03-28 16:30:00,-37.692347383333335,-46.06082833333334,-43.766556,-6.074208402799478
2024-03-28 17:00:00,-11.807642616666667,-20.50659058333333,-26.445145,-14.637502036653645
2024-03-28 17:30:00,-3.5065837499999994,-12.3768904,-11.952956,-8.446372449645997
2024-03-28 18:00:00,5.225637266666666,-3.018792733333333,1.0961922,-4.1294450259516395
2024-03-28 18:30:00,9.655429516666668,2.7205180166666665,11.780824,2.125394190913898
2024-03-28 19:00:00,10.70148015,9.292020066666666,16.86023,6.1587493421875
2024-03-28 19:30:00,10.563548366666666,13.230795533333334,18.29448,7.730931003450522
2024-03-28 20:00:00,10.4720646,13.798371183333332,20.57344,10.101375951757813
2024-03-28 20:30:00,10.4163372,14.619809616666666,19.693024,9.276686481640626
2024-03-28 21:00:00,15.718538850000002,14.966844883333332,19.026855,3.3083166187499984
2024-03-28 21:30:00,14.4770906,13.306130016666666,16.368408,1.8913176031249996
2024-03-28 22:00:00,13.747538083333334,13.1915922,15.830155,2.0826172892862953
2024-03-28 22:30:00,14.038922083333333,12.417514483333337,14.128846,0.08992408518473383
2024-03-28 23:00:00,15.591072783333331,13.305103333333332,16.59607,1.0049965526041689
2024-03-28 23:30:00,15.9928693,14.018354933333336,16.858063,0.8651934441406244
2024-03-29 00:00:00,14.683500099999998,13.925403916666667,15.487168,0.8036682120727558
2024-03-29 00:30:00,14.22526115,12.948962733333332,15.477738,1.2524772304321292
2024-03-29 01:00:00,18.135921216666667,14.481243433333333,15.995286,-2.1406352288126627
2024-03-29 01:30:00,17.11266498333333,16.346045216666667,17.671814,0.5591489815104183
2024-03-29 02:00:00,18.05121725,15.863275483333334,17.213913,-0.837304286132813
2024-03-29 02:30:00,18.2032329,14.198099399999998,17.471237,-0.7319957173828122
2024-03-29 03:00:00,18.4948638,15.49642015,16.517487,-1.977377227734376
2024-03-29 03:30:00,17.677255716666668,15.799542683333334,14.650315,-3.026940431937664
2024-03-29 04:00:00,18.150086616666663,15.8632767,19.247437,1.0973499067708374
2024-03-29 04:30:00,18.10614428333333,16.429402866666667,21.438446,3.332301761588546
2024-03-29 05:00:00,19.198006183333334,17.75676328333333,21.633713,2.4357065852213537
2024-03-29 05:30:00,20.986707666666668,19.21268345,22.745712,1.7590046136067699
2024-03-29 06:00:00,21.694080716666665,23.344166066666663,25.753464,4.059383028450522
2024-03-29 06:30:00,26.143420616666663,22.1124965,28.618484,2.475063880403649
2024-03-29 07:00:00,20.175280633333333,21.40427778333333,26.202972,6.027691778776042
2024-03-29 07:30:00,10.1159239,23.57711738333333,20.202576,10.08665178359375
2024-03-29 08:00:00,2.5183182333333334,16.0882809,11.913606,9.395287456669108
2024-03-29 08:30:00,-4.636966166666667,5.167487266666667,-0.10240093,4.534565237930934
2024-03-29 09:00:00,-21.090015066666663,-7.712478366666666,-15.3909445,5.6990705857706665
2024-03-29 09:30:00,-44.72967268333334,-25.331994366666667,-31.209839,13.519833816145841
2024-03-29 10:00:00,-70.26642225,-46.75621446666667,-48.795,21.471424081054693
2024-03-29 10:30:00,-91.4068478,-63.330840466666665,-67.77695,23.62990077851562
2024-03-29 11:00:00,-99.52020401666664,-81.39981221666666,-87.76531,11.75489182184242
2024-03-29 11:30:00,-108.57119071666666,-95.30689778333334,-105.66246,2.908730389518226
2024-03-29 12:00:00,-119.95345776666666,-112.35830741666666,-117.57338,2.3800782500650968
2024-03-29 12:30:00,-141.72109665,-127.95476448333334,-129.05063,12.670467987890618
2024-03-29 13:00:00,-142.32298896666666,-137.97433503333335,-134.2054,8.117590407096344
2024-03-29 13:30:00,-137.73060278333332,-136.8058588,-134.37222,3.3583798829426996
2024-03-29 14:00:00,-142.64161325,-135.28169668333334,-130.52132,12.120296721679694
2024-03-29 14:30:00,-134.34314666666668,-120.73567711666668,-118.56308,15.780066832682309
2024-03-29 15:00:00,-111.44974871666666,-108.21814118333332,-104.02946,7.420291624381505
2024-03-29 15:30:00,-86.78834771666668,-86.45135941666666,-86.17905,0.6093010858073029
2024-03-29 16:00:00,-62.108507116666665,-60.21017383333333,-66.03903,-3.93052486575521
2024-03-29 16:30:00,-43.03342993333333,-37.692347383333335,-44.994553,-1.961122678971357
2024-03-29 17:00:00,-21.681403866666667,-11.807642616666667,-28.148392,-6.466987856966146
2024-03-29 17:30:00,-11.697460033333334,-3.5065837499999994,-11.354613,0.34284672919515025
2024-03-29 18:00:00,-1.2999404666666663,5.225637266666666,1.0003365,2.3002769944910684
2024-03-29 18:30:00,4.247471083333333,9.655429516666668,9.420915,5.173443566630046
2024-03-29 19:00:00,6.846712833333334,10.70148015,14.82248,7.975767368387857
2024-03-29 19:30:00,9.293392166666669,10.563548366666666,18.508636,9.215244307942706
2024-03-29 20:00:00,10.650469916666667,10.4720646,18.9086,8.258129936848958
2024-03-29 20:30:00,12.849962283333332,10.4163372,15.995378,3.1454152572550473
2024-03-29 21:00:00,12.674662933333332,15.718538850000002,16.415695,3.7410322570963555
2024-03-29 21:30:00,14.3751589,14.4770906,15.150453,0.7752937138305658
2024-03-29 22:00:00,12.887643366666666,13.747538083333334,12.520951,-0.36669209560953675
2024-03-29 22:30:00,13.940320483333332,14.038922083333333,14.884934,0.9446139420206716
2024-03-29 23:00:00,12.918592766666665,15.591072783333331,15.740663,2.8220698081014017
2024-03-29 23:30:00,12.0861535,15.9928693,14.873109,2.7869553638305664
2024-03-30 00:00:00,11.95255175,14.683500099999998,13.46428,1.5117283784790043
2024-03-30 00:30:00,13.823766133333336,14.22526115,15.760819,1.9370533017862925
2024-03-30 01:00:00,15.102107733333334,18.135921216666667,15.181993,0.07988479748942012
2024-03-30 01:30:00,13.409522216666666,17.11266498333333,16.96167,3.552147705208334
2024-03-30 02:00:00,13.011832633333333,18.05121725,17.343842,4.3320089194010425
2024-03-30 02:30:00,15.023005566666669,18.2032329,15.356507,0.33350173466389776
2024-03-30 03:00:00,16.579192266666666,18.4948638,16.832458,0.25326622942708354
2024-03-30 03:30:00,17.555300083333332,17.677255716666668,18.627182,1.0718819235026054
2024-03-30 04:00:00,16.79869835,18.150086616666663,20.147018,3.348320082617189
2024-03-30 04:30:00,16.89305705,18.10614428333333,20.703598,3.810540972460938
2024-03-30 05:00:00,16.91728875,19.198006183333334,22.892944,5.975655585937499
2024-03-30 05:30:00,17.2393212,20.986707666666668,22.096771,4.857450040234376
2024-03-30 06:00:00,20.08497225,21.694080716666665,23.805634,3.720661294921875
2024-03-30 06:30:00,16.750110433333333,26.143420616666663,25.791977,9.041866495377604
2024-03-30 07:00:00,15.350447816666668,20.175280633333333,23.834793,8.484345274153645
2024-03-30 07:30:00,10.3335112,10.1159239,18.218628,7.8851167296875
2024-03-30 08:00:00,4.4312310833333335,2.5183182333333334,12.111451,7.680220065653483
2024-03-30 08:30:00,-1.313169383333333,-4.636966166666667,1.0552834,2.3684528105717977
2024-03-30 09:00:00,-15.940208716666666,-21.090015066666663,-13.427703,2.512505812919107
2024-03-30 09:30:00,-42.21370563333333,-44.72967268333334,-29.825897,12.387808416536458
2024-03-30 10:00:00,-75.30710771666666,-70.26642225,-50.482407,24.824701100455727
2024-03-30 10:30:00,-94.51868893333334,-91.4068478,-71.48813,23.030560271223962
2024-03-30 11:00:00,-117.60974445,-99.52020401666664,-89.06556,28.544185062792963
2024-03-30 11:30:00,-129.25005781666667,-108.57119071666666,-106.58054,22.669514298600262
2024-03-30 12:00:00,-147.10052773333334,-119.95345776666666,-121.220825,25.879702538020837
2024-03-30 12:30:00,-164.26717046666667,-141.72109665,-133.83015,30.437016047721357
2024-03-30 13:00:00,-164.7192477,-142.32298896666666,-138.62726,26.09198939921876
2024-03-30 13:30:00,-157.84522276666667,-137.73060278333332,-138.40796,19.437263782291666
2024-03-30 14:00:00,-144.0333646,-142.64161325,-133.0572,10.976159399804686
2024-03-30 14:30:00,-119.04606906666667,-134.34314666666668,-120.31503,-1.2689638923177
2024-03-30 15:00:00,-102.17195168333336,-111.44974871666666,-107.10926,-4.93730887574867
2024-03-30 15:30:00,-80.84898228333333,-86.78834771666668,-88.15993,-7.310945084830735
2024-03-30 16:00:00,-52.84239338333333,-62.108507116666665,-66.32495,-13.48255778854167
2024-03-30 16:30:00,-39.19069211666667,-43.03342993333333,-47.11064,-7.91994936282552
2024-03-30 17:00:00,-22.30100678333333,-21.681403866666667,-27.784271,-5.483264456901043
2024-03-30 17:30:00,-1.72227785,-11.697460033333334,-10.718566,-8.996288090856934
2024-03-30 18:00:00,4.52395895,-1.2999404666666663,0.058380928,-4.465578022109461
2024-03-30 18:30:00,8.15872835,4.247471083333333,7.650071,-0.5086572058959966
2024-03-30 19:00:00,11.918573783333336,6.846712833333334,13.828462,1.9098878637003551
2024-03-30 19:30:00,15.852602833333334,9.293392166666669,15.829438,-0.02316462379964257
2024-03-30 20:00:00,17.1430756,10.650469916666667,16.16539,-0.977685585351562
2024-03-30 20:30:00,18.1713789,12.849962283333332,17.00322,-1.168159295507813
2024-03-30 21:00:00,20.19042058333333,12.674662933333332,17.274628,-2.9157928977864565
2024-03-30 21:30:00,18.1930422,14.3751589,14.989396,-3.203646104724122
2024-03-30 22:00:00,16.434249416666667,12.887643366666666,13.458772,-2.9754777110392254
2024-03-30 22:30:00,14.036837233333337,13.940320483333332,13.651689,-0.385148657588708
2024-03-30 23:00:00,14.126543383333331,12.918592766666665,12.336244,-1.7902997538777647
2024-03-30 23:30:00,14.679732766666667,12.0861535,13.227799,-1.4519333510782886
2024-03-31 00:00:00,13.814616583333333,11.95255175,13.51323,-0.30138625954182885
2024-03-31 00:30:00,13.833222266666668,13.823766133333336,14.594712,0.7614899907185855
2024-03-31 01:00:00,14.847116016666666,15.102107733333334,14.142625,-0.7044911616251621
2024-03-31 01:30:00,15.901504333333332,13.409522216666666,14.992265,-0.9092395857137028
2024-03-31 02:00:00,17.463606799999997,13.011832633333333,16.46341,-1.0001973761718723
2024-03-31 02:30:00,16.069433433333334,15.023005566666669,15.490815,-0.5786182706746423
2024-03-31 03:00:00,16.793521466666665,16.579192266666666,15.369248,-1.4242730764689107
2024-03-31 03:30:00,17.20385213333333,17.555300083333332,17.53926,0.3354087309244811
2024-03-31 04:00:00,17.267093900000003,16.79869835,17.69136,0.42426657363280995
2024-03-31 04:30:00,18.0571268,16.89305705,17.941895,-0.11523226874999892
2024-03-31 05:00:00,19.98049385,16.91728875,20.665863,0.6853691871093766
2024-03-31 05:30:00,19.48114286666667,17.2393212,19.262222,-0.21892057662760678
2024-03-31 06:00:00,17.239158866666667,20.08497225,21.308914,4.069755317903645
2024-03-31 06:30:00,15.446086583333331,16.750110433333333,22.471176,7.025089564127606
2024-03-31 07:00:00,13.321766033333333,15.350447816666668,22.138474,8.816707477408855
2024-03-31 07:30:00,9.7019039,10.3335112,17.946014,8.244110504296875
2024-03-31 08:00:00,7.597766633333333,4.4312310833333335,9.608918,2.011151556669108
2024-03-31 08:30:00,2.4530395000000005,-1.313169383333333,-2.0867913,-4.539830776931764
2024-03-31 09:00:00,-9.727055116666667,-15.940208716666666,-15.63063,-5.903574422823079
2024-03-31 09:30:00,-30.30233953333333,-42.21370563333333,-32.402435,-2.100095769401044
2024-03-31 10:00:00,-56.8136783,-75.30710771666666,-52.061478,4.752200638867187
2024-03-31 10:30:00,-77.26254445,-94.51868893333334,-72.99246,4.270082291796868
2024-03-31 11:00:00,-103.58014448333334,-117.60974445,-93.23653,10.34361799407553
2024-03-31 11:30:00,-118.75655436666666,-129.25005781666667,-111.205536,7.551018477994788
2024-03-31 12:00:00,-129.28214656666668,-147.10052773333334,-128.1919,1.0902520354166825
2024-03-31 12:30:00,-145.0983641,-164.26717046666667,-139.40895,5.689413294335935
2024-03-31 13:00:00,-150.18235685,-164.7192477,-144.74718,5.435179725976553
2024-03-31 13:30:00,-133.15615618333334,-157.84522276666667,-145.26164,-12.10548627272135
2024-03-31 14:00:00,-124.54372446666667,-144.0333646,-138.55377,-14.010047505989576
2024-03-31 14:30:00,-109.36093105,-119.04606906666667,-124.060455,-14.69952427226562
2024-03-31 15:00:00,-108.75783271666668,-102.17195168333336,-106.45156,2.30627174254559
2024-03-31 15:30:00,-89.17539443333334,-80.84898228333333,-86.424706,2.750688927962244
2024-03-31 16:00:00,-132.6167391333333,-52.84239338333333,-65.10042,67.516321042513
2024-03-31 16:30:00,-64.64255941666666,-39.19069211666667,-45.208115,19.43444479264322
2024-03-31 17:00:00,-24.19309338333333,-22.30100678333333,-24.462479,-0.2693852543619819
2024-03-31 17:30:00,-5.908045583333333,-1.72227785,-9.111175,-3.2031290001017254
2024-03-31 18:00:00,2.1356561333333337,4.52395895,1.4622964,-0.6733597666417444
2024-03-31 18:30:00,4.153475583333333,8.15872835,8.588365,4.434889017801921
2024-03-31 19:00:00,7.398470616666667,11.918573783333336,12.410829,5.0123579737264
2024-03-31 19:30:00,8.577565466666666,15.852602833333334,15.268266,6.690700257515463
2024-03-31 20:00:00,8.27961545,17.1430756,16.502838,8.223222684765625
2024-03-31 20:30:00,10.582040999999998,18.1713789,17.940918,7.3588769687500015
2024-03-31 21:00:00,14.95398255,20.19042058333333,17.341019,2.3870361267578133
2024-03-31 21:30:00,15.475670066666666,18.1930422,15.814897,0.3392265168904629
2024-03-31 22:00:00,18.046475633333333,16.434249416666667,16.079895,-1.9665806138020834
2024-03-31 22:30:00,20.351207783333333,14.036837233333337,15.398255,-4.9529524351277665
2024-03-31 23:00:00,19.85492845,14.126543383333331,14.805085,-5.049843267810058
2024-03-31 23:30:00,19.476887116666667,14.679732766666667,15.739289,-3.7375978329142256
2024-04-01 00:00:00,19.49092755,13.814616583333333,15.417344,-4.073583456677245
2024-04-01 00:30:00,16.74704996666667,13.833222266666668,13.75052,-2.9965302141642276
2024-04-01 01:00:00,18.002401683333332,14.847116016666666,15.237977,-2.7644246554402656
2024-04-01 01:30:00,16.879269416666666,15.901504333333332,16.752762,-0.12650757584635386
2024-04-01 02:00:00,16.175194233333333,17.463606799999997,15.998246,-0.1769480404012036
2024-04-01 02:30:00,16.487499616666668,16.069433433333334,17.226898,0.7393985766927074
2024-04-01 03:00:00,16.8980822,16.793521466666665,18.195541,1.2974591818359364
2024-04-01 03:30:00,16.584038699999997,17.20385213333333,18.597244,2.0132055626953154
2024-04-01 04:00:00,17.2799462,17.267093900000003,18.547226,1.2672797521484362
2024-04-01 04:30:00,17.69779038333333,18.0571268,17.702179,0.004388571744794234
2024-04-01 05:00:00,21.591483216666663,19.98049385,18.307266,-3.284216981315101
2024-04-01 05:30:00,20.635679,19.48114286666667,18.197113,-2.4385659628906247
2024-04-01 06:00:00,19.518643916666665,17.239158866666667,20.00441,0.4857658733723973
2024-04-01 06:30:00,17.430282233333333,15.446086583333331,20.076767,2.6464847344401043
2024-04-01 07:00:00,12.124036666666669,13.321766033333333,18.840225,6.716188553059894
2024-04-01 07:30:00,11.785918433333334,9.7019039,13.316712,1.5307939461222322
2024-04-01 08:00:00,7.513475066666667,7.597766633333333,6.521943,-0.991531974320476
2024-04-01 08:30:00,0.9690432833333332,2.4530395000000005,-3.1414025,-4.110445766319783
2024-04-01 09:00:00,-2.525182133333333,-9.727055116666667,-17.472046,-14.946863765104167
2024-04-01 09:30:00,-21.105449033333333,-30.30233953333333,-33.416245,-12.310795473502605
2024-04-01 10:00:00,-28.23662441666667,-56.8136783,-53.825623,-25.58899814192708
2024-04-01 10:30:00,-48.48447046666666,-77.26254445,-74.683304,-26.198833366341155
2024-04-01 11:00:00,-63.13082596666667,-103.58014448333334,-95.075424,-31.944598227669267
2024-04-01 11:30:00,-69.27026448333334,-118.75655436666666,-115.42819,-46.15792765533854
2024-04-01 12:00:00,-82.46915109999999,-129.28214656666668,-130.21101,-47.74186269394532
2024-04-01 12:30:00,-85.31852381666667,-145.0983641,-139.67897,-54.36044652024739
2024-04-01 13:00:00,-87.91340286666667,-150.18235685,-145.48402,-57.57062118118489
2024-04-01 13:30:00,-74.07485943333333,-133.15615618333334,-144.01346,-69.9385988186198
2024-04-01 14:00:00,-69.10161283333333,-124.54372446666667,-134.8362,-65.73458406608073
2024-04-01 14:30:00,-54.3976321,-109.36093105,-122.407845,-68.01021244345702
2024-04-01 15:00:00,-43.8785071,-108.75783271666668,-105.49128,-61.61277250205078
2024-04-01 15:30:00,-34.568121133333335,-89.17539443333334,-85.2678,-50.69967824410807
2024-04-01 16:00:00,-21.2167871,-132.6167391333333,-67.703415,-46.48662781699218
2024-04-01 16:30:00,-10.332799933333334,-64.64255941666666,-45.447266,-35.114465691666666
2024-04-01 17:00:00,3.638224450000001,-24.19309338333333,-28.471573,-32.109797325976565
2024-04-01 17:30:00,4.373118266666666,-5.908045583333333,-11.594329,-15.967447146976724
2024-04-01 18:00:00,6.198836,2.1356561333333337,-0.78646773,-6.985303730998993
2024-04-01 18:30:00,8.206018349999999,4.153475583333333,7.2400827,-0.9659356092163076
2024-04-01 19:00:00,11.842344516666666,7.398470616666667,10.138719,-1.7036259116251617
2024-04-01 19:30:00,14.272606766666668,8.577565466666666,13.177125,-1.0954817895548512
2024-04-01 20:00:00,15.4536623,8.27961545,16.456055,1.0023923875000005
2024-04-01 20:30:00,17.0526006,10.582040999999998,15.277757,-1.7748439090209978
2024-04-01 21:00:00,16.844697316666664,14.95398255,14.871919,-1.972778638382973
2024-04-01 21:30:00,15.852907766666668,15.475670066666666,12.236985,-3.615922560062664
2024-04-01 22:00:00,16.91550155,18.046475633333333,11.628083,-5.287418320935057
2024-04-01 22:30:00,16.291137716666665,20.351207783333333,13.937852,-2.3532858108439108
2024-04-01 23:00:00,17.114894516666666,19.85492845,18.496414,1.381519667903646
2024-04-01 23:30:00,18.637670016666664,19.476887116666667,16.634933,-2.002736544986977
2024-04-02 00:00:00,16.641642716666667,19.49092755,16.0755,-0.5661422283854165
2024-04-02 00:30:00,16.330588866666666,16.74704996666667,15.185075,-1.1455140604532872
2024-04-02 01:00:00,16.13591166666667,18.002401683333332,16.233902,0.09799031087239385
2024-04-02 01:30:00,16.098979566666667,16.879269416666666,17.621109,1.5221294421223952
2024-04-02 02:00:00,16.98627706666667,16.175194233333333,17.318207,0.3319297204427052
2024-04-02 02:30:00,18.09029785,16.487499616666668,17.45192,-0.6383782943359364
2024-04-02 03:00:00,17.83236495,16.8980822,17.031815,-0.8005503748046863
2024-04-02 03:30:00,19.109876733333333,16.584038699999997,16.477005,-2.632871728450521
2024-04-02 04:00:00,20.211431716666667,17.2799462,18.151474,-2.059957717643229
2024-04-02 04:30:00,20.893983916666667,17.69779038333333,18.334122,-2.559862212565104
2024-04-02 05:00:00,26.90296885,21.591483216666663,18.24826,-8.654708351953126
2024-04-02 05:30:00,25.090771566666664,20.635679,20.326813,-4.763958822526039
2024-04-02 06:00:00,26.019283283333333,19.518643916666665,22.13272,-3.8865623360677084
2024-04-02 06:30:00,25.149902666666662,17.430282233333333,22.716888,-2.4330142389322873
2024-04-02 07:00:00,25.63134841666667,12.124036666666669,18.925568,-6.705780789713543
2024-04-02 07:30:00,22.97144778333333,11.785918433333334,15.500306,-7.471141653877762
2024-04-02 08:00:00,24.705531716666663,7.513475066666667,7.9645395,-16.740992188773596
2024-04-02 08:30:00,16.09530615,0.9690432833333332,-2.932174,-19.02748011736145
2024-04-02 09:00:00,-6.043226716666666,-2.525182133333333,-17.273758,-11.230531217903646
2024-04-02 09:30:00,-13.6303378,-21.105449033333333,-34.773865,-21.14352694609375
2024-04-02 10:00:00,-14.540704466666668,-28.23662441666667,-53.705444,-39.16473986927083
2024-04-02 10:30:00,-20.66743938333333,-48.48447046666666,-70.91109,-50.24364765279948
2024-04-02 11:00:00,-32.049639899999995,-63.13082596666667,-88.91231,-56.86266783925782
2024-04-02 11:30:00,-34.55361883333333,-69.27026448333334,-105.12473,-70.57111413785807
2024-04-02 12:00:00,-46.91336896666667,-82.46915109999999,-117.13882,-70.22544786682943
2024-04-02 12:30:00,-50.10766233333334,-85.31852381666667,-126.395966,-76.28830324283854
2024-04-02 13:00:00,-56.38317768333334,-87.91340286666667,-128.73337,-72.35019023658853
2024-04-02 13:30:00,-60.42890321666667,-74.07485943333333,-125.842224,-65.41332090442708
2024-04-02 14:00:00,-76.81562275,-69.10161283333333,-116.973946,-40.15832286767578
2024-04-02 14:30:00,-86.97111731666666,-54.3976321,-104.37251,-17.40139550071615
2024-04-02 15:00:00,-80.1412839,-43.8785071,-86.66201,-6.520726292871089
2024-04-02 15:30:00,-58.85196123333333,-34.568121133333335,-67.18234,-8.330381295963548
2024-04-02 16:00:00,-38.97483225,-21.2167871,-48.276764,-9.301931666015626
2024-04-02 16:30:00,-21.293936266666663,-10.332799933333334,-31.348022,-10.054086194270837
2024-04-02 17:00:00,-6.3488877666666665,3.638224450000001,-14.602996,-8.254108105830891
2024-04-02 17:30:00,-3.479253383333333,4.373118266666666,-0.7626793,2.7165741044827776
2024-04-02 18:00:00,1.1818332333333337,6.198836,7.660371,6.478537593387857
2024-04-02 18:30:00,8.92703215,8.206018349999999,13.8091135,4.882081352502441
2024-04-02 19:00:00,11.668473383333334,11.842344516666666,18.714722,7.046248296354166
2024-04-02 19:30:00,12.49392395,14.272606766666668,18.976944,6.483020019726563
2024-04-02 20:00:00,13.322166116666669,15.4536623,20.303986,6.9818194790364565
2024-04-02 20:30:00,13.902624949999998,17.0526006,18.103958,4.201333179882814
2024-04-02 21:00:00,14.036615,16.844697316666664,15.2262125,1.1895975015258795
2024-04-02 21:30:00,16.43193936666667,15.852907766666668,13.665025,-2.7669146092814145
2024-04-02 22:00:00,18.86174715,16.91550155,15.026734,-3.835012797888183
2024-04-02 22:30:00,18.8411062,16.291137716666665,17.076126,-1.7649801013671862
2024-04-02 23:00:00,19.56263888333333,17.114894516666666,18.825394,-0.7372452065755191
2024-04-02 23:30:00,18.922118183333332,18.637670016666664,19.716461,0.7943429983072932
2024-04-03 00:00:00,17.926185533333335,16.641642716666667,18.699356,0.7731705457682274
2024-04-03 00:30:00,17.322604933333334,16.330588866666666,16.674454,-0.6481511979817718
2024-04-03 01:00:00,19.83950935,16.13591166666667,16.871414,-2.9680951654296877
2024-04-03 01:30:00,20.68269008333333,16.098979566666667,16.707886,-3.9748043411458305
2024-04-03 02:00:00,18.245951216666665,16.98627706666667,17.470901,-0.7750497274088524
2024-04-03 02:30:00,18.271672266666663,18.09029785,17.87941,-0.39226247662760017
2024-04-03 03:00:00,18.93732345,17.83236495,17.820099,-1.117224573046876
2024-04-03 03:30:00,19.70696333333333,19.109876733333333,18.360748,-1.3462150423177057
2024-04-03 04:00:00,22.12434985,20.211431716666667,19.94168,-2.1826689417968765
2024-04-03 04:30:00,20.5926073,20.893983916666667,19.314316,-1.2782915041015634
2024-04-03 05:00:00,17.953437366666666,26.90296885,21.651047,3.6976093862630215
2024-04-03 05:30:00,18.859566766666664,25.090771566666664,20.252243,1.392676275325524
2024-04-03 06:00:00,27.32081325,26.019283283333333,21.407837,-5.9129763359375005
2024-04-03 06:30:00,26.922826083333334,25.149902666666662,23.192657,-3.7301686126302087
2024-04-03 07:00:00,23.564047266666662,25.63134841666667,24.67781,1.11376340227865
2024-04-03 07:30:00,17.426584966666667,22.97144778333333,19.78096,2.3543751163411457
2024-04-03 08:00:00,8.468088433333333,24.705531716666663,14.733827,6.265738203934733
2024-04-03 08:30:00,1.133659016666667,16.09530615,4.135453,3.001794207515462
2024-04-03 09:00:00,-5.933831716666667,-6.043226716666666,-9.072829,-3.138997529854329
2024-04-03 09:30:00,-28.970214916666663,-13.6303378,-26.524628,2.445587231119788
2024-04-03 10:00:00,-45.953510533333336,-14.540704466666668,-42.037872,3.9156382188802112
2024-04-03 10:30:00,-57.11495825,-20.66743938333333,-57.609314,-0.4943557148437492
2024-04-03 11:00:00,-60.02214506666667,-32.049639899999995,-73.52571,-13.503565992903646
2024-04-03 11:30:00,-59.13201235,-34.55361883333333,-86.85091,-27.718894022070316
2024-04-03 12:00:00,-72.22340325,-46.91336896666667,-98.22519,-26.00178595898437
2024-04-03 12:30:00,-81.93369108333333,-50.10766233333334,-104.1287,-22.195009173014327
2024-04-03 13:00:00,-100.75306835,-56.38317768333334,-105.91934,-5.166273691015618
2024-04-03 13:30:00,-99.95884836666666,-60.42890321666667,-104.55358,-4.594732871126311
2024-04-03 14:00:00,-96.74411778333337,-76.81562275,-99.36959,-2.6254729759439783
2024-04-03 14:30:00,-99.00341506666666,-86.97111731666666,-88.67741,10.326008755631506
2024-04-03 15:00:00,-82.26224728333334,-80.1412839,-77.3752,4.887048919075525
2024-04-03 15:30:00,-63.54885785,-58.85196123333333,-60.827103,2.721755188867185
2024-04-03 16:00:00,-44.115252733333335,-38.97483225,-44.759125,-0.6438720225260397
2024-04-03 16:30:00,-21.579817116666664,-21.293936266666663,-28.982803,-7.402986228059898
2024-04-03 17:00:00,-10.121733966666667,-6.3488877666666665,-14.511809,-4.390075382393391
2024-04-03 17:30:00,-4.4812155166666665,-3.479253383333333,-4.7595663,-0.2783507904012046
2024-04-03 18:00:00,7.3324978,1.1818332333333337,3.6784217,-3.65407606423645
2024-04-03 18:30:00,10.040160583333334,8.92703215,10.871324,0.8311630021769201
2024-04-03 19:00:00,12.749930566666668,11.668473383333334,14.22609,1.4761598645467107
2024-04-03 19:30:00,17.824951733333332,12.49392395,16.075119,-1.7498327147786448
2024-04-03 20:00:00,20.347356016666662,13.322166116666669,15.224549,-5.122806723148596
2024-04-03 20:30:00,24.38947941666667,13.902624949999998,13.058915,-11.330564278422042
2024-04-03 21:00:00,18.556983366666667,14.036615,14.099793,-4.457189932523601
2024-04-03 21:30:00,19.04733005,16.43193936666667,13.418382,-5.628948359020995
2024-04-03 22:00:00,23.370428816666664,18.86174715,15.885499,-7.484929816117347
2024-04-03 22:30:00,25.4559734,18.8411062,18.442368,-7.013605846289064
2024-04-03 23:00:00,21.211292083333333,19.56263888333333,19.00055,-2.2107427669270834
2024-04-03 23:30:00,19.482792316666664,18.922118183333332,18.288239,-1.1945537912760393
2024-04-04 00:00:00,18.4616372,17.926185533333335,18.196747,-0.2648903738281234
2024-04-04 00:30:00,17.732920500000002,17.322604933333334,20.676422,2.9435016191406227
2024-04-04 01:00:00,20.25637228333333,19.83950935,19.039917,-1.2164552911458308
2024-04-04 01:30:00,18.10082433333333,20.68269008333333,18.268784,0.1679592360026092
2024-04-04 02:00:00,18.404338316666667,18.245951216666665,16.971085,-1.4332537219401047
2024-04-04 02:30:00,18.020876616666666,18.271672266666663,17.306625,-0.7142512504557281
2024-04-04 03:00:00,20.4688233,18.93732345,15.95099,-4.517833576794434
2024-04-04 03:30:00,18.597188300000003,19.70696333333333,18.480728,-0.11646015058594017
2024-04-04 04:00:00,21.63678055,22.12434985,20.186996,-1.4497840900390635
2024-04-04 04:30:00,20.74211731666667,20.5926073,20.499908,-0.24220886940104336
2024-04-04 05:00:00,25.892296766666664,17.953437366666666,22.737656,-3.154641127018227
2024-04-04 05:30:00,31.837090166666663,18.859566766666664,22.26709,-9.570000322916663
2024-04-04 06:00:00,38.3150416,27.32081325,25.332413,-12.982628880273438
2024-04-04 06:30:00,33.96599153333333,26.922826083333334,26.456558,-7.509433305794268
2024-04-04 07:00:00,30.633987183333332,23.564047266666662,26.774963,-3.859023804427082
2024-04-04 07:30:00,21.64112328333333,17.426584966666667,23.704285,2.0631613846354213
2024-04-04 08:00:00,16.06474775,8.468088433333333,17.467102,1.4023543007812513
2024-04-04 08:30:00,7.2877239666666656,1.133659016666667,8.107469,0.8197446383748384
2024-04-04 09:00:00,-3.032008466666666,-5.933831716666667,-3.697799,-0.6657905006947842
2024-04-04 09:30:00,-28.243934416666665,-28.970214916666663,-18.05806,10.185874724283853
2024-04-04 10:00:00,-46.1765205,-45.953510533333336,-34.589355,11.587165031250002
2024-04-04 10:30:00,-48.01932098333333,-57.11495825,-51.467636,-3.4483151250651076
2024-04-04 11:00:00,-55.493819916666666,-60.02214506666667,-68.39827,-12.904449736653646
2024-04-04 11:30:00,-61.9557232,-59.13201235,-83.400665,-21.444942083203124
2024-04-04 12:00:00,-75.03819671666666,-72.22340325,-93.66373,-18.625530089973964
2024-04-04 12:30:00,-70.71830676666666,-81.93369108333333,-99.03323,-28.314926875911468
2024-04-04 13:00:00,-69.77383616666667,-100.75306835,-102.5744,-32.80056568880208
2024-04-04 13:30:00,-69.90167888333333,-99.95884836666666,-100.56646,-30.664780772428387
2024-04-04 14:00:00,-68.81134375,-96.74411778333337,-95.59925,-26.787907043457025
2024-04-04 14:30:00,-58.274025,-99.00341506666666,-86.14758,-27.8735580078125
2024-04-04 15:00:00,-51.14031391666666,-82.26224728333334,-75.54389,-24.403577990071618
2024-04-04 15:30:00,-38.79523165,-63.54885785,-60.04622,-21.250987222070314
2024-04-04 16:00:00,-23.96337508333333,-44.115252733333335,-45.475174,-21.511798866861984
2024-04-04 16:30:00,-11.671743816666664,-21.579817116666664,-30.882202,-19.210458331770838
2024-04-04 17:00:00,-2.9273644166666664,-10.121733966666667,-17.904907,-14.977542809895834
2024-04-04 17:30:00,9.56955465,-4.4812155166666665,-5.1330404,-14.702595078161622
2024-04-04 18:00:00,16.641390383333334,7.3324978,3.4129646,-13.228425800890097
2024-04-04 18:30:00,25.34337955,10.040160583333334,11.15207,-14.19130950452881
2024-04-04 19:00:00,26.91917215,12.749930566666668,16.720474,-10.198697906835939
2024-04-04 19:30:00,25.6109167,17.824951733333332,18.836227,-6.774689283007813
2024-04-04 20:00:00,18.424407716666668,20.347356016666662,20.529068,2.1046602764973947
2024-04-04 20:30:00,26.53065831666667,24.38947941666667,20.238007,-6.2926517248697955
2024-04-04 21:00:00,31.905795116666667,18.556983366666667,19.059265,-12.846529979947917
2024-04-04 21:30:00,28.60561905,19.04733005,17.63736,-10.968259430859376
2024-04-04 22:00:00,27.240358933333336,23.370428816666664,17.775955,-9.464403733138024
2024-04-04 22:30:00,18.316307766666668,25.4559734,18.891556,0.5752480194661445
2024-04-04 23:00:00,19.5912572,21.211292083333333,16.82573,-2.7655278298828136
2024-04-04 23:30:00,24.33890945,19.482792316666664,17.725723,-6.613186183398437
2024-04-05 00:00:00,21.7919,18.4616372,19.065445,-2.7264550537109358
2024-04-05 00:30:00,24.1739203,17.732920500000002,19.316391,-4.857529308789061
2024-04-05 01:00:00,21.68756885,20.25637228333333,20.206497,-1.4810716576171892
2024-04-05 01:30:00,20.437885533333333,18.10082433333333,20.598373,0.1604878797526048
2024-04-05 02:00:00,21.67863155,18.404338316666667,17.794891,-3.8837401925781236
2024-04-05 02:30:00,19.819195516666667,18.020876616666666,16.187088,-3.632107503971355
2024-04-05 03:00:00,21.54650405,20.4688233,17.18161,-4.364893942578124
2024-04-05 03:30:00,21.78387275,18.597188300000003,17.007797,-4.776075508789063
2024-04-05 04:00:00,24.10217675,21.63678055,19.461761,-4.640415275390627
2024-04-05 04:30:00,22.13847936666667,20.74211731666667,20.699036,-1.4394437221354188
2024-04-05 05:00:00,24.23472338333333,25.892296766666664,23.879227,-0.35549669876301593
2024-04-05 05:30:00,23.798276483333336,31.837090166666663,22.518402,-1.2798743837239606
2024-04-05 06:00:00,27.84521273333333,38.3150416,24.044113,-3.8010995741536426
2024-04-05 06:30:00,31.12732031666667,33.96599153333333,24.873764,-6.2535562785807315
2024-04-05 07:00:00,35.059765516666666,30.633987183333332,24.413605,-10.64616078033854
2024-04-05 07:30:00,29.90778796666667,21.64112328333333,22.597382,-7.310406374869796
2024-04-05 08:00:00,30.170670016666666,16.06474775,16.471954,-13.69871567096354
2024-04-05 08:30:00,27.37473896666667,7.2877239666666656,9.48845,-17.886288916312665
2024-04-05 09:00:00,20.17005665,-3.032008466666666,-0.8680565,-21.03811312611618
2024-04-05 09:30:00,0.0556462333333337,-28.243934416666665,-17.275375,-17.331021599544272
2024-04-05 10:00:00,-34.162500533333336,-46.1765205,-33.862595,0.29990592884114875
2024-04-05 10:30:00,-45.31693551666666,-48.01932098333333,-49.88301,-4.566075347591152
2024-04-05 11:00:00,-46.42437935,-55.493819916666666,-67.41826,-20.993879316992185
2024-04-05 11:30:00,-61.83366183333334,-61.9557232,-80.563385,-18.729723176432287
2024-04-05 12:00:00,-67.50840326666666,-75.03819671666666,-91.168915,-23.660511528255213
2024-04-05 12:30:00,-89.64580368333334,-70.71830676666666,-98.90996,-9.264154202408847
2024-04-05 13:00:00,-90.13923981666666,-69.77383616666667,-101.29344,-11.154201955794278
2024-04-05 13:30:00,-86.62726266666668,-69.90167888333333,-98.198326,-11.571063444173163
2024-04-05 14:00:00,-73.69412996666667,-68.81134375,-91.811,-18.11686704261068
2024-04-05 14:30:00,-67.75604133333333,-58.274025,-79.99395,-12.23790855680339
2024-04-05 15:00:00,-58.02500896666666,-51.14031391666666,-66.55151,-8.526504705208339
2024-04-05 15:30:00,-49.373766116666665,-38.79523165,-51.54895,-2.1751840786458345
2024-04-05 16:00:00,-27.908528283333336,-23.96337508333333,-36.623306,-8.714777991080727
2024-04-05 16:30:00,-13.171592266666666,-11.671743816666664,-23.412567,-10.240974872005209
2024-04-05 17:00:00,-4.904586733333333,-2.9273644166666664,-9.344375,-4.439787923343913
2024-04-05 17:30:00,4.047577749999999,9.56955465,3.7529457,-0.2946320884551996
2024-04-05 18:00:00,14.479261216666666,16.641390383333334,10.066728,-4.412533578422037
2024-04-05 18:30:00,17.6317645,25.34337955,16.485474,-1.1462908671874992
2024-04-05 19:00:00,22.17233823333333,26.91917215,18.734314,-3.438024268489581
2024-04-05 19:30:00,21.677891616666667,25.6109167,19.494827,-2.1830643461588544
2024-04-05 20:00:00,22.80368168333333,18.424407716666668,21.604996,-1.198685955794268
2024-04-05 20:30:00,19.77473828333333,26.53065831666667,24.471909,4.697170286002606
2024-04-05 21:00:00,17.31661563333333,31.905795116666667,23.14624,5.829624601041669
2024-04-05 21:30:00,16.661469999999998,28.60561905,21.5298,4.868330415039065
2024-04-05 22:00:00,18.501378966666667,27.240358933333336,19.326462,0.82508282532552
2024-04-05 22:30:00,18.86521218333333,18.316307766666668,18.796158,-0.06905434641926789
2024-04-05 23:00:00,16.7555689,19.5912572,17.94664,1.1910711146484374
2024-04-05 23:30:00,16.0083082,24.33890945,19.27185,3.2635423859375017
2024-04-06 00:00:00,15.743859916666668,21.7919,17.802322,2.058462471028644
2024-04-06 00:30:00,13.770233366666668,24.1739203,18.544159,4.773925568880207
2024-04-06 01:00:00,14.07250285,21.68756885,20.178543,6.106040240820313
2024-04-06 01:30:00,14.43171,20.437885533333333,19.605743,5.174033408203124
2024-04-06 02:00:00,15.42411765,21.67863155,20.89914,5.4750217542968755
2024-04-06 02:30:00,14.925810083333332,19.819195516666667,20.22934,5.303529516276043
2024-04-06 03:00:00,18.28207838333333,21.54650405,18.940979,0.6589006205729184
2024-04-06 03:30:00,19.4957767,21.78387275,20.43277,0.9369930753906246
2024-04-06 04:00:00,18.17273395,24.10217675,21.20816,3.0354264503906236
2024-04-06 04:30:00,18.943008433333333,22.13847936666667,20.82985,1.8868408098307299
2024-04-06 05:00:00,19.948123833333334,24.23472338333333,23.134644,3.1865197213541663
2024-04-06 05:30:00,20.40119658333333,23.798276483333336,22.206375,1.8051785387369819
2024-04-06 06:00:00,26.7249017,27.84521273333333,23.654938,-3.069963955859375
2024-04-06 06:30:00,24.05938945,31.12732031666667,26.51625,2.4568611603515613
2024-04-06 07:00:00,25.301778816666666,35.059765516666666,24.980652,-0.3211269611979155
2024-04-06 07:30:00,22.097247733333333,29.90778796666667,23.504639,1.407390938541667
2024-04-06 08:00:00,16.548676583333332,30.170670016666666,18.952118,2.4034413365885428
2024-04-06 08:30:00,13.689370416666668,27.37473896666667,8.834733,-4.854637407328289
2024-04-06 09:00:00,6.815544433333334,20.17005665,-0.95100325,-7.766547686793264
2024-04-06 09:30:00,-14.846804333333331,0.0556462333333337,-15.9005575,-1.0537531846720398
2024-04-06 10:00:00,-32.078141116666664,-34.162500533333336,-31.766174,0.31196680026041435
2024-04-06 10:30:00,-43.5668227,-45.31693551666666,-46.559967,-2.993144341015622
2024-04-06 11:00:00,-61.55179201666667,-46.42437935,-59.90451,1.647281518619792
2024-04-06 11:30:00,-78.51367931666667,-61.83366183333334,-72.53133,5.982353022721355
2024-04-06 12:00:00,-86.06529995,-67.50840326666666,-83.54216,2.523139915820309
2024-04-06 12:30:00,-97.11732278333334,-89.64580368333334,-91.5649,5.552419524055992
2024-04-06 13:00:00,-115.13299888333334,-90.13923981666666,-95.96443,19.16856712063803
2024-04-06 13:30:00,-107.34986463333333,-86.62726266666668,-95.5321,11.817767770540357
2024-04-06 14:00:00,-97.03899265,-73.69412996666667,-88.119675,8.91931796738281
2024-04-06 14:30:00,-86.62013041666667,-67.75604133333333,-77.79484,8.825292465006513
2024-04-06 15:00:00,-82.03792781666667,-58.02500896666666,-65.57802,16.459909628190104
2024-04-06 15:30:00,-65.48360285,-49.373766116666665,-50.65016,14.833441106835934
2024-04-06 16:00:00,-42.41760291666667,-27.908528283333336,-37.147552,5.270050426432292
2024-04-06 16:30:00,-28.42074171666667,-13.171592266666666,-23.140808,5.279933611197919
2024-04-06 17:00:00,-11.410227583333333,-4.904586733333333,-11.036803,0.37342433778889905
2024-04-06 17:30:00,-3.9877322,4.047577749999999,-1.838607,2.1491252463790893
2024-04-06 18:00:00,5.1811623,14.479261216666666,6.2434855,1.0623231507446285
2024-04-06 18:30:00,8.3637628,17.6317645,13.351274,4.987510736682129
2024-04-06 19:00:00,13.280705066666668,22.17233823333333,15.725907,2.445202259077961
2024-04-06 19:30:00,15.001370483333334,21.677891616666667,21.467392,6.466021484440104
2024-04-06 20:00:00,14.0599976,22.80368168333333,22.602036,8.542037922460937
2024-04-06 20:30:00,18.64030908333333,19.77473828333333,22.281204,3.640895140299481
2024-04-06 21:00:00,17.7545595,17.31661563333333,20.780045,3.0254850556640633
2024-04-06 21:30:00,18.901250033333334,16.661469999999998,20.20958,1.308329434440104
2024-04-06 22:00:00,17.310752333333333,18.501378966666667,18.115387,0.8046346295572917
2024-04-06 22:30:00,16.39169985,18.86521218333333,18.644287,2.2525872593750016
2024-04-06 23:00:00,19.53086788333333,16.7555689,17.907242,-1.6236260620442664
2024-04-06 23:30:00,17.887394033333333,16.0083082,18.68837,0.8009757176432295
2024-04-07 00:00:00,17.92651395,15.743859916666668,18.961731,1.0352170070312496
2024-04-07 00:30:00,16.148133916666666,13.770233366666668,17.413025,1.2648909856770842
2024-04-07 01:00:00,18.07766115,14.07250285,16.628098,-1.4495636158203133
2024-04-07 01:30:00,17.620260716666667,14.43171,15.115464,-2.5047965061564135
2024-04-07 02:00:00,17.982456533333334,15.42411765,17.463852,-0.5186046046223964
2024-04-07 02:30:00,18.178349266666668,14.925810083333332,17.443085,-0.7352645498697932
2024-04-07 03:00:00,18.41990675,18.28207838333333,18.096085,-0.3238221552734366
2024-04-07 03:30:00,19.336216683333333,19.4957767,19.78952,0.4533035803385417
2024-04-07 04:00:00,18.778706083333333,18.17273395,19.997269,1.2185625934244797
2024-04-07 04:30:00,20.563301383333336,18.943008433333333,20.314255,-0.2490466225911483
2024-04-07 05:00:00,21.608409966666667,19.948123833333334,20.07486,-1.5335503475260417
2024-04-07 05:30:00,19.85581888333333,20.40119658333333,21.197372,1.3415535531901064
2024-04-07 06:00:00,18.471925433333336,26.7249017,23.711319,5.2393935363932265
2024-04-07 06:30:00,22.021193266666668,24.05938945,23.941238,1.9200451366536448
2024-04-07 07:00:00,25.897572216666664,25.301778816666666,23.70517,-2.1924025389322885
2024-04-07 07:30:00,15.06323105,22.097247733333333,19.867126,4.803895414843749
2024-04-07 08:00:00,12.732172116666668,16.548676583333332,14.274262,1.5420903116170237
2024-04-07 08:30:00,9.541054866666666,13.689370416666668,6.759736,-2.781318805570475
2024-04-07 09:00:00,4.411075633333334,6.815544433333334,-3.3841698,-7.795245450304159
2024-04-07 09:30:00,-6.71239045,-14.846804333333331,-16.808258,-10.095867606640624
2024-04-07 10:00:00,-17.76651055,-32.078141116666664,-29.34674,-11.58023017265625
2024-04-07 10:30:00,-27.20551553333333,-43.5668227,-42.082138,-14.876622528190108
2024-04-07 11:00:00,-54.160194966666666,-61.55179201666667,-55.65532,-1.495124247200522
2024-04-07 11:30:00,-67.56757548333333,-78.51367931666667,-69.00127,-1.4336909961588589
2024-04-07 12:00:00,-81.51684043333334,-86.06529995,-81.1666,0.3502373449544365
2024-04-07 12:30:00,-92.80854328333334,-97.11732278333334,-88.234825,4.573718149055992
2024-04-07 13:00:00,-101.35157681666668,-115.13299888333334,-93.01462,8.336958896744804
2024-04-07 13:30:00,-105.05940265,-107.34986463333333,-92.103905,12.955497925878902
2024-04-07 14:00:00,-101.15209676666666,-97.03899265,-87.10042,14.051678675846347
2024-04-07 14:30:00,-93.11996648333331,-86.62013041666667,-79.12831,13.991655326106752
2024-04-07 15:00:00,-81.99989893333333,-82.03792781666667,-68.85947,13.140432380598952
2024-04-07 15:30:00,-70.0933043,-65.48360285,-55.893585,14.199719094921875
2024-04-07 16:00:00,-54.20941281666666,-42.41760291666667,-39.405823,14.803590062760406
2024-04-07 16:30:00,-31.725897166666662,-28.42074171666667,-24.76181,6.9640868639322875
2024-04-07 17:00:00,-7.524445049999998,-11.410227583333333,-11.448836,-3.924391276599123
2024-04-07 17:30:00,6.327121200000001,-3.9877322,-0.0511314,-6.378252601211024
2024-04-07 18:00:00,11.455296116666668,5.1811623,7.2427683,-4.212527829007977
2024-04-07 18:30:00,24.383370466666666,8.3637628,14.585435,-9.797935553031412
2024-04-07 19:00:00,26.254092266666664,13.280705066666668,18.661179,-7.592913677799476
2024-04-07 19:30:00,26.763953966666666,15.001370483333334,21.27069,-5.493263048697916
2024-04-07 20:00:00,23.654132200000003,14.0599976,18.80545,-4.848681760546878
2024-04-07 20:30:00,24.26913498333333,18.64030908333333,19.741013,-4.528122410091143
2024-04-07 21:00:00,23.3413874,17.7545595,18.434113,-4.907274851171874
2024-04-07 21:30:00,23.52475283333333,18.901250033333334,15.015199,-8.509554125752764
2024-04-07 22:00:00,26.049787233333333,17.310752333333333,16.57074,-9.479047487239583
2024-04-07 22:30:00,25.33410758333333,16.39169985,16.256058,-9.078049844075519
2024-04-07 23:00:00,22.05791503333333,19.53086788333333,16.535278,-5.52263671302083
2024-04-07 23:30:00,23.94746673333333,17.887394033333333,17.660126,-6.287341000911454
2024-04-08 00:00:00,20.38213988333333,17.92651395,16.718964,-3.6631762602864555
2024-04-08 00:30:00,18.550904366666668,16.148133916666666,16.185226,-2.3656779262369803
2024-04-08 01:00:00,18.96603385,18.07766115,15.801255,-3.164778623864745
2024-04-08 01:30:00,20.84418278333333,17.620260716666667,15.824876,-5.019306951729327
2024-04-08 02:00:00,18.9380678,17.982456533333334,17.674438,-1.263629323437499
2024-04-08 02:30:00,19.51333265,18.178349266666668,18.645401,-0.8679316490234363
2024-04-08 03:00:00,20.833545533333336,18.41990675,16.643448,-4.190097657356773
2024-04-08 03:30:00,21.35813603333333,19.336216683333333,18.190872,-3.1672638409505183
2024-04-08 04:00:00,22.063104383333336,18.778706083333333,18.554367,-3.5087373179036483
2024-04-08 04:30:00,24.03532938333333,20.563301383333336,22.347595,-1.6877341684895804
2024-04-08 05:00:00,23.503853366666664,21.608409966666667,22.205902,-1.2979512670572895
2024-04-08 05:30:00,20.52954945,19.85581888333333,22.271896,1.7423469123046864
2024-04-08 06:00:00,23.01623023333333,18.471925433333336,22.507324,-0.5089060145833315
2024-04-08 06:30:00,20.217518183333333,22.021193266666668,23.13147,2.9139515432291674
2024-04-08 07:00:00,26.27431818333333,25.897572216666664,24.555939,-1.7183794626302067
2024-04-08 07:30:00,23.79521773333333,15.06323105,20.524857,-3.2703611659505185
2024-04-08 08:00:00,16.495213983333333,12.732172116666668,12.132997,-4.362217424190266
2024-04-08 08:30:00,8.456731616666668,9.541054866666666,3.380967,-5.075764714887493
2024-04-08 09:00:00,-2.4555666833333327,4.411075633333334,-9.00505,-6.549483022172039
2024-04-08 09:30:00,-15.037820983333331,-6.71239045,-19.037643,-3.9998224492838563
2024-04-08 10:00:00,-42.38805178333333,-17.76651055,-29.078583,13.309469019661456
2024-04-08 10:30:00,-54.881651733333335,-27.20551553333333,-43.465073,11.416579101497398
2024-04-08 11:00:00,-73.32120898333334,-54.160194966666666,-56.681488,16.63972094622396
2024-04-08 11:30:00,-86.36070389999999,-67.56757548333333,-69.87277,16.487931683203115
2024-04-08 12:00:00,-98.63699953333334,-81.51684043333334,-76.58516,22.051840231575525
2024-04-08 12:30:00,-112.42770648333334,-92.80854328333334,-82.94707,29.48063922259115
2024-04-08 13:00:00,-108.8865154,-101.35157681666668,-88.04909,20.83742787558593
2024-04-08 13:30:00,-84.24493175,-105.05940265,-91.448685,-7.203752942382806
2024-04-08 14:00:00,-67.01306278333333,-101.15209676666666,-88.33316,-21.3200976170573
2024-04-08 14:30:00,-57.675364433333336,-93.11996648333331,-80.68545,-23.01008325953776
2024-04-08 15:00:00,-51.58511118333333,-81.99989893333333,-71.97702,-20.391909080338543
2024-04-08 15:30:00,-43.96616996666666,-70.0933043,-58.590393,-14.624223099739588
2024-04-08 16:00:00,-25.99322443333333,-54.20941281666666,-44.502457,-18.50923223170573
2024-04-08 16:30:00,-8.264144366666667,-31.725897166666662,-30.11702,-21.852875286653646
2024-04-08 17:00:00,-0.909298716666667,-7.524445049999998,-16.535263,-15.62596434485677
2024-04-08 17:30:00,-3.6669199,6.327121200000001,-4.0526876,-0.3857677449584962
2024-04-08 18:00:00,1.4183823166666665,11.455296116666668,4.410371,2.991988510054525
2024-04-08 18:30:00,7.916482816666668,24.383370466666666,11.520036,3.603552927046711
2024-04-08 19:00:00,15.0468772,26.254092266666664,17.398148,2.3512703830078117
2024-04-08 19:30:00,16.482421783333333,26.763953966666666,20.161926,3.679504486197917
2024-04-08 20:00:00,20.02086158333333,23.654132200000003,20.601044,0.5801821178385467
2024-04-08 20:30:00,20.25904685,24.26913498333333,20.659882,0.4008347417968743
2024-04-08 21:00:00,24.24896723333333,23.3413874,20.11171,-4.137257638606769
2024-04-08 21:30:00,23.6681473,23.52475283333333,18.641342,-5.026805136914064
2024-04-08 22:00:00,21.96655773333333,26.049787233333333,18.526093,-3.4404652040364567
2024-04-08 22:30:00,24.587296566666662,25.33410758333333,18.798904,-5.78839214772135
2024-04-08 23:00:00,20.7926478,22.05791503333333,19.11,-1.6826471896484385
2024-04-08 23:30:00,21.849538783333333,23.94746673333333,18.332047,-3.5174922745442707
2024-04-09 00:00:00,23.43947565,20.38213988333333,17.901001,-5.5384746734374986
2024-04-09 00:30:00,21.23484555,18.550904366666668,18.122604,-3.112241179882812
2024-04-09 01:00:00,23.570897733333336,18.96603385,17.235977,-6.334920560481773
2024-04-09 01:30:00,21.17116785,20.84418278333333,17.495377,-3.6757912630859373
2024-04-09 02:00:00,21.823954083333334,18.9380678,18.407303,-3.416651226888021
2024-04-09 02:30:00,22.15949338333333,19.51333265,17.932388,-4.227105077669268
2024-04-09 03:00:00,20.172471066666667,20.833545533333336,17.417374,-2.755097409440104
2024-04-09 03:30:00,21.19853673333333,21.35813603333333,19.999344,-1.1991928612630183
2024-04-09 04:00:00,19.146338466666663,22.063104383333336,21.332367,2.1860284766927123
2024-04-09 04:30:00,20.75464823333333,24.03532938333333,22.857254,2.1026057949869816
2024-04-09 05:00:00,18.614290033333333,23.503853366666664,24.061203,5.4469129695963545
2024-04-09 05:30:00,20.329489916666667,20.52954945,24.215942,3.8864524661458333
2024-04-09 06:00:00,26.0470365,23.01623023333333,24.956131,-1.0909055185546883
2024-04-09 06:30:00,27.9069417,20.217518183333333,24.061142,-3.8457997322265633
2024-04-09 07:00:00,30.85836105,26.27431818333333,22.407654,-8.45070724140625
2024-04-09 07:30:00,30.017757333333336,23.79521773333333,19.413834,-10.603923715169273
2024-04-09 08:00:00,30.828602266666667,16.495213983333333,13.323091,-17.505511713382976
2024-04-09 08:30:00,15.324858283333333,8.456731616666668,4.4605417,-10.864316558174641
2024-04-09 09:00:00,-0.2154255000000004,-2.4555666833333327,-5.2315207,-5.016095152770996
2024-04-09 09:30:00,-10.407728966666667,-15.037820983333331,-18.67485,-8.26712149720052
2024-04-09 10:00:00,-20.29270543333333,-42.38805178333333,-32.662445,-12.369739635026043
2024-04-09 10:30:00,-33.1763733,-54.881651733333335,-47.423843,-14.24747008378906
2024-04-09 11:00:00,-47.88210168333333,-73.32120898333334,-61.648636,-13.76653418092448
2024-04-09 11:30:00,-67.16062266666667,-86.36070389999999,-74.96658,-7.805960585286456
2024-04-09 12:00:00,-65.69444825000001,-98.63699953333334,-85.30879,-19.614343864257805
2024-04-09 12:30:00,-77.74602665,-112.42770648333334,-92.373634,-14.627607688378902
2024-04-09 13:00:00,-70.25407601666667,-108.8865154,-96.44767,-26.193593966243483
2024-04-09 13:30:00,-63.415435433333336,-84.24493175,-95.08473,-31.669296622330727
2024-04-09 14:00:00,-48.78820791666666,-67.01306278333333,-87.59844,-38.81023416097006
2024-04-09 14:30:00,-45.13835215,-57.675364433333336,-77.93221,-32.79386067958984
2024-04-09 15:00:00,-36.37087498333333,-51.58511118333333,-66.58769,-30.216817277408857
2024-04-09 15:30:00,-24.6376205,-43.96616996666666,-53.11949,-28.481871077148437
2024-04-09 16:00:00,-13.1675078,-25.99322443333333,-39.001114,-25.833606091601563
2024-04-09 16:30:00,2.3291000000000004,-8.264144366666667,-24.751968,-27.081068383789063
2024-04-09 17:00:00,9.786589633333334,-0.909298716666667,-11.172973,-20.95956231247152
2024-04-09 17:30:00,14.933003283333331,-3.6669199,-1.4608299,-16.393833137344867
2024-04-09 18:00:00,19.54751003333333,1.4183823166666665,7.474885,-12.07262504645589
2024-04-09 18:30:00,28.89163716666667,7.916482816666668,14.10904,-14.782596906351728
2024-04-09 19:00:00,29.811558366666663,15.0468772,19.823105,-9.988453508268226
2024-04-09 19:30:00,36.393306200000005,16.482421783333333,22.765915,-13.627391283007817
2024-04-09 20:00:00,38.49758603333333,20.02086158333333,22.221771,-16.275814793098952
2024-04-09 20:30:00,34.88432663333334,20.25904685,19.887238,-14.997089084505212
2024-04-09 21:00:00,29.309113300000003,24.24896723333333,18.707275,-10.601837909375003
2024-04-09 21:30:00,30.50296823333333,23.6681473,17.449112,-13.053856294856768
2024-04-09 22:00:00,31.6486404,21.96655773333333,17.641006,-14.007633930273439
2024-04-09 22:30:00,23.5273522,24.587296566666662,18.788376,-4.738976345507812
2024-04-09 23:00:00,27.936768333333333,20.7926478,17.743896,-10.192871848958333
2024-04-09 23:30:00,26.103439316666663,21.849538783333333,17.472519,-8.630920395768225
2024-04-10 00:00:00,25.681078216666663,23.43947565,18.080688,-7.600389740104163
2024-04-10 00:30:00,22.08022671666667,21.23484555,19.630905,-2.4493215652994813
2024-04-10 01:00:00,20.74288115,23.570897733333336,18.93396,-1.8089211890624988
2024-04-10 01:30:00,17.526269433333333,21.17116785,19.885056,2.3587861086588546
2024-04-10 02:00:00,18.1536611,21.823954083333334,19.718033,1.5643717369140617
2024-04-10 02:30:00,17.910034566666667,22.15949338333333,19.65239,1.7423549597005206
2024-04-10 03:00:00,17.857370616666667,20.172471066666667,20.962341,3.1049706919270825
2024-04-10 03:30:00,19.197265666666667,21.19853673333333,20.969833,1.772567707356771
2024-04-10 04:00:00,18.71894063333333,19.146338466666663,21.30989,2.5909501137369837
2024-04-10 04:30:00,19.651561216666668,20.75464823333333,22.152252,2.5006909805989572
2024-04-10 05:00:00,18.31731113333333,18.614290033333333,22.27951,3.9621993647135447
2024-04-10 05:30:00,20.84685563333333,20.329489916666667,22.093323,1.2464671205729196
2024-04-10 06:00:00,19.5680256,26.0470365,21.992096,2.4240703472656264
2024-04-10 06:30:00,19.138434383333333,27.9069417,21.372559,2.2341242104166668
2024-04-10 07:00:00,34.44760661666667,30.85836105,23.002594,-11.445012622526043
2024-04-10 07:30:00,28.502743366666667,30.017757333333336,21.445343,-7.057400349088542
2024-04-10 08:00:00,20.38653878333333,30.828602266666667,17.227509,-3.1590302384114537
2024-04-10 08:30:00,9.4394238,15.324858283333333,9.357652,-0.08177208948974624
2024-04-10 09:00:00,-8.571016666666667,-0.2154255000000004,-1.3319846,7.239032027498881
2024-04-10 09:30:00,-26.12071315,-10.407728966666667,-14.405181,11.715532218908692
2024-04-10 10:00:00,-27.11659373333333,-20.29270543333333,-27.26094,-0.14434681842448427
2024-04-10 10:30:00,-42.227597816666666,-33.1763733,-43.741318,-1.5137199323567714
2024-04-10 11:00:00,-64.72131946666667,-47.88210168333333,-56.803223,7.918096810416671
2024-04-10 11:30:00,-75.57623223333333,-67.16062266666667,-70.39554,5.180693903255204
2024-04-10 12:00:00,-85.4720627,-65.69444825000001,-80.87012,4.601945512499995
2024-04-10 12:30:00,-89.7725601,-77.74602665,-87.32455,2.448013286035163
2024-04-10 13:00:00,-103.31323763333334,-70.25407601666667,-89.353485,13.959752525911469
2024-04-10 13:30:00,-92.91711838333332,-63.415435433333336,-88.2014,4.71571762649738
2024-04-10 14:00:00,-97.08030513333334,-48.78820791666666,-81.49568,15.584623370638027
2024-04-10 14:30:00,-94.49584841666666,-45.13835215,-69.10617,25.389677762369786
2024-04-10 15:00:00,-85.37024716666667,-36.37087498333333,-55.999786,29.370460789713547
2024-04-10 15:30:00,-100.67809786666668,-24.6376205,-41.359467,59.3186313139323
2024-04-10 16:00:00,-48.52270333333333,-13.1675078,-25.996857,22.525846643880207
2024-04-10 16:30:00,-17.700497900000002,2.3291000000000004,-13.560973,4.139524732580568
2024-04-10 17:00:00,-4.6881437833333335,9.786589633333334,-1.9501487,2.737995081665548
2024-04-10 17:30:00,-1.0140461166666666,14.933003283333331,8.386369,9.400414868192545
2024-04-10 18:00:00,6.305505050000001,19.54751003333333,15.181123,8.87561772984619
2024-04-10 18:30:00,20.478665933333332,28.89163716666667,20.03775,-0.44091568919270685
2024-04-10 19:00:00,25.51207728333333,29.811558366666663,23.165527,-2.34654993958333
2024-04-10 19:30:00,35.46256063333333,36.393306200000005,24.525345,-10.93721578470052
2024-04-10 20:00:00,37.40736933333333,38.49758603333333,24.72345,-12.683919626302078
2024-04-10 20:30:00,38.22387988333333,34.88432663333334,24.28067,-13.943209717317707
2024-04-10 21:00:00,31.730052933333337,29.309113300000003,21.71814,-10.011913284895837
2024-04-10 21:30:00,31.511513866666665,30.50296823333333,21.167236,-10.344277538541665
2024-04-10 22:00:00,29.21195775,31.6486404,22.17453,-7.037427720703125
2024-04-10 22:30:00,25.327120466666667,23.5273522,23.096771,-2.230349226432292
2024-04-10 23:00:00,20.594999316666662,27.936768333333333,24.253342,3.658342358138025
2024-04-10 23:30:00,20.2363205,26.103439316666663,23.369843,3.1335220292968735
2024-04-11 00:00:00,18.37868225,25.681078216666663,22.436996,4.058314209960937
2024-04-11 00:30:00,17.162968366666664,22.08022671666667,21.281448,4.118479997591148
2024-04-11 01:00:00,16.734256183333333,20.74288115,21.075409,4.341152752213542
2024-04-11 01:30:00,15.66348675,17.526269433333333,20.910156,5.246669499999999
2024-04-11 02:00:00,17.3870705,18.1536611,22.009033,4.621962703125
2024-04-11 02:30:00,17.657264533333333,17.910034566666667,19.53949,1.8822252127604173
2024-04-11 03:00:00,18.44407453333333,17.857370616666667,18.485611,0.04153642858073425
2024-04-11 03:30:00,21.03751373333333,19.197265666666667,18.77066,-2.2668533329427056
2024-04-11 04:00:00,19.31078955,18.71894063333333,20.660187,1.349397217578126
2024-04-11 04:30:00,19.12482843333333,19.651561216666668,21.825653,2.700824642838544
2024-04-11 05:00:00,18.884730016666666,18.31731113333333,21.481781,2.5970509891927094
2024-04-11 05:30:00,20.55251098333333,20.84685563333333,22.615677,2.0631658965494815
2024-04-11 06:00:00,24.556369433333334,19.5680256,23.937714,-0.6186558102864588
2024-04-11 06:30:00,26.393267716666667,19.138434383333333,25.022339,-1.3709288494791672
2024-04-11 07:00:00,32.016424449999995,34.44760661666667,24.870071,-7.146353038867183
2024-04-11 07:30:00,38.15820661666667,28.502743366666667,21.922073,-16.236133252408855
2024-04-11 08:00:00,28.71270065,20.38653878333333,16.810379,-11.902321621679686
2024-04-11 08:30:00,20.150511716666667,9.4394238,9.573762,-10.576749776664226
2024-04-11 09:00:00,-8.662226116666666,-8.571016666666667,-2.191085,6.471141016492716
2024-04-11 09:30:00,-34.44943895,-26.12071315,-15.122237,19.32720174449463
2024-04-11 10:00:00,-49.96077448333333,-27.11659373333333,-28.451859,21.50891596282552
2024-04-11 10:30:00,-62.25793723333334,-42.227597816666666,-42.298157,19.959780495052087
2024-04-11 11:00:00,-86.57629865,-64.72131946666667,-55.74231,30.8339890796875
2024-04-11 11:30:00,-98.23017505,-75.57623223333333,-69.53633,28.693843873242187
2024-04-11 12:00:00,-102.88940561666668,-85.4720627,-80.551605,22.337800392057304
2024-04-11 12:30:00,-109.30562603333334,-89.7725601,-85.035194,24.270431636360684
2024-04-11 13:00:00,-109.83790838333334,-103.31323763333334,-88.764244,21.0736643037435
2024-04-11 13:30:00,-118.49807833333334,-92.91711838333332,-87.518906,30.9791726936849
2024-04-11 14:00:00,-112.09246648333334,-97.08030513333334,-82.87853,29.21393407366537
2024-04-11 14:30:00,-101.51189215,-94.49584841666666,-73.91595,27.595945189550775
2024-04-11 15:00:00,-94.41010663333331,-85.37024716666667,-62.395737,32.014369938997376
2024-04-11 15:30:00,-108.52034783333332,-100.67809786666668,-50.06276,58.457588433919256
2024-04-11 16:00:00,-56.16756268333333,-48.52270333333333,-35.85347,20.314092834700517
2024-04-11 16:30:00,-21.9090051,-17.700497900000002,-22.41719,-0.5081854517578108
2024-04-11 17:00:00,-2.504949083333333,-4.6881437833333335,-8.591491,-6.086541662211101
2024-04-11 17:30:00,4.658517866666666,-1.0140461166666666,1.3483742,-3.310143619115702
2024-04-11 18:00:00,9.7291145,6.305505050000001,10.577546,0.8484316196899417
2024-04-11 18:30:00,17.732792283333335,20.478665933333332,15.670503,-2.062289620674644
2024-04-11 19:00:00,21.63248773333333,25.51207728333333,21.771515,0.1390271592447938
2024-04-11 19:30:00,25.468678816666667,35.46256063333333,24.826965,-0.6417134846354173
2024-04-11 20:00:00,19.08953275,37.40736933333333,26.785477,7.6959439345703125
2024-04-11 20:30:00,18.793091166666667,38.22387988333333,26.6642,7.871108662434896
2024-04-11 21:00:00,21.93846053333333,31.730052933333337,24.434952,2.496491248893232
2024-04-11 21:30:00,14.961544983333331,31.511513866666665,24.697937,9.736392028385419
2024-04-11 22:00:00,15.135879466666667,29.21195775,24.079895,8.944015552864583
2024-04-11 22:30:00,16.7208523,25.327120466666667,25.252075,8.5312228953125
2024-04-11 23:00:00,16.705193316666666,20.594999316666662,23.384552,6.679358685286459
2024-04-11 23:30:00,18.2586672,20.2363205,22.69693,4.438262731640624
2024-04-12 00:00:00,18.653767866666666,18.37868225,21.447922,2.7941538862630217
2024-04-12 00:30:00,19.00492878333333,17.162968366666664,20.61055,1.6056211434244823
2024-04-12 01:00:00,19.0747628,16.734256183333333,20.452545,1.3777823660156265
2024-04-12 01:30:00,18.099343966666662,15.66348675,19.07042,0.971075344856775
2024-04-12 02:00:00,18.76621445,17.3870705,17.078812,-1.6874028044921872
2024-04-12 02:30:00,19.25195438333333,17.657264533333333,15.650117,-3.6018374628621395
2024-04-12 03:00:00,17.44992613333333,18.44407453333333,15.473344,-1.9765822841512026
2024-04-12 03:30:00,18.9382106,21.03751373333333,17.254852,-1.6833583050781264
2024-04-12 04:00:00,19.947978866666663,19.31078955,18.991684,-0.9562949067057254
2024-04-12 04:30:00,19.32736235,19.12482843333333,22.27237,2.9450070347656236
2024-04-12 05:00:00,19.8065783,18.884730016666666,24.016617,4.210038521289061
2024-04-12 05:30:00,21.164782183333333,20.55251098333333,24.552292,3.3875096867838543
2024-04-12 06:00:00,25.00861103333333,24.556369433333334,25.716614,0.7080027361979191
2024-04-12 06:30:00,23.18997943333333,26.393267716666667,26.22342,3.033439756119794
2024-04-12 07:00:00,26.79883115,32.016424449999995,25.420822,-1.378009006445314
2024-04-12 07:30:00,28.43971068333333,38.15820661666667,22.47142,-5.968290395247394
2024-04-12 08:00:00,25.597792116666668,28.71270065,18.700272,-6.897520510221355
2024-04-12 08:30:00,22.090730566666664,20.150511716666667,10.747453,-11.343277830765786
2024-04-12 09:00:00,-4.201449416666666,-8.662226116666666,-0.5921928,3.609256588011423
2024-04-12 09:30:00,-25.612056166666665,-34.44943895,-14.538543,11.073513419169107
2024-04-12 10:00:00,-43.83738225,-49.96077448333333,-29.085327,14.752055101562497
2024-04-12 10:30:00,-57.65817785,-62.25793723333334,-44.628998,13.029180047265626
2024-04-12 11:00:00,-76.36174176666667,-86.57629865,-60.371902,15.989839300846356
2024-04-12 11:30:00,-85.57114135,-98.23017505,-76.28618,9.284962761132817
2024-04-12 12:00:00,-92.4326857,-102.88940561666668,-88.21457,4.218116608203118
2024-04-12 12:30:00,-113.63791166666664,-109.30562603333334,-94.15333,19.484583724772108
2024-04-12 13:00:00,-129.01460936666666,-109.83790838333334,-97.688644,31.325964957486974
2024-04-12 13:30:00,-122.33570328333332,-118.49807833333334,-96.20808,26.127626806282535
2024-04-12 14:00:00,-111.84247565,-112.09246648333334,-90.54861,21.293868777441403
2024-04-12 14:30:00,-93.9595439,-101.51189215,-81.941475,12.018068985449219
2024-04-12 15:00:00,-84.37266603333333,-94.41010663333331,-69.43921,14.933457048958331
2024-04-12 15:30:00,-100.0627616,-108.52034783333332,-56.18219,43.88057165859375
2024-04-12 16:00:00,-49.27044436666667,-56.16756268333333,-40.058563,9.211881134244798
2024-04-12 16:30:00,-16.618389333333333,-21.9090051,-26.219513,-9.601123606119792
2024-04-12 17:00:00,-6.5260116833333335,-2.504949083333333,-10.81433,-4.28831841767985
2024-04-12 17:30:00,3.2397114666666664,4.658517866666666,0.8534096,-2.386301878329722
2024-04-12 18:00:00,10.533683233333331,9.7291145,10.13495,-0.3987335491902648
2024-04-12 18:30:00,16.927423933333333,17.732792283333335,18.578888,1.6514640061197916
2024-04-12 19:00:00,16.29717296666667,21.63248773333333,24.157227,7.860053595833332
2024-04-12 19:30:00,18.84569655,25.468678816666667,27.824554,8.978857893359375
2024-04-12 20:00:00,21.15428006666667,19.08953275,28.949448,7.795167565169269
2024-04-12 20:30:00,23.05610898333333,18.793091166666667,27.701416,4.645307032291669
2024-04-12 21:00:00,22.351009450000003,21.93846053333333,25.433685,3.082675852734372
2024-04-12 21:30:00,21.703582150000003,14.961544983333331,23.726486,2.022904056054685
2024-04-12 22:00:00,20.224809516666667,15.135879466666667,22.16957,1.9447614061848952
2024-04-12 22:30:00,18.420349316666663,16.7208523,21.006958,2.5866086911458375
2024-04-12 23:00:00,24.097262216666667,16.705193316666666,20.11081,-3.9864528904947925
2024-04-12 23:30:00,27.548161766666663,18.2586672,19.002426,-8.545735619205725
2024-04-13 00:00:00,26.8266866,18.653767866666666,16.832474,-9.994212845117186
2024-04-13 00:30:00,25.092523933333336,19.00492878333333,16.07817,-9.014353156966148
2024-04-13 01:00:00,17.793656116666668,19.0747628,17.803757,0.010100597200519701
2024-04-13 01:30:00,19.59271445,18.099343966666662,18.403961,-1.188753268359374
2024-04-13 02:00:00,15.052576633333333,18.76621445,18.671906,3.6193288842447924
2024-04-13 02:30:00,16.419465,19.25195438333333,18.673859,2.254393642578126
2024-04-13 03:00:00,15.411584933333332,17.44992613333333,16.813751,1.402166287369793
2024-04-13 03:30:00,16.127178283333333,18.9382106,18.622772,2.4955939334635424
2024-04-13 04:00:00,16.564253383333334,19.947978866666663,20.77272,4.208466953580729
2024-04-13 04:30:00,17.642197833333334,19.32736235,22.834793,5.192595257486978
2024-04-13 05:00:00,19.01165776666667,19.8065783,23.644226,4.632568307552081
2024-04-13 05:30:00,18.061576133333336,21.164782183333333,23.166656,5.105080360807289
2024-04-13 06:00:00,18.092517233333336,25.00861103333333,24.868942,6.776425027408852
2024-04-13 06:30:00,20.186679,23.18997943333333,26.40448,6.217800980468748
2024-04-13 07:00:00,23.204052716666663,26.79883115,25.475143,2.2710907159505247
2024-04-13 07:30:00,18.761956100000003,28.43971068333333,21.92244,3.16048347519531
2024-04-13 08:00:00,16.858421116666666,25.597792116666668,16.2818,-0.5766218002604155
2024-04-13 08:30:00,10.55359345,22.090730566666664,7.6907053,-2.862888150622558
2024-04-13 09:00:00,0.5476498666666667,-4.201449416666666,-4.06491,-4.612559801664226
2024-04-13 09:30:00,-16.779863916666667,-25.612056166666665,-18.470215,-1.6903509270833332
2024-04-13 10:00:00,-46.21970558333334,-43.83738225,-34.348724,11.870981218098962
2024-04-13 10:30:00,-62.522515,-57.65817785,-52.78569,9.736824692382811
2024-04-13 11:00:00,-74.74094991666666,-76.36174176666667,-67.366425,7.37452535611979
2024-04-13 11:30:00,-98.58184775,-85.57114135,-82.038506,16.543342195800776
2024-04-13 12:00:00,-110.12248216666669,-92.4326857,-94.8854,15.237083301920592
2024-04-13 12:30:00,-134.05468763333332,-113.63791166666664,-101.113106,32.941581859407535
2024-04-13 13:00:00,-135.05642,-129.01460936666666,-105.76638,29.29003968994141
2024-04-13 13:30:00,-128.63266158333332,-122.33570328333332,-105.42767,23.204988243489566
2024-04-13 14:00:00,-123.77081451666668,-111.84247565,-97.9192,25.851617434147144
2024-04-13 14:30:00,-115.3857632,-93.9595439,-87.2781,28.107664139941406
2024-04-13 15:00:00,-104.72786936666668,-84.37266603333333,-74.39651,30.331362103483087
2024-04-13 15:30:00,-112.0800878,-100.0627616,-61.084076,50.996011872265626
2024-04-13 16:00:00,-56.12279565,-49.27044436666667,-45.18129,10.941505977148438
2024-04-13 16:30:00,-26.06103665,-16.618389333333333,-29.502747,-3.4417099320312516
2024-04-13 17:00:00,-13.472408766666666,-6.5260116833333335,-14.395324,-0.9229149866902677
2024-04-13 17:30:00,-3.695926650000001,3.2397114666666664,-0.8131859,2.8827407793525706
2024-04-13 18:00:00,5.7237705000000005,10.533683233333331,7.6395273,1.9157568208618159
2024-04-13 18:30:00,11.597477166666666,16.927423933333333,13.215302,1.6178253006795256
2024-04-13 19:00:00,12.240827666666666,16.29717296666667,19.054474,6.813646210286459
2024-04-13 19:30:00,14.348183366666666,18.84569655,22.70279,8.35460593997396
2024-04-13 20:00:00,14.579469366666666,21.15428006666667,25.926453,11.346983270052084
2024-04-13 20:30:00,17.67777058333333,23.05610898333333,24.813583,7.135812790690107
2024-04-13 21:00:00,15.497701033333334,22.351009450000003,21.717026,6.219324723502604
2024-04-13 21:30:00,17.888742216666667,21.703582150000003,22.389145,4.50040268079427
2024-04-13 22:00:00,18.27810553333333,20.224809516666667,21.61174,3.333634578971356
2024-04-13 22:30:00,18.86855663333333,18.420349316666663,20.99701,2.1284526440104194
2024-04-13 23:00:00,17.089206033333333,24.097262216666667,19.026123,1.9369170135416667
2024-04-13 23:30:00,18.38765048333333,27.548161766666663,18.257431,-0.1302194530598939
2024-04-14 00:00:00,20.76532225,26.8266866,17.957077,-2.808245223632813
2024-04-14 00:30:00,17.185607283333333,25.092523933333336,17.969162,0.7835547039713546
2024-04-14 01:00:00,17.522135666666667,17.793656116666668,17.653885,0.13174922102864528
2024-04-14 01:30:00,18.31138115,19.59271445,18.074402,-0.236979294531249
2024-04-14 02:00:00,16.4867928,15.052576633333333,20.628357,4.14156413359375
2024-04-14 02:30:00,17.750407816666666,16.419465,20.619827,2.8694194538411466
2024-04-14 03:00:00,16.273084983333334,15.411584933333332,19.317795,3.0447098164713537
2024-04-14 03:30:00,19.91517165,16.127178283333333,18.70343,-1.2117414742187513
2024-04-14 04:00:00,17.53694655,16.564253383333334,19.50882,1.9718730300781253
2024-04-14 04:30:00,18.01974428333333,17.642197833333334,20.778748,2.7590032752604188
2024-04-14 05:00:00,19.050631516666662,19.01165776666667,20.37851,1.3278780048177126
2024-04-14 05:30:00,19.538265,18.061576133333336,21.414581,1.876316298828126
2024-04-14 06:00:00,20.862334283333333,18.092517233333336,23.346054,2.483719793815105
2024-04-14 06:30:00,17.605612733333334,20.186679,25.260056,7.654442808658853
2024-04-14 07:00:00,14.32454125,23.204052716666663,21.90622,7.581678232421876
2024-04-14 07:30:00,11.007941766666669,18.761956100000003,19.708588,8.700645879817706
2024-04-14 08:00:00,25.88657275,16.858421116666666,14.102311,-11.78426161566162
2024-04-14 08:30:00,9.192049433333334,10.55359345,4.8066263,-4.385423113448081
2024-04-14 09:00:00,-11.355826033333337,0.5476498666666667,-6.000106,5.355720175484215
2024-04-14 09:30:00,-28.422623783333336,-16.779863916666667,-20.940872,7.481751590950523
2024-04-14 10:00:00,-48.30549266666667,-46.21970558333334,-37.30194,11.003551748697923
2024-04-14 10:30:00,-72.67951108333334,-62.522515,-54.491898,18.187613500325526
2024-04-14 11:00:00,-89.56465936666666,-74.74094991666666,-69.753296,19.81136346822916
2024-04-14 11:30:00,-101.02753668333332,-98.58184775,-86.600174,14.427362733138011
2024-04-14 12:00:00,-123.57110513333332,-110.12248216666669,-100.635185,22.9359198916341
2024-04-14 12:30:00,-138.34787663333336,-134.05468763333332,-108.49314,29.85473545901695
2024-04-14 13:00:00,-131.44250565000002,-135.05642,-114.49551,16.94699936337892
2024-04-14 13:30:00,-136.12090451666666,-128.63266158333332,-112.61051,23.5103927368815
2024-04-14 14:00:00,-135.71383666666665,-123.77081451666668,-106.71033,29.00350951822915
2024-04-14 14:30:00,-115.53034481666668,-115.3857632,-97.770584,17.75976071022137
2024-04-14 15:00:00,-100.86968175,-104.72786936666668,-83.71708,17.152602587402342
2024-04-14 15:30:00,-76.86482898333334,-112.0800878,-67.53195,9.332877079036464
2024-04-14 16:00:00,-51.88041985,-56.12279565,-50.689438,1.1909819837890652
2024-04-14 16:30:00,-30.088266066666662,-26.06103665,-35.5132,-5.4249327858724
2024-04-14 17:00:00,-10.021069433333333,-13.472408766666666,-17.57077,-7.5497008303385424
2024-04-14 17:30:00,2.5872855666666665,-3.695926650000001,-5.464904,-8.0521893981486
2024-04-14 18:00:00,9.565923416666667,5.7237705000000005,4.8358774,-4.730045998148601
2024-04-14 18:30:00,13.399924433333334,11.597477166666666,13.042954,-0.35696998844808014
2024-04-14 19:00:00,13.972001033333331,12.240827666666666,17.901459,3.9294577069010437
2024-04-14 19:30:00,13.655943383333332,14.348183366666666,20.563217,6.907273779752606
2024-04-14 20:00:00,18.5742482,14.579469366666666,23.454361,4.880112761914063
2024-04-14 20:30:00,16.210679316666667,17.67777058333333,22.383347,6.1726672409505206
2024-04-14 21:00:00,15.170310083333334,15.497701033333334,18.14952,2.9792107906901037
2024-04-14 21:30:00,21.57072168333333,17.888742216666667,19.254562,-2.316159305403641
2024-04-14 22:00:00,20.97855565,18.27810553333333,19.359787,-1.618768662695313
2024-04-14 22:30:00,19.537956866666665,18.86855663333333,18.19043,-1.347527179166665
2024-04-14 23:00:00,23.640319966666667,17.089206033333333,16.11853,-7.521789693229167
2024-04-14 23:30:00,26.1121751,18.38765048333333,16.439346,-9.67282878652344
2024-04-15 00:00:00,24.03647768333333,20.76532225,17.173752,-6.862725852278643
2024-04-15 00:30:00,24.06758775,17.185607283333333,16.384064,-7.683524029296876
2024-04-15 01:00:00,20.46693613333333,17.522135666666667,17.309998,-3.1569385747395806
2024-04-15 01:30:00,18.11009188333333,18.31138115,15.696504,-2.4135882441121375
2024-04-15 02:00:00,18.594587466666667,16.4867928,18.873444,0.27885613684895816
2024-04-15 02:30:00,18.93425721666667,17.750407816666666,18.672195,-0.26206178209635667
2024-04-15 03:00:00,18.371843916666663,16.273084983333334,17.20932,-1.1625238483072877
2024-04-15 03:30:00,18.97935275,19.91517165,17.873932,-1.1054208652343753
2024-04-15 04:00:00,19.430794566666663,17.53694655,18.720978,-0.7098167834635376
2024-04-15 04:30:00,20.5418898,18.01974428333333,20.95227,0.41038070781250013
2024-04-15 05:00:00,19.332296716666665,19.050631516666662,19.691116,0.35881961634114745
2024-04-15 05:30:00,20.122553316666668,19.538265,20.79425,0.6716971716145821
2024-04-15 06:00:00,27.02798506666667,20.862334283333333,21.722641,-5.305344075455732
2024-04-15 06:30:00,31.71290725,17.605612733333334,23.782257,-7.930650169921876
2024-04-15 07:00:00,27.048796733333333,14.32454125,22.63205,-4.416747172786458
2024-04-15 07:30:00,34.05996961666667,11.007941766666669,19.08014,-14.97983045651042
2024-04-15 08:00:00,22.40421055,25.88657275,13.600251,-8.803959352185057
2024-04-15 08:30:00,-0.6011711333333335,9.192049433333334,4.0062113,4.6073824141560875
2024-04-15 09:00:00,-12.96450445,-11.355826033333337,-9.115874,3.848630159533691
2024-04-15 09:30:00,-38.120326766666665,-28.422623783333336,-23.779572,14.34075523346354
2024-04-15 10:00:00,-68.09625461666667,-48.30549266666667,-38.738052,29.358202248502607
2024-04-15 10:30:00,-84.76775785,-72.67951108333334,-58.63716,26.130596595117183
2024-04-15 11:00:00,-113.66981043333334,-89.56465936666666,-75.84056,37.8292495202474
2024-04-15 11:30:00,-118.1861339,-101.02753668333332,-91.5229,26.66323045761719
2024-04-15 12:00:00,-129.7652177,-123.57110513333332,-105.94158,23.823635973925775
2024-04-15 12:30:00,-143.43546826666667,-138.34787663333336,-113.03353,30.40193707770183
2024-04-15 13:00:00,-149.91490285,-131.44250565000002,-117.44113,32.47377125820313
2024-04-15 13:30:00,-143.73572715,-136.12090451666666,-116.54032,27.195405799902346
2024-04-15 14:00:00,-130.36894058333334,-135.71383666666665,-110.34881,20.020132294759122
2024-04-15 14:30:00,-101.76082943333334,-115.53034481666668,-101.75074,0.010089382063810604
2024-04-15 15:00:00,-80.96148616666666,-100.86968175,-86.68186,-5.720375710774746
2024-04-15 15:30:00,-60.01453051666667,-76.86482898333334,-69.55638,-9.54185070891927
2024-04-15 16:00:00,-39.61203613333333,-51.88041985,-52.296143,-12.684106444791666
2024-04-15 16:30:00,-12.00539215,-30.088266066666662,-34.29979,-22.29439727871094
2024-04-15 17:00:00,-0.8853318999999998,-10.021069433333333,-16.816803,-15.931471078515624
2024-04-15 17:30:00,6.182038900000001,2.5872855666666665,-4.0509787,-10.233017560583498
2024-04-15 18:00:00,14.885212166666667,9.565923416666667,7.473542,-7.411669953226726
2024-04-15 18:30:00,21.00245553333333,13.399924433333334,15.706666,-5.2957895405965125
2024-04-15 19:00:00,20.81867708333333,13.972001033333331,21.316025,0.49734769694010694
2024-04-15 19:30:00,20.1005155,13.655943383333332,23.70996,3.6094454375
2024-04-15 20:00:00,24.89452603333333,18.5742482,25.476746,0.5822195721354184
2024-04-15 20:30:00,25.4364455,16.210679316666667,23.301834,-2.134611393554689
2024-04-15 21:00:00,22.66585278333333,15.170310083333334,18.896698,-3.7691547852864566
2024-04-15 21:30:00,18.4787083,21.57072168333333,19.322296,0.843587842578124
2024-04-15 22:00:00,16.124166733333336,20.97855565,19.106598,2.982431167057289
2024-04-15 22:30:00,17.376501683333334,19.537956866666665,16.964432,-0.4120699206380216
2024-04-15 23:00:00,17.296143716666666,23.640319966666667,17.781342,0.4851978360677087
2024-04-15 23:30:00,20.14277398333333,26.1121751,18.249557,-1.8932164882161437
2024-04-16 00:00:00,21.978912866666665,24.03647768333333,18.71669,-3.2622228031901024
2024-04-16 00:30:00,19.036093166666664,24.06758775,19.494415,0.45832211653646127
2024-04-16 01:00:00,19.219292666666664,20.46693613333333,18.872116,-0.34717657779947686
2024-04-16 01:30:00,18.523261700000003,18.11009188333333,18.31929,-0.2039715388671901
2024-04-16 02:00:00,21.9009784,18.594587466666667,19.47876,-2.4222186343749996
2024-04-16 02:30:00,20.355790733333333,18.93425721666667,18.662445,-1.6933456649739576
2024-04-16 03:00:00,21.104795066666664,18.371843916666663,17.452148,-3.6526466291666644
2024-04-16 03:30:00,23.200180650000004,18.97935275,18.881958,-4.318222642187504
2024-04-16 04:00:00,23.835467833333336,19.430794566666663,20.692398,-3.1430697620442736
2024-04-16 04:30:00,21.181532766666667,20.5418898,22.059052,0.8775187470052082
2024-04-16 05:00:00,20.97914545,19.332296716666665,19.61679,-1.3623546785156257
2024-04-16 05:30:00,19.41266493333333,20.122553316666668,19.582535,0.16986985670573418
2024-04-16 06:00:00,29.142113233333333,27.02798506666667,22.271301,-6.870811963802083
2024-04-16 06:30:00,32.179252633333334,31.71290725,26.136703,-6.042549142122397
2024-04-16 07:00:00,25.65201565,27.048796733333333,26.626724,0.9747085931640633
2024-04-16 07:30:00,31.76611215,34.05996961666667,22.141418,-9.624693692968751
2024-04-16 08:00:00,25.827288816666663,22.40421055,14.213059,-11.614229391312659
2024-04-16 08:30:00,9.3835106,-0.6011711333333335,3.586045,-5.7974655732208245
2024-04-16 09:00:00,-2.194097716666666,-12.96450445,-11.453017,-9.25891951813558
2024-04-16 09:30:00,-21.321438333333333,-38.120326766666665,-27.883255,-6.5618166715494795
2024-04-16 10:00:00,-43.79967226666667,-68.09625461666667,-46.053253,-2.2535809071614565
2024-04-16 10:30:00,-59.440525650000005,-84.76775785,-65.94878,-6.5082505951171825
2024-04-16 11:00:00,-68.22166608333333,-113.66981043333334,-85.044525,-16.822859063151043
2024-04-16 11:30:00,-92.5230533,-118.1861339,-101.80688,-9.283823836230468
2024-04-16 12:00:00,-106.72604376666668,-129.7652177,-115.14511,-8.419067317317698
2024-04-16 12:30:00,-120.77235466666669,-143.43546826666667,-122.71759,-1.9452356653645637
2024-04-16 13:00:00,-115.23956016666666,-149.91490285,-126.81806,-11.578501661946618
2024-04-16 13:30:00,-118.97931618333332,-143.73572715,-123.70258,-4.723267129654957
2024-04-16 14:00:00,-111.30304891666668,-130.36894058333334,-116.85418,-5.551130465657536
2024-04-16 14:30:00,-101.28446773333332,-101.76082943333334,-106.60686,-5.322389566471372
2024-04-16 15:00:00,-74.91264675000001,-80.96148616666666,-88.248116,-13.335468789550774
2024-04-16 15:30:00,-62.82599604999999,-60.01453051666667,-70.10573,-7.279732099414069
2024-04-16 16:00:00,-39.19579933333333,-39.61203613333333,-52.391235,-13.195436018229167
2024-04-16 16:30:00,-17.010154416666666,-12.00539215,-33.41339,-16.403236696614584
2024-04-16 17:00:00,-6.459346183333333,-0.8853318999999998,-15.14331,-8.68396340986735
2024-04-16 17:30:00,2.832600616666667,6.182038900000001,-2.032531,-4.86513163969218
2024-04-16 18:00:00,8.4156072,14.885212166666667,10.553407,2.1377995153930662
2024-04-16 18:30:00,11.053589416666668,21.00245553333333,17.883926,6.830336974934895
2024-04-16 19:00:00,16.985455016666666,20.81867708333333,23.182755,6.197299499934896
2024-04-16 19:30:00,18.282194983333333,20.1005155,25.15889,6.876694787174479
2024-04-16 20:00:00,18.3075368,24.89452603333333,25.83496,7.527424137499999
2024-04-16 20:30:00,23.91203443333333,25.4364455,22.986343,-0.9256910495442661
2024-04-16 21:00:00,21.92746435,22.66585278333333,19.632568,-2.294895990625001
2024-04-16 21:30:00,20.31092501666667,18.4787083,19.03862,-1.2723050215494816
2024-04-16 22:00:00,19.2511221,16.124166733333336,18.508575,-0.7425466605468749
2024-04-16 22:30:00,18.15123785,17.376501683333334,17.80487,-0.3463672445312511
2024-04-16 23:00:00,19.86778155,17.296143716666666,18.607529,-1.2602528634765626
2024-04-16 23:30:00,21.78637455,20.14277398333333,18.143265,-3.643109779492189
2024-04-17 00:00:00,18.72513723333333,21.978912866666665,20.422806,1.697668552799481
2024-04-17 00:30:00,17.097430499999998,19.036093166666664,20.457916,3.360485759765627
2024-04-17 01:00:00,17.682257116666666,19.219292666666664,20.12822,2.445962487825522
2024-04-17 01:30:00,20.44915675,18.523261700000003,21.172287,0.7231302373046873
2024-04-17 02:00:00,21.87060488333333,21.9009784,20.463669,-1.406936060091141
2024-04-17 02:30:00,20.2952245,20.355790733333333,19.83699,-0.4582341435546873
2024-04-17 03:00:00,18.825603866666665,21.104795066666664,20.211975,1.3863712309895853
2024-04-17 03:30:00,19.302538916666663,23.200180650000004,19.060165,-0.24237351139322527
2024-04-17 04:00:00,20.66611778333333,23.835467833333336,19.686584,-0.9795333106770805
2024-04-17 04:30:00,19.83157723333333,21.181532766666667,20.96904,1.1374626836588568
2024-04-17 05:00:00,19.465742666666667,20.97914545,20.981476,1.5157331634114577
2024-04-17 05:30:00,17.8270344,19.41266493333333,22.91542,5.088386132226564
2024-04-17 06:00:00,23.41070445,29.142113233333333,24.213638,0.8029338556640617
2024-04-17 06:30:00,25.35832055,32.179252633333334,26.57515,1.216828986132814
2024-04-17 07:00:00,30.99492163333333,25.65201565,26.900375,-4.094546267122393
2024-04-17 07:30:00,25.077046766666665,31.76611215,23.04541,-2.0316366104166654
2024-04-17 08:00:00,24.98897835,25.827288816666663,15.751634,-9.237344705895996
2024-04-17 08:30:00,15.85184005,9.3835106,4.981782,-10.870058090466308
2024-04-17 09:00:00,1.9992706,-2.194097716666666,-9.362105,-11.36137596956787
2024-04-17 09:30:00,-11.734949450000002,-21.321438333333333,-24.673141,-12.938192029492185
2024-04-17 10:00:00,-28.29373261666667,-43.79967226666667,-43.49144,-15.197707202669267
2024-04-17 10:30:00,-34.80865946666667,-59.440525650000005,-63.32866,-28.51999959095052
2024-04-17 11:00:00,-37.00590665,-68.22166608333333,-81.133705,-44.127798489160156
2024-04-17 11:30:00,-47.481383316666665,-92.5230533,-98.43567,-50.954285628645835
2024-04-17 12:00:00,-46.38832165,-106.72604376666668,-109.8085,-63.42018054726562
2024-04-17 12:30:00,-61.502167083333326,-120.77235466666669,-119.10043,-57.59826626627605
2024-04-17 13:00:00,-61.97834605,-115.23956016666666,-121.51896,-59.54061299541016
2024-04-17 13:30:00,-78.94391388333334,-118.97931618333332,-120.20647,-41.26255279147135
2024-04-17 14:00:00,-73.29288998333332,-111.30304891666668,-112.48392,-39.1910272529948
2024-04-17 14:30:00,-60.83073271666666,-101.28446773333332,-99.93038,-39.099649058235684
2024-04-17 15:00:00,-58.40764441666667,-74.91264675000001,-82.22382,-23.81617913069661
2024-04-17 15:30:00,-35.57453348333333,-62.82599604999999,-63.62169,-28.047155359440104
2024-04-17 16:00:00,-19.3408461,-39.19579933333333,-45.81505,-26.474202117773437
2024-04-17 16:30:00,-5.733897216666667,-17.010154416666666,-28.353027,-22.619130127083334
2024-04-17 17:00:00,-3.217820583333333,-6.459346183333333,-9.457442,-6.239621700297038
2024-04-17 17:30:00,0.2986199833333338,2.832600616666667,2.6310432,2.3324232123911535
2024-04-17 18:00:00,6.567966783333333,8.4156072,12.8699045,6.301937734794109
2024-04-17 18:30:00,13.416412916666667,11.053589416666668,18.760818,5.344405564778645
2024-04-17 19:00:00,16.284935716666666,16.985455016666666,24.614136,8.329200025520834
2024-04-17 19:30:00,24.01926565,18.282194983333333,24.27266,0.25339365175781126
2024-04-17 20:00:00,25.270324416666668,18.3075368,24.368912,-0.9014126735026053
2024-04-17 20:30:00,27.85253271666667,23.91203443333333,21.402542,-6.449990602408857
2024-04-17 21:00:00,22.789529066666663,21.92746435,18.512558,-4.276971083268226
2024-04-17 21:30:00,26.99611366666667,20.31092501666667,20.242462,-6.753651508463545
2024-04-17 22:00:00,25.448363233333332,19.2511221,17.652054,-7.796309400325519
2024-04-17 22:30:00,23.451866666666664,18.15123785,17.658875,-5.792992154947914
2024-04-17 23:00:00,21.124808266666665,19.86778155,19.1763,-1.9485082178385404
2024-04-17 23:30:00,23.51645501666667,21.78637455,20.129272,-3.3871825557291686
2024-04-18 00:00:00,19.97608883333333,18.72513723333333,21.374954,1.398865390299484
2024-04-18 00:30:00,19.86372323333333,17.097430499999998,21.837097,1.9733739346354184
2024-04-18 01:00:00,21.169412766666667,17.682257116666666,20.04364,-1.1257726299479174
2024-04-18 01:30:00,23.53325325,20.44915675,21.10646,-2.426792678710939
2024-04-18 02:00:00,21.774120666666665,21.87060488333333,20.910004,-0.8641170045572899
2024-04-18 02:30:00,21.017229416666662,20.2952245,18.869644,-2.1475852516276
2024-04-18 03:00:00,22.41032551666667,18.825603866666665,18.689178,-3.7211470498697956
2024-04-18 03:30:00,22.6524385,19.302538916666663,17.800735,-4.851703026367186
2024-04-18 04:00:00,20.361777816666667,20.66611778333333,21.415207,1.0534290925130207
2024-04-18 04:30:00,20.601346766666666,19.83157723333333,23.521118,2.9197713973958344
2024-04-18 05:00:00,22.08679983333333,19.465742666666667,25.276382,3.189582612955732
2024-04-18 05:30:00,24.66643655,17.8270344,24.245758,-0.42067849335937524
2024-04-18 06:00:00,28.91099171666667,23.41070445,24.355453,-4.555538225455731
2024-04-18 06:30:00,30.74729628333333,25.35832055,26.05156,-4.695736835091143
2024-04-18 07:00:00,25.50195108333333,30.99492163333333,27.4404,1.9384480865885436
2024-04-18 07:30:00,26.1797734,25.077046766666665,21.85144,-4.328332970312498
2024-04-18 08:00:00,19.32352155,24.98897835,16.453674,-2.869847233593749
2024-04-18 08:30:00,13.640270483333332,15.85184005,5.4808207,-8.159449827510578
2024-04-18 09:00:00,0.2930234000000001,1.9992706,-7.272872,-7.565895371130371
2024-04-18 09:30:00,-13.51584065,-11.734949450000002,-21.921997,-8.4061564203125
2024-04-18 10:00:00,-25.710718383333333,-28.29373261666667,-38.83983,-13.129110107877604
2024-04-18 10:30:00,-30.83314145,-34.80865946666667,-57.573685,-26.740543242382813
2024-04-18 11:00:00,-44.44071821666666,-37.00590665,-74.83815,-30.397431807747402
2024-04-18 11:30:00,-56.6590574,-47.481383316666665,-88.15869,-31.499634006249998
2024-04-18 12:00:00,-60.16938326666667,-46.38832165,-100.58057,-40.41118313958333
2024-04-18 12:30:00,-69.64988378333334,-61.502167083333326,-106.99333,-37.34344812584635
2024-04-18 13:00:00,-64.42508283333333,-61.97834605,-109.1072,-44.68211778922526
2024-04-18 13:30:00,-63.39290450000001,-78.94391388333334,-105.901726,-42.50882126904296
2024-04-18 14:00:00,-50.8869334,-73.29288998333332,-100.17812,-49.2911900741211
2024-04-18 14:30:00,-40.83248278333333,-60.83073271666666,-86.60816,-45.7756791429362
2024-04-18 15:00:00,-32.462710666666666,-58.40764441666667,-71.03145,-38.568737697591146
2024-04-18 15:30:00,-17.854755616666665,-35.57453348333333,-53.578415,-35.72365930032552
2024-04-18 16:00:00,-6.3345999,-19.3408461,-36.722214,-30.387613845117187
2024-04-18 16:30:00,-0.3531594833333333,-5.733897216666667,-19.122559,-18.769399110416668
2024-04-18 17:00:00,1.71826935,-3.217820583333333,-3.7883751,-5.50664448923645
2024-04-18 17:30:00,9.407869933333334,0.2986199833333338,6.377427,-3.03044283219808
2024-04-18 18:00:00,12.318787116666668,6.567966783333333,14.856477,2.5376896670857736
2024-04-18 18:30:00,15.124374366666666,13.416412916666667,19.748611,4.624237083528646
2024-04-18 19:00:00,18.403997116666662,16.284935716666666,23.559448,5.1554511255208375
2024-04-18 19:30:00,23.65190013333333,24.01926565,24.306,0.6540996225260436
2024-04-18 20:00:00,25.983831666666664,25.270324416666668,24.926636,-1.0571959244791636
2024-04-18 20:30:00,25.936820616666665,27.85253271666667,22.184052,-3.7527691029947903
2024-04-18 21:00:00,22.7662721,22.789529066666663,18.4272,-4.339071782617186
2024-04-18 21:30:00,23.388522766666668,26.99611366666667,20.741714,-2.6468082891276055
2024-04-18 22:00:00,26.885441683333337,25.448363233333332,19.252747,-7.632695101302087
2024-04-18 22:30:00,23.570022766666668,23.451866666666664,19.519958,-4.050064270572918
2024-04-18 23:00:00,22.074996100000003,21.124808266666665,22.628479,0.5534829039062465
2024-04-18 23:30:00,22.035120116666665,23.51645501666667,23.18541,1.1502894292317727
2024-04-19 00:00:00,20.31711783333333,19.97608883333333,23.806763,3.489644861979169
2024-04-19 00:30:00,20.60696155,19.86372323333333,23.856873,3.249911008593749
2024-04-19 01:00:00,21.021524433333333,21.169412766666667,22.74292,1.721395488541667
2024-04-19 01:30:00,23.071190516666665,23.53325325,22.872314,-0.19887606354166465
2024-04-19 02:00:00,22.65315785,21.774120666666665,20.52089,-2.132268567773437
2024-04-19 02:30:00,22.9676741,21.017229416666662,17.544586,-5.423087918359375
2024-04-19 03:00:00,27.06618993333333,22.41032551666667,18.688416,-8.37777440598958
2024-04-19 03:30:00,23.22560265,22.6524385,19.223587,-4.0020156138671865
2024-04-19 04:00:00,21.60784603333333,20.361777816666667,20.720825,-0.8870208380208311
2024-04-19 04:30:00,22.240367816666662,20.601346766666666,22.675766,0.4353981745442752
2024-04-19 05:00:00,21.314109516666665,22.08679983333333,24.924347,3.61023740716146
2024-04-19 05:30:00,21.031421616666663,24.66643655,24.51558,3.48415760696615
2024-04-19 06:00:00,25.715163366666665,28.91099171666667,26.503357,0.7881935669270845
2024-04-19 06:30:00,30.6157094,30.74729628333333,31.791626,1.1759165765625
2024-04-19 07:00:00,31.682508783333333,25.50195108333333,31.151016,-0.5314925479817703
2024-04-19 07:30:00,29.2531922,26.1797734,27.711914,-1.5412781375000009
2024-04-19 08:00:00,19.6990978,19.32352155,22.629135,2.930037331835937
2024-04-19 08:30:00,7.259447300000001,13.640270483333332,11.491441,4.231993473010253
2024-04-19 09:00:00,-2.97351285,0.2930234000000001,-3.0679314,-0.0944185636505126
2024-04-19 09:30:00,-23.15372998333333,-13.51584065,-15.237319,7.916410990718585
2024-04-19 10:00:00,-41.28056273333333,-25.710718383333333,-32.697037,8.58352599016927
2024-04-19 10:30:00,-55.17659065,-30.83314145,-49.002365,6.174225537695314
2024-04-19 11:00:00,-72.4540895,-44.44071821666666,-65.44246,7.011630393554682
2024-04-19 11:30:00,-67.65754173333333,-56.6590574,-79.6891,-12.03156043951823
2024-04-19 12:00:00,-74.3431495,-60.16938326666667,-90.16944,-15.826291723144536
2024-04-19 12:30:00,-73.22126329999999,-69.64988378333334,-98.14156,-24.920300115527354
2024-04-19 13:00:00,-72.9720811,-64.42508283333333,-101.1986,-28.226519669042972
2024-04-19 13:30:00,-68.95371385,-63.39290450000001,-96.28144,-27.32772688486328
2024-04-19 14:00:00,-71.73075553333332,-50.8869334,-89.14867,-17.417910848502615
2024-04-19 14:30:00,-68.15909448333333,-40.83248278333333,-77.265884,-9.106789916080729
2024-04-19 15:00:00,-57.75827715,-32.462710666666666,-61.012573,-3.254296092187502
2024-04-19 15:30:00,-42.72306871666667,-17.854755616666665,-43.553574,-0.8305048917317706
2024-04-19 16:00:00,-21.937867233333336,-6.3345999,-26.373047,-4.4351796416666645
2024-04-19 16:30:00,-5.349526766666667,-0.3531594833333333,-11.5086355,-6.1591087542683916
2024-04-19 17:00:00,-2.7901133,1.71826935,0.09709248,2.8872057794673918
2024-04-19 17:30:00,3.87403995,9.407869933333334,8.896745,5.022704778088379
2024-04-19 18:00:00,7.85266505,12.318787116666668,16.471039,8.618373768359376
2024-04-19 18:30:00,11.0021822,15.124374366666666,20.498688,9.496505544140625
2024-04-19 19:00:00,16.079220066666668,18.403997116666662,23.040878,6.9616582292317695
2024-04-19 19:30:00,19.595759633333333,23.65190013333333,22.079742,2.4839827983072915
2024-04-19 20:00:00,20.748304450000003,25.983831666666664,22.347153,1.5988482599609348
2024-04-19 20:30:00,23.398290016666667,25.936820616666665,22.006851,-1.391438820377605
2024-04-19 21:00:00,25.407266733333334,22.7662721,20.694687,-4.712579843684896
2024-04-19 21:30:00,18.967325,23.388522766666668,21.575073,2.607748242187501
2024-04-19 22:00:00,15.977800683333331,26.885441683333337,21.698914,5.7211128908854185
2024-04-19 22:30:00,21.84915943333333,23.570022766666668,23.01268,1.1635206203776072
2024-04-19 23:00:00,17.54964065,22.074996100000003,23.421753,5.872112279687499
2024-04-19 23:30:00,21.97957995,22.035120116666665,23.671967,1.6923866027343735
2024-04-20 00:00:00,23.50927543333333,20.31711783333333,23.08551,-0.4237651794270789
2024-04-20 00:30:00,23.6016295,20.60696155,20.515366,-3.086263899414064
2024-04-20 01:00:00,20.566052133333333,21.021524433333333,20.578323,0.012271230924479681
2024-04-20 01:30:00,20.696869866666667,23.071190516666665,21.434784,0.7379140688802082
2024-04-20 02:00:00,18.696317250000003,22.65315785,19.893356,1.197039073242184
2024-04-20 02:30:00,19.262299966666667,22.9676741,20.469528,1.2072282315755203
2024-04-20 03:00:00,19.159428433333336,27.06618993333333,19.165207,0.005778475846351938
2024-04-20 03:30:00,18.98949883333333,23.22560265,17.584167,-1.4053313528645788
2024-04-20 04:00:00,21.45160215,21.60784603333333,19.851059,-1.6005431900390619
2024-04-20 04:30:00,22.162431666666667,22.240367816666662,21.63002,-0.532411525065104
2024-04-20 05:00:00,23.646166716666663,21.314109516666665,23.854507,0.20834072962239958
2024-04-20 05:30:00,25.635791583333333,21.031421616666663,24.607971,-1.027820391927083
2024-04-20 06:00:00,26.899761066666667,25.715163366666665,26.206558,-0.6932028391276042
2024-04-20 06:30:00,29.211542166666664,30.6157094,31.305252,2.0937099085286484
2024-04-20 07:00:00,22.531264066666665,31.682508783333333,33.489197,10.957932710677085
2024-04-20 07:30:00,19.065221816666668,29.2531922,28.61502,9.549798935286457
2024-04-20 08:00:00,16.555186066666668,19.6990978,24.224548,7.669362273177082
2024-04-20 08:30:00,13.28334895,7.259447300000001,12.8993845,-0.3839644514038092
2024-04-20 09:00:00,-2.7564234000000005,-2.97351285,0.93684465,3.693268046930695
2024-04-20 09:30:00,-36.68312211666667,-23.15372998333333,-11.039687,25.64343495998942
2024-04-20 10:00:00,-58.75736218333333,-41.28056273333333,-26.853653,31.903709229231765
2024-04-20 10:30:00,-68.81721338333334,-55.17659065,-45.66574,23.151472416536464
2024-04-20 11:00:00,-83.24653386666667,-72.4540895,-62.66826,20.57827519967448
2024-04-20 11:30:00,-139.89645976666665,-67.65754173333333,-76.606705,63.28975505475259
2024-04-20 12:00:00,-114.92215685,-74.3431495,-86.025734,28.896422902246087
2024-04-20 12:30:00,-103.17075391666668,-73.22126329999999,-94.13734,9.033417185709652
2024-04-20 13:00:00,-96.86714376666669,-72.9720811,-95.43887,1.4282704756510611
2024-04-20 13:30:00,-89.00230490000001,-68.95371385,-91.30957,-2.307265412499987
2024-04-20 14:00:00,-81.63768664999999,-71.73075553333332,-83.69892,-2.0612345536132892
2024-04-20 14:30:00,-79.79175548333333,-68.15909448333333,-70.99205,8.799705312434895
2024-04-20 15:00:00,-80.72187776666667,-57.75827715,-56.653046,24.06883211236979
2024-04-20 15:30:00,-55.52557273333334,-42.72306871666667,-39.710175,15.815398172786466
2024-04-20 16:00:00,-35.24541393333333,-21.937867233333336,-24.1203,11.125113640364582
2024-04-20 16:30:00,-19.997236716666663,-5.349526766666667,-12.625625,7.371612059989417
2024-04-20 17:00:00,-5.035331683333333,-2.7901133,-0.19242778,4.84290389912885
2024-04-20 17:30:00,3.1763789166666663,3.87403995,9.251664,6.075285245015463
2024-04-20 18:00:00,13.437073933333332,7.85266505,14.615403,1.1783292420206717
2024-04-20 18:30:00,16.78625278333333,11.0021822,20.470459,3.6842062010416683
2024-04-20 19:00:00,20.80823213333333,16.079220066666668,21.362183,0.5539504838541696
2024-04-20 19:30:00,23.47377901666667,19.595759633333333,20.929306,-2.544472986393231
2024-04-20 20:00:00,30.230079433333334,20.748304450000003,22.572174,-7.657905361067709
2024-04-20 20:30:00,29.55537945,23.398290016666667,20.78186,-8.7735190984375
2024-04-20 21:00:00,30.7653911,25.407266733333334,20.775314,-9.990076768945311
2024-04-20 21:30:00,28.973829483333333,18.967325,20.923874,-8.049955581966145
2024-04-20 22:00:00,30.79773726666667,15.977800683333331,20.572739,-10.224998619205731
2024-04-20 22:30:00,27.086403316666665,21.84915943333333,21.890915,-5.195488399674478
2024-04-20 23:00:00,22.977860616666664,17.54964065,21.595886,-1.3819743861979141
2024-04-20 23:30:00,19.173551766666662,21.97957995,22.292847,3.1192949130208376
2024-04-21 00:00:00,23.538270583333333,23.50927543333333,23.482529,-0.05574189680989505
2024-04-21 00:30:00,22.204362466666662,23.6016295,22.281357,0.07699434485677514
2024-04-21 01:00:00,20.9048263,20.566052133333333,22.407349,1.5025223328125001
2024-04-21 01:30:00,21.33864103333333,20.696869866666667,23.011337,1.6726962469401059
2024-04-21 02:00:00,24.98910113333333,18.696317250000003,20.359436,-4.629665098177082
2024-04-21 02:30:00,26.29947053333333,19.262299966666667,18.54625,-7.753221143684893
2024-04-21 03:00:00,26.53087325,19.159428433333336,16.70845,-9.822422932617187
2024-04-21 03:30:00,27.252205583333332,18.98949883333333,17.405304,-9.846901628255207
2024-04-21 04:00:00,29.775817133333334,21.45160215,19.964981,-9.810836054231771
2024-04-21 04:30:00,25.9863256,22.162431666666667,20.938934,-5.047391273828126
2024-04-21 05:00:00,26.651348816666665,23.646166716666663,23.15625,-3.4950988166666654
2024-04-21 05:30:00,25.61550265,25.635791583333333,22.23407,-3.38143282578125
2024-04-21 06:00:00,29.715206133333336,26.899761066666667,25.160583,-4.554622637239586
2024-04-21 06:30:00,33.55411895,29.211542166666664,28.609146,-4.9449728318359405
2024-04-21 07:00:00,28.881460083333334,22.531264066666665,27.87027,-1.0111903079427087
2024-04-21 07:30:00,26.774200583333336,19.065221816666668,24.647964,-2.1262361057942734
2024-04-21 08:00:00,20.400909533333333,16.555186066666668,19.494263,-0.9066468380208335
2024-04-21 08:30:00,17.825483283333334,13.28334895,10.469926,-7.355557402901205
2024-04-21 09:00:00,8.232822916666665,-2.7564234000000005,-0.05834881,-8.29117172510425
2024-04-21 09:30:00,-18.18412508333333,-36.68312211666667,-15.47438,2.709745543843585
2024-04-21 10:00:00,-35.27142501666666,-58.75736218333333,-33.173096,2.0983293135416616
2024-04-21 10:30:00,-54.89523334999999,-68.81721338333334,-51.088196,3.807037549218741
2024-04-21 11:00:00,-75.90916,-83.24653386666667,-67.37247,8.536692958984375
2024-04-21 11:30:00,-90.78002516666668,-139.89645976666665,-82.57254,8.20748488346355
2024-04-21 12:00:00,-101.91647618333332,-114.92215685,-94.382454,7.534022264876285
2024-04-21 12:30:00,-107.94405166666668,-103.17075391666668,-102.38994,5.5541133121744934
2024-04-21 13:00:00,-122.46675763333332,-96.86714376666669,-102.45111,20.015646793489566
2024-04-21 13:30:00,-116.63345735,-89.00230490000001,-97.72697,18.906490492089844
2024-04-21 14:00:00,-114.25584393333334,-81.63768664999999,-89.23834,25.017501648177088
2024-04-21 14:30:00,-109.84803668333332,-79.79175548333333,-76.94838,32.89965716673176
2024-04-21 15:00:00,-96.65023891666668,-80.72187776666667,-62.44458,34.20565883854168
2024-04-21 15:30:00,-68.901915,-55.52557273333334,-46.178055,22.72386019042969
2024-04-21 16:00:00,-43.39185510000001,-35.24541393333333,-31.594849,11.797006467187508
2024-04-21 16:30:00,-20.68184903333333,-19.997236716666663,-17.407532,3.2743172950520787
2024-04-21 17:00:00,-8.109062883333333,-5.035331683333333,-4.2647696,3.8442933291951498
2024-04-21 17:30:00,8.312965516666667,3.1763789166666663,5.6917276,-2.621237878422038
2024-04-21 18:00:00,18.0646522,13.437073933333332,11.493012,-6.57163977171631
2024-04-21 18:30:00,18.631097216666667,16.78625278333333,19.912521,1.2814241456380202
2024-04-21 19:00:00,14.702773283333334,20.80823213333333,21.574432,6.871659089713541
2024-04-21 19:30:00,22.442067716666667,23.47377901666667,22.183716,-0.2583518963541671
2024-04-21 20:00:00,24.291082766666666,30.230079433333334,21.891464,-2.399618533268228
2024-04-21 20:30:00,28.947610166666667,29.55537945,20.734299,-8.21331146061198
2024-04-21 21:00:00,26.313551200000003,30.7653911,22.252335,-4.06121660527344
2024-04-21 21:30:00,24.269682166666662,28.973829483333333,22.359634,-1.9100477672525997
2024-04-21 22:00:00,23.62661625,30.79773726666667,23.564087,-0.06252933593750143
2024-04-21 22:30:00,17.96596995,27.086403316666665,23.046738,5.080767720898436
2024-04-21 23:00:00,22.994670683333336,22.977860616666664,23.553375,0.5587045608072891
2024-04-21 23:30:00,20.105435816666667,19.173551766666662,21.4776,1.3721642809895833
2024-04-22 00:00:00,17.98508443333333,23.538270583333333,20.79103,2.805946450455732
2024-04-22 00:30:00,18.398158416666664,22.204362466666662,20.627457,2.229298248372398
2024-04-22 01:00:00,24.461328966666667,20.9048263,20.467361,-3.993967516471354
2024-04-22 01:30:00,24.36511335,21.33864103333333,20.363419,-4.001694770898439
2024-04-22 02:00:00,25.809003416666663,24.98910113333333,20.373169,-5.435834471354163
2024-04-22 02:30:00,21.969387283333333,26.29947053333333,19.82315,-2.146236648567708
2024-04-22 03:00:00,23.6461421,26.53087325,20.130112,-3.516030405664061
2024-04-22 03:30:00,26.547420833333334,27.252205583333332,21.430664,-5.116756770833334
2024-04-22 04:00:00,24.561732383333336,29.775817133333334,20.932983,-3.628748984895836
2024-04-22 04:30:00,23.67428451666667,25.9863256,22.17125,-1.503035127018233
2024-04-22 05:00:00,22.64208065,26.651348816666665,24.064484,1.4224029925781245
2024-04-22 05:30:00,24.5657949,25.61550265,23.803436,-0.7623586207031252
2024-04-22 06:00:00,29.109008233333338,29.715206133333336,26.304413,-2.8045953915364628
2024-04-22 06:30:00,34.5066905,33.55411895,27.732422,-6.774268624999998
2024-04-22 07:00:00,30.74150883333333,28.881460083333334,26.863647,-3.877861372395831
2024-04-22 07:30:00,34.05752055,26.774200583333336,23.629257,-10.428263347851562
2024-04-22 08:00:00,24.18059888333333,20.400909533333333,15.773042,-8.40755715817464
2024-04-22 08:30:00,16.37176165,17.825483283333334,6.3444223,-10.027339309606933
2024-04-22 09:00:00,-11.74945125,8.232822916666665,-6.0821676,5.667283624572754
2024-04-22 09:30:00,-29.46585845,-18.18412508333333,-20.199356,9.266502370898436
2024-04-22 10:00:00,-49.58637113333333,-35.27142501666666,-36.06801,13.518362710481767
2024-04-22 10:30:00,-73.5867234,-54.89523334999999,-51.617233,21.96949012363281
2024-04-22 11:00:00,-98.14088215,-75.90916,-67.704636,30.43624652988281
2024-04-22 11:30:00,-111.41071565,-90.78002516666668,-81.973206,29.43751008359375
2024-04-22 12:00:00,-127.85395006666666,-101.91647618333332,-93.37751,34.476439995865874
2024-04-22 12:30:00,-133.17605498333333,-107.94405166666668,-99.41581,33.760245351985674
2024-04-22 13:00:00,-142.80122153333335,-122.46675763333332,-102.20946,40.59176413587241
2024-04-22 13:30:00,-143.39347325000003,-116.63345735,-101.2082,42.18527470263675
2024-04-22 14:00:00,-135.99315505,-114.25584393333334,-93.202,42.79115157099611
2024-04-22 14:30:00,-115.03517738333332,-109.84803668333332,-80.71343,34.3217450713216
2024-04-22 15:00:00,-89.88854438333334,-96.65023891666668,-68.12935,21.759195628450527
2024-04-22 15:30:00,-68.62095655,-68.901915,-53.869614,14.751342902539065
2024-04-22 16:00:00,-42.2836472,-43.39185510000001,-36.37323,5.910417219531247
2024-04-22 16:30:00,-21.069633466666662,-20.68184903333333,-22.904266,-1.8346328907552127
2024-04-22 17:00:00,-6.81288495,-8.109062883333333,-10.786178,-3.973292685192871
2024-04-22 17:30:00,4.7981967333333335,8.312965516666667,0.7021492,-4.096047520972951
2024-04-22 18:00:00,9.917974733333333,18.0646522,10.503465,0.5854899654581711
2024-04-22 18:30:00,9.740276216666668,18.631097216666667,16.030838,6.290561796028644
2024-04-22 19:00:00,16.02925115,14.702773283333334,20.233734,4.204482980859375
2024-04-22 19:30:00,19.803397766666667,22.442067716666667,22.01831,2.2149127802083335
2024-04-22 20:00:00,20.14107775,24.291082766666666,21.472488,1.3314106533203116
2024-04-22 20:30:00,22.72143985,28.947610166666667,22.363647,-0.35779238906249944
2024-04-22 21:00:00,23.219724033333332,26.313551200000003,22.369034,-0.8506902198567694
2024-04-22 21:30:00,24.76813883333333,24.269682166666662,22.462402,-2.3057364895833317
2024-04-22 22:00:00,25.68468598333333,23.62661625,24.521927,-1.1627591034505187
2024-04-22 22:30:00,17.358588816666668,17.96596995,24.842209,7.48362004563802
2024-04-22 23:00:00,22.89540453333333,22.994670683333336,22.27861,-0.616794303841143
2024-04-22 23:30:00,26.00275326666667,20.105435816666667,21.819916,-4.182837495182294
2024-04-23 00:00:00,26.60448278333333,17.98508443333333,19.44545,-7.159032954231769
2024-04-23 00:30:00,28.17199233333333,18.398158416666664,18.571793,-9.600199730794266
2024-04-23 01:00:00,25.51261275,24.461328966666667,18.07985,-7.432763506835936
2024-04-23 01:30:00,25.749987633333333,24.36511335,17.967773,-7.782214195833333
2024-04-23 02:00:00,22.679865083333336,25.809003416666663,18.918884,-3.760980805989586
2024-04-23 02:30:00,22.967733916666663,21.969387283333333,20.880798,-2.0869355768229134
2024-04-23 03:00:00,22.54009111666667,23.6461421,19.518982,-3.0211091830729195
2024-04-23 03:30:00,22.90003013333333,26.547420833333334,21.164047,-1.7359828921223937
2024-04-23 04:00:00,22.1362683,24.561732383333336,23.001556,0.8652880964843739
2024-04-23 04:30:00,22.28576938333333,23.67428451666667,24.593964,2.3081942397135435
2024-04-23 05:00:00,25.95717396666667,22.64208065,25.08081,-0.8763634197916694
2024-04-23 05:30:00,23.751446716666667,24.5657949,26.44542,2.6939725948567705
2024-04-23 06:00:00,27.6800312,29.109008233333338,27.900223,0.2201915783203141
2024-04-23 06:30:00,34.374766666666666,34.5066905,28.340027,-6.034739811197916
2024-04-23 07:00:00,34.27868326666667,30.74150883333333,26.328506,-7.950176796940106
2024-04-23 07:30:00,34.4918121,34.05752055,20.443329,-14.048483242578122
2024-04-23 08:00:00,21.45224663333333,24.18059888333333,13.307282,-8.14496418551839
2024-04-23 08:30:00,6.721026216666668,16.37176165,4.217103,-2.5039232122111015
2024-04-23 09:00:00,-6.118352316666667,-11.74945125,-10.218352,-4.100000001143392
2024-04-23 09:30:00,-16.346386616666667,-29.46585845,-24.173492,-7.827105814973958
2024-04-23 10:00:00,-33.80451936666667,-49.58637113333333,-40.611588,-6.807068157747395
2024-04-23 10:30:00,-56.534987666666666,-73.5867234,-59.352173,-2.817185184895834
2024-04-23 11:00:00,-84.21325401666667,-98.14088215,-75.55501,8.658246082096355
2024-04-23 11:30:00,-98.62456986666666,-111.41071565,-88.212456,10.412114117154943
2024-04-23 12:00:00,-105.9989351,-127.85395006666666,-99.10145,6.897487040917966
2024-04-23 12:30:00,-114.89118228333332,-133.17605498333333,-106.245155,8.646026948860666
2024-04-23 13:00:00,-121.36537393333332,-142.80122153333335,-109.30425,12.061121308821598
2024-04-23 13:30:00,-121.66061728333334,-143.39347325000003,-107.38067,14.279948643196619
2024-04-23 14:00:00,-111.54549998333334,-135.99315505,-99.41406,12.131437483333343
2024-04-23 14:30:00,-87.21188936666665,-115.03517738333332,-89.480385,-2.2684954599935025
2024-04-23 15:00:00,-63.70754168333334,-89.88854438333334,-75.51111,-11.80356671510416
2024-04-23 15:30:00,-31.89242613333333,-68.62095655,-61.097458,-29.205031752408857
2024-04-23 16:00:00,-10.540267216666663,-42.2836472,-44.189316,-33.649048579231774
2024-04-23 16:30:00,-2.654449533333333,-21.069633466666662,-29.108826,-26.454376150260416
2024-04-23 17:00:00,4.114172783333333,-6.81288495,-15.1244955,-19.238668289619955
2024-04-23 17:30:00,6.283948850000001,4.7981967333333335,-1.4264671,-7.710415911042786
2024-04-23 18:00:00,13.734603416666667,9.917974733333333,10.407151,-3.3274521944376634
2024-04-23 18:30:00,19.511644,9.740276216666668,17.253128,-2.258515948242188
2024-04-23 19:00:00,20.91853113333333,16.02925115,20.299744,-0.6187874809895817
2024-04-23 19:30:00,21.49064493333333,19.803397766666667,21.463196,-0.02744913255207848
2024-04-23 20:00:00,25.2708665,20.14107775,23.331802,-1.9390641318359378
2024-04-23 20:30:00,20.978002066666665,22.72143985,21.49234,0.5143380212239599
2024-04-23 21:00:00,20.961859416666663,23.219724033333332,20.403152,-0.55870695084635
2024-04-23 21:30:00,21.086068933333333,24.76813883333333,21.010635,-0.07543355735677082
2024-04-23 22:00:00,22.6785239,25.68468598333333,20.847763,-1.8307608384765608
2024-04-23 22:30:00,21.6711489,17.358588816666668,20.655289,-1.015860203710936
2024-04-23 23:00:00,25.263493766666667,22.89540453333333,21.039581,-4.223912467838542
2024-04-23 23:30:00,25.810540516666663,26.00275326666667,22.094238,-3.716302235416663
2024-04-24 00:00:00,24.64720606666667,26.60448278333333,21.198578,-3.4486281858072942
2024-04-24 00:30:00,20.68792223333333,28.17199233333333,20.181168,-0.5067546307942692
2024-04-24 01:00:00,19.42845048333333,25.51261275,20.995255,1.5668040332682338
2024-04-24 01:30:00,19.94996953333333,25.749987633333333,22.522095,2.5721251932291693
2024-04-24 02:00:00,21.99712381666667,22.679865083333336,22.2751,0.2779768913411438
2024-04-24 02:30:00,20.89257495,22.967733916666663,23.42015,2.5275758068359373
2024-04-24 03:00:00,19.939723850000004,22.54009111666667,23.688217,3.748493313085934
2024-04-24 03:30:00,20.578051716666668,22.90003013333333,24.37143,3.7933777266927073
2024-04-24 04:00:00,26.044889933333334,22.1362683,25.670013,-0.3748765055989587
2024-04-24 04:30:00,24.49532115,22.28576938333333,25.14296,0.6476384447265637
2024-04-24 05:00:00,22.961836666666667,25.95717396666667,25.969604,3.0077678255208333
2024-04-24 05:30:00,21.655060616666663,23.751446716666667,24.845886,3.1908256138020867
2024-04-24 06:00:00,25.626198950000003,27.6800312,26.232574,0.6063755128906223
2024-04-24 06:30:00,28.21206786666667,34.374766666666666,26.848862,-1.363206172330731
2024-04-24 07:00:00,26.19867265,34.27868326666667,24.874802,-1.3238710142578114
2024-04-24 07:30:00,25.730973966666667,34.4918121,20.830856,-4.90011764342448
2024-04-24 08:00:00,22.68729331666667,21.45224663333333,15.092347,-7.594946171586102
2024-04-24 08:30:00,12.594984966666669,6.721026216666668,3.2893684,-9.305616575629681
2024-04-24 09:00:00,-6.571126816666667,-6.118352316666667,-10.411284,-3.8401576300496414
2024-04-24 09:30:00,-25.495929500000003,-16.346386616666667,-25.579742,-0.08381293164062242
2024-04-24 10:00:00,-38.57707675,-33.80451936666667,-41.96994,-3.3928634355468716
2024-04-24 10:30:00,-53.05725833333333,-56.534987666666666,-61.102432,-8.045173917643233
2024-04-24 11:00:00,-63.739967666666665,-84.21325401666667,-78.20259,-14.462623275716147
2024-04-24 11:30:00,-75.65418951666668,-98.62456986666666,-90.6723,-15.018112729427074
2024-04-24 12:00:00,-75.13581635,-105.9989351,-101.09546,-25.959642634375
2024-04-24 12:30:00,-71.94521680000001,-114.89118228333332,-107.286354,-35.341137264941395
2024-04-24 13:00:00,-67.64783778333333,-121.36537393333332,-108.63651,-40.98867497301433
2024-04-24 13:30:00,-81.43009053333334,-121.66061728333334,-107.2117,-25.781609906119783
2024-04-24 14:00:00,-69.73228608333334,-111.54549998333334,-100.12595,-30.39366759098307
2024-04-24 14:30:00,-52.6814012,-87.21188936666665,-87.69972,-35.01832109003906
2024-04-24 15:00:00,-36.14824011666667,-63.70754168333334,-71.82089,-35.672652217317705
2024-04-24 15:30:00,-21.993517866666664,-31.89242613333333,-53.3472,-31.35368061966146
2024-04-24 16:00:00,-14.12012515,-10.540267216666663,-35.54492,-21.424796725
2024-04-24 16:30:00,4.505112866666667,-2.654449533333333,-20.44255,-24.947663525846355
2024-04-24 17:00:00,2.586543933333333,4.114172783333333,-7.220031,-9.806574717940267
2024-04-24 17:30:00,7.089729266666667,6.283948850000001,4.0769053,-3.0128240161173503
2024-04-24 18:00:00,13.118524583333333,13.734603416666667,12.565705,-0.5528192839558912
2024-04-24 18:30:00,18.359610616666668,19.511644,19.608902,1.2492913608723946
2024-04-24 19:00:00,24.804629016666667,20.91853113333333,22.698395,-2.1062342412760415
2024-04-24 19:30:00,27.60553163333333,21.49064493333333,24.005081,-3.600450456575519
2024-04-24 20:00:00,24.221941150000003,25.2708665,23.370468,-0.8514730103515653
2024-04-24 20:30:00,24.641438833333336,20.978002066666665,22.715164,-1.9262746487630231
2024-04-24 21:00:00,23.716644516666666,20.961859416666663,23.254501,-0.462143173893228
2024-04-24 21:30:00,25.871190466666665,21.086068933333333,20.250275,-5.62091580846354
2024-04-24 22:00:00,22.78837103333333,22.6785239,19.375122,-3.4132489630208305
2024-04-24 22:30:00,17.95705225,21.6711489,19.365723,1.4086704062499997
2024-04-24 23:00:00,25.0103978,25.263493766666667,19.479996,-5.530402072460937
2024-04-24 23:30:00,29.58386283333333,25.810540516666663,20.693436,-8.890427164388019
2024-04-25 00:00:00,26.41446785,24.64720606666667,23.089203,-3.325264969140626
2024-04-25 00:30:00,22.92428051666667,20.68792223333333,23.833435,0.9091545419270801
2024-04-25 01:00:00,20.32578043333333,19.42845048333333,23.268677,2.9428963244791717
2024-04-25 01:30:00,17.5894705,19.94996953333333,23.001923,5.412452107421874
2024-04-25 02:00:00,20.43670871666667,21.99712381666667,23.160278,2.7235696036458314
2024-04-25 02:30:00,16.63243995,20.89257495,22.19188,5.559439322460939
2024-04-25 03:00:00,15.7508628,19.939723850000004,23.366882,7.61601952421875
2024-04-25 03:30:00,19.4030061,20.578051716666668,24.699219,5.296212650000001
2024-04-25 04:00:00,18.53240955,26.044889933333334,26.226913,7.694503902148437
2024-04-25 04:30:00,19.5890544,24.49532115,26.802017,7.212962811914064
2024-04-25 05:00:00,18.94611235,22.961836666666667,27.2014,8.255288406835938
2024-04-25 05:30:00,20.0186366,21.655060616666663,26.615646,6.597009762304687
2024-04-25 06:00:00,27.19236271666667,25.626198950000003,29.223434,2.031071731575519
2024-04-25 06:30:00,29.814099650000003,28.21206786666667,29.274963,-0.5391362710937528
2024-04-25 07:00:00,29.467221183333333,26.19867265,26.789948,-2.677273673567708
2024-04-25 07:30:00,21.193498316666663,25.730973966666667,23.16243,1.9689314929036499
2024-04-25 08:00:00,20.96253846666667,22.68729331666667,13.661042,-7.301496253226727
2024-04-25 08:30:00,13.90735005,12.594984966666669,2.8582008,-11.049149261502075
2024-04-25 09:00:00,-4.9332812666666666,-6.571126816666667,-9.586623,-4.6533419251668295
2024-04-25 09:30:00,-20.74390505,-25.495929500000003,-25.53395,-4.790045755664064
2024-04-25 10:00:00,-35.77262005,-38.57707675,-43.534714,-7.762093695117187
2024-04-25 10:30:00,-43.65072725,-53.05725833333333,-59.630936,-15.98020841894531
2024-04-25 11:00:00,-58.857737316666665,-63.739967666666665,-75.71271,-16.854970202864585
2024-04-25 11:30:00,-82.47279936666666,-75.65418951666668,-88.6537,-6.180902415559899
2024-04-25 12:00:00,-92.60724386666668,-75.13581635,-97.94599,-5.338747649446603
2024-04-25 12:30:00,-95.17282891666667,-71.94521680000001,-101.04968,-5.876853700520826
2024-04-25 13:00:00,-91.2932488,-67.64783778333333,-101.15368,-9.860430094042968
2024-04-25 13:30:00,-101.00515495,-81.43009053333334,-96.57644,4.428716046191411
2024-04-25 14:00:00,-89.39048394999999,-69.73228608333334,-85.815125,3.5753594382812395
2024-04-25 14:30:00,-71.91558591666667,-52.6814012,-73.518684,-1.6030984705403597
2024-04-25 15:00:00,-57.48599720000001,-36.14824011666667,-58.544006,-1.058009147656243
2024-04-25 15:30:00,-38.96090743333333,-21.993517866666664,-42.368057,-3.40714981764323
2024-04-25 16:00:00,-16.820211166666667,-14.12012515,-25.964859,-9.144647842122396
2024-04-25 16:30:00,-12.536055483333334,4.505112866666667,-12.912841,-0.37678535986735007
2024-04-25 17:00:00,-8.81947225,2.586543933333333,-1.3728477,7.44662457372284
2024-04-25 17:30:00,0.419017233333333,7.089729266666667,9.152482,8.733464799442546
2024-04-25 18:00:00,9.73266225,13.118524583333333,14.88675,5.154087971252441
2024-04-25 18:30:00,12.511083783333332,18.359610616666668,20.293152,7.782068072135418
2024-04-25 19:00:00,12.707493983333334,24.804629016666667,23.06514,10.357645787174478
2024-04-25 19:30:00,18.01993893333333,27.60553163333333,23.34047,5.320530427018234
2024-04-25 20:00:00,19.49849328333333,24.221941150000003,22.784912,3.2864188260416682
2024-04-25 20:30:00,19.48165218333333,24.641438833333336,23.37204,3.890387611588544
2024-04-25 21:00:00,30.04376615,23.716644516666666,22.008575,-8.035190710546875
2024-04-25 21:30:00,28.695469966666668,25.871190466666665,21.023056,-7.67241393639323
2024-04-25 22:00:00,28.606718366666662,22.78837103333333,21.002304,-7.604414289518225
2024-04-25 22:30:00,20.089829066666667,17.95705225,19.871658,-0.2181707414713543
2024-04-25 23:00:00,25.593767683333336,25.0103978,21.82106,-3.772707502669274
2024-04-25 23:30:00,23.202238416666663,29.58386283333333,22.70871,-0.4935286998697883
2024-04-26 00:00:00,20.999039566666667,26.41446785,24.736633,3.737593734114583
2024-04-26 00:30:00,21.2446054,22.92428051666667,25.697205,4.452599189843749
2024-04-26 01:00:00,20.02128216666667,20.32578043333333,25.681213,5.659931212239581
2024-04-26 01:30:00,20.56699055,17.5894705,23.755737,3.1887467546875
2024-04-26 02:00:00,20.928144433333333,20.43670871666667,23.278442,2.3502979494791667
2024-04-26 02:30:00,22.512956650000003,16.63243995,21.788391,-0.7245655367187531
2024-04-26 03:00:00,23.818009916666668,15.7508628,22.750092,-1.067918363932293
2024-04-26 03:30:00,24.730436166666667,19.4030061,23.369125,-1.3613108004557297
2024-04-26 04:00:00,23.6259833,18.53240955,23.391922,-0.23406130292968896
2024-04-26 04:30:00,24.382687816666664,19.5890544,24.325653,-0.05703474049478885
2024-04-26 05:00:00,26.90684505,18.94611235,25.114532,-1.7923125792968762
2024-04-26 05:30:00,24.141685966666667,20.0186366,26.507095,2.365409370247395
2024-04-26 06:00:00,31.43709008333333,27.19236271666667,27.563187,-3.8739034378255184
2024-04-26 06:30:00,32.343797716666664,29.814099650000003,29.706833,-2.6369648309244766
2024-04-26 07:00:00,28.352080466666667,29.467221183333333,29.287567,0.935486672005208
2024-04-26 07:30:00,31.79961893333333,21.193498316666663,26.055649,-5.743970129622394
2024-04-26 08:00:00,29.42367215,20.96253846666667,18.123688,-11.299984405859377
2024-04-26 08:30:00,17.215265433333332,13.90735005,7.4706125,-9.744652907393391
2024-04-26 09:00:00,4.688598883333333,-4.9332812666666666,-5.717681,-10.406279814424643
2024-04-26 09:30:00,-15.412333316666668,-20.74390505,-19.61879,-4.206456356184894
2024-04-26 10:00:00,-32.37807668333333,-35.77262005,-38.88092,-6.502843726822917
2024-04-26 10:30:00,-36.007302233333334,-43.65072725,-55.35875,-19.351447156315103
2024-04-26 11:00:00,-46.650354400000005,-58.857737316666665,-70.39322,-23.74286459414062
2024-04-26 11:30:00,-68.5231576,-82.47279936666666,-83.27665,-14.753491875097652
2024-04-26 12:00:00,-65.16848441666667,-92.60724386666668,-93.21995,-28.051463398274734
2024-04-26 12:30:00,-74.43403934999999,-95.17282891666667,-97.53406,-23.100018267187508
2024-04-26 13:00:00,-80.46109721666666,-91.2932488,-97.51694,-17.055840039192717
2024-04-26 13:30:00,-85.1350289,-101.00515495,-94.268036,-9.13300698867188
2024-04-26 14:00:00,-81.41883895,-89.39048394999999,-85.257866,-3.8390269557617245
2024-04-26 14:30:00,-68.77487495,-71.91558591666667,-72.53086,-3.755985950878909
2024-04-26 15:00:00,-56.7809222,-57.48599720000001,-57.156723,-0.3758008224609384
2024-04-26 15:30:00,-36.67631981666667,-38.96090743333333,-41.635742,-4.95942237083333
2024-04-26 16:00:00,-12.797255533333333,-16.820211166666667,-26.676804,-13.879548055533855
2024-04-26 16:30:00,0.1981571500000002,-12.536055483333334,-13.86653,-14.064687568395996
2024-04-26 17:00:00,7.897009433333333,-8.81947225,-1.2859031,-9.18291252953237
2024-04-26 17:30:00,12.565919016666667,0.419017233333333,7.675721,-4.890197848148601
2024-04-26 18:00:00,15.663370666666664,9.73266225,15.198701,-0.46466976182047226
2024-04-26 18:30:00,19.5681433,12.511083783333332,19.931213,0.36307007890625087
2024-04-26 19:00:00,20.375126233333333,12.707493983333334,21.08432,0.709193835026042
2024-04-26 19:30:00,24.650677883333334,18.01993893333333,22.491547,-2.1591312524739585
2024-04-26 20:00:00,27.054257083333336,19.49849328333333,22.677307,-4.3769499544270865
2024-04-26 20:30:00,29.02959678333333,19.48165218333333,21.230911,-7.798685528450516
2024-04-26 21:00:00,19.75928385,30.04376615,21.008377,1.2490932251953133
2024-04-26 21:30:00,18.337586583333334,28.695469966666668,23.065903,4.728316126627604
2024-04-26 22:00:00,17.68921883333333,28.606718366666662,22.731369,5.042150185221356
2024-04-26 22:30:00,19.951464366666663,20.089829066666667,22.373276,2.4218113901692746
2024-04-26 23:00:00,22.759441116666665,25.593767683333336,23.985916,1.226475021028648
2024-04-26 23:30:00,23.770147233333333,23.202238416666663,24.300644,0.5304966875651047
2024-04-27 00:00:00,21.01059486666667,20.999039566666667,23.610397,2.599802472200519
2024-04-27 00:30:00,20.650125966666668,21.2446054,22.888992,2.238866342903645
2024-04-27 01:00:00,20.177316116666667,20.02128216666667,23.022568,2.8452516323567707
2024-04-27 01:30:00,21.02856948333333,20.56699055,20.882538,-0.14603164153645665
2024-04-27 02:00:00,20.32646678333333,20.928144433333333,19.986359,-0.34010814075520557
2024-04-27 02:30:00,19.7197462,22.512956650000003,21.44629,1.7265428625000006
2024-04-27 03:00:00,17.68538553333333,23.818009916666668,20.358109,2.672722987174481
2024-04-27 03:30:00,19.25621495,24.730436166666667,20.551453,1.2952376867187496
2024-04-27 04:00:00,21.30515158333333,23.6259833,22.089035,0.783883450846357
2024-04-27 04:30:00,20.9699556,24.382687816666664,24.274231,3.3042753570312513
2024-04-27 05:00:00,25.0839733,26.90684505,25.845612,0.7616382722656247
2024-04-27 05:30:00,25.58693833333333,24.141685966666667,27.825104,2.238165426432296
2024-04-27 06:00:00,28.9896343,31.43709008333333,31.697937,2.7083027117187513
2024-04-27 06:30:00,36.24779445,32.343797716666664,32.72505,-3.522742570117188
2024-04-27 07:00:00,28.89299158333333,28.352080466666667,31.47049,2.5774979186197946
2024-04-27 07:30:00,25.823856083333336,31.79961893333333,25.558197,-0.26565906184896093
2024-04-27 08:00:00,22.39965173333333,29.42367215,20.26294,-2.1367122802083287
2024-04-27 08:30:00,10.806057733333333,17.215265433333332,9.738343,-1.0677144945027663
2024-04-27 09:00:00,-7.174259416666668,4.688598883333333,-1.8735038,5.30075561245982
2024-04-27 09:30:00,-21.34894398333333,-15.412333316666668,-16.835083,4.513860975520831
2024-04-27 10:00:00,-45.39221708333333,-32.37807668333333,-34.235672,11.156545086263016
2024-04-27 10:30:00,-65.50269731666667,-36.007302233333334,-49.42131,16.081386891861982
2024-04-27 11:00:00,-91.50856456666666,-46.650354400000005,-64.2437,27.264866446549476
2024-04-27 11:30:00,-98.31353111666664,-68.5231576,-76.04094,22.27259178561195
2024-04-27 12:00:00,-112.22968781666668,-65.16848441666667,-86.97194,25.25774872975262
2024-04-27 12:30:00,-126.46730713333334,-74.43403934999999,-93.7812,32.686110539095054
2024-04-27 13:00:00,-114.1105745,-80.46109721666666,-94.2653,19.845277563964842
2024-04-27 13:30:00,-106.3726895,-85.1350289,-92.81059,13.56209684863282
2024-04-27 14:00:00,-93.3569846,-81.41883895,-83.3308,10.026181682519535
2024-04-27 14:30:00,-82.72782651666667,-68.77487495,-70.55922,12.168607156315105
2024-04-27 15:00:00,-66.09591606666667,-56.7809222,-55.73767,10.358245168229175
2024-04-27 15:30:00,-46.60823283333334,-36.67631981666667,-40.144073,6.464159347005214
2024-04-27 16:00:00,-24.346372083333332,-12.797255533333333,-24.776794,-0.4304223502604181
2024-04-27 16:30:00,-10.402024266666666,0.1981571500000002,-10.66896,-0.26693535094807963
2024-04-27 17:00:00,-2.565938333333334,7.897009433333333,0.08786091,2.6537992454179133
2024-04-27 17:30:00,5.117618966666666,12.565919016666667,11.137467,6.019848417671713
2024-04-27 18:00:00,8.692899983333334,15.663370666666664,18.76506,10.072160441471354
2024-04-27 18:30:00,10.388722766666667,19.5681433,22.965454,12.576731334895833
2024-04-27 19:00:00,11.295704516666667,20.375126233333333,21.854141,10.558436718684895
2024-04-27 19:30:00,15.091118916666666,24.650677883333334,25.384155,10.293036356770834
2024-04-27 20:00:00,17.06156783333333,27.054257083333336,24.920303,7.858735511393231
2024-04-27 20:30:00,27.45273288333333,29.02959678333333,23.818512,-3.6342209204427043
2024-04-27 21:00:00,28.06205321666667,19.75928385,23.51094,-4.551112664908857
2024-04-27 21:30:00,26.2381722,18.337586583333334,21.91159,-4.326581623828126
2024-04-27 22:00:00,24.756171183333333,17.68921883333333,23.692276,-1.0638951823567702
2024-04-27 22:30:00,23.480615616666665,19.951464366666663,24.001495,0.5208797446614604
2024-04-27 23:00:00,22.54166055,22.759441116666665,23.694427,1.1527669402343754
2024-04-27 23:30:00,22.504356583333333,23.770147233333333,22.741486,0.23712901236979178
2024-04-28 00:00:00,23.98770216666667,21.01059486666667,22.793304,-1.1943977233072935
2024-04-28 00:30:00,20.31964938333333,20.650125966666668,22.98143,2.661780670377606
2024-04-28 01:00:00,19.336239516666662,20.177316116666667,23.229645,3.8934052587239627
2024-04-28 01:30:00,18.591228883333333,21.02856948333333,20.314835,1.7236057113932297
2024-04-28 02:00:00,22.48689153333333,20.32646678333333,18.881256,-3.6056354298177062
2024-04-28 02:30:00,22.71858831666667,19.7197462,19.603271,-3.1153168322916684
2024-04-28 03:00:00,23.451893866666666,17.68538553333333,19.15683,-4.295064032682291
2024-04-28 03:30:00,25.69484115,19.25621495,19.89772,-5.797120813085936
2024-04-28 04:00:00,26.13037335,21.30515158333333,21.769196,-4.361177793359374
2024-04-28 04:30:00,26.13102328333333,20.9699556,23.544556,-2.586467619270831
2024-04-28 05:00:00,27.248757333333334,25.0839733,25.140167,-2.1085900970052087
2024-04-28 05:30:00,25.321334966666665,25.58693833333333,27.681137,2.3598021182942723
2024-04-28 06:00:00,29.273309283333333,28.9896343,31.622314,2.349005169791667
2024-04-28 06:30:00,32.41582053333333,36.24779445,31.617493,-0.7983278575520814
2024-04-28 07:00:00,26.41733615,28.89299158333333,31.052063,4.634726838281249
2024-04-28 07:30:00,24.528056633333332,25.823856083333336,28.82132,4.293262946744793
2024-04-28 08:00:00,25.010696633333332,22.39965173333333,21.192383,-3.818313820833332
2024-04-28 08:30:00,18.21201055,10.806057733333333,11.891023,-6.320987867810057
2024-04-28 09:00:00,13.08878565,-7.174259416666668,-3.1971123,-16.285897971853636
2024-04-28 09:30:00,-7.637938866666666,-21.34894398333333,-17.32582,-9.687882056184897
2024-04-28 10:00:00,-28.29855946666667,-45.39221708333333,-34.74991,-6.451348980598954
2024-04-28 10:30:00,-45.16003008333333,-65.50269731666667,-53.47148,-8.311451239908855
2024-04-28 11:00:00,-72.34108956666667,-91.50856456666666,-70.469925,1.871164639908855
2024-04-28 11:30:00,-102.27551673333332,-98.31353111666664,-83.50614,18.769375070735663
2024-04-28 12:00:00,-113.67719663333332,-112.22968781666668,-95.58126,18.09593595218098
2024-04-28 12:30:00,-123.97591226666668,-126.46730713333334,-103.4872,20.48871439069012
2024-04-28 13:00:00,-124.191779,-114.1105745,-105.37123,18.820547920898434
2024-04-28 13:30:00,-121.73137988333332,-106.3726895,-101.33961,20.391772644563787
2024-04-28 14:00:00,-106.42844828333334,-93.3569846,-91.9466,14.481846415657557
2024-04-28 14:30:00,-91.59060265,-82.72782651666667,-78.64904,12.941562427832025
2024-04-28 15:00:00,-71.82218215,-66.09591606666667,-63.372574,8.44960829746094
2024-04-28 15:30:00,-49.078330066666666,-46.60823283333334,-46.634872,2.4434576301432287
2024-04-28 16:00:00,-23.8916654,-24.346372083333332,-30.14389,-6.252224980859374
2024-04-28 16:30:00,-7.59508165,-10.402024266666666,-15.852279,-8.25719705941162
2024-04-28 17:00:00,5.566373250000001,-2.565938333333334,-3.4702294,-9.036602637283327
2024-04-28 17:30:00,6.843795116666667,5.117618966666666,7.503663,0.6598679463826498
2024-04-28 18:00:00,15.185994266666668,8.692899983333334,15.480821,0.2948263891560856
2024-04-28 18:30:00,16.85232955,10.388722766666667,20.297714,3.445384683398437
2024-04-28 19:00:00,16.061893949999998,11.295704516666667,22.106491,6.044597138867189
2024-04-28 19:30:00,24.298375250000003,15.091118916666666,22.648743,-1.649632574218753
2024-04-28 20:00:00,21.107712266666667,17.06156783333333,21.964996,0.8572840712239582
2024-04-28 20:30:00,20.413554616666666,27.45273288333333,21.761414,1.3478589575520843
2024-04-28 21:00:00,21.95959615,28.06205321666667,20.399582,-1.560014240820312
2024-04-28 21:30:00,21.031128916666667,26.2381722,20.53386,-0.49726966373697934
2024-04-28 22:00:00,17.911939466666666,24.756171183333333,21.609756,3.697817003059896
2024-04-28 22:30:00,17.6306834,23.480615616666665,22.005875,4.375191233789064
2024-04-28 23:00:00,21.670774416666664,22.54166055,22.129105,0.4583301975911489
2024-04-28 23:30:00,23.032002266666662,22.504356583333333,22.209213,-0.8227890098307249
2024-04-29 00:00:00,22.97854165,23.98770216666667,22.16951,-0.8090317623046879
2024-04-29 00:30:00,20.086601583333334,20.31964938333333,21.71872,1.6321178990885414
2024-04-29 01:00:00,20.76427873333333,19.336239516666662,21.004715,0.24043623248698154
2024-04-29 01:30:00,19.16697385,18.591228883333333,21.447311,2.280337551367186
2024-04-29 02:00:00,20.273886116666667,22.48689153333333,21.420715,1.1468292153645834
2024-04-29 02:30:00,21.273697716666668,22.71858831666667,21.884659,0.6109610968098949
2024-04-29 03:00:00,25.132403383333337,23.451893866666666,21.172272,-3.9601316548177117
2024-04-29 03:30:00,26.760697800000003,25.69484115,21.700455,-5.06024308808594
2024-04-29 04:00:00,27.87373278333333,26.13037335,22.892761,-4.980971552864581
2024-04-29 04:30:00,26.79690393333333,26.13102328333333,24.353043,-2.4438613307942667
2024-04-29 05:00:00,25.65689558333333,27.248757333333334,25.326187,-0.33070844954426803
2024-04-29 05:30:00,27.05517885,25.321334966666665,26.91603,-0.13914796621093828
2024-04-29 06:00:00,27.85164605,29.273309283333333,30.026917,2.1752704539062506
2024-04-29 06:30:00,36.39258728333333,32.41582053333333,31.24826,-5.144326785286452
2024-04-29 07:00:00,32.736972916666666,26.41733615,29.800552,-2.9364205485026034
2024-04-29 07:30:00,33.13247393333333,24.528056633333332,25.222046,-7.91042803489583
2024-04-29 08:00:00,27.565797216666667,25.010696633333332,19.732971,-7.832826025260417
2024-04-29 08:30:00,19.41693898333333,18.21201055,10.398332,-9.018607341182452
2024-04-29 09:00:00,13.941718450000002,13.08878565,-1.8013297,-15.743048181941225
2024-04-29 09:30:00,0.9155478166666664,-7.637938866666666,-16.286545,-17.202092616471354
2024-04-29 10:00:00,-5.877220016666666,-28.29855946666667,-33.280746,-27.403526443294272
2024-04-29 10:30:00,-15.321736283333331,-45.16003008333333,-51.170532,-35.84879594322917
2024-04-29 11:00:00,-22.6267199,-72.34108956666667,-68.00406,-45.37733893789063
2024-04-29 11:30:00,-41.14219723333333,-102.27551673333332,-83.62875,-42.48655642877605
2024-04-29 12:00:00,-49.20729895,-113.67719663333332,-95.192505,-45.9852059328125
2024-04-29 12:30:00,-46.61099106666666,-123.97591226666668,-104.00346,-57.39247267845053
2024-04-29 13:00:00,-55.59880556666667,-124.191779,-106.68394,-51.08513150608724
2024-04-29 13:30:00,-51.590210000000006,-121.73137988333332,-102.95908,-51.3688735571289
2024-04-29 14:00:00,-56.665086683333335,-106.42844828333334,-95.164276,-38.49918943971354
2024-04-29 14:30:00,-52.77690063333333,-91.59060265,-82.646736,-29.869835511686205
2024-04-29 15:00:00,-32.98384775,-71.82218215,-64.27641,-31.292565213867185
2024-04-29 15:30:00,-13.321709516666669,-49.078330066666666,-47.890625,-34.56891548333333
2024-04-29 16:00:00,-2.4338327333333334,-23.8916654,-30.66072,-28.22688809186198
2024-04-29 16:30:00,1.402751083333334,-7.59508165,-14.641723,-16.04447376247152
2024-04-29 17:00:00,9.208919966666668,5.566373250000001,-1.2851249,-10.494044864623516
2024-04-29 17:30:00,13.907582083333333,6.843795116666667,7.925645,-5.981937208760579
2024-04-29 18:00:00,21.14542223333333,15.185994266666668,15.930726,-5.214696182002765
2024-04-29 18:30:00,22.772612666666664,16.85232955,20.787537,-1.9850760455729137
2024-04-29 19:00:00,36.1247883,16.061893949999998,22.008179,-14.116609589062499
2024-04-29 19:30:00,28.550318316666665,24.298375250000003,22.10614,-6.444178179947915
2024-04-29 20:00:00,28.84997005,21.107712266666667,21.796936,-7.05303401484375
2024-04-29 20:30:00,32.01971181666667,20.413554616666666,21.496933,-10.522778833268234
2024-04-29 21:00:00,31.178062716666663,21.95959615,20.917206,-10.260856906119788
2024-04-29 21:30:00,25.893648216666666,21.031128916666667,21.790726,-4.102922508658853
2024-04-29 22:00:00,27.4049254,17.911939466666666,22.209229,-5.195696884375
2024-04-29 22:30:00,20.93756493333333,17.6306834,22.579742,1.6421774983072943
2024-05-27 23:00:00,32.89520885,37.082351583333335,35.799286,2.904077038671872
2024-05-27 23:30:00,34.31946276666667,40.00562336666667,34.99974,0.6802778339192699
2024-05-28 00:00:00,33.38621728333333,42.53148275,34.66742,1.2812021502604196
2024-05-28 00:30:00,32.151166116666666,45.373253983333335,34.651367,2.5002010708333344
2024-05-28 01:00:00,36.09263176666666,33.56850658333333,32.039032,-4.053599784244788
2024-05-28 01:30:00,26.11440735,31.40105438333333,32.044525,5.9301177964843745
2024-05-28 02:00:00,27.866533383333334,31.50642595,31.362167,3.495633975065104
2024-05-28 02:30:00,25.97791838333333,29.292259933333337,30.677048,4.699129346158859
2024-05-28 03:00:00,30.15668958333333,33.737388833333334,30.521637,0.3649473795572966
2024-05-28 03:30:00,31.245467233333333,36.9739489,32.753464,1.5079965117838547
2024-05-28 04:00:00,30.968319366666663,32.89673065,33.453796,2.4854770200520875
2024-05-28 04:30:00,34.94459558333333,32.86482326666667,33.90242,-1.042175539388019
2024-05-28 05:00:00,38.39307445,40.33096393333333,36.275177,-2.1178974480468753
2024-05-28 05:30:00,33.69109555,40.67108941666667,38.571686,4.880590241015625
2024-05-28 06:00:00,39.52849895,39.413048833333335,42.594986,3.066487011914063
2024-05-28 06:30:00,43.721895700000005,36.57945335,43.436234,-0.2856621794921921
2024-05-28 07:00:00,45.7562912,39.55003658333333,42.0748,-3.6814926160156247
2024-05-28 07:30:00,52.092418183333336,44.00901948333333,39.434464,-12.657954682356774
2024-05-28 08:00:00,45.3520921,41.22575391666667,33.488922,-11.863169980859375
2024-05-28 08:30:00,31.477924483333336,33.42139168333333,24.340118,-7.137806075130211
2024-05-28 09:00:00,25.616206783333336,22.65366338333333,13.712571,-11.903635639229332
2024-05-28 09:30:00,10.240227266666666,11.25092545,-0.13104168,-10.371268942472712
2024-05-28 10:00:00,-8.811246599999999,-10.156302616666666,-15.996108,-7.184861455114747
2024-05-28 10:30:00,-23.72919455,-35.667372883333336,-29.788895,-6.0597001033203135
2024-05-28 11:00:00,-38.93683105,-53.66828278333333,-42.911774,-3.974942631640623
2024-05-28 11:30:00,-59.32097281666668,-64.45641993333334,-56.386276,2.9346965715494946
2024-05-28 12:00:00,-68.41623895,-77.9216484,-66.1671,2.2491399509765557
2024-05-28 12:30:00,-83.59908668333334,-90.78781891666668,-73.72188,9.877208631575527
2024-05-28 13:00:00,-87.06027601666666,-82.09656668333334,-77.08006,9.980213150455725
2024-05-28 13:30:00,-81.6511604,-74.16072058333333,-72.43488,9.216277282324214
2024-05-28 14:00:00,-81.1353095,-69.71400556666667,-64.522705,16.612604421875005
2024-05-28 14:30:00,-66.59559706666666,-48.58636756666667,-53.49916,13.096436300065093
2024-05-28 15:00:00,-48.36443008333333,-33.78033995,-40.210007,8.154423369466144
2024-05-28 15:30:00,-27.595136633333336,-17.77432705,-27.809875,-0.2147388549479139
2024-05-28 16:00:00,-11.917084966666666,-6.156664583333334,-13.870818,-1.9537331714558928
2024-05-28 16:30:00,-2.80892955,-2.930506666666666,-0.13230816,2.676621394701767
2024-05-28 17:00:00,5.711120566666668,2.3188599333333326,9.536485,3.8253641516560863
2024-05-28 17:30:00,8.99792385,13.960794683333331,17.953522,8.955597878515626
2024-05-28 18:00:00,18.82755836666667,21.34961165,26.404022,7.576463850130207
2024-05-28 18:30:00,26.85310433333333,23.69477943333333,30.020966,3.167861242838544
2024-05-28 19:00:00,28.95885051666667,30.832427216666662,32.794205,3.835354195247394
2024-05-28 19:30:00,32.4286144,32.87378931666667,35.14392,2.7153064984374993
2024-05-28 20:00:00,30.353364566666663,37.58926391666666,35.09456,4.74119414915365
2024-05-28 20:30:00,34.06156551666667,40.73978511666667,35.253403,1.191837193294269
2024-05-28 21:00:00,33.02506328333333,42.6671339,36.470673,3.4456093240885437
2024-05-28 21:30:00,34.081603916666666,39.47350996666666,35.352936,1.2713318743489594
2024-05-28 22:00:00,27.7621852,27.10240843333333,35.54982,7.787634746289061
2024-05-28 22:30:00,27.75576666666667,26.25794695,35.526184,7.77041741536458
2024-05-28 23:00:00,29.825174966666665,32.89520885,34.07115,4.245976766731772
2024-05-28 23:30:00,28.7550317,34.31946276666667,34.0058,5.25076663984375
2024-05-29 00:00:00,27.798118150000004,33.38621728333333,33.55481,5.756691420312496
2024-05-29 00:30:00,30.03747483333333,32.151166116666666,33.756516,3.7190406695963567
2024-05-29 01:00:00,35.31681733333333,36.09263176666666,33.2563,-2.0605154534505203
2024-05-29 01:30:00,31.17614888333333,26.11440735,31.975662,0.7995133481119829
2024-05-29 02:00:00,36.04782281666667,27.866533383333334,30.711456,-5.336366517838542
2024-05-29 02:30:00,36.09086048333334,25.97791838333333,31.207062,-4.883798715755212
2024-05-29 03:00:00,32.083343416666665,30.15668958333333,31.857697,-0.2256468834635399
2024-05-29 03:30:00,34.09312896666667,31.245467233333333,31.209991,-2.8831375115885436
2024-05-29 04:00:00,34.890160116666664,30.968319366666663,32.31653,-2.5736317963541637
2024-05-29 04:30:00,36.43484771666667,34.94459558333333,34.099335,-2.335512999869792
2024-05-29 05:00:00,40.10897286666667,38.39307445,36.696945,-3.412027676236981
2024-05-29 05:30:00,37.58998496666667,33.69109555,38.57892,0.9889334903645803
2024-05-29 06:00:00,44.37550945,39.52849895,42.775604,-1.5999052019531277
2024-05-29 06:30:00,43.76378281666666,43.721895700000005,42.393326,-1.3704570110025998
2024-05-29 07:00:00,43.600120633333326,45.7562912,42.49695,-1.1031723911458258
2024-05-29 07:30:00,40.68566886666667,52.092418183333336,41.395477,0.709808428255208
2024-05-29 08:00:00,39.73006676666667,45.3520921,35.45639,-4.273676385807292
2024-05-29 08:30:00,24.243651666666665,31.477924483333336,26.63063,2.3869788264973977
2024-05-29 09:00:00,15.204070016666668,25.616206783333336,15.8655405,0.6614704877888986
2024-05-29 09:30:00,-2.3170393166666665,10.240227266666666,1.7553109,4.072350209725443
2024-05-29 10:00:00,-15.765477733333334,-8.811246599999999,-13.893081,1.8723970219685881
2024-05-29 10:30:00,-34.05602043333334,-23.72919455,-30.832779,3.223241502669275
2024-05-29 11:00:00,-54.624311033333335,-38.93683105,-44.59114,10.033170286263022
2024-05-29 11:30:00,-63.04923506666666,-59.32097281666668,-58.143127,4.906107625260411
2024-05-29 12:00:00,-75.17449906666667,-68.41623895,-67.27011,7.9043879826822945
2024-05-29 12:30:00,-80.39374959999999,-83.59908668333334,-74.41708,5.9766658597656175
2024-05-29 13:00:00,-82.88155391666666,-87.06027601666666,-76.620865,6.2606890485025986
2024-05-29 13:30:00,-82.55691385,-81.6511604,-74.16626,8.390654084375
2024-05-29 14:00:00,-78.23575615,-81.1353095,-66.044525,12.191231003515625
2024-05-29 14:30:00,-64.12038116666666,-66.59559706666666,-55.55165,8.568730165690098
2024-05-29 15:00:00,-41.23288118333333,-48.36443008333333,-44.013016,-2.780134563736979
2024-05-29 15:30:00,-31.807306766666667,-27.595136633333336,-30.038193,1.7691140176432292
2024-05-29 16:00:00,-16.487805033333334,-11.917084966666666,-16.967926,-0.48012099205729086
2024-05-29 16:30:00,-1.429632316666667,-2.80892955,-4.2397146,-2.8100823058308917
2024-05-29 17:00:00,3.959997716666667,5.711120566666668,6.230363,2.270365175484212
2024-05-29 17:30:00,13.977341716666666,8.99792385,15.157624,1.180282528023275
2024-05-29 18:00:00,15.4776628,18.82755836666667,21.974594,6.496931316210938
2024-05-29 18:30:00,21.61049775,26.85310433333333,27.501434,5.890936576171875
2024-05-29 19:00:00,21.45443275,28.95885051666667,29.596375,8.141941761718751
2024-05-29 19:30:00,28.395129466666663,32.4286144,31.049042,2.6539122813802116
2024-05-29 20:00:00,28.67021216666667,30.353364566666663,32.266968,3.596755606770831
2024-05-29 20:30:00,32.42008393333334,34.06156551666667,31.58461,-0.8354739479817752
2024-05-29 21:00:00,36.55889835,33.02506328333333,33.997406,-2.5614923441406248
2024-05-29 21:30:00,36.03408386666667,34.081603916666666,34.453995,-1.5800891156901073
2024-05-29 22:00:00,27.90342988333333,27.7621852,33.789948,5.886517626432294
2024-05-29 22:30:00,21.6174422,27.75576666666667,33.528503,11.91106121796875
2024-05-29 23:00:00,26.37615835,29.825174966666665,33.804794,7.428635961523437
2024-05-29 23:30:00,27.85153838333333,28.7550317,35.16745,7.315911567838544
2024-05-30 00:00:00,33.485382816666664,27.798118150000004,33.94594,0.460555293684898
2024-05-30 00:30:00,31.73489933333333,30.03747483333333,32.217392,0.48249263444010637
2024-05-30 01:00:00,29.25323835,35.31681733333333,30.898376,1.6451381148437498
2024-05-30 01:30:00,24.51224678333333,31.17614888333333,29.560928,5.048681561393231
2024-05-30 02:00:00,25.82625385,36.04782281666667,29.097916,3.271661799414062
2024-05-30 02:30:00,31.24907603333333,36.09086048333334,28.486588,-2.762488508919269
2024-05-30 03:00:00,27.13127165,32.083343416666665,30.053604,2.922332475976564
2024-05-30 03:30:00,26.554997916666668,34.09312896666667,31.057571,4.502573494466144
2024-05-30 04:00:00,23.757981616666665,34.890160116666664,33.557816,9.799833935091147
2024-05-30 04:30:00,24.26156935,36.43484771666667,36.06839,11.806820542578127
2024-05-30 05:00:00,24.36253926666667,40.10897286666667,38.367294,14.004755044856768
2024-05-30 05:30:00,28.12512945,37.58998496666667,39.28473,11.15959955390625
2024-05-30 06:00:00,26.50453603333333,44.37550945,42.64499,16.140452980338544
2024-05-30 06:30:00,28.34087613333333,43.76378281666666,44.9924,16.651524989713543
2024-05-30 07:00:00,42.21522676666667,43.600120633333326,44.79242,2.5771926669270826
2024-05-30 07:30:00,48.702166733333335,40.68566886666667,41.462128,-7.2400390477864605
2024-05-30 08:00:00,47.88671333333334,39.73006676666667,35.05919,-12.827524490559902
2024-05-30 08:30:00,31.511585916666665,24.243651666666665,27.031647,-4.4799391881510395
2024-05-30 09:00:00,21.471792633333333,15.204070016666668,15.024034,-6.447759086885579
2024-05-30 09:30:00,11.8702557,-2.3170393166666665,-0.34423748,-12.214493176587295
2024-05-30 10:00:00,1.0397545499999998,-15.765477733333334,-15.769347,-16.809101740856935
2024-05-30 10:30:00,-11.348454883333334,-34.05602043333334,-32.2538,-20.90534455514323
2024-05-30 11:00:00,-14.43159655,-54.624311033333335,-46.575485,-32.143888679492186
2024-05-30 11:30:00,-19.835551533333334,-63.04923506666666,-59.630844,-39.79529258287761
2024-05-30 12:00:00,-31.674993916666665,-75.17449906666667,-69.86925,-38.19425351985677
2024-05-30 12:30:00,-35.530598,-80.39374959999999,-74.4144,-38.88380019335938
2024-05-30 13:00:00,-22.7719882,-82.88155391666666,-77.288826,-54.516837788769536
2024-05-30 13:30:00,-18.61580598333333,-82.55691385,-75.015526,-56.39971983453776
2024-05-30 14:00:00,-22.29614241666667,-78.23575615,-68.61833,-46.32218949251302
2024-05-30 14:30:00,-13.8981901,-64.12038116666666,-57.045395,-43.14720479746094
2024-05-30 15:00:00,-2.6683588833333336,-41.23288118333333,-44.169678,-41.50131885104167
2024-05-30 15:30:00,0.9476776333333335,-31.807306766666667,-30.811874,-31.759552022981772
2024-05-30 16:00:00,-3.675179799999999,-16.487805033333334,-18.07875,-14.403570810351564
2024-05-30 16:30:00,0.7411088666666664,-1.429632316666667,-5.0048513,-5.745960207914225
2024-05-30 17:00:00,12.160301616666668,3.959997716666667,7.888932,-4.2713693885782895
2024-05-30 17:30:00,11.262320099999998,13.977341716666666,15.997834,4.735514105627443
2024-05-30 18:00:00,17.5924403,15.4776628,22.524933,4.932492561328125
2024-05-30 18:30:00,24.531540133333333,21.61049775,26.99591,2.4643705111979166
2024-05-30 19:00:00,20.618218483333333,21.45443275,29.967392,9.349173484440104
2024-05-30 19:30:00,27.4881944,28.395129466666663,30.913345,3.4251509369140614
2024-05-30 20:00:00,35.26414258333333,28.67021216666667,31.193878,-4.0702644095052065
2024-05-30 20:30:00,34.46064781666667,32.42008393333334,29.997528,-4.463119740494797
2024-05-30 21:00:00,31.954795983333337,36.55889835,30.731064,-1.2237321405598998
2024-05-30 21:30:00,34.3798617,36.03408386666667,31.179596,-3.2002657527343743
2024-05-30 22:00:00,29.962599800000003,27.90342988333333,31.304398,1.3417977830078094
2024-05-30 22:30:00,25.75036795,21.6174422,32.330017,6.579649139843749
2024-05-30 23:00:00,28.759483266666667,26.37615835,33.046463,4.286979746028646
2024-05-30 23:30:00,27.06670725,27.85153838333333,33.24008,6.173374537109375
2024-05-31 00:00:00,29.160459983333336,33.485382816666664,32.918457,3.757997047916664
2024-05-31 00:30:00,34.05996055,31.73489933333333,32.35576,-1.704201883007812
2024-05-31 01:00:00,32.49490385,29.25323835,30.946594,-1.54830961171875
2024-05-31 01:30:00,31.21058766666667,24.51224678333333,29.300934,-1.9096538287760438
2024-05-31 02:00:00,32.73228211666667,25.82625385,27.925354,-4.806928112760417
2024-05-31 02:30:00,29.53881108333333,31.24907603333333,28.841995,-0.6968158440755161
2024-05-31 03:00:00,27.80489055,27.13127165,29.841232,2.036341749804688
2024-05-31 03:30:00,26.633759416666667,26.554997916666668,29.66774,3.0339804514973956
2024-05-31 04:00:00,23.75262055,23.757981616666665,30.908417,7.155796198046875
2024-05-31 04:30:00,23.70944265,24.26156935,33.49762,9.78817697890625
2024-05-31 05:00:00,25.848340033333333,24.36253926666667,34.721786,8.873446465690105
2024-05-31 05:30:00,25.38393148333333,28.12512945,36.577545,11.193613682682294
2024-05-31 06:00:00,29.591368233333338,26.50453603333333,38.78723,9.195863211979162
2024-05-31 06:30:00,30.73771445,28.34087613333333,40.17334,9.435625393750001
2024-05-31 07:00:00,40.1559184,42.21522676666667,39.95366,-0.20225934238280985
2024-05-31 07:30:00,39.47377493333333,48.702166733333335,36.905075,-2.5686998600911437
2024-05-31 08:00:00,35.715474449999995,47.88671333333334,32.154495,-3.5609792107421825
2024-05-31 08:30:00,31.246680616666666,31.511585916666665,24.770187,-6.476493238736978
2024-05-31 09:00:00,23.22043161666667,21.471792633333333,13.375535,-9.844896605375165
2024-05-31 09:30:00,12.990191133333331,11.8702557,0.13073811,-12.859453023983127
2024-05-31 10:00:00,3.676928433333333,1.0397545499999998,-13.382094,-17.05902281657308
2024-05-31 10:30:00,-8.7298651,-11.348454883333334,-28.644012,-19.914147351171877
2024-05-31 11:00:00,-20.33592673333333,-14.43159655,-41.824722,-21.488795556705732
2024-05-31 11:30:00,-18.44862826666667,-19.835551533333334,-53.37744,-34.928813139583326
2024-05-31 12:00:00,-24.9698061,-31.674993916666665,-60.606415,-35.636608694921875
2024-05-31 12:30:00,-19.32909768333333,-35.530598,-67.81377,-48.48466879615886
2024-05-31 13:00:00,-6.446129016666667,-22.7719882,-67.833984,-61.38785535833333
2024-05-31 13:30:00,-7.981928233333334,-18.61580598333333,-62.861496,-54.87956773834635
2024-05-31 14:00:00,-11.658896533333332,-22.29614241666667,-54.86917,-43.21027460924479
2024-05-31 14:30:00,-6.391963383333333,-13.8981901,-43.817734,-37.425770381315104
2024-05-31 15:00:00,9.589195683333337,-2.6683588833333336,-29.08525,-38.674446537825524
2024-05-31 15:30:00,2.0309293333333334,0.9476776333333335,-17.560669,-19.591598278645833
2024-05-31 16:00:00,9.558017483333332,-3.675179799999999,-6.5863943,-16.14441179333089
2024-05-31 16:30:00,12.674586633333334,0.7411088666666664,5.2055063,-7.4690803085652675
2024-05-31 17:00:00,18.37237175,12.160301616666668,12.081056,-6.291316108825683
2024-05-31 17:30:00,24.112387100000003,11.262320099999998,17.756271,-6.3561157376953155
2024-05-31 18:00:00,37.9027965,17.5924403,22.19751,-15.705286734375001
2024-05-31 18:30:00,34.8990823,24.531540133333333,24.883408,-10.015674707226566
2024-05-31 19:00:00,35.96288718333333,20.618218483333333,26.469086,-9.493801489973954
2024-05-31 19:30:00,32.0915543,27.4881944,28.414444,-3.677110330273436
2024-05-31 20:00:00,28.9796767,35.26414258333333,29.655655,0.6759782072265637
2024-05-31 20:30:00,29.91637568333333,34.46064781666667,30.470627,0.5542511477213559
2024-05-31 21:00:00,33.46818495,31.954795983333337,30.167084,-3.3011012097656263
2024-05-31 21:30:00,40.04847851666667,34.3798617,30.855667,-9.192811402408857
2024-05-31 22:00:00,45.92749385,29.962599800000003,31.025955,-14.901538649804685
2024-05-31 22:30:00,36.85724455,25.75036795,31.845352,-5.011892377148435
2024-05-31 23:00:00,34.50653713333333,28.759483266666667,32.53708,-1.9694582759114567
2024-05-31 23:30:00,33.973942216666664,27.06670725,33.799362,-0.17458003404947675
2024-06-01 00:00:00,36.81110771666667,29.160459983333336,33.78473,-3.026378712760419
2024-06-01 00:30:00,34.760211649999995,34.05996055,32.46106,-2.299152079687495
2024-06-01 01:00:00,25.957849416666665,32.49490385,31.064087,5.106237497395835
2024-06-01 01:30:00,24.6566694,31.21058766666667,30.296799,5.640129306054689
2024-06-01 02:00:00,33.914103266666665,32.73228211666667,30.552597,-3.361506220768227
2024-06-01 02:30:00,36.31071,29.53881108333333,30.046738,-6.263972329101563
2024-06-01 03:00:00,31.53814403333333,27.80489055,29.940506,-1.597638051888019
2024-06-01 03:30:00,28.254934416666668,26.633759416666667,29.169907,0.9149721995442697
2024-06-01 04:00:00,34.674476066666664,23.75262055,30.379242,-4.295234123307289
2024-06-01 04:30:00,35.9359866,23.70944265,30.268753,-5.667233548242187
2024-06-01 05:00:00,34.23180463333333,25.848340033333333,33.675125,-0.5566795112630203
2024-06-01 05:30:00,33.14007006666667,25.38393148333333,36.63344,3.493368043684896
2024-06-01 06:00:00,36.9738374,29.591368233333338,38.579773,1.6059355492187493
2024-06-01 06:30:00,43.38812673333334,30.73771445,40.33435,-3.053776147395837
2024-06-01 07:00:00,40.3149033,40.1559184,40.790848,0.47594447832031506
2024-06-01 07:30:00,37.954052366666666,39.47377493333333,38.964355,1.0103031020833342
2024-06-01 08:00:00,32.36933165,35.715474449999995,36.02536,3.6560284574218755
2024-06-01 08:30:00,28.8650889,31.246680616666666,27.964325,-0.9007639488281249
2024-06-01 09:00:00,22.713565,23.22043161666667,18.089615,-4.623950131835937
2024-06-01 09:30:00,28.63093453333333,12.990191133333331,5.86551,-22.76542454645589
2024-06-01 10:00:00,29.53649558333333,3.676928433333333,-7.203933,-36.74042834547933
2024-06-01 10:30:00,12.782233316666668,-8.7298651,-20.95758,-33.73981388307292
2024-06-01 11:00:00,-7.46039175,-20.33592673333333,-33.22673,-25.766338596679688
2024-06-01 11:30:00,-14.664702183333333,-18.44862826666667,-44.119125,-29.454423182877605
2024-06-01 12:00:00,-8.266916533333335,-24.9698061,-53.13495,-44.86803219713541
2024-06-01 12:30:00,-6.435618316666667,-19.32909768333333,-57.433044,-50.99742611692708
2024-06-01 13:00:00,-6.881178866666667,-6.446129016666667,-56.63086,-49.749680508333334
2024-06-01 13:30:00,3.101453933333332,-7.981928233333334,-52.17903,-55.280485305403644
2024-06-01 14:00:00,-4.938462049999999,-11.658896533333332,-44.335358,-39.39689561601563
2024-06-01 14:30:00,9.593869333333332,-6.391963383333333,-33.74507,-43.33894074446614
2024-06-01 15:00:00,9.986814966666667,9.589195683333337,-21.864487,-31.851301661002605
2024-06-01 15:30:00,8.5784816,2.0309293333333334,-10.868773,-19.447255060388184
2024-06-01 16:00:00,3.840392133333333,9.558017483333332,-1.1424552,-4.982847353555806
2024-06-01 16:30:00,8.829910633333332,12.674586633333334,7.4632425,-1.3666681025105785
2024-06-01 17:00:00,22.852718866666667,18.37237175,15.1158,-7.736918962797038
2024-06-01 17:30:00,27.48016385,24.112387100000003,20.501938,-6.978225983789063
2024-06-01 18:00:00,32.16642171666667,37.9027965,25.46408,-6.702340906119794
2024-06-01 18:30:00,44.545162000000005,34.8990823,27.839828,-16.705333508789067
2024-06-01 19:00:00,43.86109896666667,35.96288718333333,29.616745,-14.24435397154948
2024-06-01 19:30:00,43.83910946666666,32.0915543,30.210312,-13.628797577018226
2024-06-01 20:00:00,44.81953125,28.9796767,30.460175,-14.359356689453122
2024-06-01 20:30:00,51.143616066666674,29.91637568333333,31.879501,-19.264114723893236
2024-06-01 21:00:00,47.67754945,33.46818495,32.242477,-15.435072033007813
2024-06-01 21:30:00,50.95392345,40.04847851666667,33.00882,-17.945103869921873
2024-06-01 22:00:00,49.036493283333336,45.92749385,33.601593,-15.43490026575521
2024-06-01 22:30:00,46.67771678333333,36.85724455,34.462677,-12.215039781380206
2024-06-01 23:00:00,42.09615446666667,34.50653713333333,34.05194,-8.044213548697918
2024-06-01 23:30:00,45.9825134,33.973942216666664,34.345993,-11.636520358007814
2024-06-02 00:00:00,43.53441566666667,36.81110771666667,33.79779,-9.736625139322918
2024-06-02 00:30:00,45.62147553333333,34.760211649999995,31.439621,-14.181854561653644
2024-06-02 01:00:00,39.33703945,25.957849416666665,29.63498,-9.702060201953124
2024-06-02 01:30:00,33.193744466666665,24.6566694,29.286438,-3.907306478385415
2024-06-02 02:00:00,33.05621785,33.914103266666665,27.386642,-5.6695753939453155
2024-06-02 02:30:00,42.61821506666667,36.31071,26.571991,-16.046224099869796
2024-06-02 03:00:00,37.28449605,31.53814403333333,28.089325,-9.195171098828126
2024-06-02 03:30:00,31.985026633333334,28.254934416666668,27.422699,-4.562327658723959
2024-06-02 04:00:00,34.9347871,34.674476066666664,28.68454,-6.250247305078126
2024-06-02 04:30:00,33.0594545,35.9359866,30.593506,-2.465948640625001
2024-06-02 05:00:00,34.14647836666666,34.23180463333333,32.5076,-1.6388794897135384
2024-06-02 05:30:00,34.783329433333336,33.14007006666667,35.601227,0.8178973733072894
2024-06-02 06:00:00,32.960112816666665,36.9738374,38.236023,5.2759101325520845
2024-06-02 06:30:00,32.6155778,43.38812673333334,41.59137,8.975791828906253
2024-06-02 07:00:00,30.291444650000003,40.3149033,43.05092,12.75947392910156
2024-06-02 07:30:00,28.740117766666668,37.954052366666666,40.789246,12.049127838802082
2024-06-02 08:00:00,26.94999785,32.36933165,36.441742,9.491744093359376
2024-06-02 08:30:00,28.880286533333333,28.8650889,31.267609,2.387322109244792
2024-06-02 09:00:00,21.599706116666667,22.713565,22.577011,0.9773049917317707
2024-06-02 09:30:00,10.116621266666666,28.63093453333333,11.821748,1.7051265131795255
2024-06-02 10:00:00,-7.4193034,29.53649558333333,1.9927529,9.41205630966034
2024-06-02 10:30:00,-23.72433115,12.782233316666668,-8.651748,15.072583446447755
2024-06-02 11:00:00,-24.368260116666665,-7.46039175,-20.853363,3.51489707955729
2024-06-02 11:30:00,-36.848729983333335,-14.664702183333333,-32.108093,4.740636721614585
2024-06-02 12:00:00,-51.66969556666667,-8.266916533333335,-38.540207,13.12948865748698
2024-06-02 12:30:00,-44.29446496666666,-6.435618316666667,-41.77275,2.5217141121744717
2024-06-02 13:00:00,-42.264856566666666,-6.881178866666667,-42.3051,-0.04024292063802193
2024-06-02 13:30:00,-46.10813233333334,3.101453933333332,-39.504395,6.603737802083337
2024-06-02 14:00:00,-40.46455445,-4.938462049999999,-34.119812,6.344742438281251
2024-06-02 14:30:00,-34.762903333333334,9.593869333333332,-23.620544,11.142358899739584
2024-06-02 15:00:00,-32.99229135,9.986814966666667,-12.413772,20.578519720666506
2024-06-02 15:30:00,-23.260169966666663,8.5784816,-0.8957512,22.364418788402045
2024-06-02 16:00:00,-3.507590516666667,3.840392133333333,7.7611856,11.268776162723796
2024-06-02 16:30:00,10.69136785,8.829910633333332,15.053681,4.362313523596191
2024-06-02 17:00:00,22.15002833333333,22.852718866666667,21.717682,-0.43234644856770643
2024-06-02 17:30:00,26.069537166666667,27.48016385,26.094711,0.02517413704427085
2024-06-02 18:00:00,40.547005516666665,32.16642171666667,29.093445,-11.453560692447915
2024-06-02 18:30:00,52.66295655,44.545162000000005,33.52771,-19.135246589062497
2024-06-02 19:00:00,52.9735383,43.86109896666667,33.374283,-19.59925546308594
2024-06-02 19:30:00,44.98160166666667,43.83910946666666,32.56401,-12.417591046549482
2024-06-02 20:00:00,46.96745393333333,44.81953125,34.483673,-12.483780837630206
2024-06-02 20:30:00,41.146165,51.143616066666674,36.55548,-4.590684042968753
2024-06-02 21:00:00,37.37333195,47.67754945,36.60388,-0.7694501140625007
2024-06-02 21:30:00,37.3153049,50.95392345,37.960938,0.645632599999999
2024-06-02 22:00:00,41.05679181666667,49.036493283333336,38.067474,-2.989317451432292
2024-06-02 22:30:00,40.002749433333335,46.67771678333333,40.1893,0.1865511037760399
2024-06-02 23:00:00,39.17693963333333,42.09615446666667,39.555923,0.3789838285807292
2024-06-02 23:30:00,40.78361946666667,45.9825134,38.107086,-2.6765332850260464
2024-06-03 00:00:00,41.03857158333333,43.53441566666667,36.778336,-4.260236012044267
2024-06-03 00:30:00,41.81196383333333,45.62147553333333,34.719635,-7.092328823567705
2024-06-03 01:00:00,37.41904065,39.33703945,32.90596,-4.513080566992187
2024-06-03 01:30:00,32.38453655,33.193744466666665,30.830322,-1.554214284375
2024-06-03 02:00:00,27.282301166666667,33.05621785,29.169754,1.887452861653646
2024-06-03 02:30:00,32.68364948333333,42.61821506666667,28.99965,-3.684000435481771
2024-06-03 03:00:00,27.35354605,37.28449605,30.14801,2.7944642039062515
2024-06-03 03:30:00,25.910453933333333,31.985026633333334,30.664932,4.75447831764323
2024-06-03 04:00:00,27.6291684,34.9347871,29.82724,2.198071590234374
2024-06-03 04:30:00,28.85364065,33.0594545,31.490799,2.6371583001953134
2024-06-03 05:00:00,33.83504503333334,34.14647836666666,32.92897,-0.9060746964192745
2024-06-03 05:30:00,31.58510718333333,34.783329433333336,35.06157,3.476462030533856
2024-06-03 06:00:00,39.94098278333333,32.960112816666665,38.038956,-1.90202709485677
2024-06-03 06:30:00,45.99141995,32.6155778,41.460526,-4.530894437304688
2024-06-03 07:00:00,49.747027300000006,30.291444650000003,40.803574,-8.943453691601569
2024-06-03 07:30:00,43.1289817,28.740117766666668,39.515778,-3.613204112109372
2024-06-03 08:00:00,44.2762388,26.94999785,36.560593,-7.715646148632814
2024-06-03 08:30:00,44.07135841666667,28.880286533333333,30.226654,-13.844704363932294
2024-06-03 09:00:00,33.47502555,21.599706116666667,22.413284,-11.061741248242186
2024-06-03 09:30:00,12.8883145,10.116621266666666,12.295457,-0.592857613708496
2024-06-03 10:00:00,6.196822916666666,-7.4193034,0.958329,-5.238493894735972
2024-06-03 10:30:00,4.362450616666667,-23.72433115,-10.559493,-14.921943681547038
2024-06-03 11:00:00,-3.072994966666668,-24.368260116666665,-22.246307,-19.173312406380205
2024-06-03 11:30:00,-14.514473816666666,-36.848729983333335,-30.908203,-16.393729308333334
2024-06-03 12:00:00,-17.058328799999998,-51.66969556666667,-37.442856,-20.38452703496094
2024-06-03 12:30:00,-26.302007133333333,-44.29446496666666,-42.724823,-16.42281586471354
2024-06-03 13:00:00,-23.69092155,-42.264856566666666,-45.180893,-21.48997139433594
2024-06-03 13:30:00,-20.935633366666668,-46.10813233333334,-43.2446,-22.308965022005207
2024-06-03 14:00:00,-33.4928278,-40.46455445,-36.417435,-2.924606892382812
2024-06-03 14:30:00,-21.77521498333333,-34.762903333333334,-28.442291,-6.667076276432294
2024-06-03 15:00:00,-6.911803383333332,-32.99229135,-18.971619,-12.059815269010418
2024-06-03 15:30:00,1.9872099,-23.260169966666663,-9.197661,-11.184871299841308
2024-06-03 16:00:00,15.139106183333332,-3.507590516666667,0.64022905,-14.498877136988575
2024-06-03 16:30:00,19.907441566666662,10.69136785,8.00113,-11.906311462601721
2024-06-03 17:00:00,30.961027533333333,22.15002833333333,16.8824,-14.07862702063802
2024-06-03 17:30:00,50.88549938333333,26.069537166666667,21.981277,-28.90422191751302
2024-06-03 18:00:00,49.67336326666666,40.547005516666665,26.925034,-22.748329697330725
2024-06-03 18:30:00,58.88661326666666,52.66295655,32.404953,-26.48166026373697
2024-06-03 19:00:00,62.22626825,52.9735383,36.205353,-26.020915466796872
2024-06-03 19:30:00,60.70295333333333,44.98160166666667,38.097702,-22.605251306966146
2024-06-03 20:00:00,56.4000339,46.96745393333333,40.335007,-16.06502718613281
2024-06-03 20:30:00,54.99275265,41.146165,41.34558,-13.6471715953125
2024-06-03 21:00:00,55.07164613333333,37.37333195,40.549484,-14.522161880403644
2024-06-03 21:30:00,53.71250771666666,37.3153049,40.36113,-13.35137795592447
2024-06-03 22:00:00,49.87990725,41.05679181666667,41.050415,-8.829492210937502
2024-06-03 22:30:00,37.6114554,40.002749433333335,39.376297,1.7648415970703155
2024-06-03 23:00:00,37.46380271666666,39.17693963333333,37.777893,0.3140903497395868
2024-06-03 23:30:00,38.0960823,40.78361946666667,36.76036,-1.3357215822265616
2024-06-04 00:00:00,40.9606783,41.03857158333333,35.12967,-5.831009110546873
2024-06-04 00:30:00,41.66662993333333,41.81196383333333,33.961395,-7.705234669661458
2024-06-04 01:00:00,36.34777046666667,37.41904065,33.121643,-3.2261274002604168
2024-06-04 01:30:00,36.1397804,32.38453655,30.660294,-5.479486820898437
2024-06-04 02:00:00,41.27022383333333,27.282301166666667,29.307648,-11.962576128255208
2024-06-04 02:30:00,42.472564033333335,32.68364948333333,29.703674,-12.768889716927085
2024-06-04 03:00:00,30.001729283333333,27.35354605,31.16655,1.1648203992838546
2024-06-04 03:30:00,25.337886066666663,25.910453933333333,30.637772,5.29988553977865
2024-06-04 04:00:00,26.07590265,27.6291684,29.564713,3.4888098744140628
2024-06-04 04:30:00,30.01874055,28.85364065,30.05397,0.03522978691406209
2024-06-04 05:00:00,36.19146396666667,33.83504503333334,32.18344,-4.008022804557292
2024-06-04 05:30:00,35.754058,31.58510718333333,32.52733,-3.226729508789063
2024-06-04 06:00:00,36.48363158333333,39.94098278333333,35.99771,-0.48592040169270234
2024-06-04 06:30:00,37.74827771666667,45.99141995,38.577377,0.8290996026692667
2024-06-04 07:00:00,50.35249208333334,49.747027300000006,39.685318,-10.667174090169276
2024-06-04 07:30:00,57.817172766666665,43.1289817,39.325623,-18.491550208072915
2024-06-04 08:00:00,57.36116883333333,44.2762388,37.30307,-20.058098764973955
2024-06-04 08:30:00,40.09677328333333,44.07135841666667,31.3947,-8.70207418665364
2024-06-04 09:00:00,46.682939483333335,33.47502555,23.420822,-23.262117339778648
2024-06-04 09:30:00,29.166566666666668,12.8883145,11.672059,-17.4945076075236
2024-06-04 10:00:00,17.361044466666666,6.196822916666666,0.039749946,-17.32129452022144
2024-06-04 10:30:00,-2.3760570999999997,4.362450616666667,-10.1721945,-7.796137380895996
2024-06-04 11:00:00,-15.244544383333334,-3.072994966666668,-18.949585,-3.7050405776041657
2024-06-04 11:30:00,-16.19344896666667,-14.514473816666666,-27.776688,-11.583238655403644
2024-06-04 12:00:00,-18.37784508333333,-17.058328799999998,-33.515274,-15.137428964518232
2024-06-04 12:30:00,-16.433702866666668,-26.302007133333333,-39.171707,-22.738004286653645
2024-06-04 13:00:00,-24.73263611666667,-23.69092155,-39.587265,-14.854628897981769
2024-06-04 13:30:00,-22.5580283,-20.935633366666668,-35.03891,-12.480881612109375
2024-06-04 14:00:00,-16.6137911,-33.4928278,-29.5495,-12.93570841171875
2024-06-04 14:30:00,-8.34628605,-21.77521498333333,-23.472,-15.125714072070313
2024-06-04 15:00:00,-2.4783056,-6.911803383333332,-14.016158,-11.53785250394287
2024-06-04 15:30:00,6.0264482,1.9872099,-7.4365377,-13.462985942614747
2024-06-04 16:00:00,8.81339,15.139106183333332,1.1345834,-7.678806646003723
2024-06-04 16:30:00,23.70151615,19.907441566666662,11.65973,-12.041786192419433
2024-06-04 17:00:00,26.916949,30.961027533333333,19.936768,-6.980181421874999
2024-06-04 17:30:00,24.808469533333334,50.88549938333333,28.05832,3.2498495584635414
2024-06-04 18:00:00,27.339282883333336,49.67336326666666,35.632263,8.292980300260414
2024-06-04 18:30:00,32.935001650000004,58.88661326666666,41.44156,8.506557187890621
2024-06-04 19:00:00,46.60518453333333,62.22626825,44.369934,-2.235250451302079
2024-06-04 19:30:00,37.90029893333334,60.70295333333333,46.265167,8.364868302994786
2024-06-04 20:00:00,41.822866266666665,56.4000339,47.341522,5.51865595013021
2024-06-04 20:30:00,38.660738333333335,54.99275265,46.20038,7.5396400846354155
2024-06-04 21:00:00,45.76083333333333,55.07164613333333,45.06125,-0.6995845540364556
2024-06-04 21:30:00,49.12320423333333,53.71250771666666,43.23712,-5.8860826513020825
2024-06-04 22:00:00,45.342796666666665,49.87990725,42.323395,-3.01940189127604
2024-06-04 22:30:00,43.565121716666674,37.6114554,40.63086,-2.934262341666674
2024-06-04 23:00:00,48.09561051666666,37.46380271666666,38.46782,-9.627791302799473
2024-06-04 23:30:00,41.37085893333333,38.0960823,37.67018,-3.7006776589192683
2024-06-05 00:00:00,39.81432671666666,40.9606783,35.48166,-4.332667781119788
2024-06-05 00:30:00,37.25132060000001,41.66662993333333,33.754883,-3.4964377875000068
2024-06-05 01:00:00,37.543592233333335,36.34777046666667,33.728104,-3.8154885956380227
2024-06-05 01:30:00,38.62807561666667,36.1397804,32.13356,-6.494515436002608
2024-06-05 02:00:00,37.1796227,41.27022383333333,31.71843,-5.4611931345703155
2024-06-05 02:30:00,43.3210288,42.472564033333335,31.697968,-11.623061270703126
2024-06-05 03:00:00,38.63125018333333,30.001729283333333,31.124222,-7.507028381575516
2024-06-05 03:30:00,29.79307215,25.337886066666663,30.790283,0.9972110531249996
2024-06-05 04:00:00,30.0217888,26.07590265,32.029587,2.007797991992188
2024-06-05 04:30:00,24.596350016666666,30.01874055,31.69194,7.095590290950522
2024-06-05 05:00:00,29.044931533333337,36.19146396666667,32.751114,3.706182358268226
2024-06-05 05:30:00,30.485109366666663,35.754058,34.59494,4.109830818880212
2024-06-05 06:00:00,33.075475716666666,36.48363158333333,35.553604,2.478128409309896
2024-06-05 06:30:00,31.97550388333333,37.74827771666667,38.38858,6.413076438932293
2024-06-05 07:00:00,43.522017616666666,50.35249208333334,37.865784,-5.656233925260416
2024-06-05 07:30:00,46.58546561666666,57.817172766666665,38.22397,-8.361497110807285
2024-06-05 08:00:00,49.22734106666667,57.36116883333333,36.86458,-12.362762819596355
2024-06-05 08:30:00,36.47784885,40.09677328333333,34.253433,-2.2244156224609384
2024-06-05 09:00:00,42.10194221666666,46.682939483333335,25.907715,-16.194227372916657
2024-06-05 09:30:00,27.84839983333333,29.166566666666668,16.30777,-11.540630057942703
2024-06-05 10:00:00,23.09079005,17.361044466666666,7.284837,-15.805953280895995
2024-06-05 10:30:00,5.095238966666667,-2.3760570999999997,-5.4584494,-10.553688330375163
2024-06-05 11:00:00,-3.768456616666666,-15.244544383333334,-16.844711,-13.07625468704427
2024-06-05 11:30:00,-20.2586927,-16.19344896666667,-25.986801,-5.7281084474609365
2024-06-05 12:00:00,-32.02195123333333,-18.37784508333333,-31.151642,0.8703093876302077
2024-06-05 12:30:00,-39.75758781666666,-16.433702866666668,-33.656525,6.101063158463532
2024-06-05 13:00:00,-31.4449516,-24.73263611666667,-34.87944,-3.434488707617188
2024-06-05 13:30:00,-25.461015516666667,-22.5580283,-31.545776,-6.0847608505208335
2024-06-05 14:00:00,-16.239077733333332,-16.6137911,-24.60202,-8.362942530338543
2024-06-05 14:30:00,-14.3351105,-8.34628605,-17.693176,-3.3580657695312492
2024-06-05 15:00:00,-8.981729433333333,-2.4783056,-10.904281,-1.9225512292032878
2024-06-05 15:30:00,2.3831079499999994,6.0264482,-0.6150505,-2.9981584446708673
2024-06-05 16:00:00,10.073118316666664,8.81339,6.853364,-3.219754325882972
2024-06-05 16:30:00,12.771471066666663,23.70151615,16.195114,3.423643069075524
2024-06-05 17:00:00,17.776351116666664,26.916949,24.079926,6.303574420442711
2024-06-05 17:30:00,23.701137183333334,24.808469533333334,28.464615,4.763477684830729
2024-06-05 18:00:00,39.044687116666665,27.339282883333336,34.081436,-4.963250959440103
2024-06-05 18:30:00,40.76902618333333,32.935001650000004,37.432526,-3.336500548567706
2024-06-05 19:00:00,45.833965,46.60518453333333,38.859604,-6.974361118164062
2024-06-05 19:30:00,58.46391561666667,37.90029893333334,39.300552,-19.163363248502606
2024-06-05 20:00:00,49.938965450000005,41.822866266666665,42.865616,-7.073349605273442
2024-06-05 20:30:00,50.73453596666667,38.660738333333335,42.947144,-7.7873924119791695
2024-06-05 21:00:00,48.10945615,45.76083333333333,42.255188,-5.85426816171875
2024-06-05 21:30:00,41.3631328,49.12320423333333,41.295242,-0.06789049042968998
2024-06-05 22:00:00,37.019467266666666,45.342796666666665,40.675613,3.6561461366536463
2024-06-05 22:30:00,35.88421268333333,43.565121716666674,39.06949,3.185275842057294
2024-06-05 23:00:00,38.89699335,48.09561051666666,36.468857,-2.428136538476565
2024-06-05 23:30:00,38.349585133333335,41.37085893333333,35.41916,-2.93042619778646
2024-06-06 00:00:00,44.93123105,39.81432671666666,35.49318,-9.438051728710938
2024-06-06 00:30:00,37.4969606,37.25132060000001,35.082275,-2.4146852093750013
2024-06-06 01:00:00,31.940099383333333,37.543592233333335,33.771286,1.8311866274088544
2024-06-06 01:30:00,27.702080116666668,38.62807561666667,33.376587,5.674506797395832
2024-06-06 02:00:00,30.78632378333333,37.1796227,32.105957,1.31963324791667
2024-06-06 02:30:00,36.5861266,43.3210288,31.224976,-5.3611510140625
2024-06-06 03:00:00,37.70177341666667,38.63125018333333,32.972687,-4.7290866490885435
2024-06-06 03:30:00,31.1767439,29.79307215,33.18019,2.0034471400390608
2024-06-06 04:00:00,34.31488665,30.0217888,31.88823,-2.4266572798828108
2024-06-06 04:30:00,32.56607333333333,24.596350016666666,32.09285,-0.4732236018880158
2024-06-06 05:00:00,31.17007993333333,29.044931533333337,33.629013,2.4589331281901075
2024-06-06 05:30:00,31.9971446,30.485109366666663,34.677155,2.6800099410156264
2024-06-06 06:00:00,42.1184349,33.075475716666666,36.08081,-6.037624353124997
2024-06-06 06:30:00,40.4882223,31.97550388333333,36.39258,-4.095644174999997
2024-06-06 07:00:00,47.94113155,43.522017616666666,36.19995,-11.741180378125001
2024-06-06 07:30:00,54.49805610000001,46.58546561666666,37.47757,-17.02048651992188
2024-06-06 08:00:00,48.161784350000005,49.22734106666667,35.754166,-12.407618700585942
2024-06-06 08:30:00,43.21581841666667,36.47784885,30.758118,-12.457700740885421
2024-06-06 09:00:00,20.94024113333333,42.10194221666666,24.80516,3.864919389127607
2024-06-06 09:30:00,14.818889983333332,27.84839983333333,16.88617,2.0672794502604184
2024-06-06 10:00:00,1.7302988499999994,23.09079005,9.963075,8.232775834143068
2024-06-06 10:30:00,-7.415352666666666,5.095238966666667,-0.26882854,7.146524125626246
2024-06-06 11:00:00,-7.792301566666666,-3.768456616666666,-10.6518545,-2.859552948409018
2024-06-06 11:30:00,-4.6062501000000005,-20.2586927,-19.260498,-14.654247946875
2024-06-06 12:00:00,-15.022828383333334,-32.02195123333333,-25.678162,-10.655333237760416
2024-06-06 12:30:00,-25.596490616666667,-39.75758781666666,-31.332489,-5.735998397005208
2024-06-06 13:00:00,-27.0656367,-31.4449516,-32.95897,-5.893332416210939
2024-06-06 13:30:00,-18.02133063333333,-25.461015516666667,-30.686172,-12.664841852018231
2024-06-06 14:00:00,-11.752106683333333,-16.239077733333332,-24.386032,-12.633925421158855
2024-06-06 14:30:00,-3.1753578,-14.3351105,-17.312958,-14.137599963671875
2024-06-06 15:00:00,-1.1864333500000006,-8.981729433333333,-8.828139,-7.6417059551147455
2024-06-06 15:30:00,2.9393833,2.3831079499999994,-0.33195415,-3.271337451391983
2024-06-06 16:00:00,13.696549266666665,10.073118316666664,8.857865,-4.838683933109536
2024-06-06 16:30:00,20.4012278,12.771471066666663,17.372238,-3.0289896408203134
2024-06-06 17:00:00,19.342299983333334,17.776351116666664,22.432648,3.0903477217447914
2024-06-06 17:30:00,25.60581786666667,23.701137183333334,28.4346,2.828782963411456
2024-06-06 18:00:00,36.3239783,39.044687116666665,32.84256,-3.4814184855468753
2024-06-06 18:30:00,41.97972498333333,40.76902618333333,36.556763,-5.422962288020827
2024-06-06 19:00:00,43.938530883333335,45.833965,40.802322,-3.136208495638023
2024-06-06 19:30:00,46.86368051666667,58.46391561666667,42.57585,-4.2878290762369815
2024-06-06 20:00:00,49.76706781666667,49.938965450000005,44.017487,-5.749581244401043
2024-06-06 20:30:00,46.70602768333333,50.73453596666667,44.68155,-2.024478611067707
2024-06-06 21:00:00,37.79425546666667,48.10945615,43.74391,5.949656276497393
2024-06-06 21:30:00,43.34696711666667,41.3631328,42.60919,-0.7377752221354186
2024-06-06 22:00:00,40.02047556666667,37.019467266666666,40.690277,0.6698015329427065
2024-06-06 22:30:00,36.441837666666665,35.88421268333333,39.80336,3.361522318684898
2024-06-06 23:00:00,41.8042223,38.89699335,38.080658,-3.7235643410156243
2024-06-06 23:30:00,33.65811431666666,38.349585133333335,36.65042,2.992306825911463
2024-06-07 00:00:00,38.29262456666667,44.93123105,36.480133,-1.8124915100260424
2024-06-07 00:30:00,35.25562836666666,37.4969606,36.1996,0.9439718530598995
2024-06-07 01:00:00,33.0991728,31.940099383333333,33.77646,0.6772859402343769
2024-06-07 01:30:00,28.456676716666667,27.702080116666668,31.667633,3.210956339973958
2024-06-07 02:00:00,28.174814616666666,30.78632378333333,29.36174,1.1869254956380217
2024-06-07 02:30:00,29.51519155,36.5861266,29.297943,-0.21724843476562583
2024-06-07 03:00:00,27.43712333333333,37.70177341666667,30.522217,3.0850934635416714
2024-06-07 03:30:00,30.00754945,31.1767439,29.580612,-0.42693726738281157
2024-06-07 04:00:00,31.81743835,34.31488665,29.919312,-1.8981268265624998
2024-06-07 04:30:00,31.797762233333334,32.56607333333333,32.25551,0.4577461895182289
2024-06-07 05:00:00,28.66921838333333,31.17007993333333,33.811035,5.14181677291667
2024-06-07 05:30:00,26.824744433333336,31.9971446,34.411606,7.586861401627601
2024-06-07 06:00:00,36.3300172,42.1184349,37.891098,1.5610808224609372
2024-06-07 06:30:00,42.41109673333333,40.4882223,41.094467,-1.3166295702473931
2024-06-07 07:00:00,47.841449266666665,47.94113155,41.18045,-6.66099882721354
2024-06-07 07:30:00,46.26243713333333,54.49805610000001,40.47844,-5.783997802278641
2024-06-07 08:00:00,38.51494636666666,48.161784350000005,38.67386,0.15891227591146162
2024-06-07 08:30:00,28.1934279,43.21581841666667,33.220383,5.026954790429688
2024-06-07 09:00:00,15.736584433333334,20.94024113333333,27.031097,11.29451297877604
2024-06-07 09:30:00,6.078289016666666,14.818889983333332,17.633087,11.554798141536459
2024-06-07 10:00:00,1.6390861,1.7302988499999994,6.7538767,5.114790586096191
2024-06-07 10:30:00,-7.432249,-7.415352666666666,-1.7539512,5.678297808097839
2024-06-07 11:00:00,-14.752284916666666,-7.792301566666666,-10.259902,4.4923829162394195
2024-06-07 11:30:00,-16.832128216666668,-4.6062501000000005,-16.335815,0.4963127869791677
2024-06-07 12:00:00,-15.210047366666666,-15.022828383333334,-22.286057,-7.076009151888021
2024-06-07 12:30:00,-23.570989033333333,-25.596490616666667,-25.97078,-2.399790385611979
2024-06-07 13:00:00,-31.034258366666663,-27.0656367,-28.38121,2.653048039518225
2024-06-07 13:30:00,-28.480194316666665,-18.02133063333333,-26.036896,2.4432985647135403
2024-06-07 14:00:00,-26.325517783333336,-11.752106683333333,-21.625153,4.700365195442711
2024-06-07 14:30:00,-9.97835105,-3.1753578,-13.318328,-3.339976853747558
2024-06-07 15:00:00,-4.741690616666667,-1.1864333500000006,-6.164153,-1.4224624823933913
2024-06-07 15:30:00,-2.2069805500000004,2.9393833,0.9058693,3.11284985513382
2024-06-07 16:00:00,6.62888285,13.696549266666665,8.946137,2.3172545782836913
2024-06-07 16:30:00,13.256933316666666,20.4012278,18.438614,5.181680574934896
2024-06-07 17:00:00,19.40804663333333,19.342299983333334,26.055954,6.647907346158856
2024-06-07 17:30:00,25.4243511,25.60581786666667,30.528824,5.104472752539063
2024-06-07 18:00:00,25.40830383333333,36.3239783,35.003235,9.594931029947919
2024-06-07 18:30:00,29.064501133333334,41.97972498333333,38.00084,8.936338100065104
2024-06-07 19:00:00,33.82703296666667,43.938530883333335,42.503296,8.676262931770829
2024-06-07 19:30:00,36.79511178333333,46.86368051666667,43.910553,7.115441195182292
2024-06-07 20:00:00,39.219364383333335,49.76706781666667,44.21924,4.999873897916665
2024-06-07 20:30:00,37.07736991666667,46.70602768333333,44.188995,7.111625444661456
2024-06-07 21:00:00,34.4028094,37.79425546666667,40.05948,5.656669359765623
2024-06-07 21:30:00,32.619947716666665,43.34696711666667,39.96118,7.341233923958335
2024-06-07 22:00:00,33.28884878333333,40.02047556666667,39.35756,6.068710420768234
2024-06-07 22:30:00,35.81089451666667,36.441837666666665,38.613724,2.802829238216141
2024-06-07 23:00:00,38.37860931666666,41.8042223,37.78795,-0.5906607082682243
2024-06-07 23:30:00,32.710320483333334,33.65811431666666,38.24489,5.534567822330729
2024-06-08 00:00:00,36.226593900000005,38.29262456666667,36.780807,0.5542135951171829
2024-06-08 00:30:00,38.72068006666667,35.25562836666666,36.46971,-2.250968762955729
2024-06-08 01:00:00,41.19776995,33.0991728,33.93135,-7.266419241992189
2024-06-08 01:30:00,38.030473916666665,28.456676716666667,32.92119,-5.1092855621744775
2024-06-08 02:00:00,37.9545517,28.174814616666666,30.263702,-7.690849307421878
2024-06-08 02:30:00,40.78862273333333,29.51519155,29.543594,-11.245028372981764
2024-06-08 03:00:00,33.611073850000004,27.43712333333333,28.940643,-4.670430539453129
2024-06-08 03:30:00,30.67418615,30.00754945,29.177307,-1.4968790210937506
2024-06-08 04:00:00,29.86139796666667,31.81743835,29.409058,-0.4523403494791687
2024-06-08 04:30:00,30.81126383333333,31.797762233333334,30.158218,-0.653045449544269
2024-06-08 05:00:00,31.01748375,28.66921838333333,32.643326,1.6258420556640623
2024-06-08 05:30:00,33.60292846666667,26.824744433333336,35.455475,1.8525463868489567
2024-06-08 06:00:00,36.917234416666666,36.3300172,38.093674,1.1764392893880213
2024-06-08 06:30:00,40.06575011666667,42.41109673333333,40.399887,0.334136968294267
2024-06-08 07:00:00,44.60461443333333,47.841449266666665,41.559708,-3.044906791731769
2024-06-08 07:30:00,49.01541663333333,46.26243713333333,38.65953,-10.355885993684893
2024-06-08 08:00:00,41.25050556666667,38.51494636666666,38.340744,-2.9097615481119803
2024-06-08 08:30:00,31.70208273333333,28.1934279,32.63208,0.9299973447916692
2024-06-08 09:00:00,26.40212573333333,15.736584433333334,23.519287,-2.8828386239583317
2024-06-08 09:30:00,7.862420666666668,6.078289016666666,14.351655,6.489234339742024
2024-06-08 10:00:00,-4.740545016666667,1.6390861,4.2878885,9.028433543583171
2024-06-08 10:30:00,-12.686900766666668,-7.432249,-5.1532736,7.5336271842081715
2024-06-08 11:00:00,-21.57570935,-14.752284916666666,-13.646544,7.929164893518067
2024-06-08 11:30:00,-25.96657783333333,-16.832128216666668,-20.913483,5.053095167317704
2024-06-08 12:00:00,-34.711735600000004,-15.210047366666666,-25.263657,9.448078983789067
2024-06-08 12:30:00,-34.15346435,-23.570989033333333,-27.98056,6.172904047265625
2024-06-08 13:00:00,-45.26833163333333,-31.034258366666663,-29.8208,15.447530852083332
2024-06-08 13:30:00,-34.46695878333333,-28.480194316666665,-27.962326,6.504632733528645
2024-06-08 14:00:00,-36.99992898333333,-26.325517783333336,-23.358826,13.641103299739576
2024-06-08 14:30:00,-22.342647433333337,-9.97835105,-16.773605,5.569042086653649
2024-06-08 15:00:00,-5.918264433333333,-4.741690616666667,-9.80046,-3.8821954284220377
2024-06-08 15:30:00,-2.102055883333333,-2.2069805500000004,-0.41966167,1.6823942124101001
2024-06-08 16:00:00,11.162011716666669,6.62888285,7.8233805,-3.33863124639079
2024-06-08 16:30:00,16.389366083333332,13.256933316666666,16.240128,-0.1492385198567696
2024-06-08 17:00:00,21.485082816666665,19.40804663333333,25.04422,3.55913715403646
2024-06-08 17:30:00,23.74744395,25.4243511,29.939835,6.1923906447265615
2024-06-08 18:00:00,25.900694400000003,25.40830383333333,33.196533,7.295838803124997
2024-06-08 18:30:00,27.0274549,29.064501133333334,37.428513,10.401057673242189
2024-06-08 19:00:00,35.88176955,33.82703296666667,39.6364,3.754628765429686
2024-06-08 19:30:00,32.3366317,36.79511178333333,40.909256,8.572624281445314
2024-06-08 20:00:00,32.89577176666667,39.219364383333335,41.396133,8.500361656184893
2024-06-08 20:30:00,34.61139545,37.07736991666667,39.940994,5.329598812695309
2024-06-08 21:00:00,36.31638385,34.4028094,40.361298,4.044913757421874
2024-06-08 21:30:00,32.277752766666666,32.619947716666665,39.044495,6.766741862239584
2024-06-08 22:00:00,29.66781828333333,33.28884878333333,36.904465,7.236646438346359
2024-06-08 22:30:00,30.766744466666665,35.81089451666667,36.11151,5.344766763802085
2024-06-08 23:00:00,36.5445033,38.37860931666666,34.8264,-1.7181025431640649
2024-06-08 23:30:00,30.911318266666665,32.710320483333334,35.07042,4.159101044856772
2024-06-09 00:00:00,32.2831788,36.226593900000005,34.964752,2.6815733972656233
2024-06-09 00:30:00,37.07367551666667,38.72068006666667,32.43477,-4.638906839908856
2024-06-09 01:00:00,30.526150466666667,41.19776995,33.041504,2.5153534395833326
2024-06-09 01:30:00,24.92274103333333,38.030473916666665,32.971832,8.049091242057294
2024-06-09 02:00:00,23.1495757,37.9545517,30.326065,7.176489363476563
2024-06-09 02:30:00,28.519738466666663,40.78862273333333,29.48378,0.9640414405598996
2024-06-09 03:00:00,24.59393051666667,33.611073850000004,30.636215,6.042284693294267
2024-06-09 03:30:00,26.5080227,30.67418615,29.695755,3.187732304882811
2024-06-09 04:00:00,27.3306378,29.86139796666667,29.30365,1.9730121023437484
2024-06-09 04:30:00,24.201026016666663,30.81126383333333,32.1409,7.939873641536462
2024-06-09 05:00:00,26.81469543333333,31.01748375,34.144806,7.3301104748697945
2024-06-09 05:30:00,23.703538366666667,33.60292846666667,35.485687,11.782148889192708
2024-06-09 06:00:00,32.1860156,36.917234416666666,37.10904,4.9230237066406275
2024-06-09 06:30:00,33.86840871666667,40.06575011666667,37.43039,3.5619806876302036
2024-06-09 07:00:00,36.49789651666666,44.60461443333333,38.811417,2.3135201093099056
2024-06-09 07:30:00,39.80363681666667,49.01541663333333,39.98175,0.17811367161458236
2024-06-09 08:00:00,34.78902875,41.25050556666667,37.058075,2.269046201171875
2024-06-09 08:30:00,26.299413916666666,31.70208273333333,32.302963,6.003549340169272
2024-06-09 09:00:00,17.026367233333332,26.40212573333333,26.652496,9.626129104557293
2024-06-09 09:30:00,9.176533333333332,7.862420666666668,17.943375,8.76684130045573
2024-06-09 10:00:00,-3.069488866666667,-4.740545016666667,9.130006,12.199494703153483
2024-06-09 10:30:00,-12.2814811,-12.686900766666668,-3.6886437,8.59283740607605
2024-06-09 11:00:00,-20.496888266666662,-21.57570935,-13.684554,6.812334166630041
2024-06-09 11:30:00,-34.84255713333334,-25.96657783333333,-22.426743,12.415814579622399
2024-06-09 12:00:00,-41.11687391666666,-34.711735600000004,-26.48584,14.631034072916663
2024-06-09 12:30:00,-50.39614331666667,-34.15346435,-30.398315,19.997827886979167
2024-06-09 13:00:00,-51.431009466666666,-45.26833163333333,-32.206253,19.224756414908853
2024-06-09 13:30:00,-52.45002948333333,-34.46695878333333,-30.32637,22.12365924407552
2024-06-09 14:00:00,-43.07233718333333,-36.99992898333333,-25.953018,17.11931899485677
2024-06-09 14:30:00,-36.45585621666667,-22.342647433333337,-19.819992,16.63586415123698
2024-06-09 15:00:00,-22.92888395,-5.918264433333333,-10.516723,12.412161270861816
2024-06-09 15:30:00,-10.72930725,-2.102055883333333,-1.3226157,9.406691507316589
2024-06-09 16:00:00,0.6208783166666667,11.162011716666669,7.3674784,6.746600053999837
2024-06-09 16:30:00,4.65215485,16.389366083333332,15.9445505,11.292395664221193
2024-06-09 17:00:00,9.065918716666667,21.485082816666665,23.413605,14.347686019661458
2024-06-09 17:30:00,23.3678401,23.74744395,29.752151,6.384311389257814
2024-06-09 18:00:00,30.52345603333333,25.900694400000003,33.653732,3.130276266471359
2024-06-09 18:30:00,29.945765583333337,27.0274549,35.887405,5.941639812174476
2024-06-09 19:00:00,27.51739155,35.88176955,37.868607,10.351215017382813
2024-06-09 19:30:00,31.43994783333333,32.3366317,40.373276,8.933327923502606
2024-06-09 20:00:00,32.46527388333333,32.89577176666667,41.525146,9.059872601041668
2024-06-09 20:30:00,38.10515431666666,34.61139545,41.302673,3.1975190231770867
2024-06-09 21:00:00,32.881192133333336,36.31638385,39.94185,7.060656621549477
2024-06-09 21:30:00,34.52045998333333,32.277752766666666,38.890198,4.369737770572918
2024-06-09 22:00:00,33.81267845,29.66781828333333,37.171204,3.35852516328125
2024-06-09 22:30:00,30.85242335,30.766744466666665,35.18161,4.329186757421876
2024-06-09 23:00:00,33.4575979,36.5445033,34.770462,1.3128641361328093
2024-06-09 23:30:00,33.583271616666664,30.911318266666665,33.44554,-0.13773023483072677
2024-06-10 00:00:00,34.594592866666666,32.2831788,33.07292,-1.5216711137369785
2024-06-10 00:30:00,32.447745516666664,37.07367551666667,32.089233,-0.3585121182291644
2024-06-10 01:00:00,32.21645281666667,30.526150466666667,31.539581,-0.676871517838542
2024-06-10 01:30:00,28.088815983333333,24.92274103333333,30.812744,2.7239281572916667
2024-06-10 02:00:00,24.676490633333334,23.1495757,30.491943,5.815452726041666
2024-06-10 02:30:00,28.26989106666667,28.519738466666663,28.393234,0.12334318626301766
2024-06-10 03:00:00,26.9381778,24.59393051666667,27.340729,0.4025509597656267
2024-06-10 03:30:00,24.576409916666663,26.5080227,27.306198,2.729788203450525
2024-06-10 04:00:00,27.389386233333337,27.3306378,28.353317,0.9639310274088508
2024-06-10 04:30:00,27.836618283333333,24.201026016666663,28.157272,0.3206540555338542
2024-06-10 05:00:00,31.85078895,26.81469543333333,28.554031,-3.296757577929686
2024-06-10 05:30:00,34.000977799999994,23.703538366666667,29.570114,-4.4308636642578065
2024-06-10 06:00:00,41.05323785,32.1860156,32.621597,-8.43164055996094
2024-06-10 06:30:00,36.16237161666667,33.86840871666667,35.811264,-0.3511075785807307
2024-06-10 07:00:00,53.00726233333333,36.49789651666666,36.01523,-16.992034061848955
2024-06-10 07:30:00,51.155571216666665,39.80363681666667,35.61801,-15.53755974205729
2024-06-10 08:00:00,46.44430736666666,34.78902875,33.788986,-12.655321160611976
2024-06-10 08:30:00,38.12644835,26.299413916666666,27.84613,-10.280317978906247
2024-06-10 09:00:00,22.20147335,17.026367233333332,23.048172,0.846698647070312
2024-06-10 09:30:00,7.63656945,9.176533333333332,14.265794,6.629224350354004
2024-06-10 10:00:00,-0.2405641999999999,-3.069488866666667,4.0066385,4.247202726916504
2024-06-10 10:30:00,-15.009500083333334,-12.2814811,-6.857711,8.151789245015463
2024-06-10 11:00:00,-37.15366988333333,-20.496888266666662,-15.859542,21.294127990327958
2024-06-10 11:30:00,-49.60404003333334,-34.84255713333334,-26.13771,23.46632946204428
2024-06-10 12:00:00,-52.50118381666667,-41.11687391666666,-34.126846,18.374337503190105
2024-06-10 12:30:00,-56.95979558333334,-50.39614331666667,-38.909576,18.050219167317714
2024-06-10 13:00:00,-54.60871165,-51.431009466666666,-40.488358,14.120354106054684
2024-06-10 13:30:00,-53.312206116666665,-52.45002948333333,-37.270172,16.04203399752604
2024-06-10 14:00:00,-48.8211388,-43.07233718333333,-32.053284,16.76785510859375
2024-06-10 14:30:00,-33.99299,-36.45585621666667,-25.025436,8.967553598632811
2024-06-10 15:00:00,-21.978720050000003,-22.92888395,-16.75885,5.219869952343753
2024-06-10 15:30:00,-10.864627783333331,-10.72930725,-7.77304,3.0915879655232725
2024-06-10 16:00:00,-0.0386582500000002,0.6208783166666667,2.6661232,2.704781401779175
2024-06-10 16:30:00,14.9410801,4.65215485,11.149751,-3.7913293904663092
2024-06-10 17:00:00,26.615363833333333,9.065918716666667,18.52246,-8.092902895833333
2024-06-10 17:30:00,34.72926021666667,23.3678401,25.86087,-8.868389855338542
2024-06-10 18:00:00,30.95227593333333,30.52345603333333,29.847427,-1.1048485651692665
2024-06-10 18:30:00,33.71859386666667,29.945765583333337,33.08229,-0.6363032172526104
2024-06-10 19:00:00,38.138498383333335,27.51739155,34.599045,-3.5394535835286476
2024-06-10 19:30:00,44.68677713333333,31.43994783333333,35.806595,-8.880182284700517
2024-06-10 20:00:00,46.67642001666667,32.46527388333333,36.506165,-10.170255465885418
2024-06-10 20:30:00,42.96613666666667,38.10515431666666,35.113617,-7.852519723307296
2024-06-10 21:00:00,50.95440666666667,32.881192133333336,34.93071,-16.023696827799483
2024-06-10 21:30:00,42.57636705,34.52045998333333,35.258728,-7.317639022656252
2024-06-10 22:00:00,38.38438276666667,33.81267845,34.747925,-3.6364579619791684
2024-06-10 22:30:00,39.25643956666666,30.85242335,32.81363,-6.442810416276032
2024-06-10 23:00:00,32.876561083333335,33.4575979,33.172882,0.2963209967447895
2024-06-10 23:30:00,31.91503503333333,33.583271616666664,32.847275,0.9322397469401089
2024-06-11 00:00:00,33.57894936666667,34.594592866666666,32.33313,-1.24581948385417
2024-06-11 00:30:00,38.04836005,32.447745516666664,30.828674,-7.219685733593749
2024-06-11 01:00:00,32.537757199999994,32.21645281666667,30.96759,-1.5701668679687444
2024-06-11 01:30:00,34.57578433333333,28.088815983333333,28.392822,-6.182962067708331
2024-06-11 02:00:00,33.25425675,24.676490633333334,28.26567,-4.988585973632816
2024-06-11 02:30:00,32.917920466666665,28.26989106666667,27.622116,-5.295804377799477
2024-06-11 03:00:00,30.245165983333333,26.9381778,27.003052,-3.242114225520833
2024-06-11 03:30:00,33.918252716666665,24.576409916666663,27.617996,-6.300256500846352
2024-06-11 04:00:00,35.11052123333334,27.389386233333337,28.495026,-6.615495598567712
2024-06-11 04:30:00,33.3706027,27.836618283333333,28.559494,-4.811108681445312
2024-06-11 05:00:00,35.78611848333333,31.85078895,29.953506,-5.83261201360677
2024-06-11 05:30:00,34.32664271666667,34.000977799999994,32.07309,-2.2535531170572938
2024-06-11 06:00:00,30.3674232,41.05323785,35.18744,4.820015764843749
2024-06-11 06:30:00,36.34257885,36.16237161666667,37.93318,1.59060291269531
2024-06-11 07:00:00,51.12880785000001,53.00726233333333,36.308624,-14.820183582421883
2024-06-11 07:30:00,55.5542506,51.155571216666665,36.46295,-19.091298939843753
2024-06-11 08:00:00,51.25430333333333,46.44430736666666,35.13408,-16.120224353841145
2024-06-11 08:30:00,33.11525895,38.12644835,28.85791,-4.257348793749998
2024-06-11 09:00:00,34.681493816666666,22.20147335,21.612946,-13.068548260026041
2024-06-11 09:30:00,30.88074055,7.63656945,12.195939,-18.68480148597412
2024-06-11 10:00:00,19.988222216666667,-0.2405641999999999,3.0654457,-16.922776555121867
2024-06-11 10:30:00,9.5523389,-15.009500083333334,-8.696059,-18.24839812698975
2024-06-11 11:00:00,1.5629587666666656,-37.15366988333333,-19.78305,-21.34600930377604
2024-06-11 11:30:00,0.7014659833333345,-49.60404003333334,-29.614899,-30.31636466497396
2024-06-11 12:00:00,5.548160049999999,-52.50118381666667,-36.99878,-42.546939346875
2024-06-11 12:30:00,1.3122183333333333,-56.95979558333334,-41.361526,-42.673744822591146
2024-06-11 13:00:00,-2.358397783333334,-54.60871165,-43.03282,-40.67442387194011
2024-06-11 13:30:00,-0.7284155833333331,-53.312206116666665,-40.50891,-39.78049554947917
2024-06-11 14:00:00,-9.875980533333331,-48.8211388,-35.087875,-25.211894832877604
2024-06-11 14:30:00,-10.08410225,-33.99299,-26.80075,-16.716648482421874
2024-06-11 15:00:00,6.033363866666666,-21.978720050000003,-18.514786,-24.548149633268228
2024-06-11 15:30:00,7.1002077,-10.864627783333331,-11.039641,-18.139849080310057
2024-06-11 16:00:00,6.35422165,-0.0386582500000002,-1.8765708,-8.23079247080841
2024-06-11 16:30:00,18.62810533333333,14.9410801,10.034593,-8.593512704854327
2024-06-11 17:00:00,28.5419938,26.615363833333333,18.08783,-10.45416421015625
2024-06-11 17:30:00,47.108504366666665,34.72926021666667,23.772064,-23.33644015768229
2024-06-11 18:00:00,48.49455988333333,30.95227593333333,31.058746,-17.435813545442706
2024-06-11 18:30:00,55.749185,33.71859386666667,34.82907,-20.920113955078122
2024-06-11 19:00:00,56.69537735,38.138498383333335,36.935318,-19.76005935683594
2024-06-11 19:30:00,50.86832275,44.68677713333333,38.460205,-12.408117671874997
2024-06-11 20:00:00,49.07805568333333,46.67642001666667,38.80165,-10.27640468235677
2024-06-11 20:30:00,50.52500495,42.96613666666667,38.326614,-12.19839057011719
2024-06-11 21:00:00,48.09847821666667,50.95440666666667,38.531784,-9.566694159049483
2024-06-11 21:30:00,44.41042706666666,42.57636705,37.660034,-6.7503928869791565
2024-06-11 22:00:00,44.6462635,38.38438276666667,37.42871,-7.217552562500003
2024-06-11 22:30:00,31.730968333333333,39.25643956666666,35.24112,3.510151051432292
2024-06-11 23:00:00,34.63338496666667,32.876561083333335,34.441895,-0.191490435416668
2024-06-11 23:30:00,39.21468278333333,31.91503503333333,33.627182,-5.587500776497393
2024-06-12 00:00:00,39.212625683333336,33.57894936666667,32.168594,-7.044031322981773
2024-06-12 00:30:00,36.527270666666666,38.04836005,31.112732,-5.414538733072916
2024-06-12 01:00:00,35.575900516666664,32.537757199999994,30.986557,-4.5893435098307265
2024-06-12 01:30:00,31.39809603333333,34.57578433333333,30.475082,-0.9230136358723939
2024-06-12 02:00:00,31.20676818333333,33.25425675,30.098999,-1.107769159895831
2024-06-12 02:30:00,40.2307501,32.917920466666665,28.881683,-11.349066750390627
2024-06-12 03:00:00,32.261058416666664,30.245165983333333,28.116653,-4.144404974283852
2024-06-12 03:30:00,34.96946111666667,33.918252716666665,27.546646,-7.422814998502609
2024-06-12 04:00:00,30.13221058333333,35.11052123333334,28.800217,-1.3319939085286414
2024-06-12 04:30:00,33.87308551666667,33.3706027,31.800583,-2.0725026309244825
2024-06-12 05:00:00,31.249647616666664,35.78611848333333,32.846603,1.5969557768880236
2024-06-12 05:30:00,34.13757061666667,34.32664271666667,34.42833,0.2907588511067658
2024-06-12 06:00:00,38.26389855,30.3674232,35.548035,-2.7158638820312504
2024-06-12 06:30:00,37.84618486666667,36.34257885,37.909958,0.06377301907551924
2024-06-12 07:00:00,46.02631785,51.12880785000001,39.52289,-6.503429666406248
2024-06-12 07:30:00,47.583615,55.5542506,37.968704,-9.61491077636719
2024-06-12 08:00:00,45.14732936666667,51.25430333333333,35.56723,-9.580099142057293
2024-06-12 08:30:00,33.1784898,33.11525895,29.035019,-4.143470879101564
2024-06-12 09:00:00,18.4043696,34.681493816666666,20.162323,1.757953398046876
2024-06-12 09:30:00,8.684091216666667,30.88074055,11.803102,3.119010322945149
2024-06-12 10:00:00,-7.1529994666666665,19.988222216666667,2.2517402,9.40473968387553
2024-06-12 10:30:00,-14.765654416666663,9.5523389,-9.285949,5.47970566330973
2024-06-12 11:00:00,-33.827009583333336,1.5629587666666656,-18.426071,15.400938416341148
2024-06-12 11:30:00,-36.12878281666666,0.7014659833333345,-26.975296,9.153486796158845
2024-06-12 12:00:00,-38.8119323,5.548160049999999,-31.961456,6.850476001171877
2024-06-12 12:30:00,-45.27056673333334,1.3122183333333333,-33.500244,11.77032259270834
2024-06-12 13:00:00,-58.00309331666667,-2.358397783333334,-32.540527,25.46256597291667
2024-06-12 13:30:00,-59.926191683333336,-0.7284155833333331,-28.7099,31.216291780989586
2024-06-12 14:00:00,-53.92741986666667,-9.875980533333331,-22.824203,31.10321637545573
2024-06-12 14:30:00,-32.22036943333333,-10.08410225,-16.325516,15.89485368626302
2024-06-12 15:00:00,-23.669907766666668,6.033363866666666,-8.734679,14.935228544559735
2024-06-12 15:30:00,-4.395789983333333,7.1002077,1.5732735,5.969063522876485
2024-06-12 16:00:00,1.357292233333333,6.35422165,8.680863,7.323571147098796
2024-06-12 16:30:00,10.556047233333333,18.62810533333333,16.286667,5.730619636783855
2024-06-12 17:00:00,26.96651721666667,28.5419938,23.429764,-3.5367534227213575
2024-06-12 17:30:00,24.45689563333333,47.108504366666665,28.84462,4.387724117643234
2024-06-12 18:00:00,47.76875446666667,48.49455988333333,34.064682,-13.704072459830734
2024-06-12 18:30:00,47.610635,55.749185,38.26198,-9.34865685058594
2024-06-12 19:00:00,54.865705600000005,56.69537735,39.971375,-14.894331088281255
2024-06-12 19:30:00,48.20544841666666,50.86832275,41.31189,-6.893558768229163
2024-06-12 20:00:00,53.6873761,49.07805568333333,42.386032,-11.301343995507814
2024-06-12 20:30:00,45.53962785,50.52500495,42.011063,-3.5285652279296897
2024-06-12 21:00:00,42.24747445,48.09847821666667,41.004135,-1.243339318164061
2024-06-12 21:30:00,47.281228783333326,44.41042706666666,40.169846,-7.111383202278638
2024-06-12 22:00:00,37.55303518333333,44.6462635,38.99272,1.439686374283859
2024-06-12 22:30:00,29.68975945,31.730968333333333,37.11975,7.4299915265625
2024-06-12 23:00:00,29.68430285,34.63338496666667,36.448807,6.764503912695311
2024-06-12 23:30:00,35.35631535,39.21468278333333,35.147705,-0.2086102718750027
2024-06-13 00:00:00,39.69538563333334,39.212625683333336,33.769608,-5.925778089388025
2024-06-13 00:30:00,35.91871261666667,36.527270666666666,33.0925,-2.8262138373697923
2024-06-13 01:00:00,33.031583266666665,35.575900516666664,32.88594,-0.1456427149088526
2024-06-13 01:30:00,32.968475516666665,31.39809603333333,31.26619,-1.7022859414713523
2024-06-13 02:00:00,35.630841733333334,31.20676818333333,30.692581,-4.938260556575521
2024-06-13 02:30:00,33.9575851,40.2307501,29.233795,-4.723789933984378
2024-06-13 03:00:00,28.39998328333333,32.261058416666664,29.596909,1.1969252860026067
2024-06-13 03:30:00,31.118646066666667,34.96946111666667,29.850021,-1.2686247043619794
2024-06-13 04:00:00,35.81542116666667,30.13221058333333,30.084198,-5.731223168619792
2024-06-13 04:30:00,31.933835416666668,33.87308551666667,33.02353,1.0896936360677074
2024-06-13 05:00:00,37.31707993333333,31.249647616666664,33.403214,-3.9138664323567696
2024-06-13 05:30:00,35.79627505,34.13757061666667,38.160446,2.364171116992189
2024-06-13 06:00:00,39.68918705,38.26389855,39.551285,-0.13790225996093852
2024-06-13 06:30:00,39.67275826666667,37.84618486666667,41.857178,2.184419467708331
2024-06-13 07:00:00,42.61808056666666,46.02631785,43.351334,0.7332530514973996
2024-06-13 07:30:00,43.62481111666667,47.583615,40.968338,-2.656473103971358
2024-06-13 08:00:00,42.86612506666666,45.14732936666667,36.928314,-5.937810857682287
2024-06-13 08:30:00,31.30890228333333,33.1784898,32.178375,0.8694729608072933
2024-06-13 09:00:00,30.026880533333337,18.4043696,23.826767,-6.200113565559899
2024-06-13 09:30:00,31.68339201666667,8.684091216666667,14.179444,-17.503947703617353
2024-06-13 10:00:00,15.096823333333331,-7.1529994666666665,3.379151,-11.717672227452594
2024-06-13 10:30:00,3.5697354666666663,-14.765654416666663,-8.764403,-12.33413880986735
2024-06-13 11:00:00,-9.5460539,-33.827009583333336,-18.170807,-8.624752984765625
2024-06-13 11:30:00,-19.247813933333333,-36.12878281666666,-26.916794,-7.668979889908854
2024-06-13 12:00:00,-17.246167716666665,-38.8119323,-33.68132,-16.435152473763022
2024-06-13 12:30:00,-25.795452816666668,-45.27056673333334,-36.280914,-10.485461489973957
2024-06-13 13:00:00,-10.951655716666666,-58.00309331666667,-36.94777,-25.996113448372398
2024-06-13 13:30:00,-3.94715955,-59.926191683333336,-34.91974,-30.97257921953125
2024-06-13 14:00:00,-4.311213983333333,-53.92741986666667,-30.26445,-25.953236089908856
2024-06-13 14:30:00,-2.3760710999999994,-32.22036943333333,-23.388855,-21.01278388046875
2024-06-13 15:00:00,-7.01415725,-23.669907766666668,-14.999938,-7.985780761169433
2024-06-13 15:30:00,-3.254939483333333,-4.395789983333333,-6.518981,-3.2640414965861004
2024-06-13 16:00:00,1.53489,1.357292233333333,3.2893531,1.7544631322479247
2024-06-13 16:30:00,21.046670533333334,10.556047233333333,11.16948,-9.87719020954183
2024-06-13 17:00:00,26.153539,26.96651721666667,20.641602,-5.5119374374999985
2024-06-13 17:30:00,35.519582783333334,24.45689563333333,27.733292,-7.7862911573567715
2024-06-13 18:00:00,47.19220285,47.76875446666667,33.022095,-14.170108123437501
2024-06-13 18:30:00,62.2120512,47.610635,38.37744,-23.834609793749998
2024-06-13 19:00:00,66.17591458333334,54.865705600000005,41.55905,-24.616863069661463
2024-06-13 19:30:00,60.498848116666665,48.20544841666666,41.79535,-18.703498995572915
2024-06-13 20:00:00,55.8531615,53.6873761,43.10727,-12.745892212890624
2024-06-13 20:30:00,48.40169608333333,45.53962785,42.83383,-5.567864296223952
2024-06-13 21:00:00,55.130998883333326,42.24747445,42.07309,-13.057909283723951
2024-06-13 21:30:00,56.53415775,47.281228783333326,41.618713,-14.915444371093749
2024-06-13 22:00:00,45.4216905,37.55303518333333,38.646378,-6.775312936523434
2024-06-13 22:30:00,47.16233378333334,29.68975945,37.062714,-10.099620160286463
2024-06-13 23:00:00,51.51529335,29.68430285,35.78073,-15.734562148828125
2024-06-13 23:30:00,48.52565655,35.35631535,34.866394,-13.65926250703125
2024-06-14 00:00:00,49.49865555,39.69538563333334,33.57544,-15.923216096875002
2024-06-14 00:30:00,51.66639621666667,35.91871261666667,32.259186,-19.407210425651044
2024-06-14 01:00:00,41.899999916666665,33.031583266666665,29.553848,-12.346151650065103
2024-06-14 01:30:00,30.46415718333333,32.968475516666665,30.599579,0.1354216740885441
2024-06-14 02:00:00,32.79640708333333,35.630841733333334,29.655045,-3.1413625276692656
2024-06-14 02:30:00,42.16616893333333,33.9575851,30.442123,-11.724045520247394
2024-06-14 03:00:00,36.61909441666666,28.39998328333333,32.184326,-4.4347682447916625
2024-06-14 03:30:00,33.112460033333335,31.118646066666667,31.652023,-1.4604367179036473
2024-06-14 04:00:00,32.8296982,35.81542116666667,31.866821,-0.9628769109375028
2024-06-14 04:30:00,31.177483299999995,31.933835416666668,33.152756,1.9752724373046924
2024-06-14 05:00:00,29.6222061,37.31707993333333,35.354263,5.732057205664063
2024-06-14 05:30:00,33.918599183333335,35.79627505,36.57701,2.658411925065103
2024-06-14 06:00:00,35.043947816666666,39.68918705,40.49536,5.451413511458334
2024-06-14 06:30:00,39.86608218333333,39.67275826666667,42.08896,2.222876556901042
2024-06-14 07:00:00,45.576916716666666,42.61808056666666,41.68582,-3.891095183463541
2024-06-14 07:30:00,45.29261735,43.62481111666667,38.530365,-6.762252359765625
2024-06-14 08:00:00,45.244776050000006,42.86612506666666,36.814835,-8.429941455273443
2024-06-14 08:30:00,34.132952816666666,31.30890228333333,30.10109,-4.031863339127604
2024-06-14 09:00:00,21.20697505,30.026880533333337,23.81488,2.6079053210937495
2024-06-14 09:30:00,6.4896256,31.68339201666667,15.18538,8.695754381994629
2024-06-14 10:00:00,6.331083283333332,15.096823333333331,4.456437,-1.8746461724324535
2024-06-14 10:30:00,-3.764791299999999,3.5697354666666663,-5.629592,-1.8648006418334973
2024-06-14 11:00:00,-9.0575899,-9.5460539,-14.687545,-5.629954922692871
2024-06-14 11:30:00,-12.186153249999998,-19.247813933333333,-24.42337,-12.237217111328127
2024-06-14 12:00:00,-7.315216716666666,-17.246167716666665,-31.047134,-23.731917682747397
2024-06-14 12:30:00,-7.197898816666668,-25.795452816666668,-34.365417,-27.16751866380208
2024-06-14 13:00:00,-3.870786566666666,-10.951655716666666,-33.474396,-29.60360918528646
2024-06-14 13:30:00,-8.484975516666667,-3.94715955,-29.455246,-20.970270455013022
2024-06-14 14:00:00,-4.094519450000001,-4.311213983333333,-23.597961,-19.50344197578125
2024-06-14 14:30:00,13.013454599999998,-2.3760710999999994,-15.74977,-28.763224764489742
2024-06-14 15:00:00,17.245038833333336,-7.01415725,-6.5996084,-23.84464725465902
2024-06-14 15:30:00,22.02891053333333,-3.254939483333333,2.663163,-19.36574758663228
2024-06-14 16:00:00,26.72654778333333,1.53489,11.544557,-15.181991165596514
2024-06-14 16:30:00,32.8482606,21.046670533333334,21.010391,-11.83786936464844
2024-06-14 17:00:00,35.20213163333333,26.153539,28.764969,-6.437162761263018
2024-06-14 17:30:00,36.60910065,35.519582783333334,35.039368,-1.569732974218752
2024-06-14 18:00:00,32.95416006666667,47.19220285,40.086227,7.132067350325521
2024-06-14 18:30:00,32.60681063333333,62.2120512,43.684555,11.077744420377606
2024-06-14 19:00:00,42.37885503333333,66.17591458333334,45.173782,2.794927315299482
2024-06-14 19:30:00,49.543817716666666,60.498848116666665,45.888855,-3.6549627361979162
2024-06-14 20:00:00,57.12987225,55.8531615,45.822357,-11.307515072265623
2024-06-14 20:30:00,48.91174788333333,48.40169608333333,45.42923,-3.4825181470052016
2024-06-14 21:00:00,42.0244523,55.130998883333326,44.628082,2.603629975390625
2024-06-14 21:30:00,44.164069866666665,56.53415775,44.542114,0.3780443911458349
2024-06-14 22:00:00,51.8844605,45.4216905,43.643097,-8.241363576171878
2024-06-14 22:30:00,43.49698548333333,47.16233378333334,39.91739,-3.579596567317708
2024-06-14 23:00:00,34.357790466666664,51.51529335,39.226883,4.8690924679036485
2024-06-14 23:30:00,35.53094013333333,48.52565655,37.73355,2.2026108920572938
2024-06-15 00:00:00,35.51438568333333,49.49865555,37.12126,1.6068759133463573
2024-06-15 00:30:00,46.44944668333333,51.66639621666667,36.470978,-9.978468900130203
2024-06-15 01:00:00,40.91864771666667,41.899999916666665,35.342346,-5.576301525260419
2024-06-15 01:30:00,33.224375583333334,30.46415718333333,33.451218,0.22684206803385365
2024-06-15 02:00:00,37.68711501666667,32.79640708333333,32.3067,-5.380413356510417
2024-06-15 02:30:00,40.612585,42.16616893333333,32.910004,-7.702581337890628
2024-06-15 03:00:00,26.65814958333333,36.61909441666666,32.14206,5.483909742838545
2024-06-15 03:30:00,27.7208445,33.112460033333335,32.543396,4.822551496093752
2024-06-15 04:00:00,30.266641566666667,32.8296982,32.140045,1.8734035993489577
2024-06-15 04:30:00,31.02004493333333,31.177483299999995,33.12715,2.1071065559244815
2024-06-15 05:00:00,28.37010718333333,29.6222061,34.958588,6.588480463151043
2024-06-15 05:30:00,30.71294388333333,33.918599183333335,37.52536,6.812416224088544
2024-06-15 06:00:00,34.23818236666667,35.043947816666666,38.628113,4.3899304263020795
2024-06-15 06:30:00,37.07987658333334,39.86608218333333,40.335403,3.255526859049475
2024-06-15 07:00:00,39.44232383333333,45.576916716666666,40.84433,1.402006000651042
2024-06-15 07:30:00,38.43595501666667,45.29261735,40.039276,1.603321106380207
2024-06-15 08:00:00,34.278143666666665,45.244776050000006,37.48799,3.2098476663411475
2024-06-15 08:30:00,24.332933466666663,34.132952816666666,31.551422,7.218488652473962
2024-06-15 09:00:00,22.32776885,21.20697505,22.730972,0.4032034400390643
2024-06-15 09:30:00,15.892016033333334,6.4896256,13.618165,-2.273851017159018
2024-06-15 10:00:00,5.004941666666666,6.331083283333332,2.826203,-2.178738558832804
2024-06-15 10:30:00,1.840995483333333,-3.764791299999999,-7.5583944,-9.399389915401205
2024-06-15 11:00:00,-16.29252225,-9.0575899,-16.7603,-0.4677774326171864
2024-06-15 11:30:00,-17.63392,-12.186153249999998,-25.416077,-7.78215666015625
2024-06-15 12:00:00,-20.540092166666668,-7.315216716666666,-30.455017,-9.914924923177082
2024-06-15 12:30:00,-33.45871793333333,-7.197898816666668,-33.842728,-0.38400972779948006
2024-06-15 13:00:00,-26.405259966666662,-3.870786566666666,-31.987457,-5.582197308723963
2024-06-15 13:30:00,-23.80070111666667,-8.484975516666667,-27.52179,-3.7210884341145807
2024-06-15 14:00:00,-13.411220583333332,-4.094519450000001,-21.474762,-8.063541379557293
2024-06-15 14:30:00,-4.8505037333333325,13.013454599999998,-12.341811,-7.491307446781414
2024-06-15 15:00:00,11.475744316666663,17.245038833333336,-3.0079186,-14.483662912934363
2024-06-15 15:30:00,11.807520733333334,22.02891053333333,6.9583445,-4.8491762737996424
2024-06-15 16:00:00,24.369426066666666,26.72654778333333,15.874604,-8.494821841507974
2024-06-15 16:30:00,42.43889958333333,32.8482606,23.68129,-18.75760991048177
2024-06-15 17:00:00,47.92893463333333,35.20213163333333,30.52858,-17.400354921419265
2024-06-15 17:30:00,59.262453916666665,36.60910065,36.46013,-22.802325132486978
2024-06-15 18:00:00,68.44644501666666,32.95416006666667,40.54097,-27.905475168033846
2024-06-15 18:30:00,61.15908626666666,32.60681063333333,41.871613,-19.287473717838537
2024-06-15 19:00:00,53.99755298333333,42.37885503333333,44.350586,-9.646967045833328
2024-06-15 19:30:00,52.03402593333333,49.543817716666666,45.846222,-6.187804009505207
2024-06-15 20:00:00,50.88791488333334,57.12987225,45.627106,-5.2608091704427125
2024-06-15 20:30:00,48.27857576666667,48.91174788333333,44.840622,-3.437953818424482
2024-06-15 21:00:00,42.87795491666666,42.0244523,42.235855,-0.6420998141275973
2024-06-15 21:30:00,48.68808671666667,44.164069866666665,41.215134,-7.47295304967448
2024-06-15 22:00:00,48.71767666666667,51.8844605,40.310837,-8.406839874674482
2024-06-15 22:30:00,48.5009756,43.49698548333333,40.061203,-8.43977259707031
2024-06-15 23:00:00,44.622186150000005,34.357790466666664,39.43344,-5.1887449878906295
2024-06-15 23:30:00,43.04255495,35.53094013333333,38.920746,-4.121809100390628
2024-06-16 00:00:00,40.52423391666667,35.51438568333333,37.247787,-3.2764464410807292
2024-06-16 00:30:00,39.19847893333333,46.44944668333333,36.24269,-2.9557878932942643
2024-06-16 01:00:00,36.09344105,40.91864771666667,35.350204,-0.7432365822265652
2024-06-16 01:30:00,35.23704446666667,33.224375583333334,33.806534,-1.4305106531901046
2024-06-16 02:00:00,36.20653451666667,37.68711501666667,31.13797,-5.068564545963547
2024-06-16 02:30:00,41.6207432,40.612585,30.97757,-10.643173619921875
2024-06-16 03:00:00,32.47950121666667,26.65814958333333,31.843079,-0.6364226033854194
2024-06-16 03:30:00,31.495787133333334,27.7208445,31.220581,-0.2752060786458337
2024-06-16 04:00:00,34.2677645,30.266641566666667,32.558136,-1.7096285136718734
2024-06-16 04:30:00,33.83076921666667,31.02004493333333,33.738037,-0.09273210729166692
2024-06-16 05:00:00,32.63129158333333,28.37010718333333,33.28351,0.6522167174479208
2024-06-16 05:30:00,35.66728681666667,30.71294388333333,34.263382,-1.403904858658855
2024-06-16 06:00:00,47.02130508333334,34.23818236666667,36.45366,-10.56764602571615
2024-06-16 06:30:00,54.86985825,37.07987658333334,39.12863,-15.741226658203125
2024-06-16 07:00:00,51.71209976666668,39.44232383333333,40.972,-10.74009964459637
2024-06-16 07:30:00,49.44533616666666,38.43595501666667,39.650726,-9.794609848307282
2024-06-16 08:00:00,41.60753888333333,34.278143666666665,38.14589,-3.461649601106771
2024-06-16 08:30:00,37.88659941666667,24.332933466666663,32.233597,-5.653002614908857
2024-06-16 09:00:00,29.23863103333333,22.32776885,24.941391,-4.297240042122393
2024-06-16 09:30:00,10.561427233333331,15.892016033333334,16.49617,5.934742810611981
2024-06-16 10:00:00,-5.285104366666666,5.004941666666666,6.1334696,11.41857394827067
2024-06-16 10:30:00,-13.511870566666667,1.840995483333333,-3.3914177,10.120452824891155
2024-06-16 11:00:00,-18.68765823333333,-16.29252225,-11.738082,6.949576301265459
2024-06-16 11:30:00,-44.61578443333334,-17.63392,-20.546448,24.06933667942709
2024-06-16 12:00:00,-51.7400644,-20.540092166666668,-27.06961,24.670453804296876
2024-06-16 12:30:00,-65.18157216666667,-33.45871793333333,-30.658508,34.52306386588542
2024-06-16 13:00:00,-64.82917605,-26.405259966666662,-31.042313,33.78686342792969
2024-06-16 13:30:00,-63.80217836666666,-23.80070111666667,-27.245987,36.5561914281901
2024-06-16 14:00:00,-51.06819228333333,-13.411220583333332,-21.567245,29.500946799934894
2024-06-16 14:30:00,-45.28695390000001,-4.8505037333333325,-13.819015,31.467939350744636
2024-06-16 15:00:00,-24.656671766666665,11.475744316666663,-4.238082,20.418589834598794
2024-06-16 15:30:00,-12.373949316666666,11.807520733333334,4.2480326,16.62198188655192
2024-06-16 16:00:00,1.9807588666666671,24.369426066666666,14.420945,12.440186300874837
2024-06-16 16:30:00,8.835952816666667,42.43889958333333,23.67656,14.84060663157552
2024-06-16 17:00:00,19.9516094,47.92893463333333,34.08394,14.132329198632814
2024-06-16 17:30:00,25.023147233333333,59.262453916666665,40.948242,15.925094954166667
2024-06-16 18:00:00,32.01204551666667,68.44644501666666,46.854645,14.842599258723958
2024-06-16 18:30:00,40.1473585,61.15908626666666,50.566467,10.419108785156247
2024-06-16 19:00:00,46.8462339,53.99755298333333,50.891525,4.045291368554686
2024-06-16 19:30:00,43.35137101666667,52.03402593333333,50.205597,6.854225907161457
2024-06-16 20:00:00,48.49914605,50.88791488333334,49.759796,1.2606500925781248
2024-06-16 20:30:00,53.4959528,48.27857576666667,47.705368,-5.79058475800781
2024-06-16 21:00:00,46.168032833333335,42.87795491666666,44.366226,-1.8018066370442725
2024-06-16 21:30:00,43.62842605,48.68808671666667,44.338974,0.7105479490234359
2024-06-16 22:00:00,41.168902800000005,48.71767666666667,43.79785,2.628948762499995
2024-06-16 22:30:00,39.675749450000005,48.5009756,42.957596,3.2818463751953075
2024-06-16 23:00:00,37.9875878,44.622186150000005,41.00203,3.0144416189453125
2024-06-16 23:30:00,37.456494,43.04255495,37.821228,0.3647340273437507
2024-06-17 00:00:00,40.96339991666667,40.52423391666667,36.74167,-4.221731215494792
2024-06-17 00:30:00,36.95743445,39.19847893333333,34.732697,-2.224737916796876
2024-06-17 01:00:00,36.2584927,36.09344105,31.748001,-4.510491601367185
2024-06-17 01:30:00,31.824994516666663,35.23704446666667,32.050903,0.22590880364583654
2024-06-17 02:00:00,35.865703950000004,36.20653451666667,31.014786,-4.850918183398441
2024-06-17 02:30:00,38.05725718333333,41.6207432,30.669815,-7.387442119856765
2024-06-17 03:00:00,33.888320033333336,32.47950121666667,31.402084,-2.486235682747399
2024-06-17 03:30:00,34.4823729,31.495787133333334,29.205322,-5.277050634375001
2024-06-17 04:00:00,33.21087895,34.2677645,29.322891,-3.887987714648439
2024-06-17 04:30:00,34.439578266666665,33.83076921666667,31.048187,-3.3913910108072898
2024-06-17 05:00:00,34.03265891666666,32.63129158333333,31.803757,-2.2289022027994747
2024-06-17 05:30:00,37.38389893333333,35.66728681666667,34.636673,-2.747225959700515
2024-06-17 06:00:00,39.827644516666666,47.02130508333334,39.769592,-0.058052231510416163
2024-06-17 06:30:00,43.311956683333335,54.86985825,42.069473,-1.2424834167317726
2024-06-17 07:00:00,54.88743946666667,51.71209976666668,40.270874,-14.61656544322917
2024-06-17 07:30:00,62.652829483333335,49.44533616666666,39.94626,-22.70657093841146
2024-06-17 08:00:00,52.37750068333333,41.60753888333333,37.98918,-14.388319164778643
2024-06-17 08:30:00,41.9685243,37.88659941666667,32.052185,-9.916339241406249
2024-06-17 09:00:00,27.662988366666667,29.23863103333333,25.335342,-2.3276459594401047
2024-06-17 09:30:00,12.183879416666668,10.561427233333331,17.0531,4.869221169270832
2024-06-17 10:00:00,-4.872272233333334,-5.285104366666666,7.7933817,12.665653924312338
2024-06-17 10:30:00,-17.670071616666668,-13.511870566666667,-2.771331,14.89874054481303
2024-06-17 11:00:00,-22.441033166666667,-18.68765823333333,-11.823577,10.617456239481609
2024-06-17 11:30:00,-25.46710368333333,-44.61578443333334,-21.423782,4.043321334700519
2024-06-17 12:00:00,-42.14705073333334,-51.7400644,-27.50142,14.645631665950525
2024-06-17 12:30:00,-45.75980483333333,-65.18157216666667,-31.992096,13.767708886067702
2024-06-17 13:00:00,-48.98646780000001,-64.82917605,-35.602753,13.383715114453132
2024-06-17 13:30:00,-58.18751066666667,-63.80217836666666,-34.152496,24.035014328776043
2024-06-17 14:00:00,-40.23470215,-51.06819228333333,-27.81137,12.423331300390622
2024-06-17 14:30:00,-18.98728898333333,-45.28695390000001,-20.189133,-1.2018437070963586
2024-06-17 15:00:00,-10.22033235,-24.656671766666665,-10.810073,-0.5897405488647465
2024-06-17 15:30:00,0.9386939000000002,-12.373949316666666,-0.67120284,-1.609896738420868
2024-06-17 16:00:00,16.79955895,1.9807588666666671,9.93802,-6.86153919749756
2024-06-17 16:30:00,25.93588843333333,8.835952816666667,18.802887,-7.133001470442704
2024-06-17 17:00:00,30.80777965,19.9516094,27.394485,-3.413294176367188
2024-06-17 17:30:00,35.46095341666666,25.023147233333333,34.72574,-0.735214891276037
2024-06-17 18:00:00,44.08104613333333,32.01204551666667,39.81494,-4.266104727083331
2024-06-17 18:30:00,56.24201391666667,40.1473585,44.728973,-11.513040527994796
2024-06-17 19:00:00,55.14683601666667,46.8462339,46.618835,-8.528000567447918
2024-06-17 19:30:00,55.650043333333336,43.35137101666667,48.18007,-7.469974363606774
2024-06-17 20:00:00,60.71906611666666,48.49914605,49.208115,-11.510951492643223
2024-06-17 20:30:00,57.59872721666667,53.4959528,47.11261,-10.486117353385417
2024-06-17 21:00:00,38.96590715,46.168032833333335,43.925583,4.959675735742188
2024-06-17 21:30:00,41.498304,43.62842605,42.01503,0.5167259072265651
2024-06-17 22:00:00,42.71619726666666,41.168902800000005,40.35176,-2.364436402408849
2024-06-17 22:30:00,35.4391483,39.675749450000005,37.154724,1.7155758210937506
2024-06-17 23:00:00,33.63427225,37.9875878,36.187286,2.553014126953123
2024-06-17 23:30:00,37.28329551666667,37.456494,36.759247,-0.5240486904947943
2024-06-18 00:00:00,39.070294350000005,40.96339991666667,37.108902,-1.9613923724609421
2024-06-18 00:30:00,39.2850533,36.95743445,35.91649,-3.368564652539064
2024-06-18 01:00:00,38.0724123,36.2584927,35.816757,-2.255655097851566
2024-06-18 01:30:00,37.31627891666667,31.824994516666663,33.472366,-3.843912583658856
2024-06-18 02:00:00,36.456620050000005,35.865703950000004,31.591843,-4.8647773986328176
2024-06-18 02:30:00,37.54683935,38.05725718333333,32.48094,-5.065897577539062
2024-06-18 03:00:00,35.443026100000004,33.888320033333336,31.665771,-3.7772546156250044
2024-06-18 03:30:00,37.096646066666665,34.4823729,31.144592,-5.952053781510415
2024-06-18 04:00:00,40.67828123333334,33.21087895,31.3667,-9.311582014583337
2024-06-18 04:30:00,42.21540995,34.439578266666665,32.047592,-10.167817786914064
2024-06-18 05:00:00,39.53636111666666,34.03265891666666,34.84404,-4.692321199674474
2024-06-18 05:30:00,41.08685783333333,37.38389893333333,37.91519,-3.171666182942708
2024-06-18 06:00:00,40.83682683333333,39.827644516666666,38.40016,-2.436665090169271
2024-06-18 06:30:00,55.167848850000006,43.311956683333335,38.925247,-16.242601657617193
2024-06-18 07:00:00,56.56901103333333,54.88743946666667,39.024216,-17.544795335091145
2024-06-18 07:30:00,59.58289453333333,62.652829483333335,39.5226,-20.06029626673177
2024-06-18 08:00:00,58.58307775,52.37750068333333,37.339462,-21.243615469726564
2024-06-18 08:30:00,41.74232703333333,41.9685243,31.309433,-10.432894049934895
2024-06-18 09:00:00,32.43327708333333,27.662988366666667,23.716095,-8.717182112630205
2024-06-18 09:30:00,24.08756545,12.183879416666668,14.438096,-9.649469403552246
2024-06-18 10:00:00,2.3311133,-4.872272233333334,1.6890115,-0.6421018454177858
2024-06-18 10:30:00,-15.334452216666667,-17.670071616666668,-10.746551,4.587901656669109
2024-06-18 11:00:00,-30.33384728333333,-22.441033166666667,-21.317032,9.016815422981768
2024-06-18 11:30:00,-41.00891156666666,-25.46710368333333,-30.11435,10.894562201432286
2024-06-18 12:00:00,-47.80455605,-42.14705073333334,-36.957275,10.847280659375002
2024-06-18 12:30:00,-48.265777066666665,-45.75980483333333,-41.274612,6.9911646399088525
2024-06-18 13:00:00,-38.46558438333333,-48.98646780000001,-41.407578,-2.941993131315108
2024-06-18 13:30:00,-45.831206083333335,-58.18751066666667,-37.86821,7.962996244466147
2024-06-18 14:00:00,-40.012928683333335,-40.23470215,-31.226898,8.78603048997396
2024-06-18 14:30:00,-33.650259383333335,-18.98728898333333,-22.217453,11.432806380403647
2024-06-18 15:00:00,-19.07482455,-10.22033235,-13.780211,5.294613101330565
2024-06-18 15:30:00,1.9872584166666676,0.9386939000000002,-3.7082055,-5.695463878168743
2024-06-18 16:00:00,11.655220050000002,16.79955895,8.131074,-3.524146098278811
2024-06-18 16:30:00,16.74424475,25.93588843333333,19.248062,2.5038173837890625
2024-06-18 17:00:00,25.80827263333333,30.80777965,28.492783,2.6845099594401063
2024-06-18 17:30:00,23.972194466666668,35.46095341666666,36.39128,12.41908666126302
2024-06-18 18:00:00,44.96570115,44.08104613333333,42.009842,-2.9558592310546885
2024-06-18 18:30:00,45.2379805,56.24201391666667,46.91794,1.679957732421876
2024-06-18 19:00:00,47.130467466666666,55.14683601666667,50.73419,3.6037244278645844
2024-06-18 19:30:00,49.94660843333333,55.650043333333336,51.401627,1.4550181535807312
2024-06-18 20:00:00,48.86363158333333,60.71906611666666,52.0988,3.2351690758463576
2024-06-18 20:30:00,43.31027215,57.59872721666667,50.502808,7.192535467187497
2024-06-18 21:00:00,45.28095445,38.96590715,47.033905,1.752950579296872
2024-06-18 21:30:00,51.03010724999999,41.498304,44.60942,-6.420686473632806
2024-06-18 22:00:00,60.69068318333333,42.71619726666666,41.07881,-19.611871537825515
2024-06-18 22:30:00,52.79527548333333,35.4391483,38.8078,-13.987475190364577
2024-06-18 23:00:00,43.63762953333333,33.63427225,37.27713,-6.360499406380207
2024-06-18 23:30:00,37.86135656666666,37.28329551666667,35.404663,-2.4566934807291574
2024-06-19 00:00:00,44.56589731666667,39.070294350000005,35.682587,-8.883310646744796
2024-06-19 00:30:00,43.17153508333333,39.2850533,35.15471,-8.016826221028644
2024-06-19 01:00:00,38.499401166666665,38.0724123,33.941864,-4.55753715299479
2024-06-19 01:30:00,41.8267561,37.31627891666667,32.43712,-9.38963756972656
2024-06-19 02:00:00,39.05323005,36.456620050000005,32.033386,-7.019843819531253
2024-06-19 02:30:00,43.91570831666667,37.54683935,33.892853,-10.022855533463542
2024-06-19 03:00:00,34.15728828333334,35.443026100000004,34.25911,0.10182121373697584
2024-06-19 03:30:00,33.91262615,37.096646066666665,36.12921,2.2165852757812488
2024-06-19 04:00:00,35.28642115,40.67828123333334,35.254623,-0.031797736914064956
2024-06-19 04:30:00,34.95491375,42.21540995,36.3656,1.410686835937497
2024-06-19 05:00:00,35.96001991666667,39.53636111666666,36.593155,0.6331349905598955
2024-06-19 05:30:00,39.3597293,41.08685783333333,40.00464,0.6449093718750021
2024-06-19 06:00:00,36.71539283333333,40.83682683333333,41.73645,5.021057361979167
2024-06-19 06:30:00,41.06276833333333,55.167848850000006,46.187378,5.124609596354169
2024-06-19 07:00:00,52.3041973,56.56901103333333,45.622086,-6.682111728710936
2024-06-19 07:30:00,58.41347993333333,59.58289453333333,44.101852,-14.31162751634114
2024-06-19 08:00:00,59.37913111666666,58.58307775,41.37558,-18.003551282682288
2024-06-19 08:30:00,54.37426155,41.74232703333333,34.63817,-19.736093215039062
2024-06-19 09:00:00,42.18561546666667,32.43327708333333,24.691437,-17.494178699088543
2024-06-19 09:30:00,30.72175556666667,24.08756545,13.741212,-16.980543675492353
2024-06-19 10:00:00,8.419081716666666,2.3311133,2.582093,-5.8369887162546785
2024-06-19 10:30:00,-14.407564549999998,-15.334452216666667,-8.664489,5.743075757580565
2024-06-19 11:00:00,-29.83585785,-30.33384728333333,-19.635468,10.200390320703125
2024-06-19 11:30:00,-42.11406723333334,-41.00891156666666,-30.703613,11.410453952083337
2024-06-19 12:00:00,-52.40726171666666,-47.80455605,-36.251297,16.155964719596348
2024-06-19 12:30:00,-57.90322433333333,-48.265777066666665,-40.000153,17.903071745442702
2024-06-19 13:00:00,-66.18641050000001,-38.46558438333333,-40.36374,25.822671486328133
2024-06-19 13:30:00,-63.16350441666666,-45.831206083333335,-37.79129,25.372214133463537
2024-06-19 14:00:00,-55.97782435,-40.012928683333335,-30.670212,25.30761255800781
2024-06-19 14:30:00,-31.498528266666664,-33.650259383333335,-24.534607,6.963921333072914
2024-06-19 15:00:00,-13.179613333333334,-19.07482455,-13.063476,0.11613772450765047
2024-06-19 15:30:00,-8.921397233333334,1.9872584166666676,-2.6206505,6.300746703471884
2024-06-19 16:00:00,1.7482416166666663,11.655220050000002,9.220841,7.472599791109213
2024-06-19 16:30:00,14.59409065,16.74424475,21.131317,6.537226488671875
2024-06-19 17:00:00,28.673857150000003,25.80827263333333,29.45372,0.779862942773434
2024-06-19 17:30:00,36.73627843333333,23.972194466666668,34.958817,-1.7774619050130198
2024-06-19 18:00:00,44.7145872,44.96570115,40.727097,-3.9874906423828094
2024-06-19 18:30:00,57.62615541666667,45.2379805,45.273804,-12.35235170572917
2024-06-19 19:00:00,54.18670393333333,47.130467466666666,45.42926,-8.757443679427077
2024-06-19 19:30:00,60.52860665,49.94660843333333,46.70247,-13.826137777929688
2024-06-19 20:00:00,62.52133061666666,48.86363158333333,47.826874,-14.694456837369785
2024-06-19 20:30:00,58.33095326666668,43.31027215,45.42627,-12.904683735416683
2024-06-19 21:00:00,49.34416945,45.28095445,44.759033,-4.5851362468750025
2024-06-19 21:30:00,48.20329056666666,51.03010724999999,43.378082,-4.825208291276034
2024-06-19 22:00:00,42.585648283333335,60.69068318333333,42.125,-0.4606482833333345
2024-06-19 22:30:00,43.11491166666667,52.79527548333333,39.790604,-3.324308028971359
2024-06-19 23:00:00,42.55861115,43.63762953333333,38.597076,-3.9615347339843723
2024-06-19 23:30:00,44.57441055,37.86135656666666,37.669388,-6.905022732617191
2024-06-20 00:00:00,48.27180895,44.56589731666667,38.487335,-9.784473744921875
2024-06-20 00:30:00,46.06202335,43.17153508333333,37.462006,-8.600017734765622
2024-06-20 01:00:00,49.77337053333333,38.499401166666665,37.555344,-12.21802690540364
2024-06-20 01:30:00,40.807642566666665,41.8267561,38.31494,-2.492701160416665
2024-06-20 02:00:00,39.59068508333333,39.05323005,34.933975,-4.656709863606764
2024-06-20 02:30:00,43.46163901666667,43.91570831666667,34.57573,-8.885909646549486
2024-06-20 03:00:00,39.12309211666667,34.15728828333334,33.661514,-5.4615778344401065
2024-06-20 03:30:00,32.911672833333334,33.91262615,33.62024,0.7085664244791658
2024-06-20 04:00:00,37.31707673333333,35.28642115,34.483673,-2.833403637630205
2024-06-20 04:30:00,35.25447931666667,34.95491375,37.137894,1.8834143600911446
2024-06-20 05:00:00,35.702157783333334,35.96001991666667,37.652054,1.9498960496744786
2024-06-20 05:30:00,35.87410333333333,39.3597293,41.031708,5.157604430338544
2024-06-20 06:00:00,38.865386183333335,36.71539283333333,44.106735,5.241349046158852
2024-06-20 06:30:00,41.82709606666666,41.06276833333333,44.732635,2.9055394313802125
2024-06-20 07:00:00,52.29356393333333,52.3041973,44.532394,-7.761169524153644
2024-06-20 07:30:00,57.01285333333333,58.41347993333333,42.419357,-14.593496033528645
2024-06-20 08:00:00,55.43267293333333,59.37913111666666,38.447357,-16.985315755598954
2024-06-20 08:30:00,41.4733684,54.37426155,31.538422,-9.934946769140623
2024-06-20 09:00:00,47.95620616666667,42.18561546666667,25.944077,-22.01212962858073
2024-06-20 09:30:00,31.974273933333336,30.72175556666667,16.679855,-15.294418586653649
2024-06-20 10:00:00,14.425156783333334,8.419081716666666,8.235581,-6.18957538532308
2024-06-20 10:30:00,20.486439866666668,-14.407564549999998,-6.474288,-26.96072785342204
2024-06-20 11:00:00,-6.896532866666665,-29.83585785,-21.455215,-14.558682587434898
2024-06-20 11:30:00,-14.178514400000005,-42.11406723333334,-31.652527,-17.474012455468745
2024-06-20 12:00:00,-24.87559548333333,-52.40726171666666,-39.86174,-14.986144628971356
2024-06-20 12:30:00,-25.06755948333333,-57.90322433333333,-47.020966,-21.953406092838545
2024-06-20 13:00:00,-36.30418275,-66.18641050000001,-46.712143,-10.407960194335935
2024-06-20 13:30:00,-28.32596845,-63.16350441666666,-43.330856,-15.004887873242186
2024-06-20 14:00:00,-36.9904244,-55.97782435,-37.628433,-0.6380088275390605
2024-06-20 14:30:00,-25.1867145,-31.498528266666664,-26.668915,-1.4822002949218742
2024-06-20 15:00:00,-24.003002566666662,-13.179613333333334,-16.034409,7.968593997330725
2024-06-20 15:30:00,-4.173612783333334,-8.921397233333334,-4.843154,-0.6695411702189125
2024-06-20 16:00:00,7.115447283333332,1.7482416166666663,8.174592,1.059144734794109
2024-06-20 16:30:00,14.246453883333333,14.59409065,19.223602,4.9771484115885425
2024-06-20 17:00:00,25.918161783333336,28.673857150000003,30.23796,4.319799032096352
2024-06-20 17:30:00,22.2810084,36.73627843333333,36.69037,14.409360252343749
2024-06-20 18:00:00,33.60088175,44.7145872,41.912735,8.311853235351563
2024-06-20 18:30:00,42.22041101666667,57.62615541666667,47.366226,5.145815179622396
2024-06-20 19:00:00,58.31613013333333,54.18670393333333,47.8199,-10.496229620638019
2024-06-20 19:30:00,53.52422895,60.52860665,48.040787,-5.483442206835939
2024-06-20 20:00:00,53.79285393333333,62.52133061666666,47.74112,-6.051734548567708
2024-06-20 20:30:00,54.80842338333333,58.33095326666668,48.42041,-6.388013227083327
2024-06-20 21:00:00,47.53276553333333,49.34416945,47.988327,0.45556149303385496
2024-06-20 21:30:00,48.20786716666667,48.20329056666666,46.365875,-1.8419919225260415
2024-06-20 22:00:00,43.89391115,42.585648283333335,44.409637,0.515726301171874
2024-06-20 22:30:00,40.995171133333336,43.11491166666667,41.61876,0.6235880219401011
2024-06-20 23:00:00,43.67229401666666,42.55861115,40.865036,-2.8072580059244743
2024-06-20 23:30:00,36.71851323333333,44.57441055,40.38919,3.670677440494792
2024-06-21 00:00:00,41.72781565,48.27180895,40.212204,-1.515611670507809
2024-06-21 00:30:00,41.517581,46.06202335,38.142746,-3.3748350283203123
2024-06-21 01:00:00,39.561135416666666,49.77337053333333,37.903122,-1.6580134684244783
2024-06-21 01:30:00,41.21685096666667,40.807642566666665,37.504715,-3.712136000846357
2024-06-21 02:00:00,37.15378008333334,39.59068508333333,35.592865,-1.5609150930989628
2024-06-21 02:30:00,32.53937925,43.46163901666667,34.65335,2.113971580078122
2024-06-21 03:00:00,32.200188966666666,39.12309211666667,36.41301,4.212820676888022
2024-06-21 03:30:00,29.27090158333333,32.911672833333334,36.965897,7.694995023111982
2024-06-21 04:00:00,29.213906166666664,37.31707673333333,37.11252,7.898612143880211
2024-06-21 04:30:00,33.908566150000006,35.25447931666667,38.79152,4.882953015039057
2024-06-21 05:00:00,34.115778166666665,35.702157783333334,38.61978,4.50400332747396
2024-06-21 05:30:00,30.40074725,35.87410333333333,40.894287,10.493539859375002
2024-06-21 06:00:00,34.858577233333335,38.865386183333335,43.848694,8.990116614322915
2024-06-21 06:30:00,51.4525262,41.82709606666666,46.54242,-4.910106766406251
2024-06-21 07:00:00,59.36542545,52.29356393333333,46.373123,-12.992302281054684
2024-06-21 07:30:00,59.12469681666666,57.01285333333333,45.471115,-13.653581704361976
2024-06-21 08:00:00,51.819322150000005,55.43267293333333,41.084534,-10.734788458593755
2024-06-21 08:30:00,44.78573225,41.4733684,34.654144,-10.131587962890627
2024-06-21 09:00:00,33.99962283333333,47.95620616666667,26.387665,-7.6119580384114585
2024-06-21 09:30:00,18.491265066666667,31.974273933333336,16.393845,-2.0974204621744796
2024-06-21 10:00:00,7.365372316666666,14.425156783333334,3.0352027,-4.330169575043741
2024-06-21 10:30:00,-6.562124516666667,20.486439866666668,-7.4255056,-0.863381121455892
2024-06-21 11:00:00,-14.160460633333336,-6.896532866666665,-18.350693,-4.190232115690101
2024-06-21 11:30:00,-30.225133966666665,-14.178514400000005,-27.202652,3.022481989127602
2024-06-21 12:00:00,-51.98101835,-24.87559548333333,-33.512817,18.4682009671875
2024-06-21 12:30:00,-51.793624566666665,-25.06755948333333,-38.86203,12.93159453736979
2024-06-21 13:00:00,-35.2903604,-36.30418275,-41.2507,-5.960341504296878
2024-06-21 13:30:00,-21.8137522,-28.32596845,-36.49289,-14.679137204296875
2024-06-21 14:00:00,-23.454906033333334,-36.9904244,-31.055511,-7.600605441276041
2024-06-21 14:30:00,-22.23353223333333,-25.1867145,-22.246643,-0.013110833072918382
2024-06-21 15:00:00,-9.437851116666666,-24.003002566666662,-13.464019,-4.026167705049643
2024-06-21 15:30:00,3.73587105,-4.173612783333334,-2.0736382,-5.809509250759888
2024-06-21 16:00:00,12.281116666666668,7.115447283333332,9.643205,-2.6379119776407887
2024-06-21 16:30:00,19.297909366666666,14.246453883333333,20.75885,1.4609407309895843
2024-06-21 17:00:00,25.76371783333333,25.918161783333336,32.17375,6.4100339977213565
2024-06-21 17:30:00,30.289532816666668,22.2810084,38.450806,8.161272847395832
2024-06-21 18:00:00,36.27192158333333,33.60088175,44.087585,7.815663865885419
2024-06-21 18:30:00,43.493557933333335,42.22041101666667,46.791412,3.29785442018229
2024-06-21 19:00:00,52.54343213333333,58.31613013333333,50.1483,-2.3951319624348955
2024-06-21 19:30:00,44.72226296666667,53.52422895,49.883728,5.161465060677081
2024-06-21 20:00:00,39.1182877,53.79285393333333,49.87068,10.75239406269531
2024-06-21 20:30:00,39.860131083333336,54.80842338333333,47.52173,7.661597432291664
2024-06-21 21:00:00,43.18129376666667,47.53276553333333,48.4541,5.27280779583333
2024-06-21 21:30:00,40.8878467,48.20786716666667,45.81842,4.930573710156253
2024-06-21 22:00:00,42.13458893333333,43.89391115,45.574722,3.4401333567057293
2024-06-21 22:30:00,41.86584873333333,40.995171133333336,43.946976,2.0811269746744827
2024-06-21 23:00:00,38.383023433333335,43.67229401666666,42.36656,3.9835384563151024
2024-06-21 23:30:00,36.86833001666667,36.71851323333333,40.706726,3.8383960575520817
2024-06-22 00:00:00,37.51495208333333,41.72781565,39.43315,1.9181991617838605
2024-06-22 00:30:00,40.84811943333333,41.517581,38.14102,-2.7070977048177056
2024-06-22 01:00:00,41.569505,39.561135416666666,37.068985,-4.500520014648437
2024-06-22 01:30:00,41.97318548333333,41.21685096666667,36.34639,-5.626795712825519
2024-06-22 02:00:00,35.06370701666666,37.15378008333334,35.614532,0.5508254540364632
2024-06-22 02:30:00,38.93752151666666,32.53937925,35.367126,-3.5703950518229135
2024-06-22 03:00:00,37.96152985,32.200188966666666,35.808105,-2.153424381249998
2024-06-22 03:30:00,34.61515108333334,29.27090158333333,35.819885,1.2047341705729124
2024-06-22 04:00:00,29.80886666666667,29.213906166666664,33.96414,4.155275179036455
2024-06-22 04:30:00,29.771649416666666,33.908566150000006,37.245377,7.473727170247397
2024-06-22 05:00:00,33.86015163333334,34.115778166666665,40.305527,6.4453751000651
2024-06-22 05:30:00,35.8087949,30.40074725,43.49614,7.687344626367185
2024-06-22 06:00:00,34.163659966666664,34.858577233333335,45.709656,11.545995795052086
2024-06-22 06:30:00,49.557701,51.4525262,49.186417,-0.37128437402343906
2024-06-22 07:00:00,45.74174608333333,59.36542545,50.110504,4.368758067057293
2024-06-22 07:30:00,42.56755895,59.12469681666666,51.48297,8.915412241406251
2024-06-22 08:00:00,37.75282765,51.819322150000005,48.255722,10.502894395898437
2024-06-22 08:30:00,48.57324003333333,44.78573225,39.23242,-9.340818158333327
2024-06-22 09:00:00,41.82776555,33.99962283333333,28.900696,-12.927069749218752
2024-06-22 09:30:00,40.71437996666666,18.491265066666667,20.087479,-20.62690132897135
2024-06-22 10:00:00,24.218399883333333,7.365372316666666,8.682359,-15.53604114157308
2024-06-22 10:30:00,5.5988884500000005,-6.562124516666667,-6.578414,-12.177302413317872
2024-06-22 11:00:00,-5.607296633333334,-14.160460633333336,-17.681686,-12.074389768033853
2024-06-22 11:30:00,-9.240690033333331,-30.225133966666665,-30.396103,-21.155412871940108
2024-06-22 12:00:00,-15.619395016666669,-51.98101835,-40.020554,-24.40115857220052
2024-06-22 12:30:00,-17.791525516666667,-51.793624566666665,-44.724564,-26.933038081966146
2024-06-22 13:00:00,-5.390854933333332,-35.2903604,-45.603043,-40.21218766920573
2024-06-22 13:30:00,-6.264313616666667,-21.8137522,-40.90442,-34.64010532864583
2024-06-22 14:00:00,-0.5212944833333328,-23.454906033333334,-33.91008,-33.38878547272135
2024-06-22 14:30:00,1.8067649499999991,-22.23353223333333,-24.569962,-26.37672649785156
2024-06-22 15:00:00,15.687996816666669,-9.437851116666666,-12.659087,-28.347083997757977
2024-06-22 15:30:00,19.85803005,3.73587105,-2.1379387,-21.995968787869263
2024-06-22 16:00:00,21.935649366666667,12.281116666666668,9.144959,-12.7906899168986
2024-06-22 16:30:00,34.66511225,19.297909366666666,19.406631,-15.258480780273437
2024-06-22 17:00:00,41.28587215,25.76371783333333,28.562729,-12.723143268164065
2024-06-22 17:30:00,39.352549933333336,30.289532816666668,35.84471,-3.5078386296223982
2024-06-22 18:00:00,40.61347548333333,36.27192158333333,42.28981,1.6763346973307307
2024-06-22 18:30:00,43.640743283333336,43.493557933333335,45.70369,2.0629462918619765
2024-06-22 19:00:00,44.029087800000006,52.54343213333333,49.559418,5.530329924609369
2024-06-22 19:30:00,50.89665208333333,44.72226296666667,49.977814,-0.9188383626302041
2024-06-22 20:00:00,58.53694603333333,39.1182877,47.48726,-11.049687122200517
2024-06-22 20:30:00,63.50242001666667,39.860131083333336,45.386383,-18.116036960026044
2024-06-22 21:00:00,54.38879055,43.18129376666667,43.863754,-10.525036277539066
2024-06-22 21:30:00,49.38877345,40.8878467,43.66838,-5.720392712695315
2024-06-22 22:00:00,49.78519071666667,42.13458893333333,42.57515,-7.210041180533857
2024-06-22 22:30:00,53.33091053333333,41.86584873333333,41.32405,-12.006859630013018
2024-06-22 23:00:00,55.75486106666667,38.383023433333335,39.172028,-16.582833478776045
2024-06-22 23:30:00,55.9044676,36.86833001666667,38.76973,-17.134737985742184
2024-06-23 00:00:00,52.87941105,37.51495208333333,38.37291,-14.506501504101564
2024-06-23 00:30:00,45.78530996666667,40.84811943333333,36.8387,-8.946610625846354
2024-06-23 01:00:00,42.21984325,41.569505,36.737244,-5.482599597656247
2024-06-23 01:30:00,40.529371016666666,41.97318548333333,35.805756,-4.723615401432291
2024-06-23 02:00:00,34.056243200000004,35.06370701666666,34.049362,-0.006881017382816879
2024-06-23 02:30:00,39.91099883333333,38.93752151666666,32.371307,-7.5396914602864555
2024-06-23 03:00:00,38.3369349,37.96152985,32.983093,-5.353841638281253
2024-06-23 03:30:00,33.41759441666667,34.61515108333334,33.0925,-0.32509563736979175
2024-06-23 04:00:00,34.52113491666667,29.80886666666667,35.45227,0.9311355911458321
2024-06-23 04:30:00,40.39868765,29.771649416666666,35.99849,-4.400198270117187
2024-06-23 05:00:00,38.129297183333335,33.86015163333334,38.43817,0.3088742033854146
2024-06-23 05:30:00,37.630179516666665,35.8087949,41.208313,3.578133471614585
2024-06-23 06:00:00,36.9119962,34.163659966666664,44.454636,7.54263942011719
2024-06-23 06:30:00,39.68315655,49.557701,47.828247,8.1450905203125
2024-06-23 07:00:00,41.43000235,45.74174608333333,50.053696,8.623693328710935
2024-06-23 07:30:00,40.71060066666666,42.56755895,48.12816,7.41755790266928
2024-06-23 08:00:00,44.08233153333333,37.75282765,46.24974,2.1674090672526063
2024-06-23 08:30:00,34.25847836666667,48.57324003333333,41.10872,6.85024050540364
2024-06-23 09:00:00,35.34100565,41.82776555,32.92267,-2.4183371929687496
2024-06-23 09:30:00,22.336534333333333,40.71437996666666,24.076935,1.7404004811197922
2024-06-23 10:00:00,4.316424416666667,24.218399883333333,11.635789,7.319364500874837
2024-06-23 10:30:00,-24.00448271666667,5.5988884500000005,-1.2635185,22.74096426402232
2024-06-23 11:00:00,-26.13035325,-5.607296633333334,-16.24939,9.880963601562499
2024-06-23 11:30:00,-38.920981133333335,-9.240690033333331,-26.280228,12.640753472200522
2024-06-23 12:00:00,-37.708962750000005,-15.619395016666669,-34.39415,3.3148129697265674
2024-06-23 12:30:00,-37.75494286666667,-17.791525516666667,-39.33812,-1.5831766401692704
2024-06-23 13:00:00,-41.20747065,-5.390854933333332,-38.035583,3.1718871539062476
2024-06-23 13:30:00,-45.73972836666667,-6.264313616666667,-33.38127,12.35845700436198
2024-06-23 14:00:00,-35.711178233333335,-0.5212944833333328,-27.198196,8.512981822200523
2024-06-23 14:30:00,-26.308759,1.8067649499999991,-16.571777,9.736981656249998
2024-06-23 15:00:00,-9.960943866666666,15.687996816666669,-4.4946585,5.466285396512857
2024-06-23 15:30:00,-6.3386484,19.85803005,7.0129557,13.35160406558838
2024-06-23 16:00:00,18.388114916666662,21.935649366666667,19.858582,1.4704666263020876
2024-06-23 16:30:00,30.26068941666667,34.66511225,29.026764,-1.2339255006510434
2024-06-23 17:00:00,35.9357311,41.28587215,37.153503,1.2177723179687518
2024-06-23 17:30:00,42.42383495,39.352549933333336,42.288742,-0.13509288457031232
2024-06-23 18:00:00,43.79567443333334,40.61347548333333,45.299652,1.503977666276036
2024-06-23 18:30:00,44.00747711666667,43.640743283333336,48.27339,4.265914606966142
2024-06-23 19:00:00,44.056196166666666,44.029087800000006,48.894073,4.837877319661459
2024-06-23 19:30:00,45.19624721666667,50.89665208333333,48.039536,2.8432883057942675
2024-06-23 20:00:00,60.25268716666667,58.53694603333333,46.722153,-13.53053445670573
2024-06-23 20:30:00,51.16618915,63.50242001666667,47.745956,-3.4202327291015635
2024-06-23 21:00:00,52.79051313333334,54.38879055,46.63794,-6.1525736802083415
2024-06-23 21:30:00,55.825652733333335,49.38877345,46.978043,-8.847610130794273
2024-06-23 22:00:00,48.04738508333333,49.78519071666667,45.130295,-2.917090283528644
2024-06-23 22:30:00,51.04847613333334,53.33091053333333,44.80829,-6.240187559114588
2024-06-23 23:00:00,53.70248375,55.75486106666667,44.08603,-9.616454697265624
2024-06-23 23:30:00,56.66442653333333,55.9044676,43.029556,-13.634870258919264
2024-06-24 00:00:00,56.11917676666667,52.87941105,40.758545,-15.36063184479167
2024-06-24 00:30:00,51.88110545,45.78530996666667,40.217056,-11.664049175585937
2024-06-24 01:00:00,42.07031316666667,42.21984325,40.26129,-1.809021662760422
2024-06-24 01:30:00,44.91840338333333,40.529371016666666,38.015747,-6.902656313020827
2024-06-24 02:00:00,42.54445213333333,34.056243200000004,36.292572,-6.251880111848955
2024-06-24 02:30:00,44.54948161666667,39.91099883333333,32.431534,-12.117947803190106
2024-06-24 03:00:00,39.46109728333333,38.3369349,34.20645,-5.254645867317706
2024-06-24 03:30:00,42.554440516666666,33.41759441666667,33.11075,-9.443692225651041
2024-06-24 04:00:00,42.2952004,34.52113491666667,34.129456,-8.165744833593749
2024-06-24 04:30:00,55.54067546666667,40.39868765,34.85878,-20.681895559440107
2024-06-24 05:00:00,47.78484323333333,38.129297183333335,38.55803,-9.226814058528646
2024-06-24 05:30:00,45.01734943333333,37.630179516666665,40.170227,-4.8471223825520795
2024-06-24 06:00:00,50.52321735,36.9119962,44.79596,-5.727257877343753
2024-06-24 06:30:00,49.98842001666667,39.68315655,48.374847,-1.613572604557298
2024-06-24 07:00:00,63.97885266666666,41.43000235,48.316864,-15.661988652994786
2024-06-24 07:30:00,66.90975716666667,40.71060066666666,48.97026,-17.939496546549478
2024-06-24 08:00:00,66.99280103333332,44.08233153333333,46.982956,-20.009845100716134
2024-06-24 08:30:00,49.34236501666667,34.25847836666667,42.061905,-7.2804601094401065
2024-06-24 09:00:00,40.96971441666667,35.34100565,33.978867,-6.990847839518231
2024-06-24 09:30:00,18.67058323333333,22.336534333333333,22.910522,4.239939227604172
2024-06-24 10:00:00,2.61436035,4.316424416666667,9.990205,7.375844461096191
2024-06-24 10:30:00,-8.268598766666667,-24.00448271666667,-2.8473504,5.421248407703654
2024-06-24 11:00:00,-21.23277728333333,-26.13035325,-16.508774,4.724003479622393
2024-06-24 11:30:00,-27.291997716666668,-38.920981133333335,-27.259415,0.03258304381510513
2024-06-24 12:00:00,-40.26958965,-37.708962750000005,-34.571014,5.698575245703125
2024-06-24 12:30:00,-33.204108983333334,-37.75494286666667,-38.873764,-5.669655054752603
2024-06-24 13:00:00,-30.508430083333334,-41.20747065,-43.677353,-13.168922821940104
2024-06-24 13:30:00,-28.608765583333334,-45.73972836666667,-41.15886,-12.550093669596354
2024-06-24 14:00:00,-16.70767555,-35.711178233333335,-33.867477,-17.159801866992186
2024-06-24 14:30:00,-11.847403366666668,-26.308759,-21.81511,-9.967705886263019
2024-06-24 15:00:00,10.4601729,-9.960943866666666,-9.938308,-20.398480662145996
2024-06-24 15:30:00,8.915927850000001,-6.3386484,1.407792,-7.508135877839662
2024-06-24 16:00:00,15.144086733333332,18.388114916666662,10.974854,-4.169232264034015
2024-06-24 16:30:00,22.9988534,30.26068941666667,21.85347,-1.145383551367189
2024-06-24 17:00:00,32.089227783333335,35.9357311,31.135239,-0.9539891358723978
2024-06-24 17:30:00,40.29431615,42.42383495,38.052704,-2.241612292578125
2024-06-24 18:00:00,49.42116163333333,43.79567443333334,44.586777,-4.834384899934889
2024-06-24 18:30:00,59.09878385,44.00747711666667,47.920624,-11.178160070703122
2024-06-24 19:00:00,59.96724895,44.056196166666666,49.184692,-10.782556567187498
2024-06-24 19:30:00,53.33221835,45.19624721666667,46.521866,-6.8103525052734355
2024-06-24 20:00:00,57.81565896666667,60.25268716666667,47.547607,-10.268051544791668
2024-06-24 20:30:00,49.67891341666667,51.16618915,48.08676,-1.592151942057292
2024-06-24 21:00:00,45.6620655,52.79051313333334,47.473846,1.811780935546878
2024-06-24 21:30:00,50.154175933333335,55.825652733333335,45.566452,-4.587723906966147
2024-06-24 22:00:00,56.6012989,48.04738508333333,44.94789,-11.65340766464844
2024-06-24 22:30:00,52.9250484,51.04847613333334,45.160553,-7.764495421484376
2024-06-24 23:00:00,58.409142300000006,53.70248375,45.142868,-13.266274258007819
2024-06-24 23:30:00,52.1258443,56.66442653333333,44.857452,-7.268391907421872
2024-06-25 00:00:00,54.96876946666666,56.11917676666667,44.881012,-10.087757503776032
2024-06-25 00:30:00,56.39448563333334,51.88110545,42.061554,-14.332931678255214
2024-06-25 01:00:00,45.45902433333333,42.07031316666667,40.59897,-4.860055827473957
2024-06-25 01:30:00,41.1312295,44.91840338333333,39.235626,-1.8956032792968784
2024-06-25 02:00:00,41.232487133333336,42.54445213333333,37.72426,-3.5082287104817738
2024-06-25 02:30:00,43.7616978,44.54948161666667,36.93129,-6.830408127148438
2024-06-25 03:00:00,43.829444566666666,39.46109728333333,35.948807,-7.880637803971354
2024-06-25 03:30:00,46.08705013333333,42.554440516666666,33.078568,-13.008482628450516
2024-06-25 04:00:00,41.58902948333333,42.2952004,32.948425,-8.640604190364577
2024-06-25 04:30:00,45.14687221666666,55.54067546666667,36.329132,-8.817740136588533
2024-06-25 05:00:00,42.1255683,47.78484323333333,38.82106,-3.304508119335935
2024-06-25 05:30:00,44.97300718333333,45.01734943333333,42.251373,-2.721633892317705
2024-06-25 06:00:00,48.8029216,50.52321735,45.72473,-3.0781901546874977
2024-06-25 06:30:00,59.775633783333326,49.98842001666667,49.2211,-10.554533929817701
2024-06-25 07:00:00,68.72728348333334,63.97885266666666,50.66513,-18.062152868098963
2024-06-25 07:30:00,69.7941017,66.90975716666667,51.032516,-18.76158522050781
2024-06-25 08:00:00,66.10019781666666,66.99280103333332,48.470795,-17.62940313893229
2024-06-25 08:30:00,54.95406211666667,49.34236501666667,44.147552,-10.806509626432295
2024-06-25 09:00:00,49.17114555,40.96971441666667,35.41858,-13.752566448437499
2024-06-25 09:30:00,33.16493283333333,18.67058323333333,24.013596,-9.151337252278644
2024-06-25 10:00:00,10.686975033333333,2.61436035,12.296418,1.6094431566691085
2024-06-25 10:30:00,2.71323735,-8.268598766666667,-1.0524741,-3.7657114911209106
2024-06-25 11:00:00,-3.9507593833333328,-21.23277728333333,-13.921248,-9.970489052640788
2024-06-25 11:30:00,-6.590243850000001,-27.291997716666668,-26.447449,-19.85720488046875
2024-06-25 12:00:00,-16.363259383333332,-40.26958965,-34.123215,-17.759955338346355
2024-06-25 12:30:00,-23.343329316666665,-33.204108983333334,-39.20024,-15.856911772200522
2024-06-25 13:00:00,-36.25101071666666,-30.508430083333334,-40.724304,-4.473293482552087
2024-06-25 13:30:00,-40.1807351,-28.608765583333334,-35.734756,4.445978630273437
2024-06-25 14:00:00,-20.970167266666667,-16.70767555,-27.688995,-6.718828094661458
2024-06-25 14:30:00,-3.0495023333333333,-11.847403366666668,-17.694153,-14.644650498697917
2024-06-25 15:00:00,4.920108299999999,10.4601729,-7.3310537,-12.251162033825683
2024-06-25 15:30:00,7.36846945,8.915927850000001,3.3855598,-3.982909652713013
2024-06-25 16:00:00,15.498385633333331,15.144086733333332,14.016023,-1.48236295114339
2024-06-25 16:30:00,30.614510616666667,22.9988534,24.973526,-5.640984615690105
2024-06-25 17:00:00,40.575242216666666,32.089227783333335,33.999985,-6.575257475455729
2024-06-25 17:30:00,48.64166341666667,40.29431615,41.43889,-7.202774866861979
2024-06-25 18:00:00,53.68562778333333,49.42116163333333,46.84523,-6.840397680794268
2024-06-25 18:30:00,55.32203158333333,59.09878385,52.27127,-3.0507608313802024
2024-06-25 19:00:00,56.520191116666666,59.96724895,53.58815,-2.9320410922526037
2024-06-25 19:30:00,41.47549385,53.33221835,54.324234,12.848740158789063
2024-06-25 20:00:00,51.659152266666666,57.81565896666667,53.283768,1.6246154335286462
2024-06-25 20:30:00,55.6561112,49.67891341666667,51.33731,-4.318800408984373
2024-06-25 21:00:00,49.2177361,45.6620655,51.069458,1.8517219078124967
2024-06-25 21:30:00,46.48356341666667,50.154175933333335,50.059113,3.5755491321614556
2024-06-25 22:00:00,46.68089233333333,56.6012989,48.63475,1.953858032877605
2024-06-25 22:30:00,50.9906339,52.9250484,47.608597,-3.3820370982421863
2024-06-25 23:00:00,55.73923561666667,58.409142300000006,45.728287,-10.010948873502606
2024-06-25 23:30:00,52.23199613333333,52.1258443,46.533188,-5.698808267122395
2024-06-26 00:00:00,51.06323986666666,54.96876946666666,46.26152,-4.801719480924476
2024-06-26 00:30:00,48.7217474,56.39448563333334,45.042114,-3.679633142187498
2024-06-26 01:00:00,47.00783166666667,45.45902433333333,44.565765,-2.442066285807293
2024-06-26 01:30:00,36.87764263333333,41.1312295,43.522705,6.6450624447916695
2024-06-26 02:00:00,35.03127275,41.232487133333336,40.742752,5.711479325195313
2024-06-26 02:30:00,40.100289466666666,43.7616978,38.954865,-1.1454249647135413
2024-06-26 03:00:00,40.17207663333333,43.829444566666666,37.563156,-2.6089205054036455
2024-06-26 03:30:00,40.260287866666665,46.08705013333333,37.023224,-3.2370639897135405
2024-06-26 04:00:00,37.0823488,41.58902948333333,36.23996,-0.8423890832031233
2024-06-26 04:30:00,39.53248395,45.14687221666666,38.49762,-1.0348643210937496
2024-06-26 05:00:00,39.89737018333333,42.1255683,40.15425,0.2568809152994831
2024-06-26 05:30:00,37.45015273333333,44.97300718333333,44.131714,6.681561133854167
2024-06-26 06:00:00,45.74120611666667,48.8029216,47.307144,1.565938048372395
2024-06-26 06:30:00,48.46431555,59.775633783333326,51.303802,2.839486940234373
2024-06-26 07:00:00,55.08661543333333,68.72728348333334,53.597504,-1.4891117712239534
2024-06-26 07:30:00,49.697583400000006,69.7941017,53.092056,3.394472874414056
2024-06-26 08:00:00,46.58326443333333,66.10019781666666,50.275696,3.6924313674479166
2024-06-26 08:30:00,44.73038158333333,54.95406211666667,45.25557,0.5251878746744794
2024-06-26 09:00:00,33.53083886666666,49.17114555,36.402435,2.871596436067712
2024-06-26 09:30:00,22.385067733333333,33.16493283333333,25.411255,3.026187149479167
2024-06-26 10:00:00,9.00430555,10.686975033333333,13.865296,4.860990813830567
2024-06-26 10:30:00,-1.5574293500000005,2.71323735,-0.82229537,0.7351339822822576
2024-06-26 11:00:00,-9.290347166666663,-3.9507593833333328,-13.65245,-4.362102441182458
2024-06-26 11:30:00,-21.471323833333333,-6.590243850000001,-23.41777,-1.9464465524088546
2024-06-26 12:00:00,-26.218780050000003,-16.363259383333332,-30.221588,-4.002808084765622
2024-06-26 12:30:00,-27.019646066666667,-23.343329316666665,-33.950134,-6.930488210677083
2024-06-26 13:00:00,-32.2837866,-36.25101071666666,-35.31668,-3.032894308203126
2024-06-26 13:30:00,-35.26690498333333,-40.1807351,-31.57866,3.6882459257161457
2024-06-26 14:00:00,-22.747789933333333,-20.970167266666667,-24.869247,-2.121457503190104
2024-06-26 14:30:00,-10.7150389,-3.0495023333333333,-15.542174,-4.827135439294434
2024-06-26 15:00:00,2.7144705,4.920108299999999,-4.982131,-7.696601504333496
2024-06-26 15:30:00,-1.5951278666666668,7.36846945,5.685624,7.280751989286296
2024-06-26 16:00:00,6.37395715,15.498385633333331,15.261903,8.887945659143067
2024-06-26 16:30:00,14.05406835,30.614510616666667,26.957672,12.903603769140625
2024-06-26 17:00:00,18.3587216,40.575242216666666,35.26187,16.903149737890626
2024-06-26 17:30:00,23.8066723,48.64166341666667,41.324448,17.51777533183594
2024-06-26 18:00:00,32.71850221666667,53.68562778333333,44.30371,11.585208720833329
2024-06-26 18:30:00,52.39547288333333,55.32203158333333,47.814957,-4.580516218294271
2024-06-26 19:00:00,53.35622998333333,56.520191116666666,51.19455,-2.1616804227864534
2024-06-26 19:30:00,48.112931233333335,41.47549385,50.736023,2.6230917158854155
2024-06-26 20:00:00,45.77576943333333,51.659152266666666,52.38629,6.6105220705729195
2024-06-26 20:30:00,53.169779016666666,55.6561112,51.746506,-1.423273279361979
2024-06-26 21:00:00,59.84971216666667,49.2177361,51.69449,-8.155223641276045
2024-06-26 21:30:00,51.84932319999999,46.48356341666667,50.59099,-1.258335040820306
2024-06-26 22:00:00,47.64571943333333,46.68089233333333,49.114502,1.4687825197916666
2024-06-26 22:30:00,40.02533005,50.9906339,47.64908,7.623748319140624
2024-06-26 23:00:00,42.03562391666667,55.73923561666667,46.832535,4.79691087337239
2024-06-26 23:30:00,39.08896776666666,52.23199613333333,47.535934,8.446966681575525
2024-06-27 00:00:00,47.53314276666666,51.06323986666666,47.407394,-0.12574835748696955
2024-06-27 00:30:00,52.98486051666666,48.7217474,46.640396,-6.344464398502595
2024-06-27 01:00:00,50.66597663333334,47.00783166666667,45.29306,-5.372916330598962
2024-06-27 01:30:00,46.609983383333336,36.87764263333333,43.688034,-2.921949325716149
2024-06-27 02:00:00,37.32571553333333,35.03127275,39.95363,2.6279130067057324
2024-06-27 02:30:00,45.23893445,40.100289466666666,38.898727,-6.340207033007815
2024-06-27 03:00:00,41.21759493333334,40.17207663333333,38.05896,-3.158634972395838
2024-06-27 03:30:00,36.83255433333333,40.260287866666665,39.49341,2.660853869791673
2024-06-27 04:00:00,39.035342883333335,37.0823488,37.972,-1.0633427612630229
2024-06-27 04:30:00,36.512607216666666,39.53248395,39.35382,2.841213584114584
2024-06-27 05:00:00,41.96388065,39.89737018333333,42.61,0.6461199603515624
2024-06-27 05:30:00,37.987617316666665,37.45015273333333,43.93512,5.947502312239585
2024-06-27 06:00:00,43.35684495,45.74120611666667,47.237762,3.880917501171872
2024-06-27 06:30:00,50.51881491666666,48.46431555,51.190536,0.6717215823567741
2024-06-27 07:00:00,56.17881116666666,55.08661543333333,52.012146,-4.166665170572912
2024-06-27 07:30:00,61.86614161666666,49.697583400000006,52.704956,-9.16118556197916
2024-06-27 08:00:00,51.01292155,46.58326443333333,49.66072,-1.352200724804689
2024-06-27 08:30:00,47.408301083333335,44.73038158333333,43.9597,-3.448599545247397
2024-06-27 09:00:00,35.97634828333333,33.53083886666666,35.923737,-0.0526117110677049
2024-06-27 09:30:00,25.362464416666665,22.385067733333333,24.689224,-0.6732401735026023
2024-06-27 10:00:00,8.736861716666667,9.00430555,13.47722,4.740357864937337
2024-06-27 10:30:00,2.25013845,-1.5574293500000005,-0.37365642,-2.6237948718997957
2024-06-27 11:00:00,-6.333843316666667,-9.290347166666663,-14.207793,-7.873949919112142
2024-06-27 11:30:00,-18.045428216666668,-21.471323833333333,-21.535065,-3.489636480598957
2024-06-27 12:00:00,-28.133749133333332,-26.218780050000003,-27.680878,0.4528714477864568
2024-06-27 12:30:00,-26.63816278333333,-27.019646066666667,-32.49739,-5.859227963736984
2024-06-27 13:00:00,-32.137434983333335,-32.2837866,-33.06781,-0.9303750752604145
2024-06-27 13:30:00,-23.96078601666667,-35.26690498333333,-31.808899,-7.84811290911458
2024-06-27 14:00:00,-20.118636133333336,-22.747789933333333,-26.145721,-6.027085302213539
2024-06-27 14:30:00,-5.371735600000001,-10.7150389,-15.699172,-10.327436419958495
2024-06-27 15:00:00,10.222005633333334,2.7144705,-4.624297,-14.846302775362142
2024-06-27 15:30:00,15.329591016666669,-1.5951278666666668,5.144746,-10.184845189945477
2024-06-27 16:00:00,16.847182749999998,6.37395715,16.232407,-0.6147761337890607
2024-06-27 16:30:00,23.33659615,14.05406835,25.086731,1.7501348070312517
2024-06-27 17:00:00,26.834171616666666,18.3587216,33.114395,6.280223524934897
2024-06-27 17:30:00,28.74118838333333,23.8066723,37.94185,9.200660371549482
2024-06-27 18:00:00,52.46277335,32.71850221666667,43.48448,-8.978291538476562
2024-06-27 18:30:00,54.5353439,52.39547288333333,44.48578,-10.04956509140625
2024-06-27 19:00:00,50.29109783333333,53.35622998333333,47.32852,-2.962576104817707
2024-06-27 19:30:00,48.79466503333333,48.112931233333335,48.89789,0.10322315026041906
2024-06-27 20:00:00,56.509148333333336,45.77576943333333,49.930588,-6.578560564778648
2024-06-27 20:30:00,59.743115,53.169779016666666,50.96608,-8.77703528808594
2024-06-27 21:00:00,62.94230091666666,59.84971216666667,50.889557,-12.052744031901035
2024-06-27 21:30:00,53.59797161666666,51.84932319999999,48.657516,-4.9404551371744745
2024-06-27 22:00:00,49.37620996666666,47.64571943333333,47.48683,-1.8893783016275947
2024-06-27 22:30:00,55.33901548333333,40.02533005,47.459076,-7.879939555598952
2024-06-27 23:00:00,55.294861133333335,42.03562391666667,47.085297,-8.20956450247396
2024-06-27 23:30:00,48.41737774999999,39.08896776666666,47.532196,-0.8851817050781179
2024-06-28 00:00:00,42.86589175,47.53314276666666,45.921234,3.055342380859372
2024-06-28 00:30:00,43.9109944,52.98486051666666,44.326385,0.41539109804687513
2024-06-28 01:00:00,39.3912767,50.66597663333334,40.717987,1.3267103605468762
2024-06-28 01:30:00,41.4814729,46.609983383333336,37.948807,-3.5326661373046875
2024-06-28 02:00:00,34.44780166666666,37.32571553333333,38.00084,3.553037566731774
2024-06-28 02:30:00,38.03829541666666,45.23893445,38.65265,0.6143535091145935
2024-06-28 03:00:00,41.9641212,41.21759493333334,38.797485,-3.166635848437501
2024-06-28 03:30:00,41.9332533,36.83255433333333,40.138016,-1.7952375529296845
2024-06-28 04:00:00,42.01861875,39.035342883333335,38.939835,-3.078784155273439
2024-06-28 04:30:00,41.29667503333334,36.512607216666666,40.111237,-1.1854384610677116
2024-06-28 05:00:00,39.02422445,41.96388065,40.033035,1.008810828320314
2024-06-28 05:30:00,44.76184716666666,37.987617316666665,42.80356,-1.9582888170572872
2024-06-28 06:00:00,45.52287225,43.35684495,47.86377,2.340897281250001
2024-06-28 06:30:00,48.78850728333333,50.51881491666666,50.873962,2.085455119010419
2024-06-28 07:00:00,48.733101616666666,56.17881116666666,52.792953,4.059851874544272
2024-06-28 07:30:00,55.72916451666666,61.86614161666666,51.86458,-3.8645862695963444
2024-06-28 08:00:00,48.85597205,51.01292155,49.092804,0.23683190507812668
2024-06-28 08:30:00,36.04759396666667,47.408301083333335,42.85591,6.808317288216145
2024-06-28 09:00:00,23.027188833333337,35.97634828333333,34.935608,11.908419076822913
2024-06-28 09:30:00,14.292274,25.362464416666665,25.25853,10.966255663085937
2024-06-28 10:00:00,-1.6520088333333331,8.736861716666667,13.088685,14.7406938690389
2024-06-28 10:30:00,-17.835346716666667,2.25013845,0.9700478,18.80539448859736
2024-06-28 11:00:00,-31.8052724,-6.333843316666667,-10.830672,20.97460013590088
2024-06-28 11:30:00,-34.87334561666667,-18.045428216666668,-20.403412,14.469933751432293
2024-06-28 12:00:00,-37.23206335,-28.133749133333332,-27.195007,10.037056025781247
2024-06-28 12:30:00,-41.99717561666667,-26.63816278333333,-30.524765,11.472410602018229
2024-06-28 13:00:00,-49.0662773,-32.137434983333335,-31.77745,17.288826738476565
2024-06-28 13:30:00,-49.0326795,-23.96078601666667,-28.006882,21.025797786132813
2024-06-28 14:00:00,-40.48623725,-20.118636133333336,-21.484497,19.001740179687502
2024-06-28 14:30:00,-24.6923817,-5.371735600000001,-11.815154,12.87722762437744
2024-06-28 15:00:00,-6.682128499999998,10.222005633333334,-0.99572676,5.68640173579788
2024-06-28 15:30:00,7.971130066666668,15.329591016666669,8.808656,0.8375256721638982
2024-06-28 16:00:00,21.89671165,16.847182749999998,19.256744,-2.6399672652343753
2024-06-28 16:30:00,28.01480825,23.33659615,26.58603,-1.4287791972656265
2024-06-28 17:00:00,37.36847216666666,26.834171616666666,33.02031,-4.348162718424476
2024-06-28 17:30:00,35.32628618333333,28.74118838333333,36.95659,1.6303025617838571
2024-06-28 18:00:00,37.007039,52.46277335,42.93776,5.930720399414064
2024-06-28 18:30:00,41.22247671666667,54.5353439,45.01216,3.789684538216143
2024-06-28 19:00:00,42.67012661666666,50.29109783333333,47.874557,5.20443087845053
2024-06-28 19:30:00,48.74908653333333,48.79466503333333,48.93306,0.1839731590494793
2024-06-28 20:00:00,47.42215665,56.509148333333336,49.863083,2.4409262357421895
2024-06-28 20:30:00,48.409477683333336,59.743115,51.446594,3.0371165549479144
2024-06-28 21:00:00,47.94045453333334,62.94230091666666,51.180008,3.239553401236975
2024-06-28 21:30:00,51.33489068333333,53.59797161666666,50.596848,-0.7380431491536399
2024-06-28 22:00:00,49.09769231666667,49.37620996666666,50.277344,1.1796514333333334
2024-06-28 22:30:00,40.50198165,55.33901548333333,49.8459,9.343919839257815
2024-06-28 23:00:00,49.7470116,55.294861133333335,49.208008,-0.5390037875000004
2024-06-28 23:30:00,47.07235938333333,48.41737774999999,48.626343,1.5539833901041717
2024-06-29 00:00:00,43.285272283333335,42.86589175,47.459793,4.174520807486978
2024-06-29 00:30:00,40.8978001,43.9109944,44.58548,3.6876796363281272
2024-06-29 01:00:00,36.67501595,39.3912767,41.3441,4.669085002148435
2024-06-29 01:30:00,42.22028876666667,41.4814729,39.575974,-2.6443152559244822
2024-06-29 02:00:00,40.85957685,34.44780166666666,37.861588,-2.997989325585941
2024-06-29 02:30:00,41.50690383333333,38.03829541666666,37.571915,-3.93498916048177
2024-06-29 03:00:00,42.39012001666666,41.9641212,36.372772,-6.017347799869782
2024-06-29 03:30:00,36.004114933333334,41.9332533,36.90071,0.8965961262369788
2024-06-29 04:00:00,32.392927766666666,42.01861875,37.260056,4.867127775325521
2024-06-29 04:30:00,32.174146650000004,41.29667503333334,39.61183,7.437685015039058
2024-06-29 05:00:00,29.977420116666668,39.02422445,40.470596,10.493176196809895
2024-06-29 05:30:00,34.2866495,44.76184716666666,45.03241,10.745760167968747
2024-06-29 06:00:00,34.59678733333333,45.52287225,50.05835,15.461562276041668
2024-06-29 06:30:00,45.77381051666666,48.78850728333333,52.489838,6.716027129817718
2024-06-29 07:00:00,51.26200661666667,48.733101616666666,51.716522,0.45451560013020753
2024-06-29 07:30:00,47.24296671666667,55.72916451666666,48.74405,1.5010823555989532
2024-06-29 08:00:00,46.56073951666667,48.85597205,45.499878,-1.060861586979172
2024-06-29 08:30:00,42.64348555,36.04759396666667,40.72377,-1.9197154083984387
2024-06-29 09:00:00,41.274054516666666,23.027188833333337,30.403992,-10.870062817447916
2024-06-29 09:30:00,35.0932094,14.292274,19.1651,-15.92810930234375
2024-06-29 10:00:00,30.524314966666665,-1.6520088333333331,8.405564,-22.11875065850016
2024-06-29 10:30:00,12.374219483333334,-17.835346716666667,-4.2527,-16.62691933532308
2024-06-29 11:00:00,6.392056583333333,-31.8052724,-15.880431,-22.272487758565266
2024-06-29 11:30:00,6.7448167,-34.87334561666667,-26.950806,-33.6956223640625
2024-06-29 12:00:00,5.330824783333334,-37.23206335,-33.888245,-39.219069412239584
2024-06-29 12:30:00,-13.934348900000002,-41.99717561666667,-37.177155,-23.24280564101562
2024-06-29 13:00:00,-16.65835231666667,-49.0662773,-38.926056,-22.267703591536456
2024-06-29 13:30:00,10.63611505,-49.0326795,-34.34877,-44.98488519160156
2024-06-29 14:00:00,18.07931778333333,-40.48623725,-26.312256,-44.39157364270833
2024-06-29 14:30:00,23.112659416666663,-24.6923817,-18.522415,-41.63507457779947
2024-06-29 15:00:00,30.26075315,-6.682128499999998,-8.234939,-38.495691771520995
2024-06-29 15:30:00,28.405499466666665,7.971130066666668,2.0044563,-26.401043185004678
2024-06-29 16:00:00,36.40519998333333,21.89671165,13.128999,-23.27620122692464
2024-06-29 16:30:00,38.80384058333333,28.01480825,22.58638,-16.21746057845052
2024-06-29 17:00:00,40.623534983333336,37.36847216666666,31.92543,-8.698104685481773
2024-06-29 17:30:00,43.51536608333333,35.32628618333333,37.46817,-6.047195917317708
2024-06-29 18:00:00,50.96232605,37.007039,43.105804,-7.8565216066406265
2024-06-29 18:30:00,52.392985583333335,41.22247671666667,46.39859,-5.99439549544271
2024-06-29 19:00:00,48.58923378333333,42.67012661666666,47.135437,-1.4537967716145772
2024-06-29 19:30:00,49.57373153333333,48.74908653333333,47.362015,-2.2117167628255174
2024-06-29 20:00:00,54.4733052,47.42215665,46.937958,-7.535347436328124
2024-06-29 20:30:00,59.071755583333335,48.409477683333336,48.272964,-10.798791105794272
2024-06-29 21:00:00,59.94849403333333,47.94045453333334,46.861847,-13.086647109505208
2024-06-29 21:30:00,65.45883666666667,51.33489068333333,46.70778,-18.751057736002608
2024-06-29 22:00:00,62.8163672,49.09769231666667,48.361526,-14.45484071074219
2024-06-29 22:30:00,44.11246011666666,40.50198165,47.617783,3.5053224761067767
2024-06-29 23:00:00,45.45816985,49.7470116,46.95363,1.4954586900390652
2024-06-29 23:30:00,42.74553513333333,47.07235938333333,45.725937,2.9804017563151106
2024-06-30 00:00:00,43.101973416666674,43.285272283333335,45.858124,2.7561503626302013
2024-06-30 00:30:00,41.07317281666666,40.8978001,42.657562,1.5843894391927122
2024-06-30 01:00:00,40.82520281666667,36.67501595,41.0437,0.21849835520833238
2024-06-30 01:30:00,35.26748275,42.22028876666667,39.12117,3.8536872939453133
2024-06-30 02:00:00,30.4620728,40.85957685,38.01024,7.548165847460936
2024-06-30 02:30:00,34.63141783333333,41.50690383333333,35.215134,0.5837158336588573
2024-06-30 03:00:00,32.83857166666667,42.39012001666666,35.406418,2.567846180013021
2024-06-30 03:30:00,28.07490615,36.004114933333334,34.247375,6.17246933828125
2024-06-30 04:00:00,27.93664096666667,32.392927766666666,37.47972,9.543080102669268
2024-06-30 04:30:00,23.55702003333333,32.174146650000004,40.05443,16.497408067252607
2024-06-30 05:00:00,26.91043451666667,29.977420116666668,41.720444,14.810009208919269
2024-06-30 05:30:00,25.442861616666665,34.2866495,44.234665,18.791803300325522
2024-06-30 06:00:00,34.86124555,34.59678733333333,46.8116,11.950354181445313
2024-06-30 06:30:00,43.71782446666666,45.77381051666666,48.908844,5.191019527473962
2024-06-30 07:00:00,37.18011221666666,51.26200661666667,49.056076,11.87596383313803
2024-06-30 07:30:00,42.71943715,47.24296671666667,46.99185,4.272414656640628
2024-06-30 08:00:00,39.76993888333333,46.56073951666667,45.63057,5.860630574674481
2024-06-30 08:30:00,49.71984845,42.64348555,40.23523,-9.4846189578125
2024-06-30 09:00:00,43.843235516666674,41.274054516666666,29.50563,-14.337605023502611
2024-06-30 09:30:00,38.19351828333333,35.0932094,19.568207,-18.625311496223958
2024-06-30 10:00:00,23.648918433333336,30.524314966666665,10.758103,-12.890815062666832
2024-06-30 10:30:00,20.548681166666668,12.374219483333334,-0.5042717,-21.052952852743786
2024-06-30 11:00:00,24.08950175,6.392056583333333,-11.151626,-35.24112738323974
2024-06-30 11:30:00,9.155000066666666,6.7448167,-18.911453,-28.06645331373698
2024-06-30 12:00:00,-10.8792226,5.330824783333334,-24.252716,-13.373493464453125
2024-06-30 12:30:00,-13.1597345,-13.934348900000002,-27.824524,-14.66478942578125
2024-06-30 13:00:00,-23.79415275,-16.65835231666667,-27.617294,-3.823141561523439
2024-06-30 13:30:00,-26.18479128333333,10.63611505,-23.572739,2.6120526358723914
2024-06-30 14:00:00,-15.613710566666668,18.07931778333333,-15.172423,0.44128720393473486
2024-06-30 14:30:00,-9.60871895,23.112659416666663,-4.967574,4.641144830432129
2024-06-30 15:00:00,-0.8731383499999996,30.26075315,5.047883,5.921021383752441
2024-06-30 15:30:00,6.077955333333333,28.405499466666665,15.031434,8.953478725809735
2024-06-30 16:00:00,19.90369955,36.40519998333333,23.925583,4.021883335742189
2024-06-30 16:30:00,38.113544,38.80384058333333,32.120743,-5.992801202148435
2024-06-30 17:00:00,39.21507776666667,40.623534983333336,40.274734,1.0596567304036455
2024-06-30 17:30:00,41.2445806,43.51536608333333,45.831802,4.5872217681640635
2024-06-30 18:00:00,57.56475331666667,50.96232605,48.705566,-8.859186910416668
2024-06-30 18:30:00,62.60187673333333,52.392985583333335,50.43544,-12.166436669856765
2024-06-30 19:00:00,60.05721888333333,48.58923378333333,50.052536,-10.00468287259114
2024-06-30 19:30:00,54.77854933333333,49.57373153333333,50.587357,-4.191192765950518
2024-06-30 20:00:00,53.36273271666667,54.4733052,51.408463,-1.9542701922526078
2024-06-30 20:30:00,71.73407893333334,59.071755583333335,51.378494,-20.355584670638024
2024-06-30 21:00:00,58.95331998333333,59.94849403333333,51.09436,-7.85895963177083
2024-06-30 21:30:00,62.14942546666666,65.45883666666667,50.57669,-11.572734792838538
2024-06-30 22:00:00,55.228960666666666,62.8163672,52.051758,-3.1772028541666657
2024-06-30 22:30:00,47.83992286666666,44.11246011666666,48.430756,0.5908327485677134
2024-06-30 23:00:00,44.351009233333336,45.45816985,47.420685,3.069675581119789
2024-06-30 23:30:00,49.4658291,42.74553513333333,46.812912,-2.652917112695313
2024-07-01 00:00:00,49.18117501666666,43.101973416666674,46.68808,-2.493095182682282
2024-07-01 00:30:00,51.020842666666674,41.07317281666666,42.924377,-8.096465225260424
2024-07-01 01:00:00,51.33538050000001,40.82520281666667,40.689316,-10.646064704101569
2024-07-01 01:30:00,41.34299931666667,35.26748275,39.060257,-2.282742358658858
2024-07-01 02:00:00,33.52866611666666,30.4620728,38.166183,4.637517355013024
2024-07-01 02:30:00,35.90514818333333,34.63141783333333,35.564545,-0.34060350559895625
2024-07-01 03:00:00,37.14578501666667,32.83857166666667,36.032516,-1.1132685371744842
2024-07-01 03:30:00,39.70996113333334,28.07490615,32.930756,-6.779205518098962
2024-07-01 04:00:00,41.6938711,27.93664096666667,33.993744,-7.700127203515628
2024-07-01 04:30:00,44.55726884999999,23.55702003333333,35.574234,-8.98303484121093
2024-07-01 05:00:00,43.487469483333335,26.91043451666667,37.07361,-6.413861084895835
2024-07-01 05:30:00,45.75011175,25.442861616666665,39.843185,-5.906926325195315
2024-07-01 06:00:00,50.07028161666667,34.86124555,43.234024,-6.836257568815107
2024-07-01 06:30:00,43.55158221666667,43.71782446666666,46.9843,3.432716489388021
2024-07-01 07:00:00,44.85881776666667,37.18011221666666,47.18251,2.3236926093098944
2024-07-01 07:30:00,40.612177116666665,42.71943715,46.036118,5.423940437044273
2024-07-01 08:00:00,43.00808705,39.76993888333333,42.94722,-0.06086720136718782
2024-07-01 08:30:00,36.06314823333333,49.71984845,40.278214,4.215065267643233
2024-07-01 09:00:00,25.1467289,43.843235516666674,32.110214,6.963485333398438
2024-07-01 09:30:00,15.083833333333333,38.19351828333333,23.07373,7.989897135416667
2024-07-01 10:00:00,-0.3173438833333337,23.648918433333336,12.88643,13.203773670015462
2024-07-01 10:30:00,-7.045538283333333,20.548681166666668,3.5696723,10.615210629448445
2024-07-01 11:00:00,-13.6386226,24.08950175,-4.622344,9.016278582971191
2024-07-01 11:30:00,-17.7990226,9.155000066666666,-10.520034,7.278988763635255
2024-07-01 12:00:00,-22.714904516666667,-10.8792226,-17.600922,5.113982885807292
2024-07-01 12:30:00,-22.501761016666663,-13.1597345,-22.892807,-0.39104599016927466
2024-07-01 13:00:00,-20.241210566666663,-23.79415275,-24.528168,-4.286957157942712
2024-07-01 13:30:00,-9.937572166666667,-26.18479128333333,-19.902725,-9.965153053059895
2024-07-01 14:00:00,-10.5611878,-15.613710566666668,-14.270446,-3.709258023669433
2024-07-01 14:30:00,-13.615440499999998,-9.60871895,-5.9604177,7.65502275250244
2024-07-01 15:00:00,3.928810449999999,-0.8731383499999996,2.031861,-1.8969493831817617
2024-07-01 15:30:00,6.851545383333334,6.077955333333333,10.704988,3.8534421426066077
2024-07-01 16:00:00,16.211719016666667,19.90369955,19.044556,2.8328366473958333
2024-07-01 16:30:00,20.7109612,38.113544,27.428436,6.717475079296875
2024-07-01 17:00:00,28.092256733333333,39.21507776666667,36.128433,8.03617649420573
2024-07-01 17:30:00,34.24125395,41.2445806,41.186005,6.944750688671874
2024-07-01 18:00:00,50.40876828333333,57.56475331666667,43.97162,-6.43714963098958
2024-07-01 18:30:00,46.78894435,62.60187673333333,47.14499,0.3560446636718737
2024-07-01 19:00:00,45.90710441666667,60.05721888333333,52.65042,6.7433167259114555
2024-07-01 19:30:00,47.31135115,54.77854933333333,53.254913,5.943562180078125
2024-07-01 20:00:00,46.94296095000001,53.36273271666667,53.58101,6.638047961132806
2024-07-01 20:30:00,44.3969339,71.73407893333334,54.273804,9.8768698109375
2024-07-01 21:00:00,46.62832386666667,58.95331998333333,53.77539,7.147066758333331
2024-07-01 21:30:00,42.472774,62.14942546666666,53.875717,11.402943163085936
2024-07-01 22:00:00,38.12317571666667,55.228960666666666,52.607742,14.48456659290364
2024-07-01 22:30:00,39.20878376666667,47.83992286666666,49.605194,10.396410325130205
2024-07-01 23:00:00,42.554935050000005,44.351009233333336,47.670914,5.115978646289058
2024-07-01 23:30:00,52.525167566666674,49.4658291,47.93297,-4.592199427018237
2024-07-02 00:00:00,58.305228383333336,49.18117501666666,45.224197,-13.081030995638024
2024-07-02 00:30:00,55.07301603333334,51.020842666666674,42.83232,-12.240694866341151
2024-07-02 01:00:00,48.41726275,51.33538050000001,40.44429,-7.9729725888671865
2024-07-02 01:30:00,48.71696605,41.34299931666667,37.65837,-11.058595078320316
2024-07-02 02:00:00,45.51951061666667,33.52866611666666,35.243668,-10.27584301412761
2024-07-02 02:30:00,44.91432493333334,35.90514818333333,33.143326,-11.770999127669278
2024-07-02 03:00:00,43.692217883333335,37.14578501666667,34.222015,-9.47020250247396
2024-07-02 03:30:00,42.900360033333335,39.70996113333334,33.67607,-9.224288866341148
2024-07-02 04:00:00,43.93881615,41.6938711,33.107056,-10.831760485937501
2024-07-02 04:30:00,33.60400846666666,44.55726884999999,36.781433,3.177424638802087
2024-07-02 05:00:00,37.47344558333334,43.487469483333335,39.550766,2.0773204078776004
2024-07-02 05:30:00,31.491527699999995,45.75011175,44.442566,12.951038217968755
2024-07-02 06:00:00,41.01444661666667,50.07028161666667,47.956314,6.941867470247395
2024-07-02 06:30:00,42.54668711666667,43.55158221666667,50.46924,7.922551164583332
2024-07-02 07:00:00,45.100257766666665,44.85881776666667,51.066498,5.96624003606771
2024-07-02 07:30:00,46.77504441666667,40.612177116666665,49.601013,2.825968766927083
2024-07-02 08:00:00,41.544575,43.00808705,46.78389,5.239314770507811
2024-07-02 08:30:00,39.4103045,36.06314823333333,41.290665,1.8803601728515602
2024-07-02 09:00:00,33.02477291666667,25.1467289,34.19536,1.1705853597005174
2024-07-02 09:30:00,15.702042683333332,15.083833333333333,23.285385,7.583342448502606
2024-07-02 10:00:00,8.89160725,-0.3173438833333337,12.610795,3.719187771057129
2024-07-02 10:30:00,-12.83694675,-7.045538283333333,1.6663979,14.503344679191589
2024-07-02 11:00:00,-28.0112355,-13.6386226,-7.028014,20.983221316955568
2024-07-02 11:30:00,-28.21154935,-17.7990226,-14.457946,13.753603526330565
2024-07-02 12:00:00,-42.0350662,-22.714904516666667,-20.360153,21.674913001757815
2024-07-02 12:30:00,-42.899388816666665,-22.501761016666663,-24.060425,18.838964011979165
2024-07-02 13:00:00,-48.60950155,-20.241210566666663,-23.499222,25.110279748242185
2024-07-02 13:30:00,-36.21259668333334,-9.937572166666667,-18.31108,17.90151575071615
2024-07-02 14:00:00,-39.61093928333333,-10.5611878,-13.765517,25.845422048531084
2024-07-02 14:30:00,-22.667301616666663,-13.615440499999998,-4.8959646,17.771336994169104
2024-07-02 15:00:00,-17.45184993333333,3.928810449999999,3.738114,21.18996405190938
2024-07-02 15:30:00,-11.119037166666669,6.851545383333334,11.346574,22.465610996317547
2024-07-02 16:00:00,-3.874976666666667,16.211719016666667,20.202057,24.077033551432294
2024-07-02 16:30:00,12.043510383333334,20.7109612,28.964355,16.920845085416666
2024-07-02 17:00:00,19.7281361,28.092256733333333,35.536453,15.808317147070312
2024-07-02 17:30:00,27.44358128333333,34.24125395,42.354355,14.910773575065107
2024-07-02 18:00:00,37.1263516,50.40876828333333,48.120926,10.994574303320313
2024-07-02 18:30:00,46.942792700000005,46.78894435,50.584396,3.641603662304682
2024-07-02 19:00:00,46.85051548333333,45.90710441666667,53.528885,6.67836940436198
2024-07-02 19:30:00,46.55238823333334,47.31135115,53.4803,6.9279126699869735
2024-07-02 20:00:00,52.3211117,46.94296095000001,52.897003,0.575891473828122
2024-07-02 20:30:00,55.38466043333333,44.3969339,51.970657,-3.414003084700518
2024-07-02 21:00:00,45.883071,46.62832386666667,51.848663,5.965592330078124
2024-07-02 21:30:00,44.076860583333335,42.472774,50.950363,6.873502575846352
2024-07-02 22:00:00,51.19297674999999,38.12317571666667,48.524094,-2.668883122070305
2024-07-02 22:30:00,56.26998553333333,39.20878376666667,45.56285,-10.707134581184896
2024-07-02 23:00:00,54.35873208333334,42.554935050000005,45.259598,-9.099134305013024
2024-07-02 23:30:00,50.31303896666666,52.525167566666674,45.29355,-5.019490382682285
2024-07-03 00:00:00,56.34921215,58.305228383333336,44.497086,-11.852126578710937
2024-07-03 00:30:00,49.90511558333333,55.07301603333334,41.01471,-8.890406110677077
2024-07-03 01:00:00,51.55054043333334,48.41726275,38.939392,-12.611148343489589
2024-07-03 01:30:00,51.19839498333334,48.71696605,38.968872,-12.229522913020837
2024-07-03 02:00:00,44.8703861,45.51951061666667,39.55237,-5.3180179359374975
2024-07-03 02:30:00,53.65621788333333,44.91432493333334,38.56308,-15.093138049348958
2024-07-03 03:00:00,54.3650567,43.692217883333335,37.35002,-17.01503533769531
2024-07-03 03:30:00,44.40403651666667,42.900360033333335,35.91252,-8.491515154361984
2024-07-03 04:00:00,49.26503664999999,43.93881615,36.138046,-13.126990385351554
2024-07-03 04:30:00,47.710315916666666,33.60400846666666,36.673157,-11.037159178385416
2024-07-03 05:00:00,44.65423181666667,37.47344558333334,38.781693,-5.872539311783861
2024-07-03 05:30:00,43.04299603333333,31.491527699999995,40.90779,-2.1352048956380187
2024-07-03 06:00:00,44.46996721666667,41.01444661666667,44.243378,-0.2265895311197923
2024-07-03 06:30:00,45.68627898333333,42.54668711666667,46.583405,0.8971255576822941
2024-07-03 07:00:00,45.82958728333333,45.100257766666665,46.475906,0.6463190887369805
2024-07-03 07:30:00,43.50495953333333,46.77504441666667,45.148514,1.6435542606119853
2024-07-03 08:00:00,31.6018305,41.544575,43.521667,11.919836980468752
2024-07-03 08:30:00,30.74413175,39.4103045,36.96756,6.223428064453124
2024-07-03 09:00:00,28.22973945,33.02477291666667,30.560104,2.330364920117187
2024-07-03 09:30:00,9.73873725,15.702042683333332,21.072418,11.333680962890625
2024-07-03 10:00:00,-11.970817183333333,8.89160725,12.077882,24.048698996382647
2024-07-03 10:30:00,-21.0430945,-12.83694675,1.077607,22.1207015356369
2024-07-03 11:00:00,-15.081235983333334,-28.0112355,-10.437362,4.643874266109213
2024-07-03 11:30:00,-30.39669605,-28.21154935,-19.967926,10.428770024609374
2024-07-03 12:00:00,-41.75059,-42.0350662,-25.787247,15.96334329589844
2024-07-03 12:30:00,-51.087608816666666,-42.899388816666665,-29.599182,21.488426687760416
2024-07-03 13:00:00,-39.709852833333336,-48.60950155,-30.962982,8.746870655598961
2024-07-03 13:30:00,-32.73623835,-36.21259668333334,-25.914658,6.821580757226563
2024-07-03 14:00:00,-39.37624503333333,-39.61093928333333,-19.98027,19.395974647591146
2024-07-03 14:30:00,-34.553241750000005,-22.667301616666663,-11.777953,22.77528860211182
2024-07-03 15:00:00,-32.197773866666665,-17.45184993333333,-3.5612633,28.636510543836465
2024-07-03 15:30:00,-24.886623966666665,-11.119037166666669,7.3319407,32.2185646176066
2024-07-03 16:00:00,-9.1596854,-3.874976666666667,13.754472,22.91415717886963
2024-07-03 16:30:00,10.1286445,12.043510383333334,23.372528,13.243883576171875
2024-07-03 17:00:00,17.939956583333334,19.7281361,31.13855,13.198593221354166
2024-07-03 17:30:00,31.79808001666667,27.44358128333333,35.805344,4.007263611263017
2024-07-03 18:00:00,34.93945231666667,37.1263516,40.229813,5.290360305403645
2024-07-03 18:30:00,40.78079375,46.942792700000005,42.950943,2.1701492431640617
2024-07-03 19:00:00,42.03999781666667,46.85051548333333,45.03679,2.9967911237630176
2024-07-03 19:30:00,49.18594886666667,46.55238823333334,47.11873,-2.067220228971358
2024-07-03 20:00:00,48.80544781666666,52.3211117,50.226974,1.4215266706380305
2024-07-03 20:30:00,52.68008281666667,55.38466043333333,51.514755,-1.1653275676432315
2024-07-03 21:00:00,58.39579185,45.883071,50.0179,-8.37789329042969
2024-07-03 21:30:00,51.452744466666665,44.076860583333335,50.01042,-1.4423227137369778
2024-07-03 22:00:00,46.903335133333336,51.19297674999999,50.973236,4.069900950651039
2024-07-03 22:30:00,46.57446996666667,56.26998553333333,48.939117,2.364647464973956
2024-07-03 23:00:00,47.866589883333326,54.35873208333334,47.04059,-0.8260015044270759
2024-07-03 23:30:00,47.357340050000005,50.31303896666666,46.87784,-0.4795019152343798
2024-07-04 00:00:00,47.09060661666666,56.34921215,46.291855,-0.7987517582682244
2024-07-04 00:30:00,37.30504785,49.90511558333333,42.858856,5.553808351171874
2024-07-04 01:00:00,38.559995050000005,51.55054043333334,42.615295,4.055300360156245
2024-07-04 01:30:00,38.79493765,51.19839498333334,41.931946,3.1370081507812486
2024-07-04 02:00:00,31.893052633333337,44.8703861,42.66588,10.7728256625651
2024-07-04 02:30:00,39.81215495,53.65621788333333,41.30693,1.4947755919921875
2024-07-04 03:00:00,40.3626317,54.3650567,40.383987,0.021355726757811055
2024-07-04 03:30:00,37.63296051666666,44.40403651666667,40.237427,2.6044662411458432
2024-07-04 04:00:00,34.8280806,49.26503664999999,39.34825,4.520170742773438
2024-07-04 04:30:00,33.72771328333334,47.710315916666666,40.017,6.289285007682288
2024-07-04 05:00:00,35.00660828333333,44.65423181666667,40.131287,5.124678337760422
2024-07-04 05:30:00,35.51974995,43.04299603333333,43.466904,7.94715373652344
2024-07-04 06:00:00,35.35593545,44.46996721666667,43.078873,7.722937230664066
2024-07-04 06:30:00,42.64927835,45.68627898333333,44.962082,2.3128035591796845
2024-07-04 07:00:00,40.55691615,45.82958728333333,44.541687,3.9847708617187507
2024-07-04 07:30:00,36.66336985,43.50495953333333,42.771576,6.108206077734373
2024-07-04 08:00:00,30.03811706666667,31.6018305,38.665695,8.62757812376302
2024-07-04 08:30:00,33.82348571666667,30.74413175,34.71309,0.8896032725911454
2024-07-04 09:00:00,31.881256716666662,28.22973945,26.02713,-5.8541265897135375
2024-07-04 09:30:00,15.0104873,9.73873725,17.754303,2.7438156785156256
2024-07-04 10:00:00,6.263734883333332,-11.970817183333333,7.544938,1.2812032041300467
2024-07-04 10:30:00,-6.800821066666667,-21.0430945,-5.77394,1.0268809803019208
2024-07-04 11:00:00,-14.306849583333332,-15.081235983333334,-16.649704,-2.342854396158856
2024-07-04 11:30:00,-21.009361116666664,-30.39669605,-23.879654,-2.8702928139973984
2024-07-04 12:00:00,-35.62156935,-41.75059,-32.06703,3.554537489648439
2024-07-04 12:30:00,-30.95866215,-51.087608816666666,-37.361313,-6.402650716210939
2024-07-04 13:00:00,-32.48915685,-39.709852833333336,-37.702087,-5.2129305523437495
2024-07-04 13:30:00,-39.82746383333333,-32.73623835,-33.271484,6.555979458333333
2024-07-04 14:00:00,-41.4088411,-39.37624503333333,-25.8051,15.603741612695309
2024-07-04 14:30:00,-36.74231326666666,-34.553241750000005,-20.108582,16.633731723697913
2024-07-04 15:00:00,-33.9238139,-32.197773866666665,-12.112639,21.81117447281494
2024-07-04 15:30:00,-22.28028493333333,-24.886623966666665,-4.599654,17.68063073564046
2024-07-04 16:00:00,-5.91982505,-9.1596854,5.1653757,11.085200759533691
2024-07-04 16:30:00,6.868372716666666,10.1286445,15.765916,8.897543153999838
2024-07-04 17:00:00,18.147089,17.939956583333334,26.231781,8.084692005859374
2024-07-04 17:30:00,21.93803508333333,31.79808001666667,33.364975,11.426939892252609
2024-07-04 18:00:00,26.27607658333333,34.93945231666667,36.554794,10.278717728190106
2024-07-04 18:30:00,29.960675666666663,40.78079375,41.16057,11.199892570638024
2024-07-04 19:00:00,30.96907836666667,42.03999781666667,44.469666,13.500587160677082
2024-07-04 19:30:00,37.91786943333333,49.18594886666667,46.972076,9.054206982682295
2024-07-04 20:00:00,41.20072663333333,48.80544781666666,48.192413,6.991686696744793
2024-07-04 20:30:00,41.38500045,52.68008281666667,49.976868,8.59186722578125
2024-07-04 21:00:00,34.89700668333334,58.39579185,49.104385,14.207378692643225
2024-07-04 21:30:00,37.75258561666666,51.452744466666665,50.544083,12.791497024934905
2024-07-04 22:00:00,33.36576853333333,46.903335133333336,49.870697,16.504928488151045
2024-07-04 22:30:00,32.827518766666664,46.57446996666667,49.10843,16.28091018841146
2024-07-04 23:00:00,36.27789061666667,47.866589883333326,48.31711,12.039217537630208
2024-07-04 23:30:00,33.77169618333333,47.357340050000005,47.435654,13.663957503190105
2024-07-05 00:00:00,34.10142508333333,47.09060661666666,46.147324,12.045898525065105
2024-07-05 00:30:00,29.3024252,37.30504785,43.509644,14.207218354687502
2024-07-05 01:00:00,29.38500378333333,38.559995050000005,41.346634,11.96163012779948
2024-07-05 01:30:00,35.17735283333334,38.79493765,40.799225,5.621872020182288
2024-07-05 02:00:00,33.7675444,31.893052633333337,38.443558,4.676013339257814
2024-07-05 02:30:00,34.53030668333333,39.81215495,36.544876,2.0145694152994835
2024-07-05 03:00:00,36.98402455,40.3626317,36.68155,-0.3024754777343759
2024-07-05 03:30:00,37.3111033,37.63296051666666,36.022827,-1.2882761515624992
2024-07-05 04:00:00,33.75983216666666,34.8280806,36.577667,2.817835069661463
2024-07-05 04:30:00,32.390095716666664,33.72771328333334,37.488388,5.098292344856773
2024-07-05 05:00:00,32.32213123333333,35.00660828333333,38.794662,6.472531242252607
2024-07-05 05:30:00,34.173917116666665,35.51974995,39.051315,4.877398190950522
2024-07-05 06:00:00,34.25526665,35.35593545,41.586365,7.331098096093747
2024-07-05 06:30:00,32.63598338333333,42.64927835,41.05493,8.418948257291667
2024-07-05 07:00:00,35.18000718333334,40.55691615,40.112534,4.9325263860026
2024-07-05 07:30:00,38.9863211,36.66336985,39.345047,0.35872589707031466
2024-07-05 08:00:00,32.693432683333334,30.03811706666667,37.930313,5.236880427018228
2024-07-05 08:30:00,18.872298233333336,33.82348571666667,32.16101,13.288712508854164
2024-07-05 09:00:00,18.9353718,31.881256716666662,23.810226,4.874854640429689
2024-07-05 09:30:00,11.888673283333333,15.0104873,12.650834,0.7621608002237963
2024-07-05 10:00:00,9.72744105,6.263734883333332,3.4838111,-6.243629909939575
2024-07-05 10:30:00,3.892054516666667,-6.800821066666667,-7.246917,-11.138971287601725
2024-07-05 11:00:00,-8.20139785,-14.306849583333332,-16.054642,-7.853243873632813
2024-07-05 11:30:00,-17.175267316666666,-21.009361116666664,-22.988724,-5.813456438216146
2024-07-05 12:00:00,-24.00732996666667,-35.62156935,-30.603317,-6.595987294075517
2024-07-05 12:30:00,-18.606566766666667,-30.95866215,-34.227295,-15.620728155208333
2024-07-05 13:00:00,-35.48541938333333,-32.48915685,-35.42758,0.05783759622395479
2024-07-05 13:30:00,-44.0407627,-39.82746383333333,-33.947327,10.093436039843752
2024-07-05 14:00:00,-45.76174878333333,-41.4088411,-28.149902,17.61184643958333
2024-07-05 14:30:00,-47.46289898333333,-36.74231326666666,-19.923431,27.539467586848957
2024-07-05 15:00:00,-34.716415,-33.9238139,-13.536849,21.179565978088377
2024-07-05 15:30:00,-21.03543115,-22.28028493333333,-4.2472677,16.788163426916505
2024-07-05 16:00:00,-6.03127055,-5.91982505,5.377244,11.408514545666504
2024-07-05 16:30:00,3.8344016500000007,6.868372716666666,14.231843,10.397441344689941
2024-07-05 17:00:00,10.35056325,18.147089,22.755066,12.40450266796875
2024-07-05 17:30:00,16.324920016666667,21.93803508333333,29.460144,13.135224026302083
2024-07-05 18:00:00,21.630281666666665,26.27607658333333,34.28929,12.659009715169272
2024-07-05 18:30:00,27.54781885,29.960675666666663,39.74147,12.193651486914064
2024-07-05 19:00:00,31.70206943333333,30.96907836666667,43.690216,11.988146631119793
2024-07-05 19:30:00,32.155986033333335,37.91786943333333,44.14125,11.985264577018228
2024-07-05 20:00:00,30.60048185,41.20072663333333,45.500687,14.900204795507811
2024-07-05 20:30:00,29.727073316666665,41.38500045,46.594437,16.867363328841147
2024-07-05 21:00:00,26.661688216666665,34.89700668333334,44.821365,18.159677139778648
2024-07-05 21:30:00,25.848823266666667,37.75258561666666,45.554092,19.705269140559896
2024-07-05 22:00:00,23.22239055,33.36576853333333,44.479553,21.25716267265625
2024-07-05 22:30:00,24.81991268333333,32.827518766666664,43.793396,18.97348331276042
2024-07-05 23:00:00,37.83342616666667,36.27789061666667,43.728165,5.894738506184893
2024-07-05 23:30:00,39.93209658333333,33.77169618333333,43.05722,3.1251238756510418
2024-07-06 00:00:00,46.47615725,34.10142508333333,39.760284,-6.715872826171875
2024-07-06 00:30:00,48.39837501666667,29.3024252,39.275253,-9.123121720768232
2024-07-06 01:00:00,45.40886868333334,29.38500378333333,37.527298,-7.881570709700526
2024-07-06 01:30:00,42.1165022,35.17735283333334,35.77823,-6.338273440234374
2024-07-06 02:00:00,32.82039043333334,33.7675444,36.094666,3.274275094010413
2024-07-06 02:30:00,40.68049873333333,34.53030668333333,34.384506,-6.295992507747393
2024-07-06 03:00:00,39.2923928,36.98402455,34.98729,-4.305103371289064
2024-07-06 03:30:00,36.36997228333333,37.3111033,34.876694,-1.493278557747395
2024-07-06 04:00:00,33.88787485,33.75983216666666,35.02414,1.1362645542968721
2024-07-06 04:30:00,28.614959433333336,32.390095716666664,35.699448,7.084488198502601
2024-07-06 05:00:00,27.0908394,32.32213123333333,37.976166,10.885326371484375
2024-07-06 05:30:00,25.43546215,34.173917116666665,37.701065,12.265602913476563
2024-07-06 06:00:00,27.219175,34.25526665,38.74312,11.523943286132813
2024-07-06 06:30:00,32.47076598333334,32.63598338333333,39.046326,6.575559700260413
2024-07-06 07:00:00,37.56155,35.18000718333334,39.537262,1.9757119628906281
2024-07-06 07:30:00,30.159963200000004,38.9863211,37.659866,7.499903133007809
2024-07-06 08:00:00,29.58359891666667,32.693432683333334,33.845886,4.26228731380208
2024-07-06 08:30:00,27.478784216666668,18.872298233333336,27.655426,0.17664180872395718
2024-07-06 09:00:00,18.16443673333333,18.9353718,19.250626,1.086188877018234
2024-07-06 09:30:00,12.838304383333332,11.888673283333333,9.844438,-2.993866784151203
2024-07-06 10:00:00,6.304878216666666,9.72744105,1.4944009,-4.810477357787577
2024-07-06 10:30:00,-9.2715371,3.892054516666667,-7.68344,1.5880968915649412
2024-07-06 11:00:00,-18.518738950000003,-8.20139785,-15.945785,2.572954381213382
2024-07-06 11:30:00,-32.35431561666667,-17.175267316666666,-24.4337,7.92061505514323
2024-07-06 12:00:00,-41.65229176666667,-24.00732996666667,-30.010239,11.642053119205734
2024-07-06 12:30:00,-60.52010236666666,-18.606566766666667,-34.508347,26.011755809049475
2024-07-06 13:00:00,-69.39902045000001,-35.48541938333333,-37.856842,31.542178408984384
2024-07-06 13:30:00,-68.54671721666666,-44.0407627,-34.262802,34.28391509264323
2024-07-06 14:00:00,-55.38616833333333,-45.76174878333333,-30.406006,24.98016247395833
2024-07-06 14:30:00,-46.813188233333335,-47.46289898333333,-24.57956,22.23362890716146
2024-07-06 15:00:00,-42.241054983333335,-34.716415,-18.060928,24.180126638606772
2024-07-06 15:30:00,-31.37172735,-21.03543115,-9.484389,21.887338044885254
2024-07-06 16:00:00,-14.35603775,-6.03127055,-1.6170341,12.739003672355652
2024-07-06 16:30:00,8.82573275,3.8344016500000007,7.4130564,-1.4126763764038088
2024-07-06 17:00:00,17.38618385,10.35056325,14.7978525,-2.588331333825682
2024-07-06 17:30:00,26.33642118333333,16.324920016666667,22.580887,-3.755534342513016
2024-07-06 18:00:00,23.553211,21.630281666666665,28.970749,5.4175379013671865
2024-07-06 18:30:00,26.34103321666667,27.54781885,35.729782,9.388748887825518
2024-07-06 19:00:00,28.470059433333333,31.70206943333333,40.298386,11.828326186783855
2024-07-06 19:30:00,32.33233525,32.155986033333335,38.980896,6.64856074609375
2024-07-06 20:00:00,40.3847933,30.60048185,40.207397,-0.17739583906249834
2024-07-06 20:30:00,45.31933206666667,29.727073316666665,40.988586,-4.330745640885418
2024-07-06 21:00:00,41.29676113333333,26.661688216666665,41.52263,0.22586765084636085
2024-07-06 21:30:00,36.44008605,25.848823266666667,40.099564,3.6594775486328146
2024-07-06 22:00:00,31.95380888333333,23.22239055,39.157898,7.2040890658854195
2024-07-06 22:30:00,31.90468038333333,24.81991268333333,38.023483,6.118802893033859
2024-07-06 23:00:00,37.34500668333333,37.83342616666667,37.716293,0.37128665162760655
2024-07-06 23:30:00,41.4201549,39.93209658333333,38.28447,-3.1356852955078125
2024-07-07 00:00:00,37.0945,46.47615725,38.063416,0.9689155273437535
2024-07-07 00:30:00,34.18103816666667,48.39837501666667,37.422394,3.241355632161458
2024-07-07 01:00:00,33.24366728333334,45.40886868333334,37.632538,4.3888705584635375
2024-07-07 01:30:00,31.675842733333337,42.1165022,38.253128,6.577285318424476
2024-07-07 02:00:00,28.71040168333333,32.82039043333334,37.706512,8.996110767838545
2024-07-07 02:30:00,30.669444483333336,40.68049873333333,36.423157,5.753712254947914
2024-07-07 03:00:00,34.96049276666667,39.2923928,35.314285,0.3537925116536442
2024-07-07 03:30:00,31.424405566666668,36.36997228333333,34.544632,3.120226391341145
2024-07-07 04:00:00,35.01258901666667,33.88787485,33.590714,-1.421875515690104
2024-07-07 04:30:00,35.094125483333336,28.614959433333336,35.128204,0.034078862369788965
2024-07-07 05:00:00,35.618936616666666,27.0908394,35.49344,-0.12549789596354088
2024-07-07 05:30:00,29.83141665,25.43546215,35.192856,5.361439184960936
2024-07-07 06:00:00,33.35094826666667,27.219175,34.9861,1.6351509764973926
2024-07-07 06:30:00,33.20151871666667,32.47076598333334,38.51375,5.312229452278643
2024-07-07 07:00:00,32.466002833333334,37.56155,39.392197,6.926193821940103
2024-07-07 07:30:00,35.74539106666666,30.159963200000004,35.962463,0.217072312239587
2024-07-07 08:00:00,37.20482515,29.58359891666667,33.727905,-3.476919876562498
2024-07-07 08:30:00,31.57055726666667,27.478784216666668,28.250854,-3.3197027744791683
2024-07-07 09:00:00,22.3486595,18.16443673333333,21.332794,-1.0158653105468751
2024-07-07 09:30:00,8.574508916666668,12.838304383333332,12.999665,4.425156343648274
2024-07-07 10:00:00,-11.2798272,6.304878216666666,4.609071,15.888897977893066
2024-07-07 10:30:00,-18.104070516666667,-9.2715371,-6.087035,12.017035337528483
2024-07-07 11:00:00,-29.602049583333336,-18.518738950000003,-17.178055,12.423994773763024
2024-07-07 11:30:00,-35.5431049,-32.35431561666667,-25.702057,9.841048015234378
2024-07-07 12:00:00,-36.52786331666667,-41.65229176666667,-31.856583,4.6712806750651055
2024-07-07 12:30:00,-49.2323968,-60.52010236666666,-36.70259,12.529805857617184
2024-07-07 13:00:00,-38.36018895,-69.39902045000001,-40.665436,-2.3052468410156237
2024-07-07 13:30:00,-22.80293946666667,-68.54671721666666,-40.875763,-18.072823472786457
2024-07-07 14:00:00,-27.53081665,-55.38616833333333,-38.01593,-10.485113525781252
2024-07-07 14:30:00,-22.59748163333333,-46.813188233333335,-33.00824,-10.41075811276042
2024-07-07 15:00:00,-14.904638466666666,-42.241054983333335,-25.332565,-10.427926840950521
2024-07-07 15:30:00,-4.00427945,-31.37172735,-16.832565,-12.828285857617187
2024-07-07 16:00:00,2.3020460666666662,-14.35603775,-8.575667,-10.877713447953287
2024-07-07 16:30:00,14.1545722,8.82573275,3.056626,-11.097946118533326
2024-07-07 17:00:00,16.694237183333332,17.38618385,12.547364,-4.146872948409015
2024-07-07 17:30:00,17.850587766666667,26.33642118333333,21.73616,3.8855725116536455
2024-07-07 18:00:00,18.87340615,23.553211,28.477905,9.604499123437499
2024-07-07 18:30:00,26.78290055,26.34103321666667,33.9834,7.200497887499999
2024-07-07 19:00:00,31.9238551,28.470059433333333,36.641434,4.717578615820312
2024-07-07 19:30:00,29.5652106,32.33233525,38.968536,9.403325776953125
2024-07-07 20:00:00,25.568130083333333,40.3847933,40.54236,14.974228315104167
2024-07-07 20:30:00,33.38591505,45.31933206666667,41.353714,7.967798939257811
2024-07-07 21:00:00,33.83126571666667,41.29676113333333,39.72708,5.895815582161454
2024-07-07 21:30:00,37.34275713333333,36.44008605,37.76854,0.4257822953776085
2024-07-07 22:00:00,35.465634533333336,31.95380888333333,36.83992,1.3742855106119762
2024-07-07 22:30:00,33.706777216666666,31.90468038333333,36.47969,2.772913335091147
2024-07-07 23:00:00,32.075467933333336,37.34500668333333,36.471924,4.396455894791664
2024-07-07 23:30:00,32.33327393333333,41.4201549,36.10103,3.7677545090494817
2024-07-08 00:00:00,35.80072448333333,37.0945,34.52704,-1.2736859091145831
2024-07-08 00:30:00,34.0178929,34.18103816666667,35.777145,1.7592524857421878
2024-07-08 01:00:00,37.493068916666665,33.24366728333334,35.594894,-1.8981745074869778
2024-07-08 01:30:00,28.575436266666667,31.675842733333337,37.25714,8.681704846614583
2024-07-08 02:00:00,33.469586150000005,28.71040168333333,37.062607,3.5930206615234326
2024-07-08 02:30:00,36.49709551666667,30.669444483333336,35.24524,-1.2518562588541684
2024-07-08 03:00:00,39.88186936666667,34.96049276666667,34.450348,-5.431521466276045
2024-07-08 03:30:00,38.55786831666666,31.424405566666668,32.412704,-6.145163848893219
2024-07-08 04:00:00,34.94389733333333,35.01258901666667,33.7491,-1.1947976018880198
2024-07-08 04:30:00,34.42773558333334,35.094125483333336,33.45845,-0.9692852659505249
2024-07-08 05:00:00,33.246449616666666,35.618936616666666,33.961243,0.7147930591145837
2024-07-08 05:30:00,30.77829175,29.83141665,34.18631,3.408018064453124
2024-07-08 06:00:00,30.12345775,33.35094826666667,34.551697,4.42823902734375
2024-07-08 06:30:00,34.66423963333333,33.20151871666667,35.078186,0.4139464018229191
2024-07-08 07:00:00,32.64375225,32.466002833333334,34.4608,1.817047920898439
2024-07-08 07:30:00,34.02312165,35.74539106666666,32.072586,-1.9505355904296877
2024-07-08 08:00:00,30.986449883333336,37.20482515,31.72229,0.7358401557291643
2024-07-08 08:30:00,29.831279783333333,31.57055726666667,28.764389,-1.0668907452473952
2024-07-08 09:00:00,30.267970766666664,22.3486595,22.363098,-7.904872622135414
2024-07-08 09:30:00,34.01081323333333,8.574508916666668,13.822053,-20.18876027770589
2024-07-08 10:00:00,25.18827285,-11.2798272,1.7773751,-23.41089774795685
2024-07-08 10:30:00,20.815837316666663,-18.104070516666667,-10.325942,-31.14177935615641
2024-07-08 11:00:00,11.527081666666668,-29.602049583333336,-20.248596,-31.775677858072918
2024-07-08 11:30:00,11.130077733333335,-35.5431049,-29.730865,-40.86094321184896
2024-07-08 12:00:00,7.740897283333333,-36.52786331666667,-38.185455,-45.92635260559896
2024-07-08 12:30:00,6.384451666666667,-49.2323968,-44.949142,-51.33359412272135
2024-07-08 13:00:00,7.150763833333333,-38.36018895,-48.536713,-55.68747647981771
2024-07-08 13:30:00,11.173098883333331,-22.80293946666667,-44.777466,-55.95056470364583
2024-07-08 14:00:00,16.208653266666666,-27.53081665,-40.58203,-56.790684516666666
2024-07-08 14:30:00,11.7589484,-22.59748163333333,-32.53427,-44.293219640234376
2024-07-08 15:00:00,15.32118831666667,-14.904638466666666,-23.13501,-38.45619808229167
2024-07-08 15:30:00,17.2569695,-4.00427945,-13.211303,-30.468272257263184
2024-07-08 16:00:00,25.46051433333333,2.3020460666666662,-3.2486718,-28.709186103429154
2024-07-08 16:30:00,28.49639003333333,14.1545722,8.571763,-19.924626994698077
2024-07-08 17:00:00,33.55463053333333,16.694237183333332,18.655228,-14.899402872200518
2024-07-08 17:30:00,38.605128283333336,17.850587766666667,24.319962,-14.285166735481774
2024-07-08 18:00:00,38.28346448333333,18.87340615,28.972504,-9.310960821223958
2024-07-08 18:30:00,45.1076189,26.78290055,31.746231,-13.361387820898436
2024-07-08 19:00:00,40.26034611666667,31.9238551,36.152786,-4.107559861783855
2024-07-08 19:30:00,51.35527043333334,29.5652106,38.651962,-12.7033081530599
2024-07-08 20:00:00,43.919317416666665,25.568130083333333,38.818497,-5.100820712565103
2024-07-08 20:30:00,41.928145066666666,33.38591505,38.433517,-3.4946276106119782
2024-07-08 21:00:00,35.6442574,33.83126571666667,36.452576,0.8083182835937492
2024-07-08 21:30:00,35.11712945,37.34275713333333,35.843826,0.7266968439453123
2024-07-08 22:00:00,31.661788366666663,35.465634533333336,35.07144,3.409653283723962
2024-07-08 22:30:00,31.200440566666668,33.706777216666666,35.872574,4.672133285872395
2024-07-08 23:00:00,34.556638283333335,32.075467933333336,36.16301,1.6063713602213525
2024-07-08 23:30:00,35.34819903333334,32.33327393333333,36.317947,0.9697483543619754
2024-07-09 00:00:00,34.47836121666666,35.80072448333333,36.88118,2.4028185929036496
2024-07-09 00:30:00,34.350307816666664,34.0178929,36.806946,2.456637984114586
2024-07-09 01:00:00,33.8280828,37.493068916666665,36.45337,2.625286340625003
2024-07-09 01:30:00,29.67058053333333,28.575436266666667,36.924362,7.253781649283859
2024-07-09 02:00:00,23.83199438333333,33.469586150000005,36.657578,12.825583131315106
2024-07-09 02:30:00,28.18349328333333,36.49709551666667,34.57686,6.393365237174482
2024-07-09 03:00:00,32.98508666666667,39.88186936666667,34.71788,1.73279358235677
2024-07-09 03:30:00,36.37992823333333,38.55786831666666,34.916687,-1.463241221614581
2024-07-09 04:00:00,34.22854328333333,34.94389733333333,33.596664,-0.6318788546223928
2024-07-09 04:30:00,33.8835355,34.42773558333334,33.774918,-0.1086178974609382
2024-07-09 05:00:00,32.7466928,33.246449616666666,34.04651,1.2998159890625018
2024-07-09 05:30:00,33.97143273333333,30.77829175,35.032837,1.0614041807291699
2024-07-09 06:00:00,31.4154216,30.12345775,35.002457,3.587035065039064
2024-07-09 06:30:00,29.50534445,34.66423963333333,35.65309,6.147746980664063
2024-07-09 07:00:00,30.780901133333334,32.64375225,35.635956,4.855054677213541
2024-07-09 07:30:00,38.0826605,34.02312165,32.919647,-5.163013283203128
2024-07-09 08:00:00,41.52451055,30.986449883333336,30.87445,-10.650059866406252
2024-07-09 08:30:00,35.61490896666667,29.831279783333333,25.113068,-10.501841339713543
2024-07-09 09:00:00,34.288854449999995,30.267970766666664,17.277664,-17.011190265429683
2024-07-09 09:30:00,36.04518506666667,34.01081323333333,10.718293,-25.326891876664227
2024-07-09 10:00:00,22.493567233333334,25.18827285,1.9508218,-20.542745476016744
2024-07-09 10:30:00,6.710106766666667,20.815837316666663,-6.589217,-13.299323952640787
2024-07-09 11:00:00,5.659084166666666,11.527081666666668,-15.173644,-20.8327282325236
2024-07-09 11:30:00,5.01253435,11.130077733333335,-23.2061,-28.218634813867187
2024-07-09 12:00:00,-1.2646383499999996,7.740897283333333,-29.235428,-27.970789506445314
2024-07-09 12:30:00,9.825106166666668,6.384451666666667,-32.523254,-42.34836056119792
2024-07-09 13:00:00,7.373511216666666,7.150763833333333,-33.54335,-40.916861436393226
2024-07-09 13:30:00,0.3010039166666662,11.173098883333331,-30.887573,-31.188577158854166
2024-07-09 14:00:00,-7.637871033333334,16.208653266666666,-25.710495,-18.072623961783854
2024-07-09 14:30:00,-14.835651666666664,11.7589484,-19.503265,-4.667613714192711
2024-07-09 15:00:00,-14.7509755,15.32118831666667,-11.028945,3.722030530822753
2024-07-09 15:30:00,1.642988366666667,17.2569695,-0.97202986,-2.615018231454722
2024-07-09 16:00:00,5.519602316666667,25.46051433333333,8.260209,2.740606766890462
2024-07-09 16:30:00,13.160824966666668,28.49639003333333,15.296525,2.1357000348592106
2024-07-09 17:00:00,22.635084950000003,33.55463053333333,22.934845,0.2997600207031219
2024-07-09 17:30:00,28.33965715,38.605128283333336,28.658463,0.31880537441406176
2024-07-09 18:00:00,26.81335885,38.28346448333333,33.673157,6.85979788828125
2024-07-09 18:30:00,27.25793965,45.1076189,37.03586,9.777918504296874
2024-07-09 19:00:00,40.16682708333334,40.26034611666667,39.096466,-1.070361018880213
2024-07-09 19:30:00,42.8127387,51.35527043333334,39.773453,-3.0392859412109345
2024-07-09 20:00:00,38.05348398333333,43.919317416666665,39.299377,1.2458934580729206
2024-07-09 20:30:00,39.71997386666667,41.928145066666666,39.1474,-0.5725739643229204
2024-07-09 21:00:00,32.5573316,35.6442574,37.19046,4.633128605078127
2024-07-09 21:30:00,30.569228183333333,35.11712945,36.715454,6.146225918229167
2024-07-09 22:00:00,27.223179016666663,31.661788366666663,37.220047,9.99686798040365
2024-07-09 22:30:00,28.18845715,31.200440566666668,38.394318,10.205860476953124
2024-07-09 23:00:00,28.95104286666667,34.556638283333335,37.841522,8.890479350130207
2024-07-09 23:30:00,32.85805378333333,35.34819903333334,38.53221,5.674157520377605
2024-07-10 00:00:00,35.63102061666667,34.47836121666666,38.069138,2.43811695657552
2024-07-10 00:30:00,34.15101898333334,34.350307816666664,37.113678,2.962658995182288
2024-07-10 01:00:00,34.4363244,33.8280828,36.05957,1.6232459125000034
2024-07-10 01:30:00,28.58162665,29.67058053333333,35.929977,7.348350766992187
2024-07-10 02:00:00,33.74892381666667,23.83199438333333,34.90245,1.1535267448567694
2024-07-10 02:30:00,33.832869433333336,28.18349328333333,33.837234,0.004365063736976538
2024-07-10 03:00:00,32.998859933333335,32.98508666666667,32.593033,-0.40582709641927295
2024-07-10 03:30:00,31.3501055,36.37992823333333,32.44893,1.098823333007811
2024-07-10 04:00:00,32.03586555,34.22854328333333,31.207962,-0.8279035138671844
2024-07-10 04:30:00,35.11621601666667,33.8835355,30.85646,-4.259755445377607
2024-07-10 05:00:00,39.52824553333333,32.7466928,31.968796,-7.559449756966146
2024-07-10 05:30:00,33.415212733333334,33.97143273333333,33.96118,0.545968907291666
2024-07-10 06:00:00,33.348815583333334,31.4154216,34.51088,1.1620639332682288
2024-07-10 06:30:00,33.83583848333333,29.50534445,36.647217,2.811378313541667
2024-07-10 07:00:00,33.4411226,30.780901133333334,37.02881,3.58768599375
2024-07-10 07:30:00,38.84465335,38.0826605,33.911118,-4.933535796289064
2024-07-10 08:00:00,41.2986028,41.52451055,32.37021,-8.928394059765623
2024-07-10 08:30:00,34.24580398333333,35.61490896666667,27.756836,-6.488968045833332
2024-07-10 09:00:00,28.151024433333333,34.288854449999995,23.006226,-5.144798847395833
2024-07-10 09:30:00,16.35739441666667,36.04518506666667,17.865631,1.5082366868489565
2024-07-10 10:00:00,-0.9694389166666668,22.493567233333334,10.843217,11.812655812723795
2024-07-10 10:30:00,-9.5363283,6.710106766666667,3.015519,12.551847203732299
2024-07-10 11:00:00,-23.9748473,5.659084166666666,-3.9181054,20.056741936154175
2024-07-10 11:30:00,-37.21042125,5.01253435,-11.655654,25.554767296447757
2024-07-10 12:00:00,-53.61591115,-1.2646383499999996,-17.161728,36.454183244726565
2024-07-10 12:30:00,-60.68016721666667,9.825106166666668,-20.588425,40.09174253404948
2024-07-10 13:00:00,-58.12298391666667,7.373511216666666,-21.290161,36.83282278385417
2024-07-10 13:30:00,-48.84252113333333,0.3010039166666662,-21.8656,26.976920547395828
2024-07-10 14:00:00,-60.59693215,-7.637871033333334,-19.887558,40.70937416660156
2024-07-10 14:30:00,-56.938253333333336,-14.835651666666664,-15.518996,41.41925709462484
2024-07-10 15:00:00,-35.4541034,-14.7509755,-9.642226,25.811877180822755
2024-07-10 15:30:00,-16.77030875,1.642988366666667,-1.0559989,15.714309828605654
2024-07-10 16:00:00,-5.8656562,5.519602316666667,7.2312174,13.096873584338379
2024-07-10 16:30:00,6.495757283333333,13.160824966666668,13.628694,7.132936297294108
2024-07-10 17:00:00,11.3837878,22.635084950000003,20.455887,9.072099040820312
2024-07-10 17:30:00,10.346009416666666,28.33965715,27.084244,16.738234357747395
2024-07-10 18:00:00,22.866776216666665,26.81335885,31.295029,8.428252469856773
2024-07-10 18:30:00,36.51002998333333,27.25793965,36.02803,-0.4819995878255199
2024-07-10 19:00:00,31.06861218333333,40.16682708333334,37.14296,6.074347411393234
2024-07-10 19:30:00,39.69234625,42.8127387,38.50522,-1.187127744140625
2024-07-10 20:00:00,42.00502343333333,38.05348398333333,38.100006,-3.905017329817703
2024-07-10 20:30:00,41.79696505,39.71997386666667,36.924515,-4.872450279492185
2024-07-10 21:00:00,46.76267273333334,32.5573316,36.126877,-10.635795902278652
2024-07-10 21:30:00,41.8436984,30.569228183333333,36.28569,-5.5580080923828135
2024-07-10 22:00:00,43.67863488333333,27.223179016666663,36.160217,-7.518417598177081
2024-07-10 22:30:00,39.12624553333333,28.18845715,34.935364,-4.190881763802082
2024-07-10 23:00:00,42.260556783333335,28.95104286666667,34.945465,-7.31509169544271
2024-07-10 23:30:00,39.75053606666666,32.85805378333333,34.575897,-5.174638849869787
2024-07-11 00:00:00,41.03184276666666,35.63102061666667,34.46318,-6.568662224674469
2024-07-11 00:30:00,36.9739599,34.15101898333334,34.470306,-2.503653503515622
2024-07-11 01:00:00,36.94721821666666,34.4363244,34.532196,-2.4150221717447877
2024-07-11 01:30:00,29.186582883333333,28.58162665,33.893784,4.707200686002604
2024-07-11 02:00:00,28.98551833333333,33.74892381666667,33.702988,4.717469337565106
2024-07-11 02:30:00,34.54140446666667,33.832869433333336,31.149673,-3.3917310047526072
2024-07-11 03:00:00,34.90212605,32.998859933333335,29.764938,-5.137187695507812
2024-07-11 03:30:00,35.87227896666667,31.3501055,29.849655,-6.022623815299482
2024-07-11 04:00:00,34.988368566666665,32.03586555,30.96283,-4.025538976822915
2024-07-11 04:30:00,30.78300825,35.11621601666667,32.093674,1.3106654560546858
2024-07-11 05:00:00,34.52521611666666,39.52824553333333,32.768127,-1.7570886752604125
2024-07-11 05:30:00,33.3942739,33.415212733333334,32.0905,-1.3037740220703142
2024-07-11 06:00:00,35.05543451666667,33.348815583333334,33.795944,-1.2594903027994846
2024-07-11 06:30:00,32.81197445,33.83583848333333,36.52249,3.710517005078124
2024-07-11 07:00:00,34.91181556666667,33.4411226,35.91719,1.0053749850911444
2024-07-11 07:30:00,39.0446183,38.84465335,35.770172,-3.2744461808593783
2024-07-11 08:00:00,38.64701155,41.2986028,34.544815,-4.1021964865234395
2024-07-11 08:30:00,47.12856273333333,34.24580398333333,32.49466,-14.633903309505207
2024-07-11 09:00:00,40.9061567,28.151024433333333,27.165115,-13.741041343554684
2024-07-11 09:30:00,29.911536183333336,16.35739441666667,21.072525,-8.839011158919273
2024-07-11 10:00:00,20.330556,-0.9694389166666668,14.074632,-6.2559243090209975
2024-07-11 10:30:00,15.2971911,-9.5363283,5.1959543,-10.101236777185058
2024-07-11 11:00:00,12.55724285,-23.9748473,-4.0256033,-16.58284614437256
2024-07-11 11:30:00,9.7970789,-37.21042125,-14.253234,-24.050312809606936
2024-07-11 12:00:00,-9.552794383333334,-53.61591115,-22.088821,-12.536027027799479
2024-07-11 12:30:00,-12.62477005,-60.68016721666667,-28.314148,-15.68937789921875
2024-07-11 13:00:00,-6.948502866666668,-58.12298391666667,-31.44571,-24.497206361848956
2024-07-11 13:30:00,-2.043841250000001,-48.84252113333333,-32.62018,-30.57633697265625
2024-07-11 14:00:00,6.619363316666667,-60.59693215,-30.650528,-37.26989127076823
2024-07-11 14:30:00,7.742546116666666,-56.938253333333336,-25.902863,-33.64540866549479
2024-07-11 15:00:00,0.4962438166666661,-35.4541034,-18.717392,-19.213635784440104
2024-07-11 15:30:00,6.804488849999999,-16.77030875,-10.344314,-17.148802471520995
2024-07-11 16:00:00,12.989797316666667,-5.8656562,-2.7988427,-15.788639985199993
2024-07-11 16:30:00,13.570975066666668,6.495757283333333,7.0478983,-6.523076774125164
2024-07-11 17:00:00,20.084595566666668,11.3837878,15.682557,-4.402038460648601
2024-07-11 17:30:00,28.46256663333333,10.346009416666666,22.728912,-5.733654279817706
2024-07-11 18:00:00,22.24028828333333,22.866776216666665,28.455307,6.215018723502606
2024-07-11 18:30:00,33.46193386666667,36.51002998333333,33.104767,-0.35716702096354425
2024-07-11 19:00:00,47.00251721666666,31.06861218333333,35.38623,-11.61628674791666
2024-07-11 19:30:00,48.53165728333334,39.69234625,36.682495,-11.849162166145838
2024-07-11 20:00:00,51.79755158333333,42.00502343333333,36.511505,-15.286046456380205
2024-07-11 20:30:00,45.48859876666666,41.79696505,36.15448,-9.334118786197912
2024-07-11 21:00:00,43.9324134,46.76267273333334,36.700226,-7.2321875699218765
2024-07-11 21:30:00,44.64118093333334,41.8436984,36.983765,-7.657416284895838
2024-07-11 22:00:00,44.28556881666666,43.67863488333333,36.93683,-7.348740203385411
2024-07-11 22:30:00,47.414267216666666,39.12624553333333,35.12111,-12.293158207877603
2024-07-11 23:00:00,46.958854,42.260556783333335,35.18268,-11.776175777343752
2024-07-11 23:30:00,43.65520286666666,39.75053606666666,34.91136,-8.743841172330725
2024-07-12 00:00:00,39.65023228333333,41.03184276666666,34.758163,-4.892068831184893
2024-07-12 00:30:00,34.41725901666667,36.9739599,33.18596,-1.231300154361982
2024-07-12 01:00:00,37.89560218333333,36.94721821666666,33.734573,-4.1610288190755185
2024-07-12 01:30:00,34.64525,29.186582883333333,33.69644,-0.9488083496093722
2024-07-12 02:00:00,30.472737266666662,28.98551833333333,32.467163,1.9944258192708375
2024-07-12 02:30:00,33.5924779,34.54140446666667,31.76564,-1.8268376412109362
2024-07-12 03:00:00,39.4273285,34.90212605,33.3824,-6.044927987304689
2024-07-12 03:30:00,41.650638783333335,35.87227896666667,32.547104,-9.103534901497397
2024-07-12 04:00:00,43.79971895,34.988368566666665,32.542435,-11.257284257617187
2024-07-12 04:30:00,41.67589066666667,30.78300825,33.708664,-7.96722672623698
2024-07-12 05:00:00,32.7274379,34.52521611666666,32.229248,-0.4981898531249982
2024-07-12 05:30:00,33.44242623333333,33.3942739,33.37561,-0.06681588177082887
2024-07-12 06:00:00,30.8866862,35.05543451666667,31.793976,0.9072896300781252
2024-07-12 06:30:00,31.52554333333333,32.81197445,31.47026,-0.055282713216143975
2024-07-12 07:00:00,36.71932613333333,34.91181556666667,32.037125,-4.68220149954427
2024-07-12 07:30:00,50.20630616666667,39.0446183,31.638092,-18.568214125651046
2024-07-12 08:00:00,44.4732934,38.64701155,30.215134,-14.258159733007815
2024-07-12 08:30:00,36.0246227,47.12856273333333,29.265488,-6.759135029101564
2024-07-12 09:00:00,18.54994938333333,40.9061567,23.80339,5.253441119596356
2024-07-12 09:30:00,10.238895033333334,29.911536183333336,16.463333,6.224438096549479
2024-07-12 10:00:00,0.0487356333333333,20.330556,9.7487955,9.700059876005046
2024-07-12 10:30:00,-9.408121616666667,15.2971911,1.0662392,10.474360854452007
2024-07-12 11:00:00,-20.9985072,12.55724285,-6.591689,14.406818090197753
2024-07-12 11:30:00,-21.722432933333334,9.7970789,-14.34024,7.382193408492025
2024-07-12 12:00:00,-31.64586115,-9.552794383333334,-21.927673,9.718187810156252
2024-07-12 12:30:00,-46.21500901666667,-12.62477005,-28.449997,17.765012068424483
2024-07-12 13:00:00,-49.15635386666667,-6.948502866666668,-30.311417,18.844937240690108
2024-07-12 13:30:00,-62.56569451666667,-2.043841250000001,-29.004333,33.56136102057292
2024-07-12 14:00:00,-67.01807338333333,6.619363316666667,-24.78009,42.23798305130208
2024-07-12 14:30:00,-55.957909666666666,7.742546116666666,-17.979141,37.9787684313151
2024-07-12 15:00:00,-35.15668845,0.4962438166666661,-11.104751,24.05193781676025
2024-07-12 15:30:00,-17.363220916666666,6.804488849999999,-3.3725274,13.990693555750529
2024-07-12 16:00:00,-0.9377940333333332,12.989797316666667,5.038438,5.976231876656087
2024-07-12 16:30:00,9.307504966666668,13.570975066666668,13.919358,4.611853286812336
2024-07-12 17:00:00,13.137736666666669,20.084595566666668,22.654877,9.517140042317706
2024-07-12 17:30:00,14.06479675,28.46256663333333,26.751816,12.687019045898438
2024-07-12 18:00:00,20.788750616666665,22.24028828333333,28.931778,8.143027337434898
2024-07-12 18:30:00,19.591507583333332,33.46193386666667,33.172684,13.58117613248698
2024-07-12 19:00:00,21.96019981666667,47.00251721666666,36.719345,14.759145276106768
2024-07-12 19:30:00,36.462227766666665,48.53165728333334,37.20256,0.7403326581380227
2024-07-12 20:00:00,41.35156501666667,51.79755158333333,37.471054,-3.8805109395182313
2024-07-12 20:30:00,43.33671341666667,45.48859876666666,37.822845,-5.513867957682294
2024-07-12 21:00:00,38.79943665,43.9324134,36.477356,-2.322080692968747
2024-07-12 21:30:00,32.498203466666666,44.64118093333334,37.72574,5.227535058723959
2024-07-12 22:00:00,33.13464308333334,44.28556881666666,37.404053,4.269409651041663
2024-07-12 22:30:00,30.55906561666667,47.414267216666666,38.011856,7.452790462434894
2024-07-12 23:00:00,31.739136116666668,46.958854,36.702255,4.96311913235677
2024-07-12 23:30:00,30.27973165,43.65520286666666,35.68303,5.403297524804689
2024-07-13 00:00:00,31.76390385,39.65023228333333,34.94644,3.1825378003906266
2024-07-13 00:30:00,35.81140238333334,34.41725901666667,35.55208,-0.2593241362630252
2024-07-13 01:00:00,32.61969173333333,37.89560218333333,35.906708,3.287016030338542
2024-07-13 01:30:00,30.69270105,34.64525,35.646576,4.953874877734375
2024-07-13 02:00:00,31.287163966666668,30.472737266666662,34.05229,2.7651279034505194
2024-07-13 02:30:00,30.159485516666667,33.5924779,32.508423,2.348937334895833
2024-07-13 03:00:00,33.570111616666665,39.4273285,32.91664,-0.6534703813151026
2024-07-13 03:30:00,31.17223375,41.650638783333335,31.755432,0.5831983789062498
2024-07-13 04:00:00,32.846837783333335,43.79971895,31.676605,-1.17023255872396
2024-07-13 04:30:00,29.61417343333333,41.67589066666667,32.397797,2.783623197526044
2024-07-13 05:00:00,30.68207986666667,32.7274379,32.99649,2.314410611848956
2024-07-13 05:30:00,31.598451616666665,33.44242623333333,34.76277,3.1643199897786474
2024-07-13 06:00:00,40.07267668333333,30.8866862,34.57184,-5.500838304427077
2024-07-13 06:30:00,38.66428508333333,31.52554333333333,34.609314,-4.054971118489583
2024-07-13 07:00:00,36.658697116666666,36.71932613333333,35.128036,-1.5306606176432282
2024-07-13 07:30:00,48.54698385,50.20630616666667,34.666748,-13.880235803124997
2024-07-13 08:00:00,39.51894776666666,44.4732934,34.825287,-4.693660901432288
2024-07-13 08:30:00,24.96277545,36.0246227,30.595596,5.632820863476564
2024-07-13 09:00:00,21.16139783333333,18.54994938333333,24.92662,3.765222650065109
2024-07-13 09:30:00,17.9671162,10.238895033333334,17.344559,-0.622557484179687
2024-07-13 10:00:00,6.224400500000001,0.0487356333333333,9.184358,2.9599571431274407
2024-07-13 10:30:00,-12.317969966666666,-9.408121616666667,0.3900002,12.707970160977808
2024-07-13 11:00:00,-20.24283395,-20.9985072,-9.693877,10.548956729846193
2024-07-13 11:30:00,-34.11463681666667,-21.722432933333334,-18.78392,15.33071652858073
2024-07-13 12:00:00,-40.555239883333336,-31.64586115,-25.270554,15.284686294466148
2024-07-13 12:30:00,-48.70970546666666,-46.21500901666667,-30.989883,17.7198220438151
2024-07-13 13:00:00,-52.91589389999999,-49.15635386666667,-35.53473,17.381164896093743
2024-07-13 13:30:00,-53.13615495,-62.56569451666667,-35.586365,17.549790203906248
2024-07-13 14:00:00,-35.706945483333335,-67.01807338333333,-34.976868,0.7300778075520853
2024-07-13 14:30:00,-39.605735683333336,-55.957909666666666,-28.97438,10.631355190169273
2024-07-13 15:00:00,-30.706911566666665,-35.15668845,-22.172485,8.534426215104165
2024-07-13 15:30:00,-17.031696683333333,-17.363220916666666,-14.714583,2.317113286421712
2024-07-13 16:00:00,4.716217666666666,-0.9377940333333332,-4.21231,-8.928527504007974
2024-07-13 16:30:00,16.240345433333335,9.307504966666668,4.338502,-11.901843503096519
2024-07-13 17:00:00,15.319567283333331,13.137736666666669,11.295426,-4.024140914619952
2024-07-13 17:30:00,17.93287056666667,14.06479675,18.761932,0.8290618063802064
2024-07-13 18:00:00,30.82071156666667,20.788750616666665,24.735199,-6.085512592057295
2024-07-13 18:30:00,37.283986766666665,19.591507583333332,29.35028,-7.933706004947915
2024-07-13 19:00:00,38.168382783333335,21.96019981666667,31.784775,-6.383608003059898
2024-07-13 19:30:00,45.52544605,36.462227766666665,34.674942,-10.850504033398437
2024-07-13 20:00:00,48.836257233333335,41.35156501666667,35.53003,-13.306227936458335
2024-07-13 20:30:00,48.51314396666667,43.33671341666667,36.08156,-12.431585739127605
2024-07-13 21:00:00,41.048396233333335,38.79943665,35.990158,-5.058238152278648
2024-07-13 21:30:00,33.8688971,32.498203466666666,34.90898,1.0400842232421894
2024-07-13 22:00:00,29.95411113333333,33.13464308333334,32.346405,2.392293895963544
2024-07-13 22:30:00,28.45407326666667,30.55906561666667,34.584747,6.1306740477864565
2024-07-13 23:00:00,33.1393617,31.739136116666668,35.217575,2.0782133732421855
2024-07-13 23:30:00,31.5134588,30.27973165,34.47505,2.961593079882814
2024-07-14 00:00:00,33.075897833333336,31.76390385,34.92984,1.853942254557289
2024-07-14 00:30:00,32.01878715,35.81140238333334,32.842926,0.8241388753906236
2024-07-14 01:00:00,30.71790785,32.61969173333333,31.927338,1.2094297964843754
2024-07-14 01:30:00,30.3838451,30.69270105,31.277176,0.893330803320314
2024-07-14 02:00:00,27.128609933333333,31.287163966666668,31.032074,3.9034640412760417
2024-07-14 02:30:00,30.68063781666667,30.159485516666667,28.52983,-2.1508068840494836
2024-07-14 03:00:00,32.08288771666667,33.570111616666665,28.198364,-3.8845234588541686
2024-07-14 03:30:00,33.85251815,31.17223375,30.16397,-3.6885472027343766
2024-07-14 04:00:00,32.976633316666664,32.846837783333335,31.981628,-0.9950048986979141
2024-07-14 04:30:00,29.3574637,29.61417343333333,32.423065,3.0656014855468747
2024-07-14 05:00:00,32.04764213333333,30.68207986666667,33.29065,1.2430072807291666
2024-07-14 05:30:00,28.17443225,31.598451616666665,31.186035,3.011602906250001
2024-07-14 06:00:00,34.31641668333333,40.07267668333333,31.47725,-2.8391675378255172
2024-07-14 06:30:00,41.31146,38.66428508333333,34.349594,-6.961865883789059
2024-07-14 07:00:00,41.727654433333335,36.658697116666666,34.65619,-7.071465468489585
2024-07-14 07:30:00,41.24183106666667,48.54698385,34.320282,-6.921549084244795
2024-07-14 08:00:00,37.92501098333333,39.51894776666666,32.73201,-5.193001095638017
2024-07-14 08:30:00,29.13635323333333,24.96277545,27.062256,-2.074097373958331
2024-07-14 09:00:00,30.894700516666664,21.16139783333333,22.471771,-8.422929276432289
2024-07-14 09:30:00,21.059184416666668,17.9671162,16.148605,-4.91057906998698
2024-07-14 10:00:00,4.526047116666668,6.224400500000001,6.3450327,1.8189855752888988
2024-07-14 10:30:00,-10.7550211,-12.317969966666666,-2.582061,8.172960047677613
2024-07-14 11:00:00,-13.930225016666668,-20.24283395,-13.355269,0.574955584598797
2024-07-14 11:30:00,-25.743587716666667,-34.11463681666667,-21.041138,4.702450021354167
2024-07-14 12:00:00,-39.42899118333333,-40.555239883333336,-28.235977,11.193014010481768
2024-07-14 12:30:00,-53.135958433333336,-48.70970546666666,-32.03183,21.10412859934896
2024-07-14 13:00:00,-66.28316548333333,-52.91589389999999,-35.191727,31.091438798763022
2024-07-14 13:30:00,-58.123522183333336,-53.13615495,-36.41481,21.708712002669273
2024-07-14 14:00:00,-52.08097933333334,-35.706945483333335,-34.313873,17.767106042317714
2024-07-14 14:30:00,-45.33987738333334,-39.605735683333336,-29.408081,15.931796328645838
2024-07-14 15:00:00,-24.2586084,-30.706911566666665,-22.09755,2.1610589615234375
2024-07-14 15:30:00,-10.963155533333332,-17.031696683333333,-12.847152,-1.8839962229532894
2024-07-14 16:00:00,4.155989466666667,4.716217666666666,-2.2358086,-6.391798077582805
2024-07-14 16:30:00,7.5732155,16.240345433333335,6.841996,-0.731219307067871
2024-07-14 17:00:00,22.29713568333333,15.319567283333331,15.789231,-6.507904382979326
2024-07-14 17:30:00,27.133430583333336,17.93287056666667,22.655228,-4.4782029222005235
2024-07-14 18:00:00,32.57193435,30.82071156666667,28.642838,-3.929096825585937
2024-07-14 18:30:00,41.87395326666667,37.283986766666665,34.87947,-6.994482441471355
2024-07-14 19:00:00,36.4140667,38.168382783333335,37.766296,1.3522296867187507
2024-07-14 19:30:00,41.12044171666667,45.52544605,38.288864,-2.831577580924481
2024-07-14 20:00:00,45.99546106666667,48.836257233333335,39.10324,-6.892220099869796
2024-07-14 20:30:00,46.13004383333333,48.51314396666667,39.531647,-6.598397104817707
2024-07-14 21:00:00,43.84605485,41.048396233333335,38.08029,-5.765763101953127
2024-07-14 21:30:00,41.08957295,33.8688971,37.023483,-4.06608967363281
2024-07-14 22:00:00,37.9248783,29.95411113333333,36.317398,-1.6074802287109407
2024-07-14 22:30:00,38.901853816666666,28.45407326666667,34.066772,-4.835081355729166
2024-07-14 23:00:00,35.10493721666667,33.1393617,32.726486,-2.3784510106119825
2024-07-14 23:30:00,37.26615218333333,31.5134588,32.126816,-5.139336387434895
2024-07-15 00:00:00,39.90306373333333,33.075897833333336,30.778244,-9.124819714778646
2024-07-15 00:30:00,35.53244778333333,32.01878715,30.41124,-5.121208159309894
2024-07-15 01:00:00,33.80344831666667,30.71790785,31.14325,-2.6601988049479175
2024-07-15 01:30:00,35.1428501,30.3838451,31.583282,-3.559567629296872
2024-07-15 02:00:00,31.60174815,27.128609933333333,31.213272,-0.3884760552734363
2024-07-15 02:30:00,31.554416216666667,30.68063781666667,31.666428,0.11201139563802087
2024-07-15 03:00:00,32.6739772,32.08288771666667,31.314789,-1.359188381640628
2024-07-15 03:30:00,35.78012505,33.85251815,30.398682,-5.381443409375002
2024-07-15 04:00:00,39.59445891666667,32.976633316666664,30.268326,-9.326133111002605
2024-07-15 04:30:00,45.27425545,29.3574637,30.122513,-15.151742632617186
2024-07-15 05:00:00,44.3508328,32.04764213333333,30.880737,-13.4700954953125
2024-07-15 05:30:00,39.26248675,28.17443225,31.72145,-7.541035944335938
2024-07-15 06:00:00,44.695531716666665,34.31641668333333,33.252655,-11.44287668736979
2024-07-15 06:30:00,51.380573266666666,41.31146,35.695328,-15.685245507877603
2024-07-15 07:00:00,50.16590235,41.727654433333335,35.009186,-15.156716558984378
2024-07-15 07:30:00,56.33560785,41.24183106666667,32.90567,-23.429937683984377
2024-07-15 08:00:00,60.16590613333333,37.92501098333333,29.825119,-30.340787114778642
2024-07-15 08:30:00,45.26352608333334,29.13635323333333,25.86348,-19.400046469075527
2024-07-15 09:00:00,31.98783391666667,30.894700516666664,18.650497,-13.337336480143232
2024-07-15 09:30:00,19.894562233333332,21.059184416666668,11.922959,-7.971602905635578
2024-07-15 10:00:00,8.263230966666667,4.526047116666668,3.8658607,-4.397370266059367
2024-07-15 10:30:00,-5.044802733333333,-10.7550211,-6.254821,-1.2100180903361002
2024-07-15 11:00:00,-14.804655066666667,-13.930225016666668,-16.558182,-1.7535266960286453
2024-07-15 11:30:00,-33.80412328333333,-25.743587716666667,-24.029724,9.774399162239582
2024-07-15 12:00:00,-31.815258916666664,-39.42899118333333,-31.889328,-0.07406908626302311
2024-07-15 12:30:00,-34.229640100000005,-53.135958433333336,-38.5719,-4.342259314062495
2024-07-15 13:00:00,-42.271322233333336,-66.28316548333333,-41.58499,0.6863307782552113
2024-07-15 13:30:00,-38.293531,-58.123522183333336,-41.643265,-3.349733770507811
2024-07-15 14:00:00,-37.9300083,-52.08097933333334,-39.15767,-1.2276607673828153
2024-07-15 14:30:00,-34.153188566666664,-45.33987738333334,-31.38507,2.768117765885414
2024-07-15 15:00:00,-12.9201338,-24.2586084,-24.191635,-11.271501331835937
2024-07-15 15:30:00,19.840560016666668,-10.963155533333332,-14.545577,-34.38613706592204
2024-07-15 16:00:00,34.73277181666666,4.155989466666667,-4.6429434,-39.375715198929846
2024-07-15 16:30:00,40.43015725,7.5732155,4.7484446,-35.68171269281006
2024-07-15 17:00:00,39.9877438,22.29713568333333,13.154145,-26.833598559216306
2024-07-15 17:30:00,41.50051221666666,27.133430583333336,19.6353,-21.86521253404947
2024-07-15 18:00:00,44.33932433333334,32.57193435,25.59552,-18.743804313802087
2024-07-15 18:30:00,51.93199053333333,41.87395326666667,31.480637,-20.45135393665364
2024-07-15 19:00:00,63.5301334,36.4140667,34.795227,-28.734906349218747
2024-07-15 19:30:00,59.67048255,41.12044171666667,36.94751,-22.722972784375003
2024-07-15 20:00:00,60.63271886666666,45.99546106666667,37.756042,-22.876676386197907
2024-07-15 20:30:00,52.68391161666667,46.13004383333333,38.070328,-14.613583857877607
2024-07-15 21:00:00,52.095553816666666,43.84605485,37.266525,-14.829028548111978
2024-07-15 21:30:00,49.08266165,41.08957295,37.157974,-11.924687406835936
2024-07-15 22:00:00,47.11271941666666,37.9248783,34.861603,-12.251116633463532
2024-07-15 22:30:00,39.65736391666667,38.901853816666666,33.06424,-6.593124414713543
2024-07-15 23:00:00,38.69570446666666,35.10493721666667,30.696655,-7.999049193229162
2024-07-15 23:30:00,38.94612228333333,37.26615218333333,32.098602,-6.847519988411456
2024-07-16 00:00:00,32.88171723333333,39.90306373333333,32.02838,-0.8533358856770832
2024-07-16 00:30:00,31.09438945,35.53244778333333,31.348343,0.2539534455078112
2024-07-16 01:00:00,30.581483316666667,33.80344831666667,32.621796,2.0403123376302084
2024-07-16 01:30:00,30.5147372,35.1428501,33.390778,2.876040387890626
2024-07-16 02:00:00,31.05088935,31.60174815,33.55533,2.5044390191406265
2024-07-16 02:30:00,31.882812866666665,31.554416216666667,32.302002,0.41918908645833497
2024-07-16 03:00:00,29.77766173333333,32.6739772,31.616776,1.839113779361984
2024-07-16 03:30:00,30.08133273333333,35.78012505,32.846146,2.7648128965494827
2024-07-16 04:00:00,26.88266983333333,39.59445891666667,33.86342,6.980748745768231
2024-07-16 04:30:00,29.683207633333332,45.27425545,35.079422,5.396214363736981
2024-07-16 05:00:00,29.5880177,44.3508328,36.361862,6.773844482617186
2024-07-16 05:30:00,29.342682216666663,39.26248675,37.51277,8.17008938977865
2024-07-16 06:00:00,43.624560566666666,44.695531716666665,37.910233,-5.714328022721354
2024-07-16 06:30:00,47.85422838333333,51.380573266666666,39.514267,-8.339961415559891
2024-07-16 07:00:00,52.43301881666667,50.16590235,38.332382,-14.10063661451823
2024-07-16 07:30:00,49.57971835,56.33560785,36.914185,-12.6655337796875
2024-07-16 08:00:00,50.34376178333334,60.16590613333333,34.338486,-16.005276065559904
2024-07-16 08:30:00,46.64618393333333,45.26352608333334,30.64154,-16.004643405989583
2024-07-16 09:00:00,33.666495516666664,31.98783391666667,25.662125,-8.004370882877602
2024-07-16 09:30:00,26.9137373,19.894562233333332,18.356552,-8.557185175976564
2024-07-16 10:00:00,6.426582233333334,8.263230966666667,7.604188,1.1776057320597326
2024-07-16 10:30:00,9.35851565,-5.044802733333333,-3.3731225,-12.731638103689574
2024-07-16 11:00:00,-8.419019516666667,-14.804655066666667,-15.001372,-6.582352820674641
2024-07-16 11:30:00,-14.77808625,-33.80412328333333,-25.462494,-10.684407646484376
2024-07-16 12:00:00,-22.612977816666668,-31.815258916666664,-33.15422,-10.54124276438802
2024-07-16 12:30:00,-31.586361616666665,-34.229640100000005,-39.356857,-7.770495683138023
2024-07-16 13:00:00,-31.474307733333333,-42.271322233333336,-42.61911,-11.144802374088542
2024-07-16 13:30:00,-23.1326095,-38.293531,-41.70433,-18.571720944335937
2024-07-16 14:00:00,-12.30163945,-37.9300083,-38.202057,-25.900417434765625
2024-07-16 14:30:00,-10.598746716666666,-34.153188566666664,-31.908905,-21.310158312630207
2024-07-16 15:00:00,-7.547263466666667,-12.9201338,-21.853287,-14.306023276497395
2024-07-16 15:30:00,2.276224533333333,19.840560016666668,-11.582915,-13.859139839424643
2024-07-16 16:00:00,18.4044118,34.73277181666666,-1.6154777,-20.01988948115997
2024-07-16 16:30:00,27.83310111666667,40.43015725,10.7700815,-17.063019596586102
2024-07-16 17:00:00,35.90171336666666,39.9877438,21.395996,-14.505717272916662
2024-07-16 17:30:00,36.016227216666664,41.50051221666666,30.589142,-5.427085370963539
2024-07-16 18:00:00,32.44029895,44.33932433333334,37.050354,4.610055053906251
2024-07-16 18:30:00,39.2799924,51.93199053333333,42.148376,2.8683840648437524
2024-07-16 19:00:00,40.56279056666667,63.5301334,44.972824,4.410033530013017
2024-07-16 19:30:00,52.92752051666667,59.67048255,46.605072,-6.322448495182293
2024-07-16 20:00:00,53.20946511666667,60.63271886666666,45.01526,-8.19420632760417
2024-07-16 20:30:00,54.97061598333334,52.68391161666667,43.187897,-11.782719254817714
2024-07-16 21:00:00,50.66006646666667,52.095553816666666,42.482437,-8.177629332877608
2024-07-16 21:30:00,48.217068366666666,49.08266165,40.17659,-8.040478400846354
2024-07-16 22:00:00,55.9349622,47.11271941666666,40.457718,-15.477244304492189
2024-07-16 22:30:00,46.3731306,39.65736391666667,38.081955,-8.291175643945316
2024-07-16 23:00:00,44.87600888333333,38.69570446666666,36.28798,-8.588029757356765
2024-07-16 23:30:00,43.30185175,38.94612228333333,35.488037,-7.813814640624997
2024-07-17 00:00:00,43.78245596666667,32.88171723333333,33.88159,-9.900864169791667
2024-07-17 00:30:00,39.95300951666667,31.09438945,31.91452,-8.038489252994793
2024-07-17 01:00:00,34.1862028,30.581483316666667,31.888718,-2.297485148632809
2024-07-17 01:30:00,33.266712266666666,30.5147372,32.125687,-1.1410256211588532
2024-07-17 02:00:00,32.16874106666666,31.05088935,30.647842,-1.5208986594400997
2024-07-17 02:30:00,33.026159416666665,31.882812866666665,32.033035,-0.9931241383463529
2024-07-17 03:00:00,23.16912448333333,29.77766173333333,32.16069,8.991565824283857
2024-07-17 03:30:00,23.271646216666667,30.08133273333333,32.81665,9.545004173958333
2024-07-17 04:00:00,28.62220815,26.88266983333333,33.877808,5.255599467187501
2024-07-17 04:30:00,26.758577216666662,29.683207633333332,33.74826,6.989683281380213
2024-07-17 05:00:00,28.257121100000003,29.5880177,33.791992,5.534871087499997
2024-07-17 05:30:00,29.567406216666665,29.342682216666663,34.958008,5.390601595833335
2024-07-17 06:00:00,42.893214916666665,43.624560566666666,35.449753,-7.443462109049477
2024-07-17 06:30:00,54.56153215,47.85422838333333,38.934723,-15.626809249609373
2024-07-17 07:00:00,50.37895595,52.43301881666667,42.4299,-7.949054826953123
2024-07-17 07:30:00,44.0854472,49.57971835,41.561935,-2.52351177519531
2024-07-17 08:00:00,46.46230501666667,50.34376178333334,39.493378,-6.968927331119794
2024-07-17 08:30:00,37.366057016666666,46.64618393333333,35.691788,-1.6742692969401034
2024-07-17 09:00:00,30.14431243333333,33.666495516666664,26.519638,-3.624674371809892
2024-07-17 09:30:00,24.043748816666664,26.9137373,17.317291,-6.726457556901039
2024-07-17 10:00:00,-1.0394004499999996,6.426582233333334,9.167146,10.20654617906494
2024-07-17 10:30:00,-5.989484433333335,9.35851565,-1.5867912,4.402693275610861
2024-07-17 11:00:00,-10.670277816666667,-8.419019516666667,-12.704696,-2.034417884932454
2024-07-17 11:30:00,-24.87793445,-14.77808625,-21.799133,3.0788011492187515
2024-07-17 12:00:00,-30.989412166666664,-22.612977816666668,-29.971634,1.0177782555338517
2024-07-17 12:30:00,-36.1589962,-31.586361616666665,-35.412964,0.7460323328124971
2024-07-17 13:00:00,-32.79481723333333,-31.474307733333333,-37.436523,-4.641706204166667
2024-07-17 13:30:00,-26.232626083333333,-23.1326095,-36.513397,-10.280771133463542
2024-07-17 14:00:00,-18.352318933333333,-12.30163945,-31.98175,-13.629431554947917
2024-07-17 14:30:00,-19.188797216666668,-10.598746716666666,-23.427628,-4.238830346809895
2024-07-17 15:00:00,-16.54789325,-7.547263466666667,-12.941527,3.6063658833618177
2024-07-17 15:30:00,-0.2084256666666662,2.276224533333333,-2.7921898,-2.583764169835409
2024-07-17 16:00:00,8.386747716666667,18.4044118,9.889848,1.5031000387654618
2024-07-17 16:30:00,20.840121633333336,27.83310111666667,19.529007,-1.3111146753255234
2024-07-17 17:00:00,24.734090566666666,35.90171336666666,28.023315,3.2892248630208343
2024-07-17 17:30:00,27.92096845,36.016227216666664,34.24893,6.327963434765625
2024-07-17 18:00:00,34.04306735,32.44029895,39.47711,5.434044466406249
2024-07-17 18:30:00,44.53471668333333,39.2799924,41.641296,-2.893420296614579
2024-07-17 19:00:00,47.07424286666666,40.56279056666667,44.14212,-2.9321225053385334
2024-07-17 19:30:00,46.54185935,52.92752051666667,44.726654,-1.8152052972656278
2024-07-17 20:00:00,45.92996165,53.20946511666667,43.178314,-2.7516474410156277
2024-07-17 20:30:00,50.55131615,54.97061598333334,42.14366,-8.40765465097656
2024-07-17 21:00:00,49.33722286666667,50.66006646666667,41.390335,-7.946887783658859
2024-07-17 21:30:00,52.89456345,48.217068366666666,41.06186,-11.832704319140625
2024-07-17 22:00:00,51.39942115,55.9349622,40.672165,-10.727256233007815
2024-07-17 22:30:00,41.764903933333336,46.3731306,40.97563,-0.7892722194661488
2024-07-17 23:00:00,42.324398216666665,44.87600888333333,37.17206,-5.1523401111979155
2024-07-17 23:30:00,45.34842268333333,43.30185175,36.042603,-9.305820144270832
2024-07-18 00:00:00,44.99970998333333,43.78245596666667,35.510452,-9.48925771282552
2024-07-18 00:30:00,39.00048905,39.95300951666667,35.098312,-3.9021766720703113
2024-07-18 01:00:00,40.25509426666667,34.1862028,36.09305,-4.162046170963542
2024-07-18 01:30:00,39.596785116666666,33.266712266666666,35.38678,-4.210005331510416
2024-07-18 02:00:00,36.752161566666665,32.16874106666666,34.31578,-2.4363809270182273
2024-07-18 02:30:00,38.94059498333333,33.026159416666665,32.92566,-6.014935803645827
2024-07-18 03:00:00,34.65669206666667,23.16912448333333,31.559448,-3.097243824479172
2024-07-18 03:30:00,30.24172115,23.271646216666667,31.4478,1.2060785326171874
2024-07-18 04:00:00,37.42294705,28.62220815,32.00743,-5.41551601972656
2024-07-18 04:30:00,43.5723749,26.758577216666662,33.322357,-10.250017722265625
2024-07-18 05:00:00,41.8931784,28.257121100000003,32.615936,-9.277242120703121
2024-07-18 05:30:00,32.14719276666667,29.567406216666665,35.363464,3.21627158880208
2024-07-18 06:00:00,43.037400983333335,42.893214916666665,40.051224,-2.986177228450522
2024-07-18 06:30:00,52.60129935,54.56153215,43.1485,-9.452800814843748
2024-07-18 07:00:00,45.66568891666666,50.37895595,44.033936,-1.6317533697916602
2024-07-18 07:30:00,48.92330668333333,44.0854472,42.751205,-6.172101238997392
2024-07-18 08:00:00,49.86015836666667,46.46230501666667,39.85565,-10.004506511197917
2024-07-18 08:30:00,36.7065624,37.366057016666666,34.528244,-2.1783183814453153
2024-07-18 09:00:00,24.22984898333333,30.14431243333333,28.527481,4.297632095768233
2024-07-18 09:30:00,22.0570384,24.043748816666664,18.802841,-3.254197213476562
2024-07-18 10:00:00,-6.12219335,-1.0394004499999996,9.350236,15.472429289025879
2024-07-18 10:30:00,-13.682222683333334,-5.989484433333335,-2.1198723,11.562350351714072
2024-07-18 11:00:00,-33.34157011666667,-10.670277816666667,-14.215728,19.125842310575358
2024-07-18 11:30:00,-37.31082825,-24.87793445,-24.045074,13.265753787109375
2024-07-18 12:00:00,-35.5645807,-30.989412166666664,-33.783493,1.781087658007813
2024-07-18 12:30:00,-41.15038215,-36.1589962,-39.157898,1.9924842007812487
2024-07-18 13:00:00,-43.11632273333333,-32.79481723333333,-41.228607,1.8877155555989518
2024-07-18 13:30:00,-40.74875493333334,-26.232626083333333,-38.90039,1.8483643083333376
2024-07-18 14:00:00,-33.44746276666667,-18.352318933333333,-31.4682,1.9792620830729177
2024-07-18 14:30:00,-32.210033466666665,-19.188797216666668,-22.38707,9.822963764518228
2024-07-18 15:00:00,-20.614118366666663,-16.54789325,-13.096068,7.518049984403479
2024-07-18 15:30:00,-2.781896716666667,-0.2084256666666662,-3.8028557,-1.0209590133900956
2024-07-18 16:00:00,5.243690033333333,8.386747716666667,7.051179,1.807488898856608
2024-07-18 16:30:00,13.549552866666666,20.840121633333336,17.320618,3.771064809114584
2024-07-18 17:00:00,16.2447523,24.734090566666666,27.815964,11.57121144511719
2024-07-18 17:30:00,27.21186715,27.92096845,33.84755,6.635682288476563
2024-07-18 18:00:00,31.12531285,34.04306735,39.355804,8.230491593359375
2024-07-18 18:30:00,40.121091,44.53471668333333,42.17856,2.057467349609375
2024-07-18 19:00:00,38.640128833333335,47.07424286666666,44.315598,5.675468700846352
2024-07-18 19:30:00,50.29736326666667,46.54185935,46.49066,-3.8067016455729217
2024-07-18 20:00:00,47.797310583333335,45.92996165,46.065826,-1.73148416731771
2024-07-18 20:30:00,61.81886945,50.55131615,44.96028,-16.85858807792969
2024-07-18 21:00:00,50.1514656,49.33722286666667,43.8609,-6.290564721093752
2024-07-18 21:30:00,45.68925285,52.89456345,43.357437,-2.33181571621094
2024-07-18 22:00:00,47.57460498333333,51.39942115,42.269333,-5.305272097591143
2024-07-18 22:30:00,41.227906716666666,41.764903933333336,41.335693,0.1077866427083336
2024-07-18 23:00:00,38.98107623333333,42.324398216666665,39.761963,0.7808866572916671
2024-07-18 23:30:00,35.58021725,45.34842268333333,38.08023,2.500013462890628
2024-07-19 00:00:00,40.25414886666667,44.99970998333333,36.92212,-3.332029726041668
2024-07-19 00:30:00,35.13502101666666,39.00048905,35.862198,0.7271768593098997
2024-07-19 01:00:00,34.365887683333334,40.25509426666667,34.324493,-0.04139427513020877
2024-07-19 01:30:00,31.08292218333333,39.596785116666666,34.398315,3.3153932463541693
2024-07-19 02:00:00,24.98635853333333,36.752161566666665,33.771835,8.785476793815107
2024-07-19 02:30:00,29.067000466666663,38.94059498333333,31.406097,2.339096945442712
2024-07-19 03:00:00,28.390816666666662,34.65669206666667,31.371567,2.980750105794275
2024-07-19 03:30:00,29.04698875,30.24172115,31.959839,2.9128501171874994
2024-07-19 04:00:00,35.55625653333333,37.42294705,32.456436,-3.09982037610677
2024-07-19 04:30:00,35.835891716666666,43.5723749,34.994644,-0.8412475516276032
2024-07-19 05:00:00,32.63029998333334,41.8931784,37.35437,4.724070133854163
2024-07-19 05:30:00,32.88013165,32.14719276666667,37.172333,4.292201113671872
2024-07-19 06:00:00,42.84371238333333,43.037400983333335,40.455902,-2.387810283723958
2024-07-19 06:30:00,47.9534589,52.60129935,43.84697,-4.106489295507814
2024-07-19 07:00:00,44.81163626666668,45.66568891666666,45.67415,0.8625122929036309
2024-07-19 07:30:00,42.77489883333333,48.92330668333333,45.152527,2.3776280221354185
2024-07-19 08:00:00,46.869430533333336,49.86015836666667,42.99771,-3.871719351692711
2024-07-19 08:30:00,48.22535883333333,36.7065624,37.43872,-10.786638130208331
2024-07-19 09:00:00,41.12113613333333,24.22984898333333,29.166977,-11.954159204622393
2024-07-19 09:30:00,29.19728673333333,22.0570384,20.15625,-9.041036733333328
2024-07-19 10:00:00,12.407450633333331,-6.12219335,9.055299,-3.352151828096515
2024-07-19 10:30:00,5.599382816666666,-13.682222683333334,-3.166259,-8.765641867035928
2024-07-19 11:00:00,-2.4983604333333336,-33.34157011666667,-16.806717,-14.308356485611979
2024-07-19 11:30:00,-11.9848115,-37.31082825,-26.55368,-14.568868919921876
2024-07-19 12:00:00,-12.690999433333332,-35.5645807,-33.79132,-21.10032136744792
2024-07-19 12:30:00,-16.959956666666667,-41.15038215,-38.402985,-21.443027952473958
2024-07-19 13:00:00,-34.07910385,-43.11632273333333,-40.425552,-6.34644851816406
2024-07-19 13:30:00,-14.896417283333337,-40.74875493333334,-39.212677,-24.31625971861979
2024-07-19 14:00:00,7.458743299999999,-33.44746276666667,-33.93593,-41.394671644726564
2024-07-19 14:30:00,12.1822721,-32.210033466666665,-24.462372,-36.644643926171874
2024-07-19 15:00:00,17.36266445,-20.614118366666663,-13.468871,-30.831535566638184
2024-07-19 15:30:00,19.26145998333333,-2.781896716666667,-4.0677633,-23.329223311885578
2024-07-19 16:00:00,32.2248629,5.243690033333333,7.507188,-24.717675056677244
2024-07-19 16:30:00,36.35531325,13.549552866666666,16.311981,-20.043332048828127
2024-07-19 17:00:00,42.16533343333333,16.2447523,25.7444,-16.420933408919268
2024-07-19 17:30:00,56.78501495,27.21186715,32.63231,-24.15270599003906
2024-07-19 18:00:00,59.08896493333333,31.12531285,39.652863,-19.436102384505205
2024-07-19 18:30:00,69.76032275,40.121091,43.976807,-25.783516109375
2024-07-19 19:00:00,67.57818775,38.640128833333335,45.38472,-22.193467901367185
2024-07-19 19:30:00,64.06685713333333,50.29736326666667,45.178696,-18.88816145462239
2024-07-19 20:00:00,60.764987366666666,47.797310583333335,44.005325,-16.759662049283854
2024-07-19 20:30:00,52.93434381666666,61.81886945,46.326797,-6.607546331315099
2024-07-19 21:00:00,50.3336728,50.1514656,44.717087,-5.616586008007815
2024-07-19 21:30:00,54.2835,45.68925285,44.93622,-9.347281738281247
2024-07-19 22:00:00,57.48771223333333,47.57460498333333,44.611176,-12.876536696223958
2024-07-19 22:30:00,50.32715941666667,41.227906716666666,42.97667,-7.35049010514323
2024-07-19 23:00:00,51.95359891666666,38.98107623333333,40.550735,-11.402863443033844
2024-07-19 23:30:00,46.40812618333333,35.58021725,38.82718,-7.580947228255205
2024-07-20 00:00:00,37.17907893333334,40.25414886666667,37.279175,0.10009587135416353
2024-07-20 00:30:00,34.598926283333334,35.13502101666666,33.20273,-1.3961980118489592
2024-07-20 01:00:00,34.51789168333334,34.365887683333334,32.176895,-2.3409965417317764
2024-07-20 01:30:00,31.97076488333333,31.08292218333333,30.89296,-1.0778052886067684
2024-07-20 02:00:00,27.10366888333333,24.98635853333333,29.748749,2.645079895963544
2024-07-20 02:30:00,29.048552266666665,29.067000466666663,29.192795,0.14424253313802282
2024-07-20 03:00:00,32.11444183333333,28.390816666666662,31.930634,-0.18380828841145558
2024-07-20 03:30:00,29.913330416666668,29.04698875,31.72226,1.8089291048177074
2024-07-20 04:00:00,35.48794843333334,35.55625653333333,30.996368,-4.491580025130212
2024-07-20 04:30:00,28.2651956,35.835891716666666,32.367004,4.101808794531252
2024-07-20 05:00:00,28.222852366666668,32.63029998333334,34.552612,6.329759938020832
2024-07-20 05:30:00,33.325264616666665,32.88013165,37.425705,4.100440339388022
2024-07-20 06:00:00,42.0428033,42.84371238333333,40.91948,-1.1233239298828153
2024-07-20 06:30:00,46.36410453333334,47.9534589,42.80365,-3.5604546309895895
2024-07-20 07:00:00,42.67391325,44.81163626666668,44.618362,1.9444491767578143
2024-07-20 07:30:00,38.83183,42.77489883333333,42.081665,3.2498350390625035
2024-07-20 08:00:00,35.30229611666667,46.869430533333336,40.716843,5.41454653470052
2024-07-20 08:30:00,36.6060284,48.22535883333333,35.666122,-0.9399059634765621
2024-07-20 09:00:00,34.315509383333335,41.12113613333333,26.455032,-7.860477034700523
2024-07-20 09:30:00,21.423117766666667,29.19728673333333,18.45671,-2.96640695123698
2024-07-20 10:00:00,19.010792783333333,12.407450633333331,8.099366,-10.911426595284016
2024-07-20 10:30:00,9.793873916666666,5.599382816666666,-5.136733,-14.930606971781412
2024-07-20 11:00:00,1.7203222666666669,-2.4983604333333336,-17.376266,-19.096588746158854
2024-07-20 11:30:00,-8.541270516666666,-11.9848115,-25.793304,-17.25203392669271
2024-07-20 12:00:00,-22.44146453333333,-12.690999433333332,-33.150787,-10.709322820182294
2024-07-20 12:30:00,-39.236809,-16.959956666666667,-38.081345,1.1554643955078134
2024-07-20 13:00:00,-45.29334841666667,-34.07910385,-41.10724,4.186109647135417
2024-07-20 13:30:00,-40.4265535,-14.896417283333337,-38.166992,2.259561312499997
2024-07-20 14:00:00,-22.71654931666667,7.458743299999999,-30.249832,-7.533282836653644
2024-07-20 14:30:00,-22.7395843,12.1822721,-19.824951,2.9146331281250006
2024-07-20 15:00:00,-13.746677150000002,17.36266445,-8.5467825,5.199894656408693
2024-07-20 15:30:00,-2.890893783333333,19.26145998333333,1.8582162,4.749109949829609
2024-07-20 16:00:00,14.130473216666667,32.2248629,14.354051,0.2235774196248368
2024-07-20 16:30:00,36.65257126666666,36.35531325,23.31282,-13.33975083209635
2024-07-20 17:00:00,43.94291901666667,42.16533343333333,32.075485,-11.867433787174484
2024-07-20 17:30:00,44.57034671666667,56.78501495,38.276154,-6.294193152213545
2024-07-20 18:00:00,53.98805488333333,59.08896493333333,43.617874,-10.370180737825514
2024-07-20 18:30:00,51.41278941666667,69.76032275,48.128708,-3.2840815309244817
2024-07-20 19:00:00,52.46059775,67.57818775,50.75522,-1.705379244140623
2024-07-20 19:30:00,55.340873433333336,64.06685713333333,50.871613,-4.469260884505211
2024-07-20 20:00:00,51.80650045000001,60.764987366666666,49.465317,-2.341183677539071
2024-07-20 20:30:00,50.97264956666667,52.93434381666666,49.55156,-1.4210901184244804
2024-07-20 21:00:00,62.24955111666667,50.3336728,47.263275,-14.986275970182298
2024-07-20 21:30:00,59.53672493333334,54.2835,46.378845,-13.157879718489589
2024-07-20 22:00:00,51.202979983333336,57.48771223333333,46.564224,-4.638755740169273
2024-07-20 22:30:00,47.10367051666666,50.32715941666667,44.14769,-2.955980697330723
2024-07-20 23:00:00,45.24680113333333,51.95359891666666,43.07135,-2.175451035677078
2024-07-20 23:30:00,40.683728433333336,46.40812618333333,39.27739,-1.4063389069661483
2024-07-21 00:00:00,39.48332726666666,37.17907893333334,37.59024,-1.893086788151038
2024-07-21 00:30:00,36.5794345,34.598926283333334,34.540543,-2.0388918974609354
2024-07-21 01:00:00,33.072804483333336,34.51789168333334,32.75949,-0.31331351653646067
2024-07-21 01:30:00,33.56927551666667,31.97076488333333,31.043167,-2.526108402408859
2024-07-21 02:00:00,30.86498725,27.10366888333333,30.400284,-0.46470343652343615
2024-07-21 02:30:00,32.10753231666667,29.048552266666665,30.182175,-1.9253576340494831
2024-07-21 03:00:00,27.52711165,32.11444183333333,30.816986,3.2898744339843766
2024-07-21 03:30:00,30.572676666666663,29.913330416666668,30.42186,-0.15081692545572523
2024-07-21 04:00:00,28.857968266666663,35.48794843333334,31.243744,2.3857756298177115
2024-07-21 04:30:00,27.92940503333333,28.2651956,32.356186,4.426780879752606
2024-07-21 05:00:00,31.137954566666664,28.222852366666668,34.632324,3.4943696520833356
2024-07-21 05:30:00,28.60973551666667,33.325264616666665,38.735535,10.125799151302079
2024-07-21 06:00:00,40.33738456666666,42.0428033,42.545258,2.207873001692718
2024-07-21 06:30:00,53.1784206,46.36410453333334,45.52043,-7.657989081445315
2024-07-21 07:00:00,49.58463776666667,42.67391325,48.06035,-1.5242892559244794
2024-07-21 07:30:00,39.1055944,38.83183,44.249207,5.143612142968749
2024-07-21 08:00:00,31.360586666666663,35.30229611666667,39.989685,8.629098391927087
2024-07-21 08:30:00,27.595969916666665,36.6060284,34.905014,7.309044121419273
2024-07-21 09:00:00,35.50601515,34.315509383333335,28.240677,-7.265338270117191
2024-07-21 09:30:00,16.559511616666665,21.423117766666667,19.447128,2.8876166792317726
2024-07-21 10:00:00,-8.7671656,19.010792783333333,9.470185,18.23735087984619
2024-07-21 10:30:00,-19.74280735,9.793873916666666,-2.3755333,17.36727400763855
2024-07-21 11:00:00,-26.41328328333333,1.7203222666666669,-13.228652,13.184631282906086
2024-07-21 11:30:00,-32.08655948333333,-8.541270516666666,-21.655746,10.430813023372394
2024-07-21 12:00:00,-37.53875116666666,-22.44146453333333,-27.790833,9.747918647135407
2024-07-21 12:30:00,-55.73792445,-39.236809,-33.345642,22.39228236015625
2024-07-21 13:00:00,-63.89354320000001,-45.29334841666667,-35.505905,28.387638048632823
2024-07-21 13:30:00,-58.4216605,-40.4265535,-32.95967,25.46198947949219
2024-07-21 14:00:00,-41.0636916,-22.71654931666667,-26.067139,14.996552928124999
2024-07-21 14:30:00,-25.53078766666667,-22.7395843,-17.586975,7.943812569010419
2024-07-21 15:00:00,-14.580246133333333,-13.746677150000002,-9.651702,4.928544206148274
2024-07-21 15:30:00,10.316138883333332,-2.890893783333333,0.47937092,-9.836767961483128
2024-07-21 16:00:00,22.1748832,14.130473216666667,11.627519,-10.547364546130371
2024-07-21 16:30:00,34.278249566666666,36.65257126666666,21.865875,-12.412374322526041
2024-07-21 17:00:00,40.49738846666667,43.94291901666667,32.31346,-8.183927162955733
2024-07-21 17:30:00,44.609557800000005,44.57034671666667,41.97487,-2.634689025585942
2024-07-21 18:00:00,47.88664226666666,53.98805488333333,46.225357,-1.6612852110025997
2024-07-21 18:30:00,45.95513281666666,51.41278941666667,48.957626,3.0024935261067753
2024-07-21 19:00:00,51.3385605,52.46059775,50.386566,-0.9519943378906248
2024-07-21 19:30:00,47.65075221666666,55.340873433333336,52.670944,5.020191997200527
2024-07-21 20:00:00,48.48930785,51.80650045000001,51.410004,2.920695812109372
2024-07-21 20:30:00,43.36138928333333,50.97264956666667,50.43643,7.075042601432294
2024-07-21 21:00:00,43.31898995,62.24955111666667,49.062622,5.743632120312498
2024-07-21 21:30:00,41.38392666666667,59.53672493333334,46.89456,5.510635100911458
2024-07-21 22:00:00,44.99508663333333,51.202979983333336,45.206406,0.21131900631510803
2024-07-21 22:30:00,45.66547315,47.10367051666666,43.99318,-1.6722938287109343
2024-07-21 23:00:00,46.149642766666666,45.24680113333333,42.134384,-4.015258611393229
2024-07-21 23:30:00,43.08176601666667,40.683728433333336,39.150253,-3.9315127207682323
2024-07-22 00:00:00,38.448723666666666,39.48332726666666,37.742523,-0.7062004733072911
2024-07-22 00:30:00,33.676985566666666,36.5794345,33.436142,-0.24084359889322826
2024-07-22 01:00:00,33.20311723333333,33.072804483333336,31.311462,-1.8916548309895802
2024-07-22 01:30:00,32.956417800000004,33.56927551666667,29.290054,-3.6663634787109416
2024-07-22 02:00:00,30.47907566666667,30.86498725,27.71437,-2.7647049391276077
2024-07-22 02:30:00,29.698643416666663,32.10753231666667,26.46576,-3.2328841393229126
2024-07-22 03:00:00,24.709870566666662,27.52711165,26.518265,1.80839420384115
2024-07-22 03:30:00,26.084913616666668,30.572676666666663,28.302856,2.217942828645832
2024-07-22 04:00:00,24.9714917,28.857968266666663,30.707565,5.736073607617186
2024-07-22 04:30:00,30.905966700000004,27.92940503333333,33.260803,2.354836522656246
2024-07-22 05:00:00,34.71148288333333,31.137954566666664,34.456116,-0.255367160677082
2024-07-22 05:30:00,29.63794,28.60973551666667,37.196243,7.558303286132812
2024-07-22 06:00:00,37.89312666666667,40.33738456666666,40.565826,2.6726997493489577
2024-07-22 06:30:00,34.4287099,53.1784206,43.64331,9.214600646874999
2024-07-22 07:00:00,44.36258161666667,49.58463776666667,45.1239,0.7613197505208333
2024-07-22 07:30:00,48.53346608333334,39.1055944,45.12758,-3.405887347981775
2024-07-22 08:00:00,56.59565268333333,31.360586666666663,42.432297,-14.16335593040364
2024-07-22 08:30:00,54.354556083333335,27.595969916666665,36.311676,-18.04288005794271
2024-07-22 09:00:00,32.51387008333334,35.50601515,29.771423,-2.7424467434895874
2024-07-22 09:30:00,14.100277683333331,16.559511616666665,18.55194,4.451663234635419
2024-07-22 10:00:00,-5.187292266666666,-8.7671656,7.3220835,12.509375739872233
2024-07-22 10:30:00,-18.49396275,-19.74280735,-6.016677,12.477285847229005
2024-07-22 11:00:00,-38.5189345,-26.41328328333333,-18.183563,20.335371267578125
2024-07-22 11:30:00,-40.3195917,-32.08655948333333,-24.821655,15.497936426562497
2024-07-22 12:00:00,-45.8683261,-37.53875116666666,-32.677094,13.191232594140622
2024-07-22 12:30:00,-47.71274945,-55.73792445,-36.990814,10.721935241015622
2024-07-22 13:00:00,-45.489245966666665,-63.89354320000001,-38.711853,6.777392939322915
2024-07-22 13:30:00,-43.79570285,-58.4216605,-35.56653,8.229174529687498
2024-07-22 14:00:00,-35.584713433333334,-41.0636916,-30.04071,5.544002984114584
2024-07-22 14:30:00,-35.09454886666666,-25.53078766666667,-19.826462,15.268087074674476
2024-07-22 15:00:00,-26.4118189,-14.580246133333333,-9.444747,16.96707192886963
2024-07-22 15:30:00,-6.379264366666667,10.316138883333332,0.56984025,6.949104619066111
2024-07-22 16:00:00,15.233360116666669,22.1748832,12.859086,-2.3742740799845397
2024-07-22 16:30:00,36.86915236666667,34.278249566666666,24.678604,-12.190548240690106
2024-07-22 17:00:00,35.16520448333333,40.49738846666667,33.227234,-1.9379705966145835
2024-07-22 17:30:00,37.66217063333334,44.609557800000005,43.61418,5.952010885221348
2024-07-22 18:00:00,37.4819894,47.88664226666666,48.028183,10.546193583398434
2024-07-22 18:30:00,40.92752055,45.95513281666666,51.584473,10.656952106250003
2024-07-22 19:00:00,41.38275336666666,51.3385605,54.58835,13.205595022005213
2024-07-22 19:30:00,45.2631049,47.65075221666666,55.42131,10.158205524804686
2024-07-22 20:00:00,39.141305433333336,48.48930785,53.7632,14.621893419205726
2024-07-22 20:30:00,40.84839883333333,43.36138928333333,51.537186,10.688786835611985
2024-07-22 21:00:00,45.33754493333333,43.31898995,47.79869,2.461145862565111
2024-07-22 21:30:00,40.4068305,41.38392666666667,46.45407,6.047240544921877
2024-07-22 22:00:00,36.44723005,44.99508663333333,44.242798,7.795567801562498
2024-07-22 22:30:00,41.53052015,45.66547315,41.600876,0.07035570449218653
2024-07-22 23:00:00,37.552986016666665,46.149642766666666,40.67592,3.1229325624348974
2024-07-22 23:30:00,36.046315533333335,43.08176601666667,38.634216,2.5879007752604153
2024-07-23 00:00:00,34.75611605,38.448723666666666,37.533737,2.7776211326171847
2024-07-23 00:30:00,32.61064278333333,33.676985566666666,34.001816,1.3911730125651047
2024-07-23 01:00:00,29.33887155,33.20311723333333,31.860046,2.5211748367187496
2024-07-23 01:30:00,30.87078491666667,32.956417800000004,30.371796,-0.49898926236979335
2024-07-23 02:00:00,33.561866083333335,30.47907566666667,27.729477,-5.832389154622398
2024-07-23 02:30:00,33.55498501666667,29.698643416666663,28.412628,-5.142356842838545
2024-07-23 03:00:00,29.10351,24.709870566666662,29.248932,0.145421884765625
2024-07-23 03:30:00,24.682785366666668,26.084913616666668,30.513428,5.830642367708332
2024-07-23 04:00:00,25.6826509,24.9714917,30.130463,4.447811746484376
2024-07-23 04:30:00,30.234592216666663,30.905966700000004,31.163818,0.9292261427083375
2024-07-23 05:00:00,27.222063916666663,34.71148288333333,32.280502,5.058438402669275
2024-07-23 05:30:00,23.63726773333333,29.63794,35.83745,12.200180386783856
2024-07-23 06:00:00,37.15053111666666,37.89312666666667,37.649536,0.49900501614583703
2024-07-23 06:30:00,51.80544211666666,34.4287099,41.718353,-10.087088845182286
2024-07-23 07:00:00,58.15640175000001,44.36258161666667,43.660294,-14.496108170898445
2024-07-23 07:30:00,57.027854483333336,48.53346608333334,43.150513,-13.877341788020836
2024-07-23 08:00:00,60.635842716666666,56.59565268333333,41.432556,-19.203286564322916
2024-07-23 08:30:00,38.9671612,54.354556083333335,35.21222,-3.7549419617187496
2024-07-23 09:00:00,25.332821066666668,32.51387008333334,27.105347,1.7725256130208322
2024-07-23 09:30:00,10.14631165,14.100277683333331,15.623857,5.4775448944946294
2024-07-23 10:00:00,-14.762792916666667,-5.187292266666666,4.743699,19.506491990458173
2024-07-23 10:30:00,-24.43872895,-18.49396275,-8.607024,15.831704757189943
2024-07-23 11:00:00,-39.14368005,-38.5189345,-20.24887,18.894809200390625
2024-07-23 11:30:00,-60.86714451666666,-40.3195917,-29.482513,31.384631088932288
2024-07-23 12:00:00,-66.13069445000001,-45.8683261,-39.988678,26.142016471484382
2024-07-23 12:30:00,-71.28683881666667,-47.71274945,-43.215622,28.071216868424486
2024-07-23 13:00:00,-92.13669054999998,-45.489245966666665,-41.980576,50.156114988476546
2024-07-23 13:30:00,-84.92692726666667,-43.79570285,-37.80432,47.12260597760417
2024-07-23 14:00:00,-79.78227241666667,-35.584713433333334,-30.661789,49.120483476236984
2024-07-23 14:30:00,-71.73929066666666,-35.09454886666666,-19.236252,52.503038835611974
2024-07-23 15:00:00,-49.98164825,-26.4118189,-10.31079,39.670858188049316
2024-07-23 15:30:00,-26.015748316666663,-6.379264366666667,1.1206979,27.136446172616065
2024-07-23 16:00:00,-8.877293333333332,15.233360116666669,13.540528,22.41782163075765
2024-07-23 16:30:00,5.174131249999999,36.86915236666667,22.389664,17.215532446289064
2024-07-23 17:00:00,17.769356633333334,35.16520448333333,31.789703,14.02034673580729
2024-07-23 17:30:00,23.11857895,37.66217063333334,39.680267,16.561688383984375
2024-07-23 18:00:00,20.45546495,37.4819894,44.75673,24.301264175976563
2024-07-23 18:30:00,25.29534325,40.92752055,48.116226,22.820882946289064
2024-07-23 19:00:00,27.74698713333333,41.38275336666666,51.043518,23.29653093307292
2024-07-23 19:30:00,30.202966766666663,45.2631049,50.407364,20.2043971249349
2024-07-23 20:00:00,36.59745775,39.141305433333336,49.10501,12.507553236328128
2024-07-23 20:30:00,42.57709101666666,40.84839883333333,49.497147,6.920055589778656
2024-07-23 21:00:00,44.9978116,45.33754493333333,46.44583,1.4480196988281264
2024-07-23 21:30:00,39.99320566666666,40.4068305,43.4429,3.449695944661464
2024-07-23 22:00:00,33.82065156666667,36.44723005,39.560745,5.740093672591144
2024-07-23 22:30:00,32.30513445,41.53052015,39.39084,7.085704173046878
2024-07-23 23:00:00,33.1899577,37.552986016666665,35.809814,2.619856753124999
2024-07-23 23:30:00,36.8893483,36.046315533333335,35.19194,-1.6974079923828143
2024-07-24 00:00:00,36.2642451,34.75611605,34.62767,-1.636574811914059
2024-07-24 00:30:00,34.289242183333336,32.61064278333333,32.481873,-1.8073696247395858
2024-07-24 01:00:00,33.2029189,29.33887155,31.993866,-1.2090529332031252
2024-07-24 01:30:00,34.3589111,30.87078491666667,31.787796,-2.5711150794921878
2024-07-24 02:00:00,30.367337916666667,33.561866083333335,31.200531,0.833193089192708
2024-07-24 02:30:00,33.5175667,33.55498501666667,28.805511,-4.712055225390628
2024-07-24 03:00:00,29.600309383333336,29.10351,26.843094,-2.7572155112630234
2024-07-24 03:30:00,33.34528948333333,24.682785366666668,26.930634,-6.414655938411457
2024-07-24 04:00:00,32.150349383333335,25.6826509,28.128326,-4.02202296731771
2024-07-24 04:30:00,33.212452266666666,30.234592216666663,31.965302,-1.2471507529947914
2024-07-24 05:00:00,34.27225218333333,27.222063916666663,34.005905,-0.2663470319661414
2024-07-24 05:30:00,39.90341555,23.63726773333333,36.5869,-3.316516746289061
2024-07-24 06:00:00,54.39993175,37.15053111666666,39.583237,-14.816695055664063
2024-07-24 06:30:00,63.85994671666666,51.80544211666666,42.316467,-21.543479431510413
2024-07-24 07:00:00,50.2566929,58.15640175000001,44.297882,-5.958810819921872
2024-07-24 07:30:00,55.1083854,57.027854483333336,43.37111,-11.73727639121094
2024-07-24 08:00:00,52.17589666666667,60.635842716666666,40.5894,-11.586495421549479
2024-07-24 08:30:00,36.6975694,38.9671612,33.3517,-3.3458695708984365
2024-07-24 09:00:00,21.074715666666663,25.332821066666668,26.028564,4.953848786458337
2024-07-24 09:30:00,19.16163003333333,10.14631165,15.773469,-3.38816106208089
2024-07-24 10:00:00,-1.8805094500000008,-14.762792916666667,2.7668617,4.647371127169801
2024-07-24 10:30:00,-16.2881162,-24.43872895,-10.417586,5.87052987340088
2024-07-24 11:00:00,-26.8251466,-39.14368005,-24.737778,2.0873688900390626
2024-07-24 11:30:00,-51.52315705,-60.86714451666666,-38.0101,13.513055731640627
2024-07-24 12:00:00,-63.12881388333333,-66.13069445000001,-46.82808,16.300734659700517
2024-07-24 12:30:00,-66.20715066666666,-71.28683881666667,-50.887115,15.320035188151039
2024-07-24 13:00:00,-73.50360263333333,-92.13669054999998,-52.282562,21.221040377473955
2024-07-24 13:30:00,-74.79434446666666,-84.92692726666667,-47.849716,26.94462828014322
2024-07-24 14:00:00,-75.12828456666666,-79.78227241666667,-42.281296,32.84698879029948
2024-07-24 14:30:00,-59.08474901666667,-71.73929066666666,-33.236206,25.84854296197917
2024-07-24 15:00:00,-35.213736149999995,-49.98164825,-23.072449,12.141287419531245
2024-07-24 15:30:00,-17.8678944,-26.015748316666663,-12.671691,5.196203459143067
2024-07-24 16:00:00,2.0376544833333337,-8.877293333333332,-0.7406761,-2.778330588355764
2024-07-24 16:30:00,14.8533295,5.174131249999999,10.671403,-4.18192656878662
2024-07-24 17:00:00,20.707039883333334,17.769356633333334,22.89061,2.183569857877604
2024-07-24 17:30:00,16.414506666666664,23.11857895,30.884644,14.470136888020836
2024-07-24 18:00:00,23.18593115,20.45546495,36.88597,13.70003991933594
2024-07-24 18:30:00,25.149978916666665,25.29534325,41.33577,16.185790736653647
2024-07-24 19:00:00,29.282083850000003,27.74698713333333,43.601044,14.318959851171872
2024-07-24 19:30:00,40.391196316666665,30.202966766666663,42.600876,2.2096795378255223
2024-07-24 20:00:00,37.79207493333333,36.59745775,41.793472,4.001397356705731
2024-07-24 20:30:00,42.55488493333333,42.57709101666666,41.16545,-1.389433883528639
2024-07-24 21:00:00,38.24006708333334,44.9978116,40.453934,2.213866632486976
2024-07-24 21:30:00,45.75820668333333,39.99320566666666,40.595184,-5.163022357161452
2024-07-24 22:00:00,36.75808728333333,33.82065156666667,39.840134,3.082046383658856
2024-07-24 22:30:00,36.01700159999999,32.30513445,38.678238,2.661236315039069
2024-07-24 23:00:00,38.35335178333333,33.1899577,35.77687,-2.576481055794268
2024-07-24 23:30:00,41.32795781666667,36.8893483,34.660477,-6.667481132096356
2024-07-25 00:00:00,37.017220566666666,36.2642451,31.488953,-5.528267929947916
2024-07-25 00:30:00,40.91738235,34.289242183333336,30.099945,-10.817437281640622
2024-07-25 01:00:00,34.7823278,33.2029189,30.206528,-4.57580009003906
2024-07-25 01:30:00,34.778293350000006,34.3589111,29.062561,-5.7157323148437555
2024-07-25 02:00:00,29.59426343333333,30.367337916666667,27.645508,-1.9487556208333316
2024-07-25 02:30:00,32.2540578,33.5175667,27.135818,-5.118239318554686
2024-07-25 03:00:00,30.959667683333333,29.600309383333336,25.952667,-5.007000447005208
2024-07-25 03:30:00,30.8142984,33.34528948333333,27.473236,-3.3410623160156234
2024-07-25 04:00:00,31.19404158333333,32.150349383333335,30.067413,-1.1266282532552054
2024-07-25 04:30:00,31.2697372,33.212452266666666,32.37993,1.110191388867186
2024-07-25 05:00:00,31.506738716666664,34.27225218333333,34.176285,2.6695460733723984
2024-07-25 05:30:00,29.351987750000003,39.90341555,37.49933,8.147340863281247
2024-07-25 06:00:00,43.05579831666666,54.39993175,41.331512,-1.7242858654947852
2024-07-25 06:30:00,49.750532633333336,63.85994671666666,42.893143,-6.857389933138023
2024-07-25 07:00:00,55.22417505000001,50.2566929,44.731857,-10.492317750195319
2024-07-25 07:30:00,51.48232003333334,55.1083854,43.427414,-8.05490609290365
2024-07-25 08:00:00,48.29767095,52.17589666666667,39.79138,-8.506289114062497
2024-07-25 08:30:00,42.51222816666667,36.6975694,34.38861,-8.123617326822917
2024-07-25 09:00:00,28.436778416666662,21.074715666666663,23.898315,-4.538462986979162
2024-07-25 09:30:00,29.952479416666662,19.16163003333333,11.324143,-18.62833600693766
2024-07-25 10:00:00,11.361710083333334,-1.8805094500000008,-2.220382,-13.582092058507284
2024-07-25 10:30:00,-1.1232222166666677,-16.2881162,-16.86908,-15.745857373177083
2024-07-25 11:00:00,-17.237011016666667,-26.8251466,-28.810745,-11.573734222591145
2024-07-25 11:30:00,-33.161174966666664,-51.52315705,-39.117004,-5.955829427864586
2024-07-25 12:00:00,-28.167143383333336,-63.12881388333333,-48.477875,-20.31073137252604
2024-07-25 12:30:00,-25.058597733333333,-66.20715066666666,-54.83922,-29.780620406315105
2024-07-25 13:00:00,-33.99882063333333,-73.50360263333333,-57.305588,-23.306767135221357
2024-07-25 13:30:00,-38.322420066666666,-74.79434446666666,-54.606033,-16.283613258528646
2024-07-25 14:00:00,-35.86371496666666,-75.12828456666666,-49.71109,-13.847375121223962
2024-07-25 14:30:00,-35.46448968333333,-59.08474901666667,-40.397247,-4.932757631119792
2024-07-25 15:00:00,-29.93118833333333,-35.213736149999995,-28.893326,1.0378625276692688
2024-07-25 15:30:00,-8.603549983333332,-17.8678944,-16.2762,-7.67264935748698
2024-07-25 16:00:00,2.6209501000000004,2.0376544833333337,0.28259358,-2.338356521899796
2024-07-25 16:30:00,12.577852,14.8533295,12.765046,0.18719411968994137
2024-07-25 17:00:00,18.519905,20.707039883333334,25.033218,6.513313383789061
2024-07-25 17:30:00,31.56462453333333,16.414506666666664,32.725952,1.1613276151041703
2024-07-25 18:00:00,33.58365325,23.18593115,38.391373,4.807719430664065
2024-07-25 18:30:00,37.77461938333333,25.149978916666665,40.476776,2.702156739713544
2024-07-25 19:00:00,39.23620795,29.282083850000003,41.14012,1.9039135099609368
2024-07-25 19:30:00,31.84809675,40.391196316666665,41.066605,9.218507864257813
2024-07-25 20:00:00,40.74706666666666,37.79207493333333,38.636887,-2.110180069986974
2024-07-25 20:30:00,40.48079623333333,42.55488493333333,40.01465,-0.4661477958333293
2024-07-25 21:00:00,38.76874003333333,38.24006708333334,40.338226,1.569486285026045
2024-07-25 21:30:00,40.99198071666667,45.75820668333333,40.88109,-0.1108924598307297
2024-07-25 22:00:00,41.423653816666665,36.75808728333333,39.177628,-2.2460262531901023
2024-07-25 22:30:00,33.58978385,36.01700159999999,37.592087,4.002302941992184
2024-07-25 23:00:00,36.53968505,38.35335178333333,34.550247,-1.9894378576171903
2024-07-25 23:30:00,40.58440063333333,41.32795781666667,35.495377,-5.089024046419269
2024-07-26 00:00:00,35.497619433333334,37.017220566666666,34.428436,-1.069183154036459
2024-07-26 00:30:00,35.1364878,40.91738235,33.264603,-1.871885138867185
2024-07-26 01:00:00,24.78775105,34.7823278,32.091187,7.303435473437499
2024-07-26 01:30:00,22.295785533333333,34.778293350000006,29.97342,7.6776336561197915
2024-07-26 02:00:00,21.229484566666667,29.59426343333333,29.396973,8.167488089583333
2024-07-26 02:30:00,25.547566483333338,32.2540578,29.18956,3.6419934531901
2024-07-26 03:00:00,24.3891916,30.959667683333333,28.599503,4.210310963476562
2024-07-26 03:30:00,26.426310883333333,30.8142984,28.811829,2.3855177299479173
2024-07-26 04:00:00,30.3260988,31.19404158333333,32.22957,1.903469681445312
2024-07-26 04:30:00,28.4145828,31.2697372,33.550873,5.136290002734373
2024-07-26 05:00:00,27.966128366666663,31.506738716666664,36.316437,8.350308400911462
2024-07-26 05:30:00,29.26977218333333,29.351987750000003,39.547546,10.27777420338542
2024-07-26 06:00:00,44.29314005,43.05579831666666,42.61258,-1.680560704296873
2024-07-26 06:30:00,50.21624893333333,49.750532633333336,44.264984,-5.951264802473958
2024-07-26 07:00:00,54.71933768333333,55.22417505000001,46.870117,-7.849220495833329
2024-07-26 07:30:00,59.05208385,51.48232003333334,44.73459,-14.317495226953127
2024-07-26 08:00:00,45.05952368333333,48.29767095,39.346222,-5.713301759505207
2024-07-26 08:30:00,34.54507833333333,42.51222816666667,31.733994,-2.8110848030598916
2024-07-26 09:00:00,14.094010983333334,28.436778416666662,20.739487,6.645475711002604
2024-07-26 09:30:00,1.8267399333333332,29.952479416666662,9.783875,7.957135532059733
2024-07-26 10:00:00,-24.3936306,11.361710083333334,-1.9910728,22.40255782606659
2024-07-26 10:30:00,-36.95057215,-1.1232222166666677,-15.901702,21.04887022281494
2024-07-26 11:00:00,-57.92180501666667,-17.237011016666667,-29.752945,28.168860070377605
2024-07-26 11:30:00,-72.0976482,-33.161174966666664,-41.34091,30.75673633476562
2024-07-26 12:00:00,-84.95486154999999,-28.167143383333336,-49.895325,35.05953684296874
2024-07-26 12:30:00,-85.93253831666668,-25.058597733333333,-54.66501,31.267529771744805
2024-07-26 13:00:00,-88.63582443333333,-33.99882063333333,-55.469223,33.16660141087239
2024-07-26 13:30:00,-85.58246273333333,-38.322420066666666,-51.473114,34.109348719661455
2024-07-26 14:00:00,-85.29929393333333,-35.86371496666666,-46.21849,39.080803332747394
2024-07-26 14:30:00,-76.70145885,-35.46448968333333,-35.208054,41.49340526113281
2024-07-26 15:00:00,-62.4061965,-29.93118833333333,-20.692825,41.71337118261719
2024-07-26 15:30:00,-35.49329041666667,-8.603549983333332,-8.940764,26.55252598948161
2024-07-26 16:00:00,-14.185339483333332,2.6209501000000004,3.1697395,17.355078968120317
2024-07-26 16:30:00,-0.4471606500000001,12.577852,11.198152,11.645312238439942
2024-07-26 17:00:00,6.156567150000001,18.519905,19.787186,13.630618518945312
2024-07-26 17:30:00,13.265638766666669,31.56462453333333,26.94696,13.681321682552081
2024-07-26 18:00:00,12.041702833333332,33.58365325,34.652588,22.610885057291668
2024-07-26 18:30:00,17.1738756,37.77461938333333,39.183456,22.00958082089844
2024-07-26 19:00:00,14.050202183333331,39.23620795,39.920242,25.87004012623698
2024-07-26 19:30:00,17.3238977,31.84809675,40.264297,22.940399785351563
2024-07-26 20:00:00,19.62324543333333,40.74706666666666,40.68074,21.05749492311198
2024-07-26 20:30:00,17.129424366666665,40.48079623333333,39.0325,21.90307685403646
2024-07-26 21:00:00,16.466093283333333,38.76874003333333,37.78705,21.320955056510417
2024-07-26 21:30:00,27.45536188333333,40.99198071666667,37.73262,10.27725835592448
2024-07-26 22:00:00,29.50094491666667,41.423653816666665,36.304962,6.804017241536457
2024-07-26 22:30:00,32.168022083333334,33.58978385,35.46411,3.2960892447916663
2024-07-26 23:00:00,36.95652951666667,36.53968505,37.03755,0.08102236321614242
2024-07-26 23:30:00,41.363783266666665,40.58440063333333,36.67514,-4.68864288580729
2024-07-27 00:00:00,42.967768983333336,35.497619433333334,36.59752,-6.3702500624348986
2024-07-27 00:30:00,37.37816718333333,35.1364878,33.42389,-3.954278023177082
2024-07-27 01:00:00,30.77851071666667,24.78775105,32.479126,1.7006152598958302
2024-07-27 01:30:00,26.1006872,22.295785533333333,30.079926,3.9792383371093756
2024-07-27 02:00:00,27.1955607,21.229484566666667,27.804367,0.608806365429686
2024-07-27 02:30:00,33.47375493333333,25.547566483333338,27.167908,-6.305847218489582
2024-07-27 03:00:00,27.867274416666664,24.3891916,26.109177,-1.7580977809244764
2024-07-27 03:30:00,27.002405633333336,26.426310883333333,27.396973,0.39456702291666446
2024-07-27 04:00:00,27.622387916666668,30.3260988,29.319931,1.6975431136067698
2024-07-27 04:30:00,30.66534503333333,28.4145828,32.0336,1.368254820182294
2024-07-27 05:00:00,29.399666266666667,27.966128366666663,35.590103,6.190436882747395
2024-07-27 05:30:00,36.598907950000005,29.26977218333333,39.291138,2.6922297453124955
2024-07-27 06:00:00,47.12941286666666,44.29314005,42.858154,-4.271258569791662
2024-07-27 06:30:00,47.20261611666667,50.21624893333333,47.214874,0.012258150911456767
2024-07-27 07:00:00,45.34568905,54.71933768333333,49.479523,4.133833655078128
2024-07-27 07:30:00,41.32527771666667,59.05208385,48.032257,6.706979363411456
2024-07-27 08:00:00,42.88057766666666,45.05952368333333,45.332123,2.4515451360677147
2024-07-27 08:30:00,41.96804383333333,34.54507833333333,38.84555,-3.1224932962239578
2024-07-27 09:00:00,47.91580218333333,14.094010983333334,28.776077,-19.139724912825514
2024-07-27 09:30:00,39.697446033333335,1.8267399333333332,15.386796,-24.310650035713707
2024-07-27 10:00:00,23.286265983333333,-24.3936306,-0.20631328,-23.49257926558469
2024-07-27 10:30:00,10.85726565,-36.95057215,-17.923706,-28.780971704687502
2024-07-27 11:00:00,0.6747421000000005,-57.92180501666667,-33.946976,-34.621717808007816
2024-07-27 11:30:00,-4.24232105,-72.0976482,-46.01143,-41.76910778300781
2024-07-27 12:00:00,-22.69756843333333,-84.95486154999999,-56.58087,-33.88330314869792
2024-07-27 12:30:00,-33.626069050000005,-85.93253831666668,-63.003387,-29.37731840117187
2024-07-27 13:00:00,-39.772186133333335,-88.63582443333333,-62.8022,-23.030014184049477
2024-07-27 13:30:00,-39.50173275,-85.58246273333333,-59.876495,-20.374762611328123
2024-07-27 14:00:00,-21.890522833333332,-85.29929393333333,-53.99008,-32.09955895377604
2024-07-27 14:30:00,-27.653941816666663,-76.70145885,-45.17932,-17.525379472395837
2024-07-27 15:00:00,-24.2851539,-62.4061965,-33.737442,-9.452288116601562
2024-07-27 15:30:00,-9.468425716666667,-35.49329041666667,-20.826324,-11.357898746223958
2024-07-27 16:00:00,-2.142978316666666,-14.185339483333332,-5.738143,-3.595164650557455
2024-07-27 16:30:00,4.547214916666666,-0.4471606500000001,5.6275187,1.0803037372029625
2024-07-27 17:00:00,16.223583899999998,6.156567150000001,15.025743,-1.1978413691772438
2024-07-27 17:30:00,20.691326016666668,13.265638766666669,23.894653,3.203327303645832
2024-07-27 18:00:00,28.20757443333333,12.041702833333332,31.400314,3.1927398977213564
2024-07-27 18:30:00,32.38054678333334,17.1738756,34.975693,2.595145965690101
2024-07-27 19:00:00,38.52159271666667,14.050202183333331,35.998795,-2.522798161002605
2024-07-27 19:30:00,39.00687215,17.3238977,36.47316,-2.533712359960937
2024-07-27 20:00:00,48.66731328333333,19.62324543333333,33.194824,-15.472489064583328
2024-07-27 20:30:00,45.8635972,17.129424366666665,32.80432,-13.059275910937501
2024-07-27 21:00:00,49.75617513333333,16.466093283333333,32.05809,-17.69808492337239
2024-07-27 21:30:00,52.92067768333334,27.45536188333333,30.745789,-22.174889109114588
2024-07-27 22:00:00,53.3790328,29.50094491666667,32.486893,-20.892140099804685
2024-07-27 22:30:00,46.48459726666667,32.168022083333334,33.901764,-12.582833350651043
2024-07-27 23:00:00,45.79074445,36.95652951666667,32.835144,-12.955600407031248
2024-07-27 23:30:00,40.78985395,41.363783266666665,32.942963,-7.846891303515626
2024-07-28 00:00:00,44.51061726666666,42.967768983333336,32.341187,-12.169430743229157
2024-07-28 00:30:00,36.5382171,37.37816718333333,30.40944,-6.128778013085935
2024-07-28 01:00:00,35.49504331666667,30.77851071666667,29.294464,-6.200579205338542
2024-07-28 01:30:00,36.4747151,26.1006872,28.107727,-8.366988049218747
2024-07-28 02:00:00,34.86367555,27.1955607,29.024063,-5.839612439648441
2024-07-28 02:30:00,37.91088766666667,33.47375493333333,27.66043,-10.250456758463542
2024-07-28 03:00:00,30.5974059,27.867274416666664,27.470718,-3.1266875162109358
2024-07-28 03:30:00,36.31107613333334,27.002405633333336,27.377823,-8.933253257356775
2024-07-28 04:00:00,29.035370083333333,27.622387916666668,27.953232,-1.082138271809896
2024-07-28 04:30:00,29.07759548333333,30.66534503333333,32.30316,3.2255661377604206
2024-07-28 05:00:00,30.560243166666663,29.399666266666667,33.99141,3.43116613509115
2024-07-28 05:30:00,35.45701828333333,36.598907950000005,36.960693,1.5036750760416666
2024-07-28 06:00:00,42.72051216666667,47.12941286666666,40.450134,-2.2703778893229227
2024-07-28 06:30:00,47.5019355,47.20261611666667,44.401505,-3.1004309833984394
2024-07-28 07:00:00,49.014449500000005,45.34568905,47.08116,-1.9332880009765674
2024-07-28 07:30:00,50.66899229999999,41.32527771666667,47.097946,-3.5710461330078047
2024-07-28 08:00:00,43.0880943,42.88057766666666,41.86664,-1.2214561164062516
2024-07-28 08:30:00,42.10372996666667,41.96804383333333,35.108566,-6.995163682486982
2024-07-28 09:00:00,30.522803383333336,47.91580218333333,25.818787,-4.704016762239586
2024-07-28 09:30:00,15.235302283333333,39.697446033333335,13.017365,-2.2179368277058913
2024-07-28 10:00:00,4.763849516666666,23.286265983333333,0.6032875,-4.160561998642222
2024-07-28 10:30:00,-13.208943916666668,10.85726565,-14.68048,-1.471536086690266
2024-07-28 11:00:00,-37.60949345,0.6747421000000005,-27.748138,9.861355022265627
2024-07-28 11:30:00,-40.372995,-4.24232105,-38.23033,2.1426635791015656
2024-07-28 12:00:00,-57.584267833333335,-22.69756843333333,-48.487335,9.09693262825521
2024-07-28 12:30:00,-67.2814243,-33.626069050000005,-56.11769,11.163733259960935
2024-07-28 13:00:00,-74.49144841666667,-39.772186133333335,-57.930405,16.561043753580734
2024-07-28 13:30:00,-68.32771773333333,-39.50173275,-54.861374,13.466343831966142
2024-07-28 14:00:00,-66.66016005,-21.890522833333332,-46.99405,19.666110977734377
2024-07-28 14:30:00,-65.75646126666668,-27.653941816666663,-36.580093,29.176367882877614
2024-07-28 15:00:00,-44.79621443333334,-24.2851539,-24.404327,20.391887040755215
2024-07-28 15:30:00,-23.989164966666667,-9.468425716666667,-12.17607,11.813094753348796
2024-07-28 16:00:00,-11.568335,-2.142978316666666,1.5626382,13.130973163566589
2024-07-28 16:30:00,9.92489015,4.547214916666666,11.312348,1.3874582157836919
2024-07-28 17:00:00,28.5479505,16.223583899999998,19.622604,-8.925346129882811
2024-07-28 17:30:00,24.73751443333333,20.691326016666668,27.671677,2.9341622024088565
2024-07-28 18:00:00,30.21603275,28.20757443333333,32.82544,2.609406703125
2024-07-28 18:30:00,30.425611133333334,32.38054678333334,34.93474,4.509127025846354
2024-07-28 19:00:00,42.38370508333333,38.52159271666667,34.768234,-7.615470830403645
2024-07-28 19:30:00,51.27693611666666,39.00687215,34.51709,-16.75984627291666
2024-07-28 20:00:00,56.08044168333333,48.66731328333333,34.56653,-21.513913363020833
2024-07-28 20:30:00,60.57801281666667,45.8635972,36.09944,-24.47857128834636
2024-07-28 21:00:00,50.93875284999999,49.75617513333333,37.165497,-13.773256023828118
2024-07-28 21:30:00,49.030353383333335,52.92067768333334,38.455597,-10.57475645950521
2024-07-28 22:00:00,44.49822511666667,53.3790328,38.99884,-5.499384784635417
2024-07-28 22:30:00,52.40384451666667,46.48459726666667,38.362244,-14.041600864322923
2024-07-28 23:00:00,52.64535891666667,45.79074445,39.888733,-12.756626006510423
2024-07-28 23:30:00,52.98168666666667,40.78985395,38.479553,-14.502133444010418
2024-07-29 00:00:00,46.55119895000001,44.51061726666666,35.94748,-10.603719701953132
2024-07-29 00:30:00,40.634912633333336,36.5382171,34.304764,-6.330148839388023
2024-07-29 01:00:00,39.44188848333334,35.49504331666667,32.660477,-6.781411798763024
2024-07-29 01:30:00,36.32402258333334,36.4747151,32.263382,-4.060640625325526
2024-07-29 02:00:00,34.60647503333333,34.86367555,31.145752,-3.460723080208332
2024-07-29 02:30:00,36.92141178333333,37.91088766666667,29.02739,-7.894022256966146
2024-07-29 03:00:00,31.687127466666663,30.5974059,28.758636,-2.928490992057288
2024-07-29 03:30:00,30.133957566666663,36.31107613333334,29.51381,-0.6201483625651001
2024-07-29 04:00:00,37.517683516666665,29.035370083333333,30.38646,-7.131224166080727
2024-07-29 04:30:00,41.3355056,29.07759548333333,33.81488,-7.520625228906248
2024-07-29 05:00:00,40.94441445,30.560243166666663,35.994263,-4.9501517546874965
2024-07-29 05:30:00,40.46329773333333,35.45701828333333,39.816345,-0.6469525184895772
2024-07-29 06:00:00,56.005796583333336,42.72051216666667,44.27664,-11.72915473763021
2024-07-29 06:30:00,53.83147953333333,47.5019355,47.791214,-6.040265544075517
2024-07-29 07:00:00,59.287591033333335,49.014449500000005,48.510742,-10.776848845833335
2024-07-29 07:30:00,68.11735013333333,50.66899229999999,47.556686,-20.560663731966144
2024-07-29 08:00:00,55.922503983333335,43.0880943,44.842087,-11.080417191341148
2024-07-29 08:30:00,52.2421838,42.10372996666667,37.661285,-14.580898399609374
2024-07-29 09:00:00,42.51034555,30.522803383333336,28.950928,-13.559417815624997
2024-07-29 09:30:00,21.996727066666665,15.235302283333333,16.379868,-5.6168595129557275
2024-07-29 10:00:00,-2.44766165,4.763849516666666,2.322419,4.770080578146363
2024-07-29 10:30:00,-22.88156168333333,-13.208943916666668,-15.303451,7.57811109892171
2024-07-29 11:00:00,-49.36463658333333,-37.60949345,-29.613205,19.75143162727864
2024-07-29 11:30:00,-63.51990610000001,-40.372995,-41.177826,22.342080172265632
2024-07-29 12:00:00,-73.30784043333334,-57.584267833333335,-54.178253,19.129587259505215
2024-07-29 12:30:00,-79.83208166666667,-67.2814243,-61.911743,17.920338502604167
2024-07-29 13:00:00,-71.41986896666667,-74.49144841666667,-65.00136,6.418510934440107
2024-07-29 13:30:00,-65.7837795,-68.32771773333333,-60.955566,4.828213093749994
2024-07-29 14:00:00,-61.03446055,-66.66016005,-54.8313,6.203161721874999
2024-07-29 14:30:00,-55.16158613333334,-65.75646126666668,-44.405518,10.756068555208337
2024-07-29 15:00:00,-34.3012028,-44.79621443333334,-33.992767,0.30843546601562366
2024-07-29 15:30:00,0.1857471999999997,-23.989164966666667,-23.508224,-23.693971687304686
2024-07-29 16:00:00,12.213134916666666,-11.568335,-11.463851,-23.67698589170329
2024-07-29 16:30:00,31.00777821666667,9.92489015,0.29844746,-30.709330756730527
2024-07-29 17:00:00,39.6071255,28.5479505,9.940217,-29.66690848187256
2024-07-29 17:30:00,34.19051885,24.73751443333333,19.574753,-14.615766042382809
2024-07-29 18:00:00,37.325485533333335,30.21603275,25.821274,-11.504211729622398
2024-07-29 18:30:00,40.09793491666667,30.425611133333334,30.323898,-9.774036601236979
2024-07-29 19:00:00,42.934802133333335,42.38370508333333,34.52089,-8.413912851106772
2024-07-29 19:30:00,54.47421728333333,51.27693611666666,37.12274,-17.35147558411458
2024-07-29 20:00:00,53.7983023,56.08044168333333,39.025223,-14.77307952167969
2024-07-29 20:30:00,63.62096173333333,60.57801281666667,41.10727,-22.513692446223956
2024-07-29 21:00:00,59.2200739,50.93875284999999,39.79866,-19.42141362167969
2024-07-29 21:30:00,49.5735135,49.030353383333335,39.914963,-9.65855073144531
2024-07-29 22:00:00,48.23660446666667,44.49822511666667,40.316544,-7.920060887565107
2024-07-29 22:30:00,41.1482476,52.40384451666667,41.300354,0.1521064039062523
2024-07-29 23:00:00,39.0426806,52.64535891666667,41.913605,2.870924136328128
2024-07-29 23:30:00,40.07043053333334,52.98168666666667,40.924377,0.8539469080729134
2024-07-30 00:00:00,40.8064949,46.55119895000001,39.31218,-1.4943153345703095
2024-07-30 00:30:00,39.9318961,40.634912633333336,36.149323,-3.782573590234378
2024-07-30 01:00:00,33.72894096666666,39.44188848333334,32.84706,-0.8818798094401004
2024-07-30 01:30:00,33.3897778,36.32402258333334,31.90419,-1.485587736523435
2024-07-30 02:00:00,31.913323833333333,34.60647503333333,28.78833,-3.124993755208333
2024-07-30 02:30:00,35.117535016666665,36.92141178333333,28.020248,-7.097286603580727
2024-07-30 03:00:00,32.850528833333335,31.687127466666663,27.761307,-5.089222070638023
2024-07-30 03:30:00,30.524227766666662,30.133957566666663,29.726212,-0.7980162188150999
2024-07-30 04:00:00,30.68132385,37.517683516666665,32.284058,1.6027337671875017
2024-07-30 04:30:00,33.41675228333333,41.3355056,35.36223,1.9454761102213567
2024-07-30 05:00:00,35.535673816666666,40.94441445,38.55481,3.019135753645834
2024-07-30 05:30:00,40.3557264,40.46329773333333,41.935043,1.5793169349609357
2024-07-30 06:00:00,53.41658615,56.005796583333336,45.007355,-8.409231413671876
2024-07-30 06:30:00,57.15874005,53.83147953333333,49.37593,-7.782809263867186
2024-07-30 07:00:00,54.88161495,59.287591033333335,52.81993,-2.061683919726562
2024-07-30 07:30:00,56.59952896666667,68.11735013333333,54.028275,-2.5712544305338554
2024-07-30 08:00:00,52.92819266666667,55.922503983333335,50.60594,-2.3222508942057303
2024-07-30 08:30:00,61.250694983333325,52.2421838,44.251602,-16.999092810481763
2024-07-30 09:00:00,41.73088331666667,42.51034555,34.165863,-7.565020279557295
2024-07-30 09:30:00,23.83784108333333,21.996727066666665,21.455826,-2.382015277669268
2024-07-30 10:00:00,-7.0658049,-2.44766165,4.956132,12.021936835119629
2024-07-30 10:30:00,-29.55363663333333,-22.88156168333333,-11.496398,18.057238661226396
2024-07-30 11:00:00,-44.80353888333334,-49.36463658333333,-29.013763,15.789775455598964
2024-07-30 11:30:00,-54.3674983,-63.51990610000001,-41.99733,12.370168588085939
2024-07-30 12:00:00,-77.29541056666666,-73.30784043333334,-54.45218,22.843231611588536
2024-07-30 12:30:00,-76.45343281666668,-79.83208166666667,-62.336365,14.117068070572927
2024-07-30 13:00:00,-93.88028276666668,-71.41986896666667,-65.53723,28.34305132135418
2024-07-30 13:30:00,-99.8153039,-65.7837795,-63.78032,36.034984686132816
2024-07-30 14:00:00,-90.01088668333334,-61.03446055,-57.476746,32.53414107786459
2024-07-30 14:30:00,-80.19230331666667,-55.16158613333334,-47.929367,32.26293625123698
2024-07-30 15:00:00,-62.65822790000001,-34.3012028,-36.10144,26.556787470312507
2024-07-30 15:30:00,-36.66219065,0.1857471999999997,-20.752716,15.909474585546874
2024-07-30 16:00:00,-13.8607743,12.213134916666666,-6.3790426,7.481731674572753
2024-07-30 16:30:00,5.250833883333333,31.00777821666667,6.6624613,1.4116273974894211
2024-07-30 17:00:00,15.393736266666666,39.6071255,19.554321,4.160585022395834
2024-07-30 17:30:00,11.72982655,34.19051885,29.860611,18.130784411914064
2024-07-30 18:00:00,22.034745450000003,37.325485533333335,37.425262,15.390517001171872
2024-07-30 18:30:00,34.121796833333335,40.09793491666667,42.42244,8.300642741861978
2024-07-30 19:00:00,39.06718058333333,42.934802133333335,46.636047,7.568866779947918
2024-07-30 19:30:00,40.731087800000005,54.47421728333333,45.893265,5.162176970507808
2024-07-30 20:00:00,52.4666173,53.7983023,43.69133,-8.775287343945315
2024-07-30 20:30:00,49.11611046666667,63.62096173333333,44.215424,-4.900686882682294
2024-07-30 21:00:00,54.44286655,59.2200739,44.22029,-10.222575412304685
2024-07-30 21:30:00,48.49326438333333,49.5735135,44.80078,-3.692483133333333
2024-07-30 22:00:00,44.280661,48.23660446666667,45.51364,1.232980357421873
2024-07-30 22:30:00,41.71182666666667,41.1482476,44.056274,2.344447747395833
2024-07-30 23:00:00,40.76369116666667,39.0426806,42.067657,1.3039663040364573
2024-07-30 23:30:00,47.921794983333335,40.07043053333334,40.820145,-7.1016503300130225
2024-07-31 00:00:00,45.77189225,40.8064949,39.601852,-6.170039833007813
2024-07-31 00:30:00,40.03168801666666,39.9318961,35.768585,-4.2631028115885385
2024-07-31 01:00:00,36.23328403333333,33.72894096666666,34.88202,-1.3512649903645766
2024-07-31 01:30:00,30.534386100000003,33.3897778,33.589264,3.0548778160156225
2024-07-31 02:00:00,29.952438850000004,31.913323833333333,30.268173,0.3157343677734339
2024-07-31 02:30:00,35.34407503333333,35.117535016666665,30.315796,-5.028279134895833
2024-07-31 03:00:00,32.27037438333333,32.850528833333335,29.150696,-3.1196785825520834
2024-07-31 03:30:00,31.125591733333334,30.524227766666662,30.585205,-0.5403866552083336
2024-07-31 04:00:00,34.66617711666667,30.68132385,31.99881,-2.667367302213542
2024-07-31 04:30:00,35.19720436666667,33.41675228333333,34.827255,-0.36994911764323035
2024-07-31 05:00:00,30.79864926666667,35.535673816666666,38.131454,7.332805201106769
2024-07-31 05:30:00,38.82391668333333,40.3557264,42.76416,3.94024347291667
2024-07-31 06:00:00,48.79177896666667,53.41658615,45.030838,-3.7609409539713567
2024-07-31 06:30:00,46.74237376666667,57.15874005,49.859146,3.1167723514973957
2024-07-31 07:00:00,48.341501566666665,54.88161495,52.640945,4.299443867903648
2024-07-31 07:30:00,43.91469766666666,56.59952896666667,50.742126,6.827428798177088
2024-07-31 08:00:00,41.96857383333333,52.92819266666667,47.9041,5.935524677408857
2024-07-31 08:30:00,30.2986528,61.250694983333325,40.34871,10.050056306445313
2024-07-31 09:00:00,14.624113783333334,41.73088331666667,29.746933,15.122819200065104
2024-07-31 09:30:00,3.2720159333333334,23.83784108333333,16.737686,13.465670223893229
2024-07-31 10:00:00,-8.2658957,-7.0658049,0.62571794,8.89161363794632
2024-07-31 10:30:00,-19.65873958333333,-29.55363663333333,-16.609222,3.049517171223954
2024-07-31 11:00:00,-39.99706116666667,-44.80353888333334,-33.218796,6.778265390299481
2024-07-31 11:30:00,-55.358971,-54.3674983,-46.147552,9.211418509765622
2024-07-31 12:00:00,-65.01761986666666,-77.29541056666666,-60.295044,4.722575921354164
2024-07-31 12:30:00,-72.51504680000001,-76.45343281666668,-67.10632,5.4087235578125075
2024-07-31 13:00:00,-81.67286491666667,-93.88028276666668,-69.85817,11.814695361002606
2024-07-31 13:30:00,-81.34927163333333,-99.8153039,-70.08595,11.263318874544268
2024-07-31 14:00:00,-80.59088181666667,-90.01088668333334,-63.914764,16.67611741236979
2024-07-31 14:30:00,-79.46260548333333,-80.19230331666667,-51.655106,27.80749989251302
2024-07-31 15:00:00,-62.36323386666667,-62.65822790000001,-40.038223,22.325010600065106
2024-07-31 15:30:00,-39.71774776666667,-36.66219065,-26.401535,13.316212732486981
2024-07-31 16:00:00,-21.38180128333333,-13.8607743,-11.713302,9.66849962470296
2024-07-31 16:30:00,2.4717472666666667,5.250833883333333,2.206391,-0.26535617055155436
2024-07-31 17:00:00,23.95049175,15.393736266666666,14.81601,-9.13448127484131
2024-07-31 17:30:00,28.856838383333336,11.72982655,24.250046,-4.606792606966149
2024-07-31 18:00:00,31.64272671666667,22.034745450000003,31.450241,-0.1924856277994813
2024-07-31 18:30:00,41.64037273333333,34.121796833333335,35.941025,-5.699347953059892
2024-07-31 19:00:00,42.77417836666666,39.06718058333333,39.58737,-3.1868065404947856
2024-07-31 19:30:00,51.44787446666667,40.731087800000005,39.651794,-11.796080033072919
2024-07-31 20:00:00,49.92595121666667,52.4666173,39.65822,-10.267732832877606
2024-07-31 20:30:00,58.372444,49.11611046666667,41.395523,-16.97692092871094
2024-07-31 21:00:00,56.7371961,54.44286655,42.516953,-14.220243585351561
2024-07-31 21:30:00,48.36470036666666,48.49326438333333,43.578415,-4.786285449674473
2024-07-31 22:00:00,47.49519236666666,44.280661,44.021408,-3.47378428561197
2024-07-31 22:30:00,46.09693333333333,41.71182666666667,43.514984,-2.5819492024739574
2024-07-31 23:00:00,48.12453391666667,40.76369116666667,42.146927,-5.9776070367838585
2024-07-31 23:30:00,51.29497723333333,47.921794983333335,41.35762,-9.937356994075515
2024-08-01 00:00:00,48.24451281666666,45.77189225,40.28044,-7.964071532486976
2024-08-01 00:30:00,44.50464058333333,40.03168801666666,39.070328,-5.434312824544264
2024-08-01 01:00:00,51.5951651,36.23328403333333,38.345108,-13.25005706777344
2024-08-01 01:30:00,42.44424765,30.534386100000003,35.267334,-7.176913665625001
2024-08-01 02:00:00,33.23684381666667,29.952438850000004,31.828354,-1.4084899348307331
2024-08-01 02:30:00,35.1405556,35.34407503333333,31.485016,-3.655539730859374
2024-08-01 03:00:00,30.193439366666667,32.27037438333333,32.11107,1.917629358919271
2024-08-01 03:30:00,30.654815683333336,31.125591733333334,32.133163,1.4783477688151017
2024-08-01 04:00:00,34.863956116666664,34.66617711666667,33.91957,-0.9443851938151013
2024-08-01 04:30:00,31.715835,35.19720436666667,36.913834,5.197998618164064
2024-08-01 05:00:00,32.186534916666666,30.79864926666667,40.6167,8.430164302083334
2024-08-01 05:30:00,34.91321215,38.82391668333333,45.5739,10.660686165429688
2024-08-01 06:00:00,43.55750046666666,48.79177896666667,48.817627,5.26012648645834
2024-08-01 06:30:00,54.18513778333334,46.74237376666667,51.69223,-2.4929075587239637
2024-08-01 07:00:00,65.30969265,48.341501566666665,51.00412,-14.305572776953127
2024-08-01 07:30:00,55.19265501666667,43.91469766666666,47.998962,-7.19369261432292
2024-08-01 08:00:00,40.86100221666667,41.96857383333333,44.22574,3.3647363087239555
2024-08-01 08:30:00,24.75633613333333,30.2986528,36.042007,11.285671312955731
2024-08-01 09:00:00,15.48614545,14.624113783333334,25.904068,10.417922543164062
2024-08-01 09:30:00,12.3308311,3.2720159333333334,11.559648,-0.7711835398803704
2024-08-01 10:00:00,-13.06164945,-8.2658957,-4.926238,8.135411390002442
2024-08-01 10:30:00,-36.32259295,-19.65873958333333,-22.021606,14.3009865046875
2024-08-01 11:00:00,-64.303236,-39.99706116666667,-39.044006,25.25922965234375
2024-08-01 11:30:00,-79.30643165,-55.358971,-53.354126,25.952305673437493
2024-08-01 12:00:00,-89.52635665000001,-65.01761986666666,-62.76317,26.763188315039073
2024-08-01 12:30:00,-87.61472739999999,-72.51504680000001,-70.818405,16.796322248632805
2024-08-01 13:00:00,-84.50761178333333,-81.67286491666667,-76.368835,8.138776334114581
2024-08-01 13:30:00,-75.01113676666667,-81.34927163333333,-73.584366,1.4267709219401041
2024-08-01 14:00:00,-72.87219336666666,-80.59088181666667,-67.71738,5.154816657682289
2024-08-01 14:30:00,-62.8942661,-79.46260548333333,-56.089737,6.8045291615234405
2024-08-01 15:00:00,-54.53083215,-62.36323386666667,-44.40686,10.123971798437502
2024-08-01 15:30:00,-36.5240611,-39.71774776666667,-32.879883,3.6441782874999973
2024-08-01 16:00:00,-7.724783883333334,-21.38180128333333,-17.114273,-9.389489187955729
2024-08-01 16:30:00,9.6978007,2.4717472666666667,-3.9155266,-13.613327328494263
2024-08-01 17:00:00,22.238729,23.95049175,10.708802,-11.529926776794433
2024-08-01 17:30:00,25.708002616666665,28.856838383333336,22.007889,-3.7001138227213524
2024-08-01 18:00:00,27.1997606,31.64272671666667,31.623505,4.423744038671874
2024-08-01 18:30:00,31.86020988333333,41.64037273333333,39.462128,7.601917802213546
2024-08-01 19:00:00,36.90220571666666,42.77417836666666,42.440887,5.538681734505218
2024-08-01 19:30:00,49.48353665,51.44787446666667,44.61084,-4.872696806249998
2024-08-01 20:00:00,51.4474611,49.92595121666667,44.19818,-7.249279947656248
2024-08-01 20:30:00,41.49602168333333,58.372444,45.23625,3.7402301477213555
2024-08-01 21:00:00,47.3602677,56.7371961,45.117203,-2.243064941210939
2024-08-01 21:30:00,46.94515723333333,48.36470036666666,44.19719,-2.7479679022786456
2024-08-01 22:00:00,43.98328716666666,47.49519236666666,44.627518,0.6442305335286491
2024-08-01 22:30:00,38.2811706,46.09693333333333,44.222015,5.940844780859372
2024-08-01 23:00:00,39.98670503333333,48.12453391666667,42.042633,2.0559280233072954
2024-08-01 23:30:00,45.82760668333333,51.29497723333333,41.565964,-4.261642938216141
2024-08-02 00:00:00,45.826853400000005,48.24451281666666,40.565155,-5.2616983707031295
2024-08-02 00:30:00,47.48795095,44.50464058333333,36.88257,-10.605382590624998
2024-08-02 01:00:00,51.79909336666668,51.5951651,37.270767,-14.52832615475262
2024-08-02 01:30:00,47.374291633333335,42.44424765,34.943024,-12.43126795169271
2024-08-02 02:00:00,41.40107928333333,33.23684381666667,32.74272,-8.658357725716144
2024-08-02 02:30:00,46.90300116666666,35.1405556,31.383743,-15.51925788053385
2024-08-02 03:00:00,39.18579605,30.193439366666667,30.711899,-8.473897246289063
2024-08-02 03:30:00,40.85420391666667,30.654815683333336,30.928894,-9.92530987369792
2024-08-02 04:00:00,39.4263118,34.863956116666664,32.598923,-6.827389070507813
2024-08-02 04:30:00,42.835246133333335,31.715835,36.455048,-6.38019852591146
2024-08-02 05:00:00,39.87050606666666,32.186534916666666,40.39714,0.5266344362630306
2024-08-02 05:30:00,37.468387666666665,34.91321215,43.698242,6.229854520833335
2024-08-02 06:00:00,46.459765633333326,43.55750046666666,46.570953,0.1111877358072988
2024-08-02 06:30:00,50.43813823333334,54.18513778333334,50.08127,-0.35686992278646557
2024-08-02 07:00:00,50.75762946666666,65.30969265,51.356537,0.598907398567718
2024-08-02 07:30:00,47.54864448333333,55.19265501666667,50.059647,2.511002123111986
2024-08-02 08:00:00,30.53121278333333,40.86100221666667,45.69832,15.167105698111982
2024-08-02 08:30:00,19.358366083333333,24.75633613333333,36.836563,17.47819702701823
2024-08-02 09:00:00,9.78610285,15.48614545,25.013306,15.2272028140625
2024-08-02 09:30:00,-4.759141083333334,12.3308311,10.564881,15.3240224081014
2024-08-02 10:00:00,-17.774722316666665,-13.06164945,-5.358886,12.415836551590981
2024-08-02 10:30:00,-33.37624121666666,-36.32259295,-23.022293,10.353948125846351
2024-08-02 11:00:00,-46.65156388333333,-64.303236,-41.36931,5.282255411653644
2024-08-02 11:30:00,-65.63234393333333,-79.30643165,-54.351624,11.280720398177081
2024-08-02 12:00:00,-64.93851604999999,-89.52635665000001,-66.629395,-1.6908784812500102
2024-08-02 12:30:00,-64.27113893333333,-87.61472739999999,-73.823364,-9.552225324479167
2024-08-02 13:00:00,-67.91270265,-84.50761178333333,-77.98343,-10.070726305078125
2024-08-02 13:30:00,-51.621691166666665,-75.01113676666667,-75.473404,-23.851712763997398
2024-08-02 14:00:00,-42.46625393333333,-72.87219336666666,-69.861084,-27.394830051041673
2024-08-02 14:30:00,-40.62286015,-62.8942661,-58.06775,-17.4448888734375
2024-08-02 15:00:00,-23.57303275,-54.53083215,-44.588303,-21.015269862304688
2024-08-02 15:30:00,-9.919437933333333,-36.5240611,-27.811462,-17.892024469010416
2024-08-02 16:00:00,4.329038933333334,-7.724783883333334,-12.458663,-16.787701920088704
2024-08-02 16:30:00,13.102578483333332,9.6978007,-0.0013419725,-13.103920455833418
2024-08-02 17:00:00,17.33358215,22.238729,11.903047,-5.43053554202881
2024-08-02 17:30:00,20.481926066666663,25.708002616666665,22.054626,1.572700398177087
2024-08-02 18:00:00,29.933513833333336,27.1997606,30.009995,0.07648067350260135
2024-08-02 18:30:00,32.12138996666667,31.86020988333333,37.62822,5.506829637825518
2024-08-02 19:00:00,36.37734723333333,36.90220571666666,41.639114,5.261767146549481
2024-08-02 19:30:00,45.13844606666667,49.48353665,44.304108,-0.8343384006510419
2024-08-02 20:00:00,40.4675427,51.4474611,45.735107,5.267564721874997
2024-08-02 20:30:00,41.83272766666666,41.49602168333333,44.376175,2.543447260091149
2024-08-02 21:00:00,36.64403173333333,47.3602677,44.31151,7.667476445377609
2024-08-02 21:30:00,38.22354558333333,46.94515723333333,44.129547,5.906001535807292
2024-08-02 22:00:00,43.824600583333336,43.98328716666666,45.357635,1.5330349147135394
2024-08-02 22:30:00,36.239112133333336,38.2811706,44.67813,8.439018970182289
2024-08-02 23:00:00,40.433591150000005,39.98670503333333,42.2408,1.8072078001953074
2024-08-02 23:30:00,39.25154995,45.82760668333333,40.55449,1.30293918574219
2024-08-03 00:00:00,38.944983416666666,45.826853400000005,38.40854,-0.5364445983072912
2024-08-03 00:30:00,33.40798288333334,47.48795095,36.714325,3.3063420678385356
2024-08-03 01:00:00,32.627069866666666,51.79909336666668,37.277023,4.649953448763021
2024-08-03 01:30:00,33.5116016,47.374291633333335,36.59709,3.0854900748046887
2024-08-03 02:00:00,30.674119266666665,41.40107928333333,35.622787,4.948668208919273
2024-08-03 02:30:00,30.292641016666668,46.90300116666666,34.378464,4.08582272845052
2024-08-03 03:00:00,28.365128866666662,39.18579605,33.239838,4.874708779817713
2024-08-03 03:30:00,26.55642823333333,40.85420391666667,33.874084,7.317656239322918
2024-08-03 04:00:00,30.73120448333333,39.4263118,35.084625,4.353420760807296
2024-08-03 04:30:00,28.92369718333333,42.835246133333335,37.433563,8.509866049088544
2024-08-03 05:00:00,28.33002493333333,39.87050606666666,39.395065,11.065040374283857
2024-08-03 05:30:00,31.647106216666668,37.468387666666665,40.667435,9.020328475716145
2024-08-03 06:00:00,42.56460813333333,46.459765633333326,44.684387,2.11977907369792
2024-08-03 06:30:00,49.11744461666667,50.43813823333334,48.602875,-0.514569860807292
2024-08-03 07:00:00,44.788147316666674,50.75762946666666,49.740143,4.951995505598951
2024-08-03 07:30:00,43.90268725000001,47.54864448333333,48.8609,4.958213628906243
2024-08-03 08:00:00,31.16976598333333,30.53121278333333,42.24005,11.070285286197919
2024-08-03 08:30:00,24.044106666666668,19.358366083333333,31.863007,7.818899925130207
2024-08-03 09:00:00,21.0253046,9.78610285,19.052994,-1.9723108255859358
2024-08-03 09:30:00,16.916188333333334,-4.759141083333334,4.0276804,-12.888507936299643
2024-08-03 10:00:00,14.082102833333332,-17.774722316666665,-12.347045,-26.429147778096514
2024-08-03 10:30:00,2.2697072500000006,-33.37624121666666,-30.23294,-32.50264792382813
2024-08-03 11:00:00,-19.603354,-46.65156388333333,-47.638382,-28.035027958007813
2024-08-03 11:30:00,-44.834017683333336,-65.63234393333333,-62.789,-17.954983781510414
2024-08-03 12:00:00,-66.61435505,-64.93851604999999,-73.75232,-7.1379642859375
2024-08-03 12:30:00,-82.26741996666667,-64.27113893333333,-80.24637,2.0210515584635402
2024-08-03 13:00:00,-92.45161895,-67.91270265,-81.59743,10.854191581835934
2024-08-03 13:30:00,-83.28643936666667,-51.621691166666665,-77.68883,5.5976118520182325
2024-08-03 14:00:00,-80.28338271666667,-42.46625393333333,-69.769684,10.51369887877604
2024-08-03 14:30:00,-75.34090880000001,-40.62286015,-55.918686,19.42222288691407
2024-08-03 15:00:00,-56.9555955,-23.57303275,-40.022217,16.933378703125
2024-08-03 15:30:00,-43.5860183,-9.919437933333333,-22.625076,20.960942006054687
2024-08-03 16:00:00,-16.854152683333332,4.329038933333334,-6.6060476,10.248105053023274
2024-08-03 16:30:00,6.250951100000001,13.102578483333332,6.3370523,0.08610124527587804
2024-08-03 17:00:00,13.261801133333334,17.33358215,17.26471,4.002908339322916
2024-08-03 17:30:00,23.2754745,20.481926066666663,24.309708,1.034233141601561
2024-08-03 18:00:00,22.3063954,29.933513833333336,31.894547,9.588151108789063
2024-08-03 18:30:00,32.75101561666667,32.12138996666667,37.374786,4.623770760286455
2024-08-03 19:00:00,45.9751239,36.37734723333333,40.6147,-5.360423582617187
2024-08-03 19:30:00,51.17967,45.13844606666667,43.539978,-7.6396919726562516
2024-08-03 20:00:00,48.56091383333333,40.4675427,42.395615,-6.165299209309893
2024-08-03 20:30:00,58.8196724,41.83272766666666,41.757828,-17.06184464121094
2024-08-03 21:00:00,52.93592786666667,36.64403173333333,43.4991,-9.436828135221354
2024-08-03 21:30:00,60.69214785,38.22354558333333,43.742462,-16.949685691796873
2024-08-03 22:00:00,54.55088883333334,43.824600583333336,44.352676,-10.198212441731776
2024-08-03 22:30:00,52.14317043333333,36.239112133333336,45.72203,-6.421139793684894
2024-08-03 23:00:00,47.67918506666666,40.433591150000005,44.311417,-3.3677684406900994
2024-08-03 23:30:00,47.324368416666665,39.25154995,43.232834,-4.091534554361978
2024-08-04 00:00:00,45.15150883333334,38.944983416666666,40.473236,-4.678272749348963
2024-08-04 00:30:00,42.58606498333334,33.40798288333334,37.744095,-4.841970134700524
2024-08-04 01:00:00,45.90996211666667,32.627069866666666,36.724976,-9.18498653072917
2024-08-04 01:30:00,48.898395,33.5116016,35.00438,-13.894015727539063
2024-08-04 02:00:00,41.47767285,30.674119266666665,35.209167,-6.268505369531248
2024-08-04 02:30:00,41.311447316666666,30.292641016666668,33.76706,-7.544387990494791
2024-08-04 03:00:00,37.48834615,28.365128866666662,33.11891,-4.369434406835936
2024-08-04 03:30:00,36.92876616666666,26.55642823333333,33.697388,-3.2313784713541622
2024-08-04 04:00:00,40.483041066666665,30.73120448333333,33.48964,-6.993401784440103
2024-08-04 04:30:00,37.25557223333333,28.92369718333333,36.04062,-1.2149533368489571
2024-08-04 05:00:00,42.703353883333335,28.33002493333333,36.6808,-6.022552491731773
2024-08-04 05:30:00,35.85538725,31.647106216666668,37.832703,1.9773153867187503
2024-08-04 06:00:00,41.82979665,42.56460813333333,43.026077,1.1962806205078138
2024-08-04 06:30:00,42.625150483333336,49.11744461666667,47.183,4.557848173893227
2024-08-04 07:00:00,44.707873766666665,44.788147316666674,48.11885,3.410976941341147
2024-08-04 07:30:00,42.92721326666666,43.90268725000001,46.254883,3.327669545833338
2024-08-04 08:00:00,48.786037316666665,31.16976598333333,40.546356,-8.23968111549479
2024-08-04 08:30:00,36.797767283333336,24.044106666666668,31.314438,-5.483329417122398
2024-08-04 09:00:00,37.007685566666666,21.0253046,21.790192,-15.217493916276041
2024-08-04 09:30:00,14.515654983333334,16.916188333333334,8.331452,-6.184202613643393
2024-08-04 10:00:00,-8.296446466666666,14.082102833333332,-6.3297873,1.9666592123331696
2024-08-04 10:30:00,-25.353967816666664,2.2697072500000006,-22.195206,3.1587621281901015
2024-08-04 11:00:00,-33.56688891666667,-19.603354,-37.048645,-3.48175610286458
2024-08-04 11:30:00,-54.22110628333333,-44.834017683333336,-50.794525,3.4265811368489523
2024-08-04 12:00:00,-49.90681783333333,-66.61435505,-61.66255,-11.755734046549485
2024-08-04 12:30:00,-44.35950331666667,-82.26741996666667,-68.704544,-24.345040750716144
2024-08-04 13:00:00,-46.62536835,-92.45161895,-73.76239,-27.137021786718748
2024-08-04 13:30:00,-39.51839995,-83.28643936666667,-74.265945,-34.74754548457031
2024-08-04 14:00:00,-31.11071718333333,-80.28338271666667,-68.09367,-36.98295652272136
2024-08-04 14:30:00,-26.974881116666666,-75.34090880000001,-55.917297,-28.942416246614584
2024-08-04 15:00:00,-24.13498841666667,-56.9555955,-43.64839,-19.513403306966143
2024-08-04 15:30:00,-20.57817,-43.5860183,-28.343994,-7.765824140625
2024-08-04 16:00:00,9.01704565,-16.854152683333332,-12.967284,-21.984329852575684
2024-08-04 16:30:00,17.7592956,6.250951100000001,1.3519906,-16.407305019441225
2024-08-04 17:00:00,22.17586113333333,13.261801133333334,13.002458,-9.173403514619952
2024-08-04 17:30:00,30.3376644,23.2754745,23.808716,-6.528948579687501
2024-08-04 18:00:00,37.27359885,22.3063954,31.171066,-6.102532565820312
2024-08-04 18:30:00,35.74038503333333,32.75101561666667,37.71028,1.9698963387369801
2024-08-04 19:00:00,48.132518366666666,45.9751239,42.88539,-5.2471271313151036
2024-08-04 19:30:00,49.39354273333333,51.17967,44.967773,-4.425769295833327
2024-08-04 20:00:00,53.537195016666665,48.56091383333333,43.751846,-9.785348703190103
2024-08-04 20:30:00,57.18571333333333,58.8196724,45.47142,-11.714293045247395
2024-08-04 21:00:00,54.080448233333335,52.93592786666667,44.02681,-10.053638540950523
2024-08-04 21:30:00,52.3508773,60.69214785,45.55925,-6.791627422070313
2024-08-04 22:00:00,46.0869571,54.55088883333334,48.1548,2.067843315039063
2024-08-04 22:30:00,40.31665215,52.14317043333333,48.946014,8.629362254296872
2024-08-04 23:00:00,48.05913653333334,47.67918506666666,46.96341,-1.0957271095052121
2024-08-04 23:30:00,43.37501004999999,47.324368416666665,45.707993,2.3329825037109444
2024-08-05 00:00:00,42.7416623,45.15150883333334,42.304626,-0.43703583515625155
2024-08-05 00:30:00,39.27134945,42.58606498333334,39.19075,-0.08059932792968993
2024-08-05 01:00:00,33.74953223333333,45.90996211666667,37.575027,3.825495232486979
2024-08-05 01:30:00,34.86119996666667,48.898395,35.261246,0.40004576087239485
2024-08-05 02:00:00,31.79689441666667,41.47767285,34.62729,2.830394401692704
2024-08-05 02:30:00,35.68774096666667,41.311447316666666,33.965256,-1.722485229361979
2024-08-05 03:00:00,25.1265239,37.48834615,33.97226,8.845735621484376
2024-08-05 03:30:00,26.309677283333333,36.92876616666666,35.131805,8.822128136588542
2024-08-05 04:00:00,31.42469948333333,40.483041066666665,35.41986,3.995161356510419
2024-08-05 04:30:00,27.23926008333333,37.25557223333333,36.65428,9.415021532877606
2024-08-05 05:00:00,28.9962867,42.703353883333335,42.188583,13.192296674023439
2024-08-05 05:30:00,28.849420533333333,35.85538725,44.00235,15.152929320182292
2024-08-05 06:00:00,42.7585939,41.82979665,47.678116,4.9195219447265615
2024-08-05 06:30:00,41.55730995,42.625150483333336,49.64122,8.08391014277344
2024-08-05 07:00:00,42.15770843333333,44.707873766666665,49.865784,7.708075258072917
2024-08-05 07:30:00,45.748974366666666,42.92721326666666,46.817062,1.068088011263022
2024-08-05 08:00:00,43.50659735,48.786037316666665,43.009552,-0.49704534804687484
2024-08-05 08:30:00,41.16164385,36.797767283333336,35.25609,-5.90555559316406
2024-08-05 09:00:00,35.67828503333333,37.007685566666666,24.995163,-10.683122069466144
2024-08-05 09:30:00,30.01850573333333,14.515654983333334,10.712678,-19.30582777770589
2024-08-05 10:00:00,13.907228266666666,-8.296446466666666,-5.0604696,-18.967697894047035
2024-08-05 10:30:00,12.944678316666668,-25.353967816666664,-22.818268,-35.76294613893229
2024-08-05 11:00:00,3.1555349833333337,-33.56688891666667,-38.76262,-41.91815400188802
2024-08-05 11:30:00,-4.6368911,-54.22110628333333,-51.50467,-46.867778089453125
2024-08-05 12:00:00,-15.904726183333333,-49.90681783333333,-65.129,-49.224271619401044
2024-08-05 12:30:00,-35.17339105,-44.35950331666667,-69.27554,-34.102152162890626
2024-08-05 13:00:00,-41.34944273333333,-46.62536835,-72.91322,-31.56378053326823
2024-08-05 13:30:00,-47.01626721666667,-39.51839995,-70.48067,-23.464399897591143
2024-08-05 14:00:00,-46.21660895,-31.11071718333333,-62.19232,-15.975712827343749
2024-08-05 14:30:00,-44.50625666666667,-26.974881116666666,-50.101425,-5.595168504231765
2024-08-05 15:00:00,-44.8287502,-24.13498841666667,-37.150574,7.678176469531252
2024-08-05 15:30:00,-24.741882716666662,-20.57817,-20.67752,4.064361964713537
2024-08-05 16:00:00,-19.450691266666663,9.01704565,-6.3821096,13.068581624637854
2024-08-05 16:30:00,12.027198883333332,17.7592956,6.9196634,-5.107535454073078
2024-08-05 17:00:00,24.22603886666667,22.17586113333333,19.713837,-4.512202196744795
2024-08-05 17:30:00,34.7934845,30.3376644,29.57106,-5.222424319335936
2024-08-05 18:00:00,35.2414829,37.27359885,38.492416,3.2509334818359363
2024-08-05 18:30:00,41.69840331666666,35.74038503333333,43.30867,1.610266727278649
2024-08-05 19:00:00,52.12047283333334,48.132518366666666,47.770905,-4.349568292317713
2024-08-05 19:30:00,62.81345775,49.39354273333333,48.962875,-13.85058238378906
2024-08-05 20:00:00,67.46723793333334,53.537195016666665,50.083878,-17.383360369856774
2024-08-05 20:30:00,59.44562463333333,57.18571333333333,50.404877,-9.040747924348956
2024-08-05 21:00:00,55.07828513333334,54.080448233333335,49.77484,-5.303443824739588
2024-08-05 21:30:00,53.43202061666667,52.3508773,48.81897,-4.613050890104169
2024-08-05 22:00:00,49.41209175,46.0869571,48.414383,-0.9977088154296894
2024-08-05 22:30:00,44.56318553333333,40.31665215,45.578873,1.0156871473307305
2024-08-05 23:00:00,43.3774478,48.05913653333334,45.330368,1.9529202419921887
2024-08-05 23:30:00,40.23793776666667,43.37501004999999,43.888275,3.6503373798177066
2024-08-06 00:00:00,45.84774723333334,42.7416623,41.898376,-3.9493707684895867
2024-08-06 00:30:00,43.3280839,39.27134945,41.082993,-2.2450913462890654
2024-08-06 01:00:00,40.75439343333333,33.74953223333333,38.76155,-1.9928425300130144
2024-08-06 01:30:00,36.91065995,34.86119996666667,36.520874,-0.389785926562503
2024-08-06 02:00:00,38.32287886666666,31.79689441666667,34.637756,-3.685122519010413
2024-08-06 02:30:00,36.47843003333333,35.68774096666667,32.167572,-4.310858011848957
2024-08-06 03:00:00,34.54351005,25.1265239,31.20195,-3.3415599767578144
2024-08-06 03:30:00,35.34868771666667,26.309677283333333,31.748764,-3.59992367858073
2024-08-06 04:00:00,39.11641488333333,31.42469948333333,31.873642,-7.24277291555989
2024-08-06 04:30:00,40.76003721666667,27.23926008333333,35.53444,-5.225598129752605
2024-08-06 05:00:00,36.12722166666666,28.9962867,36.604996,0.4777740608724059
2024-08-06 05:30:00,38.334619966666665,28.849420533333333,39.507416,1.17279580481771
2024-08-06 06:00:00,45.13305449999999,42.7585939,43.143494,-1.989560847656243
2024-08-06 06:30:00,51.07234956666667,41.55730995,47.771896,-3.300453204361979
2024-08-06 07:00:00,48.82046436666667,42.15770843333333,49.858078,1.0376136362630177
2024-08-06 07:30:00,55.55419388333333,45.748974366666666,49.351913,-6.202280431184896
2024-08-06 08:00:00,53.51063941666666,43.50659735,44.644073,-8.866565930338538
2024-08-06 08:30:00,35.908803516666666,41.16164385,36.182404,0.2736000477864593
2024-08-06 09:00:00,17.34613888333333,35.67828503333333,26.35228,9.006140779752606
2024-08-06 09:30:00,1.4951822166666673,30.01850573333333,11.696763,10.201580821968587
2024-08-06 10:00:00,-21.17781625,13.907228266666666,-2.7105553,18.4672609349823
2024-08-06 10:30:00,-36.64087115,12.944678316666668,-18.756271,17.884599787695315
2024-08-06 11:00:00,-60.78895245,3.1555349833333337,-32.16954,28.61941204472656
2024-08-06 11:30:00,-81.44436215,-4.6368911,-44.073868,37.37049435214844
2024-08-06 12:00:00,-84.6885634,-15.904726183333333,-53.57083,31.11773210117188
2024-08-06 12:30:00,-91.62738605,-35.17339105,-57.89447,33.73291583515625
2024-08-06 13:00:00,-101.98270835,-41.34944273333333,-59.284775,42.69793356972656
2024-08-06 13:30:00,-93.17466325,-47.01626721666667,-58.594513,34.58015031054687
2024-08-06 14:00:00,-84.39581665,-46.21660895,-51.268982,33.12683471640625
2024-08-06 14:30:00,-81.31535889999999,-44.50625666666667,-40.288956,41.02640321152343
2024-08-06 15:00:00,-60.23181156666666,-44.8287502,-28.382538,31.849273724869782
2024-08-06 15:30:00,-42.77212565,-24.741882716666662,-18.148712,24.623413491796875
2024-08-06 16:00:00,-21.42659165,-19.450691266666663,-6.826934,14.59965778922119
2024-08-06 16:30:00,0.9578819666666664,12.027198883333332,5.8293924,4.871510466499838
2024-08-06 17:00:00,6.2052962,24.22603886666667,16.40335,10.198054630078126
2024-08-06 17:30:00,18.63172558333333,34.7934845,27.761032,9.129306521158856
2024-08-06 18:00:00,22.708147683333333,35.2414829,35.636383,12.928235373307292
2024-08-06 18:30:00,28.226889966666665,41.69840331666666,41.178894,12.952004076302085
2024-08-06 19:00:00,26.953614266666666,52.12047283333334,45.239975,18.286360708919272
2024-08-06 19:30:00,41.41855953333334,62.81345775,49.789124,8.370564001822913
2024-08-06 20:00:00,44.80251613333333,67.46723793333334,50.818756,6.016239970182298
2024-08-06 20:30:00,46.47324006666667,59.44562463333333,51.66252,5.189281295638018
2024-08-06 21:00:00,48.538532233333335,55.07828513333334,49.140686,0.6021538018229151
2024-08-06 21:30:00,48.58008661666667,53.43202061666667,50.022232,1.4421454389973931
2024-08-06 22:00:00,46.26073835,49.41209175,49.18814,2.927402519140628
2024-08-06 22:30:00,43.94648003333333,44.56318553333333,48.563095,4.616615059440107
2024-08-06 23:00:00,47.22423228333333,43.3774478,47.70105,0.476817521354171
2024-08-06 23:30:00,34.7633361,40.23793776666667,45.613342,10.850006185156253
2024-08-07 00:00:00,33.80908555,45.84774723333334,42.97612,9.167034445117189
2024-08-07 00:30:00,32.21104811666667,43.3280839,40.389984,8.178936014192708
2024-08-07 01:00:00,31.97948716666667,40.75439343333333,37.701767,5.722279801106769
2024-08-07 01:30:00,27.28586945,36.91065995,36.6221,9.336231380078125
2024-08-07 02:00:00,26.03941215,38.32287886666666,34.059036,8.019624104882812
2024-08-07 02:30:00,29.93356375,36.47843003333333,33.246307,3.312743623046874
2024-08-07 03:00:00,28.579843316666665,34.54351005,32.457535,3.8776914733723977
2024-08-07 03:30:00,33.049818916666666,35.34868771666667,32.340652,-0.7091664508463538
2024-08-07 04:00:00,32.2614766,39.11641488333333,35.207413,2.9459361197265608
2024-08-07 04:30:00,31.26709381666667,40.76003721666667,36.902298,5.635204156966143
2024-08-07 05:00:00,29.64666993333333,36.12722166666666,37.49292,7.846249988541668
2024-08-07 05:30:00,33.254674,38.334619966666665,41.91591,8.661234813476561
2024-08-07 06:00:00,37.4819267,45.13305449999999,47.900574,10.418647030468748
2024-08-07 06:30:00,45.14800215,51.07234956666667,51.9366,6.788597581445309
2024-08-07 07:00:00,55.59369948333333,48.82046436666667,52.062088,-3.531611470638019
2024-08-07 07:30:00,53.78235943333333,55.55419388333333,50.876328,-2.9060319186848957
2024-08-07 08:00:00,44.926728716666666,53.51063941666666,47.19101,2.2642808048177088
2024-08-07 08:30:00,29.03613335,35.908803516666666,39.07231,10.036178051367187
2024-08-07 09:00:00,8.038317350000002,17.34613888333333,28.766632,20.728314730078125
2024-08-07 09:30:00,-9.33303995,1.4951822166666673,15.416673,24.749712656604004
2024-08-07 10:00:00,-26.66389035,-21.17781625,0.28622517,26.95011551989708
2024-08-07 10:30:00,-42.6913095,-36.64087115,-16.545944,26.145365286132815
2024-08-07 11:00:00,-64.14195943333333,-60.78895245,-32.63031,31.511649374739577
2024-08-07 11:30:00,-84.89634235,-81.44436215,-46.643417,38.25292499160156
2024-08-07 12:00:00,-95.51583115,-84.6885634,-58.74179,36.77404037851562
2024-08-07 12:30:00,-103.40746331666666,-91.62738605,-67.30539,36.10207391236979
2024-08-07 13:00:00,-111.55153448333334,-101.98270835,-71.547226,40.004308531184904
2024-08-07 13:30:00,-109.71292891666668,-93.17466325,-71.759674,37.95325484440106
2024-08-07 14:00:00,-98.99402555,-84.39581665,-65.85277,33.141257605664066
2024-08-07 14:30:00,-91.6443722,-81.31535889999999,-57.186523,34.45784876250001
2024-08-07 15:00:00,-72.81220168333333,-60.23181156666666,-46.08632,26.725882713606765
2024-08-07 15:30:00,-50.23438766666666,-42.77212565,-31.339783,18.894604951822913
2024-08-07 16:00:00,-24.5443556,-21.42659165,-15.984023,8.560332505822753
2024-08-07 16:30:00,-4.865197266666667,0.9578819666666664,-0.93833846,3.9268588081286113
2024-08-07 17:00:00,4.74265515,6.2052962,12.448472,7.705816873010254
2024-08-07 17:30:00,8.99408925,18.63172558333333,23.515991,14.5219019609375
2024-08-07 18:00:00,21.86155335,22.708147683333333,34.009933,12.148380121679686
2024-08-07 18:30:00,35.938808816666665,28.226889966666665,40.804855,4.866046530013023
2024-08-07 19:00:00,31.87076216666667,26.953614266666666,45.11702,13.246257486653644
2024-08-07 19:30:00,38.62726876666667,41.41855953333334,46.454147,7.8268785722005205
2024-08-07 20:00:00,42.95277608333333,44.80251613333333,47.57733,4.624555459635417
2024-08-07 20:30:00,51.82537553333333,46.47324006666667,48.500458,-3.324917769661454
2024-08-07 21:00:00,51.02991611666667,48.538532233333335,47.585297,-3.4446194858072943
2024-08-07 21:30:00,52.46078678333333,48.58008661666667,48.883514,-3.577272379036458
2024-08-07 22:00:00,57.7870335,46.26073835,48.079666,-9.707367362304687
2024-08-07 22:30:00,43.04728608333334,43.94648003333333,46.708405,3.661118457682285
2024-08-07 23:00:00,42.39447823333333,47.22423228333333,43.27957,0.8850932998697942
2024-08-07 23:30:00,42.10788401666667,34.7633361,40.63542,-1.472462263736979
2024-08-08 00:00:00,40.3860193,33.80908555,37.94594,-2.4400811896484385
2024-08-08 00:30:00,39.733088783333336,32.21104811666667,35.542267,-4.190821937630211
2024-08-08 01:00:00,39.25619823333333,31.97948716666667,34.690628,-4.5655701815755165
2024-08-08 01:30:00,36.93192071666667,27.28586945,33.445724,-3.4861962293619797
2024-08-08 02:00:00,32.938165000000005,26.03941215,32.723953,-0.21421175292969252
2024-08-08 02:30:00,34.3318844,29.93356375,30.661377,-3.670507446875
2024-08-08 03:00:00,32.11931731666667,28.579843316666665,31.55397,-0.5653469797526043
2024-08-08 03:30:00,32.417621716666666,33.049818916666666,31.541153,-0.8764687625651035
2024-08-08 04:00:00,33.50302501666667,32.2614766,31.777496,-1.725528678776044
2024-08-08 04:30:00,33.99925843333333,31.26709381666667,34.238464,0.2392059221354188
2024-08-08 05:00:00,35.88428818333333,29.64666993333333,36.33455,0.45026076686198024
2024-08-08 05:30:00,32.50773838333333,33.254674,38.26259,5.75485011764323
2024-08-08 06:00:00,40.77214715,37.4819267,41.492157,0.7200098324218729
2024-08-08 06:30:00,45.32161168333334,45.14800215,44.35988,-0.9617331432942748
2024-08-08 07:00:00,55.864669383333336,55.59369948333333,45.979385,-9.885284007356773
2024-08-08 07:30:00,51.95150228333333,53.78235943333333,44.63687,-7.314630945442708
2024-08-08 08:00:00,50.12689893333334,44.926728716666666,41.186264,-8.940634895247399
2024-08-08 08:30:00,24.208041666666663,29.03613335,33.59366,9.385616780598962
2024-08-08 09:00:00,13.310422266666665,8.038317350000002,23.54721,10.23678842669271
2024-08-08 09:30:00,-3.468061,-9.33303995,10.205796,13.673857241760254
2024-08-08 10:00:00,-10.21035825,-26.66389035,-4.0829153,6.127442943908692
2024-08-08 10:30:00,-17.58132386666667,-42.6913095,-24.52069,-6.9393670513020815
2024-08-08 11:00:00,-33.54460556666667,-64.14195943333333,-43.214676,-9.670070336653644
2024-08-08 11:30:00,-46.741496266666665,-84.89634235,-57.73784,-10.996342478450522
2024-08-08 12:00:00,-54.20875325,-95.51583115,-71.043045,-16.83429179394531
2024-08-08 12:30:00,-57.58912171666666,-103.40746331666666,-79.329056,-21.739934069466152
2024-08-08 13:00:00,-62.44914215,-111.55153448333334,-82.08633,-19.637184449121094
2024-08-08 13:30:00,-50.219059416666674,-109.71292891666668,-82.226395,-32.00733523665364
2024-08-08 14:00:00,-41.3451106,-98.99402555,-76.57643,-35.231320674414064
2024-08-08 14:30:00,-43.76517328333333,-91.6443722,-65.03723,-21.272058161979167
2024-08-08 15:00:00,-31.47571566666667,-72.81220168333333,-50.795578,-19.319862336263018
2024-08-08 15:30:00,-15.232145483333332,-50.23438766666666,-33.06494,-17.832795922916667
2024-08-08 16:00:00,5.268866699999999,-24.5443556,-15.40898,-20.67784706956787
2024-08-08 16:30:00,15.570391583333334,-4.865197266666667,-1.0245353,-16.594926881680806
2024-08-08 17:00:00,20.654984966666664,4.74265515,12.546357,-8.108627811820472
2024-08-08 17:30:00,21.66299455,8.99408925,21.408417,-0.2545778019531255
2024-08-08 18:00:00,25.8265723,21.86155335,30.896896,5.070324062304689
2024-08-08 18:30:00,35.37956716666667,35.938808816666665,38.54254,3.162974337239582
2024-08-08 19:00:00,35.7362484,31.87076216666667,42.600677,6.864429090234374
2024-08-08 19:30:00,37.206028233333335,38.62726876666667,45.107986,7.901958216861978
2024-08-08 20:00:00,42.56065606666667,42.95277608333333,44.742416,2.181760315169271
2024-08-08 20:30:00,43.00385121666667,51.82537553333333,44.838455,1.8346039835286447
2024-08-08 21:00:00,42.31182675,51.02991611666667,44.303055,1.991228059570311
2024-08-08 21:30:00,44.539477866666665,52.46078678333333,44.446686,-0.0927920756510403
2024-08-08 22:00:00,49.44046655,57.7870335,44.41768,-5.022787716992184
2024-08-08 22:30:00,44.31466176666667,43.04728608333334,43.44658,-0.8680827871744796
2024-08-08 23:00:00,39.807157833333335,42.39447823333333,41.760056,1.9528977086588526
2024-08-08 23:30:00,37.76437656666667,42.10788401666667,40.446884,2.682507588606768
2024-08-09 00:00:00,38.7325466,40.3860193,40.172104,1.4395572818359383
2024-08-09 00:30:00,30.25905605,39.733088783333336,39.2433,8.98424534160156
2024-08-09 01:00:00,30.108681633333333,39.25619823333333,36.718307,6.609625861783854
2024-08-09 01:30:00,24.74507608333333,36.93192071666667,33.981003,9.235926724283857
2024-08-09 02:00:00,23.35888613333333,32.938165000000005,31.871994,8.513107885221359
2024-08-09 02:30:00,27.34570323333333,34.3318844,31.528397,4.182693373111981
2024-08-09 03:00:00,20.362741566666667,32.11931731666667,31.984116,11.62137403391927
2024-08-09 03:30:00,20.57435343333333,32.417621716666666,32.73706,12.162707113541671
2024-08-09 04:00:00,21.883472666666663,33.50302501666667,34.177734,12.294261708333337
2024-08-09 04:30:00,25.396942183333334,33.99925843333333,37.229996,11.833053544205729
2024-08-09 05:00:00,33.61967175,35.88428818333333,37.709534,4.089861941406248
2024-08-09 05:30:00,31.8762468,32.50773838333333,38.784363,6.9081159929687495
2024-08-09 06:00:00,43.65059013333333,40.77214715,42.669678,-0.9809123989583313
2024-08-09 06:30:00,49.52172008333333,45.32161168333334,43.935654,-5.5860663968098905
2024-08-09 07:00:00,43.19487956666666,55.864669383333336,46.38246,3.1875819811849055
2024-08-09 07:30:00,47.52889006666667,51.95150228333333,43.118195,-4.410695486588544
2024-08-09 08:00:00,36.48289385,50.12689893333334,37.549973,1.067078684179684
2024-08-09 08:30:00,16.460654466666664,24.208041666666663,28.022842,11.562187940559898
2024-08-09 09:00:00,6.313163899999999,13.310422266666665,15.87407,9.560906267541505
2024-08-09 09:30:00,-4.8176911,-3.468061,1.2373055,6.054996621965027
2024-08-09 10:00:00,-24.8554551,-10.21035825,-14.333602,10.52185314840088
2024-08-09 10:30:00,-33.61556893333333,-17.58132386666667,-32.992935,0.622633752669266
2024-08-09 11:00:00,-44.279244616666666,-33.54460556666667,-47.00447,-2.725226208528646
2024-08-09 11:30:00,-65.42002431666667,-46.741496266666665,-60.058167,5.3618578127604195
2024-08-09 12:00:00,-73.9875955,-54.20875325,-70.32962,3.6579751386718726
2024-08-09 12:30:00,-79.26242013333332,-57.58912171666666,-74.29581,4.966613248567697
2024-08-09 13:00:00,-91.97137388333334,-62.44914215,-76.38758,15.583793011751311
2024-08-09 13:30:00,-100.1666517,-50.219059416666674,-75.83582,24.33082864091797
2024-08-09 14:00:00,-85.80038106666666,-41.3451106,-69.27867,16.521709802018222
2024-08-09 14:30:00,-83.50779338333334,-43.76517328333333,-58.891068,24.616725878450524
2024-08-09 15:00:00,-67.68800145,-31.47571566666667,-46.213867,21.4741342625
2024-08-09 15:30:00,-50.91931508333334,-15.232145483333332,-29.960342,20.958972676106775
2024-08-09 16:00:00,-33.31741996666667,5.268866699999999,-13.213088,20.104331931083173
2024-08-09 16:30:00,-15.705374483333337,15.570391583333334,1.3341378,17.03951228068899
2024-08-09 17:00:00,-3.0869948833333325,20.654984966666664,11.476121,14.563115832124836
2024-08-09 17:30:00,0.8048550500000001,21.66299455,22.598663,21.793808280078125
2024-08-09 18:00:00,13.6387839,25.8265723,31.332016,17.693232091210938
2024-08-09 18:30:00,21.6227128,35.37956716666667,37.64035,16.017637541796876
2024-08-09 19:00:00,20.4533664,35.7362484,43.765198,23.31183135390625
2024-08-09 19:30:00,17.50665725,37.206028233333335,45.573837,28.067180030273438
2024-08-09 20:00:00,21.82710213333333,42.56065606666667,45.23729,23.410187295377607
2024-08-09 20:30:00,35.24874236666667,43.00385121666667,44.30829,9.059546207552081
2024-08-09 21:00:00,42.36163243333333,42.31182675,43.450623,1.0889901252604233
2024-08-09 21:30:00,43.78209905,44.539477866666665,43.964905,0.18280573515625065
2024-08-09 22:00:00,47.156334416666674,49.44046655,44.463974,-2.6923604176432363
2024-08-09 22:30:00,39.7408618,44.31466176666667,42.846146,3.105283829882815
2024-08-09 23:00:00,41.33684613333333,39.807157833333335,42.453445,1.116599301236981
2024-08-09 23:30:00,41.93764491666666,37.76437656666667,40.40338,-1.5342635690104132
2024-08-10 00:00:00,36.72876898333333,38.7325466,39.689133,2.9603637070963558
2024-08-10 00:30:00,35.751113350000004,30.25905605,36.994995,1.2438817671874958
2024-08-10 01:00:00,29.40639788333333,30.108681633333333,34.528717,5.122319157682295
2024-08-10 01:30:00,26.264576066666667,24.74507608333333,33.813873,7.549297224348958
2024-08-10 02:00:00,23.88913456666667,23.35888613333333,32.329132,8.439997513411456
2024-08-10 02:30:00,28.19424211666667,27.34570323333333,30.903824,2.709581735872394
2024-08-10 03:00:00,24.765057016666663,20.362741566666667,30.97261,6.207553456966149
2024-08-10 03:30:00,29.762171333333335,20.57435343333333,30.258438,0.49626677701822786
2024-08-10 04:00:00,27.36464943333333,21.883472666666663,29.500534,2.1358846242838574
2024-08-10 04:30:00,30.4842843,25.396942183333334,31.127426,0.6431418474609387
2024-08-10 05:00:00,29.85850071666667,33.61967175,31.279572,1.4210708165364565
2024-08-10 05:30:00,29.86362838333333,31.8762468,35.290543,5.426914219205731
2024-08-10 06:00:00,35.2618067,43.65059013333333,39.79355,4.531741883984374
2024-08-10 06:30:00,39.97721105,49.52172008333333,44.55966,4.582450815234374
2024-08-10 07:00:00,39.31213616666667,43.19487956666666,46.049927,6.737790591145831
2024-08-10 07:30:00,45.48176835,47.52889006666667,42.80391,-2.6778590482421905
2024-08-10 08:00:00,35.17782158333333,36.48289385,37.825867,2.6480451158854166
2024-08-10 08:30:00,24.336041066666667,16.460654466666664,28.900436,4.564395334700521
2024-08-10 09:00:00,15.497627533333334,6.313163899999999,15.567018,0.06939002190348198
2024-08-10 09:30:00,-5.0415845,-4.8176911,2.6107643,7.652348765060425
2024-08-10 10:00:00,-29.29717035,-24.8554551,-12.595489,16.70168180172119
2024-08-10 10:30:00,-53.89479838333333,-33.61556893333333,-29.039246,24.85555277786458
2024-08-10 11:00:00,-75.18968108333333,-44.279244616666666,-42.94664,32.24304106868489
2024-08-10 11:30:00,-91.70432999999998,-65.42002431666667,-56.994003,34.71032670410155
2024-08-10 12:00:00,-97.676615,-73.9875955,-67.61667,30.059946298828123
2024-08-10 12:30:00,-102.27105281666668,-79.26242013333332,-73.72058,28.550471761979182
2024-08-10 13:00:00,-102.97695993333332,-91.97137388333334,-77.61241,25.36454843430988
2024-08-10 13:30:00,-115.6452628,-100.1666517,-77.36853,38.2767325265625
2024-08-10 14:00:00,-101.9749366,-85.80038106666666,-72.72066,29.254279251367194
2024-08-10 14:30:00,-92.36265228333332,-83.50779338333334,-62.60501,29.757641297005193
2024-08-10 15:00:00,-80.73476208333334,-67.68800145,-50.069107,30.665655027669274
2024-08-10 15:30:00,-61.28646938333333,-50.91931508333334,-36.548492,24.73797695169271
2024-08-10 16:00:00,-41.5209606,-33.31741996666667,-21.281296,20.239664823632815
2024-08-10 16:30:00,-23.28488218333333,-15.705374483333337,-7.9971304,15.287751789351397
2024-08-10 17:00:00,-6.837619933333333,-3.0869948833333325,5.479432,12.317052039351399
2024-08-10 17:30:00,2.2127928166666666,0.8048550500000001,16.775757,14.562964019270833
2024-08-10 18:00:00,6.419264366666667,13.6387839,25.022339,18.603074500520833
2024-08-10 18:30:00,11.91288115,21.6227128,32.11577,20.202887282617187
2024-08-10 19:00:00,23.093201583333336,20.4533664,36.081284,12.988081986002602
2024-08-10 19:30:00,26.3023111,17.50665725,38.10295,11.800639949804687
2024-08-10 20:00:00,25.1825661,21.82710213333333,38.220703,13.038137025000001
2024-08-10 20:30:00,31.202091616666667,35.24874236666667,38.94229,7.740199643098958
2024-08-10 21:00:00,36.50370955,42.36163243333333,38.37381,1.8701002644531215
2024-08-10 21:30:00,37.01245896666666,43.78209905,39.181183,2.1687238946614684
2024-08-10 22:00:00,42.4399434,47.156334416666674,39.359177,-3.0807667642578096
2024-08-10 22:30:00,35.499066066666664,39.7408618,39.449417,3.9503510475911483
2024-08-10 23:00:00,35.24995788333333,41.33684613333333,38.676163,3.4262048363932323
2024-08-10 23:30:00,34.0377818,41.93764491666666,38.76596,4.728178893359377
2024-08-11 00:00:00,31.597895616666666,36.72876898333333,36.996597,5.398701673372397
2024-08-11 00:30:00,31.2475805,35.751113350000004,33.972366,2.724785833007811
2024-08-11 01:00:00,28.1255072,29.40639788333333,32.498398,4.372890627148436
2024-08-11 01:30:00,27.830874466666668,26.264576066666667,30.206985,2.376111006966145
2024-08-11 02:00:00,30.64638388333333,23.88913456666667,27.47406,-3.1723238247395784
2024-08-11 02:30:00,30.58208233333333,28.19424211666667,26.402664,-4.179418148763016
2024-08-11 03:00:00,25.97551011666667,24.765057016666663,25.949326,-0.02618455514323159
2024-08-11 03:30:00,21.61438126666667,29.762171333333335,27.042664,5.428282307552081
2024-08-11 04:00:00,23.034648166666667,27.36464943333333,29.289307,6.254658473958333
2024-08-11 04:30:00,22.791395,30.4842843,31.074722,8.283327290039061
2024-08-11 05:00:00,21.760073916666663,29.85850071666667,32.457382,10.697308285481775
2024-08-11 05:30:00,23.935212383333337,29.86362838333333,36.02881,12.093596210416663
2024-08-11 06:00:00,28.537651133333338,35.2618067,39.23848,10.700828480924475
2024-08-11 06:30:00,36.90198828333333,39.97721105,41.845,4.943012937369794
2024-08-11 07:00:00,32.72561553333333,39.31213616666667,42.315918,9.590302435416667
2024-08-11 07:30:00,33.03692285,45.48176835,39.69232,6.655398927343747
2024-08-11 08:00:00,28.168888383333336,35.17782158333333,36.27913,8.110240644986977
2024-08-11 08:30:00,18.92722781666667,24.336041066666667,27.669495,8.742266812239581
2024-08-11 09:00:00,10.14031235,15.497627533333334,17.924255,7.78394302109375
2024-08-11 09:30:00,-14.270241483333336,-5.0415845,4.713456,18.983697637202965
2024-08-11 10:00:00,-32.29813445,-29.29717035,-11.667052,20.631082181018066
2024-08-11 10:30:00,-52.45362458333333,-53.89479838333333,-29.593842,22.859783030598955
2024-08-11 11:00:00,-76.63996111666667,-75.18968108333333,-47.165253,29.474708431119794
2024-08-11 11:30:00,-86.72300333333334,-91.70432999999998,-62.12262,24.600383704427088
2024-08-11 12:00:00,-89.34084945,-97.676615,-74.19919,15.141661217578118
2024-08-11 12:30:00,-101.41887838333332,-102.27105281666668,-82.18968,19.229196376497384
2024-08-11 13:00:00,-110.0391445,-102.97695993333332,-84.75828,25.2808666069336
2024-08-11 13:30:00,-104.61992001666664,-115.6452628,-84.26375,20.356171847721328
2024-08-11 14:00:00,-93.0248849,-101.9749366,-79.478165,13.546720227148441
2024-08-11 14:30:00,-94.8541051,-92.36265228333332,-68.19084,26.66326342519531
2024-08-11 15:00:00,-79.25438824999999,-80.73476208333334,-55.42473,23.829659856445303
2024-08-11 15:30:00,-54.18069556666666,-61.28646938333333,-42.37416,11.806534800065094
2024-08-11 16:00:00,-39.46773955,-41.5209606,-27.084778,12.382961717968747
2024-08-11 16:30:00,-18.155153483333333,-23.28488218333333,-13.90132,4.253833025874837
2024-08-11 17:00:00,-9.102262683333333,-6.837619933333333,-1.6167594,7.4855032638921095
2024-08-11 17:30:00,8.780346233333335,2.2127928166666666,10.545518,1.7651716881144193
2024-08-11 18:00:00,15.831992183333332,6.419264366666667,20.985321,5.153328861588543
2024-08-11 18:30:00,19.609399,11.91288115,28.270905,8.661505541015625
2024-08-11 19:00:00,15.51584515,23.093201583333336,33.539276,18.023430973046874
2024-08-11 19:30:00,20.48117938333333,26.3023111,36.484848,16.003668639127607
2024-08-11 20:00:00,21.273301666666665,25.1825661,39.179977,17.906675750325523
2024-08-11 20:30:00,25.927317183333333,31.202091616666667,41.02861,15.101293046158855
2024-08-11 21:00:00,33.76064713333333,36.50370955,40.7919,7.031253501432296
2024-08-11 21:30:00,37.443389833333335,37.01245896666666,42.476456,5.033065855143228
2024-08-11 22:00:00,36.17301605,42.4399434,40.34694,4.173923036914061
2024-08-11 22:30:00,30.644469533333336,35.499066066666664,39.251022,8.606552805533852
2024-08-11 23:00:00,28.152933283333336,35.24995788333333,38.552567,10.399633244986976
2024-08-11 23:30:00,32.29770778333333,34.0377818,37.293777,4.996069682486983
2024-08-12 00:00:00,33.72298838333333,31.597895616666666,35.474457,1.7514684037760446
2024-08-12 00:30:00,29.75299716666667,31.2475805,32.429306,2.676308863606767
2024-08-12 01:00:00,34.1572255,28.1255072,30.830719,-3.3265065058593777
2024-08-12 01:30:00,28.87520553333333,27.830874466666668,28.227829,-0.6473765538411413
2024-08-12 02:00:00,28.773228366666668,30.64638388333333,28.325745,-0.44748373776041817
2024-08-12 02:30:00,29.45240228333333,30.58208233333333,28.249573,-1.2028295294270812
2024-08-12 03:00:00,24.163133483333336,25.97551011666667,28.209244,4.046110291080726
2024-08-12 03:30:00,21.000542866666667,21.61438126666667,27.986313,6.985769999544271
2024-08-12 04:00:00,24.06833041666667,23.034648166666667,29.755234,5.686903347981769
2024-08-12 04:30:00,26.076482166666665,22.791395,31.023758,4.947275767903648
2024-08-12 05:00:00,25.122443383333334,21.760073916666663,30.85353,5.731087500455729
2024-08-12 05:30:00,28.429669633333333,23.935212383333337,33.408936,4.979265913541667
2024-08-12 06:00:00,38.15041505,28.537651133333338,36.00522,-2.1451965441406244
2024-08-12 06:30:00,42.0031489,36.90198828333333,40.184723,-1.8184259996093743
2024-08-12 07:00:00,39.56103823333333,32.72561553333333,40.07451,0.5134704336588598
2024-08-12 07:30:00,39.10804293333333,33.03692285,36.89554,-2.212504603255205
2024-08-12 08:00:00,26.33712603333333,28.168888383333336,32.280502,5.943376286002607
2024-08-12 08:30:00,17.060364433333334,18.92722781666667,21.76239,4.7020257033854165
2024-08-12 09:00:00,5.870534849999999,10.14031235,11.225694,5.3551588526977545
2024-08-12 09:30:00,-4.3825632500000005,-14.270241483333336,-4.091628,0.29093517535400437
2024-08-12 10:00:00,-28.01212986666667,-32.29813445,-21.653732,6.358397566861981
2024-08-12 10:30:00,-37.06628055,-52.45362458333333,-39.267807,-2.2015264568359356
2024-08-12 11:00:00,-43.57466836666666,-76.63996111666667,-57.09247,-13.517799895052093
2024-08-12 11:30:00,-47.81798228333333,-86.72300333333334,-71.53038,-23.71239796569011
2024-08-12 12:00:00,-53.13636495,-89.34084945,-84.50458,-31.36821268671875
2024-08-12 12:30:00,-58.065704933333336,-101.41887838333332,-92.1191,-34.05339754469401
2024-08-12 13:00:00,-60.51837231666667,-110.0391445,-96.16936,-35.65098498313802
2024-08-12 13:30:00,-60.7875339,-104.61992001666664,-93.63154,-32.84400449111328
2024-08-12 14:00:00,-48.7346779,-93.0248849,-87.34379,-38.609110246972655
2024-08-12 14:30:00,-36.42368653333333,-94.8541051,-76.55407,-40.13038298570964
2024-08-12 15:00:00,-25.35756955,-79.25438824999999,-62.49449,-37.13692202714844
2024-08-12 15:30:00,-18.235287316666668,-54.18069556666666,-48.467102,-30.231814734114582
2024-08-12 16:00:00,-12.25845265,-39.46773955,-33.36554,-21.107086900781248
2024-08-12 16:30:00,-5.683938766666667,-18.155153483333333,-19.413025,-13.729086135677083
2024-08-12 17:00:00,7.92089155,-9.102262683333333,-4.2756186,-12.196510103161621
2024-08-12 17:30:00,16.773208366666665,8.780346233333335,7.5266123,-9.246596084867349
2024-08-12 18:00:00,26.85822385,15.831992183333332,18.73996,-8.118264133203127
2024-08-12 18:30:00,36.22265105,19.609399,27.011673,-9.21097807636719
2024-08-12 19:00:00,33.737044399999995,15.51584515,30.593964,-3.14308077695312
2024-08-12 19:30:00,34.11378778333333,20.48117938333333,34.047546,-0.06624139661457917
2024-08-12 20:00:00,33.62979788333333,21.273301666666665,33.70407,0.07427316158854325
2024-08-12 20:30:00,32.26800346666666,25.927317183333333,35.403076,3.135072705208337
2024-08-12 21:00:00,35.86023386666667,33.76064713333333,35.75836,-0.10187205026041823
2024-08-12 21:30:00,35.517563816666666,37.443389833333335,36.639618,1.1220541032552092
2024-08-12 22:00:00,30.76342501666667,36.17301605,37.461136,6.697710847591143
2024-08-12 22:30:00,25.761836516666666,30.644469533333336,35.430405,9.668568146419272
2024-08-12 23:00:00,26.59025,28.152933283333336,33.777664,7.1874141845703114
2024-08-12 23:30:00,26.94081398333333,32.29770778333333,32.749756,5.8089418760416685
2024-08-13 00:00:00,32.79907723333333,33.72298838333333,32.558807,-0.24026986028645325
2024-08-13 00:30:00,30.78032775,29.75299716666667,30.198105,-0.5822228916015639
2024-08-13 01:00:00,27.14751103333333,34.1572255,29.24231,2.0947985369791695
2024-08-13 01:30:00,24.84514005,28.87520553333333,27.689682,2.8445419568359362
2024-08-13 02:00:00,24.48581945,28.773228366666668,27.14093,2.655110725781249
2024-08-13 02:30:00,30.326334016666667,29.45240228333333,26.845001,-3.4813327959635423
2024-08-13 03:00:00,24.517721716666667,24.163133483333336,26.681335,2.163613732552083
2024-08-13 03:30:00,25.81953601666667,21.000542866666667,27.295471,1.475935174739579
2024-08-13 04:00:00,29.61392406666667,24.06833041666667,28.566635,-1.047288934830732
2024-08-13 04:30:00,26.423366233333336,26.076482166666665,31.401688,4.978321388736976
2024-08-13 05:00:00,27.0593076,25.122443383333334,32.37805,5.3187441578125
2024-08-13 05:30:00,24.1579595,28.429669633333333,34.678314,10.520354708984375
2024-08-13 06:00:00,32.88386883333333,38.15041505,36.96045,4.076580385416669
2024-08-13 06:30:00,36.43874506666666,42.0031489,40.853287,4.4145416764974
2024-08-13 07:00:00,39.16016723333333,39.56103823333333,40.329605,1.16943786920573
2024-08-13 07:30:00,38.25163711666666,39.10804293333333,37.599228,-0.6524092113932198
2024-08-13 08:00:00,34.21716706666667,26.33712603333333,30.724838,-3.492328809830731
2024-08-13 08:30:00,23.50046055,17.060364433333334,21.518112,-1.9823483673828122
2024-08-13 09:00:00,13.798085983333332,5.870534849999999,7.688798,-6.109288032588703
2024-08-13 09:30:00,-2.3061822333333333,-4.3825632500000005,-5.79457,-3.488387735843913
2024-08-13 10:00:00,-13.696689916666664,-28.01212986666667,-22.048355,-8.351665185872399
2024-08-13 10:30:00,-29.9907894,-37.06628055,-39.689865,-9.699075712304687
2024-08-13 11:00:00,-47.17769831666666,-43.57466836666666,-57.349915,-10.172216234114593
2024-08-13 11:30:00,-51.66682676666667,-47.81798228333333,-70.51936,-18.852536636653646
2024-08-13 12:00:00,-60.49422093333334,-53.13636495,-80.02319,-19.528972426041662
2024-08-13 12:30:00,-54.1407327,-58.065704933333336,-87.53079,-33.390059536328124
2024-08-13 13:00:00,-55.13262948333334,-60.51837231666667,-88.588524,-33.455894381412755
2024-08-13 13:30:00,-44.550762850000005,-60.7875339,-88.106,-43.55523995761718
2024-08-13 14:00:00,-41.79247208333333,-48.7346779,-79.545525,-37.75305251383464
2024-08-13 14:30:00,-36.98455496666667,-36.42368653333333,-66.55412,-29.569567958138016
2024-08-13 15:00:00,-33.986770416666666,-25.35756955,-53.590134,-19.603363250325522
2024-08-13 15:30:00,-24.775576166666667,-18.235287316666668,-40.009354,-15.233777471028645
2024-08-13 16:00:00,-16.661883333333332,-12.25845265,-23.741318,-7.0794344156901055
2024-08-13 16:30:00,2.7640755333333336,-5.683938766666667,-12.123321,-14.887396112862142
2024-08-13 17:00:00,18.903841733333334,7.92089155,2.5213172,-16.382524489757284
2024-08-13 17:30:00,22.659674433333333,16.773208366666665,14.176774,-8.482900408369954
2024-08-13 18:00:00,25.562404366666662,26.85822385,22.797531,-2.7648732387369748
2024-08-13 18:30:00,28.39216725,36.22265105,28.473679,0.08151133886718753
2024-08-13 19:00:00,28.75386388333333,33.737044399999995,33.716507,4.962643074674482
2024-08-13 19:30:00,26.290797916666666,34.11378778333333,35.447662,9.15686443684896
2024-08-13 20:00:00,27.383161016666666,33.62979788333333,36.097458,8.714296869075522
2024-08-13 20:30:00,24.957675566666666,32.26800346666666,36.811234,11.853557953841147
2024-08-13 21:00:00,31.74700898333333,35.86023386666667,36.8015,5.054489429752607
2024-08-13 21:30:00,30.48030385,35.517563816666666,37.315582,6.8352784253906265
2024-08-13 22:00:00,34.99751006666667,30.76342501666667,37.242218,2.2447079509114545
2024-08-13 22:30:00,27.51012168333333,25.761836516666666,37.09256,9.582438131119794
2024-08-13 23:00:00,28.45791068333333,26.59025,35.7529,7.294988486588544
2024-08-13 23:30:00,32.68870128333334,26.94081398333333,35.275024,2.5863231307291628
2024-08-14 00:00:00,31.440112216666662,32.79907723333333,33.51422,2.0741089747395876
2024-08-14 00:30:00,29.779564466666667,30.78032775,30.45105,0.6714853380208332
2024-08-14 01:00:00,27.75999428333333,27.14751103333333,28.22113,0.46113608776041914
2024-08-14 01:30:00,25.815645033333336,24.84514005,25.986694,0.17104930260416396
2024-08-14 02:00:00,24.62494343333333,24.48581945,23.526001,-1.0989424567708284
2024-08-14 02:30:00,27.37218556666667,30.326334016666667,23.98198,-3.3902061965494816
2024-08-14 03:00:00,24.92297496666667,24.517721716666667,25.013779,0.09080371985676905
2024-08-14 03:30:00,24.42460168333333,25.81953601666667,25.549301,1.124699464127609
2024-08-14 04:00:00,24.20982426666667,29.61392406666667,26.47403,2.2642052743489565
2024-08-14 04:30:00,24.697885566666667,26.423366233333336,28.575485,3.8775996628255207
2024-08-14 05:00:00,26.8060183,27.0593076,30.307144,3.501125865039061
2024-08-14 05:30:00,32.03217225,24.1579595,33.514008,1.4818353183593729
2024-08-14 06:00:00,38.144088716666666,32.88386883333333,36.785477,-1.358612032096353
2024-08-14 06:30:00,40.83592548333333,36.43874506666666,39.635193,-1.2007326122395767
2024-08-14 07:00:00,37.00780048333333,39.16016723333333,39.53958,2.5317808154947983
2024-08-14 07:30:00,36.30023951666666,38.25163711666666,36.731125,0.4308853612630301
2024-08-14 08:00:00,29.11417285,34.21716706666667,32.10324,2.989068116796876
2024-08-14 08:30:00,18.3090527,23.50046055,21.630219,3.3211658058593763
2024-08-14 09:00:00,9.108493350000002,13.798085983333332,10.137742,1.0292486925415023
2024-08-14 09:30:00,6.0138072,-2.3061822333333333,-4.333602,-10.34740915159912
2024-08-14 10:00:00,-2.941169,-13.696689916666664,-20.095795,-17.154625677734376
2024-08-14 10:30:00,-17.379088983333332,-29.9907894,-38.065643,-20.686554327213543
2024-08-14 11:00:00,-25.72976118333333,-47.17769831666666,-52.204575,-26.474813401627607
2024-08-14 11:30:00,-37.068050416666665,-51.66682676666667,-64.814835,-27.746784178059897
2024-08-14 12:00:00,-38.81938941666667,-60.49422093333334,-74.00375,-35.18436424544271
2024-08-14 12:30:00,-47.443253950000006,-54.1407327,-79.054756,-31.611502214550775
2024-08-14 13:00:00,-56.26857376666666,-55.13262948333334,-78.462166,-22.19359206585287
2024-08-14 13:30:00,-63.80327003333333,-44.550762850000005,-76.36566,-12.562391587760423
2024-08-14 14:00:00,-55.724875450000006,-41.79247208333333,-69.84485,-14.119973182812494
2024-08-14 14:30:00,-49.08946558333333,-36.98455496666667,-55.913757,-6.824291740885421
2024-08-14 15:00:00,-43.7476539,-33.986770416666666,-43.270905,0.4767493589843781
2024-08-14 15:30:00,-28.30309163333333,-24.775576166666667,-29.860764,-1.5576719164713566
2024-08-14 16:00:00,-7.322443333333333,-16.661883333333332,-16.41391,-9.091466578776043
2024-08-14 16:30:00,0.2689449333333336,2.7640755333333336,-5.104354,-5.373298838057455
2024-08-14 17:00:00,15.090650599999998,18.903841733333334,5.2657175,-9.824933093591307
2024-08-14 17:30:00,22.742458983333336,22.659674433333333,14.991227,-7.751231833369957
2024-08-14 18:00:00,23.57789388333333,25.562404366666662,21.809494,-1.7683998647786439
2024-08-14 18:30:00,31.07910113333333,28.39216725,26.612411,-4.466689634309894
2024-08-14 19:00:00,30.251118766666668,28.75386388333333,31.153122,0.9020031815755196
2024-08-14 19:30:00,28.565605,26.290797916666666,33.02704,4.4614335742187485
2024-08-14 20:00:00,28.32025398333333,27.383161016666666,34.29245,5.972195967838545
2024-08-14 20:30:00,28.769632716666667,24.957675566666666,33.86525,5.0956169171223955
2024-08-14 21:00:00,29.94534778333333,31.74700898333333,35.15129,5.205943110221359
2024-08-14 21:30:00,29.37024115,30.48030385,34.49849,5.128248229882814
2024-08-14 22:00:00,24.66155283333333,34.99751006666667,34.409836,9.748282982096356
2024-08-14 22:30:00,25.052008433333334,27.51012168333333,34.41681,9.364800648697916
2024-08-14 23:00:00,32.226204016666664,28.45791068333333,34.0822,1.8559950800130238
2024-08-14 23:30:00,31.8057235,32.68870128333334,32.727097,0.9213730576171884
2024-08-15 00:00:00,39.39265281666667,31.440112216666662,32.279358,-7.1132949065104185
2024-08-15 00:30:00,37.5148067,29.779564466666667,29.259048,-8.255758238085939
2024-08-15 01:00:00,36.819790000000005,27.75999428333333,28.154236,-8.665554160156255
2024-08-15 01:30:00,31.73896275,25.815645033333336,25.088547,-6.650415997070311
2024-08-15 02:00:00,31.43349055,24.62494343333333,23.570953,-7.862537180859373
2024-08-15 02:30:00,36.48261561666667,27.37218556666667,23.13919,-13.343424942838546
2024-08-15 03:00:00,30.65959493333333,24.92297496666667,23.655945,-7.003650109114581
2024-08-15 03:30:00,29.57330598333333,24.42460168333333,25.371002,-4.202303786067706
2024-08-15 04:00:00,33.90030993333334,24.20982426666667,25.908905,-7.9914049040364645
2024-08-15 04:30:00,38.747993316666665,24.697885566666667,28.11409,-10.633903350846353
2024-08-15 05:00:00,30.3336901,26.8060183,31.092422,0.7587323853515642
2024-08-15 05:30:00,27.663387,32.03217225,33.46422,5.800831139648437
2024-08-15 06:00:00,31.37177,38.144088716666666,35.69792,4.326151752929686
2024-08-15 06:30:00,38.97595661666667,40.83592548333333,38.415405,-0.5605513432291716
2024-08-15 07:00:00,26.9935649,37.00780048333333,37.897186,10.903621379296876
2024-08-15 07:30:00,24.464754966666664,36.30023951666666,35.927307,11.462552162239586
2024-08-15 08:00:00,27.62494338333333,29.11417285,30.361694,2.7367509526041687
2024-08-15 08:30:00,21.6788099,18.3090527,22.483597,0.8047869017578115
2024-08-15 09:00:00,10.818881183333334,9.108493350000002,11.706925,0.8880442088175453
2024-08-15 09:30:00,-2.088532816666667,6.0138072,-0.9086754,1.1798574440661116
2024-08-15 10:00:00,-11.512889933333332,-2.941169,-15.653136,-4.140246320023602
2024-08-15 10:30:00,-30.157763950000003,-17.379088983333332,-31.523926,-1.3661618312499968
2024-08-15 11:00:00,-35.493533383333336,-25.72976118333333,-44.41588,-8.922344912565102
2024-08-15 11:30:00,-36.4849283,-37.068050416666665,-55.82997,-19.345043013476563
2024-08-15 12:00:00,-31.32367008333333,-38.81938941666667,-64.15755,-32.83387691373699
2024-08-15 12:30:00,-37.85118106666667,-47.443253950000006,-69.09122,-31.240035974348956
2024-08-15 13:00:00,-47.9924734,-56.26857376666666,-70.32718,-22.334705555078123
2024-08-15 13:30:00,-43.5910668,-63.80327003333333,-69.355545,-25.764478243945312
2024-08-15 14:00:00,-35.551691133333335,-55.724875450000006,-62.638687,-27.086996000455727
2024-08-15 14:30:00,-29.99809603333333,-49.08946558333333,-52.052597,-22.054501012565108
2024-08-15 15:00:00,-27.52890993333333,-43.7476539,-41.19153,-13.662618386979169
2024-08-15 15:30:00,-18.897399983333333,-28.30309163333333,-28.423752,-9.526351847721354
2024-08-15 16:00:00,-15.0477212,-7.322443333333333,-15.562438,-0.5147168111694338
2024-08-15 16:30:00,0.7876944333333332,0.2689449333333336,-5.006896,-5.7945904523152665
2024-08-15 17:00:00,9.72155095,15.090650599999998,6.8310556,-2.890495308825683
2024-08-15 17:30:00,15.103985083333331,22.742458983333336,15.935365,0.8313796398722353
2024-08-15 18:00:00,22.61961001666667,23.57789388333333,22.754639,0.1350286552083304
2024-08-15 18:30:00,26.5738349,31.07910113333333,28.181625,1.6077904662109361
2024-08-15 19:00:00,30.70488493333333,30.251118766666668,31.789185,1.0842996369791713
2024-08-15 19:30:00,26.534512333333332,28.565605,33.76982,7.235308833658856
2024-08-15 20:00:00,31.002863966666663,28.32025398333333,34.18622,3.1833542950520872
2024-08-15 20:30:00,30.6264255,28.769632716666667,33.92856,3.302132849609375
2024-08-15 21:00:00,28.780842766666662,29.94534778333333,33.212585,4.431742682552088
2024-08-15 21:30:00,29.939529000000004,29.37024115,32.51216,2.5726322548828087
2024-08-15 22:00:00,32.912273883333334,24.66155283333333,33.861115,0.9488406186197906
2024-08-15 22:30:00,24.045535716666667,25.052008433333334,35.199844,11.154308643684896
2024-08-15 23:00:00,24.36558493333333,32.226204016666664,33.88034,9.514755642838544
2024-08-15 23:30:00,31.57999948333333,31.8057235,33.698578,2.1185783975260435
2024-08-16 00:00:00,27.661462666666665,39.39265281666667,33.562164,5.90070163997396
2024-08-16 00:30:00,26.86850845,37.5148067,29.889542,3.0210331759765623
2024-08-16 01:00:00,23.46729283333333,36.819790000000005,29.064178,5.596885633463543
2024-08-16 01:30:00,23.914086666666662,31.73896275,26.9348,3.020712527669275
2024-08-16 02:00:00,23.411976683333336,31.43349055,25.916443,2.504466187760414
2024-08-16 02:30:00,29.204113700000004,36.48261561666667,25.689682,-3.5144316931640667
2024-08-16 03:00:00,26.7520938,30.65959493333333,26.968475,0.2163815417968742
2024-08-16 03:30:00,30.825859883333333,29.57330598333333,28.434143,-2.391716816927083
2024-08-16 04:00:00,30.158235716666667,33.90030993333334,29.85904,-0.2991964100260418
2024-08-16 04:30:00,34.4015693,38.747993316666665,31.325653,-3.0759162238281235
2024-08-16 05:00:00,32.60294158333333,30.3336901,33.32167,0.7187289488932294
2024-08-16 05:30:00,33.416435150000005,27.663387,34.929764,1.5133286439453073
2024-08-16 06:00:00,32.834952683333334,31.37177,36.62735,3.7923971701822907
2024-08-16 06:30:00,35.9194928,38.97595661666667,39.386932,3.4674395730468746
2024-08-16 07:00:00,32.17018325,26.9935649,38.790466,6.620283058593749
2024-08-16 07:30:00,29.24161063333333,24.464754966666664,35.795563,6.553952110807295
2024-08-16 08:00:00,29.047728333333332,27.62494338333333,29.92569,0.8779613639322932
2024-08-16 08:30:00,23.68467895,21.6788099,22.56601,-1.1186694285156236
2024-08-16 09:00:00,16.185818833333332,10.818881183333334,12.217973,-3.9678460779012035
2024-08-16 09:30:00,5.984657166666668,-2.088532816666667,-0.8361961,-6.820853291220349
2024-08-16 10:00:00,-2.1370388499999997,-11.512889933333332,-14.526732,-12.389693594763184
2024-08-16 10:30:00,-5.560754416666666,-30.157763950000003,-29.07312,-23.512365700520835
2024-08-16 11:00:00,-12.183973833333331,-35.493533383333336,-42.682114,-30.498139814127605
2024-08-16 11:30:00,-31.990222183333334,-36.4849283,-50.753235,-18.763012679947916
2024-08-16 12:00:00,-33.81815613333333,-31.32367008333333,-58.349808,-24.53165160592448
2024-08-16 12:30:00,-50.48032716666666,-37.85118106666667,-63.008636,-12.528309307942713
2024-08-16 13:00:00,-48.30440721666667,-47.9924734,-64.27272,-15.968313120247394
2024-08-16 13:30:00,-52.32249288333333,-43.5910668,-62.484085,-10.16159219967448
2024-08-16 14:00:00,-42.26416773333333,-35.551691133333335,-55.57599,-13.31182103619792
2024-08-16 14:30:00,-37.555550466666666,-29.99809603333333,-45.282974,-7.727423776497396
2024-08-16 15:00:00,-31.8371162,-27.52890993333333,-35.063232,-3.2261162218749995
2024-08-16 15:30:00,-27.220748383333333,-18.897399983333333,-24.63678,2.5839685981770835
2024-08-16 16:00:00,-16.458090483333333,-15.0477212,-13.201522,3.2565686098592117
2024-08-16 16:30:00,-11.77890945,0.7876944333333332,-2.6096642,9.16924524826355
2024-08-16 17:00:00,-0.2607677833333334,9.72155095,8.054994,8.3157614127889
2024-08-16 17:30:00,5.507756283333333,15.103985083333331,16.100677,10.592921206901043
2024-08-16 18:00:00,12.615635466666667,22.61961001666667,22.79892,10.183284211067708
2024-08-16 18:30:00,14.416415033333337,26.5738349,26.278534,11.862118902213538
2024-08-16 19:00:00,18.961915566666665,30.70488493333333,29.301453,10.339537070052085
2024-08-16 19:30:00,21.727792316666665,26.534512333333332,32.7144,10.986608928450522
2024-08-16 20:00:00,30.56857403333333,31.002863966666663,33.072998,2.5044240135416693
2024-08-16 20:30:00,35.48873115,30.6264255,33.882187,-1.606544260351562
2024-08-16 21:00:00,39.29156505,28.780842766666662,33.90204,-5.389526475781253
2024-08-16 21:30:00,40.2135678,29.939529000000004,33.61499,-6.598577565625
2024-08-16 22:00:00,39.801991,32.912273883333334,32.95053,-6.851459994140626
2024-08-16 22:30:00,37.85185065,24.045535716666667,31.87239,-5.97945990292969
2024-08-16 23:00:00,37.134785533333336,24.36558493333333,30.971527,-6.163258433723961
2024-08-16 23:30:00,41.858932333333335,31.57999948333333,31.375229,-10.483703451497398
2024-08-17 00:00:00,44.33854273333333,27.661462666666665,29.6745,-14.664043221614577
2024-08-17 00:30:00,32.86151383333333,26.86850845,28.795639,-4.065874795247396
2024-08-17 01:00:00,24.78375103333333,23.46729283333333,27.85736,3.0736098065104187
2024-08-17 01:30:00,23.296139516666667,23.914086666666662,25.989578,2.6934387304036456
2024-08-17 02:00:00,27.48516111666667,23.411976683333336,25.508621,-1.9765399008463582
2024-08-17 02:30:00,27.715601083333336,29.204113700000004,26.007187,-1.7084141936848987
2024-08-17 03:00:00,23.255765033333333,26.7520938,25.922073,2.6663083309244797
2024-08-17 03:30:00,25.4610824,30.825859883333333,25.11914,-0.34194177499999867
2024-08-17 04:00:00,28.232301016666668,30.158235716666667,25.876724,-2.355576773502605
2024-08-17 04:30:00,27.84552878333333,34.4015693,28.979263,1.1337345223307338
2024-08-17 05:00:00,29.47768105,32.60294158333333,30.82788,1.350199809374999
2024-08-17 05:30:00,28.694235733333333,33.416435150000005,32.76779,4.073556014713542
2024-08-17 06:00:00,25.09559593333333,32.834952683333334,36.08258,10.986984633072922
2024-08-17 06:30:00,23.83493658333333,35.9194928,36.495132,12.660195862955732
2024-08-17 07:00:00,19.616469416666664,32.17018325,34.718063,15.101593937825523
2024-08-17 07:30:00,20.34198395,29.24161063333333,32.296417,11.954433286328126
2024-08-17 08:00:00,14.906250583333334,29.047728333333332,28.044937,13.138686550455729
2024-08-17 08:30:00,12.035153416666668,23.68467895,21.462753,9.427599879231769
2024-08-17 09:00:00,8.403807783333333,16.185818833333332,12.90799,4.5041826722941085
2024-08-17 09:30:00,-5.459736066666667,5.984657166666668,1.1360024,6.595738488045757
2024-08-17 10:00:00,-8.585220049999998,-2.1370388499999997,-11.568801,-2.9835808762084977
2024-08-17 10:30:00,-13.600034983333336,-5.560754416666666,-24.440659,-10.840623586002602
2024-08-17 11:00:00,-33.41262456666667,-12.183973833333331,-35.981064,-2.5684392761067656
2024-08-17 11:30:00,-39.95300003333333,-31.990222183333334,-46.170334,-6.217333828971356
2024-08-17 12:00:00,-57.39921038333333,-33.81815613333333,-54.48723,2.9119819897786456
2024-08-17 12:30:00,-69.87117553333333,-50.48032716666666,-60.052155,9.819020992317704
2024-08-17 13:00:00,-66.55081216666666,-48.30440721666667,-62.340652,4.210159700846347
2024-08-17 13:30:00,-69.35432793333334,-52.32249288333333,-59.21602,10.138309256575525
2024-08-17 14:00:00,-60.20795393333333,-42.26416773333333,-53.946487,6.261466506575516
2024-08-17 14:30:00,-58.07450278333334,-37.555550466666666,-44.713135,13.361368017708337
2024-08-17 15:00:00,-48.34372296666667,-31.8371162,-33.44557,14.898151067252606
2024-08-17 15:30:00,-34.05893771666667,-27.220748383333333,-24.391525,9.667412448111982
2024-08-17 16:00:00,-15.718511683333332,-16.458090483333333,-14.492904,1.2256079739217114
2024-08-17 16:30:00,0.8603978000000002,-11.77890945,-5.490508,-6.350905879528809
2024-08-17 17:00:00,11.604078916666667,-0.2607677833333334,2.57779,-9.026288894770305
2024-08-17 17:30:00,15.491508383333333,5.507756283333333,10.322465,-5.169043440401204
2024-08-17 18:00:00,22.57990936666667,12.615635466666667,16.567444,-6.012465519010419
2024-08-17 18:30:00,31.005435066666667,14.416415033333337,21.733109,-9.272326546158855
2024-08-17 19:00:00,36.53598015,18.961915566666665,24.426605,-12.109374925390625
2024-08-17 19:30:00,34.20928385,21.727792316666665,27.650604,-6.5586796019531235
2024-08-17 20:00:00,42.26942271666667,30.56857403333333,29.497269,-12.772154039908855
2024-08-17 20:30:00,54.52582221666668,35.48873115,30.990341,-23.535481030143245
2024-08-17 21:00:00,51.97808161666666,39.29156505,30.999512,-20.978569897916657
2024-08-17 21:30:00,51.72422735,40.2135678,31.543793,-20.180434625390625
2024-08-17 22:00:00,47.50011511666667,39.801991,32.45607,-15.044045170377608
2024-08-17 22:30:00,42.56758341666667,37.85185065,32.474655,-10.092928265299484
2024-08-17 23:00:00,48.36217881666666,37.134785533333336,32.897766,-15.464412703385413
2024-08-17 23:30:00,45.416698333333336,41.858932333333335,33.376846,-12.039852019856774
2024-08-18 00:00:00,41.20434058333333,44.33854273333333,33.707092,-7.497248298177077
2024-08-18 00:30:00,37.31593915,32.86151383333333,31.190735,-6.125204286718748
2024-08-18 01:00:00,35.834786083333334,24.78375103333333,29.08815,-6.746636058919272
2024-08-18 01:30:00,31.5888768,23.296139516666667,26.739532,-4.849344329296876
2024-08-18 02:00:00,27.89080995,27.48516111666667,26.566177,-1.3246325818359388
2024-08-18 02:30:00,33.241229016666665,27.715601083333336,25.21785,-8.023379285221353
2024-08-18 03:00:00,33.00723118333333,23.255765033333333,24.9328,-8.074430890364582
2024-08-18 03:30:00,29.382242266666665,25.4610824,24.082413,-5.299829546940103
2024-08-18 04:00:00,31.816289333333334,28.232301016666668,25.23053,-6.585759548177084
2024-08-18 04:30:00,29.73685123333333,27.84552878333333,27.279495,-2.4573559940755167
2024-08-18 05:00:00,27.87441825,29.47768105,29.722519,1.848100670898436
2024-08-18 05:30:00,29.20646995,28.694235733333333,31.215652,2.0091825158203136
2024-08-18 06:00:00,28.353758783333333,25.09559593333333,31.487991,3.134232549674479
2024-08-18 06:30:00,27.63495226666667,23.83493658333333,31.832306,4.197353641536456
2024-08-18 07:00:00,21.83036841666667,19.616469416666664,31.31517,9.484801871419268
2024-08-18 07:30:00,27.448423316666663,20.34198395,29.60852,2.1600971911458373
2024-08-18 08:00:00,26.9660601,14.906250583333334,26.126923,-0.839137492578125
2024-08-18 08:30:00,20.138649066666662,12.035153416666668,19.46524,-0.6734085881510374
2024-08-18 09:00:00,-0.3555522499999999,8.403807783333333,9.242753,9.59830527886963
2024-08-18 09:30:00,-27.006885083333334,-5.459736066666667,-1.4035178,25.603367241040548
2024-08-18 10:00:00,-42.820362816666666,-8.585220049999998,-13.967696,28.852666626786295
2024-08-18 10:30:00,-50.05434266666666,-13.600034983333336,-25.696457,24.357885757486976
2024-08-18 11:00:00,-53.3462773,-33.41262456666667,-36.79355,16.552728716015622
2024-08-18 11:30:00,-70.732918,-39.95300003333333,-45.319397,25.413521027343748
2024-08-18 12:00:00,-66.64672221666666,-57.39921038333333,-52.431824,14.21489848619791
2024-08-18 12:30:00,-60.757092766666666,-69.87117553333333,-58.790024,1.9670689629557288
2024-08-18 13:00:00,-54.2756512,-66.55081216666666,-61.56015,-7.284498946484376
2024-08-18 13:30:00,-57.89141006666667,-69.35432793333334,-59.440033,-1.5486228923177023
2024-08-18 14:00:00,-48.07035773333333,-60.20795393333333,-55.197952,-7.127594537174481
2024-08-18 14:30:00,-45.36037828333334,-58.07450278333334,-48.69864,-3.3382606326822852
2024-08-18 15:00:00,-35.200592283333336,-48.34372296666667,-40.982635,-5.782043214713539
2024-08-18 15:30:00,-16.10958225,-34.05893771666667,-30.385742,-14.276159937500001
2024-08-18 16:00:00,-8.713042783333334,-15.718511683333332,-18.374512,-9.661468935416666
2024-08-18 16:30:00,5.421960233333333,0.8603978000000002,-6.946639,-12.368599294307455
2024-08-18 17:00:00,16.719659916666668,11.604078916666667,4.0700235,-12.649636379984539
2024-08-18 17:30:00,23.2110538,15.491508383333333,12.457139,-10.753914784802244
2024-08-18 18:00:00,34.22322556666666,22.57990936666667,19.83693,-14.3862962453776
2024-08-18 18:30:00,40.549836133333336,31.005435066666667,23.67894,-16.8708963139974
2024-08-18 19:00:00,42.06640225,36.53598015,27.412308,-14.65409451074219
2024-08-18 19:30:00,41.76995883333333,34.20928385,30.88771,-10.882248262044264
2024-08-18 20:00:00,45.67006221666667,42.26942271666667,32.502945,-13.16711727037761
2024-08-18 20:30:00,43.42682403333333,54.52582221666668,33.9507,-9.47612518079427
2024-08-18 21:00:00,39.0992944,51.97808161666666,34.720535,-4.3787591216796855
2024-08-18 21:30:00,43.440044883333336,51.72422735,35.022568,-8.417477134309898
2024-08-18 22:00:00,37.948380166666674,47.50011511666667,35.861237,-2.0871435944010486
2024-08-18 22:30:00,39.14536565,42.56758341666667,36.05269,-3.0926770513671897
2024-08-18 23:00:00,44.62401535,48.36217881666666,35.478333,-9.14568283046875
2024-08-18 23:30:00,44.93976056666667,45.416698333333336,35.792816,-9.146944404557296
2024-08-19 00:00:00,40.61651561666667,41.20434058333333,34.246628,-6.36988780904948
2024-08-19 00:30:00,35.12203673333333,37.31593915,32.740387,-2.3816497704427064
2024-08-19 01:00:00,28.971741666666663,35.834786083333334,30.255524,1.283782014973962
2024-08-19 01:30:00,29.27793443333333,31.5888768,28.306244,-0.9716905368489535
2024-08-19 02:00:00,27.76511443333333,27.89080995,26.756683,-1.0084310837239556
2024-08-19 02:30:00,36.202461516666666,33.241229016666665,25.670517,-10.531944548893229
2024-08-19 03:00:00,31.671506083333338,33.00723118333333,24.594727,-7.0767795208333375
2024-08-19 03:30:00,30.104118083333333,29.382242266666665,25.591461,-4.512656901692708
2024-08-19 04:00:00,29.00118615,31.816289333333334,25.109436,-3.8917501148437488
2024-08-19 04:30:00,26.974656133333337,29.73685123333333,25.969376,-1.0052805229817743
2024-08-19 05:00:00,32.39210825,27.87441825,27.63501,-4.757098484375
2024-08-19 05:30:00,38.56479323333333,29.20646995,28.889572,-9.675221089778645
2024-08-19 06:00:00,38.04304165,28.353758783333333,28.958557,-9.08448452109375
2024-08-19 06:30:00,44.52982065,27.63495226666667,30.19748,-14.332341401953123
2024-08-19 07:00:00,41.007756750000006,21.83036841666667,30.231735,-10.776021520507818
2024-08-19 07:30:00,38.44476898333333,27.448423316666663,28.647644,-9.797124940364583
2024-08-19 08:00:00,30.04181498333333,26.9660601,23.771927,-6.269888103450519
2024-08-19 08:30:00,17.920666716666666,20.138649066666662,16.408127,-1.5125398856119787
2024-08-19 09:00:00,11.810517133333336,-0.3555522499999999,6.394395,-5.416122258760582
2024-08-19 09:30:00,-11.889499433333334,-27.006885083333334,-5.1641836,6.725315816695151
2024-08-19 10:00:00,-26.826241516666663,-42.820362816666666,-18.94339,7.882851624088538
2024-08-19 10:30:00,-32.389066750000005,-50.05434266666666,-30.494034,1.8950329365234424
2024-08-19 11:00:00,-35.78780963333333,-53.3462773,-40.620987,-4.833177305143231
2024-08-19 11:30:00,-56.4241328,-70.732918,-51.12773,5.296401476757815
2024-08-19 12:00:00,-71.42847318333334,-66.64672221666666,-60.16432,11.264151283919276
2024-08-19 12:30:00,-65.01944103333334,-60.757092766666666,-65.243286,-0.22384509947916342
2024-08-19 13:00:00,-76.36423765,-54.2756512,-65.19774,11.16649900253907
2024-08-19 13:30:00,-57.00057505,-57.89141006666667,-63.030334,-6.029759422656248
2024-08-19 14:00:00,-49.3468178,-48.07035773333333,-56.51773,-7.170912912890628
2024-08-19 14:30:00,-48.12932998333334,-45.36037828333334,-47.992188,0.1371424833333421
2024-08-19 15:00:00,-42.50008938333333,-35.200592283333336,-38.146866,4.35322353860677
2024-08-19 15:30:00,-21.2644977,-16.10958225,-26.720673,-5.456174907421875
2024-08-19 16:00:00,-14.72727605,-8.713042783333334,-13.97203,0.7552463640258793
2024-08-19 16:30:00,-3.4932939,5.421960233333333,-2.485717,1.0075768418182371
2024-08-19 17:00:00,5.3687251,16.719659916666668,6.9983683,1.629643163244629
2024-08-19 17:30:00,11.266736316666666,23.2110538,15.370851,4.10411424638265
2024-08-19 18:00:00,20.32854293333333,34.22322556666666,22.94989,2.621347203385419
2024-08-19 18:30:00,31.201784433333334,40.549836133333336,29.444626,-1.7571585788411461
2024-08-19 19:00:00,32.320762816666665,42.06640225,34.50804,2.1872785651692723
2024-08-19 19:30:00,28.871211866666663,41.76995883333333,37.64911,8.777897020052087
2024-08-19 20:00:00,33.44982795,45.67006221666667,39.208984,5.7591564250000005
2024-08-19 20:30:00,36.92778885,43.42682403333333,38.3994,1.4716099537109386
2024-08-19 21:00:00,39.31285663333333,39.0992944,36.93976,-2.3730983325520825
2024-08-19 21:30:00,36.82617726666667,43.440044883333336,35.213318,-1.6128593955729187
2024-08-19 22:00:00,32.1798667,37.948380166666674,33.68367,1.5038033439453145
2024-08-19 22:30:00,25.66222433333333,39.14536565,32.99916,7.336936433268232
2024-08-19 23:00:00,26.12402893333333,44.62401535,33.316254,7.1922247287760435
2024-08-19 23:30:00,27.5900138,44.93976056666667,34.420975,6.830960931445311
2024-08-20 00:00:00,26.465767266666663,40.61651561666667,35.598312,9.132545111263024
2024-08-20 00:30:00,29.19639736666667,35.12203673333333,33.396973,4.20057528958333
2024-08-20 01:00:00,29.3592173,28.971741666666663,31.303009,1.943791733203124
2024-08-20 01:30:00,30.23632775,29.27793443333333,30.830032,0.5937045986328116
2024-08-20 02:00:00,26.23660465,27.76511443333333,28.677322,2.440717737695312
2024-08-20 02:30:00,27.83464825,36.202461516666666,27.832657,-0.0019913896484382576
2024-08-20 03:00:00,21.700876166666664,31.671506083333338,27.056747,5.355871269856774
2024-08-20 03:30:00,22.872560583333332,30.104118083333333,25.539902,2.6673411500651056
2024-08-20 04:00:00,26.2043611,29.00118615,25.649399,-0.5549622962890624
2024-08-20 04:30:00,28.994900483333332,26.974656133333337,27.208725,-1.7861755077473944
2024-08-20 05:00:00,33.54572285,32.39210825,28.440247,-5.105476267968747
2024-08-20 05:30:00,37.21142008333334,38.56479323333333,28.888092,-8.323328042317712
2024-08-20 06:00:00,40.19472558333333,38.04304165,30.056427,-10.138298581380205
2024-08-20 06:30:00,37.325436116666665,44.52982065,32.195282,-5.1301541342447905
2024-08-20 07:00:00,27.76767991666667,41.007756750000006,29.966354,2.1986744534505185
2024-08-20 07:30:00,31.56119895,38.44476898333333,27.381653,-4.179546117968751
2024-08-20 08:00:00,37.42560996666666,30.04181498333333,22.435486,-14.990124126822913
2024-08-20 08:30:00,16.0159499,17.920666716666666,14.882066,-1.133884126989745
2024-08-20 09:00:00,3.8531154833333336,11.810517133333336,5.8245554,1.9714399137003578
2024-08-20 09:30:00,-4.729110566666667,-11.889499433333334,-4.760421,-0.031310232588704245
2024-08-20 10:00:00,-14.341190583333336,-26.826241516666663,-16.915802,-2.5746114186197886
2024-08-20 10:30:00,-20.61842658333333,-32.389066750000005,-29.104355,-8.485928275065106
2024-08-20 11:00:00,-32.63689661666667,-35.78780963333333,-40.407288,-7.770390980989582
2024-08-20 11:30:00,-46.13450956666666,-56.4241328,-49.666,-3.5314907995442795
2024-08-20 12:00:00,-52.8263279,-71.42847318333334,-57.157516,-4.331188579492185
2024-08-20 12:30:00,-57.21597226666668,-65.01944103333334,-62.83191,-5.615936913020818
2024-08-20 13:00:00,-63.699791733333335,-76.36423765,-62.798172,0.9016197362630223
2024-08-20 13:30:00,-65.35607503333334,-57.00057505,-60.75139,4.604686483528653
2024-08-20 14:00:00,-54.0505805,-49.3468178,-53.646927,0.40365362011718986
2024-08-20 14:30:00,-47.067028316666665,-48.12932998333334,-44.599213,2.46781567018229
2024-08-20 15:00:00,-53.44623236666666,-42.50008938333333,-35.929184,17.517048406705726
2024-08-20 15:30:00,-35.84434825,-21.2644977,-25.03009,10.814257917968753
2024-08-20 16:00:00,-25.73822618333333,-14.72727605,-14.233977,11.504248865523273
2024-08-20 16:30:00,-13.896045583333333,-3.4932939,-2.838668,11.057377475346883
2024-08-20 17:00:00,-2.2895600833333334,5.3687251,7.708268,9.997828248921712
2024-08-20 17:30:00,0.9795655833333335,11.266736316666666,15.919816,14.940250433817546
2024-08-20 18:00:00,9.347617933333334,20.32854293333333,23.189117,13.841499498307291
2024-08-20 18:30:00,14.844668983333332,31.201784433333334,28.33017,13.485500694401043
2024-08-20 19:00:00,21.706066616666664,32.320762816666665,33.07608,11.37001370559896
2024-08-20 19:30:00,20.524237266666667,28.871211866666663,35.17047,14.646233924739583
2024-08-20 20:00:00,26.298471133333333,33.44982795,35.60608,9.307607968229167
2024-08-20 20:30:00,28.38622395,36.92778885,35.94847,7.562247119335936
2024-08-20 21:00:00,32.91918998333333,39.31285663333333,35.836746,2.91755623248698
2024-08-20 21:30:00,36.75912595,36.82617726666667,35.351227,-1.4078991433593728
2024-08-20 22:00:00,31.37091331666667,32.1798667,36.122986,4.75207252317708
2024-08-20 22:30:00,27.49365205,25.66222433333333,35.17206,7.6784060554687485
2024-08-20 23:00:00,30.577378316666668,26.12402893333333,34.473602,3.8962239782552075
2024-08-20 23:30:00,31.1061794,27.5900138,32.24518,1.1389988226562515
2024-08-21 00:00:00,31.784550483333334,26.465767266666663,31.528305,-0.25624542962239616
2024-08-21 00:30:00,30.341749550000003,29.19639736666667,30.310974,-0.030775428906252955
2024-08-21 01:00:00,29.1864817,29.3592173,29.140656,-0.04582618242187664
2024-08-21 01:30:00,28.638185016666664,30.23632775,29.581024,0.9428391532552105
2024-08-21 02:00:00,25.8655239,26.23660465,28.876373,3.0108493910156255
2024-08-21 02:30:00,30.06433275,27.83464825,28.932602,-1.1317308212890609
2024-08-21 03:00:00,24.439689366666663,21.700876166666664,28.186462,3.746773035677087
2024-08-21 03:30:00,22.62501268333333,22.872560583333332,27.299484,4.674471569596356
2024-08-21 04:00:00,21.740274900000003,26.2043611,26.499863,4.759587770898435
2024-08-21 04:30:00,21.721258316666667,28.994900483333332,28.515244,6.793985213606771
2024-08-21 05:00:00,24.1610161,33.54572285,28.54625,4.385233289648436
2024-08-21 05:30:00,26.432575683333337,37.21142008333334,30.497742,4.0651660158854135
2024-08-21 06:00:00,26.12844945,40.19472558333333,31.851929,5.7234792609374985
2024-08-21 06:30:00,28.4335506,37.325436116666665,31.314285,2.8807346783203123
2024-08-21 07:00:00,29.46778125,27.76767991666667,29.485535,0.01775341796874841
2024-08-21 07:30:00,26.585780166666662,31.56119895,26.678864,0.09308335872396256
2024-08-21 08:00:00,26.11123665,37.42560996666666,21.298523,-4.812713700781249
2024-08-21 08:30:00,6.132002866666666,16.0159499,13.67595,7.5439471836873375
2024-08-21 09:00:00,-8.434995950000001,3.8531154833333336,4.2815256,12.716521561877443
2024-08-21 09:30:00,-20.582264483333333,-4.729110566666667,-7.548751,13.033513605952962
2024-08-21 10:00:00,-32.21019998333333,-14.341190583333336,-18.11168,14.098520906184895
2024-08-21 10:30:00,-55.60813061666667,-20.61842658333333,-29.191025,26.417105836393233
2024-08-21 11:00:00,-63.76286785,-32.63689661666667,-39.35414,24.408726614648437
2024-08-21 11:30:00,-84.28700719999999,-46.13450956666666,-47.799026,36.48798071074218
2024-08-21 12:00:00,-106.32709768333332,-52.8263279,-54.427917,51.89918020286457
2024-08-21 12:30:00,-94.34127831666666,-57.21597226666668,-60.05597,34.28530907838541
2024-08-21 13:00:00,-88.02025943333335,-63.699791733333335,-61.131516,26.888743930403663
2024-08-21 13:30:00,-88.09036766666667,-65.35607503333334,-59.902588,28.187779776041666
2024-08-21 14:00:00,-82.9346434,-54.0505805,-53.62755,29.30709518222656
2024-08-21 14:30:00,-88.87864931666667,-47.067028316666665,-46.549164,42.32948549830729
2024-08-21 15:00:00,-71.49999213333332,-53.44623236666666,-37.884537,33.61545539016926
2024-08-21 15:30:00,-54.0233594,-35.84434825,-27.566162,26.457197290624997
2024-08-21 16:00:00,-35.204952866666666,-25.73822618333333,-14.538283,20.66666951858317
2024-08-21 16:30:00,-12.445391066666666,-13.896045583333333,-3.1464074,9.298983700867716
2024-08-21 17:00:00,-0.6651044833333334,-2.2895600833333334,5.8004313,6.465535734859213
2024-08-21 17:30:00,5.813925633333334,0.9795655833333335,13.114259,7.300333132840983
2024-08-21 18:00:00,13.555581633333334,9.347617933333334,18.49385,4.938269074674478
2024-08-21 18:30:00,18.4232491,14.844668983333332,22.97197,4.548720504492188
2024-08-21 19:00:00,22.251823916666662,21.706066616666664,26.717453,4.465629086263025
2024-08-21 19:30:00,27.2882895,20.524237266666667,28.644394,1.3561044208984363
2024-08-21 20:00:00,25.765977816666663,26.298471133333333,30.242691,4.4767132233724
2024-08-21 20:30:00,26.984586083333337,28.38622395,31.352951,4.368364966471351
2024-08-21 21:00:00,34.05282881666667,32.91918998333333,33.809067,-0.2437620442057309
2024-08-21 21:30:00,34.78973381666667,36.75912595,33.001083,-1.788650442643231
2024-08-21 22:00:00,32.01850098333333,31.37091331666667,33.577423,1.5589221123697925
2024-08-21 22:30:00,27.74777213333333,27.49365205,33.491653,5.743881309049481
2024-08-21 23:00:00,32.9670061,30.577378316666668,32.720276,-0.24673022109374898
2024-08-21 23:30:00,31.993006066666663,31.1061794,31.167542,-0.8254645627604127
2024-08-22 00:00:00,30.1267587,31.784550483333334,31.50087,1.3741110509765626
2024-08-22 00:30:00,22.33825218333333,30.341749550000003,29.274567,6.936314467057294
2024-08-22 01:00:00,21.387921700000003,29.1864817,27.82759,6.439669242382809
2024-08-22 01:30:00,22.527234983333333,28.638185016666664,27.374115,4.846880006901042
2024-08-22 02:00:00,23.363567866666667,25.8655239,26.36438,3.000812016145833
2024-08-22 02:30:00,27.28522285,30.06433275,26.916504,-0.36871894375000025
2024-08-22 03:00:00,20.229072183333333,24.439689366666663,27.340164,7.11109200123698
2024-08-22 03:30:00,20.883602266666667,22.62501268333333,27.248962,6.365360135677083
2024-08-22 04:00:00,20.56469445,21.740274900000003,29.023193,8.458498909374999
2024-08-22 04:30:00,25.3570244,21.721258316666667,29.83377,4.476746351953125
2024-08-22 05:00:00,21.29365003333333,24.1610161,30.425629,9.131978628776046
2024-08-22 05:30:00,24.149271066666667,26.432575683333337,30.135422,5.98615068626302
2024-08-22 06:00:00,21.060144416666667,26.12844945,29.450607,8.39046288313802
2024-08-22 06:30:00,23.88727396666667,28.4335506,29.78035,5.893075764778644
2024-08-22 07:00:00,29.153185500000003,29.46778125,28.450943,-0.7022425068359404
2024-08-22 07:30:00,30.13076453333333,26.585780166666662,25.651428,-4.4793363106770805
2024-08-22 08:00:00,20.23779498333333,26.11123665,20.671982,0.4341868281901071
2024-08-22 08:30:00,12.82639345,6.132002866666666,13.238099,0.411705648205567
2024-08-22 09:00:00,-5.73789575,-8.434995950000001,3.4360664,9.173962139083862
2024-08-22 09:30:00,-20.509097816666667,-20.582264483333333,-7.1865683,13.322529556473796
2024-08-22 10:00:00,-31.61092608333333,-32.21019998333333,-18.509567,13.101358822591141
2024-08-22 10:30:00,-39.66438386666667,-55.60813061666667,-30.84375,8.820633866666668
2024-08-22 11:00:00,-61.16252175,-63.76286785,-42.63211,18.53041115429688
2024-08-22 11:30:00,-69.94316008333332,-84.28700719999999,-53.73401,16.209151294270825
2024-08-22 12:00:00,-78.97272941666667,-106.32709768333332,-63.562515,15.410214157877604
2024-08-22 12:30:00,-76.4982951,-94.34127831666666,-71.61922,4.879078181054695
2024-08-22 13:00:00,-98.72373961666666,-88.02025943333335,-72.90425,25.81948851803385
2024-08-22 13:30:00,-94.03582175,-88.09036766666667,-70.84001,23.19581015332031
2024-08-22 14:00:00,-101.63559495,-82.9346434,-65.00438,36.63121567753906
2024-08-22 14:30:00,-101.75825436666666,-88.87864931666667,-58.020645,43.7376092250651
2024-08-22 15:00:00,-91.76183953333332,-71.49999213333332,-47.90477,43.85706963587238
2024-08-22 15:30:00,-65.20185588333334,-54.0233594,-37.48584,27.716016039583337
2024-08-22 16:00:00,-40.39976946666666,-35.204952866666666,-25.09317,15.306599300651037
2024-08-22 16:30:00,-21.043815533333333,-12.445391066666666,-13.021331,8.022484699898275
2024-08-22 17:00:00,-6.54432285,-0.6651044833333334,-3.8881524,2.6561704890838627
2024-08-22 17:30:00,5.1829915,5.813925633333334,4.338914,-0.8440775824584961
2024-08-22 18:00:00,14.17935215,13.555581633333334,13.280839,-0.8985131836303708
2024-08-22 18:30:00,20.68035,18.4232491,20.28859,-0.3917605224609382
2024-08-22 19:00:00,18.59980321666667,22.251823916666662,25.748688,7.148884527473957
2024-08-22 19:30:00,22.770447266666668,27.2882895,30.016708,7.246261107356769
2024-08-22 20:00:00,23.13397065,25.765977816666663,31.054077,7.920106498437502
2024-08-22 20:30:00,26.5388984,26.984586083333337,30.4859,3.9470024789062492
2024-08-22 21:00:00,30.985317133333336,34.05282881666667,30.903976,-0.0813406929036482
2024-08-22 21:30:00,34.601907266666664,34.78973381666667,31.249619,-3.352288736393227
2024-08-22 22:00:00,34.83311285,32.01850098333333,31.506622,-3.326490535546874
2024-08-22 22:30:00,31.25107285,27.74777213333333,32.19246,0.9413862564453126
2024-08-22 23:00:00,29.33503445,32.9670061,31.003967,1.6689328351562516
2024-08-22 23:30:00,29.0327511,31.993006066666663,31.400238,2.3674869371093763
2024-08-23 00:00:00,28.23175206666667,30.1267587,30.64032,2.408567757552081
2024-08-23 00:30:00,25.857218433333333,22.33825218333333,27.476868,1.6196492424479167
2024-08-23 01:00:00,22.551041166666664,21.387921700000003,25.919968,3.3689264847005234
2024-08-23 01:30:00,22.58412983333333,22.527234983333333,26.053604,3.469474292643234
2024-08-23 02:00:00,23.84997225,23.363567866666667,25.151108,1.301135538085937
2024-08-23 02:30:00,25.9765555,27.28522285,24.57222,-1.4043356513671874
2024-08-23 03:00:00,23.38679396666667,20.229072183333333,25.04956,1.6627665802083307
2024-08-23 03:30:00,23.951111766666667,20.883602266666667,24.14862,0.19750883880208292
2024-08-23 04:00:00,24.6829605,20.56469445,26.085022,1.40206147265625
2024-08-23 04:30:00,23.442055550000003,25.3570244,27.732544,4.290488395312497
2024-08-23 05:00:00,29.472310633333333,21.29365003333333,27.148834,-2.3234764048177077
2024-08-23 05:30:00,38.00033676666666,24.149271066666667,26.295822,-11.704514623111976
2024-08-23 06:00:00,36.50464396666667,21.060144416666667,27.12056,-9.384084274283857
2024-08-23 06:30:00,41.8992618,23.88727396666667,26.728378,-15.17088350410156
2024-08-23 07:00:00,36.25752,29.153185500000003,25.832031,-10.42548875
2024-08-23 07:30:00,28.11338453333333,30.13076453333333,23.51094,-4.602443981575519
2024-08-23 08:00:00,20.90254493333333,20.23779498333333,16.32782,-4.574725109114581
2024-08-23 08:30:00,10.187409416666666,12.82639345,6.7779093,-3.4095001377970373
2024-08-23 09:00:00,-0.6474917666666667,-5.73789575,-2.014785,-1.3672932846791586
2024-08-23 09:30:00,-14.166985616666668,-20.509097816666667,-13.390685,0.7763005351847347
2024-08-23 10:00:00,-23.425921833333334,-31.61092608333333,-26.00856,-2.582638347330729
2024-08-23 10:30:00,-39.36659386666667,-39.66438386666667,-37.193375,2.1732192328776065
2024-08-23 11:00:00,-48.51146438333333,-61.16252175,-49.812073,-1.3006083705729168
2024-08-23 11:30:00,-63.8289972,-69.94316008333332,-60.127197,3.7017999343750034
2024-08-23 12:00:00,-72.47253490000001,-78.97272941666667,-69.43384,3.0386970093750136
2024-08-23 12:30:00,-77.87840678333333,-76.4982951,-75.282715,2.5956919395833324
2024-08-23 13:00:00,-84.58023116666666,-98.72373961666666,-76.922165,7.6580662496744765
2024-08-23 13:30:00,-79.81182611666667,-94.03582175,-74.1906,5.621228582486978
2024-08-23 14:00:00,-60.08442936666666,-101.63559495,-71.94606,-11.861630813997401
2024-08-23 14:30:00,-60.79384001666667,-101.75825436666666,-64.84561,-4.051771555598954
2024-08-23 15:00:00,-53.56465168333333,-91.76183953333332,-56.477478,-2.912826344010419
2024-08-23 15:30:00,-37.815409816666666,-65.20185588333334,-45.56929,-7.753880344466147
2024-08-23 16:00:00,-17.763400999999998,-40.39976946666666,-32.415848,-14.652446778320314
2024-08-23 16:30:00,-1.7480173166666662,-21.043815533333333,-20.784348,-19.036330217513022
2024-08-23 17:00:00,3.8953466,-6.54432285,-9.272994,-13.168340641442871
2024-08-23 17:30:00,9.488446683333336,5.1829915,2.05243,-7.436016768858849
2024-08-23 18:00:00,13.49911225,14.17935215,11.091126,-2.407985808044433
2024-08-23 18:30:00,17.4911413,20.68035,18.50557,1.0144281580078136
2024-08-23 19:00:00,18.57412066666667,18.59980321666667,25.10196,6.527838561848956
2024-08-23 19:30:00,15.720742716666663,22.770447266666668,28.679184,12.958441243294274
2024-08-23 20:00:00,20.61742513333333,23.13397065,29.810822,9.193396399869794
2024-08-23 20:30:00,27.846801133333333,26.5388984,29.777847,1.9310461567057295
2024-08-23 21:00:00,22.233442416666666,30.985317133333336,31.205154,8.971712002278647
2024-08-23 21:30:00,29.125659966666664,34.601907266666664,31.443954,2.3182945011067737
2024-08-23 22:00:00,29.424521650000003,34.83311285,32.29953,2.8750083792968724
2024-08-23 22:30:00,27.7252255,31.25107285,32.47563,4.750406213867187
2024-08-23 23:00:00,30.52195055,29.33503445,30.054703,-0.4672477912109372
2024-08-23 23:30:00,29.61315343333333,29.0327511,29.559128,-0.05402562571614311
2024-08-24 00:00:00,29.806949916666667,28.23175206666667,27.629593,-2.177357021158855
2024-08-24 00:30:00,26.463664866666665,25.857218433333333,26.310394,-0.15327057955729018
2024-08-24 01:00:00,27.358443966666663,22.551041166666664,26.001114,-1.3573300750651
2024-08-24 01:30:00,24.425924966666667,22.58412983333333,25.098083,0.6721585294270831
2024-08-24 02:00:00,25.297602866666665,23.84997225,24.315659,-0.9819442973307275
2024-08-24 02:30:00,27.663174416666667,25.9765555,23.509796,-4.153378274088542
2024-08-24 03:00:00,24.126788816666664,23.38679396666667,23.710663,-0.4161259748697894
2024-08-24 03:30:00,21.790701016666663,23.951111766666667,23.738922,1.948221102473962
2024-08-24 04:00:00,21.053658466666665,24.6829605,23.926529,2.8728704639973976
2024-08-24 04:30:00,21.92205391666667,23.442055550000003,25.154022,3.2319683001302053
2024-08-24 05:00:00,25.06921045,29.472310633333333,26.787125,1.7179141837890626
2024-08-24 05:30:00,31.1918566,38.00033676666666,27.335037,-3.8568193685546888
2024-08-24 06:00:00,26.49912888333333,36.50464396666667,29.117462,2.6183332748697943
2024-08-24 06:30:00,26.204767566666664,41.8992618,30.020554,3.8157860222005233
2024-08-24 07:00:00,20.92019443333333,36.25752,28.66275,7.742555810807296
2024-08-24 07:30:00,16.590249466666666,28.11338453333333,25.56337,8.973120284309896
2024-08-24 08:00:00,22.18132053333333,20.90254493333333,16.448135,-5.733185157356768
2024-08-24 08:30:00,12.80739665,10.187409416666666,7.878312,-4.9290845390991205
2024-08-24 09:00:00,-4.3459712,-0.6474917666666667,-2.2900078,2.0559633703338624
2024-08-24 09:30:00,-17.05754885,-14.166985616666668,-14.844726,2.2128232411743163
2024-08-24 10:00:00,-44.797396166666665,-23.425921833333334,-28.704132,16.09326408658854
2024-08-24 10:30:00,-60.09717491666667,-39.36659386666667,-42.44583,17.651343617838542
2024-08-24 11:00:00,-82.96111988333332,-48.51146438333333,-54.81903,28.142089121614575
2024-08-24 11:30:00,-99.6944817,-63.8289972,-66.096924,33.597557871875
2024-08-24 12:00:00,-104.24154226666668,-72.47253490000001,-73.992096,30.24944631940106
2024-08-24 12:30:00,-104.4657251,-77.87840678333333,-79.14258,25.323146975
2024-08-24 13:00:00,-121.71574228333331,-84.58023116666666,-81.609375,40.10636728333331
2024-08-24 13:30:00,-128.33744935,-79.81182611666667,-81.428024,46.90942505800783
2024-08-24 14:00:00,-116.7536422,-60.08442936666666,-73.367714,43.385928271777345
2024-08-24 14:30:00,-95.41664671666666,-60.79384001666667,-64.919815,30.4968316531901
2024-08-24 15:00:00,-77.87421991666666,-53.56465168333333,-55.6792,22.19502069791666
2024-08-24 15:30:00,-53.80938446666667,-37.815409816666666,-43.118134,10.691250921744796
2024-08-24 16:00:00,-30.023931566666665,-17.763400999999998,-28.904587,1.1193447746744773
2024-08-24 16:30:00,-9.708918183333331,-1.7480173166666662,-16.14595,-6.437032134049481
2024-08-24 17:00:00,1.9977121,3.8953466,-2.8342125,-4.8319246415802
2024-08-24 17:30:00,7.954381783333333,9.488446683333336,7.3041544,-0.6502273872762041
2024-08-24 18:00:00,6.5978795,13.49911225,15.332963,8.735083489807128
2024-08-24 18:30:00,9.886819833333334,17.4911413,21.119522,11.232702261393229
2024-08-24 19:00:00,17.14203996666667,18.57412066666667,26.610687,9.468647289192706
2024-08-24 19:30:00,20.244962766666667,15.720742716666663,29.277283,9.032319948177083
2024-08-24 20:00:00,16.673290066666667,20.61742513333333,29.659424,12.986133761458333
2024-08-24 20:30:00,14.81563835,27.846801133333333,30.812775,15.997136308203125
2024-08-24 21:00:00,18.08395115,22.233442416666666,30.245438,12.161486472070312
2024-08-24 21:30:00,18.9247844,29.125659966666664,30.14215,11.21736647890625
2024-08-24 22:00:00,22.001769966666668,29.424521650000003,30.091309,8.089538627083332
2024-08-24 22:30:00,21.82339668333333,27.7252255,29.628937,7.805540084244797
2024-08-24 23:00:00,24.80286513333333,30.52195055,27.817062,3.0141972445963567
2024-08-24 23:30:00,27.9646473,29.61315343333333,26.227203,-1.7374439308593743
2024-08-25 00:00:00,26.659898416666664,29.806949916666667,25.742203,-0.9176956578776014
2024-08-25 00:30:00,19.037515466666665,26.463664866666665,25.561981,6.52446573450521
2024-08-25 01:00:00,18.54493048333333,27.358443966666663,25.977448,7.4325170264322935
2024-08-25 01:30:00,18.219478766666665,24.425924966666667,25.322113,7.10263427044271
2024-08-25 02:00:00,19.98914448333333,25.297602866666665,26.078918,6.08977397369792
2024-08-25 02:30:00,22.11109713333333,27.663174416666667,24.277908,2.1668111918619815
2024-08-25 03:00:00,18.251572133333333,24.126788816666664,25.27562,7.024047373502604
2024-08-25 03:30:00,20.0999739,21.790701016666663,25.060974,4.961000221093752
2024-08-25 04:00:00,20.41340783333333,21.053658466666665,25.437653,5.024244754557294
2024-08-25 04:30:00,20.19296878333333,21.92205391666667,26.372498,6.179528775260419
2024-08-25 05:00:00,26.447426,25.06921045,26.87413,0.4267042490234374
2024-08-25 05:30:00,32.9537616,31.1918566,26.668152,-6.28560974453125
2024-08-25 06:00:00,26.034228316666667,26.49912888333333,29.200745,3.166516312239583
2024-08-25 06:30:00,23.31806843333333,26.204767566666664,28.818542,5.50047404713542
2024-08-25 07:00:00,13.566611783333334,20.92019443333333,26.88356,13.316948397330728
2024-08-25 07:30:00,9.58434225,16.590249466666666,23.048676,13.464333287109374
2024-08-25 08:00:00,9.823884483333332,22.18132053333333,18.462341,8.638456825260418
2024-08-25 08:30:00,6.71467615,12.80739665,10.460359,3.7456824696899416
2024-08-25 09:00:00,3.25756125,-4.3459712,-0.49693218,-3.754493428735733
2024-08-25 09:30:00,-0.4632286333333331,-17.05754885,-13.86827,-13.405041287015788
2024-08-25 10:00:00,-6.833398833333334,-44.797396166666665,-29.115265,-22.28186605924479
2024-08-25 10:30:00,-8.759876716666666,-60.09717491666667,-44.477386,-35.71750975794271
2024-08-25 11:00:00,-17.311439500000002,-82.96111988333332,-58.367874,-41.05643464550781
2024-08-25 11:30:00,-32.168599916666665,-99.6944817,-70.25183,-38.083231138020835
2024-08-25 12:00:00,-42.0736465,-104.24154226666668,-80.73314,-38.659492538085935
2024-08-25 12:30:00,-44.26904725,-104.4657251,-87.46631,-43.19726134375
2024-08-25 13:00:00,-41.2794244,-121.71574228333331,-91.260315,-49.98089054140625
2024-08-25 13:30:00,-60.66518316666666,-128.33744935,-90.60939,-29.944207092122404
2024-08-25 14:00:00,-51.14757235,-116.7536422,-85.278625,-34.13105313828125
2024-08-25 14:30:00,-33.39903983333333,-95.41664671666666,-73.90123,-40.502190025065104
2024-08-25 15:00:00,-14.555530416666668,-77.87421991666666,-61.1438,-46.58826841145833
2024-08-25 15:30:00,-4.634229,-53.80938446666667,-48.239105,-43.60487622460938
2024-08-25 16:00:00,-8.238308333333334,-30.023931566666665,-33.333008,-25.094699479166664
2024-08-25 16:30:00,-0.670800516666667,-9.708918183333331,-20.123795,-19.452994038997396
2024-08-25 17:00:00,7.462297899999999,1.9977121,-8.4100485,-15.872346384802245
2024-08-25 17:30:00,18.5596928,7.954381783333333,4.3837137,-14.175979077770997
2024-08-25 18:00:00,23.30818548333333,6.5978795,13.574479,-9.73370638024495
2024-08-25 18:30:00,31.379112666666668,9.886819833333334,18.904251,-12.474861568033855
2024-08-25 19:00:00,28.55311565,17.14203996666667,22.11522,-6.437896533789061
2024-08-25 19:30:00,26.906926666666664,20.244962766666667,27.865875,0.9589485774739614
2024-08-25 20:00:00,27.319380966666667,16.673290066666667,29.238083,1.9187019190755201
2024-08-25 20:30:00,21.949365033333333,14.81563835,28.52771,6.578344927604167
2024-08-25 21:00:00,25.564702083333334,18.08395115,27.59729,2.0325879557291664
2024-08-25 21:30:00,20.612970033333333,18.9247844,26.470795,5.857824644401042
2024-08-25 22:00:00,20.022123366666666,22.001769966666668,25.682266,5.660142868684897
2024-08-25 22:30:00,20.025493316666665,21.82339668333333,25.608932,5.583439178450522
2024-08-25 23:00:00,24.60140668333333,24.80286513333333,25.382858,0.7814515930338573
2024-08-25 23:30:00,27.648408683333333,27.9646473,24.562195,-3.086213859114583
2024-08-26 00:00:00,27.58554833333333,26.659898416666664,24.820068,-2.7654799739583282
2024-08-26 00:30:00,22.4081068,19.037515466666665,24.060516,1.6524095574218762
2024-08-26 01:00:00,23.20198328333333,18.54493048333333,24.61583,1.4138461844401071
2024-08-26 01:30:00,25.6334738,18.219478766666665,23.42746,-2.206014083203126
2024-08-26 02:00:00,23.80741283333333,19.98914448333333,21.585632,-2.2217805091145806
2024-08-26 02:30:00,28.6944277,22.11109713333333,21.253159,-7.441269130664061
2024-08-26 03:00:00,23.46012118333333,18.251572133333333,22.313202,-1.1469192790364566
2024-08-26 03:30:00,21.741013366666664,20.0999739,22.850342,1.1093284302083362
2024-08-26 04:00:00,25.430176733333337,20.41340783333333,24.072815,-1.3573617919270866
2024-08-26 04:30:00,29.6045807,20.19296878333333,25.697937,-3.9066436882812496
2024-08-26 05:00:00,28.300827216666665,26.447426,24.485367,-3.8154603953776025
2024-08-26 05:30:00,27.260788316666662,32.9537616,25.776901,-1.483887071549475
2024-08-26 06:00:00,25.5238167,26.034228316666667,27.9366,2.4127830314453114
2024-08-26 06:30:00,19.182737133333333,23.31806843333333,28.58223,9.39949248092448
2024-08-26 07:00:00,20.90695833333333,13.566611783333334,25.642746,4.735787638346359
2024-08-26 07:30:00,22.255581000000003,9.58434225,22.323135,0.06755437597655956
2024-08-26 08:00:00,18.96584665,9.823884483333332,14.786469,-4.179377190466308
2024-08-26 08:30:00,9.901607816666669,6.71467615,5.340577,-4.561030691117352
2024-08-26 09:00:00,-2.5838327500000005,3.25756125,-6.2710104,-3.6871776488647456
2024-08-26 09:30:00,-25.57472338333333,-0.4632286333333331,-18.310852,7.263871332552078
2024-08-26 10:00:00,-40.2084911,-6.833398833333334,-31.73816,8.470331920312503
2024-08-26 10:30:00,-50.22642326666666,-8.759876716666666,-43.024216,7.20220756842447
2024-08-26 11:00:00,-66.69145491666667,-17.311439500000002,-53.791702,12.89975264615886
2024-08-26 11:30:00,-89.89311953333333,-32.168599916666665,-63.09384,26.79927798059896
2024-08-26 12:00:00,-95.06253555,-42.0736465,-71.328,23.734532620312507
2024-08-26 12:30:00,-84.0058294,-44.26904725,-77.466545,6.539284295019527
2024-08-26 13:00:00,-91.71832878333332,-41.2794244,-76.24123,15.477102587044257
2024-08-26 13:30:00,-102.24378786666666,-60.66518316666666,-74.91627,27.327520471647134
2024-08-26 14:00:00,-102.53996383333332,-51.14757235,-68.895676,33.64428817415363
2024-08-26 14:30:00,-90.70913163333334,-33.39903983333333,-57.69388,33.01525345950522
2024-08-26 15:00:00,-85.56518781666666,-14.555530416666668,-46.240234,39.324953441666665
2024-08-26 15:30:00,-60.3305483,-4.634229,-34.222137,26.10841084882812
2024-08-26 16:00:00,-40.38564711666667,-8.238308333333334,-21.471909,18.91373854733073
2024-08-26 16:30:00,-17.61146375,-0.670800516666667,-7.868331,9.743132794494628
2024-08-26 17:00:00,0.4768478166666667,7.462297899999999,2.7429206,2.2660728204640708
2024-08-26 17:30:00,4.9169444,18.5596928,13.571153,8.654208287072754
2024-08-26 18:00:00,10.8770167,23.30818548333333,21.519104,10.64208730390625
2024-08-26 18:30:00,11.02777885,31.379112666666668,25.148666,14.120887531835937
2024-08-26 19:00:00,15.872754433333334,28.55311565,27.704605,11.831850669205728
2024-08-26 19:30:00,17.12448505,26.906926666666664,28.768387,11.643901790820312
2024-08-26 20:00:00,17.723771233333334,27.319380966666667,27.383072,9.659300666080728
2024-08-26 20:30:00,20.84954433333333,21.949365033333333,27.339218,6.489673806315107
2024-08-26 21:00:00,20.479532666666667,25.564702083333334,26.995392,6.5158591790364575
2024-08-26 21:30:00,20.34784781666667,20.612970033333333,25.853409,5.505560996809894
2024-08-26 22:00:00,24.447379966666663,20.022123366666666,26.77324,2.3258591690755246
2024-08-26 22:30:00,26.14714785,20.025493316666665,25.237717,-0.9094311751953121
2024-08-26 23:00:00,22.648811816666665,24.60140668333333,26.243134,3.59432172825521
2024-08-26 23:30:00,23.96958315,27.648408683333333,27.403397,3.433813456445314
2024-08-27 00:00:00,26.948035533333336,27.58554833333333,27.017303,0.06926793346353932
2024-08-27 00:30:00,23.6253227,22.4081068,25.618134,1.9928108449218733
2024-08-27 01:00:00,25.451142166666667,23.20198328333333,25.12555,-0.32559285026041707
2024-08-27 01:30:00,26.280654866666666,25.6334738,23.717484,-2.5631713461588532
2024-08-27 02:00:00,28.18730115,23.80741283333333,24.58516,-3.602141848242187
2024-08-27 02:30:00,30.00830396666667,28.6944277,23.879364,-6.128939952994795
2024-08-27 03:00:00,26.860548966666663,23.46012118333333,23.578506,-3.2820424969401003
2024-08-27 03:30:00,27.380243766666663,21.741013366666664,24.941147,-2.439096916080725
2024-08-27 04:00:00,29.44495756666667,25.430176733333337,25.328918,-4.11603910963542
2024-08-27 04:30:00,29.050834966666667,29.6045807,26.275177,-2.7756579647135418
2024-08-27 05:00:00,28.32531445,28.300827216666665,24.916336,-3.408978390429688
2024-08-27 05:30:00,27.958051116666667,27.260788316666662,26.9738,-0.9842504574869793
2024-08-27 06:00:00,29.333674966666667,25.5238167,28.23494,-1.0987353914713545
2024-08-27 06:30:00,28.0271782,19.182737133333333,28.333115,0.3059364240234359
2024-08-27 07:00:00,28.564272366666668,20.90695833333333,27.23944,-1.3248314486979176
2024-08-27 07:30:00,25.665503366666663,22.255581000000003,23.982971,-1.6825321752604125
2024-08-27 08:00:00,29.237119433333334,18.96584665,16.95752,-12.279599902083334
2024-08-27 08:30:00,11.396792183333334,9.901607816666669,7.543168,-3.853624115401205
2024-08-27 09:00:00,-5.260672266666667,-2.5838327500000005,-2.8918602,2.368812020008342
2024-08-27 09:30:00,-25.2436662,-25.57472338333333,-16.395248,8.848417786914062
2024-08-27 10:00:00,-43.19203843333333,-40.2084911,-29.119553,14.072485821028643
2024-08-27 10:30:00,-58.679367283333335,-50.22642326666666,-43.134155,15.545212009895835
2024-08-27 11:00:00,-76.49888448333333,-66.69145491666667,-55.932404,20.566480918880202
2024-08-27 11:30:00,-97.80616651666666,-89.89311953333333,-67.90816,29.898009168033852
2024-08-27 12:00:00,-110.8480362,-95.06253555,-76.3288,34.519239813281246
2024-08-27 12:30:00,-119.87872211666668,-84.0058294,-82.63927,37.23945514889324
2024-08-27 13:00:00,-114.8093106,-91.71832878333332,-84.00697,30.80233733339844
2024-08-27 13:30:00,-118.0712527,-102.24378786666666,-81.95304,36.118211623339846
2024-08-27 14:00:00,-118.6385933,-102.53996383333332,-78.30373,40.334867103710934
2024-08-27 14:30:00,-107.8495067,-90.70913163333334,-70.33969,37.50981553789063
2024-08-27 15:00:00,-87.58408485000001,-85.56518781666666,-59.957474,27.626611095117198
2024-08-27 15:30:00,-63.29941781666667,-60.3305483,-47.149048,16.15036996510417
2024-08-27 16:00:00,-34.82802268333333,-40.38564711666667,-34.60408,0.22394248313801768
2024-08-27 16:30:00,-14.966616516666669,-17.61146375,-20.566605,-5.599988097591144
2024-08-27 17:00:00,-3.97232715,0.4768478166666667,-9.008193,-5.035865866052246
2024-08-27 17:30:00,-0.470792,4.9169444,2.2601783,2.7309703275604247
2024-08-27 18:00:00,6.906782150000001,10.8770167,10.986634,4.079852104455566
2024-08-27 18:30:00,19.00507105,11.02777885,16.957733,-2.0473378957031265
2024-08-27 19:00:00,19.710303516666663,15.872754433333334,19.980423,0.2701194569661496
2024-08-27 19:30:00,18.37262385,17.12448505,23.542023,5.169398855078125
2024-08-27 20:00:00,17.114346816666668,17.723771233333334,24.868896,7.754549667708332
2024-08-27 20:30:00,25.812402783333336,20.84954433333333,24.431183,-1.3812199220052115
2024-08-27 21:00:00,24.338125533333336,20.479532666666667,23.849442,-0.4886840050130239
2024-08-27 21:30:00,23.437046,20.34784781666667,22.481369,-0.9556769814453112
2024-08-27 22:00:00,24.358459016666668,24.447379966666663,23.83316,-0.5252986162760429
2024-08-27 22:30:00,20.2517094,26.14714785,23.866043,3.614333690820313
2024-08-27 23:00:00,25.890638300000003,22.648811816666665,22.755783,-3.134855218945315
2024-08-27 23:30:00,28.460438816666667,23.96958315,22.766983,-5.693455784440104
2024-08-28 00:00:00,25.825604466666665,26.948035533333336,23.769348,-2.0562563221354146
2024-08-28 00:30:00,20.435725566666665,23.6253227,24.559677,4.123951557356772
2024-08-28 01:00:00,21.18257158333333,25.451142166666667,25.141342,3.9587705797526063
2024-08-28 01:30:00,19.72455998333333,26.280654866666666,24.376984,4.652423659244796
2024-08-28 02:00:00,23.08855375,28.18730115,22.446747,-0.6418069238281241
2024-08-28 02:30:00,26.52626168333333,30.00830396666667,21.478912,-5.047349329817706
2024-08-28 03:00:00,22.4524939,26.860548966666663,22.491043,0.03854919082031216
2024-08-28 03:30:00,21.29555626666667,27.380243766666663,22.3405,1.0449436112630188
2024-08-28 04:00:00,20.00946235,29.44495756666667,23.708115,3.6986522740234378
2024-08-28 04:30:00,21.945183316666668,29.050834966666667,27.16298,5.217795809309894
2024-08-28 05:00:00,29.24117178333333,28.32531445,27.291748,-1.9494237364583284
2024-08-28 05:30:00,32.952925,27.958051116666667,26.34665,-6.6062758300781255
2024-08-28 06:00:00,25.6599834,29.333674966666667,27.497833,1.8378498519531234
2024-08-28 06:30:00,24.74845996666667,28.0271782,27.373444,2.624983636848956
2024-08-28 07:00:00,23.086891066666663,28.564272366666668,26.761032,3.6741410378255246
2024-08-28 07:30:00,24.728226666666668,25.665503366666663,23.10765,-1.6205759098307304
2024-08-28 08:00:00,20.690711633333333,29.237119433333334,16.336212,-4.354499475130208
2024-08-28 08:30:00,-0.1358994,11.396792183333334,9.171601,9.307500695471191
2024-08-28 09:00:00,-12.508291133333332,-5.260672266666667,-0.3895866,12.118704535652286
2024-08-28 09:30:00,-20.545420066666665,-25.2436662,-12.99649,7.5489305418253565
2024-08-28 10:00:00,-46.50548328333333,-43.19203843333333,-28.089096,18.41638721399739
2024-08-28 10:30:00,-59.95385096666666,-58.679367283333335,-43.513855,16.439995986197907
2024-08-28 11:00:00,-81.79674723333333,-76.49888448333333,-57.46031,24.336435343684897
2024-08-28 11:30:00,-103.32250128333334,-97.80616651666666,-71.24823,32.07427130286459
2024-08-28 12:00:00,-116.65499326666666,-110.8480362,-82.33328,34.32171079596354
2024-08-28 12:30:00,-122.02271815,-119.87872211666668,-90.56918,31.453534800390628
2024-08-28 13:00:00,-123.80798616666668,-114.8093106,-92.982544,30.82544222135418
2024-08-28 13:30:00,-119.69769045,-118.0712527,-90.78793,28.90975710039062
2024-08-28 14:00:00,-96.50428785,-118.6385933,-87.13953,9.364761482812497
2024-08-28 14:30:00,-83.98729216666668,-107.8495067,-76.450966,7.536326285319021
2024-08-28 15:00:00,-84.2128695,-87.58408485000001,-66.00508,18.207788323242184
2024-08-28 15:30:00,-53.24368615,-63.29941781666667,-52.321243,0.9224428638671895
2024-08-28 16:00:00,-35.360421233333334,-34.82802268333333,-37.463577,-2.103156037174479
2024-08-28 16:30:00,-15.696602233333332,-14.966616516666669,-21.612518,-5.915916077213543
2024-08-28 17:00:00,3.2130971833333333,-3.97232715,-9.161849,-12.374946205244955
2024-08-28 17:30:00,10.445467766666669,-0.470792,1.594529,-8.850938733959454
2024-08-28 18:00:00,17.404371616666666,6.906782150000001,11.623918,-5.780454037015787
2024-08-28 18:30:00,19.87087148333333,19.00507105,18.66919,-1.2016820302083318
2024-08-28 19:00:00,15.489045016666669,19.710303516666663,23.15509,7.666045315364581
2024-08-28 19:30:00,20.5159066,18.37262385,25.32582,4.8099143228515615
2024-08-28 20:00:00,19.043967716666668,17.114346816666668,25.042221,5.99825335266927
2024-08-28 20:30:00,25.013247766666662,25.812402783333336,24.022598,-0.9906495000650999
2024-08-28 21:00:00,31.71339675,24.338125533333336,22.36821,-9.345186911132814
2024-08-28 21:30:00,30.064612216666664,23.437046,22.59375,-7.470862216666664
2024-08-28 22:00:00,26.93330883333333,24.358459016666668,24.667877,-2.2654316360677065
2024-08-28 22:30:00,24.319645016666662,20.2517094,25.727524,1.4078787870442753
2024-08-28 23:00:00,22.906232783333333,25.890638300000003,25.708557,2.8023243455729165
2024-08-28 23:30:00,26.1210154,28.460438816666667,23.680206,-2.440809101171876
2024-08-29 00:00:00,25.331097133333333,25.825604466666665,24.890274,-0.44082308548177096
2024-08-29 00:30:00,26.615629533333333,20.435725566666665,26.146317,-0.46931300501302076
2024-08-29 01:00:00,24.6769339,21.18257158333333,24.561462,-0.11547149765625164
2024-08-29 01:30:00,23.994326633333333,19.72455998333333,22.732529,-1.2617979468098959
2024-08-29 02:00:00,20.91988113333333,23.08855375,21.032913,0.11303207467448217
2024-08-29 02:30:00,24.43885498333333,26.52626168333333,21.159805,-3.279049685481766
2024-08-29 03:00:00,22.8435945,22.4524939,21.774612,-1.0689820732421857
2024-08-29 03:30:00,19.81654215,21.29555626666667,21.95485,2.1383070931640624
2024-08-29 04:00:00,22.81086493333333,20.00946235,23.182602,0.3717369953776064
2024-08-29 04:30:00,23.249530016666668,21.945183316666668,24.857697,1.608166516536457
2024-08-29 05:00:00,31.90406395,29.24117178333333,23.401901,-8.502162704882814
2024-08-29 05:30:00,34.455636633333334,32.952925,24.225754,-10.229882849153647
2024-08-29 06:00:00,25.34076225,25.6599834,24.892197,-0.44856559472656343
2024-08-29 06:30:00,21.333331150000003,24.74845996666667,24.743332,3.4100007591796846
2024-08-29 07:00:00,20.43114165,23.086891066666663,23.49733,3.066188061914062
2024-08-29 07:30:00,20.271226666666667,24.728226666666668,20.097412,-0.17381455729166717
2024-08-29 08:00:00,17.330190116666667,20.690711633333333,13.9093485,-3.4208416288126635
2024-08-29 08:30:00,13.52886565,-0.1358994,5.496949,-8.031916454138184
2024-08-29 09:00:00,-11.381767133333332,-12.508291133333332,-8.08261,3.2991570030232733
2024-08-29 09:30:00,-25.33724948333333,-20.545420066666665,-21.322464,4.014785494075518
2024-08-29 10:00:00,-44.184767416666666,-46.50548328333333,-36.503952,7.680815390299479
2024-08-29 10:30:00,-66.02137438333334,-59.95385096666666,-52.545074,13.476299920442713
2024-08-29 11:00:00,-85.3525345,-81.79674723333333,-67.8414,17.51113435351563
2024-08-29 11:30:00,-103.91687823333332,-103.32250128333334,-81.87721,22.03966570891926
2024-08-29 12:00:00,-120.33115385,-116.65499326666666,-93.91372,26.417434672753913
2024-08-29 12:30:00,-126.3574061,-122.02271815,-102.51111,23.846297701562506
2024-08-29 13:00:00,-137.3775077,-123.80798616666668,-105.906425,31.471082223925777
2024-08-29 13:30:00,-130.85343783333334,-119.69769045,-104.37472,26.478720120931
2024-08-29 14:00:00,-124.4174189,-96.50428785,-97.0352,27.382216873632814
2024-08-29 14:30:00,-112.47228775,-83.98729216666668,-84.86557,27.60671768164063
2024-08-29 15:00:00,-97.92720956666666,-84.2128695,-71.3607,26.566507052018224
2024-08-29 15:30:00,-57.93657933333333,-53.24368615,-54.29138,3.645197497395827
2024-08-29 16:00:00,-34.103022333333335,-35.360421233333334,-36.182312,-2.0792896783854147
2024-08-29 16:30:00,-15.119630766666669,-15.696602233333332,-20.202606,-5.082975434505206
2024-08-29 17:00:00,-4.6541466,3.2130971833333333,-7.2854147,-2.6312680957397463
2024-08-29 17:30:00,1.4810422333333335,10.445467766666669,4.421006,2.9399639693644204
2024-08-29 18:00:00,3.984542766666666,17.404371616666666,13.171067,9.186524471187338
2024-08-29 18:30:00,9.74303235,19.87087148333333,18.254303,8.511270628515625
2024-08-29 19:00:00,12.171718183333333,15.489045016666669,20.633118,8.461399492447917
2024-08-29 19:30:00,12.040113433333334,20.5159066,21.884384,9.844270721940104
2024-08-29 20:00:00,14.03007995,19.043967716666668,22.105469,8.0753888
2024-08-29 20:30:00,17.889105533333332,25.013247766666662,21.585373,3.6962673914713555
2024-08-29 21:00:00,12.939922266666663,31.71339675,20.405396,7.465473241145837
2024-08-29 21:30:00,14.5379229,30.064612216666664,21.515335,6.977412183007813
2024-08-29 22:00:00,17.9940062,26.93330883333333,22.101822,4.107815699414061
2024-08-29 22:30:00,16.31370855,24.319645016666662,24.159622,7.845913642382811
2024-08-29 23:00:00,19.779129916666665,22.906232783333333,24.258408,4.479277676106772
2024-08-29 23:30:00,21.071901116666663,26.1210154,23.568924,2.49702283352865
2024-08-30 00:00:00,22.980052266666664,25.331097133333333,22.7538,-0.22625282819010195
2024-08-30 00:30:00,21.00912105,26.615629533333333,24.59642,3.5872992380859365
2024-08-30 01:00:00,21.84874071666667,24.6769339,24.326523,2.477782110481769
2024-08-30 01:30:00,21.0225004,23.994326633333333,26.299911,5.277411099023439
2024-08-30 02:00:00,19.3487756,20.91988113333333,26.004349,6.655573154882813
2024-08-30 02:30:00,22.590653816666663,24.43885498333333,26.16475,3.5740953288411497
2024-08-30 03:00:00,23.52549338333333,22.8435945,26.17978,2.6542856694010446
2024-08-30 03:30:00,24.436740016666665,19.81654215,24.091537,-0.34520254108072734
2024-08-30 04:00:00,24.937828416666665,22.81086493333333,23.328262,-1.6095660875651028
2024-08-30 04:30:00,22.5280756,23.249530016666668,23.839447,1.311371421484374
2024-08-30 05:00:00,28.41044055,31.90406395,25.040451,-3.369989500195313
2024-08-30 05:30:00,34.53096555,34.455636633333334,26.49762,-8.033345921093748
2024-08-30 06:00:00,25.4371677,25.34076225,28.738052,3.3008846681640627
2024-08-30 06:30:00,17.84521825,21.333331150000003,26.536942,8.691723278320314
2024-08-30 07:00:00,16.45195886666667,20.43114165,23.198868,6.746908931184894
2024-08-30 07:30:00,14.076791716666667,20.271226666666667,16.978271,2.9014797677083326
2024-08-30 08:00:00,9.412227833333334,17.330190116666667,10.5011,1.088871753153482
2024-08-30 08:30:00,2.2699704,13.52886565,1.0461129,-1.2238575049880982
2024-08-30 09:00:00,-10.31384835,-11.381767133333332,-10.24269,0.07115826363525457
2024-08-30 09:30:00,-25.947441183333336,-25.33724948333333,-23.476562,2.4708786833333356
2024-08-30 10:00:00,-49.25337875,-44.184767416666666,-40.85411,8.399268032226566
2024-08-30 10:30:00,-65.33917941666667,-66.02137438333334,-56.901627,8.437552829752605
2024-08-30 11:00:00,-89.80884791666666,-85.3525345,-71.93245,17.876398575846352
2024-08-30 11:30:00,-114.38170551666668,-103.91687823333332,-86.69623,27.685477489322935
2024-08-30 12:00:00,-122.90283716666666,-120.33115385,-99.1086,23.794240364908845
2024-08-30 12:30:00,-124.091183,-126.3574061,-109.256805,14.834377580078126
2024-08-30 13:00:00,-136.00465271666667,-137.3775077,-112.803696,23.20095703795573
2024-08-30 13:30:00,-131.1641595,-130.85343783333334,-110.41459,20.749570571777355
2024-08-30 14:00:00,-114.37562388333332,-124.4174189,-104.75968,9.615942181673162
2024-08-30 14:30:00,-103.38826546666668,-112.47228775,-92.0728,11.315465784049493
2024-08-30 15:00:00,-76.95528835,-97.92720956666666,-77.56849,-0.6132007247070277
2024-08-30 15:30:00,-58.63486405,-57.93657933333333,-61.51924,-2.884377283007815
2024-08-30 16:00:00,-42.25513266666667,-34.103022333333335,-41.95157,0.30356406315104323
2024-08-30 16:30:00,-21.50600723333333,-15.119630766666669,-25.33751,-3.831501921940106
2024-08-30 17:00:00,-9.223383433333334,-4.6541466,-12.084929,-2.861546032914225
2024-08-30 17:30:00,-2.590989933333334,1.4810422333333335,1.3673257,3.9583155968999235
2024-08-30 18:00:00,0.3650062000000001,3.984542766666666,10.910554,10.545547732189942
2024-08-30 18:30:00,5.879172149999999,9.74303235,16.349777,10.470605071679689
2024-08-30 19:00:00,11.695469966666666,12.171718183333333,20.495407,8.799937137825522
2024-08-30 19:30:00,10.6352511,12.040113433333334,22.004059,11.368807737890625
2024-08-30 20:00:00,16.019247683333333,14.03007995,20.419296,4.4000485813151045
2024-08-30 20:30:00,12.695366233333331,17.889105533333332,19.317947,6.622581154361981
2024-08-30 21:00:00,14.208869466666664,12.939922266666663,19.606674,5.397804727669273
2024-08-30 21:30:00,18.380837316666668,14.5379229,18.439453,0.05861580833333235
2024-08-30 22:00:00,29.52891836666667,17.9940062,18.343689,-11.18522940182292
2024-08-30 22:30:00,22.035589866666665,16.31370855,19.729431,-2.3061587143229154
2024-08-30 23:00:00,21.608808416666665,19.779129916666665,21.106842,-0.5019663756510404
2024-08-30 23:30:00,19.77389065,21.071901116666663,21.760986,1.9870956781250015
2024-08-31 00:00:00,19.338665466666665,22.980052266666664,23.076965,3.738299865364585
2024-08-31 00:30:00,18.47404885,21.00912105,22.624619,4.150569680273438
2024-08-31 01:00:00,17.596806016666665,21.84874071666667,22.251434,4.65462830950521
2024-08-31 01:30:00,17.942489483333333,21.0225004,21.597916,3.65542616608073
2024-08-31 02:00:00,17.96166381666667,19.3487756,21.650055,3.6883911149739568
2024-08-31 02:30:00,22.65970498333333,22.590653816666663,21.38269,-1.2770145536458308
2024-08-31 03:00:00,16.934513266666666,23.52549338333333,21.692871,4.7583578270833335
2024-08-31 03:30:00,15.0009716,24.436740016666665,21.390442,6.38947029453125
2024-08-31 04:00:00,15.295598433333334,24.937828416666665,24.908401,9.612803055924479
2024-08-31 04:30:00,14.93578945,22.5280756,26.035156,11.0993668
2024-08-31 05:00:00,23.16710206666667,28.41044055,25.558441,2.3913390954427065
2024-08-31 05:30:00,30.1747706,34.53096555,25.793747,-4.381023651757811
2024-08-31 06:00:00,22.4290734,25.4371677,24.832245,2.403171473046875
2024-08-31 06:30:00,18.52725775,17.84521825,24.394882,5.867624452148437
2024-08-31 07:00:00,14.297160533333331,16.45195886666667,21.371445,7.074284168815106
2024-08-31 07:30:00,9.418726633333334,14.076791716666667,17.253525,7.834798146940104
2024-08-31 08:00:00,7.386420033333334,9.412227833333334,10.765611,3.3791906615519203
2024-08-31 08:30:00,1.327790533333333,2.2699704,0.5719307,-0.755859826832326
2024-08-31 09:00:00,-11.60995165,-10.31384835,-11.83055,-0.2205985437866218
2024-08-31 09:30:00,-29.26929645,-25.947441183333336,-27.06755,2.2017457908203113
2024-08-31 10:00:00,-38.80013491666667,-49.25337875,-45.476288,-6.676152925130204
2024-08-31 10:30:00,-59.314662266666666,-65.33917941666667,-61.532913,-2.2182509413411466
2024-08-31 11:00:00,-86.2436515,-89.80884791666666,-76.30609,9.937560191406249
2024-08-31 11:30:00,-99.82930393333334,-114.38170551666668,-91.201584,8.627720071028648
2024-08-31 12:00:00,-117.11700283333334,-122.90283716666666,-100.71761,16.3993896131185
2024-08-31 12:30:00,-121.79498268333332,-124.091183,-108.98936,12.80562568870441
2024-08-31 13:00:00,-108.00816513333332,-136.00465271666667,-111.68759,-3.6794264194010537
2024-08-31 13:30:00,-88.24854608333334,-131.1641595,-109.077095,-20.828548948404944
2024-08-31 14:00:00,-96.22371098333332,-114.37562388333332,-103.022446,-6.798734695377618
2024-08-31 14:30:00,-105.97951341666668,-103.38826546666668,-90.241585,15.737928638834646
2024-08-31 15:00:00,-86.33982553333334,-76.95528835,-74.162766,12.177060030403652
2024-08-31 15:30:00,-59.80318385,-58.63486405,-57.777588,2.0255959593750035
2024-08-31 16:00:00,-46.20219896666666,-42.25513266666667,-39.63513,6.567067130729157
2024-08-31 16:30:00,-25.83268393333333,-21.50600723333333,-24.562973,1.2697109108723907
2024-08-31 17:00:00,-8.30519285,-9.223383433333334,-8.672851,-0.3676577588256844
2024-08-31 17:30:00,0.3825161999999997,-2.590989933333334,2.8298347,2.4473184996307378
2024-08-31 18:00:00,12.311770433333336,0.3650062000000001,10.950807,-1.36096381559652
2024-08-31 18:30:00,14.180635083333334,5.879172149999999,15.699388,1.5187524670206702
2024-08-31 19:00:00,10.884241616666666,11.695469966666666,17.08931,6.205068075716147
2024-08-31 19:30:00,7.855175516666667,10.6352511,19.688843,11.833667256770834
2024-08-31 20:00:00,11.261248416666668,16.019247683333333,18.505356,7.24410741829427
2024-08-31 20:30:00,14.515433666666668,12.695366233333331,15.716523,1.201089503804523
2024-08-31 21:00:00,18.85676893333333,14.208869466666664,16.116196,-2.7405732546223938
2024-08-31 21:30:00,16.668352083333335,18.380837316666668,16.927155,0.2588024576822896
2024-08-31 22:00:00,11.220119333333336,29.52891836666667,18.094818,6.874698781901039
2024-08-31 22:30:00,13.225399983333332,22.035589866666665,20.49884,7.273440348697918
2024-08-31 23:00:00,20.29731823333333,21.608808416666665,20.323578,0.026259647526046592
2024-08-31 23:30:00,22.479928216666668,19.77389065,21.544495,-0.9354335877604179
2024-09-01 00:00:00,22.223174350000004,19.338665466666665,23.586838,1.3636634185546832
2024-09-01 00:30:00,17.206427666666666,18.47404885,22.64746,5.4410332708333335
2024-09-01 01:00:00,16.3307516,17.596806016666665,24.019928,7.689176378515626
2024-09-01 01:30:00,14.694593133333331,17.942489483333333,24.148376,9.453783331510419
2024-09-01 02:00:00,14.517346616666666,17.96166381666667,23.224289,8.706942323763021
2024-09-01 02:30:00,20.788081,22.65970498333333,22.753479,1.9653980039062517
2024-09-01 03:00:00,20.4322484,16.934513266666666,23.137146,2.704897596093751
2024-09-01 03:30:00,18.500324316666667,15.0009716,22.782776,4.282451562239583
2024-09-01 04:00:00,17.112412850000002,15.295598433333334,21.72136,4.608946402929686
2024-09-01 04:30:00,16.758011116666665,14.93578945,21.515259,4.757247672395835
2024-09-01 05:00:00,22.448362566666663,23.16710206666667,20.916977,-1.5313856379557258
2024-09-01 05:30:00,27.612487916666662,30.1747706,20.393372,-7.219116334635412
2024-09-01 06:00:00,24.40717351666667,22.4290734,23.676086,-0.7310870908854206
2024-09-01 06:30:00,17.349596666666667,18.52725775,24.520569,7.170972180989583
2024-09-01 07:00:00,13.230821583333332,14.297160533333331,22.58226,9.351438548502605
2024-09-01 07:30:00,7.532871716666666,9.418726633333334,17.34143,9.808558947395834
2024-09-01 08:00:00,3.617294433333333,7.386420033333334,7.6216135,4.004319069169108
2024-09-01 08:30:00,-1.3345887833333328,1.327790533333333,-4.184127,-2.8495380706095386
2024-09-01 09:00:00,-16.0850629,-11.60995165,-16.443527,-0.358464321679687
2024-09-01 09:30:00,-28.438386633333334,-29.26929645,-32.58667,-4.148283288541666
2024-09-01 10:00:00,-41.86865773333333,-38.80013491666667,-47.94226,-6.073603008854171
2024-09-01 10:30:00,-57.578383433333336,-59.314662266666666,-65.19731,-7.6189279680338515
2024-09-01 11:00:00,-78.70758121666667,-86.2436515,-80.954254,-2.246672933723957
2024-09-01 11:30:00,-91.81126848333334,-99.82930393333334,-95.442314,-3.6310456646158826
2024-09-01 12:00:00,-103.6962318,-117.11700283333334,-109.45103,-5.7547951165038995
2024-09-01 12:30:00,-108.70174958333332,-121.79498268333332,-118.03846,-9.336710194498707
2024-09-01 13:00:00,-101.67627601666668,-108.00816513333332,-118.60097,-16.924691390559886
2024-09-01 13:30:00,-90.98258998333334,-88.24854608333334,-113.74885,-22.76625797809244
2024-09-01 14:00:00,-88.92341286666665,-96.22371098333332,-103.377556,-14.454142980501317
2024-09-01 14:30:00,-85.74258111666666,-105.97951341666668,-90.34253,-4.599948180208344
2024-09-01 15:00:00,-77.56877956666666,-86.33982553333334,-75.42558,2.1431966809244756
2024-09-01 15:30:00,-65.01120605,-59.80318385,-58.757507,6.253698725781248
2024-09-01 16:00:00,-39.26544943333334,-46.20219896666666,-41.87964,-2.6141892385416625
2024-09-01 16:30:00,-22.29329128333333,-25.83268393333333,-25.71556,-3.422269629752609
2024-09-01 17:00:00,-9.13495335,-8.30519285,-12.287032,-3.152078777380371
2024-09-01 17:30:00,3.060988866666667,0.3825161999999997,-1.6991111,-4.760099970678203
2024-09-01 18:00:00,5.856707316666667,12.311770433333336,6.0608835,0.2041762053670242
2024-09-01 18:30:00,12.161394883333337,14.180635083333334,12.150758,-0.01063709372152033
2024-09-01 19:00:00,11.33164665,10.884241616666666,15.431718,4.100071222619629
2024-09-01 19:30:00,9.576727883333334,7.855175516666667,17.811111,8.234383566861979
2024-09-01 20:00:00,11.89864275,11.261248416666668,15.78563,3.8869874761352534
2024-09-01 20:30:00,16.05722395,14.515433666666668,14.1667185,-1.8905054670288095
2024-09-01 21:00:00,20.054970033333333,18.85676893333333,14.923432,-5.131537683174642
2024-09-01 21:30:00,15.3924734,16.668352083333335,16.938065,1.5455911751953124
2024-09-01 22:00:00,16.252253433333333,11.220119333333336,17.410141,1.1578875578776042
2024-09-01 22:30:00,16.282728833333334,13.225399983333332,17.723328,1.4405988033854165
2024-09-01 23:00:00,21.018119966666667,20.29731823333333,17.471191,-3.546928560416667
2024-09-01 23:30:00,27.693864450000003,22.479928216666668,18.106201,-9.587663278125003
2024-09-02 00:00:00,24.22815298333333,22.223174350000004,21.60434,-2.623813383723956
2024-09-02 00:30:00,22.268496683333336,17.206427666666666,22.794693,0.526196309830727
2024-09-02 01:00:00,19.442997216666665,16.3307516,22.82869,3.3856923585286474
2024-09-02 01:30:00,19.0520985,14.694593133333331,22.296173,3.2440745957031254
2024-09-02 02:00:00,19.869330066666667,14.517346616666666,21.65477,1.785439830794271
2024-09-02 02:30:00,26.718711183333337,20.788081,20.881393,-5.837317750716149
2024-09-02 03:00:00,23.2411834,20.4322484,20.971085,-2.270098805273438
2024-09-02 03:30:00,21.713636283333333,18.500324316666667,20.227524,-1.4861124796223955
2024-09-02 04:00:00,21.118994333333333,17.112412850000002,20.58168,-0.5373140354817707
2024-09-02 04:30:00,19.95031493333333,16.758011116666665,22.518433,2.568117683854169
2024-09-02 05:00:00,21.9829154,22.448362566666663,23.421417,1.4385018363281254
2024-09-02 05:30:00,20.808454933333334,27.612487916666662,24.484192,3.6757369611979165
2024-09-02 06:00:00,22.08452,24.40717351666667,25.7155,3.6309798779296862
2024-09-02 06:30:00,21.24582505,17.349596666666667,23.806274,2.5604493640624995
2024-09-02 07:00:00,17.4811412,13.230821583333332,20.651215,3.1700733996093753
2024-09-02 07:30:00,20.85283395,7.532871716666666,17.963837,-2.888997280078126
2024-09-02 08:00:00,13.394507833333334,3.617294433333333,10.5244,-2.87010807594808
2024-09-02 08:30:00,7.254198916666667,-1.3345887833333328,-0.3541099,-7.6083088297774
2024-09-02 09:00:00,-9.055641133333332,-16.0850629,-13.949508,-4.8938665799845396
2024-09-02 09:30:00,-35.75489053333333,-28.438386633333334,-29.5708,6.184089752083331
2024-09-02 10:00:00,-34.9226705,-41.86865773333333,-45.924118,-11.001447541992185
2024-09-02 10:30:00,-55.66341163333334,-57.578383433333336,-62.19542,-6.532007678190098
2024-09-02 11:00:00,-90.33831045,-78.70758121666667,-79.5966,10.741707056445307
2024-09-02 11:30:00,-99.86691566666669,-91.81126848333334,-93.51654,6.350375139322935
2024-09-02 12:00:00,-105.16414388333334,-103.6962318,-105.09865,0.06549581204427568
2024-09-02 12:30:00,-128.63879225,-108.70174958333332,-111.80466,16.83413526757812
2024-09-02 13:00:00,-134.68802391666665,-101.67627601666668,-112.79234,21.895680777018214
2024-09-02 13:30:00,-135.52868886666667,-90.98258998333334,-109.123535,26.40515371041667
2024-09-02 14:00:00,-126.43533005,-88.92341286666665,-99.48401,26.951321260937505
2024-09-02 14:30:00,-108.1926721,-85.74258111666666,-86.06658,22.126090373925777
2024-09-02 15:00:00,-84.85028371666667,-77.56877956666666,-71.14339,13.706896875846354
2024-09-02 15:30:00,-62.34753826666667,-65.01120605,-55.825928,6.5216105322916675
2024-09-02 16:00:00,-32.868156150000004,-39.26544943333334,-39.772964,-6.904808327539058
2024-09-02 16:30:00,-7.175252016666668,-22.29329128333333,-24.791336,-17.616084042903644
2024-09-02 17:00:00,8.20961395,-9.13495335,-12.395492,-20.60510555003662
2024-09-02 17:30:00,24.0498288,3.060988866666667,0.26724324,-23.78258556369667
2024-09-02 18:00:00,19.2818384,5.856707316666667,7.6433115,-11.638526899450685
2024-09-02 18:30:00,16.822961633333332,12.161394883333337,13.149552,-3.673409288057453
2024-09-02 19:00:00,20.4097405,11.33164665,17.197968,-3.2117729707031266
2024-09-02 19:30:00,24.65336605,9.576727883333334,18.176697,-6.476669272656249
2024-09-02 20:00:00,28.91852611666667,11.89864275,16.975983,-11.942543450651044
2024-09-02 20:30:00,27.40422845,16.05722395,15.358689,-12.045539141833498
2024-09-02 21:00:00,32.310637183333334,20.054970033333333,14.860917,-17.449720091963705
2024-09-02 21:30:00,29.648407416666668,15.3924734,15.460969,-14.187438445414227
2024-09-02 22:00:00,34.80902121666667,16.252253433333333,18.0486,-16.76042197350261
2024-09-02 22:30:00,28.84255328333333,16.282728833333334,19.317078,-9.52547564661458
2024-09-02 23:00:00,36.89445315,21.018119966666667,20.202896,-16.691557031835934
2024-09-02 23:30:00,41.87019166666667,27.693864450000003,20.97026,-20.899931046549483
2024-09-03 00:00:00,31.205507300000004,24.22815298333333,21.917938,-9.28756906757813
2024-09-03 00:30:00,26.708763316666666,22.268496683333336,22.060593,-4.648170665299478
2024-09-03 01:00:00,22.63615833333333,19.442997216666665,21.77652,-0.8596385579427057
2024-09-03 01:30:00,23.91724323333333,19.0520985,21.273651,-2.6435921102864555
2024-09-03 02:00:00,21.94313273333333,19.869330066666667,20.492172,-1.450960492122391
2024-09-03 02:30:00,24.84188225,26.718711183333337,19.514938,-5.326943895507814
2024-09-03 03:00:00,19.85267005,23.2411834,19.45819,-0.3944791320312504
2024-09-03 03:30:00,24.144367366666668,21.713636283333333,21.622726,-2.52164092623698
2024-09-03 04:00:00,21.6601151,21.118994333333333,21.544556,-0.11555943593749873
2024-09-03 04:30:00,23.366591216666663,19.95031493333333,20.72409,-2.642500640494788
2024-09-03 05:00:00,24.472043416666665,21.9829154,21.928284,-2.543759725260415
2024-09-03 05:30:00,29.9047094,20.808454933333334,21.435043,-8.469666065039064
2024-09-03 06:00:00,24.992175016666664,22.08452,22.182816,-2.8093594649088516
2024-09-03 06:30:00,23.244049516666667,21.24582505,23.13527,-0.10878035162760469
2024-09-03 07:00:00,19.0089004,17.4811412,20.543747,1.5348465482421858
2024-09-03 07:30:00,19.331053366666666,20.85283395,17.490646,-1.8404070043619782
2024-09-03 08:00:00,14.498121716666668,13.394507833333334,12.146531,-2.3515906116251646
2024-09-03 08:30:00,4.6194173166666666,7.254198916666667,1.1527108,-3.4667065212641397
2024-09-03 09:00:00,-15.570151083333334,-9.055641133333332,-12.502059,3.068092100484213
2024-09-03 09:30:00,-30.18748761666667,-35.75489053333333,-29.364944,0.8225431586588563
2024-09-03 10:00:00,-45.4187634,-34.9226705,-46.784744,-1.3659808626953094
2024-09-03 10:30:00,-76.72194334999999,-55.66341163333334,-62.475876,14.246067495507802
2024-09-03 11:00:00,-95.43612013333332,-90.33831045,-78.33305,17.10306654446613
2024-09-03 11:30:00,-117.65285498333331,-99.86691566666669,-92.94431,24.708541934016907
2024-09-03 12:00:00,-126.0764612,-105.16414388333334,-105.125595,20.95086610722656
2024-09-03 12:30:00,-138.88335603333334,-128.63879225,-114.20806,24.675294815071624
2024-09-03 13:00:00,-156.10131881666666,-134.68802391666665,-119.004364,37.09695480299479
2024-09-03 13:30:00,-155.66663276666665,-135.52868886666667,-117.59969,38.06693946832681
2024-09-03 14:00:00,-141.46893115,-126.43533005,-109.641266,31.827665280859378
2024-09-03 14:30:00,-131.61315951666668,-108.1926721,-95.2185,36.394661286686215
2024-09-03 15:00:00,-104.000076,-84.85028371666667,-78.81007,25.190009776855476
2024-09-03 15:30:00,-83.70619005,-62.34753826666667,-60.318268,23.38792222773438
2024-09-03 16:00:00,-54.16714043333334,-32.868156150000004,-42.18376,11.98337883665365
2024-09-03 16:30:00,-34.13438433333334,-7.175252016666668,-25.58992,8.544464289388024
2024-09-03 17:00:00,-7.549337149999999,8.20961395,-10.470778,-2.9214413152709975
2024-09-03 17:30:00,3.2430572333333334,24.0498288,1.9633034,-1.279753786563619
2024-09-03 18:00:00,11.4203695,19.2818384,9.586717,-1.8336528480834957
2024-09-03 18:30:00,14.4069546,16.822961633333332,15.662034,1.2550794347290033
2024-09-03 19:00:00,19.15951843333333,20.4097405,20.368256,1.2087371819010464
2024-09-03 19:30:00,22.563115566666667,24.65336605,21.498611,-1.0645041164713547
2024-09-03 20:00:00,27.86798938333333,28.91852611666667,20.014206,-7.8537834507161435
2024-09-03 20:30:00,33.523127233333334,27.40422845,19.98964,-13.533487951106771
2024-09-03 21:00:00,31.9871261,32.310637183333334,20.291733,-11.695393311914064
2024-09-03 21:30:00,31.1682411,29.648407416666668,19.379349,-11.788892345117187
2024-09-03 22:00:00,25.043378933333333,34.80902121666667,21.218063,-3.8253155788411455
2024-09-03 22:30:00,20.35579825,28.84255328333333,24.706055,4.350256437500001
2024-09-03 23:00:00,23.19186433333333,36.89445315,25.90245,2.710586228190106
2024-09-03 23:30:00,25.48679783333333,41.87019166666667,26.153854,0.667056536783857
2024-09-04 00:00:00,28.222312783333333,31.205507300000004,24.864807,-3.357505654427083
2024-09-04 00:30:00,27.83565055,26.708763316666666,23.148499,-4.68715201484375
2024-09-04 01:00:00,27.04461716666667,22.63615833333333,24.156113,-2.888504495768231
2024-09-04 01:30:00,22.357153366666665,23.91724323333333,23.39206,1.0349059595052097
2024-09-04 02:00:00,24.79116498333333,21.94313273333333,22.861008,-1.930157292903644
2024-09-04 02:30:00,29.17958673333333,24.84188225,22.405624,-6.773962343684893
2024-09-04 03:00:00,26.727501066666665,19.85267005,21.424881,-5.302620085221353
2024-09-04 03:30:00,26.199888266666665,24.144367366666668,21.932663,-4.267225302799478
2024-09-04 04:00:00,24.251193983333334,21.6601151,21.824646,-2.4265479872395836
2024-09-04 04:30:00,27.191244516666668,23.366591216666663,23.210922,-3.9803222754557304
2024-09-04 05:00:00,27.89700495,24.472043416666665,22.375473,-5.521531927539062
2024-09-04 05:30:00,37.56927343333333,29.9047094,22.6996,-14.869673213606767
2024-09-04 06:00:00,29.63760493333333,24.992175016666664,25.517303,-4.1203014665364535
2024-09-04 06:30:00,26.230544516666665,23.244049516666667,25.181671,-1.04887337408854
2024-09-04 07:00:00,25.71123683333333,19.0089004,21.606628,-4.104608415364581
2024-09-04 07:30:00,22.74446605,19.331053366666666,17.750122,-4.9943439796875
2024-09-04 08:00:00,16.218144016666667,14.498121716666668,10.014237,-6.203906612797038
2024-09-04 08:30:00,-1.49012095,4.6194173166666666,1.0465707,2.536691608683777
2024-09-04 09:00:00,-25.63676613333333,-15.570151083333334,-11.901946,13.734820065523273
2024-09-04 09:30:00,-36.406230533333336,-30.18748761666667,-27.980316,8.42591437122396
2024-09-04 10:00:00,-63.97149658333333,-45.4187634,-45.26143,18.710067750325514
2024-09-04 10:30:00,-78.95777831666668,-76.72194334999999,-64.38753,14.570250850846364
2024-09-04 11:00:00,-94.05617936666664,-95.43612013333332,-82.75453,11.301647506315078
2024-09-04 11:30:00,-122.00978498333332,-117.65285498333331,-99.78926,22.220524119075506
2024-09-04 12:00:00,-131.92051846666666,-126.0764612,-112.28244,19.63807828111979
2024-09-04 12:30:00,-126.59221403333332,-138.88335603333334,-119.07958,7.512631818977852
2024-09-04 13:00:00,-135.22176729999998,-156.10131881666666,-125.046585,10.17518221699217
2024-09-04 13:30:00,-113.7607406,-155.66663276666665,-124.45588,-10.695138611425776
2024-09-04 14:00:00,-113.44430333333332,-141.46893115,-114.81296,-1.3686544303385517
2024-09-04 14:30:00,-92.698926,-131.61315951666668,-102.568825,-9.869898768066406
2024-09-04 15:00:00,-70.08454238333333,-104.000076,-86.27525,-16.19071091256511
2024-09-04 15:30:00,-40.52870166666667,-83.70619005,-67.24414,-26.71543895833333
2024-09-04 16:00:00,-24.115169966666667,-54.16714043333334,-48.065475,-23.95030549720052
2024-09-04 16:30:00,-6.808360016666668,-34.13438433333334,-30.877365,-24.06900509563802
2024-09-04 17:00:00,5.993170033333334,-7.549337149999999,-13.386077,-19.379246960518394
2024-09-04 17:30:00,2.5098882833333334,3.2430572333333334,0.030335274,-2.479553009739669
2024-09-04 18:00:00,8.884160016666668,11.4203695,8.976075,0.09191515575764875
2024-09-04 18:30:00,14.054605983333332,14.4069546,16.13832,2.083714939518231
2024-09-04 19:00:00,15.785100066666669,19.15951843333333,19.44629,3.6611889958333315
2024-09-04 19:30:00,12.795735583333334,22.563115566666667,21.7901,8.994364514322916
2024-09-04 20:00:00,16.705236199999998,27.86798938333333,23.057129,6.351892706250002
2024-09-04 20:30:00,21.018764883333333,33.523127233333334,23.35727,2.3385044037760423
2024-09-04 21:00:00,25.190635083333333,31.9871261,21.562622,-3.6280130130208335
2024-09-04 21:30:00,25.554181716666665,31.1682411,22.940582,-2.6135994412760404
2024-09-04 22:00:00,22.049853916666667,25.043378933333333,23.028625,0.9787715716145833
2024-09-04 22:30:00,15.628268316666668,20.35579825,23.230865,7.602597161848957
2024-09-04 23:00:00,19.90968615,23.19186433333333,23.113739,3.204052863671876
2024-09-04 23:30:00,22.701755,25.48679783333333,23.8237,1.1219449511718764
2024-09-05 00:00:00,26.39919605,28.222312783333333,23.962402,-2.4367937062500005
2024-09-05 00:30:00,25.54177573333333,27.83565055,23.739166,-1.8026094735677063
2024-09-05 01:00:00,22.90400945,27.04461716666667,24.295502,1.3914922589843748
2024-09-05 01:30:00,20.27352385,22.357153366666665,23.983261,3.7097372583984374
2024-09-05 02:00:00,22.839525483333333,24.79116498333333,23.956696,1.1171700733072925
2024-09-05 02:30:00,26.223178866666668,29.17958673333333,22.384003,-3.839176181119793
2024-09-05 03:00:00,26.404900116666667,26.727501066666665,21.523209,-4.8816914985026045
2024-09-05 03:30:00,22.304289933333333,26.199888266666665,21.678894,-0.6253958903645831
2024-09-05 04:00:00,22.685376,24.251193983333334,21.801773,-0.883602928710939
2024-09-05 04:30:00,23.138834066666664,27.191244516666668,24.188095,1.0492610261067732
2024-09-05 05:00:00,22.434036716666668,27.89700495,24.540863,2.106826320442707
2024-09-05 05:30:00,21.619813516666667,37.56927343333333,25.248062,3.628248617122395
2024-09-05 06:00:00,21.866916616666668,29.63760493333333,27.630371,5.763454477083332
2024-09-05 06:30:00,16.95246005,26.230544516666665,26.494827,9.542367220507813
2024-09-05 07:00:00,19.8516594,25.71123683333333,24.140625,4.288965600000001
2024-09-05 07:30:00,19.672785533333336,22.74446605,20.227158,0.5543720594401016
2024-09-05 08:00:00,13.928133616666663,16.218144016666667,11.34308,-2.585054049711097
2024-09-05 08:30:00,8.99684895,-1.49012095,0.4930733,-8.503775635571671
2024-09-05 09:00:00,-3.800167366666667,-25.63676613333333,-13.129363,-9.329195693330892
2024-09-05 09:30:00,-12.950620433333334,-36.406230533333336,-31.588135,-18.637514332291666
2024-09-05 10:00:00,-22.032820033333333,-63.97149658333333,-53.566772,-31.533952427604167
2024-09-05 10:30:00,-30.4739654,-78.95777831666668,-73.27141,-42.79744268105469
2024-09-05 11:00:00,-35.678421166666666,-94.05617936666664,-91.98751,-56.30908951448568
2024-09-05 11:30:00,-33.92789381666667,-122.00978498333332,-107.40532,-73.47742539720052
2024-09-05 12:00:00,-42.40196505,-131.92051846666666,-119.733055,-77.33109006474609
2024-09-05 12:30:00,-55.28956883333333,-126.59221403333332,-126.8395,-71.54993159391276
2024-09-05 13:00:00,-59.5498234,-135.22176729999998,-129.46687,-69.9170497689453
2024-09-05 13:30:00,-68.04437763333333,-113.7607406,-123.4616,-55.41722362399089
2024-09-05 14:00:00,-59.8941051,-113.44430333333332,-114.266205,-54.37209973398438
2024-09-05 14:30:00,-48.64908441666668,-92.698926,-100.31099,-51.66190496321613
2024-09-05 15:00:00,-38.93976008333333,-70.08454238333333,-82.24907,-43.309309130533855
2024-09-05 15:30:00,-23.986651116666668,-40.52870166666667,-61.17238,-37.1857274233724
2024-09-05 16:00:00,-14.404548316666668,-24.115169966666667,-40.3127,-25.908150047591143
2024-09-05 16:30:00,-0.0140926666666665,-6.808360016666668,-21.572906,-21.55881382747396
2024-09-05 17:00:00,8.653125533333334,5.993170033333334,-6.0397177,-14.692843207588705
2024-09-05 17:30:00,8.688393833333334,2.5098882833333334,5.6097727,-3.078621151143393
2024-09-05 18:00:00,19.2782889,8.884160016666668,13.266053,-6.012235700231933
2024-09-05 18:30:00,19.06806106666667,14.054605983333332,18.888992,-0.17906875709635628
2024-09-05 19:00:00,13.421566033333336,15.785100066666669,23.339981,9.918415045768226
2024-09-05 19:30:00,10.2961489,12.795735583333334,25.22438,14.928231593164062
2024-09-05 20:00:00,20.310055466666665,16.705236199999998,25.010345,4.70028999231771
2024-09-05 20:30:00,27.698053366666667,21.018764883333333,21.901169,-5.796884543424479
2024-09-05 21:00:00,27.678013383333333,25.190635083333333,22.834976,-4.8430371870442706
2024-09-05 21:30:00,30.80447381666667,25.554181716666665,22.000824,-8.803649842057293
2024-09-05 22:00:00,25.6011939,22.049853916666667,21.928375,-3.6728186558593734
2024-09-05 22:30:00,22.30925213333333,15.628268316666668,20.996323,-1.3129295014973934
2024-09-05 23:00:00,25.97480996666667,19.90968615,21.682922,-4.291887603385419
2024-09-05 23:30:00,25.33517785,22.701755,23.212646,-2.122531365625001
2024-09-06 00:00:00,25.6641706,26.39919605,24.77861,-0.885560370507811
2024-09-06 00:30:00,23.2983517,25.54177573333333,26.072342,2.773990218945311
2024-09-06 01:00:00,23.18920495,22.90400945,25.473297,2.2840921691406244
2024-09-06 01:30:00,25.43975663333333,20.27352385,25.211365,-0.2283918872395816
2024-09-06 02:00:00,22.032367766666667,22.839525483333333,24.09407,2.0617026679036456
2024-09-06 02:30:00,26.333689566666663,26.223178866666668,24.631226,-1.7024639807291635
2024-09-06 03:00:00,25.76334613333333,26.404900116666667,24.126694,-1.6366524077473912
2024-09-06 03:30:00,24.73628616666667,22.304289933333333,24.69989,-0.03639602994791957
2024-09-06 04:00:00,23.533914316666667,22.685376,24.026215,0.49230028294270767
2024-09-06 04:30:00,27.58736401666667,23.138834066666664,24.3107,-3.276664553776044
2024-09-06 05:00:00,27.44986888333333,22.434036716666668,22.394897,-5.05497142239583
2024-09-06 05:30:00,29.4720272,21.619813516666667,23.675217,-5.796810525195312
2024-09-06 06:00:00,26.63820408333333,21.866916616666668,24.402328,-2.235875592122394
2024-09-06 06:30:00,20.434961116666667,16.95246005,23.867142,3.4321806069661456
2024-09-06 07:00:00,18.112832766666667,19.8516594,22.474548,4.361715573177083
2024-09-06 07:30:00,20.51669055,19.672785533333336,18.324661,-2.1920292951171874
2024-09-06 08:00:00,15.620443983333333,13.928133616666663,8.436982,-7.183461828487141
2024-09-06 08:30:00,4.978371083333333,8.99684895,-2.9969628,-7.975333869054158
2024-09-06 09:00:00,-9.222649983333334,-3.800167366666667,-16.19365,-6.970999308658854
2024-09-06 09:30:00,-23.589657083333336,-12.950620433333334,-32.707733,-9.11807607096354
2024-09-06 10:00:00,-50.38841383333334,-22.032820033333333,-50.225082,0.16333143587240073
2024-09-06 10:30:00,-65.11241716666667,-30.4739654,-66.62685,-1.5144291468098885
2024-09-06 11:00:00,-81.79091048333333,-35.678421166666666,-80.67012,1.120790244075522
2024-09-06 11:30:00,-88.60728213333334,-33.92789381666667,-94.85119,-6.2439065263346265
2024-09-06 12:00:00,-84.84005708333333,-42.40196505,-103.5896,-18.749542526041665
2024-09-06 12:30:00,-77.66417626666667,-55.28956883333333,-107.90977,-30.245590884212234
2024-09-06 13:00:00,-76.93206941666666,-59.5498234,-107.94094,-31.00887144026693
2024-09-06 13:30:00,-67.29870668333334,-68.04437763333333,-103.73488,-36.43617185670573
2024-09-06 14:00:00,-57.63090003333334,-59.8941051,-94.66575,-37.034848562858066
2024-09-06 14:30:00,-49.36727435,-48.64908441666668,-80.00527,-30.63799756162109
2024-09-06 15:00:00,-41.486600583333335,-38.93976008333333,-62.091293,-20.604692751627603
2024-09-06 15:30:00,-26.90301235,-23.986651116666668,-45.573685,-18.67067234238281
2024-09-06 16:00:00,-14.092732150000002,-14.404548316666668,-29.09871,-15.005976956445311
2024-09-06 16:30:00,-5.9324227333333335,-0.0140926666666665,-14.104934,-8.172511005375164
2024-09-06 17:00:00,5.672478983333334,8.653125533333334,-0.48510662,-6.157585600545629
2024-09-06 17:30:00,4.881826083333333,8.688393833333334,9.13617,4.254344303934733
2024-09-06 18:00:00,8.77331285,19.2782889,16.262604,7.489290909765625
2024-09-06 18:30:00,14.780446633333334,19.06806106666667,19.04634,4.265894309049479
2024-09-06 19:00:00,15.4169194,13.421566033333336,20.411087,4.994167636132813
2024-09-06 19:30:00,16.141446066666667,10.2961489,20.962326,4.8208799831380205
2024-09-06 20:00:00,21.30955176666667,20.310055466666665,20.603165,-0.7063870938151062
2024-09-06 20:30:00,21.837198366666662,27.698053366666667,19.451782,-2.3854161401041623
2024-09-06 21:00:00,20.498340666666667,27.678013383333333,18.884705,-1.6136360768229174
2024-09-06 21:30:00,18.29818885,30.80447381666667,19.248703,0.9505141529296885
2024-09-06 22:00:00,19.32890665,25.6011939,22.096893,2.7679866605468746
2024-09-06 22:30:00,21.930261233333336,22.30925213333333,24.686523,2.7562622041666636
2024-09-06 23:00:00,25.831519116666662,25.97480996666667,25.52037,-0.31114863326822473
2024-09-06 23:30:00,23.121758850000003,25.33517785,25.990662,2.8689027710937474
2024-09-07 00:00:00,22.90648675,25.6641706,27.803925,4.897437810546876
2024-09-07 00:30:00,21.980568466666668,23.2983517,27.24089,5.26032203626302
2024-09-07 01:00:00,20.29592613333333,23.18920495,25.707932,5.412005385221356
2024-09-07 01:30:00,19.378012283333334,25.43975663333333,23.768768,4.390756027213541
2024-09-07 02:00:00,17.97158495,22.032367766666667,23.104767,5.1331818957031246
2024-09-07 02:30:00,22.19100068333333,26.333689566666663,22.69609,0.5050900149088591
2024-09-07 03:00:00,19.09369493333333,25.76334613333333,22.487122,3.3934266486979183
2024-09-07 03:30:00,18.0986212,24.73628616666667,22.494293,4.395672012890625
2024-09-07 04:00:00,18.085164516666666,23.533914316666667,22.455872,4.370707065364584
2024-09-07 04:30:00,19.170148366666663,27.58736401666667,22.738571,3.568422800325525
2024-09-07 05:00:00,23.773933866666667,27.44986888333333,23.207016,-0.5669178754557294
2024-09-07 05:30:00,27.741827216666668,29.4720272,26.39418,-1.347646918815105
2024-09-07 06:00:00,21.730487333333333,26.63820408333333,27.28064,5.550152315104167
2024-09-07 06:30:00,14.89204385,20.434961116666667,27.219818,12.327774265234375
2024-09-07 07:00:00,12.982429616666666,18.112832766666667,26.723679,13.741248972200522
2024-09-07 07:30:00,11.216133366666668,20.51669055,21.099152,9.883018244661457
2024-09-07 08:00:00,6.4283771,15.620443983333333,13.250016,6.821639112463379
2024-09-07 08:30:00,-3.718596533333333,4.978371083333333,3.7961738,7.514770344292195
2024-09-07 09:00:00,-9.321004516666669,-9.222649983333334,-9.56581,-0.24480568688557724
2024-09-07 09:30:00,-26.385523966666668,-23.589657083333336,-24.112442,2.273081950065105
2024-09-07 10:00:00,-52.62866941666667,-50.38841383333334,-40.549347,12.079322492838543
2024-09-07 10:30:00,-66.88181381666666,-65.11241716666667,-57.815216,9.06659775221354
2024-09-07 11:00:00,-67.71733763333333,-81.79091048333333,-73.64143,-5.924096082486983
2024-09-07 11:30:00,-76.12526936666667,-88.60728213333334,-87.784836,-11.659566448763016
2024-09-07 12:00:00,-94.62939333333333,-84.84005708333333,-97.0403,-2.410905128580737
2024-09-07 12:30:00,-106.59121011666667,-77.66417626666667,-101.902435,4.688774813932298
2024-09-07 13:00:00,-105.08129783333334,-76.93206941666666,-102.835815,2.2454824036458376
2024-09-07 13:30:00,-106.12856828333334,-67.29870668333334,-97.64114,8.487424484505212
2024-09-07 14:00:00,-110.54914456666668,-57.63090003333334,-88.05434,22.49480801881512
2024-09-07 14:30:00,-106.93472771666669,-49.36727435,-73.50064,33.43408684752606
2024-09-07 15:00:00,-90.04478993333333,-41.486600583333335,-57.297638,32.74715199388021
2024-09-07 15:30:00,-67.82540155,-26.90301235,-40.655426,27.16997552460937
2024-09-07 16:00:00,-48.87187058333333,-14.092732150000002,-26.072937,22.798933571614583
2024-09-07 16:30:00,-32.64081841666667,-5.9324227333333335,-12.0675955,20.57322293479411
2024-09-07 17:00:00,-13.6802389,5.672478983333334,1.031083,14.71132188778534
2024-09-07 17:30:00,2.245018433333333,4.881826083333333,9.100053,6.855034400223795
2024-09-07 18:00:00,9.809693866666668,8.77331285,14.823258,5.0135645332967105
2024-09-07 18:30:00,14.158993383333334,14.780446633333334,17.541351,3.3823579350260413
2024-09-07 19:00:00,15.202741216666666,15.4169194,18.633484,3.4307426700520836
2024-09-07 19:30:00,16.837224983333332,16.141446066666667,20.445282,3.608056999088543
2024-09-07 20:00:00,18.341632216666667,21.30955176666667,21.658875,3.3172422950520826
2024-09-07 20:30:00,14.86201825,21.837198366666662,21.200775,6.338756896484375
2024-09-07 21:00:00,14.389283333333331,20.498340666666667,20.874985,6.485701407877606
2024-09-07 21:30:00,16.18232396666667,18.29818885,19.72528,3.5429567950520813
2024-09-07 22:00:00,20.8652344,19.32890665,20.16597,-0.699264551367186
2024-09-07 22:30:00,24.258580050000003,21.930261233333336,23.570114,-0.6884659142578151
2024-09-07 23:00:00,25.349147233333337,25.831519116666662,23.68602,-1.6631273358723995
2024-09-07 23:30:00,28.6735,23.121758850000003,23.565384,-5.108116088867188
2024-09-08 00:00:00,25.129554466666665,22.90648675,24.510956,-0.61859865611979
2024-09-08 00:30:00,24.448067316666663,21.980568466666668,24.375732,-0.07233489479166266
2024-09-08 01:00:00,24.12146565,20.29592613333333,23.985672,-0.1357936529296886
2024-09-08 01:30:00,25.16519793333333,19.378012283333334,24.860184,-0.30501421751301905
2024-09-08 02:00:00,22.580867883333337,17.97158495,23.008041,0.4271734985026008
2024-09-08 02:30:00,28.125749966666664,22.19100068333333,20.485397,-7.640352627799476
2024-09-08 03:00:00,25.22254716666667,19.09369493333333,20.511368,-4.711179368815106
2024-09-08 03:30:00,20.353376533333336,18.0986212,19.276352,-1.0770246046223981
2024-09-08 04:00:00,22.832418266666664,18.085164516666666,19.17833,-3.654088798893227
2024-09-08 04:30:00,22.24673598333333,19.170148366666663,20.225601,-2.021134787044268
2024-09-08 05:00:00,29.86072073333333,23.773933866666667,20.38057,-9.480151275325518
2024-09-08 05:30:00,33.2826868,27.741827216666668,22.598953,-10.683733552929688
2024-09-08 06:00:00,25.543004866666667,21.730487333333333,25.136734,-0.40627085787760464
2024-09-08 06:30:00,22.8118778,14.89204385,25.805222,2.993343757617186
2024-09-08 07:00:00,20.71285935,12.982429616666666,22.648392,1.9355323736328138
2024-09-08 07:30:00,16.128131166666666,11.216133366666668,18.69841,2.5702788675130215
2024-09-08 08:00:00,11.218748333333332,6.4283771,11.628892,0.4101436115519217
2024-09-08 08:30:00,4.972896749999999,-3.718596533333333,2.8151252,-2.157771523025512
2024-09-08 09:00:00,0.73048575,-9.321004516666669,-8.277907,-9.008393121520996
2024-09-08 09:30:00,-13.7793445,-26.385523966666668,-24.478348,-10.699003278320312
2024-09-08 10:00:00,-30.13817603333333,-52.62866941666667,-40.23706,-10.09888451354167
2024-09-08 10:30:00,-38.1215573,-66.88181381666666,-54.351776,-16.230218823046876
2024-09-08 11:00:00,-47.05262995,-67.71733763333333,-69.20502,-22.152387139843754
2024-09-08 11:30:00,-45.93844278333333,-76.12526936666667,-81.862854,-35.92441122057292
2024-09-08 12:00:00,-49.3829079,-94.62939333333333,-92.198715,-42.81580730996094
2024-09-08 12:30:00,-60.85594335,-106.59121011666667,-99.22101,-38.36506495078125
2024-09-08 13:00:00,-54.72414113333334,-105.08129783333334,-100.10853,-45.38438700387369
2024-09-08 13:30:00,-59.131090050000005,-106.12856828333334,-96.9253,-37.79421054814453
2024-09-08 14:00:00,-62.4934732,-110.54914456666668,-90.49837,-28.004894109570316
2024-09-08 14:30:00,-42.18012803333333,-106.93472771666669,-76.98907,-34.808939044303386
2024-09-08 15:00:00,-40.69807841666667,-90.04478993333333,-64.45413,-23.756053663411457
2024-09-08 15:30:00,-29.401413266666665,-67.82540155,-48.414917,-19.013503725520835
2024-09-08 16:00:00,-22.474070616666666,-48.87187058333333,-32.530533,-10.056462220247397
2024-09-08 16:30:00,-11.72021785,-32.64081841666667,-19.26065,-7.540432784765626
2024-09-08 17:00:00,2.1880155166666664,-13.6802389,-5.540511,-7.728526647953288
2024-09-08 17:30:00,8.231988216666666,2.245018433333333,4.777314,-3.454674030570475
2024-09-08 18:00:00,15.651010499999998,9.809693866666668,11.230531,-4.420479761169432
2024-09-08 18:30:00,23.050303316666668,14.158993383333334,14.105317,-8.944986200882976
2024-09-08 19:00:00,16.743559483333332,15.202741216666666,18.179688,1.4361280166666681
2024-09-08 19:30:00,16.48507775,16.837224983333332,20.47725,3.992171395507814
2024-09-08 20:00:00,21.66900013333333,18.341632216666667,19.925827,-1.7431731069661431
2024-09-08 20:30:00,19.48839388333333,14.86201825,20.043594,0.5552004770182322
2024-09-08 21:00:00,23.39792543333333,14.389283333333331,19.556595,-3.8413305847005184
2024-09-08 21:30:00,26.46163435,16.18232396666667,19.599686,-6.861948681054688
2024-09-08 22:00:00,29.16172998333333,20.8652344,22.035751,-7.125978640559893
2024-09-08 22:30:00,25.190192266666667,24.258580050000003,22.669495,-2.520697637760417
2024-09-08 23:00:00,27.811188916666666,25.349147233333337,23.930786,-3.8804027838541657
2024-09-08 23:30:00,32.30073385,28.6735,23.707748,-8.592985436914063
2024-09-09 00:00:00,31.2471378,25.129554466666665,24.341019,-6.906119123242188
2024-09-09 00:30:00,29.2988682,24.448067316666663,24.257141,-5.041727086718751
2024-09-09 01:00:00,26.761922733333336,24.12146565,23.039276,-3.7226466102864606
2024-09-09 01:30:00,21.75934775,25.16519793333333,21.730164,-0.029184175781249877
2024-09-09 02:00:00,23.904466066666668,22.580867883333337,22.31337,-1.5910963156901055
2024-09-09 02:30:00,28.807451083333333,28.125749966666664,19.807968,-8.999482943684896
2024-09-09 03:00:00,22.0539911,25.22254716666667,20.101425,-1.9525659291015636
2024-09-09 03:30:00,24.70469721666667,20.353376533333336,20.996872,-3.7078252684244823
2024-09-09 04:00:00,22.616472866666665,22.832418266666664,21.88002,-0.736452725065103
2024-09-09 04:30:00,24.696247133333333,22.24673598333333,22.91925,-1.7769966450520833
2024-09-09 05:00:00,30.78271278333333,29.86072073333333,22.604874,-8.177839126106768
2024-09-09 05:30:00,32.33340198333334,33.2826868,22.944534,-9.388867681575526
2024-09-09 06:00:00,26.596214466666662,25.543004866666667,25.692047,-0.9041673475260374
2024-09-09 06:30:00,21.25427171666667,22.8118778,25.42421,4.169937878059894
2024-09-09 07:00:00,20.9688566,20.71285935,22.018112,1.0492555826171888
2024-09-09 07:30:00,12.96421005,16.128131166666666,18.448792,5.48458145390625
2024-09-09 08:00:00,7.858931683333334,11.218748333333332,10.627046,2.7681139480753574
2024-09-09 08:30:00,5.747387133333333,4.972896749999999,1.1200722,-4.627314887735493
2024-09-09 09:00:00,-12.271555049999998,0.73048575,-11.748504,0.5230513650024395
2024-09-09 09:30:00,-29.132378366666668,-13.7793445,-26.594513,2.537865427213543
2024-09-09 10:00:00,-41.40509275,-30.13817603333333,-42.117935,-0.712842430664061
2024-09-09 10:30:00,-61.18425113333333,-38.1215573,-55.09703,6.087220493684896
2024-09-09 11:00:00,-84.18909773333333,-47.05262995,-67.36751,16.821589798763014
2024-09-09 11:30:00,-99.44110271666666,-45.93844278333333,-78.62338,20.817720148307288
2024-09-09 12:00:00,-112.05563181666668,-49.3829079,-88.18114,23.874494731705738
2024-09-09 12:30:00,-111.27418656666669,-60.85594335,-93.078094,18.19609208424481
2024-09-09 13:00:00,-122.286271,-54.72414113333334,-93.92076,28.36550989160156
2024-09-09 13:30:00,-115.8964155,-59.131090050000005,-89.55703,26.33938577587891
2024-09-09 14:00:00,-107.2428539,-62.4934732,-80.46341,26.779444476171875
2024-09-09 14:30:00,-89.92388701666668,-42.18012803333333,-69.19887,20.72501921881512
2024-09-09 15:00:00,-87.3153578,-40.69807841666667,-56.28058,31.03477918671875
2024-09-09 15:30:00,-66.91252448333334,-29.401413266666665,-42.975616,23.936908028255218
2024-09-09 16:00:00,-43.956323483333335,-22.474070616666666,-29.44429,14.512033322200523
2024-09-09 16:30:00,-27.29287783333333,-11.72021785,-15.052688,12.240190188374832
2024-09-09 17:00:00,-10.7184277,2.1880155166666664,-2.400451,8.317976755099487
2024-09-09 17:30:00,-5.488101749999999,8.231988216666666,7.330018,12.818119793518065
2024-09-09 18:00:00,1.4164710833333334,15.651010499999998,13.318635,11.902163903544109
2024-09-09 18:30:00,8.155770583333334,23.050303316666668,18.01764,9.861868576822916
2024-09-09 19:00:00,11.416065683333334,16.743559483333332,21.685486,10.269420156510416
2024-09-09 19:30:00,11.386115583333334,16.48507775,22.044159,10.658043352213541
2024-09-09 20:00:00,15.6418366,21.66900013333333,20.886673,5.244836373632813
2024-09-09 20:30:00,17.619563816666666,19.48839388333333,21.605972,3.9864084733723963
2024-09-09 21:00:00,17.204825116666665,23.39792543333333,20.79187,3.5870450005208347
2024-09-09 21:30:00,22.11937208333333,26.46163435,22.712448,0.5930760367838559
2024-09-09 22:00:00,24.427908266666662,29.16172998333333,24.531372,0.10346380364583752
2024-09-09 22:30:00,22.104929966666663,25.190192266666667,23.59697,1.492039637825524
2024-09-09 23:00:00,21.433204266666667,27.811188916666666,26.065598,4.63239326751302
2024-09-09 23:30:00,24.942382133333336,32.30073385,26.051834,1.1094519731119767
2024-09-10 00:00:00,31.56978608333333,31.2471378,25.3918,-6.177986156575518
2024-09-10 00:30:00,21.518095,29.2988682,25.076569,3.558473603515626
2024-09-10 01:00:00,22.67306376666667,26.761922733333336,24.437775,1.7647108915364562
2024-09-10 01:30:00,19.99859168333333,21.75934775,23.765533,3.7669417639322944
2024-09-10 02:00:00,21.7638117,23.904466066666668,23.784653,2.020841009960936
2024-09-10 02:30:00,26.104673833333333,28.807451083333333,22.82048,-3.2841934866536455
2024-09-10 03:00:00,25.258742183333336,22.0539911,23.53125,-1.7274921833333359
2024-09-10 03:30:00,24.63710833333333,24.70469721666667,23.529556,-1.1075520589192678
2024-09-10 04:00:00,25.671487133333333,22.616472866666665,22.139557,-3.5319302485677078
2024-09-10 04:30:00,29.623844,24.696247133333333,22.63736,-6.986484380859373
2024-09-10 05:00:00,34.677977166666665,30.78271278333333,23.129532,-11.548445306315102
2024-09-10 05:30:00,37.12806823333333,32.33340198333334,23.297882,-13.830186153255205
2024-09-10 06:00:00,24.617037633333336,26.596214466666662,23.618942,-0.9980953725911483
2024-09-10 06:30:00,20.62618888333333,21.25427171666667,24.104797,3.478608479947919
2024-09-10 07:00:00,27.46486398333333,20.9688566,22.936966,-4.527898040950518
2024-09-10 07:30:00,17.496480483333333,12.96421005,19.006912,1.51043174811198
2024-09-10 08:00:00,13.491004383333332,7.858931683333334,14.1120615,0.6210571172159849
2024-09-10 08:30:00,3.424127783333333,5.747387133333333,4.185151,0.7610233168253586
2024-09-10 09:00:00,-17.198633333333333,-12.271555049999998,-8.354964,8.843669077046712
2024-09-10 09:30:00,-37.925145,-29.132378366666668,-21.10141,16.823735087890626
2024-09-10 10:00:00,-60.71032783333334,-41.40509275,-37.40216,23.308167188802088
2024-09-10 10:30:00,-79.72510943333333,-61.18425113333333,-53.290115,26.434994076888017
2024-09-10 11:00:00,-103.59443213333331,-84.18909773333333,-67.373886,36.220546024934876
2024-09-10 11:30:00,-127.92480205,-99.44110271666666,-82.1528,45.77200053632812
2024-09-10 12:00:00,-134.14981279999998,-112.05563181666668,-92.945206,41.204607111523416
2024-09-10 12:30:00,-133.45057498333333,-111.27418656666669,-98.60794,34.8426343095052
2024-09-10 13:00:00,-141.91783108333334,-122.286271,-102.30207,39.61576046565756
2024-09-10 13:30:00,-131.01274049999998,-115.8964155,-99.86436,31.148383505371072
2024-09-10 14:00:00,-116.08148895,-107.2428539,-91.732086,24.34940276835937
2024-09-10 14:30:00,-110.54938991666666,-89.92388701666668,-78.60222,31.947171288736968
2024-09-10 15:00:00,-104.14515543333334,-87.3153578,-63.832703,40.31245279661459
2024-09-10 15:30:00,-69.95192329999999,-66.91252448333334,-49.91823,20.033695150585928
2024-09-10 16:00:00,-46.21371941666666,-43.956323483333335,-37.29666,8.917058039713538
2024-09-10 16:30:00,-25.631674933333333,-27.29287783333333,-21.661102,3.9705726384114577
2024-09-10 17:00:00,-13.49434675,-10.7184277,-10.4930105,3.0013362290649415
2024-09-10 17:30:00,-1.274869983333334,-5.488101749999999,-1.178466,0.09640402092336076
2024-09-10 18:00:00,4.939502200000001,1.4164710833333334,6.2460947,1.3065925036743158
2024-09-10 18:30:00,7.418491716666668,8.155770583333334,12.351884,4.933392171577961
2024-09-10 19:00:00,12.708362766666667,11.416065683333334,16.404343,3.6959798847005203
2024-09-10 19:30:00,16.37774945,11.386115583333334,17.637146,1.2593965460937504
2024-09-10 20:00:00,20.184703366666668,15.6418366,18.87178,-1.312922971158855
2024-09-10 20:30:00,22.17775275,17.619563816666666,20.387238,-1.7905152011718748
2024-09-10 21:00:00,23.223641466666667,17.204825116666665,21.600021,-1.6236201043619793
2024-09-10 21:30:00,21.81879775,22.11937208333333,21.4151,-0.40369765234375166
2024-09-10 22:00:00,24.39550273333333,24.427908266666662,21.99028,-2.405222581966143
2024-09-10 22:30:00,24.3962622,22.104929966666663,22.824875,-1.5713873220703114
2024-09-10 23:00:00,24.23032788333333,21.433204266666667,22.66243,-1.5678980737630184
2024-09-10 23:30:00,29.114643883333333,24.942382133333336,22.261322,-6.853321861848958
2024-09-11 00:00:00,34.12934323333334,31.56978608333333,22.894165,-11.235178194270837
2024-09-11 00:30:00,28.54390378333333,21.518095,21.838303,-6.705601171028643
2024-09-11 01:00:00,28.86133165,22.67306376666667,21.786636,-7.074695297460938
2024-09-11 01:30:00,25.4409654,19.99859168333333,21.936935,-3.504029975195312
2024-09-11 02:00:00,22.24326161666667,21.7638117,20.550323,-1.6929381303385433
2024-09-11 02:30:00,30.4637827,26.104673833333333,21.024643,-9.439139755664062
2024-09-11 03:00:00,26.06382603333333,25.258742183333336,22.45465,-3.6091751544270814
2024-09-11 03:30:00,27.36856395,24.63710833333333,21.017899,-6.350665390429686
2024-09-11 04:00:00,29.41246715,25.671487133333333,22.100616,-7.311850694921876
2024-09-11 04:30:00,29.495980366666668,29.623844,23.293121,-6.202859028776043
2024-09-11 05:00:00,29.4703205,34.677977166666665,23.548355,-5.921965397460937
2024-09-11 05:30:00,32.210366566666664,37.12806823333333,24.286148,-7.924218495377602
2024-09-11 06:00:00,26.167294966666663,24.617037633333336,24.17067,-1.9966254110026007
2024-09-11 06:30:00,22.38250275,20.62618888333333,23.625275,1.2427719082031246
2024-09-11 07:00:00,21.0217811,27.46486398333333,21.974579,0.9527977574218767
2024-09-11 07:30:00,17.109963699999998,17.496480483333333,17.354828,0.244864180859377
2024-09-11 08:00:00,11.07495985,13.491004383333332,10.988893,-0.08606729476318442
2024-09-11 08:30:00,4.367121116666668,3.424127783333333,1.8054513,-2.5616698427485165
2024-09-11 09:00:00,-17.077852233333335,-17.198633333333333,-11.401122,5.676730140132651
2024-09-11 09:30:00,-24.79588105,-37.925145,-26.683212,-1.887331230273439
2024-09-11 10:00:00,-33.2408151,-60.71032783333334,-43.337997,-10.097182336523439
2024-09-11 10:30:00,-49.02625051666666,-79.72510943333333,-57.793304,-8.767053926692718
2024-09-11 11:00:00,-61.360091833333335,-103.59443213333331,-72.67052,-11.310425134440102
2024-09-11 11:30:00,-80.3535949,-127.92480205,-87.813995,-7.4604004613281205
2024-09-11 12:00:00,-88.98581068333334,-134.14981279999998,-97.340225,-8.354414536393222
2024-09-11 12:30:00,-99.87860168333332,-133.45057498333333,-103.74788,-3.8692773449869975
2024-09-11 13:00:00,-117.68180491666668,-141.91783108333334,-106.42856,11.253246567057303
2024-09-11 13:30:00,-113.59792831666668,-131.01274049999998,-103.01902,10.578908236100276
2024-09-11 14:00:00,-98.71970665,-116.08148895,-95.74503,2.97467338583985
2024-09-11 14:30:00,-92.3301206,-110.54938991666666,-83.5132,8.816921747460938
2024-09-11 15:00:00,-80.87435356666667,-104.14515543333334,-70.954285,9.92006889869792
2024-09-11 15:30:00,-66.18515275,-69.95192329999999,-57.12822,9.056933145507813
2024-09-11 16:00:00,-43.98149433333333,-46.21371941666666,-40.680176,3.3013185520833304
2024-09-11 16:30:00,-18.309424916666668,-25.631674933333333,-26.006378,-7.696953257161457
2024-09-11 17:00:00,-8.609412016666665,-13.49434675,-13.82138,-5.211967644893393
2024-09-11 17:30:00,0.4554627333333332,-1.274869983333334,-1.6478873,-2.1033500824620566
2024-09-11 18:00:00,11.137891666666668,4.939502200000001,4.905427,-6.232464687601727
2024-09-11 18:30:00,19.55336995,7.418491716666668,11.496461,-8.056909035388184
2024-09-11 19:00:00,23.9717522,12.708362766666667,17.103577,-6.868175539843751
2024-09-11 19:30:00,28.88001998333333,16.37774945,19.714996,-9.165023645442705
2024-09-11 20:00:00,24.646679483333333,20.184703366666668,21.013962,-3.6327176913411456
2024-09-11 20:30:00,18.338538966666665,22.17775275,18.868134,0.5295945782552103
2024-09-11 21:00:00,22.297027216666667,23.223641466666667,19.663025,-2.6340023143229168
2024-09-11 21:30:00,26.772338966666663,21.81879775,19.97499,-6.7973481219401
2024-09-11 22:00:00,24.25676723333333,24.39550273333333,21.036514,-3.220252951106769
2024-09-11 22:30:00,28.066267766666662,24.3962622,24.381622,-3.6846454522135375
2024-09-11 23:00:00,33.72934778333333,24.23032788333333,24.257812,-9.471535283333331
2024-09-11 23:30:00,35.15123065,29.114643883333333,23.764816,-11.386414365820315
2024-09-12 00:00:00,27.98563558333333,34.12934323333334,25.581528,-2.404107873372393
2024-09-12 00:30:00,23.908321683333337,28.54390378333333,25.616684,1.7083622766276
2024-09-12 01:00:00,24.10666498333333,28.86133165,25.575104,1.4684387764322935
2024-09-12 01:30:00,21.07255848333333,25.4409654,26.24524,5.1726807744791685
2024-09-12 02:00:00,22.146072216666667,22.24326161666667,25.235748,3.089676074348958
2024-09-12 02:30:00,26.834527233333333,30.4637827,24.697693,-2.1368343622395827
2024-09-12 03:00:00,24.43834388333333,26.06382603333333,24.324036,-0.11430823880208152
2024-09-12 03:30:00,23.619805483333334,27.36856395,24.940475,1.3206699805338538
2024-09-12 04:00:00,23.30855565,29.41246715,24.948822,1.6402663714843762
2024-09-12 04:30:00,23.73329718333333,29.495980366666668,24.811783,1.0784856535807315
2024-09-12 05:00:00,28.53861333333333,29.4703205,23.849045,-4.689568533528643
2024-09-12 05:30:00,35.12111715,32.210366566666664,22.581345,-12.539772545507816
2024-09-12 06:00:00,27.89997225,26.167294966666663,23.798447,-4.101525594726564
2024-09-12 06:30:00,20.145927666666665,22.38250275,21.904984,1.7590558538411472
2024-09-12 07:00:00,19.367865516666665,21.0217811,18.240494,-1.1273717422526026
2024-09-12 07:30:00,15.80167,17.109963699999998,12.947236,-2.8544339389038083
2024-09-12 08:00:00,10.6797689,11.07495985,4.729951,-5.949817995153808
2024-09-12 08:30:00,-0.4978433166666665,4.367121116666668,-6.0567007,-5.558857389815267
2024-09-12 09:00:00,-28.98136425,-17.077852233333335,-19.44197,9.539393424804686
2024-09-12 09:30:00,-43.04351935,-24.79588105,-35.27791,7.765611024804684
2024-09-12 10:00:00,-52.521235966666666,-33.2408151,-49.810944,2.7102923631510407
2024-09-12 10:30:00,-70.26901781666668,-49.02625051666666,-64.8425,5.4265190373698005
2024-09-12 11:00:00,-78.23644343333333,-61.360091833333335,-78.26967,-0.03322514576822755
2024-09-12 11:30:00,-89.67596818333334,-80.3535949,-90.227516,-0.5515479909830674
2024-09-12 12:00:00,-94.71455496666664,-88.98581068333334,-98.96172,-4.247168360970079
2024-09-12 12:30:00,-100.05122066666668,-99.87860168333332,-103.557884,-3.506663549641914
2024-09-12 13:00:00,-119.22405108333334,-117.68180491666668,-106.31724,12.90681322932943
2024-09-12 13:30:00,-107.45286008333332,-113.59792831666668,-102.85139,4.601473059407539
2024-09-12 14:00:00,-111.15001001666668,-98.71970665,-93.552605,17.597405341373715
2024-09-12 14:30:00,-114.07634765,-92.3301206,-83.00987,31.066475213476565
2024-09-12 15:00:00,-96.93340838333334,-80.87435356666667,-71.29184,25.64156878372397
2024-09-12 15:30:00,-72.39733055,-66.18515275,-57.540115,14.857215193554694
2024-09-12 16:00:00,-51.2483894,-43.98149433333333,-42.24199,9.006400264257813
2024-09-12 16:30:00,-32.030838933333335,-18.309424916666668,-27.045181,4.985657658919273
2024-09-12 17:00:00,-13.267131566666665,-8.609412016666665,-13.639541,-0.3724091056355814
2024-09-12 17:30:00,1.715986516666667,0.4554627333333332,-2.3511803,-4.067166831684367
2024-09-12 18:00:00,9.523995566666663,11.137891666666668,5.1697397,-4.354255843461097
2024-09-12 18:30:00,16.90069325,19.55336995,12.337556,-4.563137364685058
2024-09-12 19:00:00,16.878482233333333,23.9717522,17.721603,0.8431211602213544
2024-09-12 19:30:00,17.252671583333335,28.88001998333333,20.559921,3.3072496813151027
2024-09-12 20:00:00,21.291211116666663,24.646679483333333,20.847061,-0.44414995944010016
2024-09-12 20:30:00,23.98052738333333,18.338538966666665,19.150269,-4.830258828645832
2024-09-12 21:00:00,29.157316466666668,22.297027216666667,18.201935,-10.955381652213543
2024-09-12 21:30:00,28.42038841666667,26.772338966666663,19.969467,-8.45092125358073
2024-09-12 22:00:00,28.5398223,24.25676723333333,20.791153,-7.748669345898438
2024-09-12 22:30:00,30.2102473,28.066267766666662,23.003845,-7.206402085156249
2024-09-12 23:00:00,33.624490566666665,33.72934778333333,25.234924,-8.389566250260415
2024-09-12 23:30:00,35.85563331666666,35.15123065,26.087097,-9.768536148697912
2024-09-13 00:00:00,32.89141158333333,27.98563558333333,26.075958,-6.815453331380205
2024-09-13 00:30:00,35.47866621666667,23.908321683333337,26.257431,-9.22123518639323
2024-09-13 01:00:00,29.587497216666662,24.10666498333333,26.506332,-3.081164819205725
2024-09-13 01:30:00,27.166764933333337,21.07255848333333,27.515945,0.34918050123697597
2024-09-13 02:00:00,21.772896000000003,22.146072216666667,27.085983,5.313087276367185
2024-09-13 02:30:00,28.343092183333336,26.834527233333333,26.00943,-2.3336622516927115
2024-09-13 03:00:00,27.325793866666668,24.43834388333333,25.905624,-1.4201694770182307
2024-09-13 03:30:00,27.549037233333333,23.619805483333334,25.141403,-2.407634035091146
2024-09-13 04:00:00,27.96972273333333,23.30855565,26.53395,-1.4357719276692684
2024-09-13 04:30:00,29.4081388,23.73329718333333,26.64148,-2.7666593078124997
2024-09-13 05:00:00,36.67984775,28.53861333333333,26.838562,-9.84128573828125
2024-09-13 05:30:00,41.66653888333334,35.12111715,27.900162,-13.766377140169276
2024-09-13 06:00:00,29.5606901,27.89997225,28.951508,-0.6091825316406236
2024-09-13 06:30:00,28.0813388,20.145927666666665,25.239243,-2.8420962462890635
2024-09-13 07:00:00,23.010110333333333,19.367865516666665,20.12175,-2.888360455403646
2024-09-13 07:30:00,16.65047278333333,15.80167,14.989549,-1.6609241001668273
2024-09-13 08:00:00,10.4690473,10.6797689,7.3630075,-3.1060397545288083
2024-09-13 08:30:00,-5.510980616666667,-0.4978433166666665,-4.2609243,1.2500562773722335
2024-09-13 09:00:00,-21.5609134,-28.98136425,-19.031876,2.529037789648438
2024-09-13 09:30:00,-40.78799555,-43.04351935,-33.559235,7.228760930859373
2024-09-13 10:00:00,-53.91421838333333,-52.521235966666666,-48.317062,5.59715600540364
2024-09-13 10:30:00,-76.05460833333333,-70.26901781666668,-63.146088,12.90852068684896
2024-09-13 11:00:00,-93.2132504,-78.23644343333333,-76.374985,16.83826565878907
2024-09-13 11:30:00,-113.85898261666668,-89.67596818333334,-88.519714,25.33926826119793
2024-09-13 12:00:00,-124.19234555,-94.71455496666664,-97.48258,26.709763457714843
2024-09-13 12:30:00,-136.09613781666667,-100.05122066666668,-103.57627,32.51986675953776
2024-09-13 13:00:00,-137.1192566,-119.22405108333334,-106.12175,30.997506722070312
2024-09-13 13:30:00,-131.78888233333333,-107.45286008333332,-102.55937,29.229510385091146
2024-09-13 14:00:00,-123.96213336666666,-111.15001001666668,-96.945206,27.0169276781901
2024-09-13 14:30:00,-112.21409388333332,-114.07634765,-86.86056,25.353536327180976
2024-09-13 15:00:00,-93.75761006666666,-96.93340838333334,-75.48883,18.268779500260408
2024-09-13 15:30:00,-76.44869718333332,-72.39733055,-62.216522,14.232174966536448
2024-09-13 16:00:00,-51.6314362,-51.2483894,-47.444046,4.187390179492191
2024-09-13 16:30:00,-29.128206066666667,-32.030838933333335,-32.653748,-3.5255414919270827
2024-09-13 17:00:00,-9.979237416666669,-13.267131566666665,-19.626572,-9.647334238606769
2024-09-13 17:30:00,4.329618833333334,1.715986516666667,-8.056579,-12.386197469502768
2024-09-13 18:00:00,10.615681133333334,9.523995566666663,2.3511055,-8.264575681749472
2024-09-13 18:30:00,20.6871995,16.90069325,10.452058,-10.235141661560057
2024-09-13 19:00:00,20.34820433333333,16.878482233333333,15.356385,-4.991819102315265
2024-09-13 19:30:00,23.64722335,17.252671583333335,19.813828,-3.8333958353515634
2024-09-13 20:00:00,15.839079366666668,21.291211116666663,23.498001,7.658921731966144
2024-09-13 20:30:00,25.31585108333333,23.98052738333333,22.631012,-2.6848391204427067
2024-09-13 21:00:00,29.46905218333333,29.157316466666668,22.960648,-6.508404600325516
2024-09-13 21:30:00,31.9271777,28.42038841666667,23.461472,-8.465706142382814
2024-09-13 22:00:00,32.92727285,28.5398223,23.378952,-9.548320823632814
2024-09-13 22:30:00,26.751741166666665,30.2102473,24.585297,-2.1664445358072904
2024-09-13 23:00:00,27.56578728333333,33.624490566666665,24.665375,-2.9004125274739536
2024-09-13 23:30:00,24.32180333333333,35.85563331666666,26.090393,1.7685897330729183
2024-09-14 00:00:00,29.2794573,32.89141158333333,28.220901,-1.0585558107421882
2024-09-14 00:30:00,27.85255495,35.47866621666667,27.943954,0.09139951777343924
2024-09-14 01:00:00,27.6440329,29.587497216666662,27.954071,0.31003814492187587
2024-09-14 01:30:00,27.72721383333333,27.166764933333337,27.34703,-0.38018319368489273
2024-09-14 02:00:00,26.1778767,21.772896000000003,25.459747,-0.7181293855468738
2024-09-14 02:30:00,30.838188866666663,28.343092183333336,25.05133,-5.786858300260413
2024-09-14 03:00:00,27.08334725,27.325793866666668,23.659058,-3.424289632812499
2024-09-14 03:30:00,25.44295935,27.549037233333333,23.278915,-2.1640439447265614
2024-09-14 04:00:00,24.00743266666667,27.96972273333333,24.751297,0.7438643304036425
2024-09-14 04:30:00,25.954564450000003,29.4081388,25.64473,-0.3098348357421905
2024-09-14 05:00:00,29.29217095,36.67984775,26.381424,-2.9107469998046867
2024-09-14 05:30:00,35.27031015,41.66653888333334,27.654068,-7.616242156835938
2024-09-14 06:00:00,29.240593333333333,29.5606901,27.74556,-1.4950336409505205
2024-09-14 06:30:00,23.57139331666667,28.0813388,26.22522,2.6538264098958315
2024-09-14 07:00:00,21.72005435,23.010110333333333,22.782745,1.0626910113281234
2024-09-14 07:30:00,21.78976053333333,16.65047278333333,18.666122,-3.1236380968098914
2024-09-14 08:00:00,12.55431945,10.4690473,10.588761,-1.9655581203491206
2024-09-14 08:30:00,3.32153325,-5.510980616666667,-1.3371421,-4.6586753598709105
2024-09-14 09:00:00,-7.453851616666667,-21.5609134,-14.111999,-6.658146941377766
2024-09-14 09:30:00,-15.74473876666667,-40.78799555,-30.985977,-15.241238406184893
2024-09-14 10:00:00,-26.01706175,-53.91421838333333,-47.38153,-21.36446901171875
2024-09-14 10:30:00,-56.05796871666666,-76.05460833333333,-64.45424,-8.396270174934905
2024-09-14 11:00:00,-85.67787941666667,-93.2132504,-78.85521,6.8226700660807325
2024-09-14 11:30:00,-100.39498875,-113.85898261666668,-91.691925,8.703063701171871
2024-09-14 12:00:00,-110.0373429,-124.19234555,-101.95381,8.083531254492186
2024-09-14 12:30:00,-107.2267283,-136.09613781666667,-109.65107,-2.4243413411132764
2024-09-14 13:00:00,-102.69133835,-137.1192566,-111.34552,-8.654181669531255
2024-09-14 13:30:00,-112.17472726666666,-131.78888233333333,-108.157295,4.017432039615883
2024-09-14 14:00:00,-119.55775336666666,-123.96213336666666,-103.032684,16.525069040494785
2024-09-14 14:30:00,-105.75864333333334,-112.21409388333332,-92.158424,13.600218955891933
2024-09-14 15:00:00,-91.38902105,-93.75761006666666,-78.18808,13.200941216015622
2024-09-14 15:30:00,-63.13965065,-76.44869718333332,-62.03511,1.1045401763671876
2024-09-14 16:00:00,-49.47474105,-51.6314362,-46.476227,2.9985142433593737
2024-09-14 16:30:00,-25.73751925,-29.128206066666667,-31.249313,-5.511794104492189
2024-09-14 17:00:00,-6.66284495,-9.979237416666669,-16.958298,-10.295452779492187
2024-09-14 17:30:00,1.5917223166666667,4.329618833333334,-3.0525963,-4.644318647309367
2024-09-14 18:00:00,15.217980166666663,10.615681133333334,5.4884043,-9.729575892679847
2024-09-14 18:30:00,18.66142225,20.6871995,12.861665,-5.79975747796631
2024-09-14 19:00:00,20.102644883333333,20.34820433333333,18.4926,-1.6100453960286458
2024-09-14 19:30:00,22.031199,23.64722335,23.201508,1.1703085683593741
2024-09-14 20:00:00,25.60586658333333,15.839079366666668,23.66954,-1.9363261780598933
2024-09-14 20:30:00,23.23619153333333,25.31585108333333,24.554947,1.3187553660807332
2024-09-14 21:00:00,27.771627350000003,29.46905218333333,24.661423,-3.1102046205078153
2024-09-14 21:30:00,30.65898388333333,31.9271777,24.306717,-6.3522669643880185
2024-09-14 22:00:00,39.22452725,32.92727285,25.691345,-13.533182035156251
2024-09-14 22:30:00,44.237525516666665,26.751741166666665,27.124329,-17.113196903385415
2024-09-14 23:00:00,37.19790226666667,27.56578728333333,26.396942,-10.800960127994792
2024-09-14 23:30:00,36.21519666666666,24.32180333333333,26.477524,-9.73767286295572
2024-09-15 00:00:00,40.71273598333333,29.2794573,28.616531,-12.096204611263019
2024-09-15 00:30:00,37.03421886666666,27.85255495,27.195312,-9.838906366666663
2024-09-15 01:00:00,31.975517300000003,27.6440329,27.237915,-4.7376022609375035
2024-09-15 01:30:00,26.82299838333333,27.72721383333333,26.758026,-0.06497226028645642
2024-09-15 02:00:00,28.75872956666667,26.1778767,27.368103,-1.3906265393229198
2024-09-15 02:30:00,34.0596244,30.838188866666663,26.342636,-7.7169882916015595
2024-09-15 03:00:00,33.77831123333333,27.08334725,26.96437,-6.813940505794271
2024-09-15 03:30:00,33.351236633333336,25.44295935,28.26741,-5.083826355013024
2024-09-15 04:00:00,30.35568058333333,24.00743266666667,27.078354,-3.277326701497394
2024-09-15 04:30:00,33.32648761666667,25.954564450000003,25.87436,-7.452128485807293
2024-09-15 05:00:00,33.233593500000005,29.29217095,25.537582,-7.696011102539067
2024-09-15 05:30:00,38.48575005,35.27031015,24.754868,-13.730882496289063
2024-09-15 06:00:00,31.655552666666665,29.240593333333333,25.634293,-6.021260064127603
2024-09-15 06:30:00,21.732275466666668,23.57139331666667,25.002533,3.2702574923177075
2024-09-15 07:00:00,23.338143833333334,21.72005435,20.762924,-2.575219638997396
2024-09-15 07:30:00,22.42317333333333,21.78976053333333,15.793,-6.6301731120808896
2024-09-15 08:00:00,9.082215383333333,12.55431945,6.4416056,-2.640609815401204
2024-09-15 08:30:00,-9.8190944,3.32153325,-3.864013,5.955081443380736
2024-09-15 09:00:00,-30.64168281666667,-7.453851616666667,-16.218582,14.423100663346357
2024-09-15 09:30:00,-49.78081451666667,-15.74473876666667,-33.11934,16.66147552740886
2024-09-15 10:00:00,-66.82127838333334,-26.01706175,-48.373352,18.447926332552086
2024-09-15 10:30:00,-91.50390613333332,-56.05796871666666,-62.085587,29.418319585481754
2024-09-15 11:00:00,-107.21622235,-85.67787941666667,-78.65607,28.560155455468745
2024-09-15 11:30:00,-121.38923386666666,-100.39498875,-94.71996,26.66927079293619
2024-09-15 12:00:00,-142.58523618333334,-110.0373429,-108.13388,34.45135556809896
2024-09-15 12:30:00,-153.98288386666667,-107.2267283,-114.52603,39.45685237252604
2024-09-15 13:00:00,-161.98757896666666,-102.69133835,-116.209305,45.77827415709635
2024-09-15 13:30:00,-162.95692226666668,-112.17472726666666,-115.00098,47.95594570416668
2024-09-15 14:00:00,-141.2965692666667,-119.55775336666666,-108.80605,32.4905161050456
2024-09-15 14:30:00,-141.35954668333332,-105.75864333333334,-96.73588,44.623668692610664
2024-09-15 15:00:00,-122.2089488,-91.38902105,-81.31765,40.89129895869141
2024-09-15 15:30:00,-94.09908663333331,-63.13965065,-63.738144,30.360942712434877
2024-09-15 16:00:00,-67.50798398333333,-49.47474105,-47.22586,20.282123387630207
2024-09-15 16:30:00,-36.23436323333333,-25.73751925,-31.069855,5.164508497005208
2024-09-15 17:00:00,-7.676390616666667,-6.66284495,-16.648987,-8.972596199739584
2024-09-15 17:30:00,0.1353483833333335,1.5917223166666667,-2.9644463,-3.0997946895619712
2024-09-15 18:00:00,10.4629506,15.217980166666663,6.664094,-3.798856628747558
2024-09-15 18:30:00,19.696525516666668,18.66142225,14.326615,-5.369910183109539
2024-09-15 19:00:00,29.487355633333333,20.102644883333333,20.273178,-9.214177532747396
2024-09-15 19:30:00,32.64054488333333,22.031199,22.70668,-9.933864585481764
2024-09-15 20:00:00,35.25635381666667,25.60586658333333,23.019852,-12.236502132096355
2024-09-15 20:30:00,36.28363831666667,23.23619153333333,23.832672,-12.450966197526043
2024-09-15 21:00:00,26.0645656,27.771627350000003,25.54573,-0.5188350091796892
2024-09-15 21:30:00,22.645559483333333,30.65898388333333,26.462936,3.8173769180338546
2024-09-15 22:00:00,22.75694938333333,39.22452725,27.917755,5.160805743619797
2024-09-15 22:30:00,19.949923866666666,44.237525516666665,27.863953,7.914028770052084
2024-09-15 23:00:00,28.613072216666662,37.19790226666667,28.555817,-0.05725556627603723
2024-09-15 23:30:00,35.50558675,36.21519666666666,29.409225,-6.096361286132812
2024-09-16 00:00:00,34.87902995,40.71273598333333,29.641556,-5.237474163867191
2024-09-16 00:30:00,32.86401873333333,37.03421886666666,31.631622,-1.2323964188802066
2024-09-16 01:00:00,27.770762116666663,31.975517300000003,31.114288,3.3435262134114616
2024-09-16 01:30:00,30.507485066666664,26.82299838333333,31.47026,0.9627755534505233
2024-09-16 02:00:00,26.69759498333333,28.75872956666667,31.309845,4.612249987369793
2024-09-16 02:30:00,31.514952750000003,34.0596244,30.1539,-1.3610526035156276
2024-09-16 03:00:00,26.961954016666667,33.77831123333333,29.85675,2.8947964716145833
2024-09-16 03:30:00,30.043892733333333,33.351236633333336,30.792923,0.7490302402994793
2024-09-16 04:00:00,27.9771295,30.35568058333333,30.430069,2.4529394697265623
2024-09-16 04:30:00,30.97242671666667,33.32648761666667,31.790115,0.8176886397786411
2024-09-16 05:00:00,33.71734155,33.233593500000005,29.715714,-4.001628049023438
2024-09-16 05:30:00,40.2464718,38.48575005,28.696945,-11.549526609570314
2024-09-16 06:00:00,34.237932783333335,31.655552666666665,31.06285,-3.1750818311848974
2024-09-16 06:30:00,29.02780841666667,21.732275466666668,31.01854,1.990731012044268
2024-09-16 07:00:00,26.04551281666667,23.338143833333334,26.561752,0.5162395026692685
2024-09-16 07:30:00,20.963583383333333,22.42317333333333,21.374664,0.41108092330729207
2024-09-16 08:00:00,8.067840683333333,9.082215383333333,10.995271,2.927430045731608
2024-09-16 08:30:00,3.803467716666667,-9.8190944,-2.4235833,-6.2270509857859295
2024-09-16 09:00:00,-17.4311616,-30.64168281666667,-15.505889,1.9252726610961908
2024-09-16 09:30:00,-34.0007434,-49.78081451666667,-31.907578,2.09316588535156
2024-09-16 10:00:00,-63.95361990000001,-66.82127838333334,-49.460663,14.492957058203132
2024-09-16 10:30:00,-93.12941516666666,-91.50390613333332,-66.0531,27.07631458072916
2024-09-16 11:00:00,-115.52534788333332,-107.21622235,-83.20276,32.322589094270825
2024-09-16 11:30:00,-129.95053456666668,-121.38923386666666,-100.903656,29.0468785608073
2024-09-16 12:00:00,-143.4383143833333,-142.58523618333334,-113.133835,30.30447954446612
2024-09-16 12:30:00,-155.57379768333334,-153.98288386666667,-122.056885,33.51691291770834
2024-09-16 13:00:00,-154.22001438333334,-161.98757896666666,-126.625114,27.594899942415367
2024-09-16 13:30:00,-149.03937336666667,-162.95692226666668,-126.98882,22.050550429654947
2024-09-16 14:00:00,-132.68200336666666,-141.2965692666667,-119.701416,12.980587351041663
2024-09-16 14:30:00,-120.54625391666669,-141.35954668333332,-107.64935,12.896900889322936
2024-09-16 15:00:00,-104.9267295,-122.2089488,-92.81145,12.115282356445306
2024-09-16 15:30:00,-78.8348548,-94.09908663333331,-76.3443,2.4905554835937522
2024-09-16 16:00:00,-55.22429395,-67.50798398333333,-58.476578,-3.252283808789059
2024-09-16 16:30:00,-33.11064615,-36.23436323333333,-39.223373,-6.112727263085937
2024-09-16 17:00:00,-15.886405516666663,-7.676390616666667,-22.08908,-6.202675293880212
2024-09-16 17:30:00,-3.458408916666667,0.1353483833333335,-5.8463583,-2.387949382588704
2024-09-16 18:00:00,4.7431205,10.4629506,6.576783,1.8336626802368166
2024-09-16 18:30:00,12.125781133333334,19.696525516666668,15.773484,3.6477030967081703
2024-09-16 19:00:00,17.296734466666667,29.487355633333333,23.394196,6.097461089973958
2024-09-16 19:30:00,19.536781666666663,32.64054488333333,27.180603,7.643821360677087
2024-09-16 20:00:00,17.414269833333332,35.25635381666667,28.997269,11.58299884342448
2024-09-16 20:30:00,20.572301566666667,36.28363831666667,27.999481,7.427179634505208
2024-09-16 21:00:00,21.305963966666667,26.0645656,26.816849,5.510884788216146
2024-09-16 21:30:00,25.68679111666667,22.645559483333333,27.282516,1.5957253628255188
2024-09-16 22:00:00,26.10060385,22.75694938333333,28.392853,2.292248933203126
2024-09-16 22:30:00,22.91226988333333,19.949923866666666,28.953217,6.040946669401045
2024-09-16 23:00:00,24.293657316666668,28.613072216666662,29.383652,5.08999441673177
2024-09-16 23:30:00,27.525613816666667,35.50558675,29.53981,2.014196363997396
2024-09-17 00:00:00,33.085562616666664,34.87902995,28.984436,-4.101126581510414
2024-09-17 00:30:00,32.3688993,32.86401873333333,30.085754,-2.2831449054687525
2024-09-17 01:00:00,29.10286655,27.770762116666663,29.160126,0.057259182421873334
2024-09-17 01:30:00,28.389165,30.507485066666664,29.089066,0.6999005517578141
2024-09-17 02:00:00,29.89717605,26.69759498333333,28.68541,-1.2117665041015613
2024-09-17 02:30:00,32.93731925,31.514952750000003,28.265366,-4.671953649414064
2024-09-17 03:00:00,31.177485033333337,26.961954016666667,27.884583,-3.292902513802087
2024-09-17 03:30:00,26.19090321666667,30.043892733333333,27.976624,1.785720318489581
2024-09-17 04:00:00,29.21186935,27.9771295,27.936615,-1.2752543597656256
2024-09-17 04:30:00,28.30130995,30.97242671666667,29.507019,1.2057090929687497
2024-09-17 05:00:00,32.252790616666665,33.71734155,28.620422,-3.6323682533854154
2024-09-17 05:30:00,35.433802199999995,40.2464718,30.507355,-4.92644746367187
2024-09-17 06:00:00,26.78992153333333,34.237932783333335,30.98938,4.199458349479169
2024-09-17 06:30:00,26.539926750000003,29.02780841666667,29.339447,2.799520271484372
2024-09-17 07:00:00,22.242509316666663,26.04551281666667,25.336182,3.0936723239583372
2024-09-17 07:30:00,18.0019161,20.963583383333333,20.277283,2.275366614843751
2024-09-17 08:00:00,17.4030332,8.067840683333333,10.597291,-6.805742207263183
2024-09-17 08:30:00,7.291324533333333,3.803467716666667,-2.4299462,-9.72127071749166
2024-09-17 09:00:00,-21.53473178333333,-17.4311616,-16.590286,4.944445528450519
2024-09-17 09:30:00,-39.59375283333333,-34.0007434,-36.017075,3.576678248372396
2024-09-17 10:00:00,-59.495808366666665,-63.95361990000001,-55.75737,3.738438371549478
2024-09-17 10:30:00,-92.64633538333334,-93.12941516666666,-74.086426,18.559909602083337
2024-09-17 11:00:00,-117.54511483333332,-115.52534788333332,-91.59278,25.952333766438784
2024-09-17 11:30:00,-142.65347288333334,-129.95053456666668,-107.61918,35.03429411136068
2024-09-17 12:00:00,-159.73891003333333,-143.4383143833333,-119.705124,40.03378613196614
2024-09-17 12:30:00,-172.2717416333333,-155.57379768333334,-129.1114,43.160337214387994
2024-09-17 13:00:00,-177.40869951666664,-154.22001438333334,-132.92271,44.48598528326821
2024-09-17 13:30:00,-176.84271049999998,-149.03937336666667,-130.92021,45.922498708007794
2024-09-17 14:00:00,-163.52462,-132.68200336666666,-123.669876,39.854743901367186
2024-09-17 14:30:00,-145.5175128333333,-120.54625391666669,-112.202896,33.31461671516925
2024-09-17 15:00:00,-122.07968778333333,-104.9267295,-95.82869,26.250998208138014
2024-09-17 15:30:00,-94.33204151666666,-78.8348548,-76.44505,17.886988416080726
2024-09-17 16:00:00,-73.95854055,-55.22429395,-56.45128,17.507261863476558
2024-09-17 16:30:00,-44.46955946666666,-33.11064615,-36.336243,8.13331679088541
2024-09-17 17:00:00,-19.48799663333333,-15.886405516666663,-17.650772,1.837224538606769
2024-09-17 17:30:00,-6.570947933333333,-3.458408916666667,-2.2047722,4.36617569937032
2024-09-17 18:00:00,3.2136299666666663,4.7431205,7.949479,4.735849136421713
2024-09-17 18:30:00,10.37638155,12.125781133333334,15.845567,5.469185199572754
2024-09-17 19:00:00,14.3481339,17.296734466666667,22.005142,7.657008311914062
2024-09-17 19:30:00,24.622874316666667,19.536781666666663,26.870834,2.24796003391927
2024-09-17 20:00:00,24.03837955,17.414269833333332,27.306488,3.2681084871093766
2024-09-17 20:30:00,24.31034178333333,20.572301566666667,27.140198,2.8298559705729183
2024-09-17 21:00:00,30.598127266666665,21.305963966666667,26.646774,-3.951352974674478
2024-09-17 21:30:00,24.955435116666667,25.68679111666667,26.972198,2.016763369661458
2024-09-17 22:00:00,24.0445769,26.10060385,26.30513,2.2605531048828134
2024-09-17 22:30:00,31.86760875,22.91226988333333,27.04425,-4.823358261718749
2024-09-17 23:00:00,28.828814583333337,24.293657316666668,26.994095,-1.8347197347005242
2024-09-17 23:30:00,32.796481666666665,27.525613816666667,26.728455,-6.068027076822915
2024-09-18 00:00:00,28.1150509,33.085562616666664,27.42456,-0.690490353125
2024-09-18 00:30:00,33.67168976666667,32.3688993,28.828918,-4.842771309635417
2024-09-18 01:00:00,29.2383062,29.10286655,29.662613,0.42430671503906225
2024-09-18 01:30:00,32.107198366666665,28.389165,31.451614,-0.6555839867838529
2024-09-18 02:00:00,28.169488416666667,29.89717605,31.795166,3.625677598958333
2024-09-18 02:30:00,33.20975775,32.93731925,30.832092,-2.3776654648437514
2024-09-18 03:00:00,27.43100495,31.177485033333337,29.61409,2.183085015820314
2024-09-18 03:30:00,28.819737133333334,26.19090321666667,29.544952,0.7252152592447914
2024-09-18 04:00:00,27.877207916666663,29.21186935,30.305298,2.428089934895837
2024-09-18 04:30:00,31.27471863333333,28.30130995,30.098694,-1.176024785677079
2024-09-18 05:00:00,31.8769707,32.252790616666665,28.671066,-3.2059044158203136
2024-09-18 05:30:00,40.47336883333333,35.433802199999995,29.551636,-10.921733091145832
2024-09-18 06:00:00,24.82114048333333,26.78992153333333,29.896835,5.075694843815107
2024-09-18 06:30:00,19.219442166666667,26.539926750000003,27.59108,8.371637545247395
2024-09-18 07:00:00,22.3866084,22.242509316666663,23.287231,0.9006230453124999
2024-09-18 07:30:00,13.996827283333332,18.0019161,16.471054,2.474226793815106
2024-09-18 08:00:00,1.4565287833333336,17.4030332,7.4654093,6.008880495536295
2024-09-18 08:30:00,-17.270860716666665,7.291324533333333,-3.8505394,13.42032127078959
2024-09-18 09:00:00,-46.51589165000001,-21.53473178333333,-20.046463,26.469428637304695
2024-09-18 09:30:00,-71.2962251,-39.59375283333333,-38.894974,32.40125134511719
2024-09-18 10:00:00,-97.67481013333334,-59.495808366666665,-59.040466,38.63434382473959
2024-09-18 10:30:00,-116.03471063333332,-92.64633538333334,-78.39737,37.637341248567694
2024-09-18 11:00:00,-139.03070108333335,-117.54511483333332,-98.24724,40.78346292415367
2024-09-18 11:30:00,-160.51021491666668,-142.65347288333334,-115.50578,45.004431835611996
2024-09-18 12:00:00,-174.69721736666668,-159.73891003333333,-130.02122,44.67599239108074
2024-09-18 12:30:00,-184.4258977333333,-172.2717416333333,-140.36107,44.06482900774736
2024-09-18 13:00:00,-178.27871458333334,-177.40869951666664,-144.89995,33.37876646321615
2024-09-18 13:30:00,-177.88033781666664,-176.84271049999998,-144.39842,33.4819155754557
2024-09-18 14:00:00,-166.10887838333335,-163.52462,-137.10205,29.006827602083348
2024-09-18 14:30:00,-147.0502484,-145.5175128333333,-122.9194,24.13084532382811
2024-09-18 15:00:00,-116.3485984,-122.07968778333333,-104.02936,12.31924048984375
2024-09-18 15:30:00,-97.33866555,-94.33204151666666,-83.901306,13.437359397656252
2024-09-18 16:00:00,-69.97667878333333,-73.95854055,-64.69946,5.277215892708327
2024-09-18 16:30:00,-42.62373323333333,-44.46955946666666,-43.869644,-1.2459109317057298
2024-09-18 17:00:00,-16.666766183333333,-19.48799663333333,-23.662262,-6.995495779557292
2024-09-18 17:30:00,-7.732764033333333,-6.570947933333333,-8.645812,-0.9130480012736006
2024-09-18 18:00:00,2.31256615,3.2136299666666663,4.082444,1.769878040979004
2024-09-18 18:30:00,7.5609766,10.37638155,12.275743,4.714765930822754
2024-09-18 19:00:00,10.08836005,14.3481339,18.600342,8.511981746875
2024-09-18 19:30:00,11.816594983333331,24.622874316666667,22.799652,10.983057116276044
2024-09-18 20:00:00,9.46275605,24.03837955,23.95581,14.493054496875
2024-09-18 20:30:00,14.3678078,24.31034178333333,24.148941,9.781133240039063
2024-09-18 21:00:00,16.683925483333333,30.598127266666665,25.099533,8.415607597721355
2024-09-18 21:30:00,20.03649455,24.955435116666667,25.544693,5.508198443164062
2024-09-18 22:00:00,22.977494,24.0445769,25.197037,2.2195427431640624
2024-09-18 22:30:00,16.986124450000002,31.86760875,26.048798,9.062673157421873
2024-09-18 23:00:00,20.14237218333333,28.828814583333337,29.611542,9.469169564713546
2024-09-18 23:30:00,26.820082816666662,32.796481666666665,29.78038,2.960297432356775
2024-09-19 00:00:00,27.7220122,28.1150509,30.999893,3.2778809884765607
2024-09-19 00:30:00,22.77873903333333,33.67168976666667,32.096146,9.317406596549482
2024-09-19 01:00:00,23.59753393333333,29.2383062,31.553482,7.955948122330732
2024-09-19 01:30:00,23.33801675,32.107198366666665,32.045853,8.707835911132811
2024-09-19 02:00:00,25.7841445,28.169488416666667,30.873688,5.089543244140625
2024-09-19 02:30:00,28.09129545,33.20975775,30.796951,2.705655843945312
2024-09-19 03:00:00,24.39467983333333,27.43100495,30.745605,6.350925635416669
2024-09-19 03:30:00,26.727702066666662,28.819737133333334,31.218018,4.490315511458338
2024-09-19 04:00:00,24.494291066666666,27.877207916666663,31.619125,7.124834299544272
2024-09-19 04:30:00,21.52383843333333,31.27471863333333,32.144684,10.620845404557294
2024-09-19 05:00:00,27.57472213333333,31.8769707,30.45819,2.8834687846354186
2024-09-19 05:30:00,34.87137778333334,40.47336883333333,32.015182,-2.856195288216149
2024-09-19 06:00:00,20.37302163333333,24.82114048333333,30.777191,10.404169528776045
2024-09-19 06:30:00,18.54535213333333,19.219442166666667,28.665176,10.119824258268231
2024-09-19 07:00:00,22.08001655,22.3866084,23.758972,1.6789556179687501
2024-09-19 07:30:00,12.650295583333332,13.996827283333332,17.352112,4.701816233072918
2024-09-19 08:00:00,0.7813515666666667,1.4565287833333336,6.9159403,6.1345887180623375
2024-09-19 08:30:00,-13.47276885,-17.270860716666665,-6.731963,6.740805692346191
2024-09-19 09:00:00,-33.47915833333334,-46.51589165000001,-23.735794,9.743364265950525
2024-09-19 09:30:00,-51.332496166666665,-71.2962251,-42.928635,8.403861523111978
2024-09-19 10:00:00,-66.81608831666667,-97.67481013333334,-65.77301,1.043078062760415
2024-09-19 10:30:00,-80.30625878333333,-116.03471063333332,-87.33821,-7.031952276236979
2024-09-19 11:00:00,-98.45468455,-139.03070108333335,-108.14812,-9.693432515429691
2024-09-19 11:30:00,-115.06818378333332,-160.51021491666668,-127.42848,-12.360298272330738
2024-09-19 12:00:00,-119.5356615,-174.69721736666668,-141.71188,-22.17622204492187
2024-09-19 12:30:00,-121.96619496666666,-184.4258977333333,-152.43202,-30.4658271280599
2024-09-19 13:00:00,-124.17717893333334,-178.27871458333334,-154.5728,-30.39562074928385
2024-09-19 13:30:00,-131.68632885,-177.88033781666664,-151.65651,-19.970180549414067
2024-09-19 14:00:00,-110.50344331666666,-166.10887838333335,-145.15215,-34.648702069075526
2024-09-19 14:30:00,-98.71134675,-147.0502484,-130.84416,-32.13281523730468
2024-09-19 15:00:00,-86.72267995,-116.3485984,-110.824486,-24.101805828808594
2024-09-19 15:30:00,-75.13441886666666,-97.33866555,-89.78115,-14.64673195120443
2024-09-19 16:00:00,-49.749451066666666,-69.97667878333333,-66.01593,-16.266479109114584
2024-09-19 16:30:00,-32.515735033333335,-42.62373323333333,-44.44095,-11.92521345299479
2024-09-19 17:00:00,-13.410905433333332,-16.666766183333333,-24.464462,-11.053556846940106
2024-09-19 17:30:00,-6.480481166666666,-7.732764033333333,-7.099517,-0.6190357019246422
2024-09-19 18:00:00,1.4070518000000003,2.31256615,5.8016367,4.394584895861816
2024-09-19 18:30:00,14.0205459,7.5609766,14.709886,0.6893396972290038
2024-09-19 19:00:00,17.14718493333333,10.08836005,21.156952,4.009766970963543
2024-09-19 19:30:00,15.1765111,11.816594983333331,24.981186,9.804674813085937
2024-09-19 20:00:00,12.665612283333331,9.46275605,23.598267,10.932654318229169
2024-09-19 20:30:00,18.51974493333333,14.3678078,22.895187,4.375442444596356
2024-09-19 21:00:00,17.426164466666666,16.683925483333333,21.6232,4.197034996223959
2024-09-19 21:30:00,18.78795278333333,20.03649455,21.241425,2.4534717772135437
2024-09-19 22:00:00,16.514466066666667,22.977494,22.538239,6.023772458723958
2024-09-19 22:30:00,19.81293223333333,16.986124450000002,25.147415,5.334482927799481
2024-09-19 23:00:00,25.0802893,20.14237218333333,25.742538,0.662249152148437
2024-09-19 23:30:00,28.580902666666663,26.820082816666662,26.417572,-2.1633306451822882
2024-09-20 00:00:00,27.107032766666663,27.7220122,28.300293,1.1932602020833372
2024-09-20 00:30:00,25.00368115,22.77873903333333,27.932373,2.9286918968750015
2024-09-20 01:00:00,28.259795516666667,23.59753393333333,28.528229,0.2684332430989578
2024-09-20 01:30:00,27.856518366666663,23.33801675,28.647842,0.7913240405598998
2024-09-20 02:00:00,27.431127816666663,25.7841445,28.012695,0.5815674958333368
2024-09-20 02:30:00,30.336561199999995,28.09129545,28.218994,-2.117567059374995
2024-09-20 03:00:00,28.251945000000003,24.39467983333333,28.193008,-0.05893657714844025
2024-09-20 03:30:00,27.5274392,26.727702066666662,28.739883,1.2124442228515626
2024-09-20 04:00:00,25.45226356666667,24.494291066666666,28.519257,3.0669930251302056
2024-09-20 04:30:00,26.914695516666665,21.52383843333333,27.082642,0.16794608489583496
2024-09-20 05:00:00,26.57295705,27.57472213333333,26.53215,-0.04080678144531191
2024-09-20 05:30:00,29.32105628333333,34.87137778333334,28.001953,-1.3191031583333306
2024-09-20 06:00:00,26.68809966666667,20.37302163333333,28.834686,2.1465866126302053
2024-09-20 06:30:00,19.9078078,18.54535213333333,27.501205,7.593397644335937
2024-09-20 07:00:00,20.01469833333333,22.08001655,22.949219,2.9345204166666683
2024-09-20 07:30:00,11.155766733333335,12.650295583333332,15.313584,4.157817594364419
2024-09-20 08:00:00,2.0547295,0.7813515666666667,3.036988,0.9822585199432372
2024-09-20 08:30:00,-4.670266633333334,-13.47276885,-13.122207,-8.451940054593912
2024-09-20 09:00:00,-27.350487766666664,-33.47915833333334,-29.862396,-2.5119084735677113
2024-09-20 09:30:00,-41.33862763333333,-51.332496166666665,-49.41194,-8.073313894986981
2024-09-20 10:00:00,-60.511447116666666,-66.81608831666667,-70.79295,-10.281506374544271
2024-09-20 10:30:00,-80.45286270000001,-80.30625878333333,-89.50362,-9.050753633007801
2024-09-20 11:00:00,-92.0184239,-98.45468455,-107.75783,-15.73940385878906
2024-09-20 11:30:00,-113.03314606666667,-115.06818378333332,-126.00253,-12.9693868923177
2024-09-20 12:00:00,-119.76678948333334,-119.5356615,-138.30556,-18.538767767643222
2024-09-20 12:30:00,-121.3085477,-121.96619496666666,-145.39313,-24.084579741406245
2024-09-20 13:00:00,-137.4201672833333,-124.17717893333334,-146.95494,-9.534773512565124
2024-09-20 13:30:00,-125.07308725,-131.68632885,-144.0449,-18.971819366210937
2024-09-20 14:00:00,-119.79762,-110.50344331666666,-133.57104,-13.773424921875005
2024-09-20 14:30:00,-104.6335441,-98.71134675,-117.972984,-13.33944021396485
2024-09-20 15:00:00,-86.56014213333333,-86.72267995,-98.31719,-11.75704994430339
2024-09-20 15:30:00,-66.7671667,-75.13441886666666,-77.0452,-10.27802983320312
2024-09-20 16:00:00,-41.61753448333334,-49.749451066666666,-56.08957,-14.472034608463538
2024-09-20 16:30:00,-30.78711605,-32.515735033333335,-36.38182,-5.594704628710936
2024-09-20 17:00:00,-6.894632766666668,-13.410905433333332,-17.440155,-10.545522262630207
2024-09-20 17:30:00,-5.2040044,-6.480481166666666,-3.7549431,1.449061267599487
2024-09-20 18:00:00,5.712441433333333,1.4070518000000003,5.8956003,0.18315888557535853
2024-09-20 18:30:00,12.108765416666666,14.0205459,13.745118,1.6363527245076508
2024-09-20 19:00:00,11.4299951,17.14718493333333,18.655563,7.225568254492188
2024-09-20 19:30:00,14.397565133333332,15.1765111,22.129868,7.732302420377605
2024-09-20 20:00:00,7.9163021,12.665612283333331,22.759842,14.843539818945313
2024-09-20 20:30:00,13.1284579,18.51974493333333,21.411682,8.28322422890625
2024-09-20 21:00:00,29.77815955,17.426164466666666,21.336792,-8.441367557812502
2024-09-20 21:30:00,33.424916583333335,18.78795278333333,20.622772,-12.80214436653646
2024-09-20 22:00:00,33.59409735,16.514466066666667,22.385727,-11.208370421289061
2024-09-20 22:30:00,34.13912998333333,19.81293223333333,24.731735,-9.407394753841146
2024-09-20 23:00:00,37.9547684,25.0802893,25.494797,-12.459971647070311
2024-09-20 23:30:00,35.3957794,28.580902666666663,28.02655,-7.369229107031252
2024-09-21 00:00:00,27.164086116666667,27.107032766666663,29.905045,2.7409584389973958
2024-09-21 00:30:00,27.309724466666665,25.00368115,31.023254,3.7135299278645846
2024-09-21 01:00:00,23.901202416666667,28.259795516666667,32.012756,8.111553930989583
2024-09-21 01:30:00,24.60114678333333,27.856518366666663,30.998291,6.397144232291669
2024-09-21 02:00:00,23.971122766666667,27.431127816666663,31.454742,7.483619664973958
2024-09-21 02:30:00,28.839742933333337,30.336561199999995,29.814377,0.9746338977213505
2024-09-21 03:00:00,27.609192633333333,28.251945000000003,29.471985,1.8627922299479174
2024-09-21 03:30:00,26.4041477,27.5274392,29.442627,3.0384792531250007
2024-09-21 04:00:00,27.922911566666667,25.45226356666667,27.69844,-0.22447101490885402
2024-09-21 04:30:00,25.21979011666667,26.914695516666665,28.84523,3.6254399858723936
2024-09-21 05:00:00,26.761859966666663,26.57295705,28.407028,1.645168231575525
2024-09-21 05:30:00,25.46034715,29.32105628333333,28.630966,3.170619036523437
2024-09-21 06:00:00,21.671416566666664,26.68809966666667,28.801514,7.1300971052083355
2024-09-21 06:30:00,15.748963366666668,19.9078078,27.769043,12.020079602083332
2024-09-21 07:00:00,9.306483783333332,20.01469833333333,22.748306,13.44182249108073
2024-09-21 07:30:00,6.84857165,11.155766733333335,16.144821,9.296249516992187
2024-09-21 08:00:00,-1.9358327833333335,2.0547295,3.582444,5.5182767358937586
2024-09-21 08:30:00,-10.215338766666669,-4.670266633333334,-9.333053,0.8822861314737978
2024-09-21 09:00:00,-26.1425291,-27.350487766666664,-26.314621,-0.17209187167968665
2024-09-21 09:30:00,-41.53212223333333,-41.33862763333333,-45.76024,-4.228116414127605
2024-09-21 10:00:00,-68.64215316666667,-60.511447116666666,-67.52742,1.1147331227213613
2024-09-21 10:30:00,-90.00864226666666,-80.45286270000001,-87.011,2.9976406797525925
2024-09-21 11:00:00,-95.24391615,-92.0184239,-106.4081,-11.164180163476559
2024-09-21 11:30:00,-111.19765876666668,-113.03314606666667,-123.27916,-12.08150077923176
2024-09-21 12:00:00,-124.08987283333332,-119.76678948333334,-136.24493,-12.155061248697933
2024-09-21 12:30:00,-129.4775633,-121.3085477,-141.59091,-12.11334856523436
2024-09-21 13:00:00,-130.36368068333334,-137.4201672833333,-144.68765,-14.323971904557283
2024-09-21 13:30:00,-122.03609721666668,-125.07308725,-140.89293,-18.856831860481762
2024-09-21 14:00:00,-112.47953391666664,-119.79762,-130.37202,-17.892490619466173
2024-09-21 14:30:00,-103.590285,-104.6335441,-114.92803,-11.337746921386724
2024-09-21 15:00:00,-84.40238123333334,-86.56014213333333,-96.11264,-11.710259147526031
2024-09-21 15:30:00,-65.97467998333333,-66.7671667,-75.92507,-9.950391732975262
2024-09-21 16:00:00,-41.17658946666666,-41.61753448333334,-55.200638,-14.02404835071615
2024-09-21 16:30:00,-22.811367716666663,-30.78711605,-35.490738,-12.6793701983724
2024-09-21 17:00:00,-6.64995275,-6.894632766666668,-18.143204,-11.493250985351562
2024-09-21 17:30:00,2.7898406333333328,-5.2040044,-5.4875937,-8.277434284151203
2024-09-21 18:00:00,9.6027629,5.712441433333333,5.222337,-4.380426130895996
2024-09-21 18:30:00,11.45099225,12.108765416666666,12.107072,0.6560796265258784
2024-09-21 19:00:00,13.175167116666666,11.4299951,16.920456,3.7452888159505218
2024-09-21 19:30:00,9.109993883333331,14.397565133333332,20.811722,11.701727918424481
2024-09-21 20:00:00,13.510854516666669,7.9163021,22.044601,8.533746923763019
2024-09-21 20:30:00,19.168167383333333,13.1284579,21.146622,1.978454320768229
2024-09-21 21:00:00,21.703476716666668,29.77815955,22.275848,0.5723716720052074
2024-09-21 21:30:00,21.308962750000003,33.424916583333335,22.909271,1.6003084902343723
2024-09-21 22:00:00,21.77263995,33.59409735,25.427872,3.655231754101564
2024-09-21 22:30:00,21.90568118333333,34.13912998333333,26.71222,4.8065380549479215
2024-09-21 23:00:00,24.228432916666662,37.9547684,27.873047,3.6446139583333377
2024-09-21 23:30:00,26.228387216666665,35.3957794,29.343185,3.1147982081380228
2024-09-22 00:00:00,22.75151673333333,27.164086116666667,30.826874,8.075357045963546
2024-09-22 00:30:00,21.54033825,27.309724466666665,33.201645,11.661306647460936
2024-09-22 01:00:00,25.397225566666663,23.901202416666667,31.22499,5.8277652780599
2024-09-22 01:30:00,21.346578750000003,24.60114678333333,29.310135,7.96355613769531
2024-09-22 02:00:00,21.40233605,23.971122766666667,28.225525,6.823188852343751
2024-09-22 02:30:00,27.47247556666667,28.839742933333337,28.261047,0.7885717966145798
2024-09-22 03:00:00,23.19076545,27.609192633333333,28.340012,5.149246146679687
2024-09-22 03:30:00,22.56092395,26.4041477,28.6884,6.127476318554688
2024-09-22 04:00:00,22.54116385,27.922911566666667,26.687714,4.146549773046875
2024-09-22 04:30:00,22.2549449,25.21979011666667,28.224335,5.969389816796873
2024-09-22 05:00:00,23.23060783333333,26.761859966666663,26.1082,2.877592239908857
2024-09-22 05:30:00,23.838326716666668,25.46034715,26.817993,2.9796664473958323
2024-09-22 06:00:00,15.590535566666668,21.671416566666664,28.616089,13.025553300520832
2024-09-22 06:30:00,13.8242684,15.748963366666668,26.556427,12.732158601953126
2024-09-22 07:00:00,9.191528966666668,9.306483783333332,22.614044,13.422515222786457
2024-09-22 07:30:00,4.859270550000001,6.84857165,17.756805,12.897534869921873
2024-09-22 08:00:00,-3.609736733333333,-1.9358327833333335,7.1539164,10.763653092281087
2024-09-22 08:30:00,-7.366686783333333,-10.215338766666669,-4.997649,2.3690375905232743
2024-09-22 09:00:00,-21.868320983333334,-26.1425291,-21.44635,0.42197088567708363
2024-09-22 09:30:00,-37.6428978,-41.53212223333333,-40.63907,-2.996170803515625
2024-09-22 10:00:00,-61.1370389,-68.64215316666667,-60.096848,1.0401913658203128
2024-09-22 10:30:00,-72.29091515,-90.00864226666666,-80.7377,-8.446786266015621
2024-09-22 11:00:00,-82.82007561666667,-95.24391615,-99.47623,-16.656151189973954
2024-09-22 11:30:00,-85.13080661666667,-111.19765876666668,-116.78016,-31.649352379915356
2024-09-22 12:00:00,-107.44520153333332,-124.08987283333332,-127.9245,-20.479297978385432
2024-09-22 12:30:00,-127.9069338,-129.4775633,-136.16745,-8.26051615117187
2024-09-22 13:00:00,-130.89731706666666,-130.36368068333334,-138.62038,-7.7230595202474035
2024-09-22 13:30:00,-142.8708071,-122.03609721666668,-134.60616,8.264651704492195
2024-09-22 14:00:00,-132.70452550000002,-112.47953391666664,-125.550385,7.154140978515642
2024-09-22 14:30:00,-137.65385446666667,-103.590285,-110.0164,27.637451268424485
2024-09-22 15:00:00,-113.93002053333332,-84.40238123333334,-89.68024,24.24978371692707
2024-09-22 15:30:00,-86.94038230000001,-65.97467998333333,-69.57187,17.368513403515635
2024-09-22 16:00:00,-54.59136225,-41.17658946666666,-48.165573,6.425789129882816
2024-09-22 16:30:00,-27.620773266666664,-22.811367716666663,-29.248154,-1.6273804198567738
2024-09-22 17:00:00,-7.014208783333333,-6.64995275,-12.592879,-5.578670512015788
2024-09-22 17:30:00,-2.5935366666666666,2.7898406333333328,1.6080331,4.201569727694194
2024-09-22 18:00:00,7.280948849999999,9.6027629,11.368684,4.087734965002443
2024-09-22 18:30:00,4.705019466666667,11.45099225,16.466156,11.761136539192709
2024-09-22 19:00:00,4.2744944333333335,13.175167116666666,20.585571,16.311076855729166
2024-09-22 19:30:00,10.88064555,9.109993883333331,22.93863,12.057983600390624
2024-09-22 20:00:00,13.14996565,13.510854516666669,22.70369,9.553723925195312
2024-09-22 20:30:00,16.026777283333335,19.168167383333333,22.939133,6.912355407096353
2024-09-22 21:00:00,16.9529244,21.703476716666668,22.09137,5.138445228906249
2024-09-22 21:30:00,18.11873016666667,21.308962750000003,23.564835,5.446104428059893
2024-09-22 22:00:00,18.16539148333333,21.77263995,24.370865,6.205473384830732
2024-09-22 22:30:00,18.328958316666668,21.90568118333333,25.893417,7.564459041731769
2024-09-22 23:00:00,18.87738268333333,24.228432916666662,27.796402,8.919019294205732
2024-09-22 23:30:00,23.3800433,26.228387216666665,28.284698,4.9046551863281245
2024-09-23 00:00:00,22.6180261,22.75151673333333,28.679626,6.061600364843748
2024-09-23 00:30:00,22.20169343333333,21.54033825,29.30777,7.106076342057296
2024-09-23 01:00:00,25.4181988,25.397225566666663,28.882553,3.4643543005859385
2024-09-23 01:30:00,23.5680079,21.346578750000003,27.18785,3.619843052148436
2024-09-23 02:00:00,22.34095845,21.40233605,28.164612,5.823653366406251
2024-09-23 02:30:00,26.94557055,27.47247556666667,27.685516,0.7399458074218757
2024-09-23 03:00:00,23.0918106,23.19076545,26.002533,2.9107223589843763
2024-09-23 03:30:00,24.671487716666665,22.56092395,24.985657,0.3141690216145854
2024-09-23 04:00:00,21.0883754,22.54116385,24.939926,3.851550747460937
2024-09-23 04:30:00,16.6966501,22.2549449,26.596436,9.899785446875
2024-09-23 05:00:00,19.37894268333333,23.23060783333333,24.75943,5.380487248307293
2024-09-23 05:30:00,23.149282916666667,23.838326716666668,25.593872,2.4445891536458326
2024-09-23 06:00:00,19.129119416666665,15.590535566666668,26.544876,7.415756681966148
2024-09-23 06:30:00,13.932754966666666,13.8242684,25.078262,11.145507362434897
2024-09-23 07:00:00,11.998683333333332,9.191528966666668,21.681595,9.68291151529948
2024-09-23 07:30:00,9.7494706,4.859270550000001,15.563264,5.813793293127441
2024-09-23 08:00:00,-2.678705516666667,-3.609736733333333,3.8961036,6.574809137195842
2024-09-23 08:30:00,-23.372880616666663,-7.366686783333333,-8.549941,14.822939553739417
2024-09-23 09:00:00,-44.96423388333333,-21.868320983333334,-24.296753,20.66748095364583
2024-09-23 09:30:00,-62.92281391666666,-37.6428978,-42.762344,20.1604695563151
2024-09-23 10:00:00,-77.80993716666667,-61.1370389,-62.79663,15.013306307291671
2024-09-23 10:30:00,-93.91539333333333,-72.29091515,-82.18851,11.726886253255202
2024-09-23 11:00:00,-116.93381878333334,-82.82007561666667,-98.30548,18.628337826302086
2024-09-23 11:30:00,-136.04241113333333,-85.13080661666667,-112.27281,23.769599243684894
2024-09-23 12:00:00,-138.87681001666667,-107.44520153333332,-124.97937,13.897439899479167
2024-09-23 12:30:00,-138.11266553333334,-127.9069338,-132.063,6.049661993294279
2024-09-23 13:00:00,-142.09797998333332,-130.89731706666666,-134.95464,7.14334436321613
2024-09-23 13:30:00,-135.6062615333333,-142.8708071,-130.21686,5.38940362317706
2024-09-23 14:00:00,-126.01305046666666,-132.70452550000002,-123.30334,2.7097133694986866
2024-09-23 14:30:00,-113.51033613333334,-137.65385446666667,-110.69858,2.8117582524739646
2024-09-23 15:00:00,-96.72311111666666,-113.93002053333332,-92.3,4.4231080649088454
2024-09-23 15:30:00,-74.6452818,-86.94038230000001,-75.97914,-1.333859435351556
2024-09-23 16:00:00,-55.93509228333334,-54.59136225,-55.835464,0.09962780579427744
2024-09-23 16:30:00,-30.674721016666663,-27.620773266666664,-36.94069,-6.2659680702474
2024-09-23 17:00:00,-11.509529983333332,-7.014208783333333,-17.953674,-6.444144333072918
2024-09-23 17:30:00,-3.774266666666667,-2.5935366666666666,-4.288909,-0.5146422917683915
2024-09-23 18:00:00,-6.651670499999999,7.280948849999999,6.469239,13.120909734924314
2024-09-23 18:30:00,-2.044209383333333,4.705019466666667,13.648789,15.692998789156087
2024-09-23 19:00:00,4.586525600000001,4.2744944333333335,18.06668,13.480155308203123
2024-09-23 19:30:00,10.4065445,10.88064555,20.958984,10.552439875
2024-09-23 20:00:00,14.442057816666669,13.14996565,21.459885,7.017826826888019
2024-09-23 20:30:00,14.670927233333332,16.026777283333335,20.920639,6.2497118047526055
2024-09-23 21:00:00,17.13403875,16.9529244,20.658035,3.523996528320314
2024-09-23 21:30:00,15.732522783333332,18.11873016666667,22.28241,6.549886884635418
2024-09-23 22:00:00,16.042427916666664,18.16539148333333,22.52948,6.487052063802086
2024-09-23 22:30:00,18.9822505,18.328958316666668,25.584167,6.601916980468751
2024-09-23 23:00:00,20.135261566666667,18.87738268333333,25.798706,5.663444488020833
2024-09-23 23:30:00,23.458717116666666,23.3800433,25.986359,2.5276415259114593
2024-09-24 00:00:00,23.85964575,22.6180261,27.725494,3.8658486347656265
2024-09-24 00:30:00,21.11740885,22.20169343333333,27.881393,6.763984582617187
2024-09-24 01:00:00,18.792208966666667,25.4181988,27.453568,8.661358538216145
2024-09-24 01:30:00,16.919071716666668,23.5680079,27.802444,10.883372741341145
2024-09-24 02:00:00,17.5351987,22.34095845,27.384247,9.849048126171876
2024-09-24 02:30:00,21.80258275,26.94557055,25.54898,3.746397962890626
2024-09-24 03:00:00,21.689711216666662,23.0918106,25.082993,3.393281337044275
2024-09-24 03:30:00,21.37385553333333,24.671487716666665,24.251038,2.87718206432292
2024-09-24 04:00:00,21.90324728333333,21.0883754,24.666077,2.7628293768229213
2024-09-24 04:30:00,24.43084778333333,16.6966501,25.499847,1.0689996287760444
2024-09-24 05:00:00,25.4456553,19.37894268333333,24.602203,-0.8434519308593735
2024-09-24 05:30:00,28.501813366666667,23.149282916666667,24.235733,-4.266080334440105
2024-09-24 06:00:00,20.28854278333333,19.129119416666665,25.095764,4.80722137682292
2024-09-24 06:30:00,16.789271533333334,13.932754966666666,24.003296,7.214024365104166
2024-09-24 07:00:00,9.523581716666667,11.998683333333332,19.949036,10.425453927864583
2024-09-24 07:30:00,4.86417285,9.7494706,14.645844,9.781671609533692
2024-09-24 08:00:00,4.423146099999999,-2.678705516666667,3.6206062,-0.8025399159942621
2024-09-24 08:30:00,-17.196223816666667,-23.372880616666663,-10.66867,6.527554116044108
2024-09-24 09:00:00,-32.16257731666667,-44.96423388333333,-27.035324,5.127253219986983
2024-09-24 09:30:00,-36.11598096666666,-62.92281391666666,-47.11458,-10.99859728040365
2024-09-24 10:00:00,-45.93584048333333,-77.80993716666667,-67.326645,-21.390804414127608
2024-09-24 10:30:00,-50.25144220000001,-93.91539333333333,-85.067566,-34.81612371796874
2024-09-24 11:00:00,-64.07819571666667,-116.93381878333334,-103.89545,-39.81725106067708
2024-09-24 11:30:00,-80.77680445,-136.04241113333333,-119.771545,-38.99474096015625
2024-09-24 12:00:00,-106.31980221666667,-138.87681001666667,-132.23244,-25.91263491712239
2024-09-24 12:30:00,-110.02356985,-138.11266553333334,-138.17451,-28.15094492050781
2024-09-24 13:00:00,-120.70637413333333,-142.09797998333332,-140.94511,-20.23874000240886
2024-09-24 13:30:00,-119.91872293333334,-135.6062615333333,-136.4642,-16.545479947526033
2024-09-24 14:00:00,-110.63126106666664,-126.01305046666666,-127.36319,-16.731928630598986
2024-09-24 14:30:00,-79.6226605,-113.51033613333334,-112.84833,-33.225667136718755
2024-09-24 15:00:00,-56.60189941666667,-96.72311111666666,-95.37481,-38.77290984847005
2024-09-24 15:30:00,-45.55851221666666,-74.6452818,-77.03087,-31.47235631360678
2024-09-24 16:00:00,-31.58983615,-55.93509228333334,-57.222824,-25.632987946679687
2024-09-24 16:30:00,-8.478616566666666,-30.674721016666663,-37.033646,-28.555029063216146
2024-09-24 17:00:00,-5.283671183333333,-11.509529983333332,-19.8947,-14.611027913346355
2024-09-24 17:30:00,-3.2032296499999995,-3.774266666666667,-5.567672,-2.3644421258178716
2024-09-24 18:00:00,-2.320724016666667,-6.651670499999999,5.085969,7.406692987919108
2024-09-24 18:30:00,-0.220318966666667,-2.044209383333333,12.011949,12.232267552176921
2024-09-24 19:00:00,9.526923383333331,4.586525600000001,17.095535,7.568611894986981
2024-09-24 19:30:00,12.342399933333333,10.4065445,19.22078,6.87837948561198
2024-09-24 20:00:00,13.1354101,14.442057816666669,19.827637,6.69222661875
2024-09-24 20:30:00,12.371542616666668,14.670927233333332,19.108719,6.737176255403645
2024-09-24 21:00:00,15.592862166666668,17.13403875,18.702057,3.1091947180989568
2024-09-24 21:30:00,17.401299416666667,15.732522783333332,18.766129,1.3648291233723953
2024-09-24 22:00:00,14.372582216666666,16.042427916666664,20.237488,5.864905576302084
2024-09-24 22:30:00,14.833728966666667,18.9822505,21.214935,6.381206336067708
2024-09-24 23:00:00,14.040249866666665,20.135261566666667,21.927765,7.88751502591146
2024-09-24 23:30:00,15.516295466666667,23.458717116666666,22.373016,6.8567208907552075
2024-09-25 00:00:00,17.461369533333333,23.85964575,23.982864,6.52149484654948
2024-09-25 00:30:00,18.019926016666663,21.11740885,24.040482,6.02055555071615
2024-09-25 01:00:00,19.7122022,18.792208966666667,25.279999,5.567796579296875
2024-09-25 01:30:00,15.572495600000002,16.919071716666668,26.029297,10.456801274999998
2024-09-25 02:00:00,16.701073933333333,17.5351987,25.191742,8.490668010026042
2024-09-25 02:30:00,20.352014916666665,21.80258275,23.718262,3.366246802083335
2024-09-25 03:00:00,16.691484400000004,21.689711216666662,22.628235,5.936750463281246
2024-09-25 03:30:00,16.92627105,21.37385553333333,21.041214,4.114942939257812
2024-09-25 04:00:00,17.0431426,21.90324728333333,20.991547,3.9484040308593755
2024-09-25 04:30:00,17.926659516666668,24.43084778333333,21.489975,3.56331545891927
2024-09-25 05:00:00,18.566557716666665,25.4456553,19.943344,1.3767863995442724
2024-09-25 05:30:00,19.705918933333333,28.501813366666667,20.976791,1.2708724485026046
2024-09-25 06:00:00,16.696767133333335,20.28854278333333,20.363602,3.6668345512369775
2024-09-25 06:30:00,13.989609433333332,16.789271533333334,20.136887,6.147277163346356
2024-09-25 07:00:00,15.46897385,9.523581716666667,16.128036,0.6590626490234381
2024-09-25 07:30:00,15.241363966666666,4.86417285,10.775575,-4.4657892825236
2024-09-25 08:00:00,8.872082333333333,4.423146099999999,0.61186296,-8.260219375855764
2024-09-25 08:30:00,7.188913333333333,-17.196223816666667,-11.908431,-19.097344386494953
2024-09-25 09:00:00,-13.3457944,-32.16257731666667,-27.67389,-14.32809476015625
2024-09-25 09:30:00,-11.354830116666667,-36.11598096666666,-45.60443,-34.24960103567708
2024-09-25 10:00:00,-20.38845818333333,-45.93584048333333,-64.56917,-44.180709907486985
2024-09-25 10:30:00,-31.789575016666664,-50.25144220000001,-81.10254,-49.31296404583334
2024-09-25 11:00:00,-46.18361725,-64.07819571666667,-97.56598,-51.38236175390625
2024-09-25 11:30:00,-57.920479916666665,-80.77680445,-112.16383,-54.2433537014974
2024-09-25 12:00:00,-66.2724968,-106.31980221666667,-123.19563,-56.92313613457031
2024-09-25 12:30:00,-74.898416,-110.02356985,-128.01639,-53.11797193945313
2024-09-25 13:00:00,-58.0199545,-120.70637413333333,-128.56993,-70.54997653027344
2024-09-25 13:30:00,-49.8318966,-119.91872293333334,-125.26448,-75.43258399082032
2024-09-25 14:00:00,-54.86393723333333,-110.63126106666664,-116.15213,-61.288192893619794
2024-09-25 14:30:00,-42.97120435,-79.6226605,-101.6726,-58.70139544248047
2024-09-25 15:00:00,-32.2950423,-56.60189941666667,-84.180534,-51.88549206279297
2024-09-25 15:30:00,-29.32165755,-45.55851221666666,-64.59793,-35.27627335820313
2024-09-25 16:00:00,-26.15278616666667,-31.58983615,-44.68457,-18.53178414583333
2024-09-25 16:30:00,-12.543371066666666,-8.478616566666666,-27.230515,-14.687143459700522
2024-09-25 17:00:00,-6.431442816666667,-5.283671183333333,-12.409972,-5.978529374190266
2024-09-25 17:30:00,0.0608839166666664,-3.2032296499999995,-1.2787467,-1.3396306407953895
2024-09-25 18:00:00,18.111670616666668,-2.320724016666667,5.7870493,-12.324621323148602
2024-09-25 18:30:00,21.311072816666663,-0.220318966666667,9.4133005,-11.897772302445471
2024-09-25 19:00:00,27.971252866666664,9.526923383333331,14.535722,-13.435531087797035
2024-09-25 19:30:00,31.4750217,12.342399933333333,16.93219,-14.54283175859375
2024-09-25 20:00:00,29.878231016666664,13.1354101,16.60942,-13.268810240299477
2024-09-25 20:30:00,43.48805113333333,12.371542616666668,14.850404,-28.637647347627762
2024-09-25 21:00:00,36.40356833333333,15.592862166666668,16.425217,-19.978351658528645
2024-09-25 21:30:00,37.19898341666666,17.401299416666667,17.827744,-19.37123988639322
2024-09-25 22:00:00,37.91175223333333,14.372582216666666,19.442978,-18.468774328059894
2024-09-25 22:30:00,28.23301555,14.833728966666667,21.136032,-7.096983445507814
2024-09-25 23:00:00,20.8611478,14.040249866666665,22.42897,1.5678225369140613
2024-09-25 23:30:00,20.15534505,15.516295466666667,22.449448,2.2941025818359364
2024-09-26 00:00:00,24.2876607,17.461369533333333,23.096695,-1.1909657537109375
2024-09-26 00:30:00,23.146921000000003,18.019926016666663,22.915588,-0.23133262109375252
2024-09-26 01:00:00,23.531307366666667,19.7122022,23.347183,-0.18412413912760428
2024-09-26 01:30:00,21.09239506666667,15.572495600000002,22.033157,0.9407622819661441
2024-09-26 02:00:00,18.005592833333335,16.701073933333333,21.853287,3.8476939098307277
2024-09-26 02:30:00,23.041682716666667,20.352014916666665,21.146301,-1.8953814471354171
2024-09-26 03:00:00,23.163062883333332,16.691484400000004,21.43689,-1.7261732348958319
2024-09-26 03:30:00,25.15276773333333,16.92627105,21.21933,-3.933437899348956
2024-09-26 04:00:00,24.5012834,17.0431426,20.71048,-3.7908036636718734
2024-09-26 04:30:00,22.081866816666665,17.926659516666668,21.285172,-0.7966953078776022
2024-09-26 05:00:00,21.45556675,18.566557716666665,19.655487,-1.8000796894531241
2024-09-26 05:30:00,25.7761321,19.705918933333333,19.888336,-5.887795918359377
2024-09-26 06:00:00,24.32901501666667,16.696767133333335,20.2034,-4.125615358463545
2024-09-26 06:30:00,22.63678726666667,13.989609433333332,17.968994,-4.667793126041669
2024-09-26 07:00:00,19.33926285,15.46897385,13.415238,-5.924024469567872
2024-09-26 07:30:00,19.808128983333333,15.241363966666666,8.142259,-11.665870339229329
2024-09-26 08:00:00,8.677237116666667,8.872082333333333,-0.8235008,-9.500737928720348
2024-09-26 08:30:00,-5.78393545,7.188913333333333,-12.497939,-6.714003659802246
2024-09-26 09:00:00,-19.36735563333333,-13.3457944,-26.37613,-7.008773517057296
2024-09-26 09:30:00,-27.67317506666667,-11.354830116666667,-41.08191,-13.40873411302083
2024-09-26 10:00:00,-40.292291166666665,-20.38845818333333,-57.011597,-16.719305513020835
2024-09-26 10:30:00,-56.0073712,-31.789575016666664,-71.980194,-15.972822891796874
2024-09-26 11:00:00,-70.15801384999999,-46.18361725,-85.68663,-15.528616399023448
2024-09-26 11:30:00,-79.06579945,-57.920479916666665,-97.18465,-18.118847156445312
2024-09-26 12:00:00,-90.0215394,-66.2724968,-106.34824,-16.32670431337891
2024-09-26 12:30:00,-95.99443556666668,-74.898416,-111.229774,-15.235338908430975
2024-09-26 13:00:00,-100.22875348333334,-58.0199545,-111.27423,-11.045477473697915
2024-09-26 13:30:00,-93.40050003333334,-49.8318966,-107.23511,-13.834607388541656
2024-09-26 14:00:00,-88.02893216666666,-54.86393723333333,-99.201355,-11.172422813802086
2024-09-26 14:30:00,-73.72951891666666,-42.97120435,-85.76685,-12.037334415852868
2024-09-26 15:00:00,-69.9121943,-32.2950423,-68.76474,1.147454309765621
2024-09-26 15:30:00,-60.9366542,-29.32165755,-52.353653,8.583001245898437
2024-09-26 16:00:00,-47.33840766666666,-26.15278616666667,-35.62915,11.709257276041662
2024-09-26 16:30:00,-19.95325118333333,-12.543371066666666,-20.206924,-0.2536732551432337
2024-09-26 17:00:00,-3.029288283333333,-6.431442816666667,-7.8518972,-4.822608956351726
2024-09-26 17:30:00,6.423950516666667,0.0608839166666664,-0.15055767,-6.57450818368365
2024-09-26 18:00:00,18.34817823333333,18.111670616666668,7.5591593,-10.7890189544637
2024-09-26 18:30:00,26.20460728333333,21.311072816666663,12.691728,-13.512879645088702
2024-09-26 19:00:00,26.83476168333333,27.971252866666664,16.497711,-10.337050501692705
2024-09-26 19:30:00,22.653396566666668,31.4750217,18.860382,-3.793014486588543
2024-09-26 20:00:00,23.13758673333333,29.878231016666664,20.07228,-3.0653058495442664
2024-09-26 20:30:00,22.40062268333333,43.48805113333333,19.692627,-2.7079957302083315
2024-09-26 21:00:00,30.091879966666667,36.40356833333333,19.392776,-10.699103477408855
2024-09-26 21:30:00,31.059240016666667,37.19898341666666,21.804916,-9.25432363483073
2024-09-26 22:00:00,27.9732527,37.91175223333333,23.351288,-4.621964858203125
2024-09-26 22:30:00,31.79560668333333,28.23301555,24.406464,-7.389143060286454
2024-09-26 23:00:00,29.170446166666665,20.8611478,25.68428,-3.486165771158852
2024-09-26 23:30:00,28.620465,20.15534505,25.949463,-2.6710021093749994
2024-09-27 00:00:00,28.13105338333333,24.2876607,26.675613,-1.4554399800130184
2024-09-27 00:30:00,28.17108041666667,23.146921000000003,26.18451,-1.986571139322919
2024-09-27 01:00:00,25.920747266666663,23.531307366666667,25.002838,-0.9179091319010375
2024-09-27 01:30:00,25.50607655,21.09239506666667,24.098312,-1.407764172070312
2024-09-27 02:00:00,21.3350977,18.005592833333335,23.02594,1.6908422414062514
2024-09-27 02:30:00,24.791946166666666,23.041682716666667,22.713379,-2.0785672604166656
2024-09-27 03:00:00,23.75917391666667,23.163062883333332,22.34935,-1.409823941080731
2024-09-27 03:30:00,23.2353489,25.15276773333333,20.603836,-2.6315128404296892
2024-09-27 04:00:00,26.5498418,24.5012834,21.023132,-5.526709475781249
2024-09-27 04:30:00,25.18359495,22.081866816666665,20.95259,-4.231004007617187
2024-09-27 05:00:00,21.173163866666663,21.45556675,19.561295,-1.6118693110026001
2024-09-27 05:30:00,24.82050335,25.7761321,19.67302,-5.147483940820312
2024-09-27 06:00:00,26.698325666666666,24.32901501666667,22.373749,-4.3245768873697905
2024-09-27 06:30:00,20.29709565,22.63678726666667,22.004501,1.7074056927734382
2024-09-27 07:00:00,15.423921733333335,19.33926285,19.676224,4.252302021549477
2024-09-27 07:30:00,6.437976683333333,19.808128983333333,14.567094,8.129117165848797
2024-09-27 08:00:00,-2.374591516666667,8.677237116666667,7.4593973,9.833988832645671
2024-09-27 08:30:00,-17.576402783333332,-5.78393545,-3.2735283,14.302874445854695
2024-09-27 09:00:00,-34.88206885,-19.36735563333333,-15.533401,19.348668314416507
2024-09-27 09:30:00,-55.22566178333333,-27.67317506666667,-28.845245,26.380416422005204
2024-09-27 10:00:00,-81.08324121666668,-40.292291166666665,-45.099884,35.98335718346355
2024-09-27 10:30:00,-91.37822726666668,-56.0073712,-61.02835,30.34987643658856
2024-09-27 11:00:00,-98.1232354,-70.15801384999999,-75.96457,22.158666308203124
2024-09-27 11:30:00,-105.2340761,-79.06579945,-87.035126,18.19895036757812
2024-09-27 12:00:00,-125.93186051666667,-90.0215394,-96.069275,29.862585614322924
2024-09-27 12:30:00,-133.55203228333332,-95.99443556666668,-101.90874,31.64329510071613
2024-09-27 13:00:00,-140.88384766666667,-100.22875348333334,-103.76546,37.118390513346355
2024-09-27 13:30:00,-143.8537033,-93.40050003333334,-99.72261,44.131092826367194
2024-09-27 14:00:00,-137.86585125,-88.02893216666666,-93.44601,44.41984447509765
2024-09-27 14:30:00,-123.52904888333336,-73.72951891666666,-80.69182,42.83723064602867
2024-09-27 15:00:00,-102.78640495,-69.9121943,-66.57121,36.21519218144532
2024-09-27 15:30:00,-85.10130163333334,-60.9366542,-50.225174,34.87612768313802
2024-09-27 16:00:00,-60.24886598333333,-47.33840766666666,-36.308914,23.93995179876302
2024-09-27 16:30:00,-34.21547775,-19.95325118333333,-21.837585,12.377892300781248
2024-09-27 17:00:00,-12.826179416666667,-3.029288283333333,-9.453856,3.3723229484659836
2024-09-27 17:30:00,-1.2602105666666668,6.423950516666667,0.78103715,2.041247718480174
2024-09-27 18:00:00,5.368913383333333,18.34817823333333,9.655015,4.286101608426921
2024-09-27 18:30:00,12.986984483333336,26.20460728333333,16.312515,3.325530775455727
2024-09-27 19:00:00,13.651250666666668,26.83476168333333,21.43332,7.782068425130207
2024-09-27 19:30:00,16.0517,22.653396566666668,22.113617,6.061916943359375
2024-09-27 20:00:00,20.168431716666667,23.13758673333333,24.520355,4.351923507942708
2024-09-27 20:30:00,20.97737945,22.40062268333333,23.50093,2.5235513361328117
2024-09-27 21:00:00,22.393258366666668,30.091879966666667,21.673325,-0.7199337817057305
2024-09-27 21:30:00,20.96510333333333,31.059240016666667,21.269852,0.30474835123698085
2024-09-27 22:00:00,25.58255671666667,27.9732527,23.400208,-2.1823491971354194
2024-09-27 22:30:00,26.187985466666664,31.79560668333333,25.498108,-0.6898775565104138
2024-09-27 23:00:00,24.31540735,29.170446166666665,25.902756,1.5873483873046865
2024-09-27 23:30:00,28.6308134,28.620465,26.480515,-2.1502988736328135
2024-09-28 00:00:00,27.19041663333333,28.13105338333333,27.174911,-0.015505134309893975
2024-09-28 00:30:00,29.977262683333333,28.17108041666667,25.291,-4.686262317122395
2024-09-28 01:00:00,27.228187183333333,25.920747266666663,24.069519,-3.1586681403645827
2024-09-28 01:30:00,21.987432233333333,25.50607655,22.348236,0.3608038506510418
2024-09-28 02:00:00,21.82471,21.3350977,20.320786,-1.503924477539062
2024-09-28 02:30:00,22.04629771666667,24.791946166666666,19.639328,-2.4069697137369808
2024-09-28 03:00:00,24.00308775,23.75917391666667,20.167435,-3.8356530576171863
2024-09-28 03:30:00,20.76130385,23.2353489,21.336517,0.5752134839843741
2024-09-28 04:00:00,22.12212668333333,26.5498418,21.461975,-0.660151585677081
2024-09-28 04:30:00,23.814660466666663,25.18359495,21.139648,-2.6750120291666626
2024-09-28 05:00:00,27.006767766666663,21.173163866666663,22.04097,-4.96579791803385
2024-09-28 05:30:00,27.06897715,24.82050335,22.955322,-4.1136548843749985
2024-09-28 06:00:00,19.062461,26.698325666666666,25.01381,5.9513482041015635
2024-09-28 06:30:00,13.829333183333333,20.29709565,24.51941,10.690075996354167
2024-09-28 07:00:00,12.191908833333336,15.423921733333335,20.202225,8.010315898111976
2024-09-28 07:30:00,12.853452683333332,6.437976683333333,13.689546,0.8360929480753594
2024-09-28 08:00:00,-3.2411072000000005,-2.374591516666667,4.7711344,8.012241576525879
2024-09-28 08:30:00,-12.79104335,-17.576402783333332,-6.3377066,6.453336784143067
2024-09-28 09:00:00,-26.662928816666668,-34.88206885,-19.052399,7.610530135026043
2024-09-28 09:30:00,-46.0683249,-55.22566178333333,-33.92549,12.142833566992188
2024-09-28 10:00:00,-61.50828149999999,-81.08324121666668,-49.52533,11.982951910156238
2024-09-28 10:30:00,-66.66796448333334,-91.37822726666668,-64.08011,2.5878558407552106
2024-09-28 11:00:00,-77.73014386666667,-98.1232354,-78.98926,-1.2591139458333345
2024-09-28 11:30:00,-98.10890778333334,-105.2340761,-90.9944,7.114507758919274
2024-09-28 12:00:00,-105.34030108333332,-125.93186051666667,-101.78929,3.551009701497378
2024-09-28 12:30:00,-125.11573371666668,-133.55203228333332,-108.08995,17.025783155143245
2024-09-28 13:00:00,-129.90698331666667,-140.88384766666667,-111.1731,18.733879984147137
2024-09-28 13:30:00,-132.34521008333334,-143.8537033,-108.13008,24.21512890657553
2024-09-28 14:00:00,-129.19983996666667,-137.86585125,-102.51218,26.687663452994798
2024-09-28 14:30:00,-104.06181953333332,-123.52904888333336,-91.4372,12.62461707972004
2024-09-28 15:00:00,-84.20081333333333,-102.78640495,-78.32538,5.875434915364579
2024-09-28 15:30:00,-63.64787341666667,-85.10130163333334,-62.858078,0.7897954137369823
2024-09-28 16:00:00,-35.36320558333333,-60.24886598333333,-45.684464,-10.32125791764323
2024-09-28 16:30:00,-16.8340356,-34.21547775,-29.74176,-12.90772465390625
2024-09-28 17:00:00,-3.077331683333333,-12.826179416666667,-13.947738,-10.870406010453287
2024-09-28 17:30:00,-0.1913300999999996,-1.2602105666666668,-1.1062766,-0.914946531355286
2024-09-28 18:00:00,3.682950533333333,5.368913383333333,8.987336,5.304385625419108
2024-09-28 18:30:00,9.165820733333334,12.986984483333336,15.352906,6.187085493778483
2024-09-28 19:00:00,12.422658283333334,13.651250666666668,19.050598,6.627939861197916
2024-09-28 19:30:00,15.782940966666668,16.0517,21.556046,5.773104565559894
2024-09-28 20:00:00,18.15446438333333,20.168431716666667,23.939148,5.78468356588542
2024-09-28 20:30:00,17.103048266666665,20.97737945,24.334503,7.23145490716146
2024-09-28 21:00:00,14.575155616666668,22.393258366666668,23.7491,9.173944114778644
2024-09-28 21:30:00,17.2106722,20.96510333333333,22.855118,5.644445597851561
2024-09-28 22:00:00,14.398961133333332,25.58255671666667,23.851074,9.452113085416668
2024-09-28 22:30:00,13.4110589,26.187985466666664,25.029526,11.618466856835937
2024-09-28 23:00:00,14.541045466666668,24.31540735,26.16336,11.622315129036457
2024-09-28 23:30:00,16.172789466666668,28.6308134,25.908737,9.73594771595052
2024-09-29 00:00:00,20.6574807,27.19041663333333,24.702469,4.044988172070312
2024-09-29 00:30:00,20.521023983333333,29.977262683333333,24.496704,3.9756801182291674
2024-09-29 01:00:00,19.52137783333333,27.228187183333333,23.880768,4.359389988932296
2024-09-29 01:30:00,20.619106516666665,21.987432233333333,23.253693,2.6345861102864596
2024-09-29 02:00:00,17.598566066666667,21.82471,23.122986,5.524419773177083
2024-09-29 02:30:00,17.23049058333333,22.04629771666667,23.149597,5.9191065846354185
2024-09-29 03:00:00,17.532207833333334,24.00308775,23.250534,5.718326224283853
2024-09-29 03:30:00,19.25827485,20.76130385,22.059067,2.800791922460938
2024-09-29 04:00:00,20.990069916666663,22.12212668333333,22.061218,1.0711483450520873
2024-09-29 04:30:00,20.566923966666668,23.814660466666663,21.505173,0.9382487628255198
2024-09-29 05:00:00,18.217893433333334,27.006767766666663,19.995071,1.7771779777994787
2024-09-29 05:30:00,17.42406276666667,27.06897715,19.152863,1.728799782161456
2024-09-29 06:00:00,11.154723333333337,19.062461,19.837753,8.6830299625651
2024-09-29 06:30:00,11.1954227,13.829333183333333,18.53061,7.335186430859375
2024-09-29 07:00:00,13.590712683333336,12.191908833333336,14.226335,0.6356218885050424
2024-09-29 07:30:00,13.19123375,12.853452683333332,8.132325,-5.058908577575684
2024-09-29 08:00:00,9.425974466666666,-3.2411072000000005,-0.94544905,-10.371423520907847
2024-09-29 08:30:00,11.466002833333334,-12.79104335,-11.331801,-22.79780424782308
2024-09-29 09:00:00,-8.488340083333334,-26.662928816666668,-24.586823,-16.09848242643229
2024-09-29 09:30:00,-30.975645616666668,-46.0683249,-39.814743,-8.83909742532552
2024-09-29 10:00:00,-46.85773501666667,-61.50828149999999,-55.931183,-9.073447844661452
2024-09-29 10:30:00,-53.47245955,-66.66796448333334,-71.90033,-18.427870039843746
2024-09-29 11:00:00,-54.20981553333333,-77.73014386666667,-85.55555,-31.345734088248705
2024-09-29 11:30:00,-64.14348545,-98.10890778333334,-98.73631,-34.59282741621094
2024-09-29 12:00:00,-71.94227223333333,-105.34030108333332,-109.670456,-37.72818369928386
2024-09-29 12:30:00,-97.16971343333334,-125.11573371666668,-116.53519,-19.365473334244783
2024-09-29 13:00:00,-100.51808551666666,-129.90698331666667,-118.2236,-17.705516778255216
2024-09-29 13:30:00,-87.63521288333334,-132.34521008333334,-115.42425,-27.78903485836588
2024-09-29 14:00:00,-82.32098171666667,-129.19983996666667,-108.619865,-26.298883700813803
2024-09-29 14:30:00,-82.91694673333333,-104.06181953333332,-96.41902,-13.50207487311198
2024-09-29 15:00:00,-85.81034713333334,-84.20081333333333,-81.23433,4.576017909700525
2024-09-29 15:30:00,-71.58483378333334,-63.64787341666667,-64.38115,7.20368449134115
2024-09-29 16:00:00,-51.87116225,-35.36320558333333,-46.49147,5.379691913085935
2024-09-29 16:30:00,-32.91541275,-16.8340356,-28.395432,4.519981231445314
2024-09-29 17:00:00,-19.173940116666667,-3.077331683333333,-12.698226,6.475714141630046
2024-09-29 17:30:00,-9.0357737,-0.1913300999999996,-0.6556999,8.380073791266632
2024-09-29 18:00:00,0.7380972666666662,3.682950533333333,8.285905,7.547807617671713
2024-09-29 18:30:00,9.8997522,9.165820733333334,14.673539,4.773786961682129
2024-09-29 19:00:00,12.55345175,12.422658283333334,17.270645,4.717193391601562
2024-09-29 19:30:00,12.967671833333334,15.782940966666668,20.852951,7.885279216471353
2024-09-29 20:00:00,18.847569566666667,18.15446438333333,22.557968,3.71039857298177
2024-09-29 20:30:00,22.1929993,17.103048266666665,22.78505,0.5920501384765622
2024-09-29 21:00:00,19.23861438333333,14.575155616666668,21.132172,1.8935572475260436
2024-09-29 21:30:00,19.09245885,17.2106722,21.481888,2.3894289673828126
2024-09-29 22:00:00,19.70754955,14.398961133333332,20.930008,1.222458384570313
2024-09-29 22:30:00,20.79441051666667,13.4110589,20.73407,-0.06034069244791951
2024-09-29 23:00:00,22.75105333333333,14.541045466666668,21.190323,-1.5607304573567689
2024-09-29 23:30:00,21.031541116666663,16.172789466666668,21.271347,0.23980592923177468
2024-09-30 00:00:00,24.56106063333333,20.6574807,19.628952,-4.932108606966143
2024-09-30 00:30:00,26.270618866666663,20.521023983333333,20.79895,-5.471668671354163
2024-09-30 01:00:00,27.2094846,19.52137783333333,20.94719,-6.262295268945312
2024-09-30 01:30:00,21.292583116666663,20.619106516666665,21.975937,0.6833537729817749
2024-09-30 02:00:00,21.559881633333333,17.598566066666667,22.647034,1.0871520580729168
2024-09-30 02:30:00,21.19046165,17.23049058333333,21.267136,0.0766739701171879
2024-09-30 03:00:00,19.630290533333334,17.532207833333334,22.157608,2.527317498893229
2024-09-30 03:30:00,20.60837606666667,19.25827485,21.236328,0.6279520583333316
2024-09-30 04:00:00,22.132038833333336,20.990069916666663,21.953003,-0.17903590364583621
2024-09-30 04:30:00,25.26516158333333,20.566923966666668,21.443954,-3.8212071155598935
2024-09-30 05:00:00,27.93882825,18.217893433333334,19.800385,-8.138443728515625
2024-09-30 05:30:00,31.718361266666665,17.42406276666667,17.761734,-13.956627257877603
2024-09-30 06:00:00,24.917504933333333,11.154723333333337,17.302872,-7.614633229231771
2024-09-30 06:30:00,18.70349635,11.1954227,14.630555,-4.072941197106935
2024-09-30 07:00:00,16.890023966666664,13.590712683333336,10.997621,-5.892403384086098
2024-09-30 07:30:00,9.415324383333331,13.19123375,4.0562754,-5.359049015596515
2024-09-30 08:00:00,-6.2779961166666665,9.425974466666666,-2.6331627,3.6448333797739663
2024-09-30 08:30:00,-22.3816944,11.466002833333334,-10.020965,12.360729777502442
2024-09-30 09:00:00,-49.84953938333334,-8.488340083333334,-22.9664,26.88313923684896
2024-09-30 09:30:00,-56.62716326666666,-30.975645616666668,-37.101227,19.52593646002604
2024-09-30 10:00:00,-65.5967556,-46.85773501666667,-52.215363,13.38139305117187
2024-09-30 10:30:00,-86.2047584,-53.47245955,-67.46434,18.740418190039065
2024-09-30 11:00:00,-90.4558685,-54.20981553333333,-82.02797,8.427899139648432
2024-09-30 11:30:00,-100.67310055,-64.14348545,-93.82324,6.849858362500001
2024-09-30 12:00:00,-111.48534563333334,-71.94227223333333,-104.2877,7.197648794954432
2024-09-30 12:30:00,-118.385403,-97.16971343333334,-109.00238,9.383022628906247
2024-09-30 13:00:00,-131.79983328333333,-100.51808551666666,-110.484184,21.31564901819661
2024-09-30 13:30:00,-120.70893495,-87.63521288333334,-105.86978,14.839153455859375
2024-09-30 14:00:00,-120.01970745,-82.32098171666667,-99.37304,20.64666820439453
2024-09-30 14:30:00,-115.21052558333334,-82.91694673333333,-88.35594,26.8545838108724
2024-09-30 15:00:00,-116.52215543333334,-85.81034713333334,-76.00395,40.51820340696615
2024-09-30 15:30:00,-93.89548483333331,-71.58483378333334,-61.584015,32.31146994075519
2024-09-30 16:00:00,-63.73053993333334,-51.87116225,-46.633926,17.096613541731777
2024-09-30 16:30:00,-44.05043716666666,-32.91541275,-30.428482,13.621955111002599
2024-09-30 17:00:00,-20.820861633333333,-19.173940116666667,-16.599869,4.220992858919271
2024-09-30 17:30:00,-8.714545516666666,-9.0357737,-6.0326834,2.6818621441691075
2024-09-30 18:00:00,-0.9309642499999998,0.7380972666666662,0.61998063,1.5509448832588193
2024-09-30 18:30:00,6.93861995,9.8997522,8.22223,1.2836100075805668
2024-09-30 19:00:00,10.957831516666667,12.55345175,13.360978,2.4031466098592116
2024-09-30 19:30:00,7.314049499999999,12.967671833333334,18.029785,10.71573565625
2024-09-30 20:00:00,11.754123883333332,18.847569566666667,20.375183,8.621059222135418
2024-09-30 20:30:00,16.0528156,22.1929993,20.346893,4.294077710546876
2024-09-30 21:00:00,17.651758349999998,19.23861438333333,19.603561,1.9518030513671896
2024-09-30 21:30:00,15.397947733333334,19.09245885,19.490128,4.092179830143229
2024-09-30 22:00:00,18.771261733333333,19.70754955,19.72725,0.9559874121744798
2024-09-30 22:30:00,14.3463849,20.79441051666667,18.79805,4.451665026757812
2024-09-30 23:00:00,15.0412412,22.75105333333333,17.575409,2.534167735546875
2024-09-30 23:30:00,14.074404016666668,21.031541116666663,17.660141,3.58573697454427
2024-10-01 00:00:00,18.75106943333333,24.56106063333333,19.226288,0.4752184084635438
2024-10-01 00:30:00,19.43874333333333,26.270618866666663,21.06601,1.6272661881510437
2024-10-01 01:00:00,21.415310516666665,27.2094846,21.924683,0.5093721005208351
2024-10-01 01:30:00,21.42873821666667,21.292583116666663,21.545303,0.11656512805989294
2024-10-01 02:00:00,22.90273875,21.559881633333333,21.606552,-1.2961866259765635
2024-10-01 02:30:00,20.115962866666667,21.19046165,20.811966,0.6960030757161455
2024-10-01 03:00:00,20.736539966666665,19.630290533333334,20.03157,-0.7049695320963529
2024-10-01 03:30:00,21.46110655,20.60837606666667,19.483017,-1.9780895822265627
2024-10-01 04:00:00,20.942004516666668,22.132038833333336,18.427582,-2.5144227295572925
2024-10-01 04:30:00,22.131600016666667,25.26516158333333,19.055344,-3.0762563887369794
2024-10-01 05:00:00,24.86880228333333,27.93882825,18.32251,-6.546292517708331
2024-10-01 05:30:00,26.94046548333333,31.718361266666665,19.306274,-7.63419106927083
2024-10-01 06:00:00,13.448163933333332,24.917504933333333,19.23265,5.784486823502606
2024-10-01 06:30:00,10.136811516666668,18.70349635,18.530502,8.39369080266927
2024-10-01 07:00:00,6.9760311,16.890023966666664,15.533677,8.557646001135254
2024-10-01 07:30:00,7.837317016666667,9.415324383333331,11.054917,3.217600318843587
2024-10-01 08:00:00,-5.101646483333333,-6.2779961166666665,2.2461555,7.34780198374532
2024-10-01 08:30:00,-20.48472561666667,-22.3816944,-8.7481985,11.73652710745036
2024-10-01 09:00:00,-39.8696428,-49.84953938333334,-24.60791,15.261732643750001
2024-10-01 09:30:00,-57.82726386666667,-56.62716326666666,-39.655914,18.171349560026044
2024-10-01 10:00:00,-69.52442825,-65.5967556,-54.793396,14.73103225390625
2024-10-01 10:30:00,-77.85750605,-86.2047584,-70.15776,7.69974542988281
2024-10-01 11:00:00,-105.84705668333334,-90.4558685,-85.33992,20.507136639388023
2024-10-01 11:30:00,-127.52011548333331,-100.67310055,-97.010826,30.50928937249347
2024-10-01 12:00:00,-135.72840938333334,-111.48534563333334,-104.37271,31.355698201692718
2024-10-01 12:30:00,-144.80522061666667,-118.385403,-109.58296,35.22225858053386
2024-10-01 13:00:00,-153.81504066666668,-131.79983328333333,-111.39121,42.42382820328777
2024-10-01 13:30:00,-158.57137773333332,-120.70893495,-108.427055,50.1443223744466
2024-10-01 14:00:00,-152.97658176666667,-120.01970745,-102.650375,50.32620640045573
2024-10-01 14:30:00,-147.84160168333332,-115.21052558333334,-92.11253,55.729068113997386
2024-10-01 15:00:00,-129.12465938333332,-116.52215543333334,-81.14717,47.97748836282551
2024-10-01 15:30:00,-101.19931008333332,-93.89548483333331,-68.29028,32.909026880208316
2024-10-01 16:00:00,-76.63150835,-63.73053993333334,-53.31285,23.318657397851567
2024-10-01 16:30:00,-45.94682775,-44.05043716666666,-37.029724,8.917103628906247
2024-10-01 17:00:00,-20.145849416666668,-20.820861633333333,-23.007782,-2.8619325657552075
2024-10-01 17:30:00,-9.892187166666666,-8.714545516666666,-10.230468,-0.3382806296590175
2024-10-01 18:00:00,-2.326300416666667,-0.9309642499999998,-1.1086875,1.2176128966395066
2024-10-01 18:30:00,7.0996749333333335,6.93861995,6.2571726,-0.8425023487996421
2024-10-01 19:00:00,9.8390234,10.957831516666667,12.550614,2.7115909569946286
2024-10-01 19:30:00,12.973675533333331,7.314049499999999,15.605958,2.632282451590985
2024-10-01 20:00:00,12.841301133333332,11.754123883333332,17.783035,4.941734144986981
2024-10-01 20:30:00,15.548791183333334,16.0528156,17.560928,2.0121371613932286
2024-10-01 21:00:00,17.532028366666665,17.651758349999998,17.247223,-0.2848054662760404
2024-10-01 21:30:00,19.21970665,15.397947733333334,17.575333,-1.6443740083984366
2024-10-01 22:00:00,19.736631216666662,18.771261733333333,19.571,-0.16563207115884993
2024-10-01 22:30:00,24.1798722,14.3463849,20.689163,-3.490708991992186
2024-10-01 23:00:00,22.11235345,15.0412412,20.394974,-1.717379695117188
2024-10-01 23:30:00,20.82557223333333,14.074404016666668,19.700134,-1.1254379559895789
2024-10-02 00:00:00,23.05333783333333,18.75106943333333,19.730743,-3.3225944251302053
2024-10-02 00:30:00,21.11894285,19.43874333333333,19.74588,-1.3730627230468748
2024-10-02 01:00:00,20.748389366666668,21.415310516666665,19.173172,-1.5752173695963556
2024-10-02 01:30:00,19.854343733333334,21.42873821666667,19.921555,0.06721083209635381
2024-10-02 02:00:00,20.192525983333336,22.90273875,19.75647,-0.43605625677083637
2024-10-02 02:30:00,19.79569508333333,20.115962866666667,19.492126,-0.3035686184895816
2024-10-02 03:00:00,19.8388289,20.736539966666665,18.834198,-1.0046309019531243
2024-10-02 03:30:00,20.85975553333333,21.46110655,19.86113,-0.9986257725911436
2024-10-02 04:00:00,21.75121341666667,20.942004516666668,19.091278,-2.659935340494794
2024-10-02 04:30:00,22.901864916666668,22.131600016666667,20.020905,-2.8809603756510427
2024-10-02 05:00:00,27.300869866666662,24.86880228333333,18.636597,-8.664273186979162
2024-10-02 05:30:00,30.838621683333333,26.94046548333333,18.562683,-12.275938577864583
2024-10-02 06:00:00,16.9055582,13.448163933333332,18.583511,1.677953152539061
2024-10-02 06:30:00,14.388061550000002,10.136811516666668,17.464142,3.0760802957031235
2024-10-02 07:00:00,14.965351583333332,6.9760311,13.2487955,-1.716556073994953
2024-10-02 07:30:00,8.173779016666666,7.837317016666667,7.2884684,-0.885310655765787
2024-10-02 08:00:00,-4.4680661666666674,-5.101646483333333,-1.2347251,3.233341048983257
2024-10-02 08:30:00,-9.9800039,-20.48472561666667,-13.908126,-3.9281219773803713
2024-10-02 09:00:00,-32.621534966666665,-39.8696428,-27.990631,4.63090386315104
2024-10-02 09:30:00,-49.64615228333333,-57.82726386666667,-41.400085,8.246066834114579
2024-10-02 10:00:00,-74.49587563333333,-69.52442825,-57.04132,17.454554832552077
2024-10-02 10:30:00,-91.7990394,-77.85750605,-72.251465,19.547574556249998
2024-10-02 11:00:00,-95.66289005,-105.84705668333334,-86.27168,9.391207310742189
2024-10-02 11:30:00,-107.95236498333334,-127.52011548333331,-101.19015,6.762217583430996
2024-10-02 12:00:00,-117.40857386666666,-135.72840938333334,-110.80408,6.604496718229157
2024-10-02 12:30:00,-131.0689206333333,-144.80522061666667,-117.49431,13.574612161653619
2024-10-02 13:00:00,-144.9698943666667,-153.81504066666668,-121.99506,22.974830584928412
2024-10-02 13:30:00,-152.18703761666666,-158.57137773333332,-121.14696,31.04008021920572
2024-10-02 14:00:00,-150.18127393333336,-152.97658176666667,-114.39295,35.78832196800133
2024-10-02 14:30:00,-123.37522,-147.84160168333332,-106.15453,17.22068661376953
2024-10-02 15:00:00,-114.89916011666666,-129.12465938333332,-92.84615,22.05300685738932
2024-10-02 15:30:00,-98.98095223333333,-101.19931008333332,-77.552666,21.428286522884108
2024-10-02 16:00:00,-71.63431816666666,-76.63150835,-61.103683,10.530634694986972
2024-10-02 16:30:00,-44.35891266666667,-45.94682775,-43.758682,0.6002304156901062
2024-10-02 17:00:00,-17.25681505,-20.145849416666668,-27.89952,-10.642705824023437
2024-10-02 17:30:00,-0.8811706000000002,-9.892187166666666,-13.803039,-12.921867997106933
2024-10-02 18:00:00,8.58281555,-2.326300416666667,-3.959121,-12.541936538845825
2024-10-02 18:30:00,14.80379485,7.0996749333333335,6.0345774,-8.769217480310058
2024-10-02 19:00:00,17.176304516666665,9.8390234,12.752137,-4.424167332523599
2024-10-02 19:30:00,20.2491617,12.973675533333331,16.863281,-3.3858804499999984
2024-10-02 20:00:00,21.42947655,12.841301133333332,17.439484,-3.9899929074218754
2024-10-02 20:30:00,22.614861716666667,15.548791183333334,17.189468,-5.425393332877604
2024-10-02 21:00:00,24.90795613333333,17.532028366666665,18.097137,-6.810818682161454
2024-10-02 21:30:00,26.860864433333333,19.21970665,18.547226,-8.313638481184896
2024-10-02 22:00:00,24.73254345,19.736631216666662,19.07721,-5.655333977343751
2024-10-02 22:30:00,19.73994103333333,24.1798722,19.762192,0.022250739127606778
2024-10-02 23:00:00,16.460481016666666,22.11235345,19.574265,3.1137835097005215
2024-10-02 23:30:00,14.9474121,20.82557223333333,19.97496,5.027548227148438
2024-10-03 00:00:00,16.7054988,23.05333783333333,20.063568,3.358069315234374
2024-10-03 00:30:00,17.288138900000003,21.11894285,19.986618,2.698479141992184
2024-10-03 01:00:00,16.593106616666667,20.748389366666668,19.546753,2.9536463130208332
2024-10-03 01:30:00,16.97465551666667,19.854343733333334,21.490585,4.515929810481769
2024-10-03 02:00:00,18.180669366666667,20.192525983333336,21.928314,3.7476448423177082
2024-10-03 02:30:00,17.285095533333333,19.79569508333333,22.081284,4.796188036002604
2024-10-03 03:00:00,18.50509125,19.8388289,23.071167,4.5660757421875005
2024-10-03 03:30:00,18.90231695,20.85975553333333,23.783508,4.8811913507812505
2024-10-03 04:00:00,18.836568333333336,21.75121341666667,23.514389,4.677820704752602
2024-10-03 04:30:00,21.596220966666667,22.901864916666668,21.24173,-0.35449123033854235
2024-10-03 05:00:00,25.48680398333333,27.300869866666662,20.369751,-5.117053006770831
2024-10-03 05:30:00,27.09692893333333,30.838621683333333,19.672836,-7.424092629622393
2024-10-03 06:00:00,14.806549016666668,16.9055582,19.8181,5.011550958919269
2024-10-03 06:30:00,8.813430016666667,14.388061550000002,16.403671,7.590241247981771
2024-10-03 07:00:00,12.42646395,14.965351583333332,12.394242,-0.032221663317871574
2024-10-03 07:30:00,5.033619966666667,8.173779016666666,6.2280283,1.1944083307576498
2024-10-03 08:00:00,-12.858941083333336,-4.4680661666666674,-3.9010613,8.957879786870324
2024-10-03 08:30:00,-28.018756766666662,-9.9800039,-15.228225,12.790532012333166
2024-10-03 09:00:00,-55.01190551666667,-32.621534966666665,-29.950562,25.061343993229173
2024-10-03 09:30:00,-76.0474572,-49.64615228333333,-44.703003,31.344454270312497
2024-10-03 10:00:00,-98.1828789,-74.49587563333333,-60.18889,37.99399035019532
2024-10-03 10:30:00,-107.47571613333334,-91.7990394,-76.151794,31.323921699739586
2024-10-03 11:00:00,-108.83876721666668,-95.66289005,-91.65373,17.185034916861994
2024-10-03 11:30:00,-123.7525628,-107.95236498333334,-107.306885,16.445678034375007
2024-10-03 12:00:00,-131.64996714999998,-117.40857386666666,-119.8058,11.844165758398418
2024-10-03 12:30:00,-148.10896111666668,-131.0689206333333,-125.66687,22.442090999479177
2024-10-03 13:00:00,-154.05233843333335,-144.9698943666667,-130.16177,23.89056475169272
2024-10-03 13:30:00,-147.9965543666667,-152.18703761666666,-129.90938,18.087176314908874
2024-10-03 14:00:00,-126.28557281666669,-150.18127393333336,-122.8389,3.4466751115885614
2024-10-03 14:30:00,-117.48281613333334,-123.37522,-112.10205,5.380765352083344
2024-10-03 15:00:00,-93.94479053333332,-114.89916011666666,-98.29364,-4.348849603385432
2024-10-03 15:30:00,-76.90680161666667,-98.98095223333333,-81.36565,-4.458844745638018
2024-10-03 16:00:00,-55.67239441666666,-71.63431816666666,-65.10182,-9.4294274827474
2024-10-03 16:30:00,-21.38281555,-44.35891266666667,-47.07744,-25.694622804492187
2024-10-03 17:00:00,-5.940905566666667,-17.25681505,-28.605072,-22.664166454817707
2024-10-03 17:30:00,4.878742766666667,-0.8811706000000002,-12.2741995,-17.152942252445477
2024-10-03 18:00:00,4.453818216666666,8.58281555,-1.0606071,-5.514425292357889
2024-10-03 18:30:00,4.8316437500000005,14.80379485,9.207261,4.3756173355102534
2024-10-03 19:00:00,8.147603233333333,17.176304516666665,16.654099,8.506495277408854
2024-10-03 19:30:00,10.000461266666669,20.2491617,20.766418,10.765957190364581
2024-10-03 20:00:00,11.834935583333332,21.42947655,22.779144,10.944208703776043
2024-10-03 20:30:00,10.623003283333333,22.614861716666667,20.988998,10.365995129752605
2024-10-03 21:00:00,9.740243433333331,24.90795613333333,20.285934,10.545691014908856
2024-10-03 21:30:00,12.193190983333333,26.860864433333333,19.434448,7.2412572588541675
2024-10-03 22:00:00,12.530440516666667,24.73254345,19.632736,7.10229568938802
2024-10-03 22:30:00,14.7222274,19.73994103333333,18.692505,3.9702774828125005
2024-10-03 23:00:00,13.56589615,16.460481016666666,19.72023,6.154333952539062
2024-10-03 23:30:00,14.2204121,14.9474121,20.769562,6.549149667578124
2024-10-04 00:00:00,19.80749845,16.7054988,21.206924,1.3994259884765619
2024-10-04 00:30:00,18.43502038333333,17.288138900000003,21.119385,2.684364382291669
2024-10-04 01:00:00,17.316077283333332,16.593106616666667,20.678482,3.3624047723307307
2024-10-04 01:30:00,16.668431616666666,16.97465551666667,22.343643,5.675211571809896
2024-10-04 02:00:00,16.408441749999998,18.180669366666667,22.171677,5.76323488574219
2024-10-04 02:30:00,18.72678888333333,17.285095533333333,21.797058,3.070269222135419
2024-10-04 03:00:00,19.69060035,18.50509125,21.892944,2.2023439859374996
2024-10-04 03:30:00,18.85217773333333,18.90231695,20.841858,1.9896801768229189
2024-10-04 04:00:00,18.432056966666668,18.836568333333336,21.400467,2.9684099522786447
2024-10-04 04:30:00,19.48594338333333,21.596220966666667,20.60167,1.115725928190109
2024-10-04 05:00:00,19.9528916,25.48680398333333,19.58397,-0.36892248378906345
2024-10-04 05:30:00,18.37663385,27.09692893333333,19.624557,1.2479236451171865
2024-10-04 06:00:00,11.182184283333331,14.806549016666668,18.45871,7.276525433463544
2024-10-04 06:30:00,8.6938817,8.813430016666667,16.8414,8.147518446484375
2024-10-04 07:00:00,10.378240533333337,12.42646395,13.145371,2.7671309037394174
2024-10-04 07:30:00,8.037295583333332,5.033619966666667,5.793275,-2.2440207038777658
2024-10-04 08:00:00,-7.713396083333333,-12.858941083333336,-4.985183,2.7282133211873365
2024-10-04 08:30:00,-25.33078895,-28.018756766666662,-17.226974,8.103814462695311
2024-10-04 09:00:00,-50.551051050000005,-55.01190551666667,-31.562286,18.98876467304688
2024-10-04 09:30:00,-71.98968888333333,-76.0474572,-48.84091,23.148777018098954
2024-10-04 10:00:00,-84.91889606666666,-98.1828789,-68.36981,16.54908405494791
2024-10-04 10:30:00,-93.75191998333332,-107.47571613333334,-86.435074,7.316846130794261
2024-10-04 11:00:00,-100.9111949,-108.83876721666668,-102.60167,-1.6904744115234394
2024-10-04 11:30:00,-98.54569885,-123.7525628,-116.7746,-18.228898317968756
2024-10-04 12:00:00,-106.04443043333332,-131.64996714999998,-127.06842,-21.023989976822932
2024-10-04 12:30:00,-123.59302608333331,-148.10896111666668,-134.23582,-10.642798501627624
2024-10-04 13:00:00,-127.28558443333334,-154.05233843333335,-137.55978,-10.274199502213534
2024-10-04 13:30:00,-106.54953895,-147.9965543666667,-134.70418,-28.154638906445314
2024-10-04 14:00:00,-100.62986616666666,-126.28557281666669,-127.343155,-26.713288740559904
2024-10-04 14:30:00,-85.36653896666667,-117.48281613333334,-114.79683,-29.430290256966146
2024-10-04 15:00:00,-88.82703613333332,-93.94479053333332,-99.881516,-11.054479369596365
2024-10-04 15:30:00,-56.510831083333336,-76.90680161666667,-82.960724,-26.44989279361979
2024-10-04 16:00:00,-41.85157388333334,-55.67239441666666,-63.726166,-21.874591888151038
2024-10-04 16:30:00,-23.916411083333333,-21.38281555,-42.77011,-18.853700000651042
2024-10-04 17:00:00,-15.11549265,-5.940905566666667,-22.999039,-7.883546046289062
2024-10-04 17:30:00,-5.100720983333333,4.878742766666667,-6.970702,-1.8699811879923507
2024-10-04 18:00:00,4.605043733333333,4.453818216666666,5.6286325,1.0235888121378585
2024-10-04 18:30:00,5.868344033333333,4.8316437500000005,12.07013,6.201786314872233
2024-10-04 19:00:00,4.819500633333334,8.147603233333333,16.213623,11.394122413541666
2024-10-04 19:30:00,7.251937049999999,10.000461266666669,20.453644,13.201706748828126
2024-10-04 20:00:00,8.704661483333332,11.834935583333332,22.105179,13.40051734967448
2024-10-04 20:30:00,12.0638006,10.623003283333333,19.78128,7.717479917578125
2024-10-04 21:00:00,12.35318605,9.740243433333331,17.519043,5.16585691875
2024-10-04 21:30:00,11.230397833333331,12.193190983333333,16.154999,4.924600945963544
2024-10-04 22:00:00,9.640078266666666,12.530440516666667,15.023988,5.3839095034139
2024-10-04 22:30:00,8.01216515,14.7222274,15.288987,7.276822009729004
2024-10-04 23:00:00,8.966550616666668,13.56589615,16.831589,7.86503812845052
2024-10-04 23:30:00,11.327031066666663,14.2204121,16.332092,5.005061218489587
2024-10-05 00:00:00,12.8864095,19.80749845,16.919556,4.033146164062501
2024-10-05 00:30:00,15.42266645,18.43502038333333,17.249527,1.826860527539063
2024-10-05 01:00:00,13.9205917,17.316077283333332,18.243546,4.322953832226563
2024-10-05 01:30:00,14.67896885,16.668431616666666,19.460922,4.781953391210937
2024-10-05 02:00:00,15.603629416666664,16.408441749999998,20.885254,5.281624489583336
2024-10-05 02:30:00,17.864673983333333,18.72678888333333,20.568085,2.703410733463542
2024-10-05 03:00:00,16.411532266666665,19.69060035,20.54837,4.13683809466146
2024-10-05 03:30:00,16.616683966666667,18.85217773333333,20.22705,3.610366814583333
2024-10-05 04:00:00,16.810107183333333,18.432056966666668,19.529388,2.719281244401042
2024-10-05 04:30:00,16.834238833333334,19.48594338333333,20.102356,3.268117123697916
2024-10-05 05:00:00,17.327213833333335,19.9528916,17.78128,0.4540666842447898
2024-10-05 05:30:00,16.59023231666667,18.37663385,15.716783,-0.8734497467814144
2024-10-05 06:00:00,8.708895616666666,11.182184283333331,15.765229,7.056333608492025
2024-10-05 06:30:00,4.412496066666667,8.6938817,12.552705,8.140208744429525
2024-10-05 07:00:00,3.154718316666667,10.378240533333337,7.779191,4.624472700484212
2024-10-05 07:30:00,0.1130799333333332,8.037295583333332,2.1342933,2.0212133844614666
2024-10-05 08:00:00,-19.48726545,-7.713396083333333,-7.0550833,12.43218217515869
2024-10-05 08:30:00,-37.28161893333333,-25.33078895,-20.137985,17.14363370384114
2024-10-05 09:00:00,-48.27826781666667,-50.551051050000005,-36.84755,11.430718378190107
2024-10-05 09:30:00,-58.31207171666667,-71.98968888333333,-54.283386,4.028685486197922
2024-10-05 10:00:00,-71.52946166666666,-84.91889606666666,-71.79648,-0.2670166048177123
2024-10-05 10:30:00,-80.08179168333334,-93.75191998333332,-86.5952,-6.513407901627602
2024-10-05 11:00:00,-93.01145286666669,-100.9111949,-102.07616,-9.06470374954425
2024-10-05 11:30:00,-106.90842623333332,-98.54569885,-115.363365,-8.454938940006528
2024-10-05 12:00:00,-107.6013694,-106.04443043333332,-125.14509,-17.543718795800785
2024-10-05 12:30:00,-112.69313718333336,-123.59302608333331,-129.47185,-16.778710350846325
2024-10-05 13:00:00,-109.35300396666668,-127.28558443333334,-130.8752,-21.522194397591136
2024-10-05 13:30:00,-111.049568,-106.54953895,-127.3519,-16.30233019335938
2024-10-05 14:00:00,-85.11777838333333,-100.62986616666666,-119.17259,-34.05481377975261
2024-10-05 14:30:00,-94.65542845,-85.36653896666667,-106.68462,-12.029195268261716
2024-10-05 15:00:00,-90.95642373333334,-88.82703613333332,-91.387955,-0.4315309785807244
2024-10-05 15:30:00,-78.13857396666667,-56.510831083333336,-72.79106,5.347512565299482
2024-10-05 16:00:00,-54.90376878333333,-41.85157388333334,-53.18892,1.714849715950514
2024-10-05 16:30:00,-33.97978485,-23.916411083333333,-33.565933,0.413851622460939
2024-10-05 17:00:00,-17.408527233333334,-15.11549265,-17.975433,-0.5669061162760407
2024-10-05 17:30:00,-5.626345699999999,-5.100720983333333,-3.0933526,2.5329931437713613
2024-10-05 18:00:00,1.657511116666667,4.605043733333333,3.7699134,2.112402318315633
2024-10-05 18:30:00,4.524074883333333,5.868344033333333,9.8373575,5.313282637723796
2024-10-05 19:00:00,6.148075550000001,4.819500633333334,15.270478,9.12240269859619
2024-10-05 19:30:00,7.518396016666666,7.251937049999999,16.943405,9.42500913470052
2024-10-05 20:00:00,6.939738283333334,8.704661483333332,17.070877,10.131138791861979
2024-10-05 20:30:00,8.767588883333334,12.0638006,15.966859,7.199269980497233
2024-10-05 21:00:00,12.268133266666666,12.35318605,14.1815195,1.9133862416951501
2024-10-05 21:30:00,17.967306683333334,11.230397833333331,12.333222,-5.634084294112142
2024-10-05 22:00:00,17.8012871,9.640078266666666,13.610673,-4.190614149255371
2024-10-05 22:30:00,21.875889933333337,8.01216515,14.8928995,-6.982990420088708
2024-10-05 23:00:00,20.618871716666664,8.966550616666668,15.387956,-5.230916051078285
2024-10-05 23:30:00,17.218307883333335,11.327031066666663,16.61731,-0.6009983130208347
2024-10-06 00:00:00,15.451744,12.8864095,18.638138,3.186393817382813
2024-10-06 00:30:00,14.22510105,15.42266645,20.284393,6.059292260546876
2024-10-06 01:00:00,16.167397133333335,13.9205917,20.811218,4.643821128385415
2024-10-06 01:30:00,15.8193117,14.67896885,20.460419,4.641107001171875
2024-10-06 02:00:00,18.135701166666667,15.603629416666664,20.738403,2.602702153645833
2024-10-06 02:30:00,17.5067556,17.864673983333333,20.866943,3.3601877593749983
2024-10-06 03:00:00,20.6773244,16.411532266666665,19.190918,-1.4864064312499998
2024-10-06 03:30:00,22.101186566666662,16.616683966666667,19.521942,-2.5792444279947873
2024-10-06 04:00:00,18.054154383333334,16.810107183333333,19.960312,1.906157506315104
2024-10-06 04:30:00,17.898569916666666,16.834238833333334,18.071365,0.1727954397786462
2024-10-06 05:00:00,19.06022988333333,17.327213833333335,15.740434,-3.3197961904012026
2024-10-06 05:30:00,15.135221616666668,16.59023231666667,14.492219,-0.6430026454142261
2024-10-06 06:00:00,11.039027116666666,8.708895616666666,13.058457,2.0194302579060874
2024-10-06 06:30:00,7.0529671333333335,4.412496066666667,10.526109,3.4731416084269204
2024-10-06 07:00:00,5.7759145,3.154718316666667,6.0089273,0.23301284527587907
2024-10-06 07:30:00,-2.76988755,0.1130799333333332,-0.5380241,2.231863422516632
2024-10-06 08:00:00,-13.033371699999998,-19.48726545,-10.997527,2.0358445775024396
2024-10-06 08:30:00,-34.540986016666665,-37.28161893333333,-24.04094,10.500046685611977
2024-10-06 09:00:00,-39.94159888333333,-48.27826781666667,-39.724518,0.2170810610677023
2024-10-06 09:30:00,-43.4546611,-58.31207171666667,-55.12227,-11.66760757675781
2024-10-06 10:00:00,-55.57145545,-71.52946166666666,-70.1736,-14.60214379316406
2024-10-06 10:30:00,-77.2458107,-80.08179168333334,-84.51489,-7.269081878124993
2024-10-06 11:00:00,-103.9768961,-93.01145286666669,-100.43558,3.5413187074218797
2024-10-06 11:30:00,-121.75461168333334,-106.90842623333332,-114.28829,7.466319752180993
2024-10-06 12:00:00,-128.2747337333333,-107.6013694,-123.657585,4.617148589290338
2024-10-06 12:30:00,-142.32586475000002,-112.69313718333336,-127.270935,15.054929691406272
2024-10-06 13:00:00,-134.60058331666667,-109.35300396666668,-126.980316,7.620267154557297
2024-10-06 13:30:00,-122.30571158333332,-111.049568,-123.56726,-1.26154915885418
2024-10-06 14:00:00,-116.25740883333332,-85.11777838333333,-113.125244,3.132164692708315
2024-10-06 14:30:00,-115.4791412,-94.65542845,-101.56533,13.913810694628907
2024-10-06 15:00:00,-103.28666615,-90.95642373333334,-86.269684,17.016982312109377
2024-10-06 15:30:00,-81.26350331666667,-78.13857396666667,-69.465225,11.798278096940109
2024-10-06 16:00:00,-55.72599995,-54.90376878333333,-51.865982,3.8600178943359396
2024-10-06 16:30:00,-38.99323205,-33.97978485,-35.776764,3.216468133984378
2024-10-06 17:00:00,-22.15005335,-17.408527233333334,-21.484756,0.6652968802734378
2024-10-06 17:30:00,-6.777176099999999,-5.626345699999999,-9.177382,-2.400206369177247
2024-10-06 18:00:00,-2.9552455166666665,1.657511116666667,-0.38368145,2.5715640703528084
2024-10-06 18:30:00,1.6919539833333337,4.524074883333333,7.0857553,5.393801364872233
2024-10-06 19:00:00,9.482800066666668,6.148075550000001,12.20604,2.723240315718586
2024-10-06 19:30:00,11.425156566666669,7.518396016666666,15.064942,3.639785793257648
2024-10-06 20:00:00,11.020141266666664,6.939738283333334,14.270829,3.2506879340779644
2024-10-06 20:30:00,10.227474483333332,8.767588883333334,13.836442,3.6089675103800474
2024-10-06 21:00:00,13.094378866666666,12.268133266666666,12.4866495,-0.6077293534220374
2024-10-06 21:30:00,11.204488500000002,17.967306683333334,12.029511,0.8250229517211896
2024-10-06 22:00:00,10.173732683333332,17.8012871,12.488175,2.3144427088175465
2024-10-06 22:30:00,8.931334916666666,21.875889933333337,14.943116,6.011781271382651
2024-10-06 23:00:00,12.951503866666664,20.618871716666664,18.862885,5.911380654817711
2024-10-06 23:30:00,20.481377916666663,17.218307883333335,17.485077,-2.9963010123697877
2024-10-07 00:00:00,21.6683473,15.451744,17.697403,-3.970944345898438
2024-10-07 00:30:00,20.870828766666666,14.22510105,18.273605,-2.597223419986978
2024-10-07 01:00:00,20.3057333,16.167397133333335,18.639832,-1.66590175703125
2024-10-07 01:30:00,20.86974995,15.8193117,19.924301,-0.9454488025390617
2024-10-07 02:00:00,15.7850595,18.135701166666667,19.985092,4.200032663085938
2024-10-07 02:30:00,17.719839516666667,17.5067556,18.893494,1.1736541356770829
2024-10-07 03:00:00,14.7108078,20.6773244,18.751663,4.040855408007813
2024-10-07 03:30:00,16.0544516,22.101186566666662,19.227966,3.17351470859375
2024-10-07 04:00:00,14.698369483333332,18.054154383333334,21.02031,6.3219399649088555
2024-10-07 04:30:00,16.3069312,17.898569916666666,18.488632,2.1817010021484364
2024-10-07 05:00:00,18.80651441666667,19.06022988333333,16.191986,-2.614528332682294
2024-10-07 05:30:00,16.837917133333335,15.135221616666668,14.760911,-2.0770061454793307
2024-10-07 06:00:00,14.211226116666666,11.039027116666666,15.38701,1.1757835039998383
2024-10-07 06:30:00,10.272372233333334,7.0529671333333335,12.277223,2.0048504000284826
2024-10-07 07:00:00,8.058697616666667,5.7759145,7.2296,-0.8290976639689127
2024-10-07 07:30:00,3.634259983333333,-2.76988755,-0.23095623,-3.8652162099206286
2024-10-07 08:00:00,-5.9858956,-13.033371699999998,-10.797362,-4.8114667275756835
2024-10-07 08:30:00,-21.71632405,-34.540986016666665,-25.339737,-3.6234128884765617
2024-10-07 09:00:00,-30.89034788333333,-39.94159888333333,-37.8898,-6.999453142057295
2024-10-07 09:30:00,-45.18877606666666,-43.4546611,-50.526108,-5.337331721419275
2024-10-07 10:00:00,-65.6982799,-55.57145545,-66.2921,-0.5938190990234347
2024-10-07 10:30:00,-84.08183618333334,-77.2458107,-79.449646,4.632190187239587
2024-10-07 11:00:00,-90.36901116666668,-103.9768961,-94.03392,-3.6649091214192566
2024-10-07 11:30:00,-107.00779941666669,-121.75461168333334,-108.47188,-1.464078635091127
2024-10-07 12:00:00,-124.13534491666668,-128.2747337333333,-117.94887,6.1864771188151195
2024-10-07 12:30:00,-139.12245556666667,-142.32586475000002,-123.549965,15.572490661881517
2024-10-07 13:00:00,-127.2036706,-134.60058331666667,-125.25109,1.9525795965820265
2024-10-07 13:30:00,-121.84716623333333,-122.30571158333332,-124.27043,-2.423265285221362
2024-10-07 14:00:00,-105.7709583,-116.25740883333332,-119.42071,-13.649749402636715
2024-10-07 14:30:00,-87.9582506,-115.4791412,-107.287796,-19.329545420507813
2024-10-07 15:00:00,-84.73635783333334,-103.28666615,-91.672745,-6.936386917643219
2024-10-07 15:30:00,-70.87494663333332,-81.26350331666667,-74.94611,-4.071166953092458
2024-10-07 16:00:00,-53.80671668333333,-55.72599995,-56.812637,-3.005920645768235
2024-10-07 16:30:00,-32.046943899999995,-38.99323205,-39.629486,-7.58254218398438
2024-10-07 17:00:00,-12.299811583333332,-22.15005335,-25.427582,-13.127770203776043
2024-10-07 17:30:00,2.6672872999999995,-6.777176099999999,-10.260924,-12.928211639294434
2024-10-07 18:00:00,5.907666066666667,-2.9552455166666665,-0.1279594,-6.035625467082087
2024-10-07 18:30:00,10.568883866666669,1.6919539833333337,7.4039316,-3.1649522489298523
2024-10-07 19:00:00,11.349276083333333,9.482800066666668,14.062654,2.7133774582316086
2024-10-07 19:30:00,12.43984495,11.425156566666669,17.701187,5.261342183789063
2024-10-07 20:00:00,17.015446166666667,11.020141266666664,15.920518,-1.094928245218913
2024-10-07 20:30:00,18.644764966666667,10.227474483333332,12.546128,-6.098636693656413
2024-10-07 21:00:00,22.29771103333333,13.094378866666666,13.312257,-8.985454220284012
2024-10-07 21:30:00,18.5024556,11.204488500000002,14.688752,-3.8137034256225597
2024-10-07 22:00:00,17.9947693,10.173732683333332,14.864961,-3.12980862952881
2024-10-07 22:30:00,20.189291066666662,8.931334916666666,15.851289,-4.338002271195471
2024-10-07 23:00:00,18.53520455,12.951503866666664,16.151642,-2.3835627042968746
2024-10-07 23:30:00,21.76348108333333,20.481377916666663,16.358414,-5.405067387044266
2024-10-08 00:00:00,18.889335016666667,21.6683473,15.777482,-3.1118529838907882
2024-10-08 00:30:00,20.43648853333333,20.870828766666666,16.693481,-3.7430070880208284
2024-10-08 01:00:00,18.766947216666665,20.3057333,16.843979,-1.9229683348307276
2024-10-08 01:30:00,21.126252216666668,20.86974995,18.693481,-2.4327707713541677
2024-10-08 02:00:00,19.833158916666665,15.7850595,17.944794,-1.8883652154947903
2024-10-08 02:30:00,22.99623395,17.719839516666667,18.945099,-4.051135073046876
2024-10-08 03:00:00,23.115236,14.7108078,17.81221,-5.303025916992187
2024-10-08 03:30:00,25.98802055,16.0544516,18.466736,-7.521284710156252
2024-10-08 04:00:00,27.3787371,14.698369483333332,19.560944,-7.817793496484374
2024-10-08 04:30:00,29.936507266666663,16.3069312,17.747742,-12.188765567447913
2024-10-08 05:00:00,26.30676893333333,18.80651441666667,14.702409,-11.604360142744952
2024-10-08 05:30:00,25.83751553333333,16.837917133333335,14.600251,-11.23726433551839
2024-10-08 06:00:00,20.282477166666663,14.211226116666666,13.622392,-6.660085465922034
2024-10-08 06:30:00,19.012542733333333,10.272372233333334,10.104844,-8.90769864001058
2024-10-08 07:00:00,18.87794621666667,8.058697616666667,6.094331,-12.783615429007977
2024-10-08 07:30:00,20.106120033333333,3.634259983333333,-0.4459373,-20.55205733902219
2024-10-08 08:00:00,5.287447183333334,-5.9858956,-11.295012,-16.582459657393393
2024-10-08 08:30:00,-3.9246506,-21.71632405,-22.99553,-19.070878574804688
2024-10-08 09:00:00,-30.77399995,-30.89034788333333,-36.652084,-5.878084400585937
2024-10-08 09:30:00,-38.56472561666666,-45.18877606666666,-52.164658,-13.599931976106781
2024-10-08 10:00:00,-46.11720209999999,-65.6982799,-67.631775,-21.514572802343757
2024-10-08 10:30:00,-62.17509435,-84.08183618333334,-82.330826,-20.15573145566406
2024-10-08 11:00:00,-63.66545181666667,-90.36901116666668,-96.46897,-32.80351943577474
2024-10-08 11:30:00,-85.17063431666666,-107.00779941666669,-108.79363,-23.622998190657555
2024-10-08 12:00:00,-95.39084906666666,-124.13534491666668,-119.80678,-24.4159288874349
2024-10-08 12:30:00,-110.03732048333332,-139.12245556666667,-126.615425,-16.578104626529964
2024-10-08 13:00:00,-115.99838953333334,-127.2036706,-128.5475,-12.549111077018225
2024-10-08 13:30:00,-114.7385911,-121.84716623333333,-126.934044,-12.19545278427735
2024-10-08 14:00:00,-121.54072943333334,-105.7709583,-119.82371,1.7170218527669334
2024-10-08 14:30:00,-102.65170065,-87.9582506,-105.5086,-2.8568976776367236
2024-10-08 15:00:00,-89.09151286666668,-84.73635783333334,-89.35821,-0.26669483597004273
2024-10-08 15:30:00,-77.73779941666668,-70.87494663333332,-71.920334,5.817465554361988
2024-10-08 16:00:00,-54.035545516666666,-53.80671668333333,-55.05269,-1.0171430819661467
2024-10-08 16:30:00,-33.78020165,-32.046943899999995,-37.42218,-3.641978525781248
2024-10-08 17:00:00,-15.085129983333331,-12.299811583333332,-21.552094,-6.466963522526044
2024-10-08 17:30:00,-5.1549417166666665,2.6672872999999995,-7.1548758,-1.9999340386433921
2024-10-08 18:00:00,7.731641116666666,5.907666066666667,1.8499612,-5.881679955053202
2024-10-08 18:30:00,13.61018945,10.568883866666669,9.471299,-4.138890278552246
2024-10-08 19:00:00,18.82721828333333,11.349276083333333,14.883897,-3.9433214556355765
2024-10-08 19:30:00,22.58526446666667,12.43984495,18.859344,-3.7259199842447934
2024-10-08 20:00:00,22.09522443333333,17.015446166666667,17.235382,-4.859842353255203
2024-10-08 20:30:00,26.2085505,18.644764966666667,15.34929,-10.859260605895997
2024-10-08 21:00:00,21.93319175,22.29771103333333,13.455705,-8.47748706097412
2024-10-08 21:30:00,19.8000978,18.5024556,14.587083,-5.213014937145996
2024-10-08 22:00:00,24.10910386666667,17.9947693,16.334045,-7.775058456510418
2024-10-08 22:30:00,19.699483933333333,20.189291066666662,16.225647,-3.473836960677083
2024-10-08 23:00:00,25.177910516666667,18.53520455,17.775711,-7.402199457096355
2024-10-08 23:30:00,23.90240341666667,21.76348108333333,18.675415,-5.226988377604169
2024-10-09 00:00:00,25.104934316666668,18.889335016666667,18.327057,-6.777877431901043
2024-10-09 00:30:00,27.990480700000003,20.43648853333333,18.134598,-9.85588292167969
2024-10-09 01:00:00,25.916131216666667,18.766947216666665,18.251404,-7.664727408072917
2024-10-09 01:30:00,25.698761216666668,21.126252216666668,19.460892,-6.237869493033855
2024-10-09 02:00:00,24.310324933333334,19.833158916666665,20.17575,-4.134574200911459
2024-10-09 02:30:00,21.90157273333333,22.99623395,20.047623,-1.8539500526692692
2024-10-09 03:00:00,20.97249045,23.115236,19.65863,-1.3138600789062487
2024-10-09 03:30:00,23.821669033333333,25.98802055,20.172668,-3.6490005763020825
2024-10-09 04:00:00,31.008485566666668,27.3787371,18.83876,-12.169725190690105
2024-10-09 04:30:00,34.879184433333336,29.936507266666663,18.3777,-16.501483627669273
2024-10-09 05:00:00,29.16959828333333,26.30676893333333,17.048798,-12.120800675911454
2024-10-09 05:30:00,25.72161385,25.83751553333333,17.348068,-8.373545612695313
2024-10-09 06:00:00,23.01238503333333,20.282477166666663,15.958131,-7.0542541968465144
2024-10-09 06:30:00,25.1350577,19.012542733333333,12.986283,-12.148774397692872
2024-10-09 07:00:00,16.364252066666666,18.87794621666667,8.6394205,-7.724831557328287
2024-10-09 07:30:00,13.991116633333334,20.106120033333333,3.240235,-10.750881543077597
2024-10-09 08:00:00,-2.06440935,5.287447183333334,-6.198287,-4.133877660192871
2024-10-09 08:30:00,-20.4793884,-3.9246506,-18.059998,2.4193908414062513
2024-10-09 09:00:00,-50.62139561666667,-30.77399995,-33.502167,17.119228868619793
2024-10-09 09:30:00,-61.61224768333333,-38.56472561666666,-48.10463,13.507618166731767
2024-10-09 10:00:00,-89.92940231666667,-46.11720209999999,-65.587555,24.341847385026043
2024-10-09 10:30:00,-97.47941618333331,-62.17509435,-80.230515,17.248901656966126
2024-10-09 11:00:00,-115.34192578333334,-63.66545181666667,-93.72212,21.619803590950525
2024-10-09 11:30:00,-124.71307208333332,-85.17063431666666,-107.12271,17.59036090169269
2024-10-09 12:00:00,-125.60999266666666,-95.39084906666666,-116.67621,8.933784170572906
2024-10-09 12:30:00,-119.5053295,-110.03732048333332,-122.43211,-2.9267841474609355
2024-10-09 13:00:00,-125.39791556666668,-115.99838953333334,-122.939865,2.458050454361995
2024-10-09 13:30:00,-137.33824055,-114.7385911,-120.63218,16.70606128974609
2024-10-09 14:00:00,-136.93960891666666,-121.54072943333334,-112.82255,24.117061004069
2024-10-09 14:30:00,-128.42770041666668,-102.65170065,-101.65897,26.768726722819025
2024-10-09 15:00:00,-106.18873773333333,-89.09151286666668,-85.491776,20.696962220638014
2024-10-09 15:30:00,-89.1110672,-77.73779941666668,-71.359024,17.75204315214843
2024-10-09 16:00:00,-67.36871343333333,-54.035545516666666,-53.77417,13.594543511458326
2024-10-09 16:30:00,-40.029217816666666,-33.78020165,-36.358765,3.670453168229166
2024-10-09 17:00:00,-17.994931533333332,-15.085129983333331,-20.812805,-2.8178736424479176
2024-10-09 17:30:00,-3.3029327333333334,-5.1549417166666665,-7.985976,-4.683043485843912
2024-10-09 18:00:00,4.205779916666667,7.731641116666666,0.9660347,-3.2397452062594096
2024-10-09 18:30:00,12.42836675,13.61018945,9.291764,-3.1366024906616214
2024-10-09 19:00:00,16.33977043333333,18.82721828333333,14.8972025,-1.4425679415730777
2024-10-09 19:30:00,15.937665,22.58526446666667,18.79979,2.8621244287109366
2024-10-09 20:00:00,18.88185053333333,22.09522443333333,18.726425,-0.1554253624348938
2024-10-09 20:30:00,20.935107166666665,26.2085505,17.250366,-3.684740955729165
2024-10-09 21:00:00,19.60280453333333,21.93319175,16.947998,-2.6548064864583303
2024-10-09 21:30:00,18.6795039,19.8000978,17.01921,-1.6602930845703128
2024-10-09 22:00:00,14.813148333333332,24.10910386666667,15.318833,0.5056850178019214
2024-10-09 22:30:00,13.343975416666666,19.699483933333333,17.526993,4.1830173811848965
2024-10-09 23:00:00,15.713276833333332,25.177910516666667,19.218903,3.5056257545572933
2024-10-09 23:30:00,20.217961666666667,23.90240341666667,20.604599,0.38663733235677
2024-10-10 00:00:00,22.8130178,25.104934316666668,20.937775,-1.8752431417968758
2024-10-10 00:30:00,22.079745716666665,27.990480700000003,20.834122,-1.2456240125651021
2024-10-10 01:00:00,21.349201833333336,25.916131216666667,20.500122,-0.8490797630208355
2024-10-10 01:30:00,23.845738366666662,25.698761216666668,21.144028,-2.7017106567057247
2024-10-10 02:00:00,22.14633273333333,24.310324933333334,20.954742,-1.191590301692706
2024-10-10 02:30:00,19.154819516666667,21.90157273333333,21.873596,2.7187766747395834
2024-10-10 03:00:00,18.01386773333333,20.97249045,20.709702,2.6958338047526063
2024-10-10 03:30:00,18.696257216666663,23.821669033333333,20.477814,1.7815565040364625
2024-10-10 04:00:00,24.45637285,31.008485566666668,22.610321,-1.846051805078126
2024-10-10 04:30:00,29.5520944,34.879184433333336,24.22615,-5.325943887304689
2024-10-10 05:00:00,25.57345785,29.16959828333333,22.99965,-2.573808802148438
2024-10-10 05:30:00,25.35160448333333,25.72161385,21.993698,-3.3579063632161414
2024-10-10 06:00:00,19.25525513333333,23.01238503333333,20.791672,1.5364166195963591
2024-10-10 06:30:00,17.306339883333333,25.1350577,17.35646,0.05012068795572944
2024-10-10 07:00:00,8.272687283333333,16.364252066666666,13.455613,5.182925852958171
2024-10-10 07:30:00,3.345491666666666,13.991116633333334,6.430482,3.0849902440389005
2024-10-10 08:00:00,-12.067363516666669,-2.06440935,-3.4976494,8.569714085438031
2024-10-10 08:30:00,-35.10454898333333,-20.4793884,-17.108932,17.995616488216143
2024-10-10 09:00:00,-61.03597951666666,-50.62139561666667,-31.478958,29.557021386783845
2024-10-10 09:30:00,-88.30581273333333,-61.61224768333333,-47.88417,40.42164220110676
2024-10-10 10:00:00,-124.30884508333334,-89.92940231666667,-65.26422,59.04462389192709
2024-10-10 10:30:00,-142.64437351666666,-97.47941618333331,-81.561295,61.0830789610026
2024-10-10 11:00:00,-157.04001051666668,-115.34192578333334,-98.25798,58.782030169986996
2024-10-10 11:30:00,-164.91644171666667,-124.71307208333332,-113.256134,51.66030768346354
2024-10-10 12:00:00,-173.27609841666666,-125.60999266666666,-121.54517,51.730924771647125
2024-10-10 12:30:00,-181.53707555,-119.5053295,-122.837135,58.69994023505859
2024-10-10 13:00:00,-183.93847285,-125.39791556666668,-123.179504,60.75896845546876
2024-10-10 13:30:00,-182.1885973333333,-137.33824055,-120.91294,61.275656354329385
2024-10-10 14:00:00,-181.53579671666668,-136.93960891666666,-115.25258,66.28321798131512
2024-10-10 14:30:00,-157.7885517,-128.42770041666668,-103.66229,54.12625921953125
2024-10-10 15:00:00,-139.53215386666668,-106.18873773333333,-89.161064,50.37108971871746
2024-10-10 15:30:00,-115.21007846666669,-89.1110672,-74.29544,40.91463779283856
2024-10-10 16:00:00,-86.39403543333333,-67.36871343333333,-55.346115,31.04792032102864
2024-10-10 16:30:00,-59.1843883,-40.029217816666666,-39.078873,20.10551561933594
2024-10-10 17:00:00,-30.8771379,-17.994931533333332,-21.993408,8.883729696875001
2024-10-10 17:30:00,-11.1071533,-3.3029327333333334,-9.629867,1.4772866999633791
2024-10-10 18:00:00,-1.3838026833333334,4.205779916666667,0.52262956,1.906432242373403
2024-10-10 18:30:00,-0.0948748999999998,12.42836675,9.58307,9.677944701330567
2024-10-10 19:00:00,5.778323966666668,16.33977043333333,14.708177,8.929852646187335
2024-10-10 19:30:00,7.212119366666667,15.937665,17.985031,10.772911761263021
2024-10-10 20:00:00,12.793927083333337,18.88185053333333,19.467468,6.673541178385413
2024-10-10 20:30:00,10.2669722,20.935107166666665,19.962234,9.695262297070313
2024-10-10 21:00:00,11.79095725,19.60280453333333,19.249115,7.458157740234375
2024-10-10 21:30:00,13.066883266666666,18.6795039,17.84642,4.779537021419271
2024-10-10 22:00:00,13.752689866666666,14.813148333333332,16.370636,2.6179461196614593
2024-10-10 22:30:00,15.59115445,13.343975416666666,16.138046,0.5468918146484381
2024-10-10 23:00:00,16.035386133333333,15.713276833333332,16.53624,0.5008534906901048
2024-10-10 23:30:00,16.894762216666667,20.217961666666667,17.297455,0.4026926173177081
2024-10-11 00:00:00,18.33429055,22.8130178,19.85138,1.5170888445312514
2024-10-11 00:30:00,19.1448099,22.079745716666665,20.837997,1.693187536523439
2024-10-11 01:00:00,19.543294383333333,21.349201833333336,21.501495,1.9582009779947924
2024-10-11 01:30:00,18.76401373333333,23.845738366666662,22.029602,3.2655883174479214
2024-10-11 02:00:00,17.46417101666667,22.14633273333333,21.179916,3.715745365169269
2024-10-11 02:30:00,17.222415066666667,19.154819516666667,21.49504,4.272625826888021
2024-10-11 03:00:00,17.959565100000003,18.01386773333333,20.46019,2.500624719335935
2024-10-11 03:30:00,17.287796033333333,18.696257216666663,21.60849,4.320693956901042
2024-10-11 04:00:00,24.80604975,24.45637285,21.646149,-3.1599010683593747
2024-10-11 04:30:00,30.30723225,29.5520944,21.721207,-8.586025584960936
2024-10-11 05:00:00,24.219059516666665,25.57345785,20.351303,-3.867756416080727
2024-10-11 05:30:00,19.4034617,25.35160448333333,19.559174,0.15571188398437386
2024-10-11 06:00:00,15.53562215,19.25525513333333,19.17424,3.6386179623046875
2024-10-11 06:30:00,9.4012073,17.306339883333333,17.41005,8.008842138476563
2024-10-11 07:00:00,9.90699015,8.272687283333333,12.57837,2.671379944299316
2024-10-11 07:30:00,1.1816505333333334,3.345491666666666,4.133256,2.9516054252237955
2024-10-11 08:00:00,-22.846474916666665,-12.067363516666669,-8.34645,14.500025064676919
2024-10-11 08:30:00,-43.36372011666666,-35.10454898333333,-21.94696,21.416759667447913
2024-10-11 09:00:00,-68.00819106666667,-61.03597951666666,-38.93541,29.07278152076823
2024-10-11 09:30:00,-91.85773816666666,-88.30581273333333,-54.745453,37.11228528580729
2024-10-11 10:00:00,-118.2472279,-124.30884508333334,-73.090485,45.156743280859374
2024-10-11 10:30:00,-131.69682103333332,-142.64437351666666,-93.04715,38.6496713751302
2024-10-11 11:00:00,-151.26527373333334,-157.04001051666668,-112.166885,39.09838835735678
2024-10-11 11:30:00,-162.56039886666667,-164.91644171666667,-126.71712,35.84328155709636
2024-10-11 12:00:00,-165.72024715,-173.27609841666666,-137.18118,28.53906428867188
2024-10-11 12:30:00,-178.93522125,-181.53707555,-141.39748,37.53774505371095
2024-10-11 13:00:00,-174.42524946666666,-183.93847285,-141.27165,33.15359724498697
2024-10-11 13:30:00,-154.30656098333333,-182.1885973333333,-138.45892,15.847637643489577
2024-10-11 14:00:00,-142.15971746666665,-181.53579671666668,-129.98662,12.173099424674461
2024-10-11 14:30:00,-125.50807496666668,-157.7885517,-118.07962,7.428454605338558
2024-10-11 15:00:00,-105.23048048333334,-139.53215386666668,-101.7477,3.482776931087244
2024-10-11 15:30:00,-87.10843440000001,-115.21007846666669,-84.28226,2.8261773199218823
2024-10-11 16:00:00,-71.62410448333333,-86.39403543333333,-64.85065,6.773457510677076
2024-10-11 16:30:00,-49.02761066666667,-59.1843883,-46.937973,2.0896376442057303
2024-10-11 17:00:00,-24.86498011666667,-30.8771379,-30.705582,-5.840601548372394
2024-10-11 17:30:00,-7.477408233333333,-11.1071533,-16.381989,-8.904580292057293
2024-10-11 18:00:00,-2.6452750000000003,-1.3838026833333334,-5.6109304,-2.9656554428100583
2024-10-11 18:30:00,-0.8248038833333334,-0.0948748999999998,2.6946723,3.5194762294484456
2024-10-11 19:00:00,5.676699416666668,5.778323966666668,8.978181,3.301481468648273
2024-10-11 19:30:00,6.490766083333334,7.212119366666667,13.090806,6.60003992405192
2024-10-11 20:00:00,9.348448266666669,12.793927083333337,15.996736,6.648287306148273
2024-10-11 20:30:00,9.29373795,10.2669722,15.274247,5.980509219494628
2024-10-11 21:00:00,9.801433433333331,11.79095725,16.4803,6.678867469986981
2024-10-11 21:30:00,11.529264516666666,13.066883266666666,14.748918,3.2196530629842126
2024-10-11 22:00:00,12.719826083333333,13.752689866666666,14.816056,2.0962301681925464
2024-10-11 22:30:00,17.682506066666665,15.59115445,14.159318,-3.5231880963907862
2024-10-11 23:00:00,18.09551725,16.035386133333333,15.638383,-2.4571343383178714
2024-10-11 23:30:00,21.18642275,16.894762216666667,17.02739,-4.159033223632811
2024-10-12 00:00:00,21.63155005,18.33429055,17.948074,-3.683475709179689
2024-10-12 00:30:00,19.70227171666667,19.1448099,20.097382,0.39510987513020623
2024-10-12 01:00:00,17.49009176666667,19.543294383333333,20.283249,2.793157134700518
2024-10-12 01:30:00,19.15822938333333,18.76401373333333,21.065308,1.9070782338541683
2024-10-12 02:00:00,18.48614295,17.46417101666667,21.74173,3.2555867863281236
2024-10-12 02:30:00,18.203489533333336,17.222415066666667,22.30626,4.1027696219401015
2024-10-12 03:00:00,18.747824466666668,17.959565100000003,22.508987,3.761162960091145
2024-10-12 03:30:00,19.04593905,17.287796033333333,22.168472,3.1225332400390613
2024-10-12 04:00:00,25.621082166666667,24.80604975,22.163254,-3.45782838248698
2024-10-12 04:30:00,25.6820027,30.30723225,21.440155,-4.241847670703127
2024-10-12 05:00:00,18.633580566666662,24.219059516666665,18.26738,-0.3662008059244748
2024-10-12 05:30:00,16.954480583333332,19.4034617,17.8331,0.8786187819010429
2024-10-12 06:00:00,11.816006733333332,15.53562215,16.783875,4.967867778385418
2024-10-12 06:30:00,7.492995016666666,9.4012073,13.541184,6.048189408687338
2024-10-12 07:00:00,5.773489966666666,9.90699015,6.3631907,0.589700684273275
2024-10-12 07:30:00,0.3983860666666666,1.1816505333333334,-3.6400292,-4.0384152586374915
2024-10-12 08:00:00,-14.1087762,-22.846474916666665,-17.114029,-3.005252730664063
2024-10-12 08:30:00,-25.2518324,-43.36372011666666,-32.10182,-6.849989499414061
2024-10-12 09:00:00,-45.24420628333333,-68.00819106666667,-48.777664,-3.5334579012369858
2024-10-12 09:30:00,-65.73965103333333,-91.85773816666666,-66.1069,-0.36725204283854396
2024-10-12 10:00:00,-79.59189606666666,-118.2472279,-84.77406,-5.182167043684899
2024-10-12 10:30:00,-93.16392661666669,-131.69682103333332,-104.708786,-11.544859394075502
2024-10-12 11:00:00,-113.7892833,-151.26527373333334,-121.961945,-8.172661280078131
2024-10-12 11:30:00,-130.75039616666666,-162.56039886666667,-137.16313,-6.412735547200526
2024-10-12 12:00:00,-135.17950261666667,-165.72024715,-148.0476,-12.868104805208333
2024-10-12 12:30:00,-147.67238488333334,-178.93522125,-154.22646,-6.554070805143226
2024-10-12 13:00:00,-153.92682823333334,-174.42524946666666,-154.53218,-0.6053525527994736
2024-10-12 13:30:00,-147.2221683,-154.30656098333333,-149.20457,-1.9824062849609447
2024-10-12 14:00:00,-145.07937766666666,-142.15971746666665,-138.55437,6.525010601236971
2024-10-12 14:30:00,-128.82951434999998,-125.50807496666668,-123.26456,5.564957465234357
2024-10-12 15:00:00,-115.66947888333334,-105.23048048333334,-104.53435,11.135131349153653
2024-10-12 15:30:00,-93.98995728333334,-87.10843440000001,-86.76588,7.224080513313808
2024-10-12 16:00:00,-66.56919438333334,-71.62410448333333,-66.10422,0.4649768540364647
2024-10-12 16:30:00,-38.64976263333333,-49.02761066666667,-46.790512,-8.140749451627606
2024-10-12 17:00:00,-15.233977816666666,-24.86498011666667,-29.54454,-14.310562588606771
2024-10-12 17:30:00,-5.0049627333333335,-7.477408233333333,-14.86888,-9.863917538578288
2024-10-12 18:00:00,0.5914210166666668,-2.6452750000000003,-3.1225274,-3.7139483775828044
2024-10-12 18:30:00,2.917249516666667,-0.8248038833333334,4.4686747,1.5514251430623367
2024-10-12 19:00:00,10.5520874,5.676699416666668,8.835572,-1.7165151572631832
2024-10-12 19:30:00,10.315471133333334,6.490766083333334,12.6484995,2.333028355497232
2024-10-12 20:00:00,18.0195465,9.348448266666669,13.879243,-4.140303602966309
2024-10-12 20:30:00,21.96031263333333,9.29373795,13.643754,-8.316558627901202
2024-10-12 21:00:00,18.218619916666665,9.801433433333331,12.879411,-5.339209172953286
2024-10-12 21:30:00,17.852026633333335,11.529264516666666,12.108399,-5.743627242159018
2024-10-12 22:00:00,13.459695599999998,12.719826083333333,13.236939,-0.2227561697631817
2024-10-12 22:30:00,14.202470516666668,17.682506066666665,13.896302,-0.3061682934611021
2024-10-12 23:00:00,20.51780218333333,18.09551725,16.034393,-4.483408872786455
2024-10-12 23:30:00,20.458902866666666,21.18642275,15.965302,-4.493600399320474
2024-10-13 00:00:00,20.141059866666662,21.63155005,16.824799,-3.3162612826822873
2024-10-13 00:30:00,18.699256716666667,19.70227171666667,18.087265,-0.6119917020182299
2024-10-13 01:00:00,18.110241233333333,17.49009176666667,20.390137,2.2798954854166666
2024-10-13 01:30:00,16.96992165,19.15822938333333,21.433792,4.463870464257813
2024-10-13 02:00:00,15.742001683333331,18.48614295,23.638428,7.896426051041669
2024-10-13 02:30:00,16.664643916666666,18.203489533333336,23.770874,7.106230106770834
2024-10-13 03:00:00,18.67367846666667,18.747824466666668,23.195236,4.521557739388019
2024-10-13 03:30:00,18.49092335,19.04593905,21.234314,2.743390614843751
2024-10-13 04:00:00,23.74239663333333,25.621082166666667,21.06163,-2.680766384309891
2024-10-13 04:30:00,33.322703366666666,25.6820027,19.398712,-13.92399120846354
2024-10-13 05:00:00,21.305392333333334,18.633580566666662,16.573318,-4.732073851888021
2024-10-13 05:30:00,22.01287268333333,16.954480583333332,16.076263,-5.936609255598956
2024-10-13 06:00:00,18.00011055,11.816006733333332,13.181596,-4.81851474769287
2024-10-13 06:30:00,13.816066083333332,7.492995016666666,9.071839,-4.744226750752766
2024-10-13 07:00:00,12.1180978,5.773489966666666,2.3238685,-9.7942292868927
2024-10-13 07:30:00,-2.1237918,0.3983860666666666,-6.913192,-4.789399995349122
2024-10-13 08:00:00,-19.76485836666667,-14.1087762,-19.64952,0.11533749264323134
2024-10-13 08:30:00,-41.635336083333335,-25.2518324,-34.158035,7.477300805013023
2024-10-13 09:00:00,-53.94781831666666,-45.24420628333333,-52.239532,1.7082858459635375
2024-10-13 09:30:00,-68.96555115,-65.73965103333333,-68.599594,0.36595703378905853
2024-10-13 10:00:00,-80.7555827,-79.59189606666666,-87.42995,-6.6743641994140575
2024-10-13 10:30:00,-97.05534341666667,-93.16392661666669,-104.12808,-7.072738858723952
2024-10-13 11:00:00,-111.4682161,-113.7892833,-120.289276,-8.821060023046869
2024-10-13 11:30:00,-124.59446561666664,-130.75039616666666,-132.38982,-7.795350667513048
2024-10-13 12:00:00,-137.63482321666666,-135.17950261666667,-142.97954,-5.344714747200527
2024-10-13 12:30:00,-134.46667456666668,-147.67238488333334,-149.10947,-14.642791986067692
2024-10-13 13:00:00,-140.52230393333335,-153.92682823333334,-150.36028,-9.83797133522134
2024-10-13 13:30:00,-132.38429441666668,-147.2221683,-146.18477,-13.800474260091136
2024-10-13 14:00:00,-120.93678105,-145.07937766666666,-138.22214,-17.28535640117188
2024-10-13 14:30:00,-109.43657773333332,-128.82951434999998,-124.012665,-14.576087061588552
2024-10-13 15:00:00,-96.76147505,-115.66947888333334,-106.986855,-10.225379503222655
2024-10-13 15:30:00,-70.77657936666667,-93.98995728333334,-87.37968,-16.60309745218099
2024-10-13 16:00:00,-48.13307426666668,-66.56919438333334,-66.43565,-18.302579419856755
2024-10-13 16:30:00,-27.8876851,-38.64976263333333,-47.352615,-19.464930256445314
2024-10-13 17:00:00,-11.437171816666668,-15.233977816666666,-30.296036,-18.858863949934893
2024-10-13 17:30:00,-3.602707633333333,-5.0049627333333335,-15.998839,-12.3961317450236
2024-10-13 18:00:00,5.910716666666667,0.5914210166666668,-5.3497915,-11.2605081934611
2024-10-13 18:30:00,7.375966699999999,2.917249516666667,3.4338233,-3.9421433529083245
2024-10-13 19:00:00,10.63122725,10.5520874,10.011796,-0.6194312523803713
2024-10-13 19:30:00,11.18257895,10.315471133333334,12.6212015,1.438622565197754
2024-10-13 20:00:00,12.206495066666667,18.0195465,14.252503,2.0460083284138992
2024-10-13 20:30:00,14.969458316666667,21.96031263333333,14.761949,-0.20750973115641358
2024-10-13 21:00:00,15.368468433333334,18.218619916666665,14.340699,-1.0277692374715173
2024-10-13 21:30:00,15.3085942,17.852026633333335,13.794038,-1.5145563810913085
2024-10-13 22:00:00,12.944469366666668,13.459695599999998,14.649262,1.704793061617023
2024-10-13 22:30:00,13.83084055,14.202470516666668,15.836076,2.0052352327758793
2024-10-13 23:00:00,18.64225738333333,20.51780218333333,17.208038,-1.4342190532552053
2024-10-13 23:30:00,17.3877688,20.458902866666666,17.47586,0.08809179570312509
2024-10-14 00:00:00,17.648423266666665,20.141059866666662,18.663849,1.01542561028646
2024-10-14 00:30:00,16.25831666666667,18.699256716666667,19.493668,3.2353509358723933
2024-10-14 01:00:00,16.74550835,18.110241233333333,20.720612,3.9751032222656235
2024-10-14 01:30:00,17.95982893333333,16.96992165,20.485413,2.5255836643229195
2024-10-14 02:00:00,17.7141162,15.742001683333331,20.939941,3.2258252062500006
2024-10-14 02:30:00,18.81395725,16.664643916666666,20.444397,1.6304397226562486
2024-10-14 03:00:00,17.212951733333334,18.67367846666667,20.597153,3.3842009766276036
2024-10-14 03:30:00,21.56822325,18.49092335,21.172348,-0.39587522753906157
2024-10-14 04:00:00,22.620702366666663,23.74239663333333,20.464249,-2.1564537094401004
2024-10-14 04:30:00,28.51203723333333,33.322703366666666,21.582703,-6.929334596614581
2024-10-14 05:00:00,19.351481116666665,21.305392333333334,20.140839,0.7893575063802096
2024-10-14 05:30:00,16.183325999999997,22.01287268333333,19.07341,2.89008403417969
2024-10-14 06:00:00,12.981169066666666,18.00011055,16.85707,3.875901856184896
2024-10-14 06:30:00,8.34333565,13.816066083333332,13.615159,5.271823384729004
2024-10-14 07:00:00,9.328952783333332,12.1180978,8.178346,-1.1506071030965153
2024-10-14 07:30:00,4.40589845,-2.1237918,-0.73225325,-5.13815170345993
2024-10-14 08:00:00,-11.899609233333337,-19.76485836666667,-14.651397,-2.751787518070472
2024-10-14 08:30:00,-32.347280500000004,-41.635336083333335,-30.01445,2.332830426757816
2024-10-14 09:00:00,-50.02149115,-53.94781831666666,-48.16629,1.8552008667968778
2024-10-14 09:30:00,-67.15292178333333,-68.96555115,-67.16904,-0.01611508190104871
2024-10-14 10:00:00,-78.82200325000001,-80.7555827,-85.24867,-6.426669235351554
2024-10-14 10:30:00,-91.93309391666666,-97.05534341666667,-103.042114,-11.109020341145836
2024-10-14 11:00:00,-96.91118675,-111.4682161,-118.596054,-21.68486732714844
2024-10-14 11:30:00,-128.50455166666666,-124.59446561666664,-130.73979,-2.2352402034505303
2024-10-14 12:00:00,-134.62122616666667,-137.63482321666666,-140.76085,-6.139622832356764
2024-10-14 12:30:00,-137.72997678333334,-134.46667456666668,-143.64006,-5.910083641471346
2024-10-14 13:00:00,-127.94395845,-140.52230393333335,-143.78139,-15.837428879101566
2024-10-14 13:30:00,-124.3408794,-132.38429441666668,-140.27098,-15.930101434960932
2024-10-14 14:00:00,-108.8279074,-120.93678105,-132.77924,-23.95132843984375
2024-10-14 14:30:00,-101.50535038333334,-109.43657773333332,-118.68818,-17.182828632779945
2024-10-14 15:00:00,-79.36754328333333,-96.76147505,-102.23944,-22.871897634635417
2024-10-14 15:30:00,-71.00508323333334,-70.77657936666667,-82.039055,-11.033971637272131
2024-10-14 16:00:00,-53.293388883333336,-48.13307426666668,-62.0867,-8.79331155611979
2024-10-14 16:30:00,-29.63364615,-27.8876851,-42.31183,-12.67818246328125
2024-10-14 17:00:00,-9.135579966666668,-11.437171816666668,-25.92099,-16.785410023567707
2024-10-14 17:30:00,5.100680083333334,-3.602707633333333,-11.741622,-16.842302054463705
2024-10-14 18:00:00,6.9085567333333335,5.910716666666667,0.554261,-6.3542957045667015
2024-10-14 18:30:00,8.807781166666667,7.375966699999999,9.903398,1.0956163934529624
2024-10-14 19:00:00,10.612701683333333,10.63122725,15.697434,5.084732742020671
2024-10-14 19:30:00,11.740194966666666,11.18257895,17.893372,6.153176615364584
2024-10-14 20:00:00,12.59283285,12.206495066666667,17.252777,4.659944249609374
2024-10-14 20:30:00,12.031299883333332,14.969458316666667,16.405396,4.3740956244791676
2024-10-14 21:00:00,13.015258916666667,15.368468433333334,14.473252,1.4579933797810867
2024-10-14 21:30:00,11.760130133333334,15.3085942,14.318208,2.5580776074503575
2024-10-14 22:00:00,12.9820272,12.944469366666668,15.161057,2.1790302722290047
2024-10-14 22:30:00,11.793515483333332,13.83084055,15.8407755,4.047260006473797
2024-10-14 23:00:00,15.018937683333334,18.64225738333333,18.687958,3.669020080338541
2024-10-14 23:30:00,16.670409933333335,17.3877688,18.374496,1.7040865266276022
2024-10-15 00:00:00,17.123209516666666,17.648423266666665,19.454742,2.331532914973959
2024-10-15 00:30:00,19.036295016666667,16.25831666666667,19.930847,0.8945521513020829
2024-10-15 01:00:00,16.96223955,16.74550835,20.255173,3.292933179492188
2024-10-15 01:30:00,17.54529546666667,17.95982893333333,20.38504,2.839744816536456
2024-10-15 02:00:00,19.085196616666668,17.7141162,20.618881,1.5336846089192697
2024-10-15 02:30:00,22.319855066666666,18.81395725,20.932693,-1.387161585221353
2024-10-15 03:00:00,22.88649893333333,17.212951733333334,21.44455,-1.4419493727864534
2024-10-15 03:30:00,18.8740416,21.56822325,21.514374,2.6403321792968732
2024-10-15 04:00:00,23.07200675,22.620702366666663,20.862213,-2.209793615234375
2024-10-15 04:30:00,26.26923108333333,28.51203723333333,21.182327,-5.086903812825518
2024-10-15 05:00:00,19.67152828333333,19.351481116666665,19.825073,0.15354495885416952
2024-10-15 05:30:00,17.952768833333334,16.183325999999997,18.598663,0.6458944967447913
2024-10-15 06:00:00,15.207785516666666,12.981169066666666,18.10936,2.9015742245442713
2024-10-15 06:30:00,12.78316735,8.34333565,16.09433,3.3111624839843756
2024-10-15 07:00:00,14.072578383333337,9.328952783333332,9.970765,-4.10181326950277
2024-10-15 07:30:00,12.681854283333337,4.40589845,0.6352394,-12.046614861012017
2024-10-15 08:00:00,-6.8060667,-11.899609233333337,-12.132384,-5.326317600231934
2024-10-15 08:30:00,-16.516193833333332,-32.347280500000004,-27.832886,-11.316691908854168
2024-10-15 09:00:00,-36.06507725,-50.02149115,-46.301895,-10.23681789160156
2024-10-15 09:30:00,-57.02158108333333,-67.15292178333333,-62.88022,-5.858637422526044
2024-10-15 10:00:00,-59.48581545,-78.82200325000001,-82.74063,-23.254815653515628
2024-10-15 10:30:00,-65.91144955,-91.93309391666666,-100.63776,-34.72630679765625
2024-10-15 11:00:00,-83.35558366666667,-96.91118675,-115.756744,-32.40116071809895
2024-10-15 11:30:00,-98.9502662,-128.50455166666666,-128.99687,-30.046605748242186
2024-10-15 12:00:00,-106.25007608333334,-134.62122616666667,-138.41125,-32.16117879947916
2024-10-15 12:30:00,-110.04548396666668,-137.72997678333334,-141.39088,-31.345400432747383
2024-10-15 13:00:00,-106.07246441666666,-127.94395845,-140.19647,-34.12400775130209
2024-10-15 13:30:00,-104.6082044,-124.3408794,-135.79921,-31.191005194726557
2024-10-15 14:00:00,-91.2047351,-108.8279074,-125.06925,-33.86451691416016
2024-10-15 14:30:00,-81.04881886666666,-101.50535038333334,-111.13858,-30.08976145559896
2024-10-15 15:00:00,-57.52203566666666,-79.36754328333333,-92.61457,-35.09253495100912
2024-10-15 15:30:00,-56.50206065,-71.00508323333334,-73.74646,-17.244399310937503
2024-10-15 16:00:00,-31.0926234,-53.293388883333336,-54.23384,-23.14121754238281
2024-10-15 16:30:00,-17.411640533333333,-29.63364615,-35.951202,-18.53956185924479
2024-10-15 17:00:00,-14.00607555,-9.135579966666668,-21.661499,-7.6554234734375
2024-10-15 17:30:00,-1.5593988499999998,5.100680083333334,-6.905074,-5.345675269567871
2024-10-15 18:00:00,5.515297916666666,6.9085567333333335,2.6773384,-2.8379595549265533
2024-10-15 18:30:00,8.445806233333334,8.807781166666667,11.338853,2.8930466490519198
2024-10-15 19:00:00,16.79472235,10.612701683333333,16.834686,0.03996392929687431
2024-10-15 19:30:00,16.558336566666664,11.740194966666666,19.1689,2.610562969466148
2024-10-15 20:00:00,20.093410466666665,12.59283285,19.43959,-0.6538200125651024
2024-10-15 20:30:00,16.720357216666667,12.031299883333332,17.107315,0.38695784680989576
2024-10-15 21:00:00,13.864852783333331,13.015258916666667,14.800981,0.9361277845987974
2024-10-15 21:30:00,13.9711156,11.760130133333334,15.354707,1.3835911642211922
2024-10-15 22:00:00,18.58174555,12.9820272,15.716264,-2.865481778942872
2024-10-15 22:30:00,19.59103063333333,11.793515483333332,16.096268,-3.4947629331380163
2024-10-15 23:00:00,21.3490837,15.018937683333334,16.496765,-4.852318563281251
2024-10-15 23:30:00,24.6773738,16.670409933333335,17.730759,-6.946615133007814
2024-10-16 00:00:00,23.81428278333333,17.123209516666666,18.80455,-5.009732612434892
2024-10-16 00:30:00,22.836182283333333,19.036295016666667,19.674377,-3.1618048419270828
2024-10-16 01:00:00,21.35847168333333,16.96223955,20.978912,-0.379559329817706
2024-10-16 01:30:00,19.41781835,17.54529546666667,23.179443,3.761625009374999
2024-10-16 02:00:00,19.69202165,19.085196616666668,23.448288,3.7562663138671866
2024-10-16 02:30:00,20.390075066666665,22.319855066666666,23.576782,3.1867071598958354
2024-10-16 03:00:00,23.438710016666665,22.88649893333333,24.172058,0.7333480888020851
2024-10-16 03:30:00,23.138902116666667,18.8740416,22.574875,-0.5640272387369798
2024-10-16 04:00:00,24.91638608333333,23.07200675,23.3582,-1.5581860100911413
2024-10-16 04:30:00,21.32740053333333,26.26923108333333,22.66504,1.3376385291666715
2024-10-16 05:00:00,20.672068866666667,19.67152828333333,22.06929,1.3972212944661457
2024-10-16 05:30:00,16.691028266666667,17.952768833333334,22.403992,5.712963432552083
2024-10-16 06:00:00,14.911022316666669,15.207785516666666,20.803436,5.892413962630206
2024-10-16 06:30:00,10.379932216666669,12.78316735,16.544067,6.164135166145831
2024-10-16 07:00:00,8.953872016666667,14.072578383333337,10.056642,1.1027695620076496
2024-10-16 07:30:00,1.155962733333333,12.681854283333337,1.3133096,0.15734681695200625
2024-10-16 08:00:00,-6.260848266666667,-6.8060667,-10.517776,-4.256927268916829
2024-10-16 08:30:00,-24.237586066666665,-16.516193833333332,-23.990295,0.24729065651041537
2024-10-16 09:00:00,-37.44154506666666,-36.06507725,-41.19159,-3.750044288802087
2024-10-16 09:30:00,-51.72080771666666,-57.02158108333333,-58.9066,-7.185793235481775
2024-10-16 10:00:00,-57.911108266666666,-59.48581545,-76.19412,-18.28301404778646
2024-10-16 10:30:00,-71.09105331666667,-65.91144955,-92.88987,-21.798816373274732
2024-10-16 11:00:00,-82.08242078333333,-83.35558366666667,-108.39397,-26.311545891471354
2024-10-16 11:30:00,-88.50829998333334,-98.9502662,-121.39461,-32.88630756061197
2024-10-16 12:00:00,-90.3705217,-106.25007608333334,-131.1537,-40.783180082226565
2024-10-16 12:30:00,-88.34878971666667,-110.04548396666668,-134.0331,-45.68430659680989
2024-10-16 13:00:00,-108.02690105,-106.07246441666666,-133.59558,-25.568680004687494
2024-10-16 13:30:00,-119.59206661666668,-104.6082044,-126.89663,-7.304562716829409
2024-10-16 14:00:00,-109.04215273333334,-91.2047351,-116.90737,-7.865218787662755
2024-10-16 14:30:00,-81.25424926666666,-81.04881886666666,-101.897385,-20.643135376888026
2024-10-16 15:00:00,-67.05953606666667,-57.52203566666666,-84.626236,-17.566699895247396
2024-10-16 15:30:00,-53.97368003333333,-56.50206065,-66.11505,-12.14137123619792
2024-10-16 16:00:00,-34.84306276666667,-31.0926234,-46.919662,-12.076599708919268
2024-10-16 16:30:00,-20.15280235,-17.411640533333333,-30.241745,-10.088942645117186
2024-10-16 17:00:00,-5.087728783333334,-14.00607555,-15.239547,-10.151817992484538
2024-10-16 17:30:00,2.09808305,-1.5593988499999998,-3.942382,-6.040465147244262
2024-10-16 18:00:00,4.637488283333333,5.515297916666666,5.3342447,0.6967564447550458
2024-10-16 18:30:00,11.278584533333335,8.445806233333334,13.071778,1.7931937640909812
2024-10-16 19:00:00,10.770453833333336,16.79472235,18.338669,7.568214989908851
2024-10-16 19:30:00,16.8380794,16.558336566666664,19.87909,3.0410099554687484
2024-10-16 20:00:00,15.369288483333332,20.093410466666665,19.530045,4.160756072330731
2024-10-16 20:30:00,17.059572283333335,16.720357216666667,18.225159,1.1655864080729152
2024-10-16 21:00:00,17.336370483333333,13.864852783333331,15.711732,-1.6246385726277666
2024-10-16 21:30:00,15.376381133333334,13.9711156,15.962037,0.5856559531534824
2024-10-16 22:00:00,12.714369483333334,18.58174555,16.440063,3.725693993229166
2024-10-16 22:30:00,13.057408316666669,19.59103063333333,18.330414,5.273005501692706
2024-10-16 23:00:00,18.66442385,21.3490837,18.250717,-0.4137066869140611
2024-10-16 23:30:00,17.649138266666665,24.6773738,20.613373,2.9642345360677105
2024-10-17 00:00:00,17.735278916666665,23.81428278333333,21.070068,3.3347894427083347
2024-10-17 00:30:00,17.430450616666665,22.836182283333333,22.099503,4.669051946809898
2024-10-17 01:00:00,18.306349866666668,21.35847168333333,22.407654,4.101303941927082
2024-10-17 01:30:00,18.08307903333333,19.41781835,22.287552,4.204472846549482
2024-10-17 02:00:00,18.149563816666667,19.69202165,21.307373,3.1578092302083327
2024-10-17 02:30:00,19.539672266666667,20.390075066666665,22.595123,3.055451024348958
2024-10-17 03:00:00,20.972318766666667,23.438710016666665,23.103577,2.1312578934895825
2024-10-17 03:30:00,23.18952283333333,23.138902116666667,23.456268,0.2667454772135436
2024-10-17 04:00:00,21.023834016666665,24.91638608333333,22.972183,1.9483492108723972
2024-10-17 04:30:00,21.0593329,21.32740053333333,22.238785,1.1794518900390614
2024-10-17 05:00:00,19.89600833333333,20.672068866666667,21.31546,1.4194518717447941
2024-10-17 05:30:00,18.9322538,16.691028266666667,21.235367,2.303113021289061
2024-10-17 06:00:00,14.4915943,14.911022316666669,19.469284,4.977689757617188
2024-10-17 06:30:00,15.29161565,10.379932216666669,16.477707,1.1860912591796868
2024-10-17 07:00:00,6.6940087833333335,8.953872016666667,11.092835,4.398826642997233
2024-10-17 07:30:00,0.6988270833333332,1.155962733333333,2.9627235,2.2638964102427166
2024-10-17 08:00:00,-19.90160228333333,-6.260848266666667,-7.712432,12.18917037567952
2024-10-17 08:30:00,-46.25544393333333,-24.237586066666665,-22.596283,23.659160974348957
2024-10-17 09:00:00,-66.59383444999999,-37.44154506666666,-39.285263,27.30857138847655
2024-10-17 09:30:00,-79.55905735,-51.72080771666666,-56.157944,23.401113624414066
2024-10-17 10:00:00,-91.58424946666666,-57.911108266666666,-72.24457,19.339681595572912
2024-10-17 10:30:00,-104.56506625,-71.09105331666667,-88.409424,16.155642421875
2024-10-17 11:00:00,-110.80587658333332,-82.08242078333333,-102.16402,8.641859859700503
2024-10-17 11:30:00,-117.9619929,-88.50829998333334,-113.40583,4.556162516699217
2024-10-17 12:00:00,-124.71507105,-90.3705217,-121.13881,3.5762618458984434
2024-10-17 12:30:00,-111.02374461666666,-88.34878971666667,-123.28621,-12.262464489778651
2024-10-17 13:00:00,-107.42161995,-108.02690105,-124.3889,-16.967280806835944
2024-10-17 13:30:00,-115.91936791666669,-119.59206661666668,-120.45998,-4.540608279622376
2024-10-17 14:00:00,-114.045036,-109.04215273333334,-111.807976,2.2370602309570273
2024-10-17 14:30:00,-81.55716843333333,-81.25424926666666,-98.02565,-16.46848159108073
2024-10-17 15:00:00,-63.2177428,-67.05953606666667,-81.60468,-18.386940122363278
2024-10-17 15:30:00,-40.64299938333333,-53.97368003333333,-62.344833,-21.701833990690105
2024-10-17 16:00:00,-29.995042833333333,-34.84306276666667,-43.73575,-13.740705457682292
2024-10-17 16:30:00,-14.306840116666663,-20.15280235,-25.861938,-11.555098359895837
2024-10-17 17:00:00,-6.314641016666666,-5.087728783333334,-12.21852,-5.90387914782308
2024-10-17 17:30:00,1.0913383166666666,2.09808305,-1.0618583,-2.1531966130610147
2024-10-17 18:00:00,-0.1809854666666667,4.637488283333333,7.959077,8.140062348075357
2024-10-17 18:30:00,3.5406087166666667,11.278584533333335,14.285966,10.745357202827963
2024-10-17 19:00:00,4.07733995,10.770453833333336,16.282288,12.204947647656251
2024-10-17 19:30:00,6.3104215,16.8380794,16.537888,10.227466073242187
2024-10-17 20:00:00,9.66459765,15.369288483333332,18.561493,8.896895269921876
2024-10-17 20:30:00,11.721206,17.059572283333335,17.79773,6.0765234921874995
2024-10-17 21:00:00,15.125361166666666,17.336370483333333,16.604858,1.479497231770834
2024-10-17 21:30:00,16.907642283333335,15.376381133333334,15.521867,-1.3857754849324557
2024-10-17 22:00:00,18.893223733333333,12.714369483333334,15.159684,-3.7335395521199537
2024-10-17 22:30:00,13.710261683333334,13.057408316666669,15.775346,2.065084118973795
2024-10-17 23:00:00,18.4506783,18.66442385,17.806717,-0.6439613810546874
2024-10-17 23:30:00,19.6240355,17.649138266666665,18.846176,-0.777859352539064
2024-10-18 00:00:00,21.463012133333336,17.735278916666665,20.146942,-1.3160699946614614
2024-10-18 00:30:00,20.452706166666665,17.430450616666665,20.954346,0.5016395364583346
2024-10-18 01:00:00,21.171165616666663,18.306349866666668,19.615082,-1.5560838295572879
2024-10-18 01:30:00,22.46956158333333,18.08307903333333,17.868881,-4.600680357747393
2024-10-18 02:00:00,21.26504663333333,18.149563816666667,17.90651,-3.358537233919268
2024-10-18 02:30:00,22.26375775,19.539672266666667,19.453888,-2.809869810546875
2024-10-18 03:00:00,21.531920666666668,20.972318766666667,19.663269,-1.868651623697918
2024-10-18 03:30:00,23.259958616666665,23.18952283333333,21.106918,-2.153040281705728
2024-10-18 04:00:00,23.515860033333336,21.023834016666665,20.138794,-3.377066088020836
2024-10-18 04:30:00,24.6082778,21.0593329,20.580887,-4.027390959179687
2024-10-18 05:00:00,20.332104,19.89600833333333,19.338547,-0.9935572470703136
2024-10-18 05:30:00,20.028093366666667,18.9322538,20.286713,0.25861927981770805
2024-10-18 06:00:00,18.406099316666666,14.4915943,19.365402,0.959302905013022
2024-10-18 06:30:00,16.978635633333333,15.29161565,18.329773,1.351137315885417
2024-10-18 07:00:00,18.613070366666665,6.6940087833333335,10.629624,-7.983445999906412
2024-10-18 07:30:00,18.919087183333332,0.6988270833333332,2.106507,-16.812580120421345
2024-10-18 08:00:00,19.34831266666667,-19.90160228333333,-10.105681,-29.453994086039227
2024-10-18 08:30:00,13.53198385,-46.25544393333333,-26.158813,-39.6907973265625
2024-10-18 09:00:00,8.843567816666667,-66.59383444999999,-41.92491,-50.7684793156901
2024-10-18 09:30:00,-4.786266583333333,-79.55905735,-57.653137,-52.86687062369792
2024-10-18 10:00:00,-11.402872266666668,-91.58424946666666,-74.32063,-62.91776066790364
2024-10-18 10:30:00,-10.495941616666666,-104.56506625,-90.94296,-80.4470210298177
2024-10-18 11:00:00,-25.08213813333333,-110.80587658333332,-104.744156,-79.66201775045573
2024-10-18 11:30:00,-41.596762250000005,-117.9619929,-116.59964,-75.00287764257811
2024-10-18 12:00:00,-44.574277216666665,-124.71507105,-124.43387,-79.85959119153645
2024-10-18 12:30:00,-52.00547993333333,-111.02374461666666,-125.81176,-73.80628001539714
2024-10-18 13:00:00,-46.89358786666667,-107.42161995,-123.14665,-76.25306435501301
2024-10-18 13:30:00,-36.391548416666666,-115.91936791666669,-118.72719,-82.3356396936849
2024-10-18 14:00:00,-38.77057056666667,-114.045036,-109.15178,-70.38120860813802
2024-10-18 14:30:00,-35.2945561,-81.55716843333333,-96.29273,-60.99817613876953
2024-10-18 15:00:00,-33.18476225,-63.2177428,-78.96259,-45.77783082861328
2024-10-18 15:30:00,-21.974354466666668,-40.64299938333333,-60.25847,-38.28411416126302
2024-10-18 16:00:00,-22.598415016666667,-29.995042833333333,-41.695496,-19.097080588802083
2024-10-18 16:30:00,-17.225622816666668,-14.306840116666663,-25.562744,-8.337121323958332
2024-10-18 17:00:00,-13.66287485,-6.314641016666666,-13.331634,0.3312412821899411
2024-10-18 17:30:00,-0.6951167166666669,1.0913383166666666,-0.5000755,0.19504119758173644
2024-10-18 18:00:00,9.15452885,-0.1809854666666667,7.8320475,-1.3224813875366213
2024-10-18 18:30:00,11.911151616666666,3.5406087166666667,12.414887,0.503735811617025
2024-10-18 19:00:00,12.36188465,4.07733995,14.959931,2.598046723596191
2024-10-18 19:30:00,18.0794734,6.3104215,16.189438,-1.8900355337890637
2024-10-18 20:00:00,19.80617275,9.66459765,15.052796,-4.753376386169435
2024-10-18 20:30:00,23.43586105,11.721206,15.022431,-8.413429676403808
2024-10-18 21:00:00,22.88462228333333,15.125361166666666,14.975373,-7.909249015205887
2024-10-18 21:30:00,19.332822166666663,16.907642283333335,15.221192,-4.1116298067423465
2024-10-18 22:00:00,20.77970108333333,18.893223733333333,15.398332,-5.38136944118245
2024-10-18 22:30:00,19.426510516666667,13.710261683333334,14.304688,-5.121822062992351
2024-10-18 23:00:00,20.178864416666663,18.4506783,16.134354,-4.04451077897135
2024-10-18 23:30:00,21.13389173333333,19.6240355,18.066376,-3.0675160009114535
2024-10-19 00:00:00,18.18438888333333,21.463012133333336,19.957504,1.7731153891276072
2024-10-19 00:30:00,18.611519333333334,20.452706166666665,20.628983,2.0174632106119788
2024-10-19 01:00:00,17.833671683333332,21.171165616666663,20.444595,2.6109236535807305
2024-10-19 01:30:00,18.112878766666668,22.46956158333333,19.941345,1.8284664481770818
2024-10-19 02:00:00,17.494845166666668,21.26504663333333,19.981705,2.4868595452473947
2024-10-19 02:30:00,21.400793216666667,22.26375775,20.10028,-1.300512454947917
2024-10-19 03:00:00,21.87481891666667,21.531920666666668,19.006485,-2.8683339313151066
2024-10-19 03:30:00,20.99768945,23.259958616666665,19.264542,-1.7331478240234368
2024-10-19 04:00:00,16.666228383333333,23.515860033333336,18.820984,2.1547555033854167
2024-10-19 04:30:00,15.55797165,24.6082778,18.219345,2.661373442773437
2024-10-19 05:00:00,17.466174300000002,20.332104,16.789917,-0.6762573078125023
2024-10-19 05:30:00,12.3337433,20.028093366666667,16.31137,3.977627549609375
2024-10-19 06:00:00,11.73158505,18.406099316666666,15.615968,3.884382700549317
2024-10-19 06:30:00,12.50162055,16.978635633333333,12.404267,-0.09735323890380876
2024-10-19 07:00:00,8.99635505,18.613070366666665,6.659318,-2.337037079724121
2024-10-19 07:30:00,1.9935654833333332,18.919087183333332,-0.8400261,-2.833591563941701
2024-10-19 08:00:00,-5.483843316666667,19.34831266666667,-10.063003,-4.579159269698079
2024-10-19 08:30:00,-22.874984933333334,13.53198385,-22.127975,0.7470094694661462
2024-10-19 09:00:00,-42.257110583333336,8.843567816666667,-34.028748,8.228363024739586
2024-10-19 09:30:00,-71.31895391666667,-4.786266583333333,-46.69055,24.628402158854172
2024-10-19 10:00:00,-88.46643843333334,-11.402872266666668,-61.114487,27.3519517389974
2024-10-19 10:30:00,-90.26433388333334,-10.495941616666666,-73.89421,16.37012306790365
2024-10-19 11:00:00,-101.75927558333332,-25.08213813333333,-84.96681,16.792463449544258
2024-10-19 11:30:00,-131.124379,-41.596762250000005,-94.82836,36.296017488769536
2024-10-19 12:00:00,-137.12965886666666,-44.574277216666665,-101.00833,36.121327567838534
2024-10-19 12:30:00,-150.86922228333333,-52.00547993333333,-102.25905,48.61017382141927
2024-10-19 13:00:00,-156.0589555,-46.89358786666667,-98.18193,57.87702495800781
2024-10-19 13:30:00,-145.77308268333334,-36.391548416666666,-92.6567,53.116382549056
2024-10-19 14:00:00,-126.35751241666668,-38.77057056666667,-83.21199,43.14552206022137
2024-10-19 14:30:00,-123.3298706,-35.2945561,-71.99408,51.33579101015626
2024-10-19 15:00:00,-97.33897213333334,-33.18476225,-56.858597,40.48037533157553
2024-10-19 15:30:00,-85.24998673333333,-21.974354466666668,-41.654953,43.59503373040364
2024-10-19 16:00:00,-67.5845311,-22.598415016666667,-27.036041,40.54848984023438
2024-10-19 16:30:00,-51.99070961666666,-17.225622816666668,-14.750854,37.23985607815348
2024-10-19 17:00:00,-26.462945016666666,-13.66287485,-5.0134115,21.449533494755045
2024-10-19 17:30:00,-11.09703055,-0.6951167166666669,2.1449897,13.242020278927612
2024-10-19 18:00:00,-4.388166666666667,9.15452885,7.8502054,12.23837208811442
2024-10-19 18:30:00,1.1527105333333336,11.911151616666666,12.484315,11.331604385184733
2024-10-19 19:00:00,6.7092293666666665,12.36188465,13.881791,7.172561748140462
2024-10-19 19:30:00,10.1805632,18.0794734,14.108338,3.9277751560180665
2024-10-19 20:00:00,9.83756285,19.80617275,15.895799,6.0582358331665045
2024-10-19 20:30:00,8.707475183333335,23.43586105,15.799806,7.092330457840982
2024-10-19 21:00:00,14.259178816666669,22.88462228333333,16.46051,2.201331437239581
2024-10-19 21:30:00,13.4860511,19.332822166666663,17.545471,4.059420091406251
2024-10-19 22:00:00,13.782840983333331,20.77970108333333,19.162506,5.379665120182294
2024-10-19 22:30:00,13.379891,19.426510516666667,18.443008,5.063117422851562
2024-10-19 23:00:00,14.886271116666668,20.178864416666663,18.60675,3.720479371614582
2024-10-19 23:30:00,16.669524883333334,21.13389173333333,18.647873,1.978348041471353
2024-10-20 00:00:00,17.173412166666665,18.18438888333333,19.617569,2.4441568030598972
2024-10-20 00:30:00,17.599844366666666,18.611519333333334,21.181335,3.581491082552084
2024-10-20 01:00:00,18.204536216666668,17.833671683333332,21.76384,3.5593035050130197
2024-10-20 01:30:00,21.261437766666667,18.112878766666668,21.444351,0.18291342962239554
2024-10-20 02:00:00,21.0725266,17.494845166666668,21.494812,0.4222854117187502
2024-10-20 02:30:00,20.85370668333333,21.400793216666667,21.758514,0.9048077209635466
2024-10-20 03:00:00,20.67906395,21.87481891666667,21.866425,1.1873606105468753
2024-10-20 03:30:00,22.49049678333333,20.99768945,20.545258,-1.945239214973956
2024-10-20 04:00:00,28.424225566666667,16.666228383333333,19.67186,-8.75236582545573
2024-10-20 04:30:00,30.852051666666664,15.55797165,18.78894,-12.063111236979164
2024-10-20 05:00:00,25.05962236666667,17.466174300000002,17.523788,-7.535833914518232
2024-10-20 05:30:00,19.784142766666665,12.3337433,17.329056,-2.455086980533853
2024-10-20 06:00:00,15.514180433333337,11.73158505,17.068085,1.5539042834635381
2024-10-20 06:30:00,7.426831633333333,12.50162055,14.963334,7.536502450223796
2024-10-20 07:00:00,2.792882233333333,8.99635505,11.147798,8.354915351200358
2024-10-20 07:30:00,-9.12334455,1.9935654833333332,4.1046762,13.228020796643067
2024-10-20 08:00:00,-24.002528916666662,-5.483843316666667,-4.7059927,19.29653621799723
2024-10-20 08:30:00,-51.40856283333333,-22.874984933333334,-16.086548,35.32201498177083
2024-10-20 09:00:00,-72.66195233333333,-42.257110583333336,-29.990448,42.67150433528646
2024-10-20 09:30:00,-96.90660825,-71.31895391666667,-44.059433,52.84717526660157
2024-10-20 10:00:00,-106.79607006666669,-88.46643843333334,-58.891235,47.90483471510419
2024-10-20 10:30:00,-114.03423293333331,-90.26433388333334,-73.381546,40.6526869128255
2024-10-20 11:00:00,-139.09722101666668,-101.75927558333332,-84.42174,54.67548334576824
2024-10-20 11:30:00,-170.31322111666665,-131.124379,-96.63612,73.67709745944009
2024-10-20 12:00:00,-176.68283658333334,-137.12965886666666,-106.05889,70.62394528694662
2024-10-20 12:30:00,-176.94824655000002,-150.86922228333333,-112.8934,64.05484445039065
2024-10-20 13:00:00,-175.4615201,-156.0589555,-114.34013,61.121386433007814
2024-10-20 13:30:00,-161.15872998333333,-145.77308268333334,-110.22922,50.929512454036455
2024-10-20 14:00:00,-152.31554623333332,-126.35751241666668,-101.23148,51.084062773860666
2024-10-20 14:30:00,-139.26740605,-123.3298706,-91.047966,48.21944004658204
2024-10-20 15:00:00,-115.26486175,-97.33897213333334,-78.085175,37.17968718945312
2024-10-20 15:30:00,-93.11038386666668,-85.24998673333333,-62.225937,30.884446977018243
2024-10-20 16:00:00,-65.7708728,-67.5845311,-47.375793,18.395079342968756
2024-10-20 16:30:00,-46.95443889999999,-51.99070961666666,-33.250336,13.704103206640617
2024-10-20 17:00:00,-23.921207866666663,-26.462945016666666,-20.808212,3.1129955863932253
2024-10-20 17:30:00,-8.429330633333334,-11.09703055,-11.647094,-3.217763139554849
2024-10-20 18:00:00,0.3941010999999998,-4.388166666666667,-2.2864678,-2.6805688906036376
2024-10-20 18:30:00,3.028905483333333,1.1527105333333336,4.44188,1.412974742801921
2024-10-20 19:00:00,5.662355516666668,6.7092293666666665,9.312776,3.650420095210773
2024-10-20 19:30:00,8.792049533333333,10.1805632,12.759995,3.9679459271769204
2024-10-20 20:00:00,8.8246701,9.83756285,14.76056,5.935889935705566
2024-10-20 20:30:00,9.1153439,8.707475183333335,13.925004,4.80966010543213
2024-10-20 21:00:00,8.494606766666665,14.259178816666669,12.97133,4.4767229223592135
2024-10-20 21:30:00,8.416607633333333,13.4860511,13.025971,4.609363779325358
2024-10-20 22:00:00,8.41825835,13.782840983333331,14.308473,5.890214283361816
2024-10-20 22:30:00,10.098030583333331,13.379891,16.248566,6.1505350904947935
2024-10-20 23:00:00,13.091885566666669,14.886271116666668,17.481934,4.390048027083331
2024-10-20 23:30:00,14.092003466666668,16.669524883333334,16.880463,2.788459179817707
2024-10-21 00:00:00,13.687350533333335,17.173412166666665,16.500122,2.812771536979165
2024-10-21 00:30:00,15.0421627,17.599844366666666,16.690826,1.6486637160156246
2024-10-21 01:00:00,16.752373933333335,18.204536216666668,15.729768,-1.0226061339558932
2024-10-21 01:30:00,16.849411083333333,21.261437766666667,16.143356,-0.7060547600911455
2024-10-21 02:00:00,17.881203316666667,21.0725266,17.656647,-0.2245565881510423
2024-10-21 02:30:00,19.26506563333333,20.85370668333333,17.586136,-1.6789297690755163
2024-10-21 03:00:00,22.82369388333333,20.67906395,19.389236,-3.434457433138018
2024-10-21 03:30:00,20.148070633333333,22.49049678333333,18.57135,-1.576720535677083
2024-10-21 04:00:00,24.9071127,28.424225566666667,19.227798,-5.6793142380859365
2024-10-21 04:30:00,29.11372985,30.852051666666664,19.152725,-9.961004630273436
2024-10-21 05:00:00,21.291774033333333,25.05962236666667,18.148544,-3.1432297218098952
2024-10-21 05:30:00,20.04929845,19.784142766666665,19.385468,-0.6638309207031234
2024-10-21 06:00:00,19.22793765,15.514180433333337,18.743866,-0.4840716832031262
2024-10-21 06:30:00,12.461766250000002,7.426831633333333,14.598863,2.137096398010252
2024-10-21 07:00:00,6.193165566666667,2.792882233333333,10.2474985,4.0543329456013995
2024-10-21 07:30:00,-5.010626183333334,-9.12334455,1.0355386,6.046164737524923
2024-10-21 08:00:00,-21.72265493333333,-24.002528916666662,-9.73091,11.991744632124835
2024-10-21 08:30:00,-42.9658107,-51.40856283333333,-22.4189,20.546911163867186
2024-10-21 09:00:00,-65.91238778333333,-72.66195233333333,-37.525284,28.387103969856767
2024-10-21 09:30:00,-84.50835905000001,-96.90660825,-54.154114,30.35424528046876
2024-10-21 10:00:00,-92.86214836666666,-106.79607006666669,-70.2113,22.65084465572916
2024-10-21 10:30:00,-107.3815372,-114.03423293333331,-85.61581,21.765730620410153
2024-10-21 11:00:00,-127.11653883333334,-139.09722101666668,-98.78915,28.327392409993493
2024-10-21 11:30:00,-147.05559261666664,-170.31322111666665,-111.319534,35.73605831490883
2024-10-21 12:00:00,-152.90483091666667,-176.68283658333334,-120.68123,32.223602278971356
2024-10-21 12:30:00,-158.16763896666666,-176.94824655000002,-125.347534,32.82010478697916
2024-10-21 13:00:00,-166.44142895000002,-175.4615201,-125.3499,41.09152965800783
2024-10-21 13:30:00,-181.5059243,-161.15872998333333,-120.29628,61.20964439277344
2024-10-21 14:00:00,-164.61346385,-152.31554623333332,-114.996216,49.61724802968749
2024-10-21 14:30:00,-146.21286218333333,-139.26740605,-102.32695,43.88591211009114
2024-10-21 15:00:00,-126.87744495,-115.26486175,-87.92205,38.95539447392578
2024-10-21 15:30:00,-95.16676326666668,-93.11038386666668,-71.17836,23.988403281315115
2024-10-21 16:00:00,-72.30000826666667,-65.7708728,-51.745255,20.554753750065103
2024-10-21 16:30:00,-45.86455051666667,-46.95443889999999,-35.318512,10.546038553776043
2024-10-21 17:00:00,-25.73187031666667,-23.921207866666663,-22.263657,3.468213700455731
2024-10-21 17:30:00,-12.3344995,-8.429330633333334,-9.272796,3.061703822814941
2024-10-21 18:00:00,0.3622173000000002,0.3941010999999998,0.83261186,0.4703945588447569
2024-10-21 18:30:00,1.2823978500000004,3.028905483333333,6.4501657,5.167767898596191
2024-10-21 19:00:00,7.1072537166666665,5.662355516666668,11.262895,4.155640913765462
2024-10-21 19:30:00,6.5180249,8.792049533333333,13.834565,7.316540262658691
2024-10-21 20:00:00,11.674024483333334,8.8246701,13.303239,1.6292143853800454
2024-10-21 20:30:00,14.308309533333334,9.1153439,12.409104,-1.8992051861043304
2024-10-21 21:00:00,10.657277833333334,8.494606766666665,11.834336,1.1770584474894203
2024-10-21 21:30:00,9.791479416666666,8.416607633333333,11.642625,1.8511454383748376
2024-10-21 22:00:00,10.13814495,8.41825835,12.008088,1.8699431618774423
2024-10-21 22:30:00,11.596961066666664,10.098030583333331,14.189607,2.592645599898278
2024-10-21 23:00:00,14.4475006,13.091885566666669,15.738053,1.2905527218383792
2024-10-21 23:30:00,17.7606918,14.092003466666668,15.379975,-2.3807164810913086
2024-10-22 00:00:00,18.226543966666664,13.687350533333335,14.703996,-3.5225482620157855
2024-10-22 00:30:00,17.692367683333334,15.0421627,15.796128,-1.89623941032308
2024-10-22 01:00:00,17.414666633333336,16.752373933333335,16.630234,-0.7844328686848989
2024-10-22 01:30:00,18.13367013333333,16.849411083333333,16.688187,-1.4454834878255163
2024-10-22 02:00:00,19.831205516666667,17.881203316666667,17.727997,-2.1032086904947924
2024-10-22 02:30:00,21.356462316666665,19.26506563333333,19.720642,-1.635820226822915
2024-10-22 03:00:00,20.5516695,22.82369388333333,19.794174,-0.7574953056640616
2024-10-22 03:30:00,23.1809578,20.148070633333333,18.977615,-4.203342443554689
2024-10-22 04:00:00,22.014647116666666,24.9071127,19.172516,-2.8421312475260407
2024-10-22 04:30:00,22.21006823333333,29.11372985,18.51738,-3.6926884725911435
2024-10-22 05:00:00,21.601319466666663,21.291774033333333,16.718887,-4.8824321375651
2024-10-22 05:30:00,19.21735778333333,20.04929845,15.369752,-3.847605853096514
2024-10-22 06:00:00,17.019468916666668,19.22793765,12.467851,-4.551618231547039
2024-10-22 06:30:00,13.734235616666666,12.461766250000002,9.097093,-4.637142988187662
2024-10-22 07:00:00,12.9628416,6.193165566666667,1.6621255,-11.300716131745911
2024-10-22 07:30:00,-1.9377865833333336,-5.010626183333334,-8.87654,-6.9387536006876624
2024-10-22 08:00:00,-12.450946800000002,-21.72265493333333,-20.94049,-8.489543922656248
2024-10-22 08:30:00,-33.58325096666667,-42.9658107,-36.05391,-2.4706583350911444
2024-10-22 09:00:00,-54.981921633333336,-65.91238778333333,-53.42694,1.5549807153645858
2024-10-22 09:30:00,-77.71865716666666,-84.50835905000001,-68.2043,9.514357239908847
2024-10-22 10:00:00,-94.7719174,-92.86214836666666,-85.117584,9.654333171484382
2024-10-22 10:30:00,-112.73728651666666,-107.3815372,-101.62988,11.107403704166657
2024-10-22 11:00:00,-116.25852503333331,-127.11653883333334,-114.667564,1.5909606412434698
2024-10-22 11:30:00,-132.41045886666666,-147.05559261666664,-126.282684,6.127774540494784
2024-10-22 12:00:00,-139.17115775,-152.90483091666667,-134.59508,4.576080235351554
2024-10-22 12:30:00,-152.16277658333334,-158.16763896666666,-136.94691,15.215861910481777
2024-10-22 13:00:00,-153.36172121666667,-166.44142895000002,-136.11116,17.250560938346354
2024-10-22 13:30:00,-140.87895228333335,-181.5059243,-133.21939,7.659561414192723
2024-10-22 14:00:00,-133.14928548333333,-164.61346385,-124.72767,8.421616721126298
2024-10-22 14:30:00,-124.87917236666668,-146.21286218333333,-112.65333,12.225844424772148
2024-10-22 15:00:00,-107.90629443333334,-126.87744495,-98.16639,9.739904968001312
2024-10-22 15:30:00,-77.29367168333333,-95.16676326666668,-80.739044,-3.4453725061197957
2024-10-22 16:00:00,-61.44324873333333,-72.30000826666667,-61.405563,0.03768537884113954
2024-10-22 16:30:00,-39.06262118333333,-45.86455051666667,-45.148727,-6.08610623365886
2024-10-22 17:00:00,-25.877414400000003,-25.73187031666667,-31.94806,-6.070644682031247
2024-10-22 17:30:00,-6.389516,-12.3344995,-19.472916,-13.083399649414062
2024-10-22 18:00:00,3.9566761,0.3622173000000002,-9.048186,-13.004862402185058
2024-10-22 18:30:00,3.114171766666667,1.2823978500000004,-0.019805107,-3.1339768739323777
2024-10-22 19:00:00,6.299507616666666,7.1072537166666665,5.3364267,-0.96308088174235
2024-10-22 19:30:00,9.116069566666669,6.5180249,8.464387,-0.6516826266642273
2024-10-22 20:00:00,8.426839316666667,11.674024483333334,9.587983,1.161143814742024
2024-10-22 20:30:00,10.873742733333332,14.308309533333334,10.898789,0.02504667248942205
2024-10-22 21:00:00,12.201857283333332,10.657277833333334,10.310731,-1.891126349190266
2024-10-22 21:30:00,9.31023775,9.791479416666666,11.870698,2.5604602251586908
2024-10-22 22:00:00,10.19792,10.13814495,11.899461,1.701540792541504
2024-10-22 22:30:00,11.697633533333333,11.596961066666664,11.978333,0.28069993987223363
2024-10-22 23:00:00,15.60950175,14.4475006,13.453568,-2.155933291442871
2024-10-22 23:30:00,19.7263368,17.7606918,14.957307,-4.769029938122557
2024-10-23 00:00:00,19.687766116666666,18.226543966666664,17.256134,-2.4316320834635405
2024-10-23 00:30:00,18.66081498333333,17.692367683333334,19.167145,0.5063297920572936
2024-10-23 01:00:00,20.064024516666667,17.414666633333336,20.333176,0.26915114251302086
2024-10-23 01:30:00,18.710292133333333,18.13367013333333,20.697144,1.9868514213541673
2024-10-23 02:00:00,18.643659016666664,19.831205516666667,20.76793,2.1242700604817735
2024-10-23 02:30:00,17.586729950000002,21.356462316666665,21.472977,3.8862467345703102
2024-10-23 03:00:00,18.132612766666668,20.5516695,21.990738,3.8581251483723946
2024-10-23 03:30:00,18.51888828333333,23.1809578,21.926086,3.407198142447921
2024-10-23 04:00:00,17.378299816666665,22.014647116666666,21.51654,4.138240710677085
2024-10-23 04:30:00,19.29112728333333,22.21006823333333,19.016174,-0.2749529669270814
2024-10-23 05:00:00,17.147736033333334,21.601319466666663,16.618454,-0.5292820538411469
2024-10-23 05:30:00,12.896197383333332,19.21735778333333,15.749452,2.8532542539347343
2024-10-23 06:00:00,9.479753866666668,17.019468916666668,12.754975,3.2752214522420235
2024-10-23 06:30:00,4.0345607,13.734235616666666,8.259614,4.225053290783691
2024-10-23 07:00:00,3.4222778333333337,12.9628416,1.0535134,-2.3687644256261193
2024-10-23 07:30:00,3.73183785,-1.9377865833333336,-9.372466,-13.104303937341308
2024-10-23 08:00:00,-3.839973483333333,-12.450946800000002,-20.974472,-17.134498562565106
2024-10-23 08:30:00,-21.32647718333333,-33.58325096666667,-35.94365,-14.617172108658856
2024-10-23 09:00:00,-49.07200065,-54.981921633333336,-52.38887,-3.316869589257813
2024-10-23 09:30:00,-63.09679501666667,-77.71865716666666,-68.705826,-5.609030788997394
2024-10-23 10:00:00,-85.46448273333333,-94.7719174,-87.1812,-1.7167153867838607
2024-10-23 10:30:00,-111.93461493333332,-112.73728651666666,-106.03058,5.904036320052072
2024-10-23 11:00:00,-131.59721398333332,-116.25852503333331,-120.857086,10.740127801692694
2024-10-23 11:30:00,-147.46019561666665,-132.41045886666666,-131.94313,15.51706512350259
2024-10-23 12:00:00,-149.21577833333333,-139.17115775,-139.74155,9.474231702473958
2024-10-23 12:30:00,-146.51147498333333,-152.16277658333334,-144.02483,2.4866489335286417
2024-10-23 13:00:00,-144.36133551666666,-153.36172121666667,-142.41238,1.9489514834635315
2024-10-23 13:30:00,-138.27565723333333,-140.87895228333335,-136.7794,1.4962535468098963
2024-10-23 14:00:00,-137.37927545,-133.14928548333333,-124.80023,12.579043516406244
2024-10-23 14:30:00,-116.19434613333333,-124.87917236666668,-111.86879,4.325556460481764
2024-10-23 15:00:00,-96.89682728333332,-107.90629443333334,-97.85038,-0.9535526605143332
2024-10-23 15:30:00,-85.94951729999998,-77.29367168333333,-80.5912,5.35831551777342
2024-10-23 16:00:00,-72.41525281666667,-61.44324873333333,-62.753586,9.661667001236978
2024-10-23 16:30:00,-44.91755995,-39.06262118333333,-45.107468,-0.18990770136718993
2024-10-23 17:00:00,-24.2486155,-25.877414400000003,-29.90004,-5.651424172851563
2024-10-23 17:30:00,-7.832282933333334,-6.389516,-15.551238,-7.718955126664224
2024-10-23 18:00:00,-2.632149983333333,3.9566761,-4.7022543,-2.070104312015788
2024-10-23 18:30:00,5.800191633333334,3.114171766666667,3.6950538,-2.1051378174916593
2024-10-23 19:00:00,14.119559366666666,6.299507616666666,8.126679,-5.992879946195474
2024-10-23 19:30:00,15.1697878,9.116069566666669,10.793199,-4.376589214489746
2024-10-23 20:00:00,14.709159466666668,8.426839316666667,12.066621,-2.642538639945476
2024-10-23 20:30:00,13.198472133333333,10.873742733333332,11.559709,-1.6387635380574537
2024-10-23 21:00:00,13.248438333333333,12.201857283333332,10.94658,-2.3018584001668287
2024-10-23 21:30:00,14.761090349999998,9.31023775,11.571992,-3.1890984295288067
2024-10-23 22:00:00,15.13639335,10.19792,11.377809,-3.758584779138184
2024-10-23 22:30:00,13.3701362,11.697633533333333,11.49434,-1.8757962570678703
2024-10-23 23:00:00,16.79864111666667,15.60950175,10.874803,-5.923838527250165
2024-10-23 23:30:00,18.9471112,19.7263368,12.699891,-6.247220109606932
2024-10-24 00:00:00,18.24022885,19.687766116666666,16.101913,-2.1383153978515637
2024-10-24 00:30:00,17.774214349999998,18.66081498333333,16.645386,-1.1288286078124976
2024-10-24 01:00:00,17.768227333333332,20.064024516666667,17.059525,-0.7087027972005195
2024-10-24 01:30:00,19.128454416666667,18.710292133333333,19.400665,0.272210866536458
2024-10-24 02:00:00,15.51052605,18.643659016666664,21.204987,5.694460522265626
2024-10-24 02:30:00,15.73921105,17.586729950000002,22.370193,6.630982431445313
2024-10-24 03:00:00,15.1643699,18.132612766666668,23.250671,8.08630148671875
2024-10-24 03:30:00,15.820197933333333,18.51888828333333,21.513077,5.69287884889323
2024-10-24 04:00:00,17.47089,17.378299816666665,18.739487,1.2685966943359368
2024-10-24 04:30:00,19.240327766666667,19.29112728333333,18.585617,-0.6547107012369793
2024-10-24 05:00:00,20.03409878333333,17.147736033333334,15.644456,-4.389642873604327
2024-10-24 05:30:00,18.311715366666665,12.896197383333332,15.2808695,-3.0308458827189106
2024-10-24 06:00:00,14.634842283333334,9.479753866666668,12.617433,-2.017409689034018
2024-10-24 06:30:00,7.995267166666667,4.0345607,7.3670816,-0.6281855245157884
2024-10-24 07:00:00,6.043537233333335,3.4222778333333337,0.5804146,-5.4631226401135775
2024-10-24 07:30:00,0.6233995333333331,3.73183785,-5.975478,-6.598877705635579
2024-10-24 08:00:00,-19.428463933333333,-3.839973483333333,-18.061813,1.3666505788411456
2024-10-24 08:30:00,-38.810149333333335,-21.32647718333333,-31.270905,7.53924479231771
2024-10-24 09:00:00,-72.89157386666666,-49.07200065,-46.244873,26.64670081979166
2024-10-24 09:30:00,-89.15338071666667,-63.09679501666667,-63.510147,25.643233621940112
2024-10-24 10:00:00,-107.8465316,-85.46448273333333,-80.84799,26.99853965664063
2024-10-24 10:30:00,-136.7816851,-111.93461493333332,-98.17134,38.61034415761719
2024-10-24 11:00:00,-140.94201325,-131.59721398333332,-115.39767,25.54434631884766
2024-10-24 11:30:00,-160.30008666666666,-147.46019561666665,-127.37698,32.92310302408853
2024-10-24 12:00:00,-167.27370506666668,-149.21577833333333,-135.26082,32.012886585221366
2024-10-24 12:30:00,-176.12915613333334,-146.51147498333333,-140.54628,35.58287622610678
2024-10-24 13:00:00,-172.48074596666666,-144.36133551666666,-138.81395,33.66679638170572
2024-10-24 13:30:00,-164.50533835,-138.27565723333333,-133.24551,31.259824433984363
2024-10-24 14:00:00,-146.6334939,-137.37927545,-122.70447,23.92902612656249
2024-10-24 14:30:00,-116.94952176666668,-116.19434613333333,-108.72616,8.223363624576834
2024-10-24 15:00:00,-110.05827713333332,-96.89682728333332,-92.791595,17.266681674348945
2024-10-24 15:30:00,-92.9752963,-85.94951729999998,-74.83778,18.137512486523434
2024-10-24 16:00:00,-75.50029554999999,-72.41525281666667,-57.335876,18.16441908515624
2024-10-24 16:30:00,-49.87790161666667,-44.91755995,-42.24814,7.629763188932294
2024-10-24 17:00:00,-28.1123794,-24.2486155,-26.916199,1.1961806695312482
2024-10-24 17:30:00,-9.8252806,-7.832282933333334,-14.550399,-4.725118226599122
2024-10-24 18:00:00,-1.04674885,-2.632149983333333,-5.638503,-4.591754224645996
2024-10-24 18:30:00,8.041339883333334,5.800191633333334,1.530198,-6.51114190531362
2024-10-24 19:00:00,11.6063367,14.119559366666666,6.4629984,-5.143338309802246
2024-10-24 19:30:00,13.4524617,15.1697878,9.631852,-3.8206095500366217
2024-10-24 20:00:00,12.802198916666669,14.709159466666668,12.025727,-0.7764716446329771
2024-10-24 20:30:00,17.272046583333335,13.198472133333333,13.1905985,-4.081448095479331
2024-10-24 21:00:00,18.82116955,13.248438333333333,12.900498,-5.920671159802247
2024-10-24 21:30:00,12.677127216666667,14.761090349999998,13.138597,0.4614693180623366
2024-10-24 22:00:00,9.573094933333334,15.13639335,13.877198,4.304103285965983
2024-10-24 22:30:00,10.591152216666666,13.3701362,13.578691,2.987538312202963
2024-10-24 23:00:00,15.110327266666667,16.79864111666667,14.005433,-1.1048941840861009
2024-10-24 23:30:00,16.34900131666667,18.9471112,15.134019,-1.2149824186564153
2024-10-25 00:00:00,16.98111325,18.24022885,16.707489,-0.27362423632812494
2024-10-25 00:30:00,16.590799983333334,17.774214349999998,19.269928,2.6791279951822915
2024-10-25 01:00:00,16.22811546666667,17.768227333333332,21.39058,5.162463756966144
2024-10-25 01:30:00,17.395144900000002,19.128454416666667,22.251892,4.856747189843748
2024-10-25 02:00:00,18.00648775,15.51052605,22.1389,4.132413006835936
2024-10-25 02:30:00,17.748057833333334,15.73921105,21.642227,3.8941693395182284
2024-10-25 03:00:00,19.800605,15.1643699,20.79657,0.9959648242187491
2024-10-25 03:30:00,20.70543398333333,15.820197933333333,20.83908,0.13364682721354626
2024-10-25 04:00:00,26.491384333333333,17.47089,18.963303,-7.528081721028645
2024-10-25 04:30:00,30.507286,19.240327766666667,18.096237,-12.411048817382813
2024-10-25 05:00:00,25.9425887,20.03409878333333,16.485367,-9.45722187871094
2024-10-25 05:30:00,20.97749925,18.311715366666665,16.918716,-4.0587828193359385
2024-10-25 06:00:00,17.001213933333332,14.634842283333334,14.3238535,-2.677360440596516
2024-10-25 06:30:00,19.02496495,7.995267166666667,9.246995,-9.777969977770997
2024-10-25 07:00:00,7.982588866666667,6.043537233333335,1.9913796,-5.991209248021953
2024-10-25 07:30:00,-0.8555851,0.6233995333333331,-6.4276876,-5.572102544958496
2024-10-25 08:00:00,-19.863129983333334,-19.428463933333333,-18.698486,1.1646436552083337
2024-10-25 08:30:00,-48.78749615,-38.810149333333335,-34.601288,14.186208308203128
2024-10-25 09:00:00,-75.39672355,-72.89157386666666,-52.45108,22.94564322773438
2024-10-25 09:30:00,-99.00978783333332,-89.15338071666667,-69.88289,29.126899039388007
2024-10-25 10:00:00,-128.56227698333333,-107.8465316,-88.3311,40.231176519466146
2024-10-25 10:30:00,-139.65267106666667,-136.7816851,-107.987305,31.66536637916667
2024-10-25 11:00:00,-150.03803776666666,-140.94201325,-122.66751,27.370526780338537
2024-10-25 11:30:00,-158.81974618333334,-160.30008666666666,-137.76015,21.059599088606774
2024-10-25 12:00:00,-174.30437561666668,-167.27370506666668,-148.31216,25.99221131002605
2024-10-25 12:30:00,-166.0266581666667,-176.12915613333334,-154.23753,11.789124597330755
2024-10-25 13:00:00,-168.09036943333334,-172.48074596666666,-153.39122,14.699149340559899
2024-10-25 13:30:00,-179.78613059999998,-164.50533835,-147.61873,32.167401962304666
2024-10-25 14:00:00,-162.21067453333333,-146.6334939,-134.80956,27.401119479622395
2024-10-25 14:30:00,-151.34452573333334,-116.94952176666668,-120.1801,31.164426246028654
2024-10-25 15:00:00,-130.71548948333333,-110.05827713333332,-102.45122,28.26427183196614
2024-10-25 15:30:00,-118.0195093,-92.9752963,-83.34557,34.67393587470703
2024-10-25 16:00:00,-86.68950626666667,-75.50029554999999,-63.069427,23.620078776432294
2024-10-25 16:30:00,-54.56207386666667,-49.87790161666667,-45.01413,9.547944227994797
2024-10-25 17:00:00,-35.59074378333333,-28.1123794,-28.6391,6.95164466223958
2024-10-25 17:30:00,-13.99569775,-9.8252806,-14.750655,-0.7549574242553714
2024-10-25 18:00:00,-1.6607989666666667,-1.04674885,-4.6548147,-2.994015753487142
2024-10-25 18:30:00,2.245204433333333,8.041339883333334,3.2205055,0.9753010426645918
2024-10-25 19:00:00,7.239347866666667,11.6063367,8.488069,1.2487207139607746
2024-10-25 19:30:00,8.939555566666668,13.4524617,11.714173,2.7746177502888987
2024-10-25 20:00:00,13.12385095,12.802198916666669,13.526277,0.40242563843994184
2024-10-25 20:30:00,15.634728916666669,17.272046583333335,13.53296,-2.1017689786173523
2024-10-25 21:00:00,13.2972895,18.82116955,13.612229,0.31493984722900414
2024-10-25 21:30:00,16.929728333333333,12.677127216666667,12.778214,-4.151513878682454
2024-10-25 22:00:00,14.10436285,9.573094933333334,14.410539,0.30617582340087957
2024-10-25 22:30:00,12.120816016666666,10.591152216666666,15.461808,3.340992187984213
2024-10-25 23:00:00,11.977309416666666,15.110327266666667,17.36229,5.384980012044272
2024-10-25 23:30:00,14.2829634,16.34900131666667,17.764908,3.4819444369140626
2024-10-26 00:00:00,18.8456111,16.98111325,17.657227,-1.1883845374999993
2024-10-26 00:30:00,16.435571683333333,16.590799983333334,19.196304,2.76073263795573
2024-10-26 01:00:00,18.800562816666663,16.22811546666667,20.13881,1.3382463874349
2024-10-26 01:30:00,19.05791445,17.395144900000002,19.722275,0.6643603302734391
2024-10-26 02:00:00,20.02522738333333,18.00648775,20.834427,0.809199496549482
2024-10-26 02:30:00,21.85530045,17.748057833333334,22.595184,0.7398838761718736
2024-10-26 03:00:00,20.7781422,19.800605,23.093231,2.3150890011718737
2024-10-26 03:30:00,20.994298383333334,20.70543398333333,23.569336,2.5750375541666664
2024-10-26 04:00:00,27.567685,26.491384333333333,22.983017,-4.584668032226563
2024-10-26 04:30:00,25.517854933333336,30.507286,21.597076,-3.9207785173177108
2024-10-26 05:00:00,15.153033933333331,25.9425887,20.379028,5.225994386979169
2024-10-26 05:30:00,11.783726133333332,20.97749925,18.492752,6.709025941861981
2024-10-26 06:00:00,15.083469,17.001213933333332,17.680588,2.5971187685546884
2024-10-26 06:30:00,8.3112732,19.02496495,14.375596,6.064322846447753
2024-10-26 07:00:00,0.6993384999999998,7.982588866666667,8.02649,7.327151711486817
2024-10-26 07:30:00,-13.391756666666666,-0.8555851,-1.6383506,11.753406060702005
2024-10-26 08:00:00,-22.0384884,-19.863129983333334,-15.676116,6.36237241031494
2024-10-26 08:30:00,-55.826847166666674,-48.78749615,-33.2899,22.536945433268237
2024-10-26 09:00:00,-83.75214435,-75.39672355,-52.67064,31.081505311914057
2024-10-26 09:30:00,-103.20796783333331,-99.00978783333332,-72.96542,30.24254424934894
2024-10-26 10:00:00,-127.91905996666668,-128.56227698333333,-93.914345,34.004715179069024
2024-10-26 10:30:00,-143.39871381666669,-139.65267106666667,-113.735596,29.663118113541685
2024-10-26 11:00:00,-160.84308713333334,-150.03803776666666,-129.43027,31.412819799348966
2024-10-26 11:30:00,-180.31908051666667,-158.81974618333334,-145.06459,35.25449006256511
2024-10-26 12:00:00,-183.35088225,-174.30437561666668,-154.97427,28.376608568359387
2024-10-26 12:30:00,-188.21887198333332,-166.0266581666667,-157.31725,30.901626499934878
2024-10-26 13:00:00,-197.42260728333332,-168.09036943333334,-156.0891,41.33351121399738
2024-10-26 13:30:00,-193.12835831666663,-179.78613059999998,-151.91014,41.2182173254557
2024-10-26 14:00:00,-181.10903355,-162.21067453333333,-141.63423,39.47480198261718
2024-10-26 14:30:00,-171.2446239,-151.34452573333334,-127.079346,44.16527819687499
2024-10-26 15:00:00,-145.98447783333333,-130.71548948333333,-108.17805,37.80643065315755
2024-10-26 15:30:00,-109.21586335,-118.0195093,-89.383736,19.832127693261725
2024-10-26 16:00:00,-75.37140615,-86.68950626666667,-68.738266,6.633140158789061
2024-10-26 16:30:00,-43.723007216666666,-54.56207386666667,-48.83931,-5.116302475716147
2024-10-26 17:00:00,-20.694669933333333,-35.59074378333333,-30.566376,-9.871705799088542
2024-10-26 17:30:00,-9.699268233333331,-13.99569775,-15.39363,-5.694361794437665
2024-10-26 18:00:00,-2.0121622333333327,-1.6607989666666667,-3.3031151,-1.2909528961374925
2024-10-26 18:30:00,0.6873515833333331,2.245204433333333,3.5739906,2.8866390000864666
2024-10-26 19:00:00,3.678943383333333,7.239347866666667,9.149217,5.4702732685831705
2024-10-26 19:30:00,6.0027584166666665,8.939555566666668,13.168382,7.165623274312337
2024-10-26 20:00:00,9.529348833333334,13.12385095,14.02501,4.49566127561442
2024-10-26 20:30:00,9.0756312,15.634728916666669,13.41948,4.343849123791504
2024-10-26 21:00:00,10.0755589,13.2972895,12.306703,2.2311437138305656
2024-10-26 21:30:00,10.0755816,16.929728333333333,11.778123,1.7025413019165043
2024-10-26 22:00:00,9.528703316666666,14.10436285,12.910996,3.3822931204060875
2024-10-26 22:30:00,9.209186733333334,12.120816016666666,14.796571,5.587384044559732
2024-10-26 23:00:00,12.791098916666668,11.977309416666666,16.03392,3.2428213714192697
2024-10-26 23:30:00,11.866578333333337,14.2829634,16.664307,4.797728307291663
2024-10-27 00:00:00,14.195239983333332,18.8456111,17.689255,3.4940147774088555
2024-10-27 00:30:00,14.288547583333331,16.435571683333333,18.38594,4.097392968424481
2024-10-27 01:00:00,15.438649966666668,18.800562816666663,19.179337,3.740686581184894
2024-10-27 01:30:00,18.005884516666665,19.05791445,19.224854,1.218968998958335
2024-10-27 02:00:00,17.513881033333334,20.02522738333333,20.16011,2.6462294402994786
2024-10-27 02:30:00,18.622707816666665,21.85530045,21.091522,2.46881440013021
2024-10-27 03:00:00,15.821250066666666,20.7781422,21.079758,5.2585076237630215
2024-10-27 03:30:00,15.16571945,20.994298383333334,20.954803,5.789084016796876
2024-10-27 04:00:00,14.910517716666666,27.567685,22.081772,7.1712541339192715
2024-10-27 04:30:00,15.061909483333332,25.517854933333336,20.53334,5.47143097076823
2024-10-27 05:00:00,12.979283383333334,15.153033933333331,19.611801,6.632517764127604
2024-10-27 05:30:00,11.479901483333334,11.783726133333332,18.564148,7.084246465885416
2024-10-27 06:00:00,7.379010033333333,15.083469,17.398972,10.019961524283854
2024-10-27 06:30:00,6.589391766666666,8.3112732,12.621903,6.032511652827963
2024-10-27 07:00:00,-0.3170844500000001,0.6993384999999998,4.053437,4.370521682971192
2024-10-27 07:30:00,-4.251654433333333,-13.391756666666666,-8.565413,-4.313759041703288
2024-10-27 08:00:00,-15.29849825,-22.0384884,-24.652222,-9.3537234296875
2024-10-27 08:30:00,-49.36795345,-55.826847166666674,-41.44928,7.918673664843752
2024-10-27 09:00:00,-68.55005993333333,-83.75214435,-60.383026,8.167033810286455
2024-10-27 09:30:00,-108.1311083,-103.20796783333331,-82.59573,25.53537465742187
2024-10-27 10:00:00,-122.08049338333332,-127.91905996666668,-104.0621,18.018390111848944
2024-10-27 10:30:00,-139.06036828333333,-143.39871381666669,-125.27205,13.78831933313802
2024-10-27 11:00:00,-158.5466672,-160.84308713333334,-143.68806,14.85860262480469
2024-10-27 11:30:00,-176.98774939999998,-180.31908051666667,-157.46194,19.52580481992186
2024-10-27 12:00:00,-186.02025383333333,-183.35088225,-168.4622,17.55804985384114
2024-10-27 12:30:00,-184.64085275,-188.21887198333332,-171.98227,12.658583462890618
2024-10-27 13:00:00,-177.77085624999998,-197.42260728333332,-170.26671,7.5041478759765425
2024-10-27 13:30:00,-169.9577805333333,-193.12835831666663,-165.51318,4.444596939583306
2024-10-27 14:00:00,-155.63958611666666,-181.10903355,-154.98073,0.6588579672526009
2024-10-27 14:30:00,-146.27344785,-171.2446239,-138.48003,7.793421604882809
2024-10-27 15:00:00,-126.5394405,-145.98447783333333,-119.97988,6.559559213378904
2024-10-27 15:30:00,-114.69273066666666,-109.21586335,-99.34182,15.350910903483069
2024-10-27 16:00:00,-88.7568933,-75.37140615,-76.98402,11.77287688154297
2024-10-27 16:30:00,-65.27869338333333,-43.723007216666666,-54.627045,10.651648705598959
2024-10-27 17:00:00,-38.73141606666667,-20.694669933333333,-36.0289,2.702515920182293
2024-10-27 17:30:00,-16.701549966666665,-9.699268233333331,-19.522491,-2.82094148841146
2024-10-27 18:00:00,-5.055324383333333,-2.0121622333333327,-7.129775,-2.0744506639689133
2024-10-27 18:30:00,-1.6352772000000002,0.6873515833333331,3.1664588,4.80173604513855
2024-10-27 19:00:00,8.52032115,3.678943383333333,9.87111,1.3507888124633798
2024-10-27 19:30:00,8.46735835,6.0027584166666665,12.853364,4.386005640783692
2024-10-27 20:00:00,8.432077283333333,9.529348833333334,15.195405,6.763327723075358
2024-10-27 20:30:00,10.002861766666667,9.0756312,12.896607,2.893745632320149
2024-10-27 21:00:00,10.308538283333334,10.0755589,12.188249,1.8797103510050448
2024-10-27 21:30:00,10.007131883333336,10.0755816,12.231477,2.224344900419105
2024-10-27 22:00:00,12.891481716666666,9.528703316666666,13.370683,0.4792009997029627
2024-10-27 22:30:00,13.094884416666666,9.209186733333334,12.445344,-0.6495404454142246
2024-10-27 23:00:00,16.8122096,12.791098916666668,13.543992,-3.2682175574584953
2024-10-27 23:30:00,15.140602716666669,11.866578333333337,14.133927,-1.0066753713907897
2024-10-28 00:00:00,15.713098216666666,14.195239983333332,15.271272,-0.4418265110392241
2024-10-28 00:30:00,15.823984016666666,14.288547583333331,17.813568,1.9895840985677093
2024-10-28 01:00:00,15.593574866666666,15.438649966666668,18.750702,3.157127037630209
2024-10-28 01:30:00,15.799681,18.005884516666665,18.615479,2.8157975156250004
2024-10-28 02:00:00,16.72401616666667,17.513881033333334,18.492447,1.7684307327473938
2024-10-28 02:30:00,17.75486605,18.622707816666665,20.046112,2.2912460105468746
2024-10-28 03:00:00,17.647450000000003,15.821250066666666,21.034134,3.3866839111328098
2024-10-28 03:30:00,20.041099016666667,15.16571945,20.94748,0.9063802313802078
2024-10-28 04:00:00,25.7662078,14.910517716666666,19.78897,-5.977236852734375
2024-10-28 04:30:00,29.047739000000004,15.061909483333332,18.78453,-10.263208360351566
2024-10-28 05:00:00,21.73241443333333,12.979283383333334,15.717866,-6.014548489424637
2024-10-28 05:30:00,22.31187776666667,11.479901483333334,15.0681925,-7.24368528467204
2024-10-28 06:00:00,22.99483225,7.379010033333333,12.860978,-10.133854123474123
2024-10-28 06:30:00,17.6756571,6.589391766666666,7.3647013,-10.31095582894287
2024-10-28 07:00:00,8.830766583333334,-0.3170844500000001,-2.5158532,-11.346619749913534
2024-10-28 07:30:00,-0.038794983333333,-4.251654433333333,-12.715682,-12.676887046390789
2024-10-28 08:00:00,-13.1141283,-15.29849825,-25.401596,-12.287467769335937
2024-10-28 08:30:00,-35.4638423,-49.36795345,-43.091858,-7.628015610156247
2024-10-28 09:00:00,-61.08091096666666,-68.55005993333333,-64.24812,-3.1672122022786553
2024-10-28 09:30:00,-80.48077174999999,-108.1311083,-86.8112,-6.330431252929699
2024-10-28 10:00:00,-107.75044511666664,-122.08049338333332,-106.801956,0.9484889399088274
2024-10-28 10:30:00,-131.0405423,-139.06036828333333,-128.31587,2.724670107617186
2024-10-28 11:00:00,-134.04074011666663,-158.5466672,-148.34796,-14.307221309114624
2024-10-28 11:30:00,-151.1801161,-176.98774939999998,-163.4668,-12.286680775000008
2024-10-28 12:00:00,-166.94328606666667,-186.02025383333333,-173.54219,-6.59890448509114
2024-10-28 12:30:00,-167.7766162,-184.64085275,-178.29259,-10.515971080273431
2024-10-28 13:00:00,-157.56091946666666,-177.77085624999998,-174.98596,-17.42504244739584
2024-10-28 13:30:00,-160.2205656,-169.9577805333333,-168.13676,-7.916198926367201
2024-10-28 14:00:00,-151.93461994999998,-155.63958611666666,-155.95468,-4.020061446484391
2024-10-28 14:30:00,-139.52218495,-146.27344785,-140.0308,-0.5086225451171913
2024-10-28 15:00:00,-124.68112723333331,-126.5394405,-119.0964,5.58472983343097
2024-10-28 15:30:00,-105.5142273,-114.69273066666666,-97.021866,8.49236145527344
2024-10-28 16:00:00,-82.32236938333334,-88.7568933,-75.39308,6.929287718294276
2024-10-28 16:30:00,-62.41662276666667,-65.27869338333333,-53.25757,9.15905440729167
2024-10-28 17:00:00,-38.254472766666666,-38.73141606666667,-36.572357,1.682115588932291
2024-10-28 17:30:00,-16.67087435,-16.701549966666665,-20.829391,-4.158517129492189
2024-10-28 18:00:00,-3.712082816666667,-5.055324383333333,-7.721984,-4.009901092940266
2024-10-28 18:30:00,0.2656629666666665,-1.6352772000000002,1.4232339,1.1575709000249228
2024-10-28 19:00:00,7.182484,8.52032115,6.7253275,-0.45715650823974574
2024-10-28 19:30:00,9.0256422,8.46735835,11.985566,2.9599239392211913
2024-10-28 20:00:00,13.1837671,8.432077283333333,12.611833,-0.5719344812866218
2024-10-28 20:30:00,18.487603366666665,10.002861766666667,12.841493,-5.646110713773599
2024-10-28 21:00:00,17.397320083333334,10.308538283333334,10.506425,-6.890895179463705
2024-10-28 21:30:00,12.7206506,10.007131883333336,10.633103,-2.087547229333497
2024-10-28 22:00:00,13.262858933333334,12.891481716666666,12.041947,-1.2209115685262049
2024-10-28 22:30:00,10.588020033333336,13.094884416666666,11.81688,1.2288601928019176
2024-10-28 23:00:00,17.66568395,16.8122096,12.441133,-5.224551404528807
2024-10-28 23:30:00,18.73942565,15.140602716666669,12.4362955,-6.303130140661622
2024-10-29 00:00:00,15.394886,15.713098216666666,14.392747,-1.0021390746459957
2024-10-29 00:30:00,16.618330516666667,15.823984016666666,17.01683,0.39849992766927045
2024-10-29 01:00:00,14.519749883333333,15.593574866666666,18.748596,4.228846308072917
2024-10-29 01:30:00,16.80967456666667,15.799681,19.954834,3.1451594177083315
2024-10-29 02:00:00,18.37803715,16.72401616666667,22.297272,3.919234578515624
2024-10-29 02:30:00,18.047052366666662,17.75486605,21.655472,3.6084194350911503
2024-10-29 03:00:00,18.32730438333333,17.647450000000003,21.491089,3.163784483854169
2024-10-29 03:30:00,18.12258448333333,20.041099016666667,19.938507,1.8159225967447945
2024-10-29 04:00:00,22.851953433333332,25.7662078,18.401276,-4.450677798567707
2024-10-29 04:30:00,26.5766695,29.047739000000004,17.152206,-9.424463079101564
2024-10-29 05:00:00,20.0048795,21.73241443333333,15.023591,-4.98128845843506
2024-10-29 05:30:00,15.107568966666667,22.31187776666667,17.058182,1.9506127960286452
2024-10-29 06:00:00,10.466764016666668,22.99483225,14.366288,3.8995241684529613
2024-10-29 06:30:00,7.777545033333333,17.6756571,9.308396,1.5308513060831705
2024-10-29 07:00:00,7.282078866666667,8.830766583333334,3.1828315,-4.099247340864054
2024-10-29 07:30:00,-2.667584516666667,-0.038794983333333,-7.957473,-5.28988828454183
2024-10-29 08:00:00,-22.228882316666667,-13.1141283,-23.53862,-1.3097376784505208
2024-10-29 08:30:00,-45.74796658333333,-35.4638423,-41.73079,4.0171773987630175
2024-10-29 09:00:00,-72.86497446666667,-61.08091096666666,-63.22325,9.641723123893229
2024-10-29 09:30:00,-93.15453715,-80.48077174999999,-83.06181,10.092723795507808
2024-10-29 10:00:00,-109.48818768333332,-107.75044511666664,-105.39853,4.089658630598947
2024-10-29 10:30:00,-133.31399116666668,-131.0405423,-127.75915,5.554843522623713
2024-10-29 11:00:00,-160.35654498333335,-134.04074011666663,-145.74092,14.615623962825538
2024-10-29 11:30:00,-182.22168381666663,-151.1801161,-159.04683,23.174854593033814
2024-10-29 12:00:00,-190.0407155833333,-166.94328606666667,-170.41179,19.62892664290362
2024-10-29 12:30:00,-199.60552558333333,-167.7766162,-175.54642,24.059108347005207
2024-10-29 13:00:00,-194.29272673333327,-157.56091946666666,-173.24243,21.050295092708268
2024-10-29 13:30:00,-188.0938193833333,-160.2205656,-164.43622,23.65760112161456
2024-10-29 14:00:00,-179.89895321666663,-151.93461994999998,-152.49635,27.402600067252564
2024-10-29 14:30:00,-167.84904836666666,-139.52218495,-135.53464,32.31441091549479
2024-10-29 15:00:00,-149.92021328333334,-124.68112723333331,-114.5821,35.33811336878256
2024-10-29 15:30:00,-123.86250111666668,-105.5142273,-94.77654,29.08595845309246
2024-10-29 16:00:00,-92.59719718333334,-82.32236938333334,-73.69627,18.900923379622398
2024-10-29 16:30:00,-63.888227066666666,-62.41662276666667,-53.975113,9.913114151627603
2024-10-29 17:00:00,-42.58132495,-38.254472766666666,-37.621765,4.959559813281253
2024-10-29 17:30:00,-20.30411605,-16.67087435,-21.646973,-1.342856606249999
2024-10-29 18:00:00,-4.054472250000001,-3.712082816666667,-8.917983,-4.863510805114745
2024-10-29 18:30:00,0.2129405999999999,0.2656629666666665,-0.8006584,-1.0135990048271177
2024-10-29 19:00:00,2.672428366666667,7.182484,6.410371,3.7379424600545246
2024-10-29 19:30:00,8.148364916666667,9.0256422,12.0647135,3.916348561421712
2024-10-29 20:00:00,9.256754916666669,13.1837671,12.878175,3.6214198651326477
2024-10-29 20:30:00,8.076721516666668,18.487603366666665,13.430955,5.354233416499836
2024-10-29 21:00:00,11.354784366666667,17.397320083333334,12.905091,1.5503069190388992
2024-10-29 21:30:00,10.6763744,12.7206506,13.350175,2.6738005038696286
2024-10-29 22:00:00,10.577323283333332,13.262858933333334,13.416276,2.838952694755047
2024-10-29 22:30:00,10.582494466666668,10.588020033333336,14.246644,3.664149553413898
2024-10-29 23:00:00,18.5500073,17.66568395,15.9628,-2.5872072740600593
2024-10-29 23:30:00,18.39021508333333,18.73942565,16.258026,-2.132188960286456
2024-10-30 00:00:00,17.600403833333335,15.394886,17.792923,0.1925191402994777
2024-10-30 00:30:00,19.963096166666663,16.618330516666667,18.718246,-1.2448497067057254
2024-10-30 01:00:00,18.882418233333333,14.519749883333333,18.684402,-0.19801576751302008
2024-10-30 01:30:00,21.504836066666662,16.80967456666667,19.77739,-1.727446540299475
2024-10-30 02:00:00,22.224141183333334,18.37803715,20.06636,-2.1577807097005213
2024-10-30 02:30:00,23.20301381666667,18.047052366666662,20.962112,-2.2409013899088563
2024-10-30 03:00:00,21.681198416666664,18.32730438333333,20.012314,-1.6688845738932265
2024-10-30 03:30:00,22.324967816666668,18.12258448333333,20.651016,-1.6739515813151051
2024-10-30 04:00:00,25.272602733333333,22.851953433333332,20.477936,-4.794666942317708
2024-10-30 04:30:00,27.75988,26.5766695,21.203339,-6.556541376953124
2024-10-30 05:00:00,20.58248055,20.0048795,19.6044,-0.9780799152343747
2024-10-30 05:30:00,15.725281116666666,15.107568966666667,20.367462,4.642181041536459
2024-10-30 06:00:00,13.810533800000002,10.466764016666668,17.029144,3.2186104871093733
2024-10-30 06:30:00,12.236175,7.777545033333333,12.616044,0.37986904449462955
2024-10-30 07:00:00,9.851529883333331,7.282078866666667,4.0052805,-5.84624938864339
2024-10-30 07:30:00,-0.6035905666666666,-2.667584516666667,-7.702956,-7.09936563297933
2024-10-30 08:00:00,-17.554851166666666,-22.228882316666667,-21.723251,-4.168400176106772
2024-10-30 08:30:00,-52.644360983333335,-45.74796658333333,-40.910248,11.73411318059896
2024-10-30 09:00:00,-77.34276846666667,-72.86497446666667,-62.736755,14.60601309557292
2024-10-30 09:30:00,-108.5474578,-93.15453715,-84.62221,23.92525015839844
2024-10-30 10:00:00,-129.98727841666667,-109.48818768333332,-106.906006,23.08127255729167
2024-10-30 10:30:00,-158.23928451666666,-133.31399116666668,-127.45194,30.787342072819
2024-10-30 11:00:00,-181.9313011333333,-160.35654498333335,-145.30048,36.63082505911456
2024-10-30 11:30:00,-192.31640205,-182.22168381666663,-160.35635,31.96004829023437
2024-10-30 12:00:00,-199.75735346666667,-190.0407155833333,-172.07011,27.687239330924484
2024-10-30 12:30:00,-198.78790561666665,-199.60552558333333,-177.70244,21.08546726217446
2024-10-30 13:00:00,-195.36581505,-194.29272673333327,-175.80943,19.55638206660157
2024-10-30 13:30:00,-193.97350285,-188.0938193833333,-171.29964,22.673866009179676
2024-10-30 14:00:00,-173.35181939999998,-179.89895321666663,-161.5655,11.78631341855467
2024-10-30 14:30:00,-146.53840663333332,-167.84904836666666,-143.94148,2.5969240893880112
2024-10-30 15:00:00,-113.30718223333334,-149.92021328333334,-124.45042,-11.14323433160807
2024-10-30 15:30:00,-101.31869495,-123.86250111666668,-103.758095,-2.439399837597662
2024-10-30 16:00:00,-90.52025006666668,-92.59719718333334,-80.789894,9.73035596266277
2024-10-30 16:30:00,-61.01400648333333,-63.888227066666666,-59.165466,1.8485401747395827
2024-10-30 17:00:00,-35.752628333333334,-42.58132495,-40.69467,-4.942043297526041
2024-10-30 17:30:00,-15.786712783333334,-20.30411605,-24.664276,-8.877563339713541
2024-10-30 18:00:00,-5.31363005,-4.054472250000001,-9.4738,-4.160169655505371
2024-10-30 18:30:00,3.131363366666667,0.2129405999999999,0.86790544,-2.2634579287203476
2024-10-30 19:00:00,3.4677810000000004,2.672428366666667,7.639909,4.1721277905883785
2024-10-30 19:30:00,8.520858333333333,8.148364916666667,11.635987,3.1151289484659834
2024-10-30 20:00:00,10.481450683333334,9.256754916666669,12.93657,2.4551194842081703
2024-10-30 20:30:00,13.732442833333332,8.076721516666668,13.100053,-0.632389999776203
2024-10-30 21:00:00,12.905761,11.354784366666667,11.664491,-1.2412703002319336
2024-10-30 21:30:00,12.453735666666669,10.6763744,12.572221,0.11848513564046037
2024-10-30 22:00:00,11.534692766666666,10.577323283333332,13.42595,1.891257283687338
2024-10-30 22:30:00,13.071199833333331,10.582494466666668,13.923356,0.8521562228800477
2024-10-30 23:00:00,16.0456833,18.5500073,14.747041,-1.298642551403809
2024-10-30 23:30:00,17.250647700000002,18.39021508333333,15.453706,-1.7969419123413104
2024-10-31 00:00:00,17.886284883333335,17.600403833333335,16.724747,-1.1615381792317727
2024-10-31 00:30:00,20.34712593333333,19.963096166666663,16.668503,-3.6786231257161432
2024-10-31 01:00:00,18.420978316666663,18.882418233333333,17.600388,-0.820590743424475
2024-10-31 01:30:00,17.812826666666666,21.504836066666662,18.967926,1.1550993587239589
2024-10-31 02:00:00,16.434904916666667,22.224141183333334,19.653793,3.21888841829427
2024-10-31 02:30:00,17.72519055,23.20301381666667,21.148163,3.4229722917968743
2024-10-31 03:00:00,16.549551233333332,21.681198416666664,23.876755,7.327203527408855
2024-10-31 03:30:00,15.889675116666666,22.324967816666668,23.946,8.056324028841146
2024-10-31 04:00:00,20.537269416666664,25.272602733333333,22.09607,1.558799919270836
2024-10-31 04:30:00,26.85314788333333,27.75988,22.860657,-3.9924911450520817
2024-10-31 05:00:00,18.1869599,20.58248055,20.997925,2.8109649046874985
2024-10-31 05:30:00,13.397158266666668,15.725281116666666,20.746048,7.348889706966144
2024-10-31 06:00:00,12.16268225,13.810533800000002,18.745285,6.582602784179688
2024-10-31 06:30:00,8.940043316666667,12.236175,14.689012,5.748968257124837
2024-10-31 07:00:00,5.190656616666666,9.851529883333331,7.462968,2.272311255952963
2024-10-31 07:30:00,-1.7438933666666674,-0.6035905666666666,-3.6683037,-1.9244103614369703
2024-10-31 08:00:00,-14.574974933333335,-17.554851166666666,-19.940063,-5.365088543229165
2024-10-31 08:30:00,-46.55559765,-52.644360983333335,-41.14096,5.414636956640628
2024-10-31 09:00:00,-74.74883058333334,-77.34276846666667,-63.55667,11.19215944075522
2024-10-31 09:30:00,-99.99425933333332,-108.5474578,-86.28845,13.705807184895818
2024-10-31 10:00:00,-113.17044701666669,-129.98727841666667,-108.55989,4.610556269596373
2024-10-31 10:30:00,-133.72645093333333,-158.23928451666666,-131.60295,2.1234998835286376
2024-10-31 11:00:00,-152.81454948333334,-181.9313011333333,-152.86179,-0.04723640533853768
2024-10-31 11:30:00,-164.03995051666666,-192.31640205,-169.45113,-5.411175581966148
2024-10-31 12:00:00,-158.86640278333334,-199.75735346666667,-179.9743,-21.107901415885408
2024-10-31 12:30:00,-163.3394099666667,-198.78790561666665,-184.9977,-21.65828595618487
2024-10-31 13:00:00,-153.59515006666666,-195.36581505,-184.56343,-30.96828071946615
2024-10-31 13:30:00,-134.27402496666667,-193.97350285,-178.09666,-43.822639462044265
2024-10-31 14:00:00,-121.55712665,-173.35181939999998,-165.90912,-44.35199200234375
2024-10-31 14:30:00,-120.86497326666664,-146.53840663333332,-149.09164,-28.226671020442737
2024-10-31 15:00:00,-116.72927778333332,-113.30718223333334,-126.19522,-9.465943163932309
2024-10-31 15:30:00,-98.82596103333331,-101.31869495,-102.52111,-3.6951495013346545
2024-10-31 16:00:00,-77.40561058333333,-90.52025006666668,-78.26581,-0.8601975221354223
2024-10-31 16:30:00,-50.85694828333334,-61.01400648333333,-56.644302,-5.787354084830724
2024-10-31 17:00:00,-33.970926766666665,-35.752628333333334,-36.966293,-2.9953665682942727
2024-10-31 17:30:00,-15.07726505,-15.786712783333334,-20.818771,-5.741506312304688
2024-10-31 18:00:00,-8.1221435,-5.31363005,-7.7585745,0.36356901422119137
2024-10-31 18:30:00,-2.6221723500000005,3.131363366666667,3.816239,6.43841146857605
2024-10-31 19:00:00,2.416155516666667,3.4677810000000004,10.573228,8.157072365718587
2024-10-31 19:30:00,7.032626733333333,8.520858333333333,13.052369,6.019742384403483
2024-10-31 20:00:00,11.116814833333336,10.481450683333334,14.770722,3.653907555887855
2024-10-31 20:30:00,9.115696183333334,13.732442833333332,14.8664255,5.750729330887857
2024-10-31 21:00:00,9.17909005,12.905761,13.239182,4.060092422229005
2024-10-31 21:30:00,9.344645883333332,12.453735666666669,12.410905,3.0662590010050472
2024-10-31 22:00:00,10.568963333333333,11.534692766666666,12.575059,2.0060956037394213
2024-10-31 22:30:00,9.982377166666666,13.071199833333331,12.495027,2.5126494217732755
2024-10-31 23:00:00,16.942084499999996,16.0456833,14.063325,-2.878759571716305
2024-10-31 23:30:00,21.3480811,17.250647700000002,16.483276,-4.864804732812502
2024-11-01 00:00:00,19.977565433333336,17.886284883333335,18.071335,-1.9062305944661482
2024-11-01 00:30:00,20.00797215,20.34712593333333,19.363037,-0.6449350406250005
2024-11-01 01:00:00,20.69041555,18.420978316666663,20.610092,-0.08032338691406338
2024-11-01 01:30:00,22.550286683333336,17.812826666666666,21.178665,-1.371621522200524
2024-11-01 02:00:00,22.305636683333333,16.434904916666667,21.83197,-0.4736664684895828
2024-11-01 02:30:00,23.2912788,17.72519055,22.55162,-0.7396583166015631
2024-11-01 03:00:00,20.62151778333333,16.549551233333332,23.427917,2.8063996971354186
2024-11-01 03:30:00,22.076422216666668,15.889675116666666,22.536911,0.4604887940755198
2024-11-01 04:00:00,29.86365463333333,20.537269416666664,21.152725,-8.710929413606767
2024-11-01 04:30:00,31.73741105,26.85314788333333,21.15416,-10.583251504101561
2024-11-01 05:00:00,28.040732816666665,18.1869599,19.693787,-8.346946195572915
2024-11-01 05:30:00,17.627561116666666,13.397158266666668,18.971878,1.3443169350911468
2024-11-01 06:00:00,14.450367116666667,12.16268225,16.628601,2.1782339575520826
2024-11-01 06:30:00,11.521661683333337,8.940043316666667,12.726228,1.204566076981605
2024-11-01 07:00:00,6.387434333333334,5.190656616666666,3.5066993,-2.8807350096791593
2024-11-01 07:30:00,-4.302017783333333,-1.7438933666666674,-9.609145,-5.3071273811564135
2024-11-01 08:00:00,-13.07093895,-14.574974933333335,-25.862213,-12.791274184765625
2024-11-01 08:30:00,-46.03100436666667,-46.55559765,-44.063004,1.968000826627609
2024-11-01 09:00:00,-61.07846231666667,-74.74883058333334,-66.48566,-5.407194421614577
2024-11-01 09:30:00,-87.38700661666667,-99.99425933333332,-89.22705,-1.8400441645833325
2024-11-01 10:00:00,-107.30134163333332,-113.17044701666669,-112.445465,-5.1441234545573025
2024-11-01 10:30:00,-112.57614943333334,-133.72645093333333,-136.3368,-23.76065781764322
2024-11-01 11:00:00,-135.3022504,-152.81454948333334,-155.4579,-20.15565060097657
2024-11-01 11:30:00,-155.41221665,-164.03995051666666,-171.39035,-15.97813369179687
2024-11-01 12:00:00,-167.69972656666667,-158.86640278333334,-180.57945,-12.879725947981768
2024-11-01 12:30:00,-174.83933996666667,-163.3394099666667,-183.7141,-8.874756102669267
2024-11-01 13:00:00,-176.83763940000003,-153.59515006666666,-179.14244,-2.3048013958984086
2024-11-01 13:30:00,-180.54774171666668,-134.27402496666667,-169.62373,10.924008196158866
2024-11-01 14:00:00,-177.88973213333335,-121.55712665,-156.54091,21.34882331985679
2024-11-01 14:30:00,-158.80869561666665,-120.86497326666664,-138.18413,20.624567809049466
2024-11-01 15:00:00,-137.25452886666667,-116.72927778333332,-117.51492,19.73960577096355
2024-11-01 15:30:00,-110.86469988333332,-98.82596103333331,-95.940155,14.92454485403644
2024-11-01 16:00:00,-89.89389056666666,-77.40561058333333,-73.34506,16.54882831080728
2024-11-01 16:30:00,-60.41976405,-50.85694828333334,-52.292923,8.126841076367185
2024-11-01 17:00:00,-39.104893233333335,-33.970926766666665,-33.95836,5.146534468684898
2024-11-01 17:30:00,-19.595146133333333,-15.07726505,-19.427338,0.16780848684895844
2024-11-01 18:00:00,-8.578780133333334,-8.1221435,-6.7165823,1.8621978350545252
2024-11-01 18:30:00,-0.6075367666666666,-2.6221723500000005,2.8134925,3.4210293032114665
2024-11-01 19:00:00,3.932166333333333,2.416155516666667,8.818345,4.886178736551921
2024-11-01 19:30:00,4.8816228,7.032626733333333,12.446931,7.565308085314942
2024-11-01 20:00:00,8.274445,11.116814833333336,14.363145,6.088699874572754
2024-11-01 20:30:00,10.710370666666668,9.115696183333334,12.832643,2.1222718885701486
2024-11-01 21:00:00,10.70309455,9.17909005,11.5999,0.8968056956665045
2024-11-01 21:30:00,8.689828983333333,9.344645883333332,11.249162,2.5593327369425456
2024-11-01 22:00:00,7.736239333333333,10.568963333333333,11.932527,4.196287255106609
2024-11-01 22:30:00,9.933009566666668,9.982377166666666,13.030152,3.097142754195149
2024-11-01 23:00:00,14.6941834,16.942084499999996,15.370088,0.6759042235961914
2024-11-01 23:30:00,14.340267216666666,21.3480811,17.16777,2.8275031690755217
2024-11-02 00:00:00,14.444436683333334,19.977565433333336,18.566223,4.121786461197916
2024-11-02 00:30:00,18.050454466666668,20.00797215,19.472763,1.4223085948567693
2024-11-02 01:00:00,17.64253993333333,20.69041555,20.943436,3.300895735611981
2024-11-02 01:30:00,15.372419933333331,22.550286683333336,22.406464,7.034043689713544
2024-11-02 02:00:00,17.146056766666664,22.305636683333333,22.564438,5.418381099544273
2024-11-02 02:30:00,16.31651391666667,23.2912788,23.08258,6.766066649739582
2024-11-02 03:00:00,16.226738933333333,20.62151778333333,23.19603,6.969290729752604
2024-11-02 03:30:00,16.45266385,22.076422216666668,21.342575,4.889911223242187
2024-11-02 04:00:00,22.78669168333333,29.86365463333333,21.910461,-0.8762302575520806
2024-11-02 04:30:00,25.8703012,31.73741105,22.420029,-3.4502725134765626
2024-11-02 05:00:00,17.880693866666665,28.040732816666665,21.989899,4.10920481497396
2024-11-02 05:30:00,15.87096668333333,17.627561116666666,21.477158,5.606190909440107
2024-11-02 06:00:00,13.484002166666665,14.450367116666667,18.444717,4.960715240559898
2024-11-02 06:30:00,8.314974516666666,11.521661683333337,13.38318,5.06820514794515
2024-11-02 07:00:00,0.9072861166666664,6.387434333333334,4.685334,3.778048088960775
2024-11-02 07:30:00,-8.864464983333333,-4.302017783333333,-7.481826,1.3826391547810868
2024-11-02 08:00:00,-21.11464823333333,-13.07093895,-21.746445,-0.6317964688151072
2024-11-02 08:30:00,-32.541768850000004,-46.03100436666667,-42.223755,-9.681986032812496
2024-11-02 09:00:00,-54.852260066666666,-61.07846231666667,-64.32399,-9.471729801497396
2024-11-02 09:30:00,-74.14324993333334,-87.38700661666667,-85.66356,-11.5203090266276
2024-11-02 10:00:00,-85.63331001666667,-107.30134163333332,-107.26807,-21.63475638958333
2024-11-02 10:30:00,-97.54761891666668,-112.57614943333334,-128.7596,-31.211978861653634
2024-11-02 11:00:00,-117.0965861,-135.3022504,-147.14308,-30.046495565039066
2024-11-02 11:30:00,-131.9119866,-155.41221665,-161.01242,-29.10043405429687
2024-11-02 12:00:00,-128.49141876666667,-167.69972656666667,-170.3887,-41.897283625911456
2024-11-02 12:30:00,-132.6800483,-174.83933996666667,-174.88443,-42.204381631640615
2024-11-02 13:00:00,-139.84973496666666,-176.83763940000003,-172.71626,-32.86652785071615
2024-11-02 13:30:00,-132.02107049999998,-180.54774171666668,-166.924,-34.90292547167971
2024-11-02 14:00:00,-120.40000215,-177.88973213333335,-157.7945,-37.394492478906244
2024-11-02 14:30:00,-108.65843398333334,-158.80869561666665,-142.6861,-34.02766220807291
2024-11-02 15:00:00,-90.99349648333332,-137.25452886666667,-123.29085,-32.297351294986996
2024-11-02 15:30:00,-71.86734226666667,-110.86469988333332,-101.52518,-29.657834735286457
2024-11-02 16:00:00,-56.75528393333334,-89.89389056666666,-78.79204,-22.03675403053385
2024-11-02 16:30:00,-35.36300228333334,-60.41976405,-58.229813,-22.866810338736975
2024-11-02 17:00:00,-17.336113299999997,-39.104893233333335,-39.7265,-22.390388164843753
2024-11-02 17:30:00,-6.916536116666666,-19.595146133333333,-24.93332,-18.01678297513021
2024-11-02 18:00:00,7.479105099999999,-8.578780133333334,-11.174209,-18.653313741052244
2024-11-02 18:30:00,7.068997066666667,-0.6075367666666666,-1.2878867,-8.356883805443829
2024-11-02 19:00:00,8.715457916666667,3.932166333333333,6.486726,-2.2287321094767254
2024-11-02 19:30:00,10.323343433333331,4.8816228,11.010713,0.68736919026286
2024-11-02 20:00:00,13.790206033333334,8.274445,12.493455,-1.29675110016683
2024-11-02 20:30:00,14.984025699999998,10.710370666666668,12.356462,-2.6275641750366194
2024-11-02 21:00:00,20.64192665,10.70309455,12.421464,-8.22046268363037
2024-11-02 21:30:00,18.04123998333333,8.689828983333333,12.066712,-5.974527603877764
2024-11-02 22:00:00,17.35207266666667,7.736239333333333,14.394258,-2.957815121195477
2024-11-02 22:30:00,16.807413333333333,9.933009566666668,15.09163,-1.715783351338704
2024-11-02 23:00:00,17.411459483333335,14.6941834,16.11679,-1.29466871184896
2024-11-02 23:30:00,18.53767231666667,14.340267216666666,17.86052,-0.6771529074869811
2024-11-03 00:00:00,17.686181566666665,14.444436683333334,18.450714,0.7645325446614599
2024-11-03 00:30:00,19.48463425,18.050454466666668,18.430084,-1.0545500214843742
2024-11-03 01:00:00,20.457167833333333,17.64253993333333,19.030228,-1.4269401722005206
2024-11-03 01:30:00,19.44416835,15.372419933333331,18.689453,-0.7547152250000018
2024-11-03 02:00:00,23.65105065,17.146056766666664,18.829987,-4.821064077734373
2024-11-03 02:30:00,24.3654283,16.31651391666667,19.450073,-4.915355057812501
2024-11-03 03:00:00,23.909127866666665,16.226738933333333,19.831406,-4.077722227018228
2024-11-03 03:30:00,22.74091815,16.45266385,21.593887,-1.1470308208984363
2024-11-03 04:00:00,22.990868833333334,22.78669168333333,21.878876,-1.1119931009114588
2024-11-03 04:30:00,22.914018416666668,25.8703012,20.762344,-2.1516740563151053
2024-11-03 05:00:00,22.940892233333333,17.880693866666665,19.571411,-3.369481100520833
2024-11-03 05:30:00,17.006638283333334,15.87096668333333,20.53183,3.5251915506510407
2024-11-03 06:00:00,12.974953233333332,13.484002166666665,17.969604,4.994651258854168
2024-11-03 06:30:00,6.381117633333333,8.314974516666666,12.889924,6.508806416044108
2024-11-03 07:00:00,1.5027811000000002,0.9072861166666664,5.624604,4.121823125158691
2024-11-03 07:30:00,-5.192110516666667,-8.864464983333333,-6.7127523,-1.5206418255574539
2024-11-03 08:00:00,-13.883384416666669,-21.11464823333333,-23.206085,-9.322700788411456
2024-11-03 08:30:00,-27.227824216666665,-32.541768850000004,-40.866272,-13.638447755989585
2024-11-03 09:00:00,-53.92127946666667,-54.852260066666666,-61.125122,-7.203842603645832
2024-11-03 09:30:00,-87.16614385000001,-74.14324993333334,-81.0822,6.083944753320324
2024-11-03 10:00:00,-110.07974625,-85.63331001666667,-100.83426,9.245487216796874
2024-11-03 10:30:00,-132.924449,-97.54761891666668,-121.32594,11.598506006835947
2024-11-03 11:00:00,-137.57475946666668,-117.0965861,-138.11229,-0.5375299620442604
2024-11-03 11:30:00,-175.1184183,-131.9119866,-152.63141,22.487009608593752
2024-11-03 12:00:00,-172.9425561666667,-128.49141876666667,-162.40038,10.542180800455753
2024-11-03 12:30:00,-165.03035941666667,-132.6800483,-166.84189,-1.8115290110677051
2024-11-03 13:00:00,-172.98855061666666,-139.84973496666666,-163.61906,9.36948628561197
2024-11-03 13:30:00,-170.33681105000002,-132.02107049999998,-157.23366,13.10315321308596
2024-11-03 14:00:00,-160.86525099999997,-120.40000215,-145.94948,14.91577285058591
2024-11-03 14:30:00,-143.13522333333333,-108.65843398333334,-130.04417,13.091049138997391
2024-11-03 15:00:00,-126.59101603333332,-90.99349648333332,-110.116714,16.474301555794256
2024-11-03 15:30:00,-104.22656935,-71.86734226666667,-88.48074,15.74582594179688
2024-11-03 16:00:00,-78.78032491666667,-56.75528393333334,-67.405624,11.374700527018234
2024-11-03 16:30:00,-49.30480616666667,-35.36300228333334,-47.374725,1.9300808248697976
2024-11-03 17:00:00,-33.704971783333335,-17.336113299999997,-30.015686,3.6892857481770847
2024-11-03 17:30:00,-5.619393383333333,-6.916536116666666,-15.301208,-9.681814159086102
2024-11-03 18:00:00,-1.927598966666667,7.479105099999999,-2.677169,-0.7495701178822831
2024-11-03 18:30:00,4.44259,7.068997066666667,4.933091,0.49050116363525387
2024-11-03 19:00:00,5.442738866666667,8.715457916666667,10.891068,5.448329591890462
2024-11-03 19:30:00,7.463799416666666,10.323343433333331,14.457643,6.99384313857015
2024-11-03 20:00:00,10.676142633333336,13.790206033333334,16.089401,5.413258611783851
2024-11-03 20:30:00,11.553404966666667,14.984025699999998,16.024109,4.470703920052083
2024-11-03 21:00:00,11.0953989,20.64192665,14.957795,3.862396243127442
2024-11-03 21:30:00,11.890455500000002,18.04123998333333,15.353044,3.4625880562133773
2024-11-03 22:00:00,12.769353833333334,17.35207266666667,15.692536,2.923182520731608
2024-11-03 22:30:00,11.4358379,16.807413333333333,15.237855,3.802017057580567
2024-11-03 23:00:00,14.9839084,17.411459483333335,16.065125,1.0812161117187493
2024-11-03 23:30:00,19.011661033333333,18.53767231666667,17.243011,-1.7686495587239577
2024-11-04 00:00:00,18.496592716666665,17.686181566666665,17.624313,-0.8722793621744778
2024-11-04 00:30:00,20.89470335,19.48463425,19.450226,-1.4444775199218753
2024-11-04 01:00:00,22.432197116666668,20.457167833333333,20.811478,-1.6207194555338553
2024-11-04 01:30:00,20.11073443333333,19.44416835,20.919937,0.8092027004557316
2024-11-04 02:00:00,18.9439187,23.65105065,20.866043,1.9221243908203114
2024-11-04 02:30:00,22.388162233333333,24.3654283,22.336105,-0.05205688665364505
2024-11-04 03:00:00,22.249561616666668,23.909127866666665,23.996109,1.7465473921223946
2024-11-04 03:30:00,20.62412763333333,22.74091815,22.696884,2.072756521940107
2024-11-04 04:00:00,24.639411266666663,22.990868833333334,21.643646,-2.995765026432288
2024-11-04 04:30:00,30.46180126666667,22.914018416666668,21.27066,-9.191140866276044
2024-11-04 05:00:00,23.488456716666672,22.940892233333333,19.606934,-3.881523122916672
2024-11-04 05:30:00,19.4889377,17.006638283333334,20.876297,1.3873592970703115
2024-11-04 06:00:00,14.090078883333334,12.974953233333332,19.819534,5.729455418424479
2024-11-04 06:30:00,11.799240500000002,6.381117633333333,15.286653,3.48741206500244
2024-11-04 07:00:00,8.681431666666667,1.5027811000000002,7.963273,-0.7181586182657878
2024-11-04 07:30:00,-1.4498993666666664,-5.192110516666667,-4.9452353,-3.495335885713705
2024-11-04 08:00:00,-8.2038233,-13.883384416666669,-18.310974,-10.10715082109375
2024-11-04 08:30:00,-25.596853933333332,-27.227824216666665,-35.846222,-10.249367990494793
2024-11-04 09:00:00,-47.889314866666666,-53.92127946666667,-55.202133,-7.312818312044271
2024-11-04 09:30:00,-58.16921226666667,-87.16614385000001,-76.01648,-17.84726722552083
2024-11-04 10:00:00,-64.57500271666667,-110.07974625,-97.72436,-33.149354888313795
2024-11-04 10:30:00,-78.88472663333333,-132.924449,-118.8894,-40.00467003414714
2024-11-04 11:00:00,-88.98672776666666,-137.57475946666668,-137.41696,-48.430233903255214
2024-11-04 11:30:00,-96.70025508333332,-175.1184183,-153.8272,-57.12693913053387
2024-11-04 12:00:00,-105.03714395000002,-172.9425561666667,-162.97652,-57.9393727736328
2024-11-04 12:30:00,-126.69441796666666,-165.03035941666667,-167.31259,-40.61817358606771
2024-11-04 13:00:00,-130.040676,-172.98855061666666,-165.46046,-35.41978847753907
2024-11-04 13:30:00,-131.79745291666666,-170.33681105000002,-159.6993,-27.901842127278655
2024-11-04 14:00:00,-146.35896273333333,-160.86525099999997,-150.054,-3.695038121158859
2024-11-04 14:30:00,-134.58694996666665,-143.13522333333333,-133.96468,0.6222740633463388
2024-11-04 15:00:00,-117.91611105,-126.59101603333332,-114.45878,3.4573326686523416
2024-11-04 15:30:00,-105.53735411666666,-104.22656935,-94.302765,11.234589224088538
2024-11-04 16:00:00,-78.70797283333333,-78.78032491666667,-73.94354,4.764430352864579
2024-11-04 16:30:00,-53.10065526666667,-49.30480616666667,-54.845398,-1.7447426825520793
2024-11-04 17:00:00,-30.471402633333337,-33.704971783333335,-37.98448,-7.5130791781901
2024-11-04 17:30:00,-19.612201616666667,-5.619393383333333,-22.046768,-2.4345665718098957
2024-11-04 18:00:00,-5.7886360833333335,-1.927598966666667,-8.626952,-2.83831608799235
2024-11-04 18:30:00,-0.1641011666666666,4.44259,2.9377906,3.1018917989145915
2024-11-04 19:00:00,8.9037571,5.442738866666667,7.976472,-0.9272851990600586
2024-11-04 19:30:00,12.8261961,7.463799416666666,12.342622,-0.48357429671630925
2024-11-04 20:00:00,12.499164533333332,10.676142633333336,15.4289255,2.9297609808878597
2024-11-04 20:30:00,14.683859366666669,11.553404966666667,16.757233,2.0733732993489564
2024-11-04 21:00:00,13.91166435,11.0953989,15.01967,1.1080051827758783
2024-11-04 21:30:00,12.708569566666666,11.890455500000002,14.055589,1.3470191555623376
2024-11-04 22:00:00,14.761592149999998,12.769353833333334,13.828645,-0.9329473974975571
2024-11-04 22:30:00,13.558698866666669,11.4358379,13.756791,0.19809224814046011
2024-11-04 23:00:00,15.600131016666666,14.9839084,14.399186,-1.2009448823282867
2024-11-04 23:30:00,15.909565533333334,19.011661033333333,16.114883,0.20531788951822882
2024-11-05 00:00:00,15.518568183333334,18.496592716666665,18.6568,3.1382311330729156
2024-11-05 00:30:00,14.053675983333331,20.89470335,19.871231,5.817555095768231
2024-11-05 01:00:00,13.787169666666664,22.432197116666668,21.77266,7.985489635091149
2024-11-05 01:30:00,16.116248866666666,20.11073443333333,21.807724,5.691475132356771
2024-11-05 02:00:00,15.9949177,18.9439187,22.24385,6.248933008007812
2024-11-05 02:30:00,16.817992083333333,22.388162233333333,22.117996,5.300004132486979
2024-11-05 03:00:00,17.587983983333334,22.249561616666668,22.786896,5.198911768619791
2024-11-05 03:30:00,16.735898916666667,20.62412763333333,22.97345,6.237550790364583
2024-11-05 04:00:00,21.452371566666667,24.639411266666663,22.27481,0.8224392243489582
2024-11-05 04:30:00,25.43333653333333,30.46180126666667,21.889786,-3.543550766731766
2024-11-05 05:00:00,18.34497625,23.488456716666672,20.831528,2.486551459960939
2024-11-05 05:30:00,19.25172943333333,19.4889377,21.011078,1.759348447526044
2024-11-05 06:00:00,14.8798257,14.090078883333334,20.293,5.413173567578125
2024-11-05 06:30:00,7.458330533333334,11.799240500000002,15.355699,7.89736805217692
2024-11-05 07:00:00,1.04211935,8.681431666666667,7.232423,6.190303478674316
2024-11-05 07:30:00,-9.235795583333331,-1.4498993666666664,-3.5155632,5.720232333745319
2024-11-05 08:00:00,-21.513001083333336,-8.2038233,-17.823029,3.689972518880211
2024-11-05 08:30:00,-40.20959215,-25.596853933333332,-33.446426,6.763165758398436
2024-11-05 09:00:00,-51.589551,-47.889314866666666,-53.952606,-2.363055201171875
2024-11-05 09:30:00,-66.08240726666666,-58.16921226666667,-73.64131,-7.558904378841149
2024-11-05 10:00:00,-73.23444558333334,-64.57500271666667,-93.17525,-19.940801609049473
2024-11-05 10:30:00,-82.83369661666667,-78.88472663333333,-112.507454,-29.67375730179036
2024-11-05 11:00:00,-84.29071505,-88.98672776666666,-127.43716,-43.14644162724609
2024-11-05 11:30:00,-105.93855438333333,-96.70025508333332,-139.01207,-33.07351531881511
2024-11-05 12:00:00,-103.5282911,-105.03714395000002,-148.06322,-44.53492606308593
2024-11-05 12:30:00,-116.40270995,-126.69441796666666,-152.24849,-35.84577942988281
2024-11-05 13:00:00,-115.18834933333332,-130.040676,-151.66296,-36.47461453385418
2024-11-05 13:30:00,-115.74016908333334,-131.79745291666666,-145.32655,-29.58638426139322
2024-11-05 14:00:00,-112.21892896666668,-146.35896273333333,-135.90315,-23.68422349915363
2024-11-05 14:30:00,-95.05411335,-134.58694996666665,-123.92208,-28.86796764365235
2024-11-05 15:00:00,-81.62783051666666,-117.91611105,-108.16945,-26.5416183358724
2024-11-05 15:30:00,-78.15248509999999,-105.53735411666666,-90.36723,-12.214748176367195
2024-11-05 16:00:00,-62.84602061666666,-78.70797283333333,-69.281586,-6.435565076692718
2024-11-05 16:30:00,-42.74507656666666,-53.10065526666667,-50.145996,-7.400919527083339
2024-11-05 17:00:00,-25.84078213333333,-30.471402633333337,-32.543182,-6.702400239713544
2024-11-05 17:30:00,-16.18167675,-19.612201616666667,-17.172577,-0.9909001542968738
2024-11-05 18:00:00,-4.8002767,-5.7886360833333335,-5.113326,-0.3130493726928707
2024-11-05 18:30:00,-1.82521395,-0.1641011666666666,4.5287333,6.353947203479004
2024-11-05 19:00:00,3.5370983,8.9037571,10.95279,7.415691960314941
2024-11-05 19:30:00,5.034582716666667,12.8261961,15.677049,10.642465966499838
2024-11-05 20:00:00,12.6930643,12.499164533333332,16.954636,4.261571320117188
2024-11-05 20:30:00,17.205451733333334,14.683859366666669,15.373933,-1.8315188948933923
2024-11-05 21:00:00,15.111590733333331,13.91166435,14.802247,-0.30934368590901506
2024-11-05 21:30:00,13.564718783333332,12.708569566666666,15.153977,1.5892586107706723
2024-11-05 22:00:00,12.34251275,14.761592149999998,16.121353,3.7788403994140634
2024-11-05 22:30:00,12.538740666666667,13.558698866666669,16.889847,4.351106135091145
2024-11-05 23:00:00,14.581134366666667,15.600131016666666,16.508102,1.9269680503255202
2024-11-05 23:30:00,16.462927333333333,15.909565533333334,17.874283,1.4113555035807295
2024-11-06 00:00:00,14.904737833333334,15.518568183333334,19.283173,4.378434774088541
2024-11-06 00:30:00,15.147219366666668,14.053675983333331,19.809525,4.662305169466144
2024-11-06 01:00:00,19.111273333333333,13.787169666666664,20.42604,1.3147673160807294
2024-11-06 01:30:00,17.209819466666666,16.116248866666666,20.232422,3.0226024083333343
2024-11-06 02:00:00,17.1848593,15.9949177,19.73085,2.545990919726563
2024-11-06 02:30:00,16.992959933333335,16.817992083333333,20.194946,3.201986355729165
2024-11-06 03:00:00,15.641333816666666,17.587983983333334,20.839706,5.198372604231771
2024-11-06 03:30:00,15.319869466666669,16.735898916666667,20.496002,5.176132730598956
2024-11-06 04:00:00,17.386267583333332,21.452371566666667,20.41452,3.028252680338543
2024-11-06 04:30:00,19.011748216666664,25.43333653333333,20.440567,1.4288187999348985
2024-11-06 05:00:00,15.551966633333334,18.34497625,18.302765,2.7507982592447906
2024-11-06 05:30:00,9.5901079,19.25172943333333,18.403412,8.813303965234375
2024-11-06 06:00:00,10.25054005,14.8798257,18.789246,8.53870555546875
2024-11-06 06:30:00,6.60018555,7.458330533333334,15.517747,8.917561375354005
2024-11-06 07:00:00,2.7989411,1.04211935,8.419847,5.6209054347290035
2024-11-06 07:30:00,-9.823608466666668,-9.235795583333331,-1.3110191,8.512589403670757
2024-11-06 08:00:00,-31.73825995,-21.513001083333336,-16.268951,15.469308533984375
2024-11-06 08:30:00,-48.84426731666667,-40.20959215,-33.192245,15.652021833268229
2024-11-06 09:00:00,-67.14624328333333,-51.589551,-53.34378,13.802462765755209
2024-11-06 09:30:00,-78.50012991666667,-66.08240726666666,-72.934326,5.5658037447916655
2024-11-06 10:00:00,-96.51626936666666,-73.23444558333334,-89.537155,6.979114215299475
2024-11-06 10:30:00,-104.7501837,-82.83369661666667,-107.73958,-2.9893945470703187
2024-11-06 11:00:00,-113.69273311666667,-84.29071505,-120.4422,-6.749466590364577
2024-11-06 11:30:00,-131.3208555666667,-105.93855438333333,-134.2152,-2.8943391354817436
2024-11-06 12:00:00,-144.4462461,-103.5282911,-142.71028,1.7359647279296837
2024-11-06 12:30:00,-165.23768049999998,-116.40270995,-146.88942,18.34826094433592
2024-11-06 13:00:00,-162.70694386666665,-115.18834933333332,-144.97198,17.7349590033854
2024-11-06 13:30:00,-129.4181423,-115.74016908333334,-140.01588,-10.597742099414063
2024-11-06 14:00:00,-109.1347101,-112.21892896666668,-130.82863,-21.693918440039056
2024-11-06 14:30:00,-103.36263648333332,-95.05411335,-119.05119,-15.688556753971369
2024-11-06 15:00:00,-86.07860053333333,-81.62783051666666,-101.51924,-15.440640799674483
2024-11-06 15:30:00,-78.27843221666666,-78.15248509999999,-82.21347,-3.9350382423177166
2024-11-06 16:00:00,-68.0045885,-62.84602061666666,-63.76448,4.2401079091796845
2024-11-06 16:30:00,-46.49137506666667,-42.74507656666666,-45.090805,1.4005700129557326
2024-11-06 17:00:00,-28.09744335,-25.84078213333333,-29.600342,-1.502898446875001
2024-11-06 17:30:00,-13.9937623,-16.18167675,-17.27295,-3.27918691875
2024-11-06 18:00:00,-5.346752216666666,-4.8002767,-7.1178274,-1.7710751987996423
2024-11-06 18:30:00,-0.3998877833333334,-1.82521395,3.4612892,3.861176950737508
2024-11-06 19:00:00,5.726006033333333,3.5370983,8.878922,3.1529164291300456
2024-11-06 19:30:00,14.231366216666666,5.034582716666667,10.224092,-4.007274686820475
2024-11-06 20:00:00,17.47449995,12.6930643,13.408952,-4.0655481906616195
2024-11-06 20:30:00,19.876156166666668,17.205451733333334,14.937806,-4.9383500372111016
2024-11-06 21:00:00,17.67374325,15.111590733333331,13.665757,-4.007986070739747
2024-11-06 21:30:00,15.56649,13.564718783333332,14.00467,-1.5618198568725585
2024-11-06 22:00:00,11.546034366666667,12.34251275,15.634568,4.0885338477498365
2024-11-06 22:30:00,11.2751276,12.538740666666667,14.83455,3.5594223038696295
2024-11-06 23:00:00,16.774787183333334,14.581134366666667,14.992936,-1.7818510489949553
2024-11-06 23:30:00,19.468893233333333,16.462927333333333,16.083817,-3.38507670501302
2024-11-07 00:00:00,19.59068375,14.904737833333334,16.854996,-2.7356880224609377
2024-11-07 00:30:00,20.25480345,15.147219366666668,18.17601,-2.078793318164063
2024-11-07 01:00:00,20.71320683333333,19.111273333333333,18.305664,-2.407542770833331
2024-11-07 01:30:00,18.261889,17.209819466666666,20.049347,1.787457923828125
2024-11-07 02:00:00,19.68494395,17.1848593,20.893585,1.208641255078124
2024-11-07 02:30:00,19.79106833333333,16.992959933333335,20.843689,1.0526206315104183
2024-11-07 03:00:00,21.6019062,15.641333816666666,21.392883,-0.2090228992187484
2024-11-07 03:30:00,21.359215566666663,15.319869466666669,20.62117,-0.7380455227213503
2024-11-07 04:00:00,20.37764395,17.386267583333332,19.395828,-0.981815702929687
2024-11-07 04:30:00,21.056142016666666,19.011748216666664,18.556107,-2.5000354492838532
2024-11-07 05:00:00,20.5292989,15.551966633333334,19.176392,-1.3529072984375006
2024-11-07 05:30:00,15.219703166666667,9.5901079,19.747162,4.527458698567708
2024-11-07 06:00:00,10.829059283333336,10.25054005,17.325165,6.496105511588539
2024-11-07 06:30:00,6.5507451,6.60018555,13.2131815,6.662436395666504
2024-11-07 07:00:00,0.8432393666666669,2.7989411,7.52707,6.683830678804524
2024-11-07 07:30:00,1.7527749499999998,-9.823608466666668,-2.3060753,-4.05885028454895
2024-11-07 08:00:00,-10.868732683333334,-31.73825995,-15.532714,-4.663981206742349
2024-11-07 08:30:00,-18.97322945,-48.84426731666667,-31.66626,-12.693030315624998
2024-11-07 09:00:00,-42.04742281666667,-67.14624328333333,-49.36435,-7.316926548567707
2024-11-07 09:30:00,-56.43452445,-78.50012991666667,-65.80296,-9.36843880683594
2024-11-07 10:00:00,-76.08205496666666,-96.51626936666666,-84.18794,-8.105887538216152
2024-11-07 10:30:00,-83.41730658333333,-104.7501837,-103.035736,-19.618429500651047
2024-11-07 11:00:00,-88.6162174,-113.69273311666667,-118.62394,-30.00772211416016
2024-11-07 11:30:00,-94.74382605,-131.3208555666667,-131.35864,-36.614816528125004
2024-11-07 12:00:00,-108.20195648333332,-144.4462461,-139.95102,-31.749062803776056
2024-11-07 12:30:00,-107.54589391666669,-165.23768049999998,-145.42534,-37.8794448284505
2024-11-07 13:00:00,-118.63971501666668,-162.70694386666665,-146.54468,-27.904962717708315
2024-11-07 13:30:00,-106.7223095,-129.4181423,-140.87831,-34.15600165722657
2024-11-07 14:00:00,-91.5168073,-109.1347101,-130.73808,-39.22127558574219
2024-11-07 14:30:00,-85.36421816666666,-103.36263648333332,-117.48892,-32.124703952473965
2024-11-07 15:00:00,-77.44201565,-86.07860053333333,-100.91768,-23.47566318300781
2024-11-07 15:30:00,-65.6751854,-78.27843221666666,-81.92492,-16.249733728417965
2024-11-07 16:00:00,-57.42994231666666,-68.0045885,-62.942,-5.512059026106776
2024-11-07 16:30:00,-34.811161,-46.49137506666667,-46.296494,-11.485332530273439
2024-11-07 17:00:00,-21.24291435,-28.09744335,-30.887909,-9.644994585546875
2024-11-07 17:30:00,-3.0894632166666667,-13.9937623,-17.000687,-13.911223428841145
2024-11-07 18:00:00,3.14568345,-5.346752216666666,-8.307357,-11.453040284411621
2024-11-07 18:30:00,10.841620616666669,-0.3998877833333334,0.76919633,-10.072424285165662
2024-11-07 19:00:00,14.090063833333334,5.726006033333333,7.983445,-6.10661866579183
2024-11-07 19:30:00,17.5200811,14.231366216666666,13.537248,-3.98283344222412
2024-11-07 20:00:00,19.616175616666663,17.47449995,15.917756,-3.6984195360392214
2024-11-07 20:30:00,22.33777005,19.876156166666668,15.936311,-6.401459281872558
2024-11-07 21:00:00,24.66131775,17.67374325,14.6645975,-9.996720238708495
2024-11-07 21:30:00,22.03878215,15.56649,13.098466,-8.94031623050537
2024-11-07 22:00:00,19.486826716666663,11.546034366666667,14.287934,-5.198892413382971
2024-11-07 22:30:00,16.6541055,11.2751276,15.226319,-1.4277861869506836
2024-11-07 23:00:00,20.095632366666667,16.774787183333334,15.650376,-4.445256046781413
2024-11-07 23:30:00,19.690395016666667,19.468893233333333,16.26622,-3.4241749238932293
2024-11-08 00:00:00,19.624594966666667,19.59068375,16.391937,-3.232657710807292
2024-11-08 00:30:00,19.84354715,20.25480345,17.369537,-2.474009796484374
2024-11-08 01:00:00,19.224058866666667,20.71320683333333,17.507431,-1.7166278363932292
2024-11-08 01:30:00,18.08587595,18.261889,17.439331,-0.6465448953124984
2024-11-08 02:00:00,17.456795616666668,19.68494395,19.462463,2.0056677622395824
2024-11-08 02:30:00,16.405277316666666,19.79106833333333,19.64647,3.2411917995442714
2024-11-08 03:00:00,17.5762027,21.6019062,19.300781,1.7245785500000004
2024-11-08 03:30:00,19.938496633333333,21.359215566666663,19.126404,-0.8120928247395831
2024-11-08 04:00:00,24.006931100000003,20.37764395,16.96634,-7.040591988671878
2024-11-08 04:30:00,28.407230066666667,21.056142016666666,15.91414,-12.493090319047038
2024-11-08 05:00:00,19.830979616666667,20.5292989,13.769181,-6.061798365140788
2024-11-08 05:30:00,17.906776616666665,15.219703166666667,13.463868,-4.442908475492349
2024-11-08 06:00:00,12.6543361,10.829059283333336,11.694703,-0.9596329978881837
2024-11-08 06:30:00,13.581968316666666,6.5507451,8.11992,-5.462048539750162
2024-11-08 07:00:00,3.5408189,0.8432393666666669,1.3051614,-2.2356575430740357
2024-11-08 07:30:00,-12.690991733333334,1.7527749499999998,-6.0211935,6.669798228999838
2024-11-08 08:00:00,-24.3889734,-10.868732683333334,-18.076843,6.312130138281251
2024-11-08 08:30:00,-36.32144156666667,-18.97322945,-29.783218,6.5382231828776085
2024-11-08 09:00:00,-53.05873776666667,-42.04742281666667,-45.445038,7.613699924869792
2024-11-08 09:30:00,-64.67011566666666,-56.43452445,-63.071243,1.598872380533848
2024-11-08 10:00:00,-81.64049501666666,-76.08205496666666,-81.19928,0.4412152315104123
2024-11-08 10:30:00,-83.23811061666667,-83.41730658333333,-96.60104,-13.362933084505201
2024-11-08 11:00:00,-111.31020373333332,-88.6162174,-108.718605,2.591598691829418
2024-11-08 11:30:00,-135.59745841666668,-94.74382605,-118.71094,16.886520916666683
2024-11-08 12:00:00,-162.78863996666666,-108.20195648333332,-127.51391,35.274731580436196
2024-11-08 12:30:00,-146.28939825,-107.54589391666669,-131.03625,15.253143367187505
2024-11-08 13:00:00,-161.63379998333332,-118.63971501666668,-131.2548,30.37899346477863
2024-11-08 13:30:00,-168.18604668333333,-106.7223095,-127.37161,40.814434134505206
2024-11-08 14:00:00,-149.7166938833333,-91.5168073,-118.38077,31.33592606106768
2024-11-08 14:30:00,-137.42818221666667,-85.36421816666666,-106.74212,30.68606338121745
2024-11-08 15:00:00,-114.33104825,-77.44201565,-90.8793,23.45174527148437
2024-11-08 15:30:00,-95.64691448333332,-65.6751854,-73.177505,22.469408990169256
2024-11-08 16:00:00,-82.42983158333332,-57.42994231666666,-54.32074,28.109091837239575
2024-11-08 16:30:00,-57.39808718333333,-34.811161,-37.473938,19.92414919505208
2024-11-08 17:00:00,-43.71396051666667,-21.24291435,-22.264145,21.44981561920573
2024-11-08 17:30:00,-23.236476666666665,-3.0894632166666667,-10.6579275,12.578549153544106
2024-11-08 18:00:00,-11.544736616666668,3.14568345,-1.0191947,10.52554189449107
2024-11-08 18:30:00,-4.008436633333333,10.841620616666669,6.6119547,10.620391322359211
2024-11-08 19:00:00,1.617551833333333,14.090063833333334,13.136201,11.518649071512858
2024-11-08 19:30:00,9.487034483333334,17.5200811,16.08879,6.601756410221354
2024-11-08 20:00:00,13.982228400000002,19.616175616666663,18.059921,4.077692864648435
2024-11-08 20:30:00,15.563964933333333,22.33777005,17.165482,1.6015166340494797
2024-11-08 21:00:00,16.519897716666666,24.66131775,15.4162,-1.1036980325235994
2024-11-08 21:30:00,14.58561175,22.03878215,14.701112,0.11550004351806642
2024-11-08 22:00:00,14.882519316666666,19.486826716666663,16.151215,1.2686952829427085
2024-11-08 22:30:00,15.045706133333333,16.6541055,16.27501,1.2293030219401047
2024-11-08 23:00:00,15.859889383333334,20.095632366666667,19.11821,3.2583204555338536
2024-11-08 23:30:00,18.23008663333333,19.690395016666667,21.029846,2.799759558072921
2024-11-09 00:00:00,16.253058433333333,19.624594966666667,20.251999,3.9989404680338545
2024-11-09 00:30:00,15.533482116666669,19.84354715,20.73767,5.204188781770831
2024-11-09 01:00:00,16.148997783333332,19.224058866666667,20.882599,4.733601093619793
2024-11-09 01:30:00,18.296223883333333,18.08587595,20.93689,2.640665765104167
2024-11-09 02:00:00,18.527043466666665,17.456795616666668,20.933762,2.4067181300130223
2024-11-09 02:30:00,20.18392115,16.405277316666666,21.509201,1.3252798998046877
2024-11-09 03:00:00,20.030268916666667,17.5762027,20.845306,0.8150374798177076
2024-11-09 03:30:00,18.6123817,19.938496633333333,21.073975,2.4615929093749997
2024-11-09 04:00:00,18.946336616666667,24.006931100000003,18.241821,-0.7045153276041667
2024-11-09 04:30:00,23.124526783333334,28.407230066666667,17.31955,-5.804977222786459
2024-11-09 05:00:00,22.397447666666665,19.830979616666667,15.0287485,-7.368699154398598
2024-11-09 05:30:00,15.3483337,17.906776616666665,15.678803,0.3304697439086919
2024-11-09 06:00:00,8.733816116666667,12.6543361,13.329698,4.595881492281087
2024-11-09 06:30:00,8.927933283333333,13.581968316666666,9.407945,0.48001139592692077
2024-11-09 07:00:00,-5.32559935,3.5408189,2.7329414,8.058540739083863
2024-11-09 07:30:00,-14.790326633333336,-12.690991733333334,-7.035369,7.754957713960778
2024-11-09 08:00:00,-24.834322683333337,-24.3889734,-18.51355,6.320772878645837
2024-11-09 08:30:00,-40.90798938333334,-36.32144156666667,-31.500778,9.40721118509115
2024-11-09 09:00:00,-60.43723873333334,-53.05873776666667,-48.23427,12.202970544856775
2024-11-09 09:30:00,-74.41423396666666,-64.67011566666666,-63.32074,11.093494220572907
2024-11-09 10:00:00,-69.20151109999999,-81.64049501666666,-77.0524,-7.8508875816406345
2024-11-09 10:30:00,-72.57329374999999,-83.23811061666667,-94.23499,-21.66169923095704
2024-11-09 11:00:00,-86.15885828333334,-111.31020373333332,-107.4686,-21.30973912877603
2024-11-09 11:30:00,-104.80123106666667,-135.59745841666668,-120.693634,-15.892402966536451
2024-11-09 12:00:00,-121.68228553333334,-162.78863996666666,-132.00868,-10.32639671764322
2024-11-09 12:30:00,-139.26461775,-146.28939825,-138.05376,1.210861036132826
2024-11-09 13:00:00,-133.5480318,-161.63379998333332,-139.21362,-5.66559124687501
2024-11-09 13:30:00,-121.15987106666668,-168.18604668333333,-138.98149,-17.821620022200506
2024-11-09 14:00:00,-109.29146285,-149.7166938833333,-132.09563,-22.804163981054685
2024-11-09 14:30:00,-98.02302041666668,-137.42818221666667,-121.28963,-23.26660665852863
2024-11-09 15:00:00,-90.35022786666669,-114.33104825,-104.57092,-14.220694984895815
2024-11-09 15:30:00,-79.7018112,-95.64691448333332,-88.05277,-8.350961321972662
2024-11-09 16:00:00,-63.93497166666666,-82.42983158333332,-68.74844,-4.813471936848963
2024-11-09 16:30:00,-43.04028455,-57.39808718333333,-50.25392,-7.21363695878906
2024-11-09 17:00:00,-28.538411666666665,-43.71396051666667,-33.872925,-5.334513138020835
2024-11-09 17:30:00,-22.98573453333333,-23.236476666666665,-19.03917,3.946565221809891
2024-11-09 18:00:00,-11.991415616666666,-11.544736616666668,-7.303817,4.687598821317545
2024-11-09 18:30:00,6.939865016666666,-4.008436633333333,1.2234353,-5.716429733959452
2024-11-09 19:00:00,8.08085795,1.617551833333333,9.0370035,0.9561455671508785
2024-11-09 19:30:00,16.904245016666668,9.487034483333334,13.362489,-3.541756270023601
2024-11-09 20:00:00,20.8350221,13.982228400000002,13.658586,-7.176436551599121
2024-11-09 20:30:00,24.47964435,15.563964933333333,14.33336,-10.146284631677247
2024-11-09 21:00:00,23.251046733333336,16.519897716666666,14.435792,-8.81525476403402
2024-11-09 21:30:00,20.819499383333333,14.58561175,15.142564,-5.67693556344808
2024-11-09 22:00:00,22.1939133,14.882519316666666,15.063294,-7.130618889294432
2024-11-09 22:30:00,18.107288866666668,15.045706133333333,15.295365,-2.811923533109539
2024-11-09 23:00:00,16.712903866666668,15.859889383333334,17.397568,0.6846638823567694
2024-11-09 23:30:00,17.94050335,18.23008663333333,16.659607,-1.2808964164062502
2024-11-10 00:00:00,14.391780083333336,16.253058433333333,16.851944,2.460163886393227
2024-11-10 00:30:00,18.66094383333333,15.533482116666669,16.411423,-2.2495211038411433
2024-11-10 01:00:00,16.84198325,16.148997783333332,17.148407,0.3064237324218766
2024-11-10 01:30:00,18.838964533333336,18.296223883333333,17.31778,-1.5211849923177105
2024-11-10 02:00:00,17.042671116666668,18.527043466666665,17.454254,0.4115830337239572
2024-11-10 02:30:00,18.977557066666662,20.18392115,18.900223,-0.07733428834634992
2024-11-10 03:00:00,19.567979366666663,20.030268916666667,20.801468,1.23348852884115
2024-11-10 03:30:00,18.399280216666668,18.6123817,19.153671,0.7543910479817697
2024-11-10 04:00:00,23.624342783333333,18.946336616666667,19.645462,-3.9788807472005203
2024-11-10 04:30:00,26.6086895,23.124526783333334,18.739166,-7.8695232402343755
2024-11-10 05:00:00,18.54755828333333,22.397447666666665,16.516647,-2.030910944466143
2024-11-10 05:30:00,14.6456544,15.3483337,16.73909,2.0934355658203128
2024-11-10 06:00:00,8.830717083333333,8.733816116666667,15.008454,6.177737239481608
2024-11-10 06:30:00,2.0814561833333336,8.927933283333333,10.325501,8.244045258622233
2024-11-10 07:00:00,-2.4013651,-5.32559935,3.7223976,6.123762665841674
2024-11-10 07:30:00,-18.21755835,-14.790326633333336,-6.843459,11.374099220666505
2024-11-10 08:00:00,-31.721907216666665,-24.834322683333337,-19.574799,12.14710863268229
2024-11-10 08:30:00,-56.969696166666665,-40.90798938333334,-33.931656,23.038040282877603
2024-11-10 09:00:00,-76.1029506,-60.43723873333334,-48.282837,27.8201136859375
2024-11-10 09:30:00,-86.31702266666666,-74.41423396666666,-63.50035,22.816671714518222
2024-11-10 10:00:00,-109.40035396666669,-69.20151109999999,-77.67906,31.721292077018248
2024-11-10 10:30:00,-132.9898684,-72.57329374999999,-91.309685,41.68018364658204
2024-11-10 11:00:00,-151.2053978,-86.15885828333334,-104.80875,46.39665146210936
2024-11-10 11:30:00,-165.55003725,-104.80123106666667,-116.01571,49.53432832666016
2024-11-10 12:00:00,-170.60818830000002,-121.68228553333334,-125.34703,45.261157660351586
2024-11-10 12:30:00,-171.37630336666666,-139.26461775,-129.94043,41.43587367916666
2024-11-10 13:00:00,-172.61600768333332,-133.5480318,-129.51096,43.10505187278645
2024-11-10 13:30:00,-165.67120653333333,-121.15987106666668,-127.78062,37.89058977307943
2024-11-10 14:00:00,-157.09842275000003,-109.29146285,-120.78414,36.31428120947268
2024-11-10 14:30:00,-136.31361841666669,-98.02302041666668,-110.880684,25.432934517740904
2024-11-10 15:00:00,-120.59012885,-90.35022786666669,-95.61273,24.97739691640625
2024-11-10 15:30:00,-95.13929885,-79.7018112,-79.54454,15.594758444726565
2024-11-10 16:00:00,-78.80458293333334,-63.93497166666666,-61.06035,17.74423442259115
2024-11-10 16:30:00,-57.99184708333333,-43.04028455,-42.436478,15.55536942220052
2024-11-10 17:00:00,-37.94079331666666,-28.538411666666665,-28.937607,9.00318650514322
2024-11-10 17:30:00,-22.65699345,-22.98573453333333,-15.979552,6.677441181018068
2024-11-10 18:00:00,-13.96468495,-11.991415616666666,-5.575942,8.388742910510254
2024-11-10 18:30:00,-4.460099416666666,6.939865016666666,3.6427314,8.102830844813028
2024-11-10 19:00:00,1.1039061333333338,8.08085795,10.284364,9.180457613309732
2024-11-10 19:30:00,5.872158416666667,16.904245016666668,14.803224,8.931065193257648
2024-11-10 20:00:00,10.882834866666668,20.8350221,17.97725,7.094414278841144
2024-11-10 20:30:00,13.474043366666663,24.47964435,19.02629,5.552247526888024
2024-11-10 21:00:00,17.823422116666666,23.251046733333336,17.950897,0.12747510013020857
2024-11-10 21:30:00,20.43795245,20.819499383333333,18.17839,-2.2595619470703134
2024-11-10 22:00:00,17.370705216666668,22.1939133,19.731094,2.3603891436848947
2024-11-10 22:30:00,16.013061683333333,18.107288866666668,18.644714,2.6316526721354165
2024-11-10 23:00:00,16.698664516666664,16.712903866666668,18.61847,1.919804721614586
2024-11-10 23:30:00,19.77993725,17.94050335,16.245636,-3.5343012636718747
2024-11-11 00:00:00,19.580732183333332,14.391780083333336,18.845215,-0.7355173395833319
2024-11-11 00:30:00,19.216753883333336,18.66094383333333,18.203476,-1.0132779311848985
2024-11-11 01:00:00,18.79732338333333,16.84198325,19.15477,0.35744651412760575
2024-11-11 01:30:00,21.710323766666665,18.838964533333336,19.639664,-2.0706600703776026
2024-11-11 02:00:00,22.81626345,17.042671116666668,19.131042,-3.685220969531251
2024-11-11 02:30:00,23.47902051666667,18.977557066666662,18.899002,-4.580018441471356
2024-11-11 03:00:00,21.213383983333333,19.567979366666663,19.634003,-1.5793812977864583
2024-11-11 03:30:00,21.185754466666666,18.399280216666668,17.765152,-3.420602489127603
2024-11-11 04:00:00,26.08603438333333,23.624342783333333,17.541412,-8.544622029817706
2024-11-11 04:30:00,30.721163983333337,26.6086895,16.520355,-14.200808758723962
2024-11-11 05:00:00,20.577035533333333,18.54755828333333,13.923081,-6.6539541353230796
2024-11-11 05:30:00,15.300586733333333,14.6456544,13.2648325,-2.0357542366902663
2024-11-11 06:00:00,10.32629735,8.830717083333333,9.470902,-0.8553949070678719
2024-11-11 06:30:00,9.020197883333331,2.0814561833333336,5.6982584,-3.3219394833699525
2024-11-11 07:00:00,7.817327266666667,-2.4013651,-0.04775921,-7.865086475494878
2024-11-11 07:30:00,-1.081673133333333,-18.21755835,-8.284118,-7.2024445653361004
2024-11-11 08:00:00,-11.801473783333334,-31.721907216666665,-20.046844,-8.245370699088541
2024-11-11 08:30:00,-27.4220401,-56.969696166666665,-35.63188,-8.209841613867187
2024-11-11 09:00:00,-47.6432633,-76.1029506,-53.032104,-5.388841192187499
2024-11-11 09:30:00,-66.71155278333333,-86.31702266666666,-69.218704,-2.507151440299481
2024-11-11 10:00:00,-80.86303458333333,-109.40035396666669,-85.069336,-4.206301354166669
2024-11-11 10:30:00,-89.11553378333333,-132.9898684,-100.828674,-11.713140533072917
2024-11-11 11:00:00,-100.92734885,-151.2053978,-118.36678,-17.439434292089842
2024-11-11 11:30:00,-100.57766386666668,-165.55003725,-130.39812,-29.820453198763005
2024-11-11 12:00:00,-102.61760275,-170.60818830000002,-139.74596,-37.128353670898434
2024-11-11 12:30:00,-106.41808166666668,-171.37630336666666,-145.3762,-38.95812377766926
2024-11-11 13:00:00,-110.5036472,-172.61600768333332,-145.77295,-35.26930201875
2024-11-11 13:30:00,-105.3398905,-165.67120653333333,-141.08954,-35.749648074218754
2024-11-11 14:00:00,-100.91736448333334,-157.09842275000003,-133.06856,-32.15119325592447
2024-11-11 14:30:00,-84.64907596666667,-136.31361841666669,-122.10534,-37.4562630836263
2024-11-11 15:00:00,-73.87338226666667,-120.59012885,-107.18749,-33.3141101039388
2024-11-11 15:30:00,-53.78405398333334,-95.13929885,-88.57306,-34.78900509869791
2024-11-11 16:00:00,-38.67667623333333,-78.80458293333334,-71.47442,-32.79774240680339
2024-11-11 16:30:00,-23.1157813,-57.99184708333333,-53.68213,-30.56634760625
2024-11-11 17:00:00,-13.438957783333334,-37.94079331666666,-36.8385,-23.399543193229164
2024-11-11 17:30:00,-2.09639495,-22.65699345,-23.417648,-21.321253365429687
2024-11-11 18:00:00,2.662525516666667,-13.96468495,-12.585357,-15.247882229007976
2024-11-11 18:30:00,6.91494055,-4.460099416666666,-1.7503959,-8.665336444050599
2024-11-11 19:00:00,17.773393416666668,1.1039061333333338,6.0745707,-11.698822760843914
2024-11-11 19:30:00,17.400678850000002,5.872158416666667,10.63556,-6.765118814294436
2024-11-11 20:00:00,15.13934055,10.882834866666668,14.766145,-0.3731957974975586
2024-11-11 20:30:00,17.897585566666667,13.474043366666663,15.606629,-2.2909561950236004
2024-11-11 21:00:00,14.543465633333334,17.823422116666666,13.749253,-0.7942123603230797
2024-11-11 21:30:00,15.427511583333334,20.43795245,14.188569,-1.238942514424643
2024-11-11 22:00:00,19.3748101,17.370705216666668,16.152374,-3.2224358324218763
2024-11-11 22:30:00,20.116806083333334,16.013061683333333,15.53885,-4.577956252705892
2024-11-11 23:00:00,22.238484033333336,16.698664516666664,15.708665,-6.529819139229332
2024-11-11 23:30:00,24.54314055,19.77993725,16.388687,-8.154453416210938
2024-11-12 00:00:00,21.75446893333333,19.580732183333332,18.817352,-2.9371166384114566
2024-11-12 00:30:00,21.166381116666667,19.216753883333336,19.0643,-2.102080579557292
2024-11-12 01:00:00,19.60451073333333,18.79732338333333,19.777847,0.17333655670573123
2024-11-12 01:30:00,20.065815500000003,21.710323766666665,20.703262,0.6374468291015596
2024-11-12 02:00:00,19.936581683333333,22.81626345,21.489914,1.5533322570963541
2024-11-12 02:30:00,19.75571835,23.47902051666667,19.918182,0.16246402304687635
2024-11-12 03:00:00,20.57225325,21.213383983333333,20.24356,-0.32869245898437427
2024-11-12 03:30:00,23.28326325,21.185754466666666,21.512665,-1.770598455078126
2024-11-12 04:00:00,20.69352665,26.08603438333333,20.037323,-0.656203651953124
2024-11-12 04:30:00,21.70142445,30.721163983333337,18.539993,-3.1614311638671886
2024-11-12 05:00:00,20.47292155,20.577035533333333,14.763795,-5.709126651013182
2024-11-12 05:30:00,20.237746583333333,15.300586733333333,12.275392,-7.962355004659017
2024-11-12 06:00:00,17.672821850000002,10.32629735,8.59044,-9.082382053552248
2024-11-12 06:30:00,10.596648916666666,9.020197883333331,3.887574,-6.709074959223429
2024-11-12 07:00:00,9.317787866666666,7.817327266666667,-3.3495476,-12.66733549125468
2024-11-12 07:30:00,0.197825533333333,-1.081673133333333,-12.338271,-12.536096674385579
2024-11-12 08:00:00,-12.822504,-11.801473783333334,-22.635544,-9.813039823242187
2024-11-12 08:30:00,-30.823807483333336,-27.4220401,-36.60565,-5.781844372135414
2024-11-12 09:00:00,-39.59460943333334,-47.6432633,-52.08197,-12.48736078151041
2024-11-12 09:30:00,-60.9427278,-66.71155278333333,-67.25844,-6.315710310351562
2024-11-12 10:00:00,-78.70183945000001,-80.86303458333333,-83.98053,-5.2786903351562415
2024-11-12 10:30:00,-88.22573998333333,-89.11553378333333,-99.04867,-10.822927924381517
2024-11-12 11:00:00,-95.61894838333336,-100.92734885,-113.8102,-18.191255168912733
2024-11-12 11:30:00,-107.86026275,-100.57766386666668,-124.73369,-16.873425604492184
2024-11-12 12:00:00,-115.77770383333336,-102.61760275,-131.7148,-15.93709414029945
2024-11-12 12:30:00,-124.56296225,-106.41808166666668,-135.30421,-10.741252227539064
2024-11-12 13:00:00,-118.24743495,-110.5036472,-135.3944,-17.14695897089844
2024-11-12 13:30:00,-114.24899838333332,-105.3398905,-130.70116,-16.452158232877622
2024-11-12 14:00:00,-101.00028501666668,-100.91736448333334,-122.96673,-21.96644319378254
2024-11-12 14:30:00,-91.35786541666666,-84.64907596666667,-109.50264,-18.144774353841157
2024-11-12 15:00:00,-77.3044237,-73.87338226666667,-94.3261,-17.021679510449218
2024-11-12 15:30:00,-61.73592168333334,-53.78405398333334,-76.25847,-14.52254694459635
2024-11-12 16:00:00,-49.156167116666666,-38.67667623333333,-56.928574,-7.772406491731772
2024-11-12 16:30:00,-32.11101061666667,-23.1157813,-39.93872,-7.827710086458332
2024-11-12 17:00:00,-22.18374843333333,-13.438957783333334,-25.30539,-3.1216409709635435
2024-11-12 17:30:00,-10.1057305,-2.09639495,-11.146102,-1.0403714515991211
2024-11-12 18:00:00,-2.484462933333333,2.662525516666667,-0.7651207,1.7193422482327776
2024-11-12 18:30:00,3.8777388,6.91494055,7.3193064,3.4415675735961915
2024-11-12 19:00:00,9.923260216666668,17.773393416666668,12.728333,2.8050732565388987
2024-11-12 19:30:00,13.645507733333334,17.400678850000002,16.243835,2.598327715885416
2024-11-12 20:00:00,13.09163395,15.13934055,17.591629,4.499995078320312
2024-11-12 20:30:00,18.63247601666667,17.897585566666667,18.831467,0.19899065813801897
2024-11-12 21:00:00,18.910980516666665,14.543465633333334,18.975296,0.06431550384114715
2024-11-12 21:30:00,20.32616296666667,15.427511583333334,17.22638,-3.0997835721354186
2024-11-12 22:00:00,25.24685115,19.3748101,17.14389,-8.102960769140626
2024-11-12 22:30:00,19.394937183333337,20.116806083333334,17.186798,-2.2081390876302116
2024-11-12 23:00:00,22.7615316,22.238484033333336,17.460617,-5.300914534570314
2024-11-12 23:30:00,27.0467955,24.54314055,18.34134,-8.705456388671877
2024-11-13 00:00:00,23.258043366666666,21.75446893333333,19.400238,-3.8578053295572907
2024-11-13 00:30:00,22.546971016666664,21.166381116666667,20.610672,-1.9362990195963512
2024-11-13 01:00:00,24.42511325,19.60451073333333,20.532883,-3.8922305595703115
2024-11-13 01:30:00,23.179785483333333,20.065815500000003,20.10147,-3.078314536067708
2024-11-13 02:00:00,23.05028833333333,19.936581683333333,22.523071,-0.5272170442708308
2024-11-13 02:30:00,23.383446083333336,19.75571835,22.974365,-0.40908084895833596
2024-11-13 03:00:00,23.877638216666668,20.57225325,21.824203,-2.0534347254557304
2024-11-13 03:30:00,24.348892816666662,23.28326325,22.114975,-2.233917841080725
2024-11-13 04:00:00,25.035850666666665,20.69352665,19.703552,-5.332298420572915
2024-11-13 04:30:00,25.450091083333334,21.70142445,17.481522,-7.968569476888021
2024-11-13 05:00:00,19.5414567,20.47292155,14.99437,-4.547086239489747
2024-11-13 05:30:00,15.97631105,20.237746583333333,14.401032,-1.5752786021850582
2024-11-13 06:00:00,19.88263333333333,17.672821850000002,12.087144,-7.795489435323077
2024-11-13 06:30:00,14.530397233333334,10.596648916666666,6.8497477,-7.680649575557455
2024-11-13 07:00:00,10.491500066666667,9.317787866666666,1.1048745,-9.386625574975078
2024-11-13 07:30:00,8.966438483333333,0.197825533333333,-7.9740896,-16.940528105830893
2024-11-13 08:00:00,3.079101783333334,-12.822504,-20.113052,-23.192154151497398
2024-11-13 08:30:00,-4.893800016666667,-30.823807483333336,-34.69464,-29.800841096614583
2024-11-13 09:00:00,-11.79850955,-39.59460943333334,-49.661926,-37.86341671953125
2024-11-13 09:30:00,-30.549203950000003,-60.9427278,-63.828445,-33.279241484570306
2024-11-13 10:00:00,-39.0012712,-78.70183945000001,-78.058105,-39.05683426875
2024-11-13 10:30:00,-64.93001,-88.22573998333333,-93.20578,-28.27577002929688
2024-11-13 11:00:00,-79.96502265,-95.61894838333336,-105.70642,-25.741398248437505
2024-11-13 11:30:00,-92.77319381666666,-107.86026275,-117.33038,-24.557189484114588
2024-11-13 12:00:00,-132.7161883,-115.77770383333336,-125.29915,7.417039740429686
2024-11-13 12:30:00,-110.24099288333332,-124.56296225,-128.48837,-18.247379919401055
2024-11-13 13:00:00,-115.79818953333334,-118.24743495,-128.19914,-12.400952922721345
2024-11-13 13:30:00,-117.1012855,-114.24899838333332,-123.26643,-6.1651482158203095
2024-11-13 14:00:00,-132.5893022333333,-101.00028501666668,-115.87142,16.71788041936847
2024-11-13 14:30:00,-111.4662923,-91.35786541666666,-104.68336,6.782935061230475
2024-11-13 15:00:00,-101.5238111,-77.3044237,-90.33193,11.19187903212891
2024-11-13 15:30:00,-88.13522426666667,-61.73592168333334,-72.51243,15.622795982975262
2024-11-13 16:00:00,-75.72717571666666,-49.156167116666666,-54.224533,21.502642635611977
2024-11-13 16:30:00,-59.156471683333336,-32.11101061666667,-37.77954,21.376930667708336
2024-11-13 17:00:00,-37.01977948333333,-22.18374843333333,-24.292221,12.727558413997393
2024-11-13 17:30:00,-12.001072766666669,-10.1057305,-11.688628,0.31244456995035996
2024-11-13 18:00:00,-2.3235789,-2.484462933333333,-2.6986687,-0.3750898183380129
2024-11-13 18:30:00,7.92279015,3.8777388,4.3536386,-3.5691515010131836
2024-11-13 19:00:00,7.2775977,9.923260216666668,9.057313,1.7797152653930661
2024-11-13 19:30:00,8.9069,13.645507733333334,12.324449,3.4175485855102536
2024-11-13 20:00:00,12.967803350000002,13.09163395,13.995896,1.0280929894165016
2024-11-13 20:30:00,19.9704463,18.63247601666667,17.582214,-2.388231944531249
2024-11-13 21:00:00,17.108019933333335,18.910980516666665,17.633026,0.5250061897135403
2024-11-13 21:30:00,17.9674867,20.32616296666667,18.75476,0.7872740421875015
2024-11-13 22:00:00,19.219997783333334,25.24685115,19.168732,-0.05126609388020853
2024-11-13 22:30:00,15.459975483333332,19.394937183333337,18.899445,3.4394690967447925
2024-11-13 23:00:00,20.104277616666664,22.7615316,18.55156,-1.5527181684244766
2024-11-13 23:30:00,24.19457608333333,27.0467955,19.403168,-4.791408358723956
2024-11-14 00:00:00,22.20047325,23.258043366666666,19.272263,-2.928210676757814
2024-11-14 00:30:00,20.73033338333333,22.546971016666664,20.530106,-0.2002277925130187
2024-11-14 01:00:00,22.24535985,24.42511325,22.125061,-0.12029881484374982
2024-11-14 01:30:00,18.3875017,23.179785483333333,23.523056,5.135554330273436
2024-11-14 02:00:00,18.800137733333333,23.05028833333333,24.06314,5.263003135807292
2024-11-14 02:30:00,19.04234965,23.383446083333336,23.447174,4.4048244222656265
2024-11-14 03:00:00,19.035835483333333,23.877638216666668,23.349884,4.314048549869792
2024-11-14 03:30:00,21.36025623333333,24.348892816666662,22.456589,1.0963325117838565
2024-11-14 04:00:00,20.15371345,25.035850666666665,21.470886,1.3171727804687485
2024-11-14 04:30:00,21.650212816666667,25.450091083333334,19.348343,-2.301869921158854
2024-11-14 05:00:00,20.30577663333333,19.5414567,18.868073,-1.4377041235677055
2024-11-14 05:30:00,12.780647783333334,15.97631105,17.300156,4.519507856315103
2024-11-14 06:00:00,13.134416133333334,19.88263333333333,14.817689,1.6832728086222328
2024-11-14 06:30:00,6.3482026000000005,14.530397233333334,10.836869,4.488666639807128
2024-11-14 07:00:00,-1.5762654166666668,10.491500066666667,4.9322977,6.508563123270671
2024-11-14 07:30:00,-4.234362266666666,8.966438483333333,-5.1382895,-0.9039271849324555
2024-11-14 08:00:00,-15.982128966666666,3.079101783333334,-15.637343,0.34478555998942007
2024-11-14 08:30:00,-24.106611200000003,-4.893800016666667,-26.521622,-2.4150105041015593
2024-11-14 09:00:00,-42.432847216666666,-11.79850955,-39.338364,3.094483569205728
2024-11-14 09:30:00,-52.916369333333336,-30.549203950000003,-52.18167,0.7346981907552106
2024-11-14 10:00:00,-71.42862618333334,-39.0012712,-66.853485,4.575141075911461
2024-11-14 10:30:00,-84.7617899,-64.93001,-81.73845,3.023340803320309
2024-11-14 11:00:00,-101.61882935,-79.96502265,-95.12648,6.492349247460936
2024-11-14 11:30:00,-134.6798718,-92.77319381666666,-105.407845,29.27202725654297
2024-11-14 12:00:00,-152.32083179999998,-132.7161883,-116.45022,35.870613599316385
2024-11-14 12:30:00,-157.31282951666665,-110.24099288333332,-120.75049,36.56234123541665
2024-11-14 13:00:00,-149.39677548333336,-115.79818953333334,-121.9555,27.44127774163414
2024-11-14 13:30:00,-153.49140951666666,-117.1012855,-118.36589,35.12551901373698
2024-11-14 14:00:00,-160.5519366166667,-132.5893022333333,-114.224594,46.32734250045576
2024-11-14 14:30:00,-139.88275151666667,-111.4662923,-102.40435,37.478401235904954
2024-11-14 15:00:00,-118.44501546666667,-101.5238111,-90.21714,28.22787526891277
2024-11-14 15:30:00,-95.84930838333334,-88.13522426666667,-74.633575,21.215732943880212
2024-11-14 16:00:00,-77.31825941666666,-75.72717571666666,-59.45082,17.8674384938151
2024-11-14 16:30:00,-57.588809950000005,-59.156471683333336,-43.11731,14.471500379687505
2024-11-14 17:00:00,-34.614758849999994,-37.01977948333333,-28.784363,5.830396057031244
2024-11-14 17:30:00,-17.7146296,-12.001072766666669,-15.867217,1.84741253609619
2024-11-14 18:00:00,-2.5974233166666667,-2.3235789,-5.027877,-2.4304535372762044
2024-11-14 18:30:00,1.045879583333333,7.92279015,2.971009,1.9251294327036543
2024-11-14 19:00:00,5.43308175,7.2775977,10.277284,4.844201918518066
2024-11-14 19:30:00,12.985533983333331,8.9069,15.320222,2.33468791760661
2024-11-14 20:00:00,16.28739775,12.967803350000002,18.838898,2.5514999550781248
2024-11-14 20:30:00,14.712935166666668,19.9704463,20.131363,5.418427748372395
2024-11-14 21:00:00,15.87675735,17.108019933333335,20.685684,4.808926854101562
2024-11-14 21:30:00,19.1895473,17.9674867,21.957214,2.767667055468749
2024-11-14 22:00:00,16.215630633333333,19.219997783333334,21.058563,4.842932599088542
2024-11-14 22:30:00,15.734719566666667,15.459975483333332,19.92833,4.19360990110677
2024-11-14 23:00:00,22.179050516666667,20.104277616666664,19.327301,-2.851749491276042
2024-11-14 23:30:00,21.578668266666668,24.19457608333333,20.558334,-1.0203339160807303
2024-11-15 00:00:00,16.464218733333333,22.20047325,19.641357,3.1771386885416675
2024-11-15 00:30:00,17.69532395,20.73033338333333,20.419373,2.724048608593751
2024-11-15 01:00:00,19.68568055,22.24535985,20.492935,0.8072546306640618
2024-11-15 01:30:00,18.38951173333333,18.3875017,21.476303,3.0867913672526086
2024-11-15 02:00:00,18.869223816666665,18.800137733333333,20.715912,1.8466880485677102
2024-11-15 02:30:00,20.51786215,19.04234965,22.02504,1.5071775228515634
2024-11-15 03:00:00,18.491760433333333,19.035835483333333,22.281097,3.789336978776042
2024-11-15 03:30:00,17.861029316666666,21.36025623333333,22.081024,4.2199948532552085
2024-11-15 04:00:00,19.277510016666668,20.15371345,21.91867,2.6411606376302075
2024-11-15 04:30:00,19.40327665,21.650212816666667,22.087845,2.684568198632814
2024-11-15 05:00:00,20.461934483333334,20.30577663333333,19.170029,-1.2919057968098961
2024-11-15 05:30:00,15.0096866,12.780647783333334,17.785461,2.77577482578125
2024-11-15 06:00:00,11.411201616666666,13.134416133333334,14.701066,3.2898644004842126
2024-11-15 06:30:00,10.23695065,6.3482026000000005,12.784364,2.5474130966430657
2024-11-15 07:00:00,-2.9356883833333334,-1.5762654166666668,6.3061533,9.24184168075765
2024-11-15 07:30:00,-9.548539433333334,-4.234362266666666,-0.9382774,8.610262009951528
2024-11-15 08:00:00,-15.95712555,-15.982128966666666,-11.8657675,4.09135807105713
2024-11-15 08:30:00,-40.21744938333334,-24.106611200000003,-24.444824,15.772625164583339
2024-11-15 09:00:00,-53.75793653333333,-42.432847216666666,-38.976868,14.781068857552079
2024-11-15 09:30:00,-71.35576335,-52.916369333333336,-53.264664,18.09109965371094
2024-11-15 10:00:00,-91.58910778333336,-71.42862618333334,-68.58255,23.006557734505236
2024-11-15 10:30:00,-105.59419941666664,-84.7617899,-83.81577,21.778426406412734
2024-11-15 11:00:00,-115.34524391666667,-101.61882935,-96.18762,19.157621846354175
2024-11-15 11:30:00,-135.01476441666668,-134.6798718,-110.22717,24.78759156510418
2024-11-15 12:00:00,-136.04313671666668,-152.32083179999998,-119.97603,16.067108274283868
2024-11-15 12:30:00,-137.78686105,-157.31282951666665,-126.75397,11.032893764843749
2024-11-15 13:00:00,-137.6094162,-149.39677548333336,-127.933136,9.676280213671873
2024-11-15 13:30:00,-129.04722886666667,-153.49140951666666,-126.68181,2.365420394986984
2024-11-15 14:00:00,-120.56447388333332,-160.5519366166667,-124.38297,-3.8184988339518355
2024-11-15 14:30:00,-112.00666166666667,-139.88275151666667,-114.77543,-2.768767105305983
2024-11-15 15:00:00,-96.45666841666667,-118.44501546666667,-98.99795,-2.5412792762044205
2024-11-15 15:30:00,-91.85720613333332,-95.84930838333334,-83.34666,8.510549334016915
2024-11-15 16:00:00,-76.1239411,-77.31825941666666,-65.8176,10.306344664453121
2024-11-15 16:30:00,-49.27688333333333,-57.588809950000005,-48.898376,0.3785068684895805
2024-11-15 17:00:00,-27.24599783333333,-34.614758849999994,-33.5002,-6.254200530924482
2024-11-15 17:30:00,-15.067733400000002,-17.7146296,-20.675873,-5.608139402734373
2024-11-15 18:00:00,-9.043241166666666,-2.5974233166666667,-6.284362,2.7588793273722327
2024-11-15 18:30:00,1.8599465333333336,1.045879583333333,4.457368,2.5974213637003576
2024-11-15 19:00:00,8.334917166666667,5.43308175,10.89206,2.5571431131795244
2024-11-15 19:30:00,15.257601666666666,12.985533983333331,15.378007,0.12040526845296284
2024-11-15 20:00:00,20.44640105,16.28739775,16.989532,-3.4568685792968736
2024-11-15 20:30:00,16.8514395,14.712935166666668,18.502808,1.6513681171874985
2024-11-15 21:00:00,19.083919966666667,15.87675735,18.670944,-0.41297575279947907
2024-11-15 21:30:00,17.341790066666665,19.1895473,19.800674,2.458884371809898
2024-11-15 22:00:00,14.90179955,16.215630633333333,19.50296,4.601160655078125
2024-11-15 22:30:00,15.966681683333334,15.734719566666667,20.320251,4.353569781510416
2024-11-15 23:00:00,24.64414955,22.179050516666667,19.804596,-4.839553602734377
2024-11-15 23:30:00,32.16401285,21.578668266666668,20.177887,-11.986125887109374
2024-11-16 00:00:00,28.99233275,16.464218733333333,19.635742,-9.3565905625
2024-11-16 00:30:00,26.9720328,17.69532395,19.272034,-7.699999108593751
2024-11-16 01:00:00,25.576639933333336,19.68568055,18.983688,-6.592951578841149
2024-11-16 01:30:00,27.38950558333333,18.38951173333333,19.665619,-7.723886686848957
2024-11-16 02:00:00,25.5860432,18.869223816666665,20.193756,-5.392287096484374
2024-11-16 02:30:00,26.8692377,20.51786215,21.90384,-4.965398588671874
2024-11-16 03:00:00,28.81560775,18.491760433333333,23.56047,-5.255137168945314
2024-11-16 03:30:00,25.859805466666668,17.861029316666666,23.30014,-2.5596650858072927
2024-11-16 04:00:00,23.4462627,19.277510016666668,21.354965,-2.091297490039061
2024-11-16 04:30:00,24.554682083333333,19.40327665,18.373856,-6.18082649251302
2024-11-16 05:00:00,18.144248,20.461934483333334,17.050354,-1.093893996093751
2024-11-16 05:30:00,12.207305533333331,15.0096866,16.192444,3.985138314322919
2024-11-16 06:00:00,8.546841666666667,11.411201616666666,15.326432,6.779590561421712
2024-11-16 06:30:00,2.1298161666666666,10.23695065,11.075547,8.945731051656088
2024-11-16 07:00:00,-7.8134951,-2.9356883833333334,6.1890116,14.002506673791505
2024-11-16 07:30:00,-17.19294378333333,-9.548539433333334,-2.761123,14.431820841362505
2024-11-16 08:00:00,-31.76618495,-15.95712555,-13.029098,18.73708739293213
2024-11-16 08:30:00,-50.71366553333333,-40.21744938333334,-28.338577,22.375088262825514
2024-11-16 09:00:00,-72.0541472,-53.75793653333333,-43.98233,28.071816877734378
2024-11-16 09:30:00,-87.47026003333333,-71.35576335,-61.446365,26.02389467688802
2024-11-16 10:00:00,-97.9208539,-91.58910778333336,-76.65909,21.261765765234372
2024-11-16 10:30:00,-106.28344775,-105.59419941666664,-94.47476,11.808685787109368
2024-11-16 11:00:00,-108.5495727,-115.34524391666667,-110.31592,-1.7663452687500012
2024-11-16 11:30:00,-126.19007828333334,-135.01476441666668,-123.1951,2.99497940638021
2024-11-16 12:00:00,-133.717699,-136.04313671666668,-132.13373,1.5839709726562603
2024-11-16 12:30:00,-143.93377608333333,-137.78686105,-138.31659,5.617186727864578
2024-11-16 13:00:00,-147.23728783333334,-137.6094162,-140.43274,6.80454857552084
2024-11-16 13:30:00,-133.66667675,-129.04722886666667,-137.31328,-3.646601448242194
2024-11-16 14:00:00,-122.4051678,-120.56447388333332,-128.46184,-6.0566699685546865
2024-11-16 14:30:00,-97.58448226666668,-112.00666166666667,-116.67474,-19.090261385677067
2024-11-16 15:00:00,-83.35982656666667,-96.45666841666667,-101.92747,-18.567640779524737
2024-11-16 15:30:00,-68.97471326666665,-91.85720613333332,-83.61998,-14.645266591731783
2024-11-16 16:00:00,-61.319651633333336,-76.1239411,-67.298584,-5.978932351041664
2024-11-16 16:30:00,-36.90179041666666,-49.27688333333333,-49.146317,-12.244526111653656
2024-11-16 17:00:00,-16.939519483333335,-27.24599783333333,-32.800934,-15.86141435455729
2024-11-16 17:30:00,-0.9938855999999996,-15.067733400000002,-18.993668,-17.999782002539064
2024-11-16 18:00:00,0.93950875,-9.043241166666666,-7.6308126,-8.570321394958496
2024-11-16 18:30:00,11.5502094,1.8599465333333336,3.1862037,-8.364005681814575
2024-11-16 19:00:00,14.15399105,8.334917166666667,9.554673,-4.599317855114746
2024-11-16 19:30:00,16.046655633333334,15.257601666666666,13.595368,-2.4512872480183923
2024-11-16 20:00:00,11.172294866666666,20.44640105,15.883912,4.71161721982015
2024-11-16 20:30:00,15.830057783333332,16.8514395,17.864548,2.034489946158855
2024-11-16 21:00:00,11.450551,19.083919966666667,16.745682,5.295130762695312
2024-11-16 21:30:00,10.49884205,17.341790066666665,16.406204,5.907362173632812
2024-11-16 22:00:00,16.9188406,14.90179955,16.840393,-0.07844753359374934
2024-11-16 22:30:00,21.154282366666667,15.966681683333334,19.76596,-1.388321673307292
2024-11-16 23:00:00,21.673358816666667,24.64414955,18.493912,-3.1794470735026046
2024-11-16 23:30:00,21.036066766666668,32.16401285,17.792648,-3.2434184512369804
2024-11-17 00:00:00,24.39111498333333,28.99233275,18.426727,-5.964387688411456
2024-11-17 00:30:00,20.38095721666667,26.9720328,18.80864,-1.5723176902994815
2024-11-17 01:00:00,17.157225983333333,25.576639933333336,21.508438,4.351212127018229
2024-11-17 01:30:00,17.75897003333333,27.38950558333333,22.88086,5.1218893416666695
2024-11-17 02:00:00,18.089628883333333,25.5860432,23.357864,5.2682354965494795
2024-11-17 02:30:00,18.0497527,26.8692377,22.35994,4.310186875195313
2024-11-17 03:00:00,21.104554383333333,28.81560775,23.105362,2.000807555143229
2024-11-17 03:30:00,19.930913,25.859805466666668,20.931,1.0000867558593747
2024-11-17 04:00:00,20.474923283333336,23.4462627,19.280396,-1.1945277755208359
2024-11-17 04:30:00,21.59848733333333,24.554682083333333,18.381989,-3.216498807942706
2024-11-17 05:00:00,15.310733316666663,18.144248,16.087448,0.776714803450524
2024-11-17 05:30:00,10.032122833333334,12.207305533333331,15.409989,5.377866523661295
2024-11-17 06:00:00,4.90396665,8.546841666666667,13.536576,8.632609621057128
2024-11-17 06:30:00,4.052836116666667,2.1298161666666666,9.072419,5.019583049898275
2024-11-17 07:00:00,-1.71318165,-7.8134951,2.0073097,3.720491325216675
2024-11-17 07:30:00,-5.036785533333333,-17.19294378333333,-6.864852,-1.828066418265788
2024-11-17 08:00:00,-10.179650033333331,-31.76618495,-19.0858,-8.906150137565106
2024-11-17 08:30:00,-20.53464878333333,-50.71366553333333,-31.711746,-11.177097432486981
2024-11-17 09:00:00,-39.93196336666667,-72.0541472,-47.546783,-7.614820080598953
2024-11-17 09:30:00,-60.271576083333336,-87.47026003333333,-64.93576,-4.664184414713539
2024-11-17 10:00:00,-75.23163943333333,-97.9208539,-82.037964,-6.806324433854172
2024-11-17 10:30:00,-78.89273966666666,-106.28344775,-99.4633,-20.57056294563803
2024-11-17 11:00:00,-77.32293063333333,-108.5495727,-114.10686,-36.78392666647136
2024-11-17 11:30:00,-96.21268438333334,-126.19007828333334,-123.70697,-27.49428583151041
2024-11-17 12:00:00,-101.08120773333331,-133.717699,-132.50581,-31.424605865299498
2024-11-17 12:30:00,-101.7345816,-143.93377608333333,-137.07887,-35.344291080664064
2024-11-17 13:00:00,-115.35922891666668,-147.23728783333334,-137.17726,-21.818032435872382
2024-11-17 13:30:00,-128.81861675000002,-133.66667675,-130.68242,-1.8638020732421694
2024-11-17 14:00:00,-136.33769651666668,-122.4051678,-123.05994,13.277759993229182
2024-11-17 14:30:00,-112.62660878333332,-97.58448226666668,-110.7539,1.8727101627278557
2024-11-17 15:00:00,-96.96638178333332,-83.35982656666667,-95.687775,1.2786071251301934
2024-11-17 15:30:00,-82.88301451666666,-68.97471326666665,-78.82214,4.0608709619791625
2024-11-17 16:00:00,-66.49832441666666,-61.319651633333336,-61.079575,5.418749831705725
2024-11-17 16:30:00,-49.195614,-36.90179041666666,-43.04213,6.153484483398437
2024-11-17 17:00:00,-26.68684228333333,-16.939519483333335,-28.765991,-2.0791489276041695
2024-11-17 17:30:00,-18.20718825,-0.9938855999999996,-14.7425375,3.4646507515258804
2024-11-17 18:00:00,-2.519930466666666,0.93950875,-5.1540365,-2.634106055244955
2024-11-17 18:30:00,8.085193416666668,11.5502094,4.6730967,-3.4120967598673513
2024-11-17 19:00:00,11.209748316666667,14.15399105,10.500794,-0.708953905961101
2024-11-17 19:30:00,13.556709866666669,16.046655633333334,15.471696,1.9149860332967101
2024-11-17 20:00:00,14.104425,11.172294866666666,18.103104,3.9986786376953116
2024-11-17 20:30:00,16.41381165,15.830057783333332,18.530777,2.116965327539063
2024-11-17 21:00:00,18.99854885,11.450551,18.520813,-0.4777358617187488
2024-11-17 21:30:00,16.48502915,10.49884205,16.683334,0.19830520058593848
2024-11-17 22:00:00,16.769582733333333,16.9188406,16.873413,0.10383035260416662
2024-11-17 22:30:00,15.330797833333332,21.154282366666667,18.500244,3.1694463072916683
2024-11-17 23:00:00,17.645463233333334,21.673358816666667,19.663773,2.018309349674478
2024-11-17 23:30:00,19.89642603333333,21.036066766666668,21.01007,1.1136447674479193
2024-11-18 00:00:00,17.219161116666665,24.39111498333333,21.949097,4.729935563020835
2024-11-18 00:30:00,19.6054341,20.38095721666667,21.620605,2.01517136875
2024-11-18 01:00:00,19.9318906,17.157225983333333,22.11058,2.1786898443359384
2024-11-18 01:30:00,19.159923716666665,17.75897003333333,21.411148,2.251224354622398
2024-11-18 02:00:00,19.23799385,18.089628883333333,21.128052,1.8900579078125013
2024-11-18 02:30:00,19.447558866666668,18.0497527,20.57724,1.129681123567707
2024-11-18 03:00:00,18.99173778333333,21.104554383333333,19.77063,0.7788920994791688
2024-11-18 03:30:00,18.88227705,19.930913,18.198212,-0.684065380078124
2024-11-18 04:00:00,19.581466016666667,20.474923283333336,15.813722,-3.7677443598673506
2024-11-18 04:30:00,22.09626715,21.59848733333333,15.493333,-6.602934287145995
2024-11-18 05:00:00,20.21705235,15.310733316666663,13.630174,-6.5868786668334955
2024-11-18 05:30:00,14.875888283333332,10.032122833333334,11.341569,-3.534319336494953
2024-11-18 06:00:00,17.10501723333333,4.90396665,7.075425,-10.029592085323078
2024-11-18 06:30:00,11.6833255,4.052836116666667,3.8025672,-7.880758256423951
2024-11-18 07:00:00,4.119535483333333,-1.71318165,-4.280898,-8.40043357751058
2024-11-18 07:30:00,-2.0223610833333336,-5.036785533333333,-11.608306,-9.585944847757975
2024-11-18 08:00:00,-19.808662266666666,-10.179650033333331,-21.732086,-1.9234239149739594
2024-11-18 08:30:00,-37.537993316666665,-20.53464878333333,-33.070175,4.467818145768227
2024-11-18 09:00:00,-63.690709966666674,-39.93196336666667,-47.80719,15.883520025260424
2024-11-18 09:30:00,-85.01013768333333,-60.271576083333336,-62.85234,22.15779698509114
2024-11-18 10:00:00,-106.79313101666666,-75.23163943333333,-79.29318,27.49994864361979
2024-11-18 10:30:00,-116.2408422,-78.89273966666666,-94.88494,21.355901098925784
2024-11-18 11:00:00,-131.81783546666665,-77.32293063333333,-106.59486,25.22297920445962
2024-11-18 11:30:00,-150.31144941666665,-96.21268438333334,-116.877365,33.43408430436196
2024-11-18 12:00:00,-164.27012455,-101.08120773333331,-124.212204,40.057920570507804
2024-11-18 12:30:00,-159.65019833333335,-101.7345816,-129.11436,30.535833709309912
2024-11-18 13:00:00,-164.41787016666666,-115.35922891666668,-128.47011,35.9477621344401
2024-11-18 13:30:00,-175.6892313,-128.81861675000002,-125.70574,49.98348941767577
2024-11-18 14:00:00,-164.48923668333333,-136.33769651666668,-119.129074,45.360162586653644
2024-11-18 14:30:00,-154.06872611666668,-112.62660878333332,-109.277695,44.791031414518244
2024-11-18 15:00:00,-141.33329561666667,-96.96638178333332,-94.87101,46.46228579000652
2024-11-18 15:30:00,-118.76404041666667,-82.88301451666666,-78.32037,40.443666881510424
2024-11-18 16:00:00,-92.05228771666668,-66.49832441666666,-60.76303,31.289256710807308
2024-11-18 16:30:00,-64.29978786666666,-49.195614,-43.012466,21.2873214360026
2024-11-18 17:00:00,-41.62014286666667,-26.68684228333333,-29.000458,12.619685102994794
2024-11-18 17:30:00,-24.08427395,-18.20718825,-16.980072,7.104201928515625
2024-11-18 18:00:00,-9.8725855,-2.519930466666666,-5.3568106,4.515774930236816
2024-11-18 18:30:00,0.80665675,8.085193416666668,3.6925056,2.885848848068237
2024-11-18 19:00:00,11.62215105,11.209748316666667,9.112687,-2.5094639390991205
2024-11-18 19:30:00,17.098074383333334,13.556709866666669,13.229997,-3.8680777021199546
2024-11-18 20:00:00,16.442043833333333,14.104425,15.999177,-0.44286685426839156
2024-11-18 20:30:00,15.3362139,16.41381165,18.20636,2.8701459632812494
2024-11-18 21:00:00,17.349197683333333,18.99854885,19.765656,2.4164578342447918
2024-11-18 21:30:00,15.864291733333332,16.48502915,17.620544,1.7562527002604185
2024-11-18 22:00:00,13.971713333333334,16.769582733333333,17.211716,3.240002364908854
2024-11-18 22:30:00,14.240994983333332,15.330797833333332,17.97966,3.7386650508463557
2024-11-18 23:00:00,18.4251972,17.645463233333334,18.643036,0.2178386886718755
2024-11-18 23:30:00,16.884098883333333,19.89642603333333,21.376404,4.492304925260417
2024-11-19 00:00:00,17.471460566666668,17.219161116666665,21.86763,4.396169438216145
2024-11-19 00:30:00,18.0301517,19.6054341,23.048752,5.018600131054686
2024-11-19 01:00:00,18.35256515,19.9318906,22.438293,4.08572830703125
2024-11-19 01:30:00,17.379935566666667,19.159923716666665,21.636017,4.256081279036458
2024-11-19 02:00:00,16.538565516666665,19.23799385,20.738129,4.19956314544271
2024-11-19 02:30:00,17.37683446666667,19.447558866666668,21.063599,3.6867641661458315
2024-11-19 03:00:00,16.837501816666666,18.99173778333333,20.865555,4.028052992903646
2024-11-19 03:30:00,16.266987099999998,18.88227705,20.40126,4.134273275976565
2024-11-19 04:00:00,21.797151,19.581466016666667,18.402222,-3.3949293203124995
2024-11-19 04:30:00,26.0547621,22.09626715,16.478638,-9.576124404687501
2024-11-19 05:00:00,17.359377683333335,20.21705235,14.401933,-2.957444966963706
2024-11-19 05:30:00,12.574266083333333,14.875888283333332,12.939057,0.36479126682535856
2024-11-19 06:00:00,11.8628529,17.10501723333333,11.49788,-0.3649729180053711
2024-11-19 06:30:00,11.266541716666667,11.6833255,7.645646,-3.6208956213907886
2024-11-19 07:00:00,1.4616839666666663,4.119535483333333,3.9864967,2.5248127202687582
2024-11-19 07:30:00,-6.221255433333334,-2.0223610833333336,-4.8043356,1.4169198391560878
2024-11-19 08:00:00,-24.0762672,-19.808662266666666,-15.985015,8.091252284533692
2024-11-19 08:30:00,-46.61141495,-37.537993316666665,-28.466919,18.144496004687497
2024-11-19 09:00:00,-69.26991105,-63.690709966666674,-42.0354,27.234510659375005
2024-11-19 09:30:00,-90.2803313,-85.01013768333333,-58.771973,31.50835864375
2024-11-19 10:00:00,-108.45905391666668,-106.79313101666666,-74.67844,33.7806176373698
2024-11-19 10:30:00,-124.2435034,-116.2408422,-93.16335,31.0801504336914
2024-11-19 11:00:00,-125.55802225,-131.81783546666665,-107.11988,18.438141573730462
2024-11-19 11:30:00,-135.8306450166667,-150.31144941666665,-120.2041,15.626543454166693
2024-11-19 12:00:00,-149.02289885000002,-164.27012455,-130.61317,18.409724411523456
2024-11-19 12:30:00,-157.00032018333334,-159.65019833333335,-136.2415,20.758819328841156
2024-11-19 13:00:00,-165.13676103333333,-164.41787016666666,-137.43047,27.70629533509114
2024-11-19 13:30:00,-163.1712301,-175.6892313,-135.87102,27.300212643945315
2024-11-19 14:00:00,-155.64222683333332,-164.48923668333333,-130.53986,25.102370876302075
2024-11-19 14:30:00,-147.69202825,-154.06872611666668,-119.127914,28.564113821289055
2024-11-19 15:00:00,-127.4412412,-141.33329561666667,-106.332306,21.10893529179687
2024-11-19 15:30:00,-115.03725896666668,-118.76404041666667,-90.08705,24.95020757506512
2024-11-19 16:00:00,-85.48763325,-92.05228771666668,-72.28077,13.20686390185547
2024-11-19 16:30:00,-58.7956273,-64.29978786666666,-54.249405,4.546222392773437
2024-11-19 17:00:00,-37.58542653333333,-41.62014286666667,-39.225906,-1.6404798387369794
2024-11-19 17:30:00,-19.254661183333333,-24.08427395,-24.235641,-4.9809802961588545
2024-11-19 18:00:00,-5.603637583333334,-9.8725855,-10.807601,-5.2039633917032875
2024-11-19 18:30:00,4.8738339,0.80665675,0.3605202,-4.513313686157608
2024-11-19 19:00:00,6.849906683333333,11.62215105,6.943223,0.09331631623942105
2024-11-19 19:30:00,11.5086911,17.098074383333334,13.392823,1.8841321192993163
2024-11-19 20:00:00,13.0796111,16.442043833333333,17.613144,4.533532820898438
2024-11-19 20:30:00,11.12511885,15.3362139,19.581146,8.456027390234375
2024-11-19 21:00:00,14.887462266666668,17.349197683333333,19.30014,4.4126781141927065
2024-11-19 21:30:00,13.558265483333336,15.864291733333332,18.778809,5.2205431104166635
2024-11-19 22:00:00,12.756356166666668,13.971713333333334,19.62204,6.865683628255207
2024-11-19 22:30:00,11.156208833333332,14.240994983333332,18.38446,7.2282516158854175
2024-11-19 23:00:00,12.894199416666666,18.4251972,18.397324,5.5031241917317715
2024-11-19 23:30:00,13.540567783333332,16.884098883333333,18.22136,4.680791469596356
2024-11-20 00:00:00,15.85682005,17.471460566666668,19.046082,3.1892614929687504
2024-11-20 00:30:00,17.6164628,18.0301517,20.846375,3.2299117117187492
2024-11-20 01:00:00,17.236695,18.35256515,21.086838,3.8501427685546865
2024-11-20 01:30:00,15.413158816666666,17.379935566666667,21.341507,5.9283481413411465
2024-11-20 02:00:00,15.203628333333334,16.538565516666665,20.301392,5.097763268229166
2024-11-20 02:30:00,15.949090033333334,17.37683446666667,20.366058,4.416968316276041
2024-11-20 03:00:00,15.694926833333334,16.837501816666666,20.772278,5.077350998697916
2024-11-20 03:30:00,15.7843484,16.266987099999998,18.742157,2.9578085824218743
2024-11-20 04:00:00,20.64859345,21.797151,16.61734,-4.031253362109375
2024-11-20 04:30:00,24.226053333333336,26.0547621,17.359787,-6.866266346028649
2024-11-20 05:00:00,14.181138383333334,17.359377683333335,13.380387,-0.8007510771199549
2024-11-20 05:30:00,9.98049885,12.574266083333333,11.671998,1.6914991739868164
2024-11-20 06:00:00,10.765903316666666,11.8628529,11.377809,0.6119052541951504
2024-11-20 06:30:00,8.537193833333333,11.266541716666667,7.988984,-0.5482097253621419
2024-11-20 07:00:00,-0.1240143500000001,1.4616839666666663,2.1562812,2.2802955828338622
2024-11-20 07:30:00,-11.498952233333334,-6.221255433333334,-6.9259024,4.5730498666951505
2024-11-20 08:00:00,-28.27695608333333,-24.0762672,-19.871307,8.405648710286457
2024-11-20 08:30:00,-57.28487003333333,-46.61141495,-32.90532,24.37955081946614
2024-11-20 09:00:00,-77.42179825,-69.26991105,-50.332504,27.089293977539057
2024-11-20 09:30:00,-92.05216838333332,-90.2803313,-66.07434,25.977827563020824
2024-11-20 10:00:00,-101.85614776666668,-108.45905391666668,-83.094055,18.76209259088543
2024-11-20 10:30:00,-125.41719265,-124.2435034,-101.071884,24.345308494726567
2024-11-20 11:00:00,-131.32241155,-125.55802225,-117.115234,14.207177174999998
2024-11-20 11:30:00,-150.9720667,-135.8306450166667,-130.70949,20.262578784960937
2024-11-20 12:00:00,-166.5618105,-149.02289885000002,-139.73277,26.82903767285157
2024-11-20 12:30:00,-165.21772046666666,-157.00032018333334,-147.02872,18.189003425651038
2024-11-20 13:00:00,-174.28688499999998,-165.13676103333333,-147.77867,26.508213735351546
2024-11-20 13:30:00,-170.66578338333332,-163.1712301,-144.4224,26.243389584505195
2024-11-20 14:00:00,-155.880271,-155.64222683333332,-137.85184,18.02843384179687
2024-11-20 14:30:00,-160.43283833333334,-147.69202825,-126.05413,34.37870777913412
2024-11-20 15:00:00,-135.50439723333332,-127.4412412,-111.48606,24.018336137141915
2024-11-20 15:30:00,-115.78167988333333,-115.03725896666668,-94.02516,21.756518140169263
2024-11-20 16:00:00,-92.50624623333331,-85.48763325,-75.585976,16.920270586360658
2024-11-20 16:30:00,-61.350567016666666,-58.7956273,-55.08928,6.261287841861979
2024-11-20 17:00:00,-35.28297045,-37.58542653333333,-38.716537,-3.433567025585937
2024-11-20 17:30:00,-25.275303816666664,-19.254661183333333,-22.664368,2.610936140885414
2024-11-20 18:00:00,-10.4303844,-5.603637583333334,-9.083205,1.3471791769165034
2024-11-20 18:30:00,0.3644995000000002,4.8738339,0.9228676,0.5583680961494444
2024-11-20 19:00:00,9.262851033333334,6.849906683333333,8.591828,-0.6710226870808924
2024-11-20 19:30:00,12.648092066666663,11.5086911,13.202592,0.5544998293904655
2024-11-20 20:00:00,14.35321435,13.0796111,19.339005,4.9857901666015625
2024-11-20 20:30:00,12.780560583333331,11.12511885,19.345322,6.564761071940106
2024-11-20 21:00:00,14.029122166666664,14.887462266666668,16.858444,2.829322047200524
2024-11-20 21:30:00,11.179442783333334,13.558265483333336,17.293137,6.113693813346353
2024-11-20 22:00:00,9.5922983,12.756356166666668,17.993164,8.4008657625
2024-11-20 22:30:00,9.854822766666668,11.156208833333332,17.696426,7.841603624934894
2024-11-20 23:00:00,13.274539383333334,12.894199416666666,16.258911,2.984371749479166
2024-11-20 23:30:00,15.014270016666666,13.540567783333332,15.612565,0.5982950239217129
2024-11-21 00:00:00,14.371057733333336,15.85682005,17.017822,2.646764532291664
2024-11-21 00:30:00,14.983744833333333,17.6164628,19.903564,4.919819619791667
2024-11-21 01:00:00,15.203254333333334,17.236695,20.427994,5.224739441080729
2024-11-21 01:30:00,14.5356322,15.413158816666666,21.230438,6.694806032421875
2024-11-21 02:00:00,14.4245751,15.203628333333334,20.681702,6.25712656015625
2024-11-21 02:30:00,15.430507783333333,15.949090033333334,20.719162,5.288654203971355
2024-11-21 03:00:00,15.275074983333331,15.694926833333334,21.301025,6.025950407291669
2024-11-21 03:30:00,16.460108316666666,15.7843484,19.762878,3.302770101302084
2024-11-21 04:00:00,21.45424626666667,20.64859345,17.770767,-3.683479054752606
2024-11-21 04:30:00,22.853958416666668,24.226053333333336,16.970688,-5.88327055045573
2024-11-21 05:00:00,14.82417855,14.181138383333334,14.120225,-0.7039535973022453
2024-11-21 05:30:00,7.6700972,9.98049885,11.444245,3.7741481384399416
2024-11-21 06:00:00,3.185647883333333,10.765903316666666,9.59958,6.413931927762858
2024-11-21 06:30:00,2.056255466666667,8.537193833333333,7.1634226,5.107167117867025
2024-11-21 07:00:00,-7.97210505,-0.1240143500000001,-1.0350639,6.9370411871994015
2024-11-21 07:30:00,-13.964054416666668,-11.498952233333334,-10.633513,3.3305409660441097
2024-11-21 08:00:00,-32.64571946666666,-28.27695608333333,-21.384933,11.260785994986975
2024-11-21 08:30:00,-57.38625648333333,-57.28487003333333,-37.28955,20.096705702083327
2024-11-21 09:00:00,-76.06679106666667,-77.42179825,-55.468155,20.598636159440105
2024-11-21 09:30:00,-86.03266663333333,-92.05216838333332,-73.75134,12.281323859895835
2024-11-21 10:00:00,-99.77356163333332,-101.85614776666668,-89.79757,9.975992358430972
2024-11-21 10:30:00,-105.55884503333333,-125.41719265,-107.655235,-2.0963902571940167
2024-11-21 11:00:00,-130.24251216666667,-131.32241155,-124.65707,5.585445821451827
2024-11-21 11:30:00,-140.54323391666665,-150.9720667,-137.36786,3.175375029947901
2024-11-21 12:00:00,-152.18430791666665,-166.5618105,-148.4041,3.7802094059244666
2024-11-21 12:30:00,-151.4652072,-165.21772046666666,-155.79025,-4.325045485546866
2024-11-21 13:00:00,-146.53051341666665,-174.28688499999998,-157.11606,-10.585544932942724
2024-11-21 13:30:00,-149.30604676666667,-170.66578338333332,-153.7047,-4.398649888606769
2024-11-21 14:00:00,-137.73203226666666,-155.880271,-146.07948,-8.347450765559898
2024-11-21 14:30:00,-124.529916,-160.43283833333334,-135.08437,-10.554449844726562
2024-11-21 15:00:00,-103.20749845,-135.50439723333332,-118.104126,-14.896627526562497
2024-11-21 15:30:00,-75.58554671666667,-115.78167988333333,-100.42781,-24.842263952278643
2024-11-21 16:00:00,-61.22084663333334,-92.50624623333331,-80.78023,-19.559381027799475
2024-11-21 16:30:00,-50.54969833333333,-61.350567016666666,-60.950455,-10.40075637858073
2024-11-21 17:00:00,-28.5651783,-35.28297045,-42.054443,-13.489265059375
2024-11-21 17:30:00,-14.356636133333334,-25.275303816666664,-25.886856,-11.530219945768229
2024-11-21 18:00:00,-8.091099916666666,-10.4303844,-12.3415365,-4.250436605244955
2024-11-21 18:30:00,0.0046877333333332,0.3644995000000002,-0.8584282,-0.8631159135510761
2024-11-21 19:00:00,8.7116957,9.262851033333334,6.504319,-2.207376509020996
2024-11-21 19:30:00,10.2400018,12.648092066666663,11.37526,1.135258553088379
2024-11-21 20:00:00,13.556114549999998,14.35321435,14.659791,1.103676442736818
2024-11-21 20:30:00,13.523298883333332,12.780560583333331,15.763856,2.240557050809734
2024-11-21 21:00:00,15.361912783333333,14.029122166666664,14.165437,-1.1964760386433912
2024-11-21 21:30:00,14.01688335,11.179442783333334,14.214509,0.1976256603149409
2024-11-21 22:00:00,11.92955045,9.5922983,16.347672,4.418121058789062
2024-11-21 22:30:00,11.464830433333333,9.854822766666668,16.938202,5.473371470963542
2024-11-21 23:00:00,16.057140566666664,13.274539383333334,15.938661,-0.11847994502359782
2024-11-21 23:30:00,17.565473883333333,15.014270016666666,15.758027,-1.8074468066121412
2024-11-22 00:00:00,16.33173,14.371057733333336,16.105316,-0.2264138378906253
2024-11-22 00:30:00,17.021067733333332,14.983744833333333,17.061493,0.04042518658854277
2024-11-22 01:00:00,16.9285365,15.203254333333334,18.65207,1.7235325917968751
2024-11-22 01:30:00,17.050015066666663,14.5356322,20.150513,3.1004976286458366
2024-11-22 02:00:00,17.577346950000003,14.4245751,20.13565,2.5583036847656224
2024-11-22 02:30:00,17.756528833333334,15.430507783333333,20.42839,2.6718616695963533
2024-11-22 03:00:00,18.96939925,15.275074983333331,20.539322,1.569922649414064
2024-11-22 03:30:00,18.504568366666668,16.460108316666666,19.351456,0.8468873218098949
2024-11-22 04:00:00,22.09738395,21.45424626666667,17.80156,-4.295824501757814
2024-11-22 04:30:00,25.384114516666667,22.853958416666668,16.006104,-9.378011001041667
2024-11-22 05:00:00,16.892767383333332,14.82417855,12.745744,-4.147023631807453
2024-11-22 05:30:00,12.615327716666668,7.6700972,11.220384,-1.394944072562664
2024-11-22 06:00:00,7.0934277,3.185647883333333,7.976304,0.8828763542602536
2024-11-22 06:30:00,3.759927783333333,2.056255466666667,2.894303,-0.8656246999135333
2024-11-22 07:00:00,-6.080849933333334,-7.97210505,-6.2826376,-0.2017876627970372
2024-11-22 07:30:00,-16.0703538,-13.964054416666668,-15.226302,0.8440516530883784
2024-11-22 08:00:00,-36.02446165,-32.64571946666666,-26.845459,9.179002665625
2024-11-22 08:30:00,-52.95101513333333,-57.38625648333333,-42.117035,10.833980221223953
2024-11-22 09:00:00,-72.72994893333333,-76.06679106666667,-61.136597,11.593352253645833
2024-11-22 09:30:00,-97.1215283,-86.03266663333333,-79.28412,17.837409647656244
2024-11-22 10:00:00,-107.04108511666668,-99.77356163333332,-95.74093,11.300156466764335
2024-11-22 10:30:00,-122.67502278333336,-105.55884503333333,-112.99477,9.680256547981799
2024-11-22 11:00:00,-134.70252673333334,-130.24251216666667,-129.71245,4.990078613216156
2024-11-22 11:30:00,-150.17487731666668,-140.54323391666665,-141.23643,8.938442380143243
2024-11-22 12:00:00,-134.32934271666667,-152.18430791666665,-150.98613,-16.656787044075514
2024-11-22 12:30:00,-121.59524445,-151.4652072,-156.1314,-34.53614898261719
2024-11-22 13:00:00,-109.69721221666668,-146.53051341666665,-155.62657,-45.92935943860675
2024-11-22 13:30:00,-106.40393563333332,-149.30604676666667,-152.44496,-46.041025914518244
2024-11-22 14:00:00,-99.7921712,-137.73203226666666,-146.10667,-46.31450299433594
2024-11-22 14:30:00,-88.47461893333333,-124.529916,-132.4127,-43.938085534440106
2024-11-22 15:00:00,-70.03593951666666,-103.20749845,-113.71773,-43.681788144466154
2024-11-22 15:30:00,-57.55582851666667,-75.58554671666667,-93.52829,-35.9724612782552
2024-11-22 16:00:00,-43.943660566666665,-61.22084663333334,-71.3583,-27.41463868870443
2024-11-22 16:30:00,-27.33411275,-50.54969833333333,-51.4355,-24.101388348632813
2024-11-22 17:00:00,-8.809536716666667,-28.5651783,-35.864044,-27.054507472786458
2024-11-22 17:30:00,-3.0436584999999994,-14.356636133333334,-20.291351,-17.247692818359376
2024-11-22 18:00:00,3.568223966666667,-8.091099916666666,-7.2445974,-10.812821401664225
2024-11-22 18:30:00,13.687985483333334,0.0046877333333332,3.0490272,-10.638958278819784
2024-11-22 19:00:00,19.31463438333333,8.7116957,11.135148,-8.179486334932452
2024-11-22 19:30:00,21.764535533333333,10.2400018,14.716584,-7.047951327705892
2024-11-22 20:00:00,27.757468316666664,13.556114549999998,15.214158,-12.54331025850016
2024-11-22 20:30:00,27.6673435,13.523298883333332,16.411438,-11.255905511718751
2024-11-22 21:00:00,31.360381716666662,15.361912783333333,15.424287,-15.936094874320471
2024-11-22 21:30:00,20.16277218333333,14.01688335,14.752198,-5.410573964034015
2024-11-22 22:00:00,19.64281068333333,11.92955045,14.490815,-5.151995520674639
2024-11-22 22:30:00,21.40478823333333,11.464830433333333,14.179505,-7.225282885127765
2024-11-22 23:00:00,24.304148916666666,16.057140566666664,13.199647,-11.1045019668986
2024-11-22 23:30:00,22.394015733333333,17.565473883333333,13.982667,-8.411348764034017
2024-11-23 00:00:00,22.75149383333333,16.33173,15.945237,-6.806256673604327
2024-11-23 00:30:00,22.622287850000003,17.021067733333332,15.885316,-6.7369719549194365
2024-11-23 01:00:00,24.09090061666667,16.9285365,17.54309,-6.547809796354169
2024-11-23 01:30:00,26.87633458333333,17.050015066666663,18.739975,-8.13635960774739
2024-11-23 02:00:00,29.2987051,17.577346950000003,19.029373,-10.269331931054687
2024-11-23 02:30:00,30.111504516666667,17.756528833333334,20.566223,-9.545281372135417
2024-11-23 03:00:00,24.4883951,18.96939925,19.458252,-5.030143146875002
2024-11-23 03:30:00,22.885104433333336,18.504568366666668,19.04654,-3.8385651266927105
2024-11-23 04:00:00,25.40506716666667,22.09738395,17.363266,-8.041801175455731
2024-11-23 04:30:00,26.1855016,25.384114516666667,15.266618,-10.91888382503662
2024-11-23 05:00:00,22.87523768333333,16.892767383333332,12.1571665,-10.718071202315265
2024-11-23 05:30:00,17.44384488333333,12.615327716666668,12.352601,-5.091243832002764
2024-11-23 06:00:00,12.672130933333332,7.0934277,7.4888163,-5.183314672041828
2024-11-23 06:30:00,8.618289383333334,3.759927783333333,3.3954017,-5.222887667101034
2024-11-23 07:00:00,-0.2548017666666668,-6.080849933333334,-3.690841,-3.4360391928822835
2024-11-23 07:30:00,-10.2822639,-16.0703538,-14.331008,-4.048744057458496
2024-11-23 08:00:00,-21.608105,-36.02446165,-28.598434,-6.990329448242189
2024-11-23 08:30:00,-25.766586866666668,-52.95101513333333,-44.95764,-19.191054734895832
2024-11-23 09:00:00,-33.7726184,-72.72994893333333,-61.345398,-27.57277954921875
2024-11-23 09:30:00,-57.50262776666667,-97.1215283,-78.45349,-20.95086344427083
2024-11-23 10:00:00,-58.37788835,-107.04108511666668,-95.71534,-37.33745131064453
2024-11-23 10:30:00,-84.08449505,-122.67502278333336,-112.68939,-28.60489703984375
2024-11-23 11:00:00,-97.14776791666668,-134.70252673333334,-128.44923,-31.301466092122382
2024-11-23 11:30:00,-116.88620225,-150.17487731666668,-139.28978,-22.40357741308594
2024-11-23 12:00:00,-121.7640745,-134.32934271666667,-147.24712,-25.48304158886718
2024-11-23 12:30:00,-110.97903106666666,-121.59524445,-149.86293,-38.8838992311849
2024-11-23 13:00:00,-113.90077333333332,-109.69721221666668,-146.43451,-32.53373594401043
2024-11-23 13:30:00,-110.823107,-106.40393563333332,-141.87787,-31.054761652343757
2024-11-23 14:00:00,-94.39216166666668,-99.7921712,-131.72777,-37.33560627766926
2024-11-23 14:30:00,-74.3620749,-88.47461893333333,-118.192245,-43.83017058339844
2024-11-23 15:00:00,-55.89082953333334,-70.03593951666666,-100.53851,-44.64768365026041
2024-11-23 15:30:00,-35.12836888333333,-57.55582851666667,-80.59241,-45.46403834322917
2024-11-23 16:00:00,-30.25721065,-43.943660566666665,-61.09311,-30.835898480859374
2024-11-23 16:30:00,-18.379835933333336,-27.33411275,-42.70485,-24.325013309830727
2024-11-23 17:00:00,-6.3545928,-8.809536716666667,-27.138535,-20.78394174589844
2024-11-23 17:30:00,1.0427284499999996,-3.0436584999999994,-12.20787,-13.250597979724121
2024-11-23 18:00:00,6.18798,3.568223966666667,0.17326435,-6.014715645532608
2024-11-23 18:30:00,9.81958215,13.687985483333334,8.107133,-1.7124492383178715
2024-11-23 19:00:00,10.632259,19.31463438333333,14.120851,3.488591563049317
2024-11-23 19:30:00,14.1054388,21.764535533333333,17.72998,3.62454166875
2024-11-23 20:00:00,15.137718316666666,27.757468316666664,18.133087,2.995368841536459
2024-11-23 20:30:00,17.07186885,27.6673435,17.695984,0.6241150367187487
2024-11-23 21:00:00,19.829937266666665,31.360381716666662,18.05272,-1.7772181504557274
2024-11-23 21:30:00,17.088341116666665,20.16277218333333,17.483398,0.39505732083333456
2024-11-23 22:00:00,14.850331533333334,19.64281068333333,17.610092,2.759760629752604
2024-11-23 22:30:00,14.996445566666663,21.40478823333333,17.31343,2.316985219466149
2024-11-23 23:00:00,15.701633966666668,24.304148916666666,18.285156,2.5835222833333322
2024-11-23 23:30:00,16.506056666666666,22.394015733333333,19.089066,2.5830088850911466
2024-11-24 00:00:00,16.657679383333335,22.75149383333333,20.954498,4.29681890768229
2024-11-24 00:30:00,16.845947083333332,22.622287850000003,21.576797,4.7308504020182305
2024-11-24 01:00:00,18.762093333333336,24.09090061666667,23.381042,4.618949147135414
2024-11-24 01:30:00,19.4742483,26.87633458333333,23.027405,3.5531564851562507
2024-11-24 02:00:00,21.51105605,29.2987051,23.383255,1.872198954882812
2024-11-24 02:30:00,21.0540077,30.111504516666667,23.63031,2.5763023585937503
2024-11-24 03:00:00,21.226263433333333,24.4883951,22.461075,1.2348113957682294
2024-11-24 03:30:00,19.7961477,22.885104433333336,20.476746,0.6805979054687512
2024-11-24 04:00:00,19.403558983333333,25.40506716666667,18.4458,-0.9577582020833333
2024-11-24 04:30:00,19.63672655,26.1855016,16.738815,-2.8979112423828113
2024-11-24 05:00:00,16.8754739,22.87523768333333,15.351991,-1.523483200231933
2024-11-24 05:30:00,16.301619316666667,17.44384488333333,13.879655,-2.421964432328288
2024-11-24 06:00:00,10.3938278,12.672130933333332,9.194703,-1.199124697888184
2024-11-24 06:30:00,6.741947183333333,8.618289383333334,4.7283487,-2.013598451338704
2024-11-24 07:00:00,2.7546360833333328,-0.2548017666666668,-2.55606,-5.3106961590932205
2024-11-24 07:30:00,-1.1922571500000003,-10.2822639,-13.026839,-11.834582106286621
2024-11-24 08:00:00,-0.9719449,-21.608105,-26.088608,-25.116662888085937
2024-11-24 08:30:00,-10.0674264,-25.766586866666668,-40.183548,-30.11612157363281
2024-11-24 09:00:00,-23.2069329,-33.7726184,-55.402817,-32.19588387246094
2024-11-24 09:30:00,-39.51843333333333,-57.50262776666667,-70.65192,-31.133483170572923
2024-11-24 10:00:00,-51.5135572,-58.37788835,-86.43773,-34.92417168183594
2024-11-24 10:30:00,-77.02984951666666,-84.08449505,-101.58371,-24.553860200130217
2024-11-24 11:00:00,-84.08845903333334,-97.14776791666668,-116.23152,-32.143062573111976
2024-11-24 11:30:00,-108.29563881666668,-116.88620225,-127.12693,-18.831291420149725
2024-11-24 12:00:00,-119.08522405,-121.7640745,-134.15115,-15.065929514453131
2024-11-24 12:30:00,-108.2173405,-110.97903106666666,-137.90402,-29.68668171679687
2024-11-24 13:00:00,-110.49358275,-113.90077333333332,-135.07585,-24.582268690429686
2024-11-24 13:30:00,-114.99500386666666,-110.823107,-131.39029,-16.39528543997396
2024-11-24 14:00:00,-97.2938773,-94.39216166666668,-122.28923,-24.995353046679682
2024-11-24 14:30:00,-81.79022433333333,-74.3620749,-106.32585,-24.53562710709636
2024-11-24 15:00:00,-54.07609051666666,-55.89082953333334,-89.30132,-35.22523242034506
2024-11-24 15:30:00,-46.59822995,-35.12836888333333,-71.06676,-24.46852725214844
2024-11-24 16:00:00,-37.1128227,-30.25721065,-52.428314,-15.315491508984373
2024-11-24 16:30:00,-14.196202183333332,-18.379835933333336,-35.08319,-20.886988734635416
2024-11-24 17:00:00,-7.414003783333334,-6.3545928,-19.277466,-11.863462036979165
2024-11-24 17:30:00,-2.505100066666666,1.0427284499999996,-4.178588,-1.6734878468465175
2024-11-24 18:00:00,5.8757656,6.18798,6.6022196,0.7264539816040037
2024-11-24 18:30:00,12.77209935,9.81958215,14.020341,1.2482415694946294
2024-11-24 19:00:00,10.7680684,10.632259,17.629608,6.861539754296874
2024-11-24 19:30:00,14.300431949999998,14.1054388,18.969116,4.668684260937502
2024-11-24 20:00:00,17.07219436666667,15.137718316666666,19.95903,2.8868357847005193
2024-11-24 20:30:00,18.9965766,17.07186885,19.52208,0.5255028677734366
2024-11-24 21:00:00,22.861717666666667,19.829937266666665,19.28421,-3.5775074615885423
2024-11-24 21:30:00,17.207174483333333,17.088341116666665,19.380829,2.1736543740885423
2024-11-24 22:00:00,14.087095033333334,14.850331533333334,20.048721,5.9616262801432285
2024-11-24 22:30:00,15.813688283333336,14.996445566666663,19.306595,3.492906565299476
2024-11-24 23:00:00,14.832963283333331,15.701633966666668,19.110687,4.277723972526044
2024-11-24 23:30:00,15.337557333333336,16.506056666666666,19.478851,4.141293985026039
2024-11-25 00:00:00,16.834854466666666,16.657679383333335,19.472412,2.637557642708334
2024-11-25 00:30:00,17.691479283333333,16.845947083333332,20.111374,2.4198946180338545
2024-11-25 01:00:00,19.765026083333336,18.762093333333336,21.12886,1.363834390299477
2024-11-25 01:30:00,18.81243663333333,19.4742483,20.52327,1.710833019986982
2024-11-25 02:00:00,19.1399045,21.51105605,21.389008,2.249103068359375
2024-11-25 02:30:00,19.4104962,21.0540077,22.294601,2.8841052404296867
2024-11-25 03:00:00,18.797835516666662,21.226263433333333,23.18518,4.387345147395838
2024-11-25 03:30:00,18.9781735,19.7961477,22.870575,3.8924014511718745
2024-11-25 04:00:00,19.0425516,19.403558983333333,19.861542,0.8189901480468755
2024-11-25 04:30:00,21.1122312,19.63672655,19.118637,-1.9935941150390626
2024-11-25 05:00:00,16.923167583333335,16.8754739,15.787171,-1.1359962195027684
2024-11-25 05:30:00,14.7626667,16.301619316666667,14.321931,-0.44073581468505907
2024-11-25 06:00:00,10.321467333333333,10.3938278,12.46602,2.1445522970987962
2024-11-25 06:30:00,13.191682133333332,6.741947183333333,7.7194986,-5.472183498994953
2024-11-25 07:00:00,10.61373895,2.7546360833333328,-1.0589744,-11.672713335261536
2024-11-25 07:30:00,8.863965016666667,-1.1922571500000003,-9.205398,-18.069362622562664
2024-11-25 08:00:00,-0.2259116666666667,-0.9719449,-21.010483,-20.784571121419273
2024-11-25 08:30:00,-18.12268776666667,-10.0674264,-32.796158,-14.673470070247394
2024-11-25 09:00:00,-32.48005095,-23.2069329,-47.252426,-14.772375197460939
2024-11-25 09:30:00,-61.22565121666667,-39.51843333333333,-60.620865,0.604786348502607
2024-11-25 10:00:00,-76.10706438333334,-51.5135572,-73.15495,2.9521113804036503
2024-11-25 10:30:00,-82.76378405,-77.02984951666666,-87.49423,-4.730448127734377
2024-11-25 11:00:00,-87.44956295000001,-84.08845903333334,-100.65472,-13.205153541699204
2024-11-25 11:30:00,-92.5131906,-108.29563881666668,-111.28102,-18.76783051816406
2024-11-25 12:00:00,-100.93213873333332,-119.08522405,-120.77382,-19.841680236393245
2024-11-25 12:30:00,-98.26261325,-108.2173405,-125.99481,-27.73219876171875
2024-11-25 13:00:00,-91.20454175,-110.49358275,-127.18794,-35.98340075488281
2024-11-25 13:30:00,-92.28621895,-114.99500386666666,-123.35259,-31.066373518261713
2024-11-25 14:00:00,-74.00483001666667,-97.2938773,-115.1082,-41.103370056575514
2024-11-25 14:30:00,-58.370239383333335,-81.79022433333333,-101.45861,-43.088371151334634
2024-11-25 15:00:00,-52.51008221666667,-54.07609051666666,-84.53987,-32.029788999153645
2024-11-25 15:30:00,-51.25892278333333,-46.59822995,-67.45604,-16.197116645377605
2024-11-25 16:00:00,-43.687959983333336,-37.1128227,-47.58914,-3.901181862369789
2024-11-25 16:30:00,-34.25777393333333,-14.196202183333332,-29.702042,4.55573230735677
2024-11-25 17:00:00,-16.698959483333333,-7.414003783333334,-14.744536,1.9544230834920242
2024-11-25 17:30:00,-6.841992716666666,-2.505100066666666,-0.97202986,5.86996285187861
2024-11-25 18:00:00,4.873866716666666,5.8757656,10.762742,5.888875325874838
2024-11-25 18:30:00,7.740794383333333,12.77209935,16.598282,8.857487477018228
2024-11-25 19:00:00,11.4192977,10.7680684,19.582031,8.16273355
2024-11-25 19:30:00,19.08112828333333,14.300431949999998,20.300095,1.218966321158856
2024-11-25 20:00:00,13.751257883333333,17.07219436666667,21.127472,7.3762140404947925
2024-11-25 20:30:00,17.2031,18.9965766,21.027435,3.824335302734376
2024-11-25 21:00:00,16.264911066666667,22.861717666666667,19.575317,3.3104063161458335
2024-11-25 21:30:00,17.212477633333332,17.207174483333333,18.210587,0.9981089145182303
2024-11-25 22:00:00,18.668264416666663,14.087095033333334,18.687393,0.019128771809899803
2024-11-25 22:30:00,16.53801335,15.813688283333336,18.003036,1.4650231490234376
2024-11-25 23:00:00,19.537851083333333,14.832963283333331,18.057571,-1.4802796722005205
2024-11-25 23:30:00,21.71920448333333,15.337557333333336,18.969818,-2.7493863680989534
2024-11-26 00:00:00,22.211946633333337,16.834854466666666,20.087814,-2.1241323022786496
2024-11-26 00:30:00,21.630377266666667,17.691479283333333,21.029465,-0.6009125449869792
2024-11-26 01:00:00,20.631706583333337,19.765026083333336,20.861282,0.22957576529947588
2024-11-26 01:30:00,18.19162728333333,18.81243663333333,21.040466,2.848839025260421
2024-11-26 02:00:00,18.3816523,19.1399045,20.661163,2.279511030078126
2024-11-26 02:30:00,19.35753325,19.4104962,21.787338,2.429805006835938
2024-11-26 03:00:00,19.02735326666667,18.797835516666662,21.938965,2.911611577083331
2024-11-26 03:30:00,17.507445399999998,18.9781735,21.602478,4.095032627343752
2024-11-26 04:00:00,18.68018843333333,19.0425516,20.174103,1.4939143498697938
2024-11-26 04:30:00,18.0078317,21.1122312,18.669113,0.661281459179687
2024-11-26 05:00:00,16.35152495,16.923167583333335,17.740906,1.3893808117187483
2024-11-26 05:30:00,12.48523555,14.7626667,16.533112,4.0478760222656245
2024-11-26 06:00:00,7.215382183333333,10.321467333333333,15.077165,7.8617824666300455
2024-11-26 06:30:00,9.643093983333332,13.191682133333332,11.279435,1.6363411744425473
2024-11-26 07:00:00,6.0387445,10.61373895,4.4479685,-1.5907760170288086
2024-11-26 07:30:00,5.182437733333333,8.863965016666667,-3.391616,-8.574053839366659
2024-11-26 08:00:00,-11.32784435,-0.2259116666666667,-14.286788,-2.9589436367553716
2024-11-26 08:30:00,-32.9314962,-18.12268776666667,-27.80545,5.126045760546873
2024-11-26 09:00:00,-55.628412133333335,-32.48005095,-42.11444,13.513971215364585
2024-11-26 09:30:00,-75.51328341666667,-61.22565121666667,-57.3107,18.202583953776042
2024-11-26 10:00:00,-99.74392281666668,-76.10706438333334,-72.999756,26.744166957291682
2024-11-26 10:30:00,-119.0530151,-82.76378405,-89.15343,29.89958797597656
2024-11-26 11:00:00,-131.42802388333334,-87.44956295000001,-101.78827,29.63975484036459
2024-11-26 11:30:00,-146.17907048333333,-92.5131906,-111.54559,34.633477221614584
2024-11-26 12:00:00,-152.08519511666665,-100.93213873333332,-118.96268,33.12251811471353
2024-11-26 12:30:00,-150.50591881666665,-98.26261325,-122.764534,27.74138482008462
2024-11-26 13:00:00,-145.85976848333334,-91.20454175,-119.6711,26.188671681575528
2024-11-26 13:30:00,-140.36380713333332,-92.28621895,-114.48222,25.881583622591137
2024-11-26 14:00:00,-111.8005844,-74.00483001666667,-104.946304,6.854280078710943
2024-11-26 14:30:00,-112.10186991666669,-58.370239383333335,-91.04603,21.055841779459655
2024-11-26 15:00:00,-86.07635831666666,-52.51008221666667,-75.65685,10.419505594498688
2024-11-26 15:30:00,-70.92313436666667,-51.25892278333333,-58.551315,12.371819059049486
2024-11-26 16:00:00,-38.183881066666665,-43.687959983333336,-42.390152,-4.206270910872398
2024-11-26 16:30:00,-22.790490516666665,-34.25777393333333,-27.570831,-4.78034078216146
2024-11-26 17:00:00,-13.3013723,-16.698959483333333,-14.623427,-1.3220550910522455
2024-11-26 17:30:00,-0.246833333333333,-6.841992716666666,-3.6258843,-3.3790509611765547
2024-11-26 18:00:00,10.917144383333332,4.873866716666666,6.8548594,-4.062285031221515
2024-11-26 18:30:00,16.8761523,7.740794383333333,13.655152,-3.2209999791381847
2024-11-26 19:00:00,38.5035005,11.4192977,17.617386,-20.88611463574219
2024-11-26 19:30:00,47.17244555,19.08112828333333,18.932236,-28.24020983222656
2024-11-26 20:00:00,34.65422788333333,13.751257883333333,20.453186,-14.201041848177077
2024-11-26 20:30:00,26.09384058333333,17.2031,19.593033,-6.500807746419266
2024-11-26 21:00:00,25.82007045,16.264911066666667,17.232208,-8.587862198046874
2024-11-26 21:30:00,27.33078395,17.212477633333332,15.14853,-12.18225394359131
2024-11-26 22:00:00,18.97983135,18.668264416666663,15.644303,-3.3355280281616224
2024-11-26 22:30:00,20.265621766666666,16.53801335,16.515411,-3.7502103897135406
2024-11-26 23:00:00,22.933984866666663,19.537851083333333,16.43724,-6.496744266080725
2024-11-26 23:30:00,22.04116666666667,21.71920448333333,19.516113,-2.525053385416669
2024-11-27 00:00:00,20.95237895,22.211946633333337,19.874512,-1.07786723125
2024-11-27 00:30:00,21.759927766666664,21.630377266666667,19.69983,-2.0600986651041637
2024-11-27 01:00:00,25.0036435,20.631706583333337,20.357895,-4.6457486025390615
2024-11-27 01:30:00,24.166403266666663,18.19162728333333,20.430511,-3.735891792057288
2024-11-27 02:00:00,22.7640389,18.3816523,19.093628,-3.670410970312499
2024-11-27 02:30:00,23.316102150000003,19.35753325,20.038956,-3.27714646152344
2024-11-27 03:00:00,22.69791783333333,19.02735326666667,20.322647,-2.375270738606769
2024-11-27 03:30:00,22.43830798333333,17.507445399999998,17.89595,-4.542357665950519
2024-11-27 04:00:00,21.66568445,18.68018843333333,18.686249,-2.9794356707031255
2024-11-27 04:30:00,22.879729616666665,18.0078317,16.794891,-6.0848382592447905
2024-11-27 05:00:00,20.66750558333333,16.35152495,15.438966,-5.228539785909014
2024-11-27 05:30:00,17.254908883333332,12.48523555,16.126022,-1.1288865444661447
2024-11-27 06:00:00,19.538294566666668,7.215382183333333,14.209321,-5.3289735446329765
2024-11-27 06:30:00,14.362581583333332,9.643093983333332,11.210557,-3.1520245993855784
2024-11-27 07:00:00,13.062968933333332,6.0387445,5.7416544,-7.321314537276203
2024-11-27 07:30:00,11.627457783333334,5.182437733333333,-3.9000084,-15.527466223351034
2024-11-27 08:00:00,3.673629866666667,-11.32784435,-14.772613,-18.446242438382974
2024-11-27 08:30:00,-1.1245476666666672,-32.9314962,-27.340195,-26.21564703548177
2024-11-27 09:00:00,-18.5672628,-55.628412133333335,-42.990707,-24.423444597460936
2024-11-27 09:30:00,-21.961594416666667,-75.51328341666667,-59.027756,-37.06616132063802
2024-11-27 10:00:00,-43.76893558333333,-99.74392281666668,-75.529755,-31.760819055338544
2024-11-27 10:30:00,-62.559553783333335,-119.0530151,-92.38646,-29.826905567252602
2024-11-27 11:00:00,-69.17316943333333,-131.42802388333334,-106.511566,-37.33839672877605
2024-11-27 11:30:00,-83.54721283333333,-146.17907048333333,-116.901535,-33.354322200846354
2024-11-27 12:00:00,-103.04759425,-152.08519511666665,-124.48044,-21.432843982421872
2024-11-27 12:30:00,-101.12290501666666,-150.50591881666665,-127.48392,-26.36101221966146
2024-11-27 13:00:00,-96.45732005,-145.85976848333334,-125.573685,-29.116364642382806
2024-11-27 13:30:00,-105.18592161666668,-140.36380713333332,-120.53396,-15.348036818391918
2024-11-27 14:00:00,-89.02130786666667,-111.8005844,-110.46612,-21.444809992220044
2024-11-27 14:30:00,-70.50136893333332,-112.10186991666669,-98.682434,-28.181065148697925
2024-11-27 15:00:00,-68.1590343,-86.07635831666666,-82.967354,-14.80831952080078
2024-11-27 15:30:00,-60.25168826666667,-70.92313436666667,-65.20906,-4.957372402278644
2024-11-27 16:00:00,-40.19231336666667,-38.183881066666665,-46.660706,-6.468392199739583
2024-11-27 16:30:00,-37.030579583333335,-22.790490516666665,-29.670029,7.360550896809897
2024-11-27 17:00:00,-17.39060063333333,-13.3013723,-16.68515,0.7054504868489566
2024-11-27 17:30:00,13.161659300000002,-0.246833333333333,-6.3333426,-19.495001852185062
2024-11-27 18:00:00,17.64774545,10.917144383333332,3.341874,-14.305871565798949
2024-11-27 18:30:00,22.904654333333337,16.8761523,9.372148,-13.532506773213708
2024-11-27 19:00:00,21.57039658333333,38.5035005,15.540742,-6.029654662862139
2024-11-27 19:30:00,25.4167628,47.17244555,19.406631,-6.010131330273438
2024-11-27 20:00:00,27.047199000000003,34.65422788333333,22.592392,-4.454807032226565
2024-11-27 20:30:00,23.844567183333336,26.09384058333333,23.266693,-0.5778740680989607
2024-11-27 21:00:00,18.60809285,25.82007045,21.48935,2.8812565152343765
2024-11-27 21:30:00,17.244401016666668,27.33078395,20.873093,3.6286916347005196
2024-11-27 22:00:00,14.834871116666667,18.97983135,20.587112,5.752241310091145
2024-11-27 22:30:00,17.131284466666667,20.265621766666666,20.569733,3.438448199348958
2024-11-27 23:00:00,20.349842166666665,22.933984866666663,18.792282,-1.5575600621744776
2024-11-27 23:30:00,20.35813723333333,22.04116666666667,18.170181,-2.187955958919268
2024-11-28 00:00:00,18.84307503333333,20.95237895,18.679169,-0.16390633216145645
2024-11-28 00:30:00,17.822033916666665,21.759927766666664,19.627197,1.8051633489583345
2024-11-28 01:00:00,18.66346725,25.0036435,19.557251,0.8937837265624999
2024-11-28 01:30:00,18.13860165,24.166403266666663,19.50322,1.3646179544921893
2024-11-28 02:00:00,18.844771066666667,22.7640389,19.554794,0.7100232448567709
2024-11-28 02:30:00,19.20675885,23.316102150000003,19.554886,0.34812701425781256
2024-11-28 03:00:00,19.26150613333333,22.69791783333333,19.569794,0.30828756783854416
2024-11-28 03:30:00,21.716242766666667,22.43830798333333,18.48175,-3.2344922783854173
2024-11-28 04:00:00,19.13643546666667,21.66568445,18.453308,-0.6831273611979185
2024-11-28 04:30:00,20.1728066,22.879729616666665,16.744629,-3.4281776937500013
2024-11-28 05:00:00,16.938204433333333,20.66750558333333,15.398515,-1.5396896857137037
2024-11-28 05:30:00,16.25180668333333,17.254908883333332,14.620423,-1.631383366377765
2024-11-28 06:00:00,8.633160566666666,19.538294566666668,12.753144,4.119983697554526
2024-11-28 06:30:00,7.694234000000001,14.362581583333332,9.143891,1.4496573345336907
2024-11-28 07:00:00,1.402286733333333,13.062968933333332,2.5242774,1.1219907153208417
2024-11-28 07:30:00,-4.901788366666668,11.627457783333334,-5.7345877,-0.8327993027058902
2024-11-28 08:00:00,-16.901217566666666,3.673629866666667,-16.553406,0.3478118049479164
2024-11-28 08:30:00,-17.733342283333332,-1.1245476666666672,-30.026352,-12.293009645377605
2024-11-28 09:00:00,-35.76023023333334,-18.5672628,-42.709732,-6.949501822330724
2024-11-28 09:30:00,-63.86548788333334,-21.961594416666667,-57.09767,6.7678163745442745
2024-11-28 10:00:00,-57.59570051666666,-43.76893558333333,-72.31847,-14.722765669856777
2024-11-28 10:30:00,-68.73731108333334,-62.559553783333335,-85.97438,-17.237069409830724
2024-11-28 11:00:00,-79.14591618333334,-69.17316943333333,-99.925644,-20.779727737565096
2024-11-28 11:30:00,-92.71615315,-83.54721283333333,-109.004776,-16.288622850976566
2024-11-28 12:00:00,-94.5364202,-103.04759425,-115.86832,-21.33189645039063
2024-11-28 12:30:00,-94.60974505,-101.12290501666666,-119.917496,-25.30775067753906
2024-11-28 13:00:00,-82.12747891666666,-96.45732005,-116.81532,-34.6878439593099
2024-11-28 13:30:00,-76.29335336666666,-105.18592161666668,-110.66691,-34.37355489749349
2024-11-28 14:00:00,-75.80811608333333,-89.02130786666667,-102.10828,-26.30016028385417
2024-11-28 14:30:00,-63.20559285,-70.50136893333332,-86.97783,-23.772236129492185
2024-11-28 15:00:00,-54.90054106666667,-68.1590343,-71.22664,-16.326097727278643
2024-11-28 15:30:00,-43.20536273333334,-60.25168826666667,-54.117615,-10.912252012760412
2024-11-28 16:00:00,-28.70232873333333,-40.19231336666667,-36.031082,-7.328753419986981
2024-11-28 16:30:00,-16.830023699999998,-37.030579583333335,-22.543991,-5.713967388867189
2024-11-28 17:00:00,-17.2148772,-17.39060063333333,-10.293319,6.921558451525879
2024-11-28 17:30:00,-10.045618333333332,13.161659300000002,-0.51550215,9.530116178506214
2024-11-28 18:00:00,5.461091716666666,17.64774545,8.355958,2.8948662682576503
2024-11-28 18:30:00,12.40449995,22.904654333333337,13.748734,1.344234524182129
2024-11-28 19:00:00,18.4014799,21.57039658333333,17.081024,-1.3204557300781232
2024-11-28 19:30:00,25.25516898333333,25.4167628,21.325775,-3.9293938368489556
2024-11-28 20:00:00,28.432718283333333,27.047199000000003,21.822098,-6.610620505013021
2024-11-28 20:30:00,18.53925663333333,23.844567183333336,21.799652,3.2603954662760444
2024-11-28 21:00:00,21.559558866666663,18.60809285,21.547363,-0.01219558541666288
2024-11-28 21:30:00,19.072227283333334,17.244401016666668,21.74504,2.672813610221354
2024-11-28 22:00:00,19.56518215,14.834871116666667,20.894638,1.3294559115234392
2024-11-28 22:30:00,19.629725416666663,17.131284466666667,19.445404,-0.1843213639322876
2024-11-28 23:00:00,21.81245768333333,20.349842166666665,18.696976,-3.115481975325519
2024-11-28 23:30:00,23.34725063333333,20.35813723333333,18.829895,-4.517355613802081
2024-11-29 00:00:00,21.546649483333336,18.84307503333333,17.230774,-4.315875557552086
2024-11-29 00:30:00,19.98762855,17.822033916666665,17.925003,-2.0626254982421877
2024-11-29 01:00:00,18.89495833333333,18.66346725,19.380219,0.4852601725260435
2024-11-29 01:30:00,16.937392300000003,18.13860165,17.091995,0.15460293925780988
2024-11-29 02:00:00,17.168255516666665,18.844771066666667,18.616653,1.4483979257161472
2024-11-29 02:30:00,16.669328966666665,19.20675885,20.487137,3.8178078741536474
2024-11-29 03:00:00,17.41437111666667,19.26150613333333,20.656677,3.2423061294270816
2024-11-29 03:30:00,17.901419316666665,21.716242766666667,21.484802,3.583382929427085
2024-11-29 04:00:00,21.186626683333333,19.13643546666667,19.490982,-1.695644627669271
2024-11-29 04:30:00,20.594134466666667,20.1728066,18.287643,-2.306491034049479
2024-11-29 05:00:00,18.04938615,16.938204433333333,17.88057,-0.16881669199218763
2024-11-29 05:30:00,16.227114866666668,16.25180668333333,17.52066,1.2935455337239574
2024-11-29 06:00:00,10.38103185,8.633160566666666,16.041122,5.660090586523438
2024-11-29 06:30:00,6.7236732833333335,7.694234000000001,11.685929,4.962256015067545
2024-11-29 07:00:00,-2.7866167,1.402286733333333,3.4540718,6.240688460177612
2024-11-29 07:30:00,-6.723687850000001,-4.901788366666668,-4.496398,2.2272898778930674
2024-11-29 08:00:00,-18.57599723333333,-16.901217566666666,-15.694671,2.88132655614827
2024-11-29 08:30:00,-28.4596672,-17.733342283333332,-27.627274,0.8323936404296859
2024-11-29 09:00:00,-42.18415001666667,-35.76023023333334,-40.78853,1.395621574283858
2024-11-29 09:30:00,-60.7776299,-63.86548788333334,-56.10533,4.672298479101563
2024-11-29 10:00:00,-73.12138768333334,-57.59570051666666,-71.788956,1.3324319948567762
2024-11-29 10:30:00,-79.28271445,-68.73731108333334,-86.0421,-6.759384549023437
2024-11-29 11:00:00,-86.75399888333334,-79.14591618333334,-97.14997,-10.395972124967443
2024-11-29 11:30:00,-100.69288496666668,-92.71615315,-106.1753,-5.482415631477849
2024-11-29 12:00:00,-105.30838506666667,-94.5364202,-112.30063,-6.992243595442702
2024-11-29 12:30:00,-98.03226395,-94.60974505,-115.80136,-17.769097133984374
2024-11-29 13:00:00,-92.99930888333334,-82.12747891666666,-110.34438,-17.345074356412752
2024-11-29 13:30:00,-95.30494765,-76.29335336666666,-104.62236,-9.317412579492185
2024-11-29 14:00:00,-79.8154007,-75.80811608333333,-93.530846,-13.715444942089846
2024-11-29 14:30:00,-77.87826386666667,-63.20559285,-79.60033,-1.7220626714192662
2024-11-29 15:00:00,-68.57472221666667,-54.90054106666667,-63.134186,5.440536425651047
2024-11-29 15:30:00,-52.15365885,-43.20536273333334,-49.251175,2.902483923242187
2024-11-29 16:00:00,-39.86694503333334,-28.70232873333333,-34.308914,5.558030848763025
2024-11-29 16:30:00,-29.23782975,-16.830023699999998,-19.368607,9.869223182617187
2024-11-29 17:00:00,-15.1811655,-17.2148772,-9.655257,5.525908274963379
2024-11-29 17:30:00,4.915024466666666,-10.045618333333332,-1.4503928,-6.365417308959452
2024-11-29 18:00:00,16.277307833333335,5.461091716666666,6.9640665,-9.313241327901206
2024-11-29 18:30:00,25.5793266,12.40449995,12.80301,-12.77631661312256
2024-11-29 19:00:00,27.61698885,18.4014799,16.262146,-11.354842853906248
2024-11-29 19:30:00,22.96564953333333,25.25516898333333,20.34903,-2.6166199923177054
2024-11-29 20:00:00,18.3991632,28.432718283333333,20.510315,2.1111517414062497
2024-11-29 20:30:00,23.231400583333336,18.53925663333333,20.27472,-2.956681345052086
2024-11-29 21:00:00,23.06823771666667,21.559558866666663,19.983536,-3.0847019500651065
2024-11-29 21:30:00,22.769086216666665,19.072227283333334,19.790283,-2.9788030135416648
2024-11-29 22:00:00,21.989056066666667,19.56518215,20.182983,-1.8060726682291666
2024-11-29 22:30:00,19.76446508333333,19.629725416666663,18.230713,-1.5337521927083309
2024-11-29 23:00:00,21.24294945,21.81245768333333,19.433151,-1.8097982048828136
2024-11-29 23:30:00,21.409610033333333,23.34725063333333,18.625443,-2.7841675284505207
2024-11-30 00:00:00,23.41436183333333,21.546649483333336,18.889267,-4.525094865559893
2024-11-30 00:30:00,21.3467478,19.98762855,18.915955,-2.4307932101562493
2024-11-30 01:00:00,25.62214155,18.89495833333333,20.186005,-5.4361369113281235
2024-11-30 01:30:00,21.85898208333333,16.937392300000003,17.746094,-4.112888333333331
2024-11-30 02:00:00,21.788336,17.168255516666665,19.045395,-2.7429411025390635
2024-11-30 02:30:00,21.34715053333333,16.669328966666665,19.250137,-2.097013204231768
2024-11-30 03:00:00,22.865218916666667,17.41437111666667,19.188019,-3.6772001178385416
2024-11-30 03:30:00,22.530906150000003,17.901419316666665,18.496307,-4.034598776953128
2024-11-30 04:00:00,21.7189917,21.186626683333333,16.41278,-5.30621093828125
2024-11-30 04:30:00,21.76556878333333,20.594134466666667,16.581848,-5.183720638802079
2024-11-30 05:00:00,19.97079618333333,18.04938615,18.034943,-1.9358535563802057
2024-11-30 05:30:00,19.475399383333333,16.227114866666668,17.547424,-1.9279750669270825
2024-11-30 06:00:00,18.9405674,10.38103185,16.155457,-2.785110857031249
2024-11-30 06:30:00,13.050420583333334,6.7236732833333335,12.213365,-0.8370559821980805
2024-11-30 07:00:00,10.441037266666669,-2.7866167,6.231187,-4.209850399906415
2024-11-30 07:30:00,13.522689933333334,-6.723687850000001,0.31486592,-13.207824016365942
2024-11-30 08:00:00,13.941370016666667,-18.57599723333333,-10.783111,-24.724480635257976
2024-11-30 08:30:00,9.878716183333331,-28.4596672,-22.840103,-32.718819332747394
2024-11-30 09:00:00,2.6784628333333327,-42.18415001666667,-38.17569,-40.85415253059896
2024-11-30 09:30:00,0.6305172833333333,-60.7776299,-53.540268,-54.17078522766927
2024-11-30 10:00:00,-9.448567183333331,-73.12138768333334,-68.34161,-58.89304658619792
2024-11-30 10:30:00,-29.8193007,-79.28271445,-80.954895,-51.13559431953125
2024-11-30 11:00:00,-36.63330506666667,-86.75399888333334,-91.10701,-54.47370482102864
2024-11-30 11:30:00,-48.61417263333333,-100.69288496666668,-99.9897,-51.37552768404948
2024-11-30 12:00:00,-48.178042866666665,-105.30838506666667,-105.405334,-57.227291605989585
2024-11-30 12:30:00,-52.880598866666666,-98.03226395,-107.05899,-54.17839161184896
2024-11-30 13:00:00,-44.30058556666666,-92.99930888333334,-103.74896,-59.44837683567709
2024-11-30 13:30:00,-46.1595683,-95.30494765,-98.788666,-52.62909747148438
2024-11-30 14:00:00,-48.39539101666667,-79.8154007,-86.130066,-37.73467490130208
2024-11-30 14:30:00,-48.91509115,-77.87826386666667,-75.040985,-26.125893957421873
2024-11-30 15:00:00,-50.31391835,-68.57472221666667,-60.249603,-9.935684921484373
2024-11-30 15:30:00,-45.669599966666674,-52.15365885,-46.798004,-1.1284041837239513
2024-11-30 16:00:00,-41.60737891666667,-39.86694503333334,-33.107147,8.500231699869794
2024-11-30 16:30:00,-32.62157106666667,-29.23782975,-21.263046,11.35852480201823
2024-11-30 17:00:00,-19.225177233333334,-15.1811655,-10.13388,9.091297571773275
2024-11-30 17:30:00,-14.323852283333332,4.915024466666666,-0.6000816,13.723770660732777
2024-11-30 18:00:00,-8.82413665,16.277307833333335,7.8577585,16.68189517203369
2024-11-30 18:30:00,3.545136683333333,25.5793266,15.709565,12.164428479325359
2024-11-30 19:00:00,10.942513233333331,27.61698885,18.870056,7.927542919010419
2024-11-30 19:30:00,15.55270605,22.96564953333333,21.189178,5.636472416796876
2024-11-30 20:00:00,23.61006495,18.3991632,22.253387,-1.3566774988281267
2024-11-30 20:30:00,20.7924761,23.231400583333336,21.74266,0.9501844224609393
2024-11-30 21:00:00,27.573486733333336,23.06823771666667,21.682266,-5.891220497981774
2024-11-30 21:30:00,25.5243517,22.769086216666665,22.762558,-2.761793716601563
2024-11-30 22:00:00,23.75600843333333,21.989056066666667,22.730942,-1.025066660872394
2024-11-30 22:30:00,18.99777113333333,19.76446508333333,20.718445,1.7206736908854197
2024-11-30 23:00:00,21.300918183333334,21.24294945,19.84822,-1.4526973581380211
2024-11-30 23:30:00,24.8521955,21.409610033333333,18.65097,-6.2012250410156255
2024-12-01 00:00:00,23.051962866666667,23.41436183333333,19.878143,-3.173819556119792
2024-12-01 00:30:00,20.434451266666667,21.3467478,19.943222,-0.49122922076822917
2024-12-01 01:00:00,20.92526115,25.62214155,19.863266,-1.0619951587890633
2024-12-01 01:30:00,20.4841088,21.85898208333333,19.922012,-0.5620964708984388
2024-12-01 02:00:00,20.159716666666665,21.788336,18.625366,-1.5343504557291645
2024-12-01 02:30:00,21.7254011,21.34715053333333,17.872833,-3.852567848046874
2024-12-01 03:00:00,21.567946666666668,22.865218916666667,18.125153,-3.4427940787760427
2024-12-01 03:30:00,22.472235633333337,22.530906150000003,17.72438,-4.747855140169275
2024-12-01 04:00:00,21.2224072,21.7189917,16.098373,-5.124033786914062
2024-12-01 04:30:00,20.5246028,21.76556878333333,14.615571,-5.909031777966309
2024-12-01 05:00:00,14.847358166666666,19.97079618333333,13.654801,-1.1925567979532872
2024-12-01 05:30:00,11.872675566666668,19.475399383333333,15.561631,3.6889556360310856
2024-12-01 06:00:00,11.231090666666669,18.9405674,14.963075,3.731984017476398
2024-12-01 06:30:00,3.296478833333333,13.050420583333334,12.083375,8.786896143778483
2024-12-01 07:00:00,-5.827853999999999,10.441037266666669,7.1729593,13.000813327697752
2024-12-01 07:30:00,-8.502578216666667,13.522689933333334,1.6186684,10.121246653670756
2024-12-01 08:00:00,-17.44998995,13.941370016666667,-7.127654,10.32233587437744
2024-12-01 08:30:00,-34.481697716666666,9.878716183333331,-17.773987,16.707710900260416
2024-12-01 09:00:00,-49.40146825,2.6784628333333327,-29.980469,19.4209995
2024-12-01 09:30:00,-71.85632220000001,0.6305172833333333,-41.86302,29.99330034941407
2024-12-01 10:00:00,-70.83923115,-9.448567183333331,-53.74225,17.096982614843753
2024-12-01 10:30:00,-81.52881671666667,-29.8193007,-66.69115,14.83766986608073
2024-12-01 11:00:00,-87.5894779,-36.63330506666667,-77.769,9.820480707617193
2024-12-01 11:30:00,-100.79494,-48.61417263333333,-84.715,16.079943662109372
2024-12-01 12:00:00,-89.87234153333333,-48.178042866666665,-90.3866,-0.5142551463541736
2024-12-01 12:30:00,-104.35149058333332,-52.880598866666666,-92.018715,12.33277567854816
2024-12-01 13:00:00,-117.128961,-44.30058556666666,-87.99853,29.130433473144535
2024-12-01 13:30:00,-92.88167281666666,-46.1595683,-82.50917,10.372502284440102
2024-12-01 14:00:00,-77.5248132,-48.39539101666667,-72.83366,4.691156888964841
2024-12-01 14:30:00,-67.0317423,-48.91509115,-60.72238,6.30936070820313
2024-12-01 15:00:00,-63.074813266666666,-50.31391835,-50.331924,12.742888828190104
2024-12-01 15:30:00,-61.2950611,-45.669599966666674,-39.35849,21.936571109765623
2024-12-01 16:00:00,-47.0665262,-41.60737891666667,-26.512054,20.554471756640623
2024-12-01 16:30:00,-39.0975296,-32.62157106666667,-15.766112,23.331417272424318
2024-12-01 17:00:00,-16.23146063333333,-19.225177233333334,-8.563476,7.667985024507647
2024-12-01 17:30:00,-7.951066099999999,-14.323852283333332,-0.9572136,6.993852519391631
2024-12-01 18:00:00,3.1965916,-8.82413665,6.371751,3.175159231604004
2024-12-01 18:30:00,10.524156716666669,3.545136683333333,9.947358,-0.5767985852579773
2024-12-01 19:00:00,12.5201161,10.942513233333331,14.327897,1.8077809718383797
2024-12-01 19:30:00,18.144909,15.55270605,18.628464,0.4835547451171891
2024-12-01 20:00:00,18.63115718333333,23.61006495,20.734772,2.103614545182296
2024-12-01 20:30:00,18.82692005,20.7924761,20.036667,1.2097468201171893
2024-12-01 21:00:00,17.4283644,27.573486733333336,21.446426,4.018061991601563
2024-12-01 21:30:00,17.740115433333333,25.5243517,20.893738,3.153622359635417
2024-12-01 22:00:00,15.575073349999998,23.75600843333333,21.32927,5.754196059179689
2024-12-01 22:30:00,14.554556216666668,18.99777113333333,20.02121,5.466653500130207
2024-12-01 23:00:00,20.183361716666667,21.300918183333334,20.369446,0.186084084114583
2024-12-01 23:30:00,19.04303338333333,24.8521955,19.668335,0.6253015776041693
2024-12-02 00:00:00,20.65046105,23.051962866666667,20.596802,-0.05365929218750054
2024-12-02 00:30:00,21.097824666666664,20.434451266666667,22.251755,1.1539300940755233
2024-12-02 01:00:00,19.758618466666665,20.92526115,22.007538,2.2489193751302103
2024-12-02 01:30:00,20.1548517,20.4841088,21.987137,1.8322851408203142
2024-12-02 02:00:00,20.225241566666668,20.159716666666665,21.811325,1.5860835065755197
2024-12-02 02:30:00,22.30906618333333,21.7254011,21.437363,-0.8717035124348911
2024-12-02 03:00:00,22.62732945,21.567946666666668,20.744537,-1.8827920964843763
2024-12-02 03:30:00,24.30959895,22.472235633333337,20.26271,-4.046888378710939
2024-12-02 04:00:00,28.72417555,21.2224072,18.957642,-9.766533948437498
2024-12-02 04:30:00,28.5982583,20.5246028,18.233887,-10.364371581250001
2024-12-02 05:00:00,18.95138833333333,14.847358166666666,16.480927,-2.4704618196614554
2024-12-02 05:30:00,13.610688383333333,11.872675566666668,16.251251,2.6405628373697922
2024-12-02 06:00:00,6.544858416666667,11.231090666666669,16.234497,9.689638653645833
2024-12-02 06:30:00,10.42716735,3.296478833333333,13.347703,2.9205356300415044
2024-12-02 07:00:00,-5.587418866666667,-5.827853999999999,7.639863,13.227281880887858
2024-12-02 07:30:00,-22.31371628333333,-8.502578216666667,2.4711463,24.78486262847188
2024-12-02 08:00:00,-40.0401033,-17.44998995,-5.6284018,34.41170154371338
2024-12-02 08:30:00,-57.94843671666666,-34.481697716666666,-16.87091,41.07752607213541
2024-12-02 09:00:00,-73.98143841666666,-49.40146825,-30.33496,43.64647747916666
2024-12-02 09:30:00,-90.9348828,-71.85632220000001,-42.294052,48.64083067597656
2024-12-02 10:00:00,-108.77237238333332,-70.83923115,-56.495117,52.27725519583332
2024-12-02 10:30:00,-131.22314105,-81.52881671666667,-70.88841,60.33472857441407
2024-12-02 11:00:00,-145.7814466,-87.5894779,-82.78372,62.997724676171885
2024-12-02 11:30:00,-158.46102403333333,-100.79494,-92.589264,65.8717601173177
2024-12-02 12:00:00,-142.99471935,-89.87234153333333,-98.48447,44.51025279726562
2024-12-02 12:30:00,-142.89894998333332,-104.35149058333332,-101.97309,40.92585885784504
2024-12-02 13:00:00,-144.71002124999998,-117.128961,-101.13403,43.57598804687498
2024-12-02 13:30:00,-133.49764613333335,-92.88167281666666,-95.451294,38.04635218802085
2024-12-02 14:00:00,-98.18866066666668,-77.5248132,-86.18067,12.007988974772147
2024-12-02 14:30:00,-71.06587061666666,-67.0317423,-75.510956,-4.445085193880217
2024-12-02 15:00:00,-57.9878556,-63.074813266666666,-62.80722,-4.819364858984372
2024-12-02 15:30:00,-42.99649003333334,-61.2950611,-49.630142,-6.633652178580725
2024-12-02 16:00:00,-30.229060633333333,-47.0665262,-38.891052,-8.661991612760417
2024-12-02 16:30:00,-21.820090566666668,-39.0975296,-25.513885,-3.693794931380207
2024-12-02 17:00:00,-2.94188315,-16.23146063333333,-14.967757,-12.025874075036622
2024-12-02 17:30:00,4.5602561,-7.951066099999999,-6.639983,-11.200239277185059
2024-12-02 18:00:00,18.553908333333336,3.1965916,4.027192,-14.526716217549644
2024-12-02 18:30:00,21.02126383333333,10.524156716666669,10.540681,-10.480582948018387
2024-12-02 19:00:00,22.976056716666665,12.5201161,14.681596,-8.294460914359536
2024-12-02 19:30:00,20.487504916666666,18.144909,18.151733,-2.3357715182291656
2024-12-02 20:00:00,31.27110511666667,18.63115718333333,21.474182,-9.796922987760421
2024-12-02 20:30:00,28.893427300000003,18.82692005,22.297714,-6.595713066601565
2024-12-02 21:00:00,30.927745583333333,17.4283644,22.022446,-8.905299904622396
2024-12-02 21:30:00,26.468507133333333,17.740115433333333,19.959213,-6.509293876497395
2024-12-02 22:00:00,26.8218033,15.575073349999998,20.269073,-6.552729813671874
2024-12-02 22:30:00,24.618680033333334,14.554556216666668,19.741638,-4.877041849739584
2024-12-02 23:00:00,25.17585995,20.183361716666667,18.699905,-6.475954554492187
2024-12-02 23:30:00,22.4031289,19.04303338333333,20.187561,-2.2155678648437487
2024-12-03 00:00:00,20.6745506,20.65046105,17.702087,-2.97246319765625
2024-12-03 00:30:00,23.223398983333336,21.097824666666664,17.09198,-6.131419002864586
2024-12-03 01:00:00,22.92724383333333,19.758618466666665,17.23648,-5.690763120442703
2024-12-03 01:30:00,22.762704466666666,20.1548517,17.04889,-5.713815306510416
2024-12-03 02:00:00,23.5977817,20.225241566666668,18.188644,-5.409137290820311
2024-12-03 02:30:00,23.50990225,22.30906618333333,18.735794,-4.774108182617187
2024-12-03 03:00:00,23.11961343333333,22.62732945,18.429886,-4.689727569075519
2024-12-03 03:30:00,23.23853843333333,24.30959895,16.892303,-6.3462349665364535
2024-12-03 04:00:00,23.31950116666667,28.72417555,17.399734,-5.919766669596356
2024-12-03 04:30:00,24.442280850000003,28.5982583,17.405426,-7.036854824609378
2024-12-03 05:00:00,19.98450895,18.95138833333333,16.350464,-3.6340450828124986
2024-12-03 05:30:00,19.0079489,13.610688383333333,17.355438,-1.6525106675781238
2024-12-03 06:00:00,23.999574483333333,6.544858416666667,16.151917,-7.847657979427083
2024-12-03 06:30:00,18.263411216666665,10.42716735,13.394456,-4.868955306937661
2024-12-03 07:00:00,9.210473766666668,-5.587418866666667,9.088838,-0.12163614307047688
2024-12-03 07:30:00,5.759035516666667,-22.31371628333333,0.050721016,-5.7083145008855025
2024-12-03 08:00:00,-0.2589254333333338,-40.0401033,-10.420684,-10.161758427445475
2024-12-03 08:30:00,-4.869920616666668,-57.94843671666666,-21.445038,-16.575117225130207
2024-12-03 09:00:00,-8.769489966666667,-73.98143841666666,-37.945633,-29.176142967903644
2024-12-03 09:30:00,-21.00306165,-90.9348828,-50.675217,-29.672155024804688
2024-12-03 10:00:00,-45.2285121,-108.77237238333332,-64.466034,-19.237521835546872
2024-12-03 10:30:00,-59.89041165,-131.22314105,-79.28357,-19.393157685937503
2024-12-03 11:00:00,-66.2543029,-145.7814466,-90.63443,-24.380127031640626
2024-12-03 11:30:00,-78.81031098333334,-158.46102403333333,-99.274605,-20.464293814029944
2024-12-03 12:00:00,-72.59077611666666,-142.99471935,-104.99056,-32.39978632229818
2024-12-03 12:30:00,-82.67055491666667,-142.89894998333332,-108.23912,-25.568565566731763
2024-12-03 13:00:00,-83.53207225,-144.71002124999998,-108.21434,-24.68226795996094
2024-12-03 13:30:00,-79.38297443333333,-133.49764613333335,-104.166374,-24.783399773209638
2024-12-03 14:00:00,-80.85455161666667,-98.18866066666668,-95.87805,-15.023500141145831
2024-12-03 14:30:00,-81.04534548333334,-71.06587061666666,-82.65484,-1.6094930786783834
2024-12-03 15:00:00,-74.02546451666666,-57.9878556,-68.28206,5.743405800846347
2024-12-03 15:30:00,-72.61398715,-42.99649003333334,-54.19713,18.416858854101562
2024-12-03 16:00:00,-52.53505619999999,-30.229060633333333,-38.44879,14.086264696093743
2024-12-03 16:30:00,-40.88694216666666,-21.820090566666668,-24.208847,16.67809512076822
2024-12-03 17:00:00,-24.78845348333333,-2.94188315,-11.148467,13.639986419429523
2024-12-03 17:30:00,-3.688374500000001,4.5602561,-0.712722,2.9756524965400706
2024-12-03 18:00:00,5.991340149999999,18.553908333333336,7.4418497,1.4505095585571297
2024-12-03 18:30:00,13.46658675,21.02126383333333,13.577699,0.11111195758056702
2024-12-03 19:00:00,10.487336183333332,22.976056716666665,18.48143,7.994093870377606
2024-12-03 19:30:00,13.278115066666668,20.487504916666666,22.057892,8.779776779036457
2024-12-03 20:00:00,18.04913853333333,31.27110511666667,24.187439,6.1383004315104195
2024-12-03 20:30:00,21.570812766666663,28.893427300000003,24.231476,2.6606630634114623
2024-12-03 21:00:00,23.13061933333333,30.927745583333333,23.455246,0.3246266383463592
2024-12-03 21:30:00,20.291369466666666,26.468507133333333,22.009201,1.7178315831380218
2024-12-03 22:00:00,16.172307683333333,26.8218033,20.596207,4.4238989817057295
2024-12-03 22:30:00,19.4790027,24.618680033333334,20.523132,1.0441296242187512
2024-12-03 23:00:00,16.08495123333333,25.17585995,20.333282,4.2483312373697935
2024-12-03 23:30:00,16.669327016666667,22.4031289,20.043655,3.3743283788411453
2024-12-04 00:00:00,15.639848883333334,20.6745506,19.628357,3.9885080502604158
2024-12-04 00:30:00,16.78453905,23.223398983333336,19.840805,3.056266003710938
2024-12-04 01:00:00,18.17808115,22.92724383333333,19.163696,0.9856151390624994
2024-12-04 01:30:00,17.238822783333333,22.762704466666666,20.085983,2.8471604930338543
2024-12-04 02:00:00,17.358186666666665,23.5977817,19.487045,2.1288586214192726
2024-12-04 02:30:00,19.293570516666662,23.50990225,19.903946,0.6103754061849003
2024-12-04 03:00:00,21.50430778333333,23.11961343333333,18.965973,-2.5383348829427064
2024-12-04 03:30:00,21.581958933333336,23.23853843333333,16.295395,-5.286564035872399
2024-12-04 04:00:00,28.2539372,23.31950116666667,15.6849375,-12.568999722888183
2024-12-04 04:30:00,26.833814933333333,24.442280850000003,14.21454,-12.619275405440266
2024-12-04 05:00:00,17.3737722,19.98450895,11.693559,-5.680213507067872
2024-12-04 05:30:00,4.8779796,19.0079489,9.572328,4.694348013830567
2024-12-04 06:00:00,6.465251599999999,23.999574483333333,8.18509,1.719838465002442
2024-12-04 06:30:00,10.102392083333331,18.263411216666665,4.465333,-5.637059098409015
2024-12-04 07:00:00,10.804266016666666,9.210473766666668,-1.3918754,-12.196141402904765
2024-12-04 07:30:00,-0.3202167499999995,5.759035516666667,-10.077224,-9.757007027770996
2024-12-04 08:00:00,-22.603553816666665,-0.2589254333333338,-20.724503,1.8790512531901022
2024-12-04 08:30:00,-59.42726441666667,-4.869920616666668,-31.40828,28.018984997721354
2024-12-04 09:00:00,-80.13977208333334,-8.769489966666667,-40.749023,39.39074864583334
2024-12-04 09:30:00,-92.85184613333332,-21.00306165,-51.96968,40.88216534720051
2024-12-04 10:00:00,-94.52743986666668,-45.2285121,-66.1902,28.33723906100262
2024-12-04 10:30:00,-122.6534865,-59.89041165,-78.15166,44.50182939550781
2024-12-04 11:00:00,-144.93831225,-66.2543029,-89.17803,55.76028032861328
2024-12-04 11:30:00,-155.36285325,-78.81031098333334,-95.993515,59.36933823535156
2024-12-04 12:00:00,-167.4189433,-72.59077611666666,-99.99742,67.42152203535156
2024-12-04 12:30:00,-166.72726671666666,-82.67055491666667,-101.58494,65.14232866735026
2024-12-04 13:00:00,-153.75229105,-83.53207225,-99.70867,54.04361948017578
2024-12-04 13:30:00,-142.0266622166667,-79.38297443333333,-94.45943,47.56723533678388
2024-12-04 14:00:00,-123.10084895,-80.85455161666667,-86.17448,36.92637232646484
2024-12-04 14:30:00,-107.15047095,-81.04534548333334,-74.49637,32.654102541796874
2024-12-04 15:00:00,-88.08749618333333,-74.02546451666666,-61.11589,26.97160568040364
2024-12-04 15:30:00,-77.42568441666667,-72.61398715,-49.366013,28.059671843424482
2024-12-04 16:00:00,-70.95503383333333,-52.53505619999999,-36.326508,34.62852626497396
2024-12-04 16:30:00,-57.117625616666665,-40.88694216666666,-25.087845,32.02978076803385
2024-12-04 17:00:00,-38.516502716666665,-24.78845348333333,-14.678542,23.83796057952067
2024-12-04 17:30:00,-12.794345416666667,-3.688374500000001,-4.3952475,8.399097957255046
2024-12-04 18:00:00,2.0751790500000005,5.991340149999999,5.581254,3.5060749554321284
2024-12-04 18:30:00,11.925100566666666,13.46658675,10.524476,-1.4006245153360997
2024-12-04 19:00:00,5.212876083333334,10.487336183333332,14.279908,9.067032096903482
2024-12-04 19:30:00,8.890755583333334,13.278115066666668,18.713974,9.823218415690103
2024-12-04 20:00:00,18.633534583333333,18.04913853333333,20.3712,1.7376659781901047
2024-12-04 20:30:00,25.320079566666667,21.570812766666663,20.776276,-4.543803931901042
2024-12-04 21:00:00,24.41141508333333,23.13061933333333,21.268005,-3.143409712239581
2024-12-04 21:30:00,24.7110189,20.291369466666666,21.254517,-3.456502298437499
2024-12-04 22:00:00,22.811758183333332,16.172307683333333,19.716324,-3.0954343307942693
2024-12-04 22:30:00,21.273946783333333,19.4790027,18.92836,-2.3455867979817704
2024-12-04 23:00:00,23.60860603333333,16.08495123333333,18.742767,-4.865838699348956
2024-12-04 23:30:00,26.233006016666668,16.669327016666667,20.904633,-5.328373448307293
2024-12-05 00:00:00,26.030859000000003,15.639848883333334,22.335861,-3.6949977939453156
2024-12-05 00:30:00,27.87484783333333,16.78453905,22.890121,-4.984726373372393
2024-12-05 01:00:00,24.90708658333333,18.17808115,22.000793,-2.9062931263020815
2024-12-05 01:30:00,23.69533278333333,17.238822783333333,21.988983,-1.7063496290364562
2024-12-05 02:00:00,26.23239613333333,17.358186666666665,21.48465,-4.7477464751302065
2024-12-05 02:30:00,26.653344816666664,19.293570516666662,21.448227,-5.205117887955726
2024-12-05 03:00:00,25.53927888333333,21.50430778333333,22.10701,-3.432268995638019
2024-12-05 03:30:00,24.86687566666667,21.581958933333336,19.746765,-5.120110529947919
2024-12-05 04:00:00,29.707500016666668,28.2539372,18.981125,-10.72637513873698
2024-12-05 04:30:00,30.75257608333333,26.833814933333333,18.371246,-12.381329745442706
2024-12-05 05:00:00,21.780778283333333,17.3737722,15.906419,-5.8743594829793295
2024-12-05 05:30:00,17.15439655,4.8779796,13.586198,-3.5681986969116224
2024-12-05 06:00:00,7.458995000000001,6.465251599999999,11.934663,4.475667818908691
2024-12-05 06:30:00,4.537503383333333,10.102392083333331,7.622819,3.0853155635050458
2024-12-05 07:00:00,4.126580966666666,10.804266016666666,0.88922197,-3.2373590004000343
2024-12-05 07:30:00,-7.881079566666666,-0.3202167499999995,-5.852523,2.028556716630045
2024-12-05 08:00:00,-29.225460466666664,-22.603553816666665,-16.215378,13.010082659049477
2024-12-05 08:30:00,-52.01166003333333,-59.42726441666667,-29.929352,22.082308226692703
2024-12-05 09:00:00,-61.21158558333334,-80.13977208333334,-45.6037,15.607886852864588
2024-12-05 09:30:00,-75.39129121666667,-92.85184613333332,-59.0103,16.380991534049485
2024-12-05 10:00:00,-78.58437781666667,-94.52743986666668,-73.10373,5.480648568619799
2024-12-05 10:30:00,-102.34790881666667,-122.6534865,-87.03589,15.312020144791674
2024-12-05 11:00:00,-128.35943438333334,-144.93831225,-99.3383,29.02113177102865
2024-12-05 11:30:00,-139.43321838333335,-155.36285325,-108.943756,30.48946227981773
2024-12-05 12:00:00,-143.05613449999998,-167.4189433,-116.319885,26.736249246093735
2024-12-05 12:30:00,-148.81262496666668,-166.72726671666666,-118.726524,30.08610061363933
2024-12-05 13:00:00,-145.89845165,-153.75229105,-116.99076,28.907690846777342
2024-12-05 13:30:00,-147.26630628333334,-142.0266622166667,-113.095055,34.17125165686849
2024-12-05 14:00:00,-125.10892601666669,-123.10084895,-105.09551,20.013413626529967
2024-12-05 14:30:00,-109.10162946666668,-107.15047095,-94.57835,14.523283214225273
2024-12-05 15:00:00,-82.95846568333333,-88.08749618333333,-80.246086,2.712379562727861
2024-12-05 15:30:00,-78.72942103333334,-77.42568441666667,-65.17345,13.5559743780599
2024-12-05 16:00:00,-59.29082508333334,-70.95503383333333,-50.67668,8.61414356477865
2024-12-05 16:30:00,-46.304747683333325,-57.117625616666665,-38.399048,7.905699831770825
2024-12-05 17:00:00,-22.514099366666667,-38.516502716666665,-26.072021,-3.5579221177083333
2024-12-05 17:30:00,-0.4723349666666664,-12.794345416666667,-13.802825,-13.330490007393392
2024-12-05 18:00:00,13.44734325,2.0751790500000005,-3.8144677,-17.261810918533325
2024-12-05 18:30:00,20.992333866666662,11.925100566666666,5.519334,-15.473000027250158
2024-12-05 19:00:00,31.09778225,5.212876083333334,12.505418,-18.592364426208498
2024-12-05 19:30:00,34.157503283333334,8.890755583333334,17.264908,-16.89259544641927
2024-12-05 20:00:00,28.454707816666662,18.633534583333333,21.261902,-7.192805961197912
2024-12-05 20:30:00,29.2305065,25.320079566666667,21.674683,-7.555823882812501
2024-12-05 21:00:00,25.657890533333333,24.41141508333333,19.996613,-5.661277984505208
2024-12-05 21:30:00,27.790327783333336,24.7110189,19.372986,-8.417341943489586
2024-12-05 22:00:00,26.153548366666666,22.811758183333332,21.25624,-4.897307521940103
2024-12-05 22:30:00,24.819033816666664,21.273946783333333,19.801819,-5.017214969010414
2024-12-05 23:00:00,26.800802333333333,23.60860603333333,18.628418,-8.172384364583333
2024-12-05 23:30:00,23.4497066,26.233006016666668,19.046585,-4.4031215169921865
2024-12-06 00:00:00,23.837101033333337,26.030859000000003,18.195282,-5.641819050911462
2024-12-06 00:30:00,22.7948001,27.87484783333333,17.257706,-5.537094411523437
2024-12-06 01:00:00,22.94421785,24.90708658333333,18.781662,-4.162555862695314
2024-12-06 01:30:00,23.452368366666665,23.69533278333333,20.196732,-3.2556367992838524
2024-12-06 02:00:00,23.27546985,26.23239613333333,22.007065,-1.2684050306640628
2024-12-06 02:30:00,24.297769666666667,26.653344816666664,22.354462,-1.9433079967447924
2024-12-06 03:00:00,25.502632166666668,25.53927888333333,22.593948,-2.9086838024088557
2024-12-06 03:30:00,26.351212683333333,24.86687566666667,22.049973,-4.301240149153646
2024-12-06 04:00:00,24.2066766,29.707500016666668,20.593842,-3.6128350472656265
2024-12-06 04:30:00,24.96600173333333,30.75257608333333,17.883911,-7.082090600520829
2024-12-06 05:00:00,19.482184983333333,21.780778283333333,16.03154,-3.4506450663411457
2024-12-06 05:30:00,13.1229823,17.15439655,15.550096,2.4271132581665036
2024-12-06 06:00:00,10.072481583333332,7.458995000000001,13.125825,3.0533433449503598
2024-12-06 06:30:00,6.118621133333334,4.537503383333333,8.598908,2.4802872910441076
2024-12-06 07:00:00,8.049017883333333,4.126580966666666,0.75056535,-7.298452533277638
2024-12-06 07:30:00,-3.1070137333333334,-7.881079566666666,-8.010695,-4.903681724125162
2024-12-06 08:00:00,-10.036959433333337,-29.225460466666664,-20.409607,-10.372647500260413
2024-12-06 08:30:00,-19.72045333333333,-52.01166003333333,-33.907288,-14.186834264322918
2024-12-06 09:00:00,-24.3425467,-61.21158558333334,-49.224564,-24.882016898632813
2024-12-06 09:30:00,-30.86180273333333,-75.39129121666667,-62.237106,-31.375303589908857
2024-12-06 10:00:00,-43.37661226666666,-78.58437781666667,-74.8295,-31.452886024348963
2024-12-06 10:30:00,-51.26752393333334,-102.34790881666667,-88.258156,-36.99063188942057
2024-12-06 11:00:00,-69.29729768333333,-128.35943438333334,-99.92082,-30.62352446022136
2024-12-06 11:30:00,-83.17885338333333,-139.43321838333335,-109.62913,-26.450274119108073
2024-12-06 12:00:00,-88.20394326666667,-143.05613449999998,-115.43324,-27.229299531184893
2024-12-06 12:30:00,-79.73476841666667,-148.81262496666668,-118.0744,-38.33963343880208
2024-12-06 13:00:00,-80.5573111,-145.89845165,-116.87909,-36.32177825546874
2024-12-06 13:30:00,-70.23956553333333,-147.26630628333334,-114.05277,-43.81320698863932
2024-12-06 14:00:00,-67.73558443333333,-125.10892601666669,-105.13352,-37.39793760035808
2024-12-06 14:30:00,-59.80765498333334,-109.10162946666668,-94.46458,-34.65692173785806
2024-12-06 15:00:00,-32.24959773333333,-82.95846568333333,-77.766335,-45.516736800358075
2024-12-06 15:30:00,-15.00941435,-78.72942103333334,-63.5215,-48.51208528378906
2024-12-06 16:00:00,-9.078533416666666,-59.29082508333334,-48.585358,-39.50682424934896
2024-12-06 16:30:00,-5.081970083333333,-46.304747683333325,-35.166504,-30.08453382291667
2024-12-06 17:00:00,1.811236533333333,-22.514099366666667,-22.145859,-23.95709529798177
2024-12-06 17:30:00,7.82499725,-0.4723349666666664,-10.555419,-18.380416218200683
2024-12-06 18:00:00,13.887322816666668,13.44734325,-0.44303814,-14.33036095243365
2024-12-06 18:30:00,16.515157716666668,20.992333866666662,7.310548,-9.204609887992351
2024-12-06 19:00:00,20.605413816666665,31.09778225,14.450517,-6.1548971159220365
2024-12-06 19:30:00,23.86439896666667,34.157503283333334,18.121704,-5.74269486510417
2024-12-06 20:00:00,28.22459888333333,28.454707816666662,22.143372,-6.081227301302079
2024-12-06 20:30:00,29.61458883333333,29.2305065,24.36911,-5.245478725911454
2024-12-06 21:00:00,30.6601612,25.657890533333333,23.82225,-6.8379108337890635
2024-12-06 21:30:00,26.36942003333333,27.790327783333336,24.558716,-1.8107042130208306
2024-12-06 22:00:00,24.37063605,26.153548366666666,23.765564,-0.6050720851562517
2024-12-06 22:30:00,23.67292158333333,24.819033816666664,23.606491,-0.06643049446614313
2024-12-06 23:00:00,22.17557503333333,26.800802333333333,22.566849,0.3912737215494815
2024-12-06 23:30:00,23.3326823,23.4497066,21.492737,-1.8399454835937483
2024-12-07 00:00:00,27.07403938333333,23.837101033333337,22.04004,-5.034000320833329
2024-12-07 00:30:00,25.35253828333333,22.7948001,21.408295,-3.944243605598956
2024-12-07 01:00:00,27.393219416666668,22.94421785,21.146103,-6.24711651139323
2024-12-07 01:30:00,26.195774933333336,23.452368366666665,22.93486,-3.2609147038411486
2024-12-07 02:00:00,26.59824555,23.27546985,23.1185,-3.4797457941406265
2024-12-07 02:30:00,27.964716733333333,24.297769666666667,22.335785,-5.628931821223958
2024-12-07 03:00:00,23.13507943333333,25.502632166666668,22.945175,-0.18990426243489367
2024-12-07 03:30:00,23.84311938333333,26.351212683333333,21.517075,-2.3260447983723935
2024-12-07 04:00:00,24.699002383333333,24.2066766,21.069336,-3.629666445833333
2024-12-07 04:30:00,23.5726773,24.96600173333333,19.244934,-4.327743217968749
2024-12-07 05:00:00,20.524588233333333,19.482184983333333,16.338135,-4.186453467708333
2024-12-07 05:30:00,17.496730583333335,13.1229823,14.725419,-2.771311538838706
2024-12-07 06:00:00,12.714961100000002,10.072481583333332,10.272691,-2.442270326989748
2024-12-07 06:30:00,6.4921817,6.118621133333334,3.7497566,-2.7424251253692624
2024-12-07 07:00:00,6.4414865500000005,8.049017883333333,-5.0926657,-11.534152222302247
2024-12-07 07:30:00,10.503715516666666,-3.1070137333333334,-14.470824,-24.97453975830485
2024-12-07 08:00:00,-2.4367179166666664,-10.036959433333337,-25.203812,-22.767093728841147
2024-12-07 08:30:00,-19.509231866666667,-19.72045333333333,-38.83879,-19.32955902688802
2024-12-07 09:00:00,-30.561514566666663,-24.3425467,-51.84767,-21.2861569421224
2024-12-07 09:30:00,-51.76116055,-30.86180273333333,-66.13582,-14.374657931445313
2024-12-07 10:00:00,-63.94998820000001,-43.37661226666666,-79.11842,-15.168435261914055
2024-12-07 10:30:00,-67.13837168333333,-51.26752393333334,-89.47322,-22.33484914186198
2024-12-07 11:00:00,-63.6756955,-69.29729768333333,-100.321,-36.64530364550781
2024-12-07 11:30:00,-96.14798833333332,-83.17885338333333,-108.94915,-12.801161752115902
2024-12-07 12:00:00,-94.51463478333334,-88.20394326666667,-113.19151,-18.676878278190102
2024-12-07 12:30:00,-96.39762101666668,-79.73476841666667,-113.54882,-17.151199478938793
2024-12-07 13:00:00,-96.2159834,-80.5573111,-110.7586,-14.54261492763672
2024-12-07 13:30:00,-104.20562461666668,-70.23956553333333,-106.54168,-2.3360547656575363
2024-12-07 14:00:00,-94.53833001666668,-67.73558443333333,-96.19983,-1.6614990848958229
2024-12-07 14:30:00,-97.46442396666669,-59.80765498333334,-84.82397,12.640456986686218
2024-12-07 15:00:00,-86.16267868333334,-32.24959773333333,-69.24556,16.917118990950527
2024-12-07 15:30:00,-74.741261,-15.00941435,-52.521652,22.219608778320307
2024-12-07 16:00:00,-60.38101503333333,-9.078533416666666,-37.038574,23.342440814583327
2024-12-07 16:30:00,-38.10366561666667,-5.081970083333333,-24.00354,14.100125577604167
2024-12-07 17:00:00,-14.260469550000002,1.811236533333333,-10.97119,3.289279097424318
2024-12-07 17:30:00,4.471505466666668,7.82499725,-0.8610069,-5.332512382235973
2024-12-07 18:00:00,29.011660566666663,13.887322816666668,6.956788,-22.054872503617347
2024-12-07 18:30:00,36.20299548333333,16.515157716666668,13.203111,-22.999884788448078
2024-12-07 19:00:00,37.5466767,20.605413816666665,19.159317,-18.387359683398437
2024-12-07 19:30:00,37.4044479,23.86439896666667,23.379837,-14.024610863867188
2024-12-07 20:00:00,29.32663838333333,28.22459888333333,24.994171,-4.332467240755204
2024-12-07 20:30:00,30.2297811,29.61458883333333,26.397888,-3.8318929164062503
2024-12-07 21:00:00,31.58354885,30.6601612,26.592667,-4.990882224023437
2024-12-07 21:30:00,28.03766165,26.36942003333333,25.550552,-2.487109281835938
2024-12-07 22:00:00,25.7504789,24.37063605,23.439316,-2.3111631041015634
2024-12-07 22:30:00,23.06964285,23.67292158333333,22.394608,-0.6750353060546885
2024-12-07 23:00:00,26.99333088333333,22.17557503333333,24.00209,-2.991240429231766
2024-12-07 23:30:00,26.339962866666667,23.3326823,24.398605,-1.9413575199869797
2024-12-08 00:00:00,22.30896388333333,27.07403938333333,25.783813,3.4748495932291696
2024-12-08 00:30:00,21.692037316666667,25.35253828333333,25.548676,3.856638220442708
2024-12-08 01:00:00,21.76654235,27.393219416666668,25.391113,3.6245709312499983
2024-12-08 01:30:00,20.60992565,26.195774933333336,25.365952,4.7560258880859365
2024-12-08 02:00:00,21.37389453333333,26.59824555,25.812271,4.438376584830731
2024-12-08 02:30:00,23.865549016666662,27.964716733333333,27.547348,3.681799005794275
2024-12-08 03:00:00,20.956375116666667,23.13507943333333,27.672485,6.716110234895833
2024-12-08 03:30:00,21.068079566666665,23.84311938333333,28.14116,7.073079490950523
2024-12-08 04:00:00,27.27159213333333,24.699002383333333,26.799683,-0.47190951614582843
2024-12-08 04:30:00,26.346366166666662,23.5726773,23.736252,-2.610114335611975
2024-12-08 05:00:00,16.6417817,20.524588233333333,20.43715,3.7953673478515633
2024-12-08 05:30:00,13.074929466666669,17.496730583333335,18.719467,5.644537696419269
2024-12-08 06:00:00,9.112915,12.714961100000002,14.75615,5.643235245666505
2024-12-08 06:30:00,2.4342899166666663,6.4921817,10.345201,7.910910621968588
2024-12-08 07:00:00,-7.764587266666666,6.4414865500000005,3.790528,11.555115325672404
2024-12-08 07:30:00,-22.877549466666665,10.503715516666666,-4.853194,18.024355229911293
2024-12-08 08:00:00,-45.667965,-2.4367179166666664,-14.958739,30.70922571929932
2024-12-08 08:30:00,-68.43298231666667,-19.509231866666667,-26.040482,42.392500749283855
2024-12-08 09:00:00,-79.55051265,-30.561514566666663,-38.696136,40.85437617539063
2024-12-08 09:30:00,-94.23236885,-51.76116055,-52.87059,41.36177864003906
2024-12-08 10:00:00,-100.84254566666668,-63.94998820000001,-68.433655,32.40889088151043
2024-12-08 10:30:00,-126.98322958333334,-67.13837168333333,-82.45259,44.53063864095053
2024-12-08 11:00:00,-146.53763335,-63.6756955,-92.36368,54.17395537148437
2024-12-08 11:30:00,-157.85783606666666,-96.14798833333332,-100.798065,57.05977088111979
2024-12-08 12:00:00,-159.87802875,-94.51463478333334,-105.95733,53.92069995361328
2024-12-08 12:30:00,-166.40079786666666,-96.39762101666668,-108.09151,58.30929090865885
2024-12-08 13:00:00,-144.86038775,-96.2159834,-104.87916,39.98122972998047
2024-12-08 13:30:00,-137.39328451666668,-104.20562461666668,-102.99631,34.39697714361981
2024-12-08 14:00:00,-136.37810393333334,-94.53833001666668,-92.86211,43.51599761009115
2024-12-08 14:30:00,-127.52385673333332,-97.46442396666669,-82.84637,44.6774898510091
2024-12-08 15:00:00,-114.54929725,-86.16267868333334,-71.36009,43.18920508691406
2024-12-08 15:30:00,-89.1910411,-74.741261,-57.91336,31.27768050429688
2024-12-08 16:00:00,-79.07445396666667,-60.38101503333333,-43.052094,36.02236046080729
2024-12-08 16:30:00,-59.78113616666667,-38.10366561666667,-28.4487,31.332436215494795
2024-12-08 17:00:00,-36.575250016666665,-14.260469550000002,-15.617705,20.957544671512856
2024-12-08 17:30:00,-16.39572885,4.471505466666668,-2.8311913,13.564537548654176
2024-12-08 18:00:00,-7.457957783333334,29.011660566666663,6.4523783,13.910336056343588
2024-12-08 18:30:00,0.9347862166666668,36.20299548333333,15.624818,14.690031631538899
2024-12-08 19:00:00,7.1290227166666655,37.5466767,23.331512,16.20248973450521
2024-12-08 19:30:00,7.001075933333333,37.4044479,27.277847,20.27677135670573
2024-12-08 20:00:00,8.640706133333333,29.32663838333333,29.380081,20.73937504342448
2024-12-08 20:30:00,14.459594633333332,30.2297811,29.573593,15.113998506315106
2024-12-08 21:00:00,21.97880338333333,31.58354885,28.929733,6.950929893033859
2024-12-08 21:30:00,18.93153445,28.03766165,27.821213,8.889678318554687
2024-12-08 22:00:00,18.38233,25.7504789,24.929443,6.547113359375
2024-12-08 22:30:00,14.563132766666667,23.06964285,23.09694,8.533806320247395
2024-12-08 23:00:00,17.93568276666667,26.99333088333333,23.40207,5.466386325130205
2024-12-08 23:30:00,21.260749383333334,26.339962866666667,23.189163,1.9284138246744789
2024-12-09 00:00:00,21.964783333333333,22.30896388333333,23.277145,1.3123620524088544
2024-12-09 00:30:00,21.610581633333336,21.692037316666667,21.976852,0.3662707836588517
2024-12-09 01:00:00,21.735324416666668,21.76654235,22.962067,1.2267422337239573
2024-12-09 01:30:00,22.24824108333333,20.60992565,22.010437,-0.23780407161457973
2024-12-09 02:00:00,21.97586503333333,21.37389453333333,22.498291,0.5224259822916686
2024-12-09 02:30:00,22.76130825,23.865549016666662,22.95671,0.19540256542968848
2024-12-09 03:00:00,21.26010933333333,20.956375116666667,22.982773,1.7226634938151086
2024-12-09 03:30:00,20.057436016666667,21.068079566666665,20.699203,0.6417674745442703
2024-12-09 04:00:00,24.134100416666666,27.27159213333333,19.24649,-4.887609938151041
2024-12-09 04:30:00,27.659841666666665,26.346366166666662,18.873291,-8.786550651041665
2024-12-09 05:00:00,19.653678466666666,16.6417817,20.722183,1.068504760872397
2024-12-09 05:30:00,14.385092066666669,13.074929466666669,22.14441,7.759317113020831
2024-12-09 06:00:00,10.019814383333332,9.112915,19.825272,9.805457223111981
2024-12-09 06:30:00,11.83994825,2.4342899166666663,15.517625,3.677676605041503
2024-12-09 07:00:00,7.4328666,-7.764587266666666,8.326707,0.8938402862915042
2024-12-09 07:30:00,8.631126666666667,-22.877549466666665,-0.7809288,-9.412055457235972
2024-12-09 08:00:00,0.6094216500000004,-45.667965,-13.498839,-14.108261028356933
2024-12-09 08:30:00,-13.189979533333334,-68.43298231666667,-29.389572,-16.19959261022135
2024-12-09 09:00:00,-27.49472383333333,-79.55051265,-45.73004,-18.23531767057292
2024-12-09 09:30:00,-38.42829161666667,-94.23236885,-61.082764,-22.65447205520833
2024-12-09 10:00:00,-50.01521614999999,-100.84254566666668,-74.966125,-24.950909338281257
2024-12-09 10:30:00,-40.5390561,-126.98322958333334,-87.97519,-47.43613310898437
2024-12-09 11:00:00,-51.27117616666666,-146.53763335,-99.81433,-48.54315488802084
2024-12-09 11:30:00,-78.98899448333333,-157.85783606666666,-110.573814,-31.584819908756515
2024-12-09 12:00:00,-110.04720006666666,-159.87802875,-118.31513,-8.26793207444662
2024-12-09 12:30:00,-120.7867532,-166.40079786666666,-121.10538,-0.3186239972656182
2024-12-09 13:00:00,-112.83853275,-144.86038775,-117.08731,-4.248778041015626
2024-12-09 13:30:00,-113.17738676666666,-137.39328451666668,-111.59233,1.58505583404947
2024-12-09 14:00:00,-118.441149,-136.37810393333334,-103.77484,14.666307691406246
2024-12-09 14:30:00,-113.0215645,-127.52385673333332,-92.3631,20.658466355468747
2024-12-09 15:00:00,-95.62495345,-114.54929725,-78.26882,17.356131733691413
2024-12-09 15:30:00,-88.5608694,-89.1910411,-64.787674,23.77319544980469
2024-12-09 16:00:00,-80.87738555,-79.07445396666667,-48.553055,32.32433074042969
2024-12-09 16:30:00,-63.2133589,-59.78113616666667,-34.371933,28.841425916601565
2024-12-09 17:00:00,-42.97722145,-36.575250016666665,-22.204697,20.772524794726564
2024-12-09 17:30:00,-23.28637541666667,-16.39572885,-9.737319,13.549056424051923
2024-12-09 18:00:00,-8.120980516666666,-7.457957783333334,2.6734626,10.794443145984904
2024-12-09 18:30:00,0.0100667666666664,0.9347862166666668,11.927918,11.9178516674764
2024-12-09 19:00:00,5.449767166666667,7.1290227166666655,17.227676,11.777909224934895
2024-12-09 19:30:00,7.086935533333334,7.001075933333333,20.946869,13.85993336315104
2024-12-09 20:00:00,11.59998885,8.640706133333333,22.195694,10.595705119726562
2024-12-09 20:30:00,13.177150633333332,14.459594633333332,24.56459,11.38743982076823
2024-12-09 21:00:00,16.74424551666667,21.97880338333333,25.532104,8.78785897552083
2024-12-09 21:30:00,18.623251566666667,18.93153445,25.583511,6.960259785872395
2024-12-09 22:00:00,17.779443916666665,18.38233,23.444092,5.664647880208335
2024-12-09 22:30:00,18.27449925,14.563132766666667,20.907104,2.6326052421874984
2024-12-09 23:00:00,17.787118216666666,17.93568276666667,19.347275,1.5601565636067711
